1.813850007592295310e-01 1.502168463351801209e-01 -3.555321073532105025e-01 2.290640211422555750e-01 -7.155665048576681508e-02 -3.879359245300293413e-01 -2.562431182356123549e-01 9.996779823745879923e-02 -3.637317323684692849e-01 -2.342271967456398818e-01 -9.187578992466448324e-02 -3.820291042327881303e-01
1.813850007592295310e-01 1.502168463351801209e-01 -3.555321073532105025e-01 2.290640211422555750e-01 -7.155665048576681508e-02 -3.879359245300293413e-01 -2.562431182356123549e-01 9.996779823745879923e-02 -3.637317323684692849e-01 -2.342271967456398818e-01 -9.187578992466448324e-02 -3.820291042327881303e-01
1.727947800258980426e-01 1.245892699872508114e-01 -3.622948598861693847e-01 2.411586296845664168e-01 -9.442234389737050315e-02 -3.820443058013915927e-01 -2.608718403901153504e-01 4.884226155649654816e-02 -3.699918365478517823e-01 -2.193358695250192947e-01 -1.534063638612842562e-01 -3.751831150054935060e-01
1.726618270098037311e-01 1.250015517701868473e-01 -3.622488021850585049e-01 2.409917644427691796e-01 -9.404662106842162639e-02 -3.820928335189818226e-01 -2.609099479373803709e-01 5.039891785149347436e-02 -3.699280071258544966e-01 -2.195878414782192756e-01 -1.535673871093594378e-01 -3.751338863372802868e-01
1.725587606715714706e-01 1.254408886843662585e-01 -3.622051286697388073e-01 2.408261853524269469e-01 -9.365554283013374781e-02 -3.821442985534668768e-01 -2.609294580638052419e-01 5.169752772831106430e-02 -3.698679828643799405e-01 -2.197997784307360591e-01 -1.536074954426933370e-01 -3.751058578491211493e-01
1.724637872419542139e-01 1.259086788926312150e-01 -3.621686697006226696e-01 2.406454978173072912e-01 -9.323650488873605480e-02 -3.822055053710938788e-01 -2.609374472408118595e-01 5.284759240602648900e-02 -3.698164987564088180e-01 -2.199982442802527194e-01 -1.535729345635842569e-01 -3.750909805297852895e-01
1.723739258854484480e-01 1.264145520183255766e-01 -3.621392917633057817e-01 2.404740469451954465e-01 -9.279465479034157416e-02 -3.822754001617432729e-01 -2.609349541305840403e-01 5.379849463288498973e-02 -3.697859525680544102e-01 -2.201797031434041541e-01 -1.534588647662886163e-01 -3.750994062423709252e-01
1.722953334966653427e-01 1.269290379532816426e-01 -3.621244382858276878e-01 2.402867451962555356e-01 -9.233391345285577034e-02 -3.823576784133911888e-01 -2.609595511944928781e-01 5.445187522329054952e-02 -3.697745943069458696e-01 -2.203277844008706410e-01 -1.532276921610299936e-01 -3.751315641403198953e-01
1.722383908328569135e-01 1.274809728213650017e-01 -3.621197700500489169e-01 2.401261796755918831e-01 -9.184329541267736985e-02 -3.824481773376465776e-01 -2.609779355321201200e-01 5.472441401858699206e-02 -3.698097276687623003e-01 -2.204131182741694006e-01 -1.528578671790673249e-01 -3.752094602584839511e-01
1.722128068872034456e-01 1.280669605809532097e-01 -3.621343994140625577e-01 2.399788114117404614e-01 -9.132392795781346662e-02 -3.825518798828125844e-01 -2.610073442011299205e-01 5.451805844959534131e-02 -3.698680305480958053e-01 -2.204390813498134094e-01 -1.523261205697124254e-01 -3.753136348724365745e-01
1.721961427258718036e-01 1.287121027697234743e-01 -3.621576213836670277e-01 2.398557541199585197e-01 -9.076039290093820822e-02 -3.826569604873657493e-01 -2.610448436499798186e-01 5.370992683079088559e-02 -3.699546861648559948e-01 -2.203847057038916257e-01 -1.515661480201299094e-01 -3.754562330245971857e-01
1.721762059178520432e-01 1.293923431099298083e-01 -3.621929502487183372e-01 2.397164521022812633e-01 -9.015809433025062658e-02 -3.827635383605957897e-01 -2.610803061100668288e-01 5.238746188579522511e-02 -3.700324249267577525e-01 -2.202997261566647658e-01 -1.506206676603574490e-01 -3.756011962890624667e-01
1.721413873352073964e-01 1.301286852235976621e-01 -3.622413539886474299e-01 2.395748163538463649e-01 -8.951098502803048196e-02 -3.828647422790527055e-01 -2.610994160248532037e-01 5.061337721127165401e-02 -3.700988292694091797e-01 -2.201833068304989149e-01 -1.494995522739799299e-01 -3.757508945465087846e-01
1.720835998034175029e-01 1.308955866711909166e-01 -3.622810792922974699e-01 2.394156309550559136e-01 -8.883151903247514525e-02 -3.829544830322266225e-01 -2.610837964748821127e-01 4.863744943295149337e-02 -3.701314926147462048e-01 -2.200689612737430634e-01 -1.482763294719567915e-01 -3.758799552917481135e-01
1.720038259437317585e-01 1.316626115278505538e-01 -3.623001241683960760e-01 2.392352066102234054e-01 -8.812756001109475767e-02 -3.830255126953125422e-01 -2.610203414434901781e-01 4.655792059438104008e-02 -3.701194858551026257e-01 -2.199731309098695853e-01 -1.470030808974845393e-01 -3.759789371490478982e-01
1.718724716071293179e-01 1.324732291052559963e-01 -3.623106145858766003e-01 2.390230394381860912e-01 -8.739375304242232023e-02 -3.830805253982545455e-01 -2.609271307096937553e-01 4.442031730826977165e-02 -3.700467538833618342e-01 -2.199128852852593741e-01 -1.456722941700895613e-01 -3.760331344604492254e-01
1.717228031374004316e-01 1.332666014511400265e-01 -3.623167037963866965e-01 2.387810169051253761e-01 -8.666271717634951854e-02 -3.831201696395873935e-01 -2.612512516534736817e-01 4.538097579735451970e-02 -3.699352693557738103e-01 -2.198996427543078447e-01 -1.443624666817469593e-01 -3.760565471649168767e-01
1.715149926663314950e-01 1.340670534028616800e-01 -3.623131465911865745e-01 2.385030720439309804e-01 -8.593024034854049309e-02 -3.831425905227661688e-01 -2.616322389980798580e-01 4.661435216664295417e-02 -3.697975540161133612e-01 -2.199382872039994385e-01 -1.431228564685688154e-01 -3.760504961013794722e-01
1.712532877075078341e-01 1.348534830179660970e-01 -3.622988986968994074e-01 2.381899816506219958e-01 -8.519771235809403542e-02 -3.831535959243774214e-01 -2.620064074261182485e-01 4.772758647027804807e-02 -3.696467256546020486e-01 -2.200518173820402990e-01 -1.420081995171951772e-01 -3.760184192657470281e-01
1.709593711689101903e-01 1.356730322241282150e-01 -3.622798395156859308e-01 2.378744238005552902e-01 -8.444085874626128252e-02 -3.831600284576415216e-01 -2.623628387102783788e-01 4.873099200349875759e-02 -3.695094394683837158e-01 -2.201963515463766785e-01 -1.409799592552143932e-01 -3.759742975234984241e-01
1.706516238364996496e-01 1.365284434547934522e-01 -3.622078847885131792e-01 2.375707178480256643e-01 -8.364305547671943564e-02 -3.831156110763550005e-01 -2.626878543672178101e-01 4.963862244604138468e-02 -3.693707561492919900e-01 -2.203593920551144836e-01 -1.400751840881624966e-01 -3.758937501907348988e-01
1.703455519364798221e-01 1.373812313637354510e-01 -3.622129106521607134e-01 2.372814167430398191e-01 -8.284810453895050109e-02 -3.831477403640747847e-01 -2.629394676430398259e-01 5.032250812001965584e-02 -3.693571853637694913e-01 -2.205619599902592376e-01 -1.393961406110526824e-01 -3.758984136581420832e-01
1.700359176166481856e-01 1.382429425460413308e-01 -3.622362232208252153e-01 2.370370964321952545e-01 -8.205060142123599132e-02 -3.832038307189941650e-01 -2.630958651971230244e-01 5.076080161600957791e-02 -3.694306468963623469e-01 -2.207851472036337359e-01 -1.389792691962936089e-01 -3.759403657913208407e-01
1.697305264251860180e-01 1.390985399600468408e-01 -3.622942876815795077e-01 2.368107009802042917e-01 -8.124691722894943069e-02 -3.832997512817381547e-01 -2.631952640923705400e-01 5.102836910249360092e-02 -3.695887613296509056e-01 -2.210363726641455251e-01 -1.387361636818460753e-01 -3.760330057144165017e-01
1.694107822080171966e-01 1.399561335769461679e-01 -3.623449420928954723e-01 2.365948520511952091e-01 -8.043771319849545021e-02 -3.833944225311278764e-01 -2.632468082093142314e-01 5.115523477664937063e-02 -3.697825813293455499e-01 -2.213181697757828637e-01 -1.386375646167867792e-01 -3.761363697052000354e-01
1.690962480140685287e-01 1.408167739362638504e-01 -3.623925065994262340e-01 2.363946547212824045e-01 -7.962594758169516673e-02 -3.834881639480590687e-01 -2.632761791584619648e-01 5.118824407771453699e-02 -3.699956369400024259e-01 -2.216152021349080126e-01 -1.386294456255733887e-01 -3.762470817565917725e-01
1.687760457039890194e-01 1.416826511522995546e-01 -3.624447727203370939e-01 2.362102911389194204e-01 -7.880823134779102457e-02 -3.835865545272830190e-01 -2.632925804046846174e-01 5.115666345080483596e-02 -3.702216005325318360e-01 -2.219344149769611751e-01 -1.386675198846436252e-01 -3.763663482666016469e-01
1.684699633275032471e-01 1.425440658222487389e-01 -3.624981784820557329e-01 2.360398937873320613e-01 -7.798426391539434177e-02 -3.836781501770020197e-01 -2.632954782878211830e-01 5.111659595671103756e-02 -3.704586505889893022e-01 -2.222438875773484201e-01 -1.387057837776382863e-01 -3.764968109130860108e-01
1.681676727628965140e-01 1.434070876399929084e-01 -3.625540781021118764e-01 2.358733342710336023e-01 -7.714998987690119270e-02 -3.837638616561890315e-01 -2.632790749794819418e-01 5.101970180143615419e-02 -3.706860876083373224e-01 -2.225735750897354093e-01 -1.387916746589760164e-01 -3.766227340698241610e-01
1.678496013886066340e-01 1.442605076318841661e-01 -3.626026010513305753e-01 2.357062816293423180e-01 -7.632155847218166644e-02 -3.838339662551880083e-01 -2.632452908909735934e-01 5.085681590929444496e-02 -3.708928108215331920e-01 -2.229324343375319595e-01 -1.389359632086392127e-01 -3.767278051376342640e-01
1.675356992383942867e-01 1.451154448022991539e-01 -3.626417207717895774e-01 2.355331555381201536e-01 -7.548832309642609928e-02 -3.838907289505005260e-01 -2.634685035226053684e-01 5.319493175566429588e-02 -3.710634088516235884e-01 -2.233160923358930294e-01 -1.390984333078572610e-01 -3.768078184127808261e-01
1.672039489615075591e-01 1.459851295447945341e-01 -3.626721763610840088e-01 2.353487579766171400e-01 -7.464074349377555762e-02 -3.839281368255615945e-01 -2.636463263827337755e-01 5.583129644996846774e-02 -3.711615705490112771e-01 -2.237199895205177480e-01 -1.392706280205794900e-01 -3.768500471115112660e-01
1.668561752808623011e-01 1.468594382188117553e-01 -3.626941204071044145e-01 2.351495800515681078e-01 -7.377107135300270402e-02 -3.839507627487181995e-01 -2.637629885829557153e-01 5.853430176306077121e-02 -3.711919784545898993e-01 -2.241674920791875414e-01 -1.394290887555595937e-01 -3.768584299087524569e-01
1.664835047084662623e-01 1.477489591364493926e-01 -3.627092981338500555e-01 2.349367815027688378e-01 -7.287910745335948737e-02 -3.839644432067870761e-01 -2.638278338876771101e-01 6.124012157582653382e-02 -3.711812639236450884e-01 -2.246304302949853060e-01 -1.395724907316538421e-01 -3.768474817276001865e-01
1.661264853223779481e-01 1.486425817441450747e-01 -3.627141618728637606e-01 2.347421091994962294e-01 -7.197612722551174902e-02 -3.839633750915527055e-01 -2.638332830464366618e-01 6.392447836553420693e-02 -3.711314725875853315e-01 -2.251061501867287762e-01 -1.396902702516149009e-01 -3.768179178237913707e-01
1.657556263850122058e-01 1.495498754193399782e-01 -3.627100181579589466e-01 2.345476903675036418e-01 -7.105362238510429251e-02 -3.839541292190551403e-01 -2.637859285168476231e-01 6.655559217991946497e-02 -3.710467529296873623e-01 -2.255917117004990757e-01 -1.397675585380385166e-01 -3.767725181579588689e-01
1.653874918214196521e-01 1.504657161996652559e-01 -3.627039861679076105e-01 2.343516265151538436e-01 -7.012364201539017516e-02 -3.839400577545165061e-01 -2.637279871708443912e-01 6.870763388824710494e-02 -3.709424209594725519e-01 -2.260265036266818628e-01 -1.396892771103358522e-01 -3.767246437072753196e-01
1.650580643521936675e-01 1.513789062603246027e-01 -3.626923418045044367e-01 2.341934909953700406e-01 -6.919708382890049636e-02 -3.839172887802124734e-01 -2.636507701016737593e-01 7.061056653765182545e-02 -3.708330726623534357e-01 -2.264179540638452393e-01 -1.395381876245648800e-01 -3.766781997680663796e-01
1.647406189833043044e-01 1.522748477797872813e-01 -3.626757574081421742e-01 2.340654741654997206e-01 -6.828752506146382184e-02 -3.838885116577148704e-01 -2.635485021225028590e-01 7.232309478976345352e-02 -3.707186079025269199e-01 -2.267742774894093982e-01 -1.393287156523402570e-01 -3.766281032562256437e-01
1.644366318092229384e-01 1.531536234140645214e-01 -3.626576614379882768e-01 2.339611204726901039e-01 -6.739125352520647372e-02 -3.838551664352417014e-01 -2.634578753938579543e-01 7.378729796133406960e-02 -3.706195306777955722e-01 -2.270880631062168198e-01 -1.390704214147069906e-01 -3.765918684005738482e-01
1.641563413551409001e-01 1.540290437367787812e-01 -3.626374816894533115e-01 2.338837669342523906e-01 -6.649719342243307074e-02 -3.838194942474366655e-01 -2.633861645604045343e-01 7.497857888097607393e-02 -3.705374336242677202e-01 -2.273516828299954884e-01 -1.387222778578130478e-01 -3.765615034103395042e-01
1.639245216879077760e-01 1.549031097107467780e-01 -3.626166725158691539e-01 2.338569085816923354e-01 -6.560362192466709375e-02 -3.837833213806152166e-01 -2.633470888503680607e-01 7.572418048292847703e-02 -3.704948425292968750e-01 -2.275244215968991734e-01 -1.382631123061528744e-01 -3.765578031539917325e-01
1.637229875806011925e-01 1.557608165262566458e-01 -3.626139545440673073e-01 2.338794704380411926e-01 -6.471280408687285490e-02 -3.837681341171264027e-01 -2.633651338975981360e-01 7.589449219132636537e-02 -3.705207681655884322e-01 -2.275928033264473238e-01 -1.376375784809221736e-01 -3.766171169281006259e-01
1.635837803487817654e-01 1.566191593041308949e-01 -3.626084756851195579e-01 2.339690842648903812e-01 -6.381899538623288237e-02 -3.837494325637816339e-01 -2.634677740564130843e-01 7.533582134772905115e-02 -3.706170463562009632e-01 -2.275194581745875189e-01 -1.368032538285952615e-01 -3.767241430282590731e-01
1.634358436151333582e-01 1.574715743094431963e-01 -3.625487232208251531e-01 2.340701849171148430e-01 -6.293417242750254381e-02 -3.836753702163696045e-01 -2.636402706916894934e-01 7.405948267858114553e-02 -3.706495809555055421e-01 -2.273422131880158126e-01 -1.357813557669374782e-01 -3.767810440063479316e-01
1.632837212363869028e-01 1.583170797214573378e-01 -3.624605560302734952e-01 2.341755744163511732e-01 -6.205147981185087785e-02 -3.835601091384888139e-01 -2.638322727735545881e-01 7.229032979482695465e-02 -3.706123447418213646e-01 -2.271081148514651760e-01 -1.346120924099922511e-01 -3.767884111404419256e-01
1.631418507409655716e-01 1.591528121237902049e-01 -3.623543548583985086e-01 2.342917805280577970e-01 -6.118047508434969889e-02 -3.834135055541992854e-01 -2.639997494576314940e-01 7.024565188007314553e-02 -3.705375957489014382e-01 -2.268333804779338880e-01 -1.333694197623908617e-01 -3.767710828781128396e-01
1.629775359771841736e-01 1.599564094401732250e-01 -3.622366523742677202e-01 2.344139337945154167e-01 -6.033053714230331155e-02 -3.832475566864015359e-01 -2.641149442782995127e-01 6.814905425861768340e-02 -3.704060792922975187e-01 -2.265733205873665668e-01 -1.321323323157158336e-01 -3.767096519470216620e-01
1.628182152965063079e-01 1.607548159940103139e-01 -3.621072483062744429e-01 2.345430631765146323e-01 -5.950223701353972439e-02 -3.830598402023315252e-01 -2.641764054638436332e-01 6.574835204400839017e-02 -3.702238273620605535e-01 -2.262818405094964014e-01 -1.308215359692321000e-01 -3.766155385971069469e-01
1.626197726025480350e-01 1.615393460438281636e-01 -3.619674015045166726e-01 2.346636029385273658e-01 -5.867668172091976275e-02 -3.828660202026367698e-01 -2.641968089379443385e-01 6.314068084027896210e-02 -3.699900770187378729e-01 -2.260019095995627059e-01 -1.294571725735200185e-01 -3.764713716506958852e-01
1.623795188006249002e-01 1.623160695959198208e-01 -3.618187046051026812e-01 2.347671398547900856e-01 -5.784070089623440103e-02 -3.826743316650392801e-01 -2.641650400041470337e-01 6.091733098211836450e-02 -3.697248315811157426e-01 -2.258054418752755976e-01 -1.281914375038552822e-01 -3.762806320190429932e-01
1.621193253788217048e-01 1.631043682863793365e-01 -3.616513586044311501e-01 2.348678104383172816e-01 -5.699204240832138335e-02 -3.824772119522095171e-01 -2.643082581103824436e-01 6.203654128753720992e-02 -3.694383096694947577e-01 -2.256583553313071533e-01 -1.270728367542831583e-01 -3.760620260238650148e-01
1.618424097770354564e-01 1.639205147632191162e-01 -3.614707040786743208e-01 2.349630892162806739e-01 -5.611534147291399877e-02 -3.822822904586792303e-01 -2.644363955990218229e-01 6.312467753466512177e-02 -3.691379976272583519e-01 -2.255486349161968107e-01 -1.259998204783374098e-01 -3.758248424530029608e-01
1.615899950510867045e-01 1.647411052610104898e-01 -3.612690687179567206e-01 2.350771155573288806e-01 -5.523869322169319696e-02 -3.820765447616578658e-01 -2.645153179056105586e-01 6.410756708137818616e-02 -3.688641834259033803e-01 -2.254423173132217018e-01 -1.250055733305234229e-01 -3.755904006958008523e-01
1.613360132457650753e-01 1.655637848639445464e-01 -3.610593318939209206e-01 2.351889204764346930e-01 -5.436818658413600236e-02 -3.818741512298584606e-01 -2.645746595878921137e-01 6.495238359082075585e-02 -3.686218404769897039e-01 -2.253823737446314091e-01 -1.241443388979512341e-01 -3.753690910339354536e-01
1.610864926529319563e-01 1.663818922591989713e-01 -3.608411312103271817e-01 2.353056259834974684e-01 -5.349970900699640985e-02 -3.816719198226928844e-01 -2.645734326397403136e-01 6.561869934533161308e-02 -3.684275293350220415e-01 -2.253669377994901579e-01 -1.234508969473797069e-01 -3.751928186416626509e-01
1.608259028076269859e-01 1.671805265826757370e-01 -3.606225156784058083e-01 2.353948016887830175e-01 -5.264479912249782345e-02 -3.814713287353516113e-01 -2.645167935444189822e-01 6.609564556870323182e-02 -3.682265090942383190e-01 -2.253932088852136084e-01 -1.229187603897678727e-01 -3.750562524795532648e-01
1.605608712843977492e-01 1.679543888243532901e-01 -3.604037141799926736e-01 2.354820505599291292e-01 -5.182374276043294481e-02 -3.812708234786987282e-01 -2.644487317453146913e-01 6.644371676003604787e-02 -3.681152153015136985e-01 -2.254863311584335284e-01 -1.225492997992045918e-01 -3.749613952636718928e-01
1.602713018100949405e-01 1.687062099118194491e-01 -3.601798009872437811e-01 2.355590581728398414e-01 -5.103405915111522417e-02 -3.810671854019166416e-01 -2.643558028924003489e-01 6.665864555093661825e-02 -3.679958534240724832e-01 -2.256350501879539339e-01 -1.222968026395588742e-01 -3.748945426940920589e-01
1.599821250862304423e-01 1.694669794485339220e-01 -3.599171352386474343e-01 2.356473603552334262e-01 -5.023334184489115783e-02 -3.808346986770629883e-01 -2.642867199739727391e-01 6.680133811879526706e-02 -3.678036308288574197e-01 -2.258194155166059758e-01 -1.221544827069780126e-01 -3.748265552520751998e-01
1.596646346614866707e-01 1.702419283890398982e-01 -3.596120548248291082e-01 2.357124020519009155e-01 -4.939416388360270971e-02 -3.805719852447509988e-01 -2.642519239728228220e-01 6.698411887100955142e-02 -3.675130176544189609e-01 -2.260594845807527009e-01 -1.220804044233220198e-01 -3.747223854064941628e-01
1.593522668034454970e-01 1.710567517325840003e-01 -3.592693996429443537e-01 2.357854340775895341e-01 -4.851823966618699913e-02 -3.802742719650268888e-01 -2.642376251133401466e-01 6.725319193506910931e-02 -3.671502065658569514e-01 -2.263085853499600397e-01 -1.220606175573375335e-01 -3.745751333236694292e-01
1.590013575555847547e-01 1.719187630262176136e-01 -3.588863325119019398e-01 2.358071039896482701e-01 -4.761924721172809682e-02 -3.799324941635132680e-01 -2.642613831614069042e-01 6.724885293918669849e-02 -3.667993402481080079e-01 -2.266442104252248124e-01 -1.221913712001466423e-01 -3.743458652496338690e-01
1.585790562489708955e-01 1.728114560383881004e-01 -3.584676074981688609e-01 2.357470705211859585e-01 -4.670968452699279794e-02 -3.795502996444701238e-01 -2.643248549578368634e-01 6.690875790340691798e-02 -3.665433835983275546e-01 -2.270760709134462263e-01 -1.224552441806237013e-01 -3.740434932708739391e-01
1.580325324118409813e-01 1.737318903436267381e-01 -3.580511140823364746e-01 2.355652093714587225e-01 -4.578855876398915670e-02 -3.791642236709595326e-01 -2.645991643630646872e-01 6.898342035907933933e-02 -3.663697481155397395e-01 -2.276168970157321225e-01 -1.227578160267854268e-01 -3.736799669265749024e-01
1.574219220924240048e-01 1.746674174216523157e-01 -3.576608800888061990e-01 2.352978619976646146e-01 -4.487219341297397912e-02 -3.787822818756103604e-01 -2.648871442613689453e-01 7.219348599421165913e-02 -3.663228607177734797e-01 -2.282656675135562863e-01 -1.231761544371861861e-01 -3.732748842239380083e-01
1.567388749532760139e-01 1.756265693418564977e-01 -3.573088312149047541e-01 2.349746310405402550e-01 -4.396627982522646749e-02 -3.784250879287719416e-01 -2.650571518168428065e-01 7.549712444375557274e-02 -3.662876462936401900e-01 -2.289618179122948627e-01 -1.236184987963099280e-01 -3.728418588638306441e-01
1.558949005263006449e-01 1.765897425231422457e-01 -3.570371198654175293e-01 2.345418006374958841e-01 -4.304793295283826371e-02 -3.781522178649902588e-01 -2.650201424939841455e-01 7.859379186223372504e-02 -3.661521863937378107e-01 -2.297325240412730063e-01 -1.240259568926902201e-01 -3.724202632904052845e-01
1.549428529836367752e-01 1.775204956320850513e-01 -3.568396854400633922e-01 2.340173563839469950e-01 -4.213307636700024117e-02 -3.779548454284666903e-01 -2.648444709689961041e-01 8.114049191057118304e-02 -3.659720754623413397e-01 -2.305029859829635930e-01 -1.242965081772861025e-01 -3.720471334457398083e-01
1.536899892469288376e-01 1.784029098847966788e-01 -3.567124414443971214e-01 2.333344052852392991e-01 -4.123575824739490747e-02 -3.778462553024294346e-01 -2.652038511449257840e-01 8.323630690927170950e-02 -3.659895372390747359e-01 -2.313502127954946419e-01 -1.244880201282870802e-01 -3.717751932144165439e-01
1.522463125029282494e-01 1.792136325937256081e-01 -3.566764926910399591e-01 2.325746826757315311e-01 -4.038910164843133310e-02 -3.778171157836913707e-01 -2.662273720128317533e-01 8.498828187319111549e-02 -3.661418151855470593e-01 -2.322368710222618426e-01 -1.246413332661394924e-01 -3.716663885116578969e-01
1.508237023772389662e-01 1.799824361173182341e-01 -3.567924642562866344e-01 2.317304455985765288e-01 -3.963531887063095893e-02 -3.779199409484863548e-01 -2.675021249385380329e-01 8.620773551195858031e-02 -3.662731981277467241e-01 -2.331722871099903005e-01 -1.246949367719979024e-01 -3.718173265457154764e-01
1.495844149790055977e-01 1.807272788765320604e-01 -3.570312833786009610e-01 2.306987123648693849e-01 -3.898244486987627322e-02 -3.781289148330687078e-01 -2.686138064013235405e-01 8.681716391696815693e-02 -3.661771249771118009e-01 -2.342556524139046692e-01 -1.246090529495647581e-01 -3.721826744079589910e-01
1.488169388813531668e-01 1.814215470682368214e-01 -3.573776006698607954e-01 2.294962048601886795e-01 -3.851113326773575318e-02 -3.784374094009398948e-01 -2.690563387688967301e-01 8.690365798150702370e-02 -3.657089710235596480e-01 -2.354799953433126813e-01 -1.244305000650680199e-01 -3.727563858032227340e-01
1.486755312592476230e-01 1.820892840316042927e-01 -3.576977014541625755e-01 2.280243062371176133e-01 -3.822777238879103423e-02 -3.787140274047851585e-01 -2.684163743396087987e-01 8.648210128205896519e-02 -3.645941495895385631e-01 -2.368733343373097544e-01 -1.241678976601293394e-01 -3.733969545364380083e-01
1.483917991589685514e-01 1.829147042744431739e-01 -3.577640199661255571e-01 2.263768965098476305e-01 -3.802441300018827297e-02 -3.787386846542358798e-01 -2.662830419100088442e-01 8.504273279846120970e-02 -3.621260261535643732e-01 -2.382726532888135851e-01 -1.235918309366595413e-01 -3.737670660018920232e-01
1.471592075274919253e-01 1.838340270968881196e-01 -3.574512100219727206e-01 2.246010900657221532e-01 -3.804001215154215187e-02 -3.784404087066650657e-01 -2.620518077299323623e-01 8.230243439034821973e-02 -3.568918037414550160e-01 -2.395927069641162199e-01 -1.226472582914249487e-01 -3.735919952392577348e-01
1.453180508256952663e-01 1.846852770662323062e-01 -3.568025207519531783e-01 2.226624081392603871e-01 -3.836017908177252744e-02 -3.779068517684937012e-01 -2.536295939527196119e-01 7.917974342786633646e-02 -3.496284484863280695e-01 -2.409862480285032416e-01 -1.216026403766797409e-01 -3.730354452133178289e-01
1.433576936824133008e-01 1.854323576767105131e-01 -3.558452510833740590e-01 2.204358700155255313e-01 -3.882043764641676664e-02 -3.771036434173584140e-01 -2.425255235884638538e-01 8.508804095356968522e-02 -3.445644044876098877e-01 -2.425103435150620379e-01 -1.206477993657712883e-01 -3.721229362487792902e-01
1.416851706830867808e-01 1.858201669477508589e-01 -3.545531845092774192e-01 2.177599529257398248e-01 -3.945947495534613686e-02 -3.759911727905274059e-01 -2.270354417320278317e-01 9.363099831668746098e-02 -3.404000234603882236e-01 -2.442714501107733083e-01 -1.196535769658362558e-01 -3.708406448364258701e-01
1.408891532536120650e-01 1.865759218852413026e-01 -3.527998828887939364e-01 2.147528949187908487e-01 -4.038976456345570731e-02 -3.744420623779296520e-01 -2.078254020408282776e-01 1.028957140747600585e-01 -3.366106081008909956e-01 -2.462748444050941454e-01 -1.187137885536416471e-01 -3.689950323104856933e-01
1.414791453446420932e-01 1.875294835459347109e-01 -3.506305360794067516e-01 2.113667052048892048e-01 -4.155844314547898349e-02 -3.723980188369751532e-01 -1.986241028431895428e-01 1.129701796924243024e-01 -3.393380022048950728e-01 -2.486006327448263553e-01 -1.177705328114908578e-01 -3.666451454162598100e-01
1.439420683632149089e-01 1.880606414601936616e-01 -3.479701852798462447e-01 2.075585633280337960e-01 -4.293969922505343206e-02 -3.699039554595947576e-01 -1.946655433299602500e-01 1.198948488952319424e-01 -3.429598426818846746e-01 -2.513869922978402283e-01 -1.168155625035979250e-01 -3.641086673736571577e-01
1.489788027058221997e-01 1.877888864275860659e-01 -3.440092086791993187e-01 2.031718120190727228e-01 -4.463254499189572844e-02 -3.669991588592529941e-01 -1.968072657756020361e-01 1.226153095474123988e-01 -3.450413942337038353e-01 -2.547195646288475945e-01 -1.156223119132553379e-01 -3.615014553070070580e-01
1.593475165532357296e-01 1.847536885213566793e-01 -3.333186101913451216e-01 1.979851848857341057e-01 -4.667917300407604941e-02 -3.636260890960692493e-01 -2.059983467988260875e-01 1.248280450716003770e-01 -3.456160497665404230e-01 -2.587379973249696041e-01 -1.148162690039579575e-01 -3.586386871337889914e-01
1.749019156523880236e-01 1.782183665190046618e-01 -3.207130670547485018e-01 1.919327390361932617e-01 -4.894455982328724253e-02 -3.601098871231078746e-01 -2.135159492239624146e-01 1.253614236619183253e-01 -3.432435846328735218e-01 -2.632871110839059003e-01 -1.154427521200638851e-01 -3.555128145217895108e-01
1.990295599267860038e-01 1.678051784466584317e-01 -3.086310195922852273e-01 1.847739370836541106e-01 -5.134778437401502776e-02 -3.568819665908813943e-01 -2.196829810237907188e-01 1.252192712096565352e-01 -3.412449741363525746e-01 -2.689921160080644968e-01 -1.192199701161987119e-01 -3.526685523986816673e-01
2.304577382284512810e-01 1.514469956353289293e-01 -2.982954311370851208e-01 1.763055598259256063e-01 -5.383499473826673654e-02 -3.542712974548340998e-01 -2.262018234404907790e-01 1.244286716401259985e-01 -3.399434375762940830e-01 -2.756371917185995724e-01 -1.218208035253059568e-01 -3.494795846939088291e-01
2.652319058923687800e-01 1.287855917112770421e-01 -2.910855102539061656e-01 1.671910474632047894e-01 -5.751127439182328327e-02 -3.523415231704711270e-01 -2.336783845418828331e-01 1.232944075188601857e-01 -3.388831806182862061e-01 -2.809880270849736128e-01 -1.239644990265892643e-01 -3.449426889419556219e-01
3.028231400417710217e-01 1.154503294222719301e-01 -2.874812889099119806e-01 1.563378654336280149e-01 -6.250198138287568761e-02 -3.513113737106322021e-01 -2.416342909586733090e-01 1.220534822536538666e-01 -3.382744216918945335e-01 -2.852500539751964825e-01 -1.249675510135346418e-01 -3.398412036895752109e-01
3.408627658020860207e-01 1.115395284236758433e-01 -2.875194740295410334e-01 1.436273527579728371e-01 -6.718586960646058537e-02 -3.511843919754028542e-01 -2.501509028176124305e-01 1.207976935915552885e-01 -3.385924053192137517e-01 -2.876524343806785011e-01 -1.238446594146082602e-01 -3.341210889816282892e-01
3.789383485180969902e-01 1.064141770369672058e-01 -2.899164581298828702e-01 1.291263840066197155e-01 -7.125566609978674359e-02 -3.510928344726563233e-01 -2.592795012586469605e-01 1.199657032359845860e-01 -3.392278146743775147e-01 -2.847078573024549586e-01 -1.220708951889035443e-01 -3.266959762573242720e-01
4.142072799080889212e-01 1.008212513144639833e-01 -2.941793823242187522e-01 1.141028295079525717e-01 -7.439191319709070882e-02 -3.514983749389648526e-01 -2.689165076413111422e-01 1.195437187482093211e-01 -3.404743766784668058e-01 -2.724925073676279785e-01 -1.227193646972498664e-01 -3.196393346786499112e-01
4.399311089825256316e-01 9.654420466709608128e-02 -3.005960893630981734e-01 1.002380144910081233e-01 -7.629937763773066151e-02 -3.522612094879150613e-01 -2.790091173709469130e-01 1.197308854132256989e-01 -3.423137187957763783e-01 -2.480319911193666904e-01 -1.226941710876612024e-01 -3.143193769454956099e-01
4.513709364387133993e-01 9.309022430456527497e-02 -3.104024076461791015e-01 8.587368543739867799e-02 -7.754940434362511681e-02 -3.526285600662230069e-01 -2.896660517048453842e-01 1.203553280587289082e-01 -3.441447782516479648e-01 -2.160265779757375437e-01 -1.214989930661349998e-01 -3.129536724090576372e-01
4.510070023911007531e-01 9.037505668978061679e-02 -3.230768060684205412e-01 7.182006817335237492e-02 -7.837227230069415684e-02 -3.520197963714600808e-01 -3.006788588058263989e-01 1.210351184139555475e-01 -3.454223775863649037e-01 -1.801494059704667194e-01 -1.192917106615249967e-01 -3.172169733047486839e-01
4.409572635013830899e-01 8.842201555819907688e-02 -3.349542903900146196e-01 5.960645995872314307e-02 -7.887805809773705545e-02 -3.501490402221679732e-01 -3.120301900000800321e-01 1.212412151915709252e-01 -3.458823585510253928e-01 -1.431914646463190721e-01 -1.156393691939189283e-01 -3.214598989486694425e-01
4.241201430158494934e-01 8.762932209285878571e-02 -3.429144239425659935e-01 5.035159300781128638e-02 -7.910867613604825876e-02 -3.475105094909668457e-01 -3.241349332229723768e-01 1.209613445969093259e-01 -3.453963518142700861e-01 -1.098829400860047018e-01 -1.100495671515132889e-01 -3.237112498283387096e-01
4.060752814948550005e-01 8.773459277424006109e-02 -3.460571098327636652e-01 4.366743404852829746e-02 -7.918426899483303749e-02 -3.412454938888549449e-01 -3.365005049866582332e-01 1.207937573571061518e-01 -3.441021919250488170e-01 -8.507573897389830719e-02 -1.033434130012721719e-01 -3.243828368186950639e-01
3.871543410447768618e-01 8.890852791683027945e-02 -3.458703851699829190e-01 4.714565376572529137e-02 -7.893880810711630114e-02 -3.247242403030395352e-01 -3.482750469612777011e-01 1.213678918542276108e-01 -3.418578672409057773e-01 -7.699059744976477493e-02 -9.665076914332897118e-02 -3.260076880455016757e-01
3.675784099687252060e-01 9.068659376549999263e-02 -3.442107915878295787e-01 6.551621078316226254e-02 -7.813482684740220841e-02 -3.147998523712158270e-01 -3.600805270126547497e-01 1.351403285138199073e-01 -3.387671804428099565e-01 -8.362001919418121654e-02 -9.046871845937935752e-02 -3.273764538764952214e-01
3.477424722318835371e-01 9.342821430191240728e-02 -3.421520185470580122e-01 9.913554332036653149e-02 -7.624779019422685267e-02 -3.026114892959593794e-01 -3.718846246796708166e-01 1.515399333523834158e-01 -3.346703958511352828e-01 -9.833090738337216252e-02 -8.555782277309398332e-02 -3.258671092987061035e-01
3.277912794990321954e-01 9.640155230619561200e-02 -3.394858884811403077e-01 1.335421946997137066e-01 -7.345717184593242299e-02 -2.902332496643068027e-01 -3.815951313435407277e-01 1.656704620552528207e-01 -3.287477397918703304e-01 -1.152197101744487640e-01 -8.063996754203793527e-02 -3.234594821929933639e-01
3.078709045857843662e-01 9.936285163071106874e-02 -3.364425754547119007e-01 1.785353952552227175e-01 -6.901714942806383424e-02 -2.805588817596435525e-01 -3.877539870213264628e-01 1.769019462868703929e-01 -3.217096662521361505e-01 -1.301421904477877700e-01 -7.505323519569717661e-02 -3.206259346008299982e-01
2.876711996610947786e-01 1.021077419240135620e-01 -3.333191347122191894e-01 2.190696563893425042e-01 -6.357124423885820996e-02 -2.752353668212890181e-01 -3.910482013462373563e-01 1.825205662885088786e-01 -3.147567033767699751e-01 -1.442564040518923563e-01 -6.993813597798234638e-02 -3.200062823295592995e-01
2.678286744412373133e-01 1.039011653187089240e-01 -3.307929229736328303e-01 2.593997811305540635e-01 -6.246565745629656385e-02 -2.728449916839599809e-01 -3.879514951403860157e-01 1.862547441918756264e-01 -3.089965248107910400e-01 -1.588027182546172256e-01 -6.527383832368807703e-02 -3.196628141403198842e-01
2.488952409359783680e-01 1.042909253430890359e-01 -3.290706110000609641e-01 2.999407300653363917e-01 -6.831852181635386656e-02 -2.742886257171630593e-01 -3.761193464549636434e-01 1.875950036526577713e-01 -3.050862741470336537e-01 -1.736691375106917956e-01 -6.063699103567323639e-02 -3.201016592979430975e-01
2.306932832922145848e-01 1.035840232444144859e-01 -3.280661487579346614e-01 3.445734236425511687e-01 -7.719951834775319599e-02 -2.785300350189209850e-01 -3.561481863406146808e-01 1.856768170963208342e-01 -3.032484006881713823e-01 -1.886584754815218978e-01 -5.617283448838593374e-02 -3.214682197570800648e-01
2.131759323644021042e-01 1.019472589187916944e-01 -3.276927614212037376e-01 3.918932635526128361e-01 -9.198738383866131296e-02 -2.832799673080445002e-01 -3.306575859101496540e-01 1.809965839426204148e-01 -3.016376066207885898e-01 -2.035914633821532538e-01 -5.186625321412684231e-02 -3.235816192626952970e-01
1.963875313613244467e-01 9.961309928123189550e-02 -3.278435802459718218e-01 4.420415770735801608e-01 -1.288631810314872783e-01 -2.916337203979493253e-01 -3.022731728660210671e-01 1.741032404435262637e-01 -3.010731029510497203e-01 -2.185356341676149561e-01 -4.780582323054580890e-02 -3.263386845588683305e-01
1.800712703945487880e-01 9.702473738337928644e-02 -3.283569669723511164e-01 4.614710078711972141e-01 -1.541113371756056283e-01 -2.872468233108521063e-01 -2.717072864486996808e-01 1.658476243494297064e-01 -3.015326738357544389e-01 -2.338029779726122914e-01 -4.402407853416539368e-02 -3.298637914657593373e-01
1.637271122109236754e-01 9.429277649741787948e-02 -3.289905881881712846e-01 4.641471969198224801e-01 -1.800226665396719439e-01 -3.137367486953734352e-01 -2.401581460476183427e-01 1.566852248946338788e-01 -3.022494602203368297e-01 -2.492489798273488655e-01 -4.036506419560546843e-02 -3.337096309661864435e-01
1.477794130921047944e-01 9.161012330399899428e-02 -3.299455547332763583e-01 4.550302032807913011e-01 -1.981921165194151513e-01 -3.363000702857971147e-01 -2.070403031291380425e-01 1.528125495054654392e-01 -3.042546033859252486e-01 -2.645173860407530886e-01 -3.603652265385849651e-02 -3.370212173461913929e-01
1.333310960442197490e-01 8.909561424018921927e-02 -3.308323192596435702e-01 4.505063461593553087e-01 -1.966322200342000004e-01 -3.355153942108154430e-01 -1.750899242441952830e-01 1.498714311895751328e-01 -3.080567455291747248e-01 -2.790609185048923413e-01 -3.082814095934000020e-02 -3.392813110351561856e-01
1.209209564803079562e-01 8.688537545321937949e-02 -3.315611982345581521e-01 4.302396985544487684e-01 -1.964593607442963186e-01 -3.381861758232116988e-01 -1.432476045527965591e-01 1.457198525782642529e-01 -3.114942407608032870e-01 -2.935103420988472989e-01 -2.542353565976954166e-02 -3.410303115844727229e-01
1.110721564817186841e-01 8.489951281020877150e-02 -3.320432758331297585e-01 4.072526447562631047e-01 -1.920959105700372760e-01 -3.428283143043516779e-01 -1.129782584888420760e-01 1.427620586745900200e-01 -3.135490870475768910e-01 -3.080384641494058329e-01 -2.049787125456699333e-02 -3.427312183380126775e-01
1.031237204524785706e-01 8.552534711885292906e-02 -3.319619846343994651e-01 3.882662078911552905e-01 -1.826878149643299254e-01 -3.457916665077210294e-01 -8.885159969000970548e-02 1.383470855759504625e-01 -3.143181490898133146e-01 -3.222978126057816639e-01 -1.609925162712161351e-02 -3.439872074127197643e-01
9.768576416562349540e-02 8.762998658948031871e-02 -3.312653875350951571e-01 3.684967128862071117e-01 -1.779581579952072834e-01 -3.485907673835754172e-01 -7.068723388583633693e-02 1.344806127903040716e-01 -3.138843035697936878e-01 -3.361547426948625072e-01 -1.233595474957023541e-02 -3.447346687316893976e-01
9.629873397869022356e-02 8.863809430478515605e-02 -3.290267944335938388e-01 3.510041335613381941e-01 -1.748706414047637159e-01 -3.503734636306763406e-01 -6.079794049757916707e-02 1.289230235696156301e-01 -3.153221321105957875e-01 -3.496889701034564535e-01 -9.398275072060272017e-03 -3.451493358612061635e-01
9.997665676462041962e-02 8.619183472214411723e-02 -3.220711326599120516e-01 3.342951763139643817e-01 -1.726491468859824296e-01 -3.518356466293334206e-01 -5.932144606184525798e-02 1.218350750643722724e-01 -3.192452573776245472e-01 -3.622335020834220876e-01 -7.711824554807927834e-03 -3.456568431854248336e-01
1.112302733353535827e-01 8.114588785344800659e-02 -3.140535926818848189e-01 3.179686887658999539e-01 -1.707085813943568786e-01 -3.534466505050659624e-01 -6.298200765394892930e-02 1.178364848195814912e-01 -3.230019736289978516e-01 -3.747921678414698476e-01 -6.849597274408841807e-03 -3.461547660827637429e-01
1.331209842301413759e-01 7.733134726388286861e-02 -3.082337570190429310e-01 3.019607776640482188e-01 -1.687075127246037420e-01 -3.551030683517455988e-01 -7.058265725679888081e-02 1.185389043725337543e-01 -3.260284829139709073e-01 -3.878669007583406825e-01 -6.592001394276167381e-03 -3.464570426940917769e-01
1.605834193996849013e-01 7.402458079511758937e-02 -3.028684711456299805e-01 2.865283563996526284e-01 -1.667956182682398258e-01 -3.564831447601319314e-01 -8.119660841176774835e-02 1.209789161046412320e-01 -3.291616964340209894e-01 -4.004822107947038079e-01 -6.887574534356566414e-03 -3.458372974395751420e-01
1.926940076771410382e-01 7.208695001537311631e-02 -2.993824005126953236e-01 2.714007418553319173e-01 -1.652791911234849642e-01 -3.572771430015564409e-01 -9.412305678269147768e-02 1.224068831048931716e-01 -3.344399595260620361e-01 -4.117093582945633434e-01 -7.571275292015386404e-03 -3.439687395095825662e-01
2.276990631677917876e-01 6.986721547443329461e-02 -2.973850631713867432e-01 2.562311175580052058e-01 -1.649425565220436207e-01 -3.581024289131164440e-01 -1.081212162575524438e-01 1.232535419126994103e-01 -3.409099745750427402e-01 -4.205681471857534715e-01 -8.316355259124053045e-03 -3.416022920608520752e-01
2.635593095644853112e-01 6.731106039461509649e-02 -2.971719074249267178e-01 2.409777372562990350e-01 -1.643897859249642546e-01 -3.591308832168578768e-01 -1.210374554022869142e-01 1.239568268461950507e-01 -3.447897243499755682e-01 -4.260768117420310475e-01 -8.683044228212269400e-03 -3.390436315536498602e-01
2.998866352098445431e-01 6.352933425674267554e-02 -2.988314628601074219e-01 2.254398813656030565e-01 -1.636835358940233465e-01 -3.598813247680664462e-01 -1.322987166233396683e-01 1.247799067070957668e-01 -3.461813449859620362e-01 -4.277555530764839964e-01 -8.200992760610731347e-03 -3.367202997207642823e-01
3.365670502240993289e-01 5.910826530514270982e-02 -3.015060806274414418e-01 2.094374959628915456e-01 -1.633261842066894842e-01 -3.607869124412537154e-01 -1.439209367032665832e-01 1.254404466676940222e-01 -3.467328548431397039e-01 -4.248118111569077482e-01 -6.384191763415064669e-03 -3.347102737426758123e-01
3.727843846780901083e-01 5.462239425472250470e-02 -3.054464817047118363e-01 1.947787555062234777e-01 -1.622175501224922267e-01 -3.610977602005004394e-01 -1.556855097041430214e-01 1.261694845191514425e-01 -3.469904947280884056e-01 -4.157642118460449510e-01 -3.326103053086004735e-03 -3.333658361434936879e-01
4.053015588383012680e-01 5.057575627881733676e-02 -3.106797504425049539e-01 1.803171532146186917e-01 -1.607593764731476138e-01 -3.608009767532349144e-01 -1.671576011393798578e-01 1.272615378457788160e-01 -3.470349740982054954e-01 -4.004578271757456842e-01 4.323723357249759092e-04 -3.325889110565184992e-01
4.320941329767541417e-01 4.741234685267365495e-02 -3.162061882019043257e-01 1.662651889661884985e-01 -1.589754084132067313e-01 -3.608177804946899880e-01 -1.781374273554532373e-01 1.287469795742703649e-01 -3.469196271896362593e-01 -3.815486738425448165e-01 -1.199987183446656058e-02 -3.310855817794800537e-01
4.525154653894591372e-01 4.542756011261862154e-02 -3.210073757171629794e-01 1.526903631767431990e-01 -1.569003728267422682e-01 -3.609504508972167236e-01 -1.889160512637135525e-01 1.303372311485187784e-01 -3.470770835876464955e-01 -3.544584682528090780e-01 -2.432752076641343797e-02 -3.306750297546386941e-01
4.667339969327908844e-01 4.464123516776426909e-02 -3.260913848876954013e-01 1.391253994667109861e-01 -1.562378600325114164e-01 -3.610375022888184238e-01 -1.995070644359693834e-01 1.316671134574115554e-01 -3.473772048950196090e-01 -3.216648782522666949e-01 -3.534087160781874265e-02 -3.303358173370362083e-01
4.713602611493042382e-01 4.485747401597776213e-02 -3.321683597564697998e-01 1.255413845313193277e-01 -1.561708161824459928e-01 -3.612216424942016890e-01 -2.101734098227242831e-01 1.325992984329067981e-01 -3.478064918518066762e-01 -2.848838012582829426e-01 -4.465295148992792784e-02 -3.292920446395874445e-01
4.676206935594842129e-01 4.558769504653283067e-02 -3.382744455337524658e-01 1.114163030166358953e-01 -1.567423825847546470e-01 -3.614087629318237238e-01 -2.212584911317372061e-01 1.332265156218812585e-01 -3.483903121948242476e-01 -2.457929714743337379e-01 -5.263728171592638172e-02 -3.279952573776245273e-01
4.586442040717567670e-01 4.671103110093483002e-02 -3.427929544448853338e-01 9.679739796863720547e-02 -1.573903764972311159e-01 -3.611368036270142245e-01 -2.327079191485111886e-01 1.337344586647838118e-01 -3.489677190780640093e-01 -2.060692209048506918e-01 -5.914057020198753428e-02 -3.276462793350220504e-01
4.463869094520638292e-01 4.803321779364623512e-02 -3.461710691452025701e-01 8.203811115343116744e-02 -1.577452795716331180e-01 -3.604253911972045143e-01 -2.445454669305819617e-01 1.341139517328941988e-01 -3.495977020263671964e-01 -1.669458048285489826e-01 -6.448531078782358816e-02 -3.264480733871459872e-01
4.323408390657026423e-01 4.998248285994108531e-02 -3.488469409942626109e-01 6.769350499951973243e-02 -1.579623974687578980e-01 -3.594089555740355157e-01 -2.567447556578502654e-01 1.345477726632546556e-01 -3.503265142440796232e-01 -1.301389185513512070e-01 -6.892454644294411514e-02 -3.256572198867798140e-01
4.169248550028393230e-01 5.265652770236770031e-02 -3.511662387847901967e-01 5.402593711315237940e-02 -1.582360116051265142e-01 -3.578624725341798540e-01 -2.693511923876570902e-01 1.352089579908385963e-01 -3.512449741363525835e-01 -9.710875495526170853e-02 -7.247950839932781886e-02 -3.271262454986572643e-01
4.006230752694750485e-01 5.592366418360260327e-02 -3.529483222961425359e-01 4.284269677718455238e-02 -1.584162516646692720e-01 -3.548819684982299494e-01 -2.824391641362399286e-01 1.359370633513454218e-01 -3.519717407226563566e-01 -6.953371103672741083e-02 -7.503600888688861936e-02 -3.273755145072937967e-01
3.841103846280941037e-01 5.925679770910073640e-02 -3.540510225296020774e-01 5.079675339474098300e-02 -1.620197137672687859e-01 -3.498901081085205034e-01 -2.959595284516168823e-01 1.365090168999366360e-01 -3.522808599472045943e-01 -5.193578340606072596e-02 -7.647178575656207733e-02 -3.287064433097839355e-01
3.677398003961225292e-01 6.288159778420385204e-02 -3.543263244628905295e-01 6.281260764889300130e-02 -1.664414784330972563e-01 -3.444654846191405051e-01 -3.093693763910927985e-01 1.371592001012200968e-01 -3.518885469436645597e-01 -4.196612911505553933e-02 -7.726700595766017310e-02 -3.278929162025451816e-01
3.509666277653704647e-01 6.655579804648245612e-02 -3.539920711517333674e-01 7.929871425690328268e-02 -1.721828462872468657e-01 -3.406941652297973411e-01 -3.221486537509059001e-01 1.377447276206481275e-01 -3.508463096618653076e-01 -4.170313344379504572e-02 -7.736047742323552689e-02 -3.265985226631165084e-01
3.335996282795251067e-01 7.057371907537371425e-02 -3.530344963073730469e-01 1.000116261663341888e-01 -1.773409942216017943e-01 -3.363607215881347923e-01 -3.347392932169866997e-01 1.381235568938219416e-01 -3.491008186340330832e-01 -4.968524158166445076e-02 -7.682001629813002552e-02 -3.284798693656920121e-01
3.157000376740917158e-01 7.463891027106640819e-02 -3.516170310974121582e-01 1.269795215820372636e-01 -1.809294887625408632e-01 -3.294283676147461426e-01 -3.479348861462119302e-01 1.392578922581523548e-01 -3.467832708358764005e-01 -6.181645451688343867e-02 -7.594127325729566058e-02 -3.320791435241698952e-01
2.973498470553343487e-01 7.905999487692257077e-02 -3.500317764282228072e-01 1.617942237428262042e-01 -1.815591116057452825e-01 -3.182246875762940741e-01 -3.606323204511063252e-01 1.417993851707124164e-01 -3.437456512451171342e-01 -7.359318240371327813e-02 -7.498705942186630058e-02 -3.326816296577452814e-01
2.789745173438635817e-01 8.318763673948099957e-02 -3.482098436355590132e-01 1.917867573883814403e-01 -1.555576237344572232e-01 -2.780229091644286221e-01 -3.721963542041502038e-01 1.448201458914203932e-01 -3.399818325042723854e-01 -8.439687821095402664e-02 -7.386936802994731321e-02 -3.308391571044921320e-01
2.606680090426485297e-01 8.633111469164066187e-02 -3.468399238586425959e-01 2.103994760862591129e-01 -1.644718230668425762e-01 -2.782568836212158669e-01 -3.823427840337469408e-01 1.480310207600538663e-01 -3.358924579620360396e-01 -9.652108571362916223e-02 -7.222701916223164820e-02 -3.302643084526061257e-01
2.422328712830092434e-01 8.939146350894705551e-02 -3.451506328582763516e-01 2.525867469358606399e-01 -1.635292400713057592e-01 -2.765972328186034890e-01 -3.897194350272937813e-01 1.506234457375446034e-01 -3.314116382598876753e-01 -1.091734915566677649e-01 -7.013185551399261919e-02 -3.297755217552185147e-01
2.236955810011664048e-01 9.190605618628973350e-02 -3.435189962387085738e-01 2.920780011218110372e-01 -1.645635404548578262e-01 -2.779350090026856401e-01 -3.939971412250007909e-01 1.522349622485930642e-01 -3.268235635757447133e-01 -1.228847653294328490e-01 -6.716142014824215412e-02 -3.299356627464295477e-01
2.052674327510992103e-01 9.387756864677079816e-02 -3.420164060592651434e-01 3.450540855077671720e-01 -1.625074625962610320e-01 -2.856098747253417725e-01 -3.951772412764125719e-01 1.518951232958365705e-01 -3.221161794662475431e-01 -1.377015520106260049e-01 -6.259661180703492145e-02 -3.308969140052795410e-01
1.871023949657868446e-01 9.517513741153792173e-02 -3.406801128387451083e-01 3.748686987396289139e-01 -1.722388923599294241e-01 -2.907341766357421919e-01 -3.914956605751787611e-01 1.492148711768454539e-01 -3.181257772445678644e-01 -1.530646829860705660e-01 -5.621096219390304960e-02 -3.323000168800354093e-01
1.692902695022973636e-01 9.581540917772446431e-02 -3.396619033813477184e-01 4.102284401504430189e-01 -1.846659213279871481e-01 -3.016761398315430109e-01 -3.794380068299773590e-01 1.572311950995504970e-01 -3.156776189804077482e-01 -1.686659616683221230e-01 -4.794433537780840721e-02 -3.342123961448669744e-01
1.519301175482174748e-01 9.588771180024686924e-02 -3.390101575851441895e-01 4.548558746630572691e-01 -2.072271838273295474e-01 -3.110797119140626954e-01 -3.588998180541005389e-01 1.675995020077845066e-01 -3.144570970535278676e-01 -1.837380263258477087e-01 -3.852819433633149215e-02 -3.358780002593994563e-01
1.350647913693708013e-01 9.531478716593660971e-02 -3.384172677993773637e-01 4.732788795808448024e-01 -2.182864501795661050e-01 -3.174830913543700284e-01 -3.327226351647564750e-01 1.745429234277939279e-01 -3.141486740112304776e-01 -1.982599893705610794e-01 -2.841120021511020499e-02 -3.371072721481323531e-01
1.184616309443600052e-01 9.456669765004474537e-02 -3.377575874328614391e-01 4.748297823537888651e-01 -2.274462975500237405e-01 -3.282711219787598500e-01 -3.025403862448509673e-01 1.776954390438614251e-01 -3.139845657348632746e-01 -2.122687839905817997e-01 -1.786461040101581382e-02 -3.382305431365966730e-01
1.022624968684914398e-01 9.353092780203761669e-02 -3.368168783187865389e-01 4.686244252437204438e-01 -2.285520664057175688e-01 -3.431403684616088356e-01 -2.701818528429390520e-01 1.776051971209296199e-01 -3.133131313323975209e-01 -2.257716414307149866e-01 -6.894200305691863817e-03 -3.391515111923218417e-01
8.613271828141735864e-02 9.209694945166416180e-02 -3.354206275939940474e-01 4.593307118470155714e-01 -2.276098276838475210e-01 -3.515941309928892755e-01 -2.377904882603815995e-01 1.750928286857253158e-01 -3.129851150512695246e-01 -2.390264654058603666e-01 4.576580474206351501e-03 -3.398065567016601562e-01
7.047148390397545148e-02 9.045008267516574385e-02 -3.334211826324463557e-01 4.455679403290380147e-01 -2.251434164398097848e-01 -3.560053586959839311e-01 -2.057043430848042309e-01 1.698032860387988507e-01 -3.140589475631713201e-01 -2.542910435458568541e-01 1.079445180152575900e-02 -3.403264617919921631e-01
5.834958904016009779e-02 8.902851958869310856e-02 -3.313412094116211515e-01 4.287432510055210200e-01 -2.210590626819559090e-01 -3.581326270103454834e-01 -1.745643431065512508e-01 1.614115080502889488e-01 -3.156937646865844993e-01 -2.707295596631663637e-01 1.436143110511862997e-02 -3.407175874710083319e-01
4.915545601171716211e-02 8.761835935438527789e-02 -3.291274547576903964e-01 4.087637087468138919e-01 -2.159801596832159054e-01 -3.589365363121032604e-01 -1.443024137613699298e-01 1.502355372078118534e-01 -3.166921854019165705e-01 -2.872176314698869914e-01 1.826688005539522930e-02 -3.408520507812500822e-01
4.336456800311062898e-02 8.660181049918315443e-02 -3.260067272186280007e-01 3.889106447832406110e-01 -2.100905548165945824e-01 -3.587664031982422674e-01 -1.147338989447714841e-01 1.379354266839509791e-01 -3.162659788131714778e-01 -3.036225840367937634e-01 2.216808492269048414e-02 -3.408426141738892245e-01
4.252695862749152067e-02 8.639156063589159551e-02 -3.222287654876708762e-01 3.691861130205437158e-01 -2.040198079435470713e-01 -3.582497692108154164e-01 -8.742059585470066119e-02 1.258370948706407644e-01 -3.130026435852050759e-01 -3.198183874687445805e-01 2.600568325422152050e-02 -3.408767223358153964e-01
4.819063246079588470e-02 8.709800518504356992e-02 -3.181495761871337424e-01 3.495815828470790754e-01 -1.981922365676213049e-01 -3.576834750175475475e-01 -6.558369082589599053e-02 1.154210592152473680e-01 -3.097923707962035866e-01 -3.349019228377099755e-01 2.971900565680354878e-02 -3.408469867706298562e-01
6.492489759942095262e-02 8.930573132753247267e-02 -3.135348510742188566e-01 3.305661613268849885e-01 -1.928654170469518425e-01 -3.573073911666871383e-01 -4.869331783266089148e-02 1.069162730433236008e-01 -3.082591390609741300e-01 -3.498453006243489871e-01 3.328723079788037387e-02 -3.408739089965820424e-01
9.647160581300003035e-02 9.362242367903493567e-02 -3.079809331893920699e-01 3.117610168999057074e-01 -1.882062669758940432e-01 -3.572499084472656183e-01 -3.702440629241305486e-02 1.007099477334247734e-01 -3.088478660583496294e-01 -3.646941233933992388e-01 3.712285888321652239e-02 -3.402848052978515447e-01
1.331135273653852868e-01 9.878921282336025622e-02 -3.037089252471924516e-01 2.929864577352955246e-01 -1.842951216956262295e-01 -3.570552492141724210e-01 -3.179250563146329006e-02 9.711451861666918484e-02 -3.118579936027526256e-01 -3.785101594441722117e-01 4.110644112367017877e-02 -3.388359069824218306e-01
1.723601457366041589e-01 1.043312421401567103e-01 -3.028827571868897284e-01 2.741422611844498425e-01 -1.807234094057028062e-01 -3.570067620277405651e-01 -3.730573461061087448e-02 9.731967684774464611e-02 -3.152119755744933749e-01 -3.906667398548694936e-01 4.451692685004537964e-02 -3.367496776580810036e-01
2.130934170512988890e-01 1.094433475723485399e-01 -3.049664974212647484e-01 2.551419241130343796e-01 -1.774008048062587495e-01 -3.570851469039917903e-01 -4.950401538172423399e-02 9.922726381745200497e-02 -3.181574273109437079e-01 -4.028324341541501541e-01 4.177005810517828155e-02 -3.343842649459839445e-01
2.542579909397031934e-01 1.141248903123205372e-01 -3.084194850921630482e-01 2.359627336249773832e-01 -1.745553098711413731e-01 -3.573022794723510476e-01 -6.532688301720436519e-02 1.014618935940935912e-01 -3.219474053382874179e-01 -4.144882372109210400e-01 3.340257495398880894e-02 -3.318134593963623646e-01
2.945995560822713411e-01 1.191453594691742196e-01 -3.108707332611083118e-01 2.166672753382167804e-01 -1.720569328697847400e-01 -3.575477457046507546e-01 -8.218426454505130263e-02 1.028716562226182352e-01 -3.248338556289673273e-01 -4.247242351582851128e-01 2.317390728320602167e-02 -3.287085151672363703e-01
3.368248139217320247e-01 1.245800519570393339e-01 -3.140996217727659579e-01 1.971221678328454185e-01 -1.699319774610881795e-01 -3.576475048065184126e-01 -9.899798789873240357e-02 1.028786155993064305e-01 -3.266206765174865523e-01 -4.320319459604849976e-01 1.021888546061765213e-02 -3.252125883102416903e-01
3.762637886782603802e-01 1.298111743902585213e-01 -3.176665639877319647e-01 1.773813998860260532e-01 -1.682926800895264974e-01 -3.575338983535766291e-01 -1.165575711619999399e-01 1.011480443953626102e-01 -3.277908134460449374e-01 -4.352370109536460863e-01 -6.555756221544334350e-03 -3.216456651687621959e-01
4.101939583160810754e-01 1.342733670203670460e-01 -3.193505859375000422e-01 1.574350341133038123e-01 -1.673099597444455133e-01 -3.572149848937988814e-01 -1.341333022442416645e-01 9.752699355987835828e-02 -3.285932326316833851e-01 -4.296820756291993559e-01 -2.651106394154860435e-02 -3.193564701080322532e-01
4.334875694130530532e-01 1.367239093250494086e-01 -3.213336610794066406e-01 1.375971567471749313e-01 -1.670806826589022187e-01 -3.564770412445067427e-01 -1.515914847699805224e-01 9.225875496935410924e-02 -3.288359904289244739e-01 -4.134031127605052869e-01 -4.750332554963646037e-02 -3.186175966262816406e-01
4.465929214379057433e-01 1.374989639788360973e-01 -3.262649202346802890e-01 1.182766847847095681e-01 -1.673710264900338529e-01 -3.554775333404541771e-01 -1.685291154020059079e-01 8.582659057516332790e-02 -3.290768814086915128e-01 -3.888761852417004783e-01 -6.671085581015624710e-02 -3.181303739547730602e-01
4.512149250608767925e-01 1.369141262400042358e-01 -3.328107929229737194e-01 9.930777185892708525e-02 -1.676056721424678542e-01 -3.543293857574463801e-01 -1.846951993339478737e-01 7.890788826221288577e-02 -3.299247121810913730e-01 -3.583903109222385530e-01 -8.212330235138130818e-02 -3.173694610595703680e-01
4.473592626588404064e-01 1.356415388723555826e-01 -3.393147230148315652e-01 8.091137224380681725e-02 -1.686208399504337818e-01 -3.528771018981933794e-01 -2.001511458401667165e-01 7.224688606036769323e-02 -3.311408472061157515e-01 -3.232400889357804341e-01 -9.268049123145341572e-02 -3.171491909027099876e-01
4.332029039812704818e-01 1.340056358219667842e-01 -3.450894403457641646e-01 6.459856451001794175e-02 -1.709530988875308799e-01 -3.507723665237426625e-01 -2.152698924529269087e-01 6.650241188721814356e-02 -3.327583217620848632e-01 -2.855198249701488833e-01 -9.827653739365103946e-02 -3.189835786819456565e-01
4.140435866610091553e-01 1.330530228364592005e-01 -3.489540910720826394e-01 4.964163290146569874e-02 -1.730718665799756695e-01 -3.479595136642457121e-01 -2.304909490126160476e-01 6.200439301499675870e-02 -3.346361923217773260e-01 -2.466208241004306523e-01 -9.977299566337424763e-02 -3.228517150878906228e-01
3.928848635803811606e-01 1.327816423569231075e-01 -3.516843080520628551e-01 3.795276725159357767e-02 -1.748464411113755390e-01 -3.445615482330320889e-01 -2.458557432462409043e-01 5.888674411437060802e-02 -3.367081451416016891e-01 -2.049627618581191524e-01 -9.815700546141969962e-02 -3.242459774017334984e-01
3.725221596411040781e-01 1.331173031143901841e-01 -3.534527063369750643e-01 2.985647960931999204e-02 -1.752739755155289236e-01 -3.409020853042602495e-01 -2.611802655899218562e-01 5.715235087639983225e-02 -3.388539123535155850e-01 -1.667354376956034501e-01 -9.510013913963868970e-02 -3.249720907211303134e-01
3.525894334841109257e-01 1.338928562997349636e-01 -3.541229677200317671e-01 2.583722069186732140e-02 -1.727338375809163440e-01 -3.347480964660645153e-01 -2.762363301850809250e-01 5.565917538409621834e-02 -3.405337858200072620e-01 -1.319792086153766253e-01 -9.209957569951753020e-02 -3.253245663642882479e-01
3.333120305329603239e-01 1.345435746413921885e-01 -3.542168331146240412e-01 3.596973158182791008e-02 -1.675853093349976286e-01 -3.203729963302612838e-01 -2.909349113518630014e-01 5.498705819377863735e-02 -3.418780755996704279e-01 -9.962422858261367475e-02 -8.897092059356227767e-02 -3.235534501075745251e-01
3.140788974843758408e-01 1.351978003294727060e-01 -3.540178632736205588e-01 5.841255807386266929e-02 -1.624647780348991710e-01 -3.107972717285155673e-01 -3.050424066137023549e-01 5.576419245453963225e-02 -3.427663373947144043e-01 -7.112742739964855732e-02 -8.596862916875688820e-02 -3.199359726905823265e-01
2.946461958024550465e-01 1.362456289005790633e-01 -3.537537097930908980e-01 8.821804429765355005e-02 -1.553293820313860207e-01 -3.023038196563721525e-01 -3.180365898269436054e-01 5.733873202683832659e-02 -3.430465221405030185e-01 -4.763304436752043708e-02 -8.550326476958815258e-02 -3.160463023185731135e-01
2.751984987689264917e-01 1.375774685397633812e-01 -3.533309602737427779e-01 1.233643924947325221e-01 -1.447162542640803573e-01 -2.963538074493409225e-01 -3.299552518067357387e-01 5.993291296313369571e-02 -3.429850912094117299e-01 -3.119119964845517429e-02 -8.955324809651882267e-02 -3.132404518127442361e-01
2.557764933759629766e-01 1.392251932873737330e-01 -3.527107620239258168e-01 1.618132594768375010e-01 -1.301090184408176254e-01 -2.925247859954834273e-01 -3.421573382811516351e-01 6.317210752549898278e-02 -3.431002426147461426e-01 -2.655199854288923730e-02 -9.173187667919638355e-02 -3.156251811981201638e-01
2.365585905853354320e-01 1.409500000843552647e-01 -3.519775581359863015e-01 2.024011348655720133e-01 -1.135534382500568984e-01 -2.916763114929199485e-01 -3.549655008392650357e-01 6.610871963443114285e-02 -3.430984687805175848e-01 -2.882384495465853749e-02 -9.242780104495972038e-02 -3.223310971260071045e-01
2.176642765425012005e-01 1.425764751387248452e-01 -3.512613916397095415e-01 2.442842589898602257e-01 -9.343338534928624650e-02 -2.920171642303467374e-01 -3.668978692249674212e-01 6.875591969171956919e-02 -3.423730993270874823e-01 -3.456974573156093578e-02 -9.072152328806094845e-02 -3.272659111022949707e-01
1.991958056035323110e-01 1.435117985486555892e-01 -3.505700016021728871e-01 2.866748515168783817e-01 -7.095636406707761523e-02 -2.936993789672852073e-01 -3.773010799842815843e-01 7.223272540944490616e-02 -3.406639814376830611e-01 -4.330966126711835451e-02 -8.742652387390775770e-02 -3.298328447341918324e-01
1.811378080228318033e-01 1.438403435063000391e-01 -3.500532054901122625e-01 3.290564545104910921e-01 -4.769724306412659320e-02 -2.967204856872557861e-01 -3.857099584819081994e-01 7.688185945752923356e-02 -3.381814336776733931e-01 -5.423914471010937016e-02 -8.480795082642697547e-02 -3.314451980590820690e-01
1.636623014209588056e-01 1.433794637397558802e-01 -3.498988485336303467e-01 3.717346096453353343e-01 -2.518279136278073205e-02 -3.020834159851073508e-01 -3.919404949922892789e-01 8.270279996087893937e-02 -3.354203701019286554e-01 -6.627437469793279190e-02 -8.300259033104767648e-02 -3.347708725929259832e-01
1.467026381856071926e-01 1.420833498338826550e-01 -3.497461557388306108e-01 4.151586420551966472e-01 -6.591205202209571290e-03 -3.099550724029541682e-01 -3.907869395145933122e-01 8.898714531446066944e-02 -3.323173761367798629e-01 -7.924397306118904916e-02 -8.135209481271095389e-02 -3.379773664474488015e-01
1.306959608828874853e-01 1.396413608873467993e-01 -3.499256134033203458e-01 4.525910404108410834e-01 8.312404924674055007e-03 -3.201081895828247204e-01 -3.841168495099562818e-01 9.527546611418578892e-02 -3.297108316421507590e-01 -9.255848628986695914e-02 -7.989807605129800594e-02 -3.405999183654784268e-01
1.151776213056760062e-01 1.363992632756634293e-01 -3.502323055267334562e-01 4.826923601534610642e-01 1.881597806353102476e-02 -3.287520647048950972e-01 -3.743328527156635777e-01 1.019681497659145342e-01 -3.271626710891724632e-01 -1.058649923891502587e-01 -7.869500480132061992e-02 -3.424616479873658359e-01
9.954987792933457647e-02 1.327075974397987634e-01 -3.504713964462281006e-01 5.008296830903488095e-01 2.694309912055306566e-02 -3.382307243347168479e-01 -3.624052245282706197e-01 1.083785223291495736e-01 -3.231215620040894243e-01 -1.198771458141036916e-01 -7.863419545992673954e-02 -3.445013332366944070e-01
8.424331309473470641e-02 1.283727391993862432e-01 -3.506751441955565096e-01 5.064944411594094476e-01 3.172981683967179833e-02 -3.481560754775999689e-01 -3.489356567225440076e-01 1.128183450635151380e-01 -3.189816141128539173e-01 -1.337121441665915234e-01 -7.934707279518175838e-02 -3.460030984878538773e-01
6.962651940596917277e-02 1.233807936852834020e-01 -3.509007978439331876e-01 4.994388950675719974e-01 3.328804671052582043e-02 -3.581119775772095282e-01 -3.319717794797834576e-01 1.147499326845254353e-01 -3.151788759231567982e-01 -1.474326855601900688e-01 -8.048258393849724857e-02 -3.474672126770020353e-01
5.568222868371298234e-02 1.179553228057777930e-01 -3.509423685073851384e-01 4.858810004519213965e-01 3.271966005827806057e-02 -3.664594793319700949e-01 -3.127269140469549624e-01 1.135128409818664946e-01 -3.128988838195801980e-01 -1.609169399900055308e-01 -8.183126381545660633e-02 -3.488629674911500334e-01
4.188796060155083184e-02 1.119206557744127362e-01 -3.505368041992187877e-01 4.722420858712879643e-01 3.190782538979905492e-02 -3.712190151214599942e-01 -2.927341971667526410e-01 1.102964089012629656e-01 -3.113600397109985707e-01 -1.742981810379686802e-01 -8.355960613611672361e-02 -3.499733352661132946e-01
2.887948037093584358e-02 1.058013693331703725e-01 -3.493759107589721191e-01 4.582363861953457351e-01 3.120469136615072747e-02 -3.724233770370483088e-01 -2.725089901525221681e-01 1.059298916332761520e-01 -3.104573535919188942e-01 -1.875692869548788166e-01 -8.556291656687524394e-02 -3.506454801559447665e-01
1.764728302124993209e-02 1.003133640992125153e-01 -3.479217958450318005e-01 4.419936254104986362e-01 2.985522502415410839e-02 -3.735242891311646440e-01 -2.520069589095411122e-01 1.008577919020616637e-01 -3.104992818832398305e-01 -2.006362562946939487e-01 -8.780891450835172363e-02 -3.512763833999634766e-01
7.712116856416387223e-03 9.538190991301477573e-02 -3.461736774444579834e-01 4.256515749198078735e-01 2.780213921526916709e-02 -3.744912672042846613e-01 -2.305707775373377066e-01 9.576748579600731504e-02 -3.116422271728515603e-01 -2.133549763290148449e-01 -9.021515510866924548e-02 -3.524995231628417769e-01
6.156996789758312216e-04 9.197509786308387392e-02 -3.443508911132813211e-01 4.101387869760094174e-01 2.545972189780465467e-02 -3.752346754074097346e-01 -2.070402669593974232e-01 9.151818706490973121e-02 -3.129130268096924627e-01 -2.255606793099753649e-01 -9.277392536952790147e-02 -3.536897706985474010e-01
-1.483467255813983310e-03 9.144735280759468121e-02 -3.428336334228515581e-01 3.952739552115835386e-01 2.299918361739614059e-02 -3.757291698455810236e-01 -1.826185990182735419e-01 8.833080426062239754e-02 -3.144257068634033203e-01 -2.371346888015732624e-01 -9.548927643902127560e-02 -3.545608377456664906e-01
3.615440432076261201e-03 9.533027881299571682e-02 -3.401718187332152254e-01 3.811260543587540184e-01 2.043994400400780953e-02 -3.760834312438963711e-01 -1.572701093515384840e-01 8.580991463576166656e-02 -3.152600574493408248e-01 -2.480050221971817903e-01 -9.833516106232167986e-02 -3.552485370635986572e-01
1.608749964697205048e-02 1.041508491643501205e-01 -3.361802434921266070e-01 3.678946675300990843e-01 1.731883176554332993e-02 -3.762675738334658182e-01 -1.322347271767755350e-01 8.359999634334450147e-02 -3.150185585021972878e-01 -2.580667253782679693e-01 -1.015590482798218452e-01 -3.558021116256713801e-01
3.645298432956512596e-02 1.187166347205715067e-01 -3.303586626052856801e-01 3.554801015246094598e-01 1.353452488012640842e-02 -3.763666892051697466e-01 -1.113979359287887577e-01 8.181146006542532045e-02 -3.148182678222656850e-01 -2.675727351032715640e-01 -1.052284782256044798e-01 -3.563337087631225919e-01
6.176569961507318712e-02 1.377962409216904049e-01 -3.239107131958006702e-01 3.437073492817496190e-01 9.272048972214591567e-03 -3.763656949996946888e-01 -9.577448166189331258e-02 8.045097098162141969e-02 -3.167735195159910866e-01 -2.770408628367516113e-01 -1.093556851743941877e-01 -3.569435739517210493e-01
8.927560834373721166e-02 1.600230070982031905e-01 -3.182875347137451016e-01 3.323655967825771551e-01 4.394348239843193227e-03 -3.763067531585693182e-01 -8.450203292732352822e-02 7.949068602127593031e-02 -3.192158651351929000e-01 -2.864926004802704762e-01 -1.140808175017286041e-01 -3.576071500778198464e-01
1.169900087542215111e-01 1.842533798542783929e-01 -3.145923709869384854e-01 3.212741289101272435e-01 -1.022836116264025375e-03 -3.762154054641723144e-01 -7.844196103157341504e-02 7.865359113754136211e-02 -3.218630027770996160e-01 -2.957204146146950596e-01 -1.192859166487954814e-01 -3.580213785171508789e-01
1.437901649112839908e-01 2.095477856087566426e-01 -3.126921558380127419e-01 3.102630223821127298e-01 -7.027782877275068341e-03 -3.760853195190430043e-01 -8.060243112438209012e-02 7.767053936870912945e-02 -3.269274425506590864e-01 -3.045307374736150319e-01 -1.247509873556911092e-01 -3.581686782836913108e-01
1.692667860198026619e-01 2.353432911468545941e-01 -3.121380996704102295e-01 2.991593831958554994e-01 -1.364824388512245190e-02 -3.760447454452515714e-01 -8.859148585239928764e-02 7.632972098580227682e-02 -3.348986101150512318e-01 -3.127380727314955089e-01 -1.305510416001542107e-01 -3.579868650436400790e-01
1.946465499117466802e-01 2.623687335558652634e-01 -3.135178375244141447e-01 2.878405367253482616e-01 -2.081736263905317741e-02 -3.759644079208374623e-01 -9.894206493972095007e-02 7.451072950633398639e-02 -3.409643173217773993e-01 -3.200970524732945632e-01 -1.364129345503610202e-01 -3.570715904235840510e-01
2.178377503966163475e-01 2.885321330143533203e-01 -3.142444801330567250e-01 2.762792869838867627e-01 -2.847630079248797408e-02 -3.758902931213379262e-01 -1.098580627200133886e-01 7.184306506304165285e-02 -3.435789132118226008e-01 -3.271073190075150516e-01 -1.419951725762698680e-01 -3.557242059707642068e-01
2.369339481703375272e-01 3.122453886640912391e-01 -3.135174942016601407e-01 2.645918570077667731e-01 -3.677962997396416744e-02 -3.757579803466796764e-01 -1.216140786881383107e-01 6.802742260045993583e-02 -3.451798486709593550e-01 -3.323581280598801868e-01 -1.485332236576653586e-01 -3.535930919647215509e-01
2.512867737746155572e-01 3.331102208872959158e-01 -3.127511405944825018e-01 2.536647498389403288e-01 -4.593082579219612271e-02 -3.753007125854492809e-01 -1.337907057053017434e-01 6.282877420402033231e-02 -3.456760072708130460e-01 -3.359153879825474975e-01 -1.557620830460195727e-01 -3.503481435775757658e-01
2.613512201552775083e-01 3.500287060661751992e-01 -3.139834976196289040e-01 2.428730745036658534e-01 -5.530272227270761898e-02 -3.745135879516601207e-01 -1.464680120541340946e-01 5.620579489478544355e-02 -3.460510849952697643e-01 -3.375390502180542485e-01 -1.635541922670930015e-01 -3.461813926696777344e-01
2.675932542622013743e-01 3.631374999727795538e-01 -3.182127189636231313e-01 2.320598758884904467e-01 -6.478000790353291571e-02 -3.732231521606446112e-01 -1.590124881875386031e-01 4.790980431373534354e-02 -3.458074569702147549e-01 -3.369252940643397976e-01 -1.710653069070082188e-01 -3.410918951034545010e-01
2.654444106345362764e-01 3.744943485665774840e-01 -3.267481184005737727e-01 2.215306184392755451e-01 -7.445154206179617484e-02 -3.714425563812256414e-01 -1.713016376726073098e-01 3.820164698548553228e-02 -3.446212673187254993e-01 -3.324409533353643864e-01 -1.781048991891349131e-01 -3.354996967315673206e-01
2.573420327841751676e-01 3.821354435411880024e-01 -3.375674724578857644e-01 2.117479727340542683e-01 -8.428293761223029645e-02 -3.694597053527831632e-01 -1.830826253173991891e-01 2.729407321962459138e-02 -3.432881879806518599e-01 -3.213280261244074176e-01 -1.846490839878798806e-01 -3.310322666168212802e-01
2.490349832260597140e-01 3.803736201509034798e-01 -3.469718742370605513e-01 2.029801495164693104e-01 -9.475924029304641505e-02 -3.675266313552856823e-01 -1.943110526525092530e-01 1.514839861262772674e-02 -3.423979902267456077e-01 -2.979831860613333383e-01 -1.923143268693293106e-01 -3.285869312286376909e-01
2.408944679587158577e-01 3.739709429006137786e-01 -3.540116691589356157e-01 1.952940916338833932e-01 -1.059478943865178324e-01 -3.656538295745850320e-01 -2.048699561093370314e-01 1.794630219272744243e-03 -3.420915651321411732e-01 -2.648814620765893024e-01 -2.004170448110464409e-01 -3.271269989013672608e-01
2.331009072478015809e-01 3.653795300056661421e-01 -3.594382143020630749e-01 1.886772153411117314e-01 -1.171244732282830520e-01 -3.635075473785401301e-01 -2.145928103137986487e-01 -1.215912269645304244e-02 -3.423218297958374734e-01 -2.262100120230974010e-01 -2.076031551918457729e-01 -3.275451946258545743e-01
2.207290037374180502e-01 3.591614298127207006e-01 -3.634320259094239169e-01 1.831716735257211404e-01 -1.283236581234786788e-01 -3.607486009597778986e-01 -2.235601595855287171e-01 -2.699706317950595347e-02 -3.431637811660768755e-01 -1.832162070379084740e-01 -2.139228089251686282e-01 -3.300505733489992322e-01
2.063995067834842878e-01 3.530672403973488249e-01 -3.658786344528197620e-01 1.791998009129684710e-01 -1.381060940564002582e-01 -3.576960754394530317e-01 -2.318012280670116720e-01 -4.269921601053458526e-02 -3.450328731536864146e-01 -1.383748403333456833e-01 -2.163859352535648928e-01 -3.339092636108397794e-01
1.910960467065259127e-01 3.463599411233954095e-01 -3.674130296707153742e-01 1.767373205296426386e-01 -1.433586059692816828e-01 -3.548350429534912753e-01 -2.393298612370129419e-01 -5.924279581379297832e-02 -3.475658321380615812e-01 -9.144526416322348861e-02 -2.127128609044797725e-01 -3.345014715194702393e-01
1.748065475644721145e-01 3.392977252163805746e-01 -3.685200166702271019e-01 1.771976706050885364e-01 -1.437213914741681253e-01 -3.521148443222046343e-01 -2.458298929608019878e-01 -7.664632477981954406e-02 -3.500030422210694270e-01 -4.680681062604756526e-02 -2.077927173190967369e-01 -3.336469793319702948e-01
1.577169617718419126e-01 3.318557617849415831e-01 -3.690241575241088867e-01 1.834815580833335513e-01 -1.394922866978195453e-01 -3.488490295410155984e-01 -2.510976157552319288e-01 -9.458782079937438914e-02 -3.520792865753173961e-01 -7.131059608749365508e-03 -1.995769015550054593e-01 -3.310638046264648415e-01
1.407005130162065354e-01 3.239580272901065872e-01 -3.689400053024292636e-01 1.900374350438916171e-01 -1.254128473841605307e-01 -3.424420738220215754e-01 -2.552390823608403636e-01 -1.124770983049073747e-01 -3.534477567672730247e-01 2.837946854933817709e-02 -1.928789983473648550e-01 -3.278696775436402144e-01
1.236751538697680591e-01 3.161623133700792176e-01 -3.683940172195435681e-01 1.973781753857708210e-01 -1.000468549704989080e-01 -3.334738826751709739e-01 -2.581732125539948353e-01 -1.299743172111607614e-01 -3.539767265319825329e-01 5.959204759272603708e-02 -1.881865874245123027e-01 -3.248091888427735441e-01
1.064923485100340711e-01 3.085193956690742700e-01 -3.675111198425293213e-01 2.042180429424938215e-01 -6.492241500983872426e-02 -3.254486274719238237e-01 -2.598212086073753979e-01 -1.467304036876869722e-01 -3.537552881240845215e-01 8.440668708616737292e-02 -1.854137787637212820e-01 -3.224570703506470237e-01
8.944943031371249687e-02 3.008961199863727787e-01 -3.661980247497557683e-01 2.099030709826975594e-01 -2.195389177356012189e-02 -3.185906219482421142e-01 -2.606042380808721859e-01 -1.625447198580076691e-01 -3.530686187744140891e-01 9.900506844312170762e-02 -1.855094441918253012e-01 -3.238161420822143755e-01
7.240655449140012689e-02 2.928391936819800812e-01 -3.645825147628785068e-01 2.137161704014765851e-01 2.558191010978280722e-02 -3.127853775024415084e-01 -2.608247407189926426e-01 -1.775148265832558470e-01 -3.521505498886109420e-01 1.021910972602339818e-01 -1.874572476458647996e-01 -3.298361825942994208e-01
5.532401523851034064e-02 2.841465612512071859e-01 -3.626853752136230957e-01 2.157481302275450208e-01 7.429083618033963110e-02 -3.084729576110840088e-01 -2.606184446191110449e-01 -1.916984573607464493e-01 -3.511481380462647128e-01 9.948977389048854758e-02 -1.917631247850404286e-01 -3.380679082870483576e-01
3.889549565310350399e-02 2.748561272045560444e-01 -3.605076503753662509e-01 2.138948528963888762e-01 1.236902877665505551e-01 -3.060558986663818870e-01 -2.600016284606254113e-01 -2.058148547878084766e-01 -3.500515937805176447e-01 9.331931674402473009e-02 -1.967741684474598185e-01 -3.444456481933594327e-01
2.338403579417572264e-02 2.646095546151769895e-01 -3.581656408309937256e-01 2.111703406284561046e-01 1.723508545869018305e-01 -3.047774314880371538e-01 -2.695232430204810847e-01 -2.117130791062688533e-01 -3.481182909011841242e-01 8.699196156715449657e-02 -2.023473137647061326e-01 -3.473196792602539773e-01
9.107746147076781207e-03 2.535156716352282569e-01 -3.560684108734130660e-01 2.120535971805996289e-01 2.209008360259297754e-01 -3.064249706268310502e-01 -2.812156697557005591e-01 -2.151682412992668159e-01 -3.450102853775024458e-01 8.134024782842391721e-02 -2.074895479326194780e-01 -3.477497315406799516e-01
-3.693109809310826663e-03 2.415250154432497798e-01 -3.545153522491455433e-01 2.147280523142091613e-01 2.702431977231959381e-01 -3.113776111602784002e-01 -2.872227491689146595e-01 -2.209018669982643068e-01 -3.402704286575318204e-01 7.541898642350972071e-02 -2.142771286252319052e-01 -3.476658964157104958e-01
-1.492886449767494988e-02 2.285401555829328357e-01 -3.534642219543457919e-01 2.185919175127825076e-01 3.179454279038341213e-01 -3.189399051666260698e-01 -2.844371766194131457e-01 -2.292153947720972640e-01 -3.342677783966063743e-01 6.815944316528221858e-02 -2.225552006880108236e-01 -3.480755329132079745e-01
-2.461648753764916070e-02 2.148090577417913205e-01 -3.529160547256470770e-01 2.255057754082043231e-01 3.615255491067185245e-01 -3.284015274047852317e-01 -2.709667312272179274e-01 -2.393245051396437895e-01 -3.266749525070191118e-01 6.058466326222886056e-02 -2.324120067921646715e-01 -3.491905927658082165e-01
-3.281990869849518017e-02 2.006253177344890504e-01 -3.526864337921142289e-01 2.339907241721826403e-01 3.974070781289491539e-01 -3.357430076599121072e-01 -2.542935637689811568e-01 -2.440629063729815029e-01 -3.172740888595581010e-01 5.336323116972174763e-02 -2.431133144409590163e-01 -3.505792570114135698e-01
-3.983356940133628982e-02 1.859041428068898827e-01 -3.525702714920044278e-01 2.376027951523768111e-01 4.182820910797180880e-01 -3.409298372268676491e-01 -2.484852297043052549e-01 -2.331938466744725713e-01 -3.058445739746094016e-01 4.681506491093842537e-02 -2.543378802178032361e-01 -3.518227100372314231e-01
-4.584519742411855003e-02 1.712409901575842885e-01 -3.525511789321900125e-01 2.380441422204879753e-01 4.242905041040951342e-01 -3.472984886169434016e-01 -2.382206488647402309e-01 -2.159207534674339457e-01 -2.936824226379395331e-01 4.122213558697258862e-02 -2.658624225924512974e-01 -3.528870630264282493e-01
-5.139758892758620329e-02 1.568896806239093722e-01 -3.523370742797852229e-01 2.374728781946715273e-01 4.156137718038248607e-01 -3.548374128341675315e-01 -2.234438630373560553e-01 -1.942314852821485083e-01 -2.826601982116699885e-01 3.637087869889046865e-02 -2.773661110475796332e-01 -3.537787628173828525e-01
-5.632653748896509355e-02 1.426957030997596243e-01 -3.516628980636597457e-01 2.336058008432687627e-01 3.995197031995840753e-01 -3.621088504791260543e-01 -2.051790638042312320e-01 -1.693297399095214928e-01 -2.757454109191895264e-01 3.212711021834209479e-02 -2.888428658281124717e-01 -3.544205045700073997e-01
-6.034845926789332571e-02 1.295949878849544101e-01 -3.501145076751709384e-01 2.272710277106242405e-01 3.824498858196585527e-01 -3.674354410171509211e-01 -1.855956292766215432e-01 -1.442255174409473595e-01 -2.726873779296875577e-01 2.801623194700902930e-02 -3.003331536785486811e-01 -3.547362470626831410e-01
-6.333057466092102683e-02 1.176380153778985860e-01 -3.481676912307740124e-01 2.231440296414329560e-01 3.658326739814473649e-01 -3.702612924575806597e-01 -1.662714989426146150e-01 -1.200506359742442297e-01 -2.744264507293702193e-01 2.388663035835100756e-02 -3.118172703379988309e-01 -3.547610759735108088e-01
-6.571559631001550050e-02 1.078432543670256871e-01 -3.459342384338379706e-01 2.206573833950711550e-01 3.509404884435841643e-01 -3.715807199478149969e-01 -1.476537892655164774e-01 -9.585834646756652422e-02 -2.794938468933106379e-01 1.981158048704750874e-02 -3.231443653232642932e-01 -3.545699453353882702e-01
-6.733616399523380258e-02 1.007197661483853063e-01 -3.429455709457397417e-01 2.183269013681019832e-01 3.357012123706868412e-01 -3.721422672271728627e-01 -1.307078204313173453e-01 -7.260121926870458098e-02 -2.870107555389404541e-01 1.577153840263562090e-02 -3.341327172341732599e-01 -3.542790794372558949e-01
-6.814269896041054431e-02 9.842251008099339726e-02 -3.398774480819702903e-01 2.142579940668545846e-01 3.198706693468454931e-01 -3.720691967010498757e-01 -1.165829521145734793e-01 -5.211765953836920012e-02 -2.958412170410157360e-01 1.154124896423125435e-02 -3.447337043173900328e-01 -3.539947366714478738e-01
-6.808111496026660048e-02 1.030588091600279088e-01 -3.339117431640623579e-01 2.097394748511429707e-01 3.055083171117635166e-01 -3.711220169067381836e-01 -1.058793332077915816e-01 -3.564197139905289635e-02 -3.044475555419921542e-01 7.140483333637204222e-03 -3.550667774707882973e-01 -3.533930110931396418e-01
-6.676396261567664470e-02 1.179890088596751568e-01 -3.265498638153077060e-01 2.052995613427973098e-01 2.927058481371717091e-01 -3.696694564819336670e-01 -9.811190524565679971e-02 -2.306943378355923863e-02 -3.109159994125366699e-01 2.622638951407435526e-03 -3.651888847750982547e-01 -3.522542572021485352e-01
-6.453728267718911171e-02 1.438012743896751044e-01 -3.187673616409301691e-01 2.005630381733623790e-01 2.794036880904094411e-01 -3.680157423019408958e-01 -9.428053748747761142e-02 -1.780823590272724924e-02 -3.157766985893249445e-01 -1.824774788539013093e-03 -3.760150614965522831e-01 -3.506635284423827992e-01
-6.225677907117387055e-02 1.753888154272926492e-01 -3.113573217391968351e-01 1.960416852921186559e-01 2.650378576728473767e-01 -3.660718679428101030e-01 -9.447777160326745194e-02 -2.163747575881013949e-02 -3.190267896652221324e-01 -6.637075906619244181e-03 -3.859236167544345952e-01 -3.482820796966552002e-01
-6.008032228217859150e-02 2.115729296320260078e-01 -3.060308837890625688e-01 1.921381930815582173e-01 2.499060286160635358e-01 -3.639567232131958319e-01 -9.653715547664190599e-02 -3.045856572738698739e-02 -3.210552978515625600e-01 -1.135763466261081878e-02 -3.957174887354488746e-01 -3.447806882858276967e-01
-5.776170480684431063e-02 2.512698408494087321e-01 -3.031803989410399858e-01 1.889302216504487042e-01 2.339438964263330367e-01 -3.618125629425048562e-01 -9.965437031685149549e-02 -4.267423360498226459e-02 -3.222551941871643622e-01 -1.394583683599633084e-02 -4.048974500131302667e-01 -3.402253103256226430e-01
-5.315536253858550025e-02 2.937770314248243086e-01 -3.038142776489258789e-01 1.861493625653254658e-01 2.172158382684995503e-01 -3.598320531845093928e-01 -1.032759288178167062e-01 -5.674132992038312395e-02 -3.231229782104493298e-01 -1.337845163925895087e-02 -4.123858058643463109e-01 -3.353267335891724765e-01
-4.665281344462072349e-02 3.362259534692215168e-01 -3.053904771804809570e-01 1.840084293654794811e-01 2.000576097807457154e-01 -3.578080320358276167e-01 -1.067752274353386960e-01 -7.195575459858169487e-02 -3.255692052841186457e-01 -1.144711153501777601e-02 -4.181471295035228408e-01 -3.298598861694335693e-01
-3.852698983272572625e-02 3.776556520500554681e-01 -3.062682151794434149e-01 1.825268524402609283e-01 1.827416532292674423e-01 -3.558118486404419634e-01 -1.094396169527324797e-01 -8.653528197220829166e-02 -3.270481348037720393e-01 -8.882857560869067415e-03 -4.218509362331718249e-01 -3.239021825790405762e-01
-2.900277974843080281e-02 4.160735451489226411e-01 -3.062500476837158314e-01 1.814780604126091379e-01 1.651404553034546419e-01 -3.538860845565796054e-01 -1.112763545228118572e-01 -1.009439545976301977e-01 -3.274191188812256015e-01 -6.665135829781024257e-03 -4.208580770514456226e-01 -3.178964710235595570e-01
-1.821651951122598562e-02 4.481538993060861231e-01 -3.086902856826783115e-01 1.808071380731367250e-01 1.475094311726669882e-01 -3.521216964721680664e-01 -1.124686480780546227e-01 -1.165090230888615880e-01 -3.278905844688416726e-01 -5.317479569682093121e-03 -4.131780599529405462e-01 -3.123652267456055731e-01
-7.643886292268933791e-03 4.699126119527400891e-01 -3.137186193466186546e-01 1.800515692146760494e-01 1.304684090900172788e-01 -3.504845190048218040e-01 -1.127649407441117801e-01 -1.323583840202255668e-01 -3.283824801445008879e-01 -4.716201226562785620e-03 -3.983576598184720985e-01 -3.075404167175294079e-01
1.878235099963487809e-03 4.769290312236946217e-01 -3.212597799301147861e-01 1.791463391242446024e-01 1.145072162645473929e-01 -3.488541984558105602e-01 -1.122743018064217974e-01 -1.480248902346351370e-01 -3.286483669281005104e-01 3.622872413622926779e-03 -3.778331917705108345e-01 -3.026099300384520463e-01
1.036273159877063033e-02 4.741463224177534519e-01 -3.291943597793578480e-01 1.784097801177756959e-01 9.961731634226687893e-02 -3.473833560943603294e-01 -1.112490237087944700e-01 -1.633019501633556914e-01 -3.288901114463806952e-01 1.669504446216994037e-02 -3.528113587889964986e-01 -2.983449459075928623e-01
1.771279929000389719e-02 4.649509700093075182e-01 -3.350325536727906117e-01 1.775010914209468327e-01 8.467243209638618262e-02 -3.463239145278931286e-01 -1.099986258547910878e-01 -1.780416596074863023e-01 -3.292740201950073997e-01 2.829091145781271327e-02 -3.244917025331188754e-01 -2.947876214981079990e-01
2.434075228753360132e-02 4.514805810856586943e-01 -3.386953735351561634e-01 1.759209608627545496e-01 7.061678043956659545e-02 -3.456481742858886208e-01 -1.086663600930519169e-01 -1.922189337181929580e-01 -3.298337841033935902e-01 3.830207509587038595e-02 -2.937432269385801265e-01 -2.928934383392334251e-01
3.129939756930537331e-02 4.360324330155156414e-01 -3.405901002883910955e-01 1.747278879708451804e-01 5.795109169781040986e-02 -3.450059556961059259e-01 -8.000000000000004330e-02 -2.155113029479980291e-01 -3.307025671005249245e-01 7.999999999999994615e-02 -2.526574873924255504e-01 -2.922010517120361417e-01
3.800362446865469812e-02 4.201994533747413496e-01 -3.419871330261230469e-01 1.748786998172700002e-01 4.714076920535935356e-02 -3.443925046920776611e-01 -8.000000000000005718e-02 -2.270576190948486450e-01 -3.318278646469116633e-01 7.999999999999996003e-02 -2.187186813354492498e-01 -2.949980688095092951e-01
4.426983280284926825e-02 4.047644979608146509e-01 -3.435063648223877220e-01 1.764740777659775939e-01 3.916074675747836797e-02 -3.443482351303100986e-01 -8.000000000000005718e-02 -2.380354928970337403e-01 -3.329525566101074752e-01 7.999999999999996003e-02 -1.843687248229981257e-01 -2.988084363937378307e-01
4.994606377140639597e-02 3.899678018798197754e-01 -3.455254936218261630e-01 1.755336483094322442e-01 3.193771606801341922e-02 -3.418975782394409468e-01 -8.000000000000005718e-02 -2.486056566238403209e-01 -3.341752099990845104e-01 7.999999999999997391e-02 -1.511229801177979282e-01 -3.033152818679809570e-01
5.700112603415757873e-02 3.753250604441051297e-01 -3.476645755767821533e-01 1.761097576026063594e-01 3.553905709198137974e-02 -3.185608625411986417e-01 -8.000000000000005718e-02 -2.588249301910400813e-01 -3.357875108718872403e-01 7.999999999999997391e-02 -1.217283439636230175e-01 -3.085016155242920055e-01
6.420602046566552257e-02 3.603263662747250295e-01 -3.501433801651001598e-01 1.833084630662120407e-01 4.907213045746670887e-02 -3.088296031951904830e-01 -8.000000000000005718e-02 -2.683687591552733620e-01 -3.380621337890625799e-01 7.999999999999997391e-02 -9.858143806457518588e-02 -3.105758070945740523e-01
7.099595337161269948e-02 3.453687247010884254e-01 -3.529659700393676380e-01 1.932106680982077218e-01 6.843849300719645479e-02 -2.995464134216308527e-01 -1.182830194758195119e-01 -2.686022413601334979e-01 -3.409230804443359464e-01 6.722329424492204386e-02 -9.705786936241508900e-02 -3.153031253814697066e-01
7.798613004354076894e-02 3.302856011184771012e-01 -3.559561109542846991e-01 2.056266031266205663e-01 8.813918759249007862e-02 -2.921351909637451283e-01 -1.235618243445603948e-01 -2.759037086259556459e-01 -3.441726207733154519e-01 6.595137513867847801e-02 -9.710077378923143154e-02 -3.232434320449829590e-01
8.433823985411280366e-02 3.151078753130949206e-01 -3.588182544708252153e-01 2.196724056301434802e-01 1.074004151846061211e-01 -2.891105365753173784e-01 -1.303830664730114830e-01 -2.822461921179493793e-01 -3.474644041061401567e-01 6.330426362513270899e-02 -1.027392353361253480e-01 -3.310420513153076727e-01
8.195251620371277190e-02 3.046576615289336432e-01 -3.613554668426514627e-01 2.359439922383529398e-01 1.265245252986028357e-01 -2.900880813598633590e-01 -1.379478541744770526e-01 -2.875129329071545725e-01 -3.499460124969483443e-01 5.939376289081932381e-02 -1.127799766044926266e-01 -3.383054018020630882e-01
7.299494549082760630e-02 2.985193186528616871e-01 -3.631539869308471613e-01 2.555104209947191007e-01 1.422429107909099766e-01 -2.904564189910888716e-01 -1.444902286094690569e-01 -2.916175882147432619e-01 -3.510341453552245916e-01 5.536230062046859635e-02 -1.231539948865630341e-01 -3.457770109176635520e-01
6.365387575908516837e-02 2.933178384518350112e-01 -3.643078374862670499e-01 2.836795200840517839e-01 1.475224151975956244e-01 -2.926648521423339533e-01 -1.503801118127080505e-01 -2.935384574817563874e-01 -3.512111377716063410e-01 5.180070457485325131e-02 -1.304670263115141338e-01 -3.506655216217040016e-01
5.417188495368954748e-02 2.886967556579093652e-01 -3.647978591918944469e-01 3.157975464630347617e-01 1.447568709168821632e-01 -2.962720489501952104e-01 -1.587692429223034329e-01 -2.923227772104014521e-01 -3.502065992355346546e-01 4.675484112551629712e-02 -1.379429087130316367e-01 -3.545384788513183394e-01
4.457961303542269660e-02 2.844134524571740319e-01 -3.646387815475462535e-01 3.490775153214497051e-01 1.353069944313991246e-01 -3.030463981628416237e-01 -1.717185464850146115e-01 -2.858159664281588741e-01 -3.489165306091308594e-01 3.857638982268717792e-02 -1.465607378842575803e-01 -3.576318025588989258e-01
3.443009885003288362e-02 2.812042161753342540e-01 -3.639198732376098810e-01 3.834064019035650084e-01 1.211091905480593534e-01 -3.136057472229004106e-01 -1.864858448086797182e-01 -2.734015597365452299e-01 -3.492328596115112371e-01 2.787209379406958148e-02 -1.551809558586786375e-01 -3.596586370468139449e-01
2.383644916933769231e-02 2.787160161516359924e-01 -3.626836204528808283e-01 4.096804262521704376e-01 9.947317911620132125e-02 -3.206031703948973854e-01 -1.979797841142658665e-01 -2.557816243304020243e-01 -3.474818325042725031e-01 1.653578122427941388e-02 -1.630935993868596889e-01 -3.603714942932129683e-01
1.355416811100801366e-02 2.770210818689100574e-01 -3.608829164505005793e-01 4.224455192513761892e-01 7.554756424758865552e-02 -3.306330871582032205e-01 -2.047120120909460828e-01 -2.321999605594985971e-01 -3.421914625167847279e-01 4.804149599244952884e-03 -1.701107936728017966e-01 -3.600908756256104293e-01
3.906295290364542039e-03 2.758012530351412472e-01 -3.588426589965820757e-01 4.291388978262875020e-01 5.254484781943508098e-02 -3.424249076843262074e-01 -2.065928887953379922e-01 -2.050156290428223338e-01 -3.335891437530516535e-01 -7.088828438427743905e-03 -1.762960437479335063e-01 -3.594039011001585737e-01
-5.027212854361168271e-03 2.746818422719155550e-01 -3.566674613952636186e-01 4.288245601805448226e-01 3.165090725394556492e-02 -3.559298801422118297e-01 -2.039956069533049865e-01 -1.766168193208065285e-01 -3.249252033233642756e-01 -1.888957953829296932e-02 -1.819114518386278634e-01 -3.586964225769043169e-01
-1.376456253100133420e-02 2.737047049882644911e-01 -3.541716289520264738e-01 4.266273249118550659e-01 1.707775264014801953e-02 -3.664972829818726741e-01 -1.966573945306354376e-01 -1.465828482908747288e-01 -3.176283788681031339e-01 -3.069810567391206835e-02 -1.871556779769351642e-01 -3.579407501220703836e-01
-2.332938140470634802e-02 2.735049029125422582e-01 -3.514338064193725519e-01 4.195948973359152623e-01 8.242632679883815650e-03 -3.722921824455261430e-01 -2.010643392339661051e-01 -1.058692332026953814e-01 -3.129665613174439920e-01 -4.306886160868456104e-02 -1.920312671576558938e-01 -3.571172523498536422e-01
-3.333426774229583667e-02 2.737829138403785056e-01 -3.483437299728393000e-01 4.088172354864384461e-01 2.029779024855210556e-03 -3.747068405151366410e-01 -2.017014633301941751e-01 -6.778814592322127131e-02 -3.130193376541137162e-01 -5.624796868662579330e-02 -1.965149255886982638e-01 -3.563896846771239524e-01
-4.252578130395798239e-02 2.743533903073016589e-01 -3.450093078613280517e-01 3.958650161618926244e-01 -1.631854460035470078e-03 -3.750146627426146351e-01 -1.998698179471120051e-01 -3.288198093432508073e-02 -3.151724386215210560e-01 -7.097611801181649693e-02 -2.005365725774464203e-01 -3.561682748794556264e-01
-4.875362341475711347e-02 2.752087742876222487e-01 -3.415398120880125954e-01 3.811659851474044070e-01 -3.267032936890901240e-03 -3.740596699714659468e-01 -1.933628873306929841e-01 -2.071994923671799382e-04 -3.156700181961059615e-01 -8.797528875744659027e-02 -2.037800341760332701e-01 -3.565512847900390581e-01
-4.962177802069266119e-02 2.755961202935563459e-01 -3.383245563507081277e-01 3.660751487291944439e-01 -4.038461043671587314e-03 -3.727978706359864058e-01 -1.830304945542400308e-01 2.860159642446447048e-02 -3.149034547805787398e-01 -1.065535165875560186e-01 -2.056563774818028767e-01 -3.573587989807129883e-01
-4.417357760385072496e-02 2.749339964770012301e-01 -3.355888795852662310e-01 3.512758139523667333e-01 -4.642227941495102872e-03 -3.722766327857972568e-01 -1.703785161563255435e-01 5.294544831450594125e-02 -3.120693683624268799e-01 -1.261186324790612712e-01 -2.058258473168754210e-01 -3.583134078979493542e-01
-3.165696710702370353e-02 2.730147300603070759e-01 -3.330203628540039928e-01 3.374680904794492564e-01 -5.882620010102701524e-03 -3.721129655838013583e-01 -1.573356441532776928e-01 7.139627207305510037e-02 -3.088100528717041549e-01 -1.462377899532146253e-01 -2.039515921954884736e-01 -3.588657379150391180e-01
-1.020582550561094370e-02 2.693329619368552419e-01 -3.311909532546997159e-01 3.247972891178153021e-01 -8.333320755473272445e-03 -3.720189189910889094e-01 -1.453779697511119740e-01 8.460611221443373187e-02 -3.072888469696045122e-01 -1.658854412911970333e-01 -2.000523690143600208e-01 -3.590937852859497625e-01
1.992929418269089037e-02 2.629178597795167605e-01 -3.288629245758056818e-01 3.128295448082039076e-01 -1.180211376587367300e-02 -3.720141983032226873e-01 -1.371691396569576227e-01 9.359070713473799374e-02 -3.099449825286865745e-01 -1.842072239761878560e-01 -1.943550734383150402e-01 -3.590076017379761342e-01
5.524494190088799495e-02 2.532931220404115447e-01 -3.261335372924804021e-01 3.011271613539279191e-01 -1.570233210461041695e-02 -3.718765139579772172e-01 -1.339575437402285851e-01 9.895222130471119371e-02 -3.172621560096740012e-01 -2.010860112871941663e-01 -1.874854213729814922e-01 -3.589091730117797141e-01
9.366180862401345120e-02 2.407149970448652088e-01 -3.234083461761474432e-01 2.899241301935055470e-01 -1.999430850658774628e-02 -3.716421461105346991e-01 -1.344320452523637410e-01 1.003404268745305972e-01 -3.264772105216978693e-01 -2.165522916147477883e-01 -1.799335288432495905e-01 -3.591574287414549538e-01
1.349861120851729990e-01 2.255570352361643272e-01 -3.209471130371093217e-01 2.792528141995361257e-01 -2.469950498874430578e-02 -3.713941121101378418e-01 -1.373137598061101028e-01 9.852449895999675078e-02 -3.350013995170592618e-01 -2.307092560570672413e-01 -1.721303349728292020e-01 -3.596429634094237549e-01
1.775486888328659807e-01 2.083244739558885172e-01 -3.193584203720092329e-01 2.689737632714336302e-01 -2.969516435654317998e-02 -3.712210392951965088e-01 -1.418847459895483110e-01 9.406056025226283701e-02 -3.421091794967651145e-01 -2.436697915079693577e-01 -1.647747563559521788e-01 -3.598887920379638672e-01
2.199123378081584701e-01 1.886780927391441542e-01 -3.184612464904785223e-01 2.590669515816824697e-01 -3.485323373848288331e-02 -3.711200690269470526e-01 -1.474326169378523121e-01 8.888378799148319298e-02 -3.477627515792847124e-01 -2.521900016501720243e-01 -1.684617574638920534e-01 -3.601560544967651323e-01
2.585688578636310964e-01 1.716702471856987877e-01 -3.183887529373168879e-01 2.493039036521220164e-01 -4.044020119947690228e-02 -3.710908699035644354e-01 -1.534151989005489714e-01 8.448702938924085304e-02 -3.515800380706787243e-01 -2.594242793459740071e-01 -1.748201277133480391e-01 -3.600523519515991255e-01
2.903459716667664559e-01 1.712554671177804466e-01 -3.192650794982910822e-01 2.394010591388749110e-01 -4.651392304248293252e-02 -3.711435413360596458e-01 -1.593097835708018328e-01 8.021512359997948205e-02 -3.535833311080933128e-01 -2.662344326264092231e-01 -1.805232778547091466e-01 -3.595841550827026945e-01
3.216189509262483703e-01 1.677059608837031812e-01 -3.205260276794433816e-01 2.292100985883666342e-01 -5.291142005452180441e-02 -3.712281417846680087e-01 -1.648704376778881153e-01 7.590459700942821242e-02 -3.541489839553833563e-01 -2.726883370908901316e-01 -1.850610827686793303e-01 -3.586347293853759943e-01
3.510864522234182772e-01 1.610022226246436705e-01 -3.215225744247436901e-01 2.185765480465434729e-01 -5.962938486267049115e-02 -3.712359237670898593e-01 -1.719706009303937910e-01 7.178894395706049425e-02 -3.548963880538940630e-01 -2.791035618941883900e-01 -1.886076019434014539e-01 -3.570083904266357910e-01
3.798179741994950898e-01 1.524228375198484198e-01 -3.218058204650879328e-01 2.075896955548308387e-01 -6.627120603441985502e-02 -3.711178970336914684e-01 -1.802293266647483350e-01 6.776604680747758125e-02 -3.559464836120604936e-01 -2.855560821784661751e-01 -1.918511433424430201e-01 -3.548535537719725852e-01
4.067725196243545116e-01 1.415763798891922498e-01 -3.210064554214477339e-01 1.964959686688249052e-01 -7.269663590544495069e-02 -3.708545875549316140e-01 -1.885838518636229477e-01 6.392738544167675396e-02 -3.565176582336425648e-01 -2.914085972922841883e-01 -1.915448613010675150e-01 -3.513270998001098433e-01
4.302957098587999463e-01 1.289070119068835008e-01 -3.194742059707642023e-01 1.853111093732414116e-01 -7.866246234807235116e-02 -3.704955101013184260e-01 -1.971647210302436837e-01 6.073336523459633984e-02 -3.567106246948242854e-01 -2.952828704631018653e-01 -1.842413468115677022e-01 -3.461345577239990923e-01
4.493709393467530400e-01 1.149173926483880726e-01 -3.187134313583374068e-01 1.739758707583627939e-01 -8.418109889784199107e-02 -3.701116561889649104e-01 -2.060684242055650373e-01 5.812577651559119873e-02 -3.566183710098266846e-01 -2.954617285485167111e-01 -1.734303363259194486e-01 -3.397672796249390226e-01
4.644894278986926861e-01 9.994391208051198183e-02 -3.199183034896851408e-01 1.625380240343030358e-01 -8.936671108455664092e-02 -3.697076988220215910e-01 -2.151697622288528122e-01 5.593162953460874276e-02 -3.562525892257692450e-01 -2.847171057009538764e-01 -1.779563536982397276e-01 -3.335354089736940475e-01
4.757578407148814748e-01 8.428686342569609302e-02 -3.227354288101196844e-01 1.509466118911132748e-01 -9.409327690925162191e-02 -3.693447875976563211e-01 -2.244376979757704560e-01 5.413277043541851741e-02 -3.557788562774658603e-01 -2.674260033486920429e-01 -1.792672038342545682e-01 -3.285623645782471125e-01
4.822669155136407038e-01 6.801949816654898062e-02 -3.267263841629028387e-01 1.389022089895913803e-01 -9.828214170136312378e-02 -3.690242290496826283e-01 -2.338531883387056642e-01 5.281085241684062292e-02 -3.551966476440431286e-01 -2.436760392847981960e-01 -1.767193478384467276e-01 -3.251216554641724876e-01
4.841901343414166115e-01 5.175493750714968422e-02 -3.314921665191649658e-01 1.263954412357511936e-01 -1.017867645720949288e-01 -3.688978099822997070e-01 -2.433084950543062952e-01 5.197043698944205092e-02 -3.547474765777588468e-01 -2.167398440835021090e-01 -1.706538702467288171e-01 -3.235571622848510964e-01
4.804202474215062968e-01 3.608803779270287893e-02 -3.370399665832518599e-01 1.137185746117272411e-01 -1.044445330246177722e-01 -3.689512777328489701e-01 -2.526496761104416455e-01 5.165216866178530541e-02 -3.545519495010375777e-01 -1.895501221513187506e-01 -1.618212180845068349e-01 -3.247467660903930464e-01
4.709083167089903599e-01 2.135630957611337616e-02 -3.431209278106689409e-01 1.009857461667522938e-01 -1.065783904159912227e-01 -3.691208505630493297e-01 -2.619054086078648758e-01 5.185756021633369794e-02 -3.548134088516235463e-01 -1.633089615970538810e-01 -1.512507037160391588e-01 -3.261544847488403454e-01
4.591334461955332569e-01 7.466689831913411735e-03 -3.488414239883423362e-01 8.840687114415723968e-02 -1.082351313758753708e-01 -3.694436120986938632e-01 -2.709708258288711091e-01 5.258811126443117823e-02 -3.554286813735962336e-01 -1.382581623839378715e-01 -1.398014653162853171e-01 -3.277175140380859664e-01
4.481572079716201196e-01 -5.724554141848484101e-03 -3.536098289489747470e-01 7.543938112390313755e-02 -1.090133897110295708e-01 -3.697912883758546210e-01 -2.799494185345921538e-01 5.351795021536198682e-02 -3.562232112884520796e-01 -1.131570008062616067e-01 -1.279153032266595880e-01 -3.285888957977294300e-01
4.387841131998372335e-01 -1.878095688829793664e-02 -3.573754644393921653e-01 6.220039388480121112e-02 -1.091098740275673468e-01 -3.702241420745850387e-01 -2.887993864957019152e-01 5.448821122556385399e-02 -3.569996213912964844e-01 -9.046524201678032839e-02 -1.169705793831221086e-01 -3.287907934188843417e-01
4.301854434973202412e-01 -3.100418928201206792e-02 -3.600941181182861217e-01 4.903230817722656343e-02 -1.086558624870767181e-01 -3.706883430480957253e-01 -2.974188367531909738e-01 5.550804130582263907e-02 -3.577366209030151123e-01 -7.202681170956638790e-02 -1.078660400418571808e-01 -3.280815553665161199e-01
4.211787081749223116e-01 -4.291733532006899998e-02 -3.621439695358277255e-01 3.614032489291743588e-02 -1.080921827503457389e-01 -3.709099674224853871e-01 -3.058268788109521075e-01 5.667361267424583793e-02 -3.582381486892700639e-01 -5.943701321767752566e-02 -1.012337221928626685e-01 -3.272190427780152233e-01
4.108490933075141793e-01 -5.378939572891558440e-02 -3.639749956130981512e-01 2.381837795716849546e-02 -1.079175864443298050e-01 -3.707830858230590776e-01 -3.140468577942157613e-01 5.810513260235072863e-02 -3.585028314590455456e-01 -5.363821002863010390e-02 -9.692610272888120548e-02 -3.289681816101075462e-01
3.989088025032767049e-01 -6.349650744208304443e-02 -3.657036638259887895e-01 1.249289450352449038e-02 -1.083790722701878095e-01 -3.702009773254394398e-01 -3.208563231208383382e-01 5.921959900342288474e-02 -3.578952741622924982e-01 -5.355923750515162451e-02 -9.418949650090634174e-02 -3.315302848815918080e-01
3.857434339343123741e-01 -7.204511998518484117e-02 -3.672387075424194403e-01 3.478571880384112580e-03 -1.083175938122931947e-01 -3.691523551940918413e-01 -3.268719839021512752e-01 6.013141739585790846e-02 -3.566940927505493075e-01 -6.046700522444842935e-02 -9.265590267333963237e-02 -3.347828102111816695e-01
3.718189154348527925e-01 -7.931277634240943564e-02 -3.680689716339111128e-01 -3.214651190158485106e-03 -1.074837877813522719e-01 -3.670477247238159157e-01 -3.339135654111753393e-01 6.076404950013030576e-02 -3.548308086395263738e-01 -7.481063305188237478e-02 -9.157501900211537094e-02 -3.403977251052856534e-01
3.574806581824903629e-01 -8.528136645784255288e-02 -3.680416345596314032e-01 -5.790133664169062888e-03 -1.054114898632874803e-01 -3.630666875839233532e-01 -3.410118259375316541e-01 6.079608451947590697e-02 -3.520153856277466464e-01 -9.065945136408119776e-02 -8.911393587083732415e-02 -3.427895975112915661e-01
3.430910977487717783e-01 -9.038324882624269863e-02 -3.672586345672607666e-01 -2.097486845070779815e-03 -9.891259004298422197e-02 -3.411901092529297519e-01 -3.473553197297062356e-01 6.452086684768294778e-02 -3.481506299972534357e-01 -1.085362625932568548e-01 -8.494196675420287446e-02 -3.447137546539307262e-01
3.291706678451718493e-01 -9.383683093237465966e-02 -3.659330034255982023e-01 1.221165906793521272e-02 -1.051770519219012712e-01 -3.304460144042968839e-01 -3.513664937329499804e-01 8.362144409871595518e-02 -3.437061309814453680e-01 -1.269019985969376541e-01 -7.869782386093499005e-02 -3.459205722808838535e-01
3.157966789413752529e-01 -9.633214749600683968e-02 -3.639143419265746804e-01 3.177575227299565819e-02 -1.196545784310998617e-01 -3.295905685424804776e-01 -3.515395186385135706e-01 1.042364848858799153e-01 -3.395233678817748957e-01 -1.442115192138666013e-01 -7.032120126884333633e-02 -3.457218980789184548e-01
3.031564702790903176e-01 -9.806260741857195096e-02 -3.620168972015381792e-01 5.651453406755354431e-02 -1.432903759547929923e-01 -3.282232522964478316e-01 -3.480676097300091643e-01 1.261009211422610410e-01 -3.365068483352661732e-01 -1.602836926545395391e-01 -5.976141100204626633e-02 -3.454831695556641602e-01
2.912401733134295512e-01 -9.927153743925767881e-02 -3.601737451553345126e-01 1.016545040729791849e-01 -1.646636776345647146e-01 -3.000775623321533248e-01 -3.409625359268539935e-01 1.475748663068405242e-01 -3.334513330459594749e-01 -1.748409576961443002e-01 -4.760080053831425989e-02 -3.449292325973510875e-01
2.800421328582135549e-01 -9.978982949523226842e-02 -3.585942697525025258e-01 1.304813895561479364e-01 -1.900548363010377828e-01 -2.741947174072266735e-01 -3.299479142146993227e-01 1.668270048056885169e-01 -3.293255901336669678e-01 -1.875602015949228984e-01 -3.466970211307358191e-02 -3.442682027816772461e-01
2.734580571797372572e-01 -9.385727900372543842e-02 -3.572366142272949685e-01 1.544735143288613610e-01 -2.140218934220418368e-01 -2.521739196777343928e-01 -3.132635150666082113e-01 1.832596942504105542e-01 -3.243185758590698686e-01 -1.986067236656196555e-01 -2.094858384704222781e-02 -3.436909103393555043e-01
2.686906557757625102e-01 -8.589333916456003137e-02 -3.562139272689819891e-01 1.779189188149468692e-01 -2.389444578412035225e-01 -2.408822441101074741e-01 -2.919666678085458544e-01 1.960900226291889537e-01 -3.190987396240234086e-01 -2.081087968838660762e-01 -6.746063259580464821e-03 -3.434782743453979048e-01
2.643894647483953086e-01 -7.781358430744665655e-02 -3.555663681030273304e-01 1.994673156730398245e-01 -2.636665279619493374e-01 -2.302835083007812589e-01 -2.694719496114185708e-01 2.046783925765092160e-01 -3.138995456695556907e-01 -2.160834259574355987e-01 6.887486046051133348e-03 -3.437931394577026234e-01
2.603434916319576908e-01 -6.948489023581494450e-02 -3.553587532043457342e-01 2.122888127469324815e-01 -2.824083208797507627e-01 -2.160479354858398926e-01 -2.474380115415931725e-01 2.092029942489027350e-01 -3.103700447082520242e-01 -2.230075698935740647e-01 1.943462364501730155e-02 -3.447970771789551359e-01
2.564612488889175257e-01 -6.082465353622380777e-02 -3.559083652496338179e-01 2.147847908597900757e-01 -2.928713965726132962e-01 -2.077461814880371405e-01 -2.234535169783551933e-01 2.165090722376197263e-01 -3.085504245758057262e-01 -2.293455242344536182e-01 3.042797662175675266e-02 -3.468309926986694602e-01
2.530818048698062483e-01 -5.162294808533185453e-02 -3.567083358764648326e-01 2.044392844447909807e-01 -3.047950871314267784e-01 -2.155211448669433483e-01 -1.935381194279184869e-01 2.331358928471080338e-01 -3.085236930847167769e-01 -2.352939060653292946e-01 4.075979860594090842e-02 -3.492789840698242165e-01
2.500103448626906921e-01 -4.166985843433031189e-02 -3.576593255996705079e-01 1.883438755154134558e-01 -3.220463712855319849e-01 -2.436647224426270186e-01 -1.635066038989616000e-01 2.419605309423782102e-01 -3.103000450134278387e-01 -2.409942058876694826e-01 5.052139330722950350e-02 -3.520395994186402144e-01
2.472628688225051996e-01 -3.124830304102597933e-02 -3.587340879440307218e-01 1.759910367565002409e-01 -3.539520243182726622e-01 -2.878951644897460582e-01 -1.309740782391962954e-01 2.434159590877870705e-01 -3.131894779205321999e-01 -2.465653216242975343e-01 6.015922829818404205e-02 -3.551636695861816184e-01
2.450293898626533240e-01 -2.086886188740030845e-02 -3.597221422195435725e-01 1.439552890938364804e-01 -3.712507385383750913e-01 -2.979693984985352651e-01 -9.808405280655889402e-02 2.421912538124069147e-01 -3.165134334564210228e-01 -2.519299427119496837e-01 7.026953049083213554e-02 -3.582791185379029519e-01
2.436003985414494366e-01 -1.088469272729816750e-02 -3.606020593643188832e-01 1.161043471966628493e-01 -3.718385330044478021e-01 -3.172927188873291282e-01 -6.701157993865949902e-02 2.373473805020167582e-01 -3.198784065246581543e-01 -2.569397288326299988e-01 8.110040819882748109e-02 -3.611278676986693914e-01
2.429521316349938231e-01 -1.488408452357814493e-03 -3.609877443313599388e-01 9.225891438348909901e-02 -3.702100070261008513e-01 -3.333304405212402788e-01 -3.724290462457710560e-02 2.298952374353274708e-01 -3.231926059722901035e-01 -2.615349801111359063e-01 9.321255369863493123e-02 -3.633831548690796276e-01
2.430962568825767445e-01 7.900115476688618354e-03 -3.604854106903077060e-01 7.622042043118845700e-02 -3.612157041767575238e-01 -3.464149379730225298e-01 -1.041613336574918891e-02 2.188067832213583253e-01 -3.261323046684266869e-01 -2.657103600970364687e-01 1.062913461968333778e-01 -3.650135755538942428e-01
2.440831102153695475e-01 1.657461276030842978e-02 -3.588811779022216819e-01 6.543863645080927327e-02 -3.478664477521428711e-01 -3.533333492279052690e-01 1.380107407847656897e-02 2.039820731985289015e-01 -3.268338251113891424e-01 -2.694331114112061831e-01 1.199936120677615042e-01 -3.659141111373901412e-01
2.455503945005404476e-01 2.127683017290779577e-02 -3.557290267944336337e-01 5.810999375283656954e-02 -3.338786908327933123e-01 -3.570908021926880171e-01 3.354718588178180749e-02 1.892455159640860640e-01 -3.265971326828002175e-01 -2.726244484945882229e-01 1.342619569581942618e-01 -3.660564470291137185e-01
2.461386343833515400e-01 1.958351211272267578e-02 -3.496531820297241189e-01 5.384540502296392139e-02 -3.196590813548266241e-01 -3.586738204956054776e-01 4.815953635900113716e-02 1.775727274163806102e-01 -3.277876281738281716e-01 -2.750905707676041811e-01 1.496620364791294289e-01 -3.653994131088257324e-01
2.461223027941158437e-01 8.930381662939523846e-03 -3.385117340087891447e-01 5.056123473459651907e-02 -3.054137381495536374e-01 -3.592086458206177335e-01 5.753677078515966048e-02 1.671702989254998106e-01 -3.300070381164550426e-01 -2.761832313272052364e-01 1.659740296115793934e-01 -3.637836742401122647e-01
2.436487733371114905e-01 -1.330466970314668484e-02 -3.257061338424684371e-01 4.757119493895324569e-02 -2.920882345979478045e-01 -3.588154983520509544e-01 6.350655425214296601e-02 1.595192464377452046e-01 -3.316776251792908359e-01 -2.759912123449116961e-01 1.825234684749234282e-01 -3.614501190185547830e-01
2.379191629677561148e-01 -4.615990659406885022e-02 -3.137977218627928666e-01 4.430134306831819135e-02 -2.795811404520427423e-01 -3.571037244796751997e-01 6.886941260634288353e-02 1.597433170468377794e-01 -3.352384495735168946e-01 -2.750732303875833562e-01 1.989723359718133244e-01 -3.584357643127441539e-01
2.303307570572815099e-01 -8.702779077898234461e-02 -3.048337745666504506e-01 4.009552795797892422e-02 -2.674318451857412571e-01 -3.547504854202271352e-01 7.009045621307391505e-02 1.665009802517097848e-01 -3.404439663887024459e-01 -2.737100605138897969e-01 2.150538140567959389e-01 -3.552937364578248047e-01
2.205453198416049698e-01 -1.341935477753883055e-01 -2.973422145843506170e-01 3.403464539731311522e-02 -2.555436258167605446e-01 -3.519679927825928312e-01 6.830056126481269529e-02 1.763047339263416613e-01 -3.450657367706297940e-01 -2.720409190719037529e-01 2.303111223335929103e-01 -3.515677118301390736e-01
2.235542410324326268e-01 -1.755329192646487013e-01 -2.915127372741698197e-01 2.630854067176036093e-02 -2.436176198091399847e-01 -3.489352893829344993e-01 6.528828968952249401e-02 1.845937511834980782e-01 -3.456096863746643266e-01 -2.698553466656818944e-01 2.438479402353284642e-01 -3.467479419708252020e-01
2.410034642405082250e-01 -2.066330977411470760e-01 -2.916680145263672586e-01 1.769924041562731531e-02 -2.318397884740724391e-01 -3.468312025070190985e-01 6.118826508095953631e-02 1.908316764975689084e-01 -3.435547089576721502e-01 -2.648523979348201829e-01 2.520519185963371323e-01 -3.424574136734009344e-01
2.567393463087236372e-01 -2.366212824644471080e-01 -2.933396339416504128e-01 8.829190125164670944e-03 -2.198411389255798265e-01 -3.459268045425415994e-01 5.618053046601891032e-02 1.974629361462084676e-01 -3.425350379943847279e-01 -2.577118192005502517e-01 2.553382800919876128e-01 -3.375707149505615123e-01
2.723009575360007539e-01 -2.672010425782818666e-01 -2.980768299102783403e-01 1.064834984822432551e-03 -2.076568328039039568e-01 -3.440264129638672119e-01 5.105537902449942822e-02 2.049346230559556670e-01 -3.423599052429199818e-01 -2.495581171369111728e-01 2.540127192726940875e-01 -3.310455513000488681e-01
2.853605615217318370e-01 -2.952191471609230122e-01 -3.044732856750488326e-01 -4.757376376986560684e-03 -1.961441608019168226e-01 -3.390862846374511630e-01 4.624985970151655745e-02 2.132959750027619283e-01 -3.426053714752197443e-01 -2.410761455819256105e-01 2.482513586640165415e-01 -3.241201353073120406e-01
2.923641052903855897e-01 -3.138552050137298766e-01 -3.103459692001343528e-01 -8.583867882781107128e-03 -1.853623623592291769e-01 -3.319535446166992920e-01 4.158434557505773232e-02 2.222709675927364847e-01 -3.434262132644653742e-01 -2.315432464973223026e-01 2.376250540826311264e-01 -3.178448534011841242e-01
2.925867692466754266e-01 -3.208596811952151850e-01 -3.200625038146973078e-01 -1.292963818863381020e-02 -1.754922708807598319e-01 -3.272583580017089933e-01 3.723954945434364283e-02 2.316455206490340424e-01 -3.448434400558472168e-01 -2.190604602094896325e-01 2.198296160384577147e-01 -3.141150808334350897e-01
2.883464275967645984e-01 -3.185467455042672591e-01 -3.320695304870606712e-01 -1.951538146484291247e-02 -1.640055357382880774e-01 -3.268217992782593839e-01 3.320148623850088798e-02 2.411814685453530227e-01 -3.467600297927856401e-01 -2.024777220260930433e-01 1.949448736767033785e-01 -3.126879978179931685e-01
2.814671512125752062e-01 -3.098809753169050052e-01 -3.426147031784057551e-01 -3.250208422692617977e-02 -1.500201289820840556e-01 -3.334117221832275102e-01 2.929452015757857963e-02 2.507535711410925350e-01 -3.486474704742432706e-01 -1.843417392158085699e-01 1.677887428295134764e-01 -3.127817010879517801e-01
2.721241978556486751e-01 -2.975632651709974597e-01 -3.498012685775756525e-01 -7.959570465302084896e-02 -1.492833767601243478e-01 -3.596543359756468883e-01 2.576878044501072773e-02 2.603999517715888667e-01 -3.503739404678345437e-01 -1.658783901227658675e-01 1.400295239649586021e-01 -3.148277902603149880e-01
2.648284383642832140e-01 -2.850952506839099510e-01 -3.539937305450439609e-01 -9.406545851274508707e-02 -1.454411298139098307e-01 -3.602794408798218329e-01 2.190545315430629525e-02 2.698881017587100306e-01 -3.517610979080200706e-01 -1.475967774382336284e-01 1.122193600652006129e-01 -3.165303516387939498e-01
2.583841947917073223e-01 -2.728005043865409651e-01 -3.568318986892700662e-01 -9.851362409371755557e-02 -1.363307847029275877e-01 -3.600769996643066739e-01 1.765599243680460173e-02 2.791971014974016785e-01 -3.531634044647217197e-01 -1.310073003213350074e-01 8.637365571148822307e-02 -3.203399038314819758e-01
2.523453828861510484e-01 -2.595899437349997729e-01 -3.587907934188843129e-01 -9.932178046439779640e-02 -1.284472919353134013e-01 -3.587081909179687389e-01 1.299313621336883884e-02 2.883215643503614922e-01 -3.546212005615234641e-01 -1.160532844505998140e-01 6.145083299604439664e-02 -3.227325034141540483e-01
2.466094640289521744e-01 -2.453014632103205084e-01 -3.602403163909912998e-01 -9.991665504439864454e-02 -1.254509801089610244e-01 -3.557911014556885410e-01 8.056828564190737785e-03 2.978272528650771633e-01 -3.564541053771973500e-01 -1.037073796883349053e-01 3.891696740785023645e-02 -3.240683507919312478e-01
2.412947289784124205e-01 -2.301582813309437647e-01 -3.614765739440917725e-01 -9.788385522507528358e-02 -1.253193560697227205e-01 -3.463900041580200151e-01 3.140090511144846830e-03 3.077411080432688184e-01 -3.583853769302368097e-01 -9.470280963433974630e-02 2.115909209883878525e-02 -3.256688714027404785e-01
2.364487431958254560e-01 -2.141314951162611724e-01 -3.624497461318969549e-01 -9.390709788946270675e-02 -1.395078559450319555e-01 -3.301410484313964666e-01 -9.766257948898571239e-04 3.179824497101171876e-01 -3.598147535324096591e-01 -8.865783757351589078e-02 8.362480155364383078e-03 -3.279013061523437522e-01
2.319588129247551755e-01 -1.973377532984907923e-01 -3.628759050369262940e-01 -8.417102265048756471e-02 -1.642965357744179677e-01 -3.171186161041259499e-01 -4.191146916778409892e-03 3.284652604154693623e-01 -3.605672502517699995e-01 -8.554254198547861510e-02 1.687903660471345296e-03 -3.307968616485595925e-01
2.275668605685181034e-01 -1.804460888935460749e-01 -3.626904916763306064e-01 -6.691752882889838439e-02 -1.942185173044682078e-01 -3.065954303741455500e-01 -6.762251095328755679e-03 3.388795408552037203e-01 -3.604682207107544611e-01 -8.486245105770921782e-02 1.063003479182873801e-03 -3.312803649902344438e-01
2.230603599480056043e-01 -1.636034367937828082e-01 -3.622400903701782360e-01 -4.342364213367333470e-02 -2.257562001836839194e-01 -2.991375446319580189e-01 -8.298398413715657451e-03 3.490742530133095212e-01 -3.595544481277465620e-01 -8.584471742145793893e-02 4.893742302669396027e-03 -3.334754443168639892e-01
2.181622074836426783e-01 -1.470224779388105696e-01 -3.617078924179077948e-01 -1.661438755034372328e-02 -2.572996279994764768e-01 -2.943753719329835206e-01 -8.747750587645916620e-03 3.588199743538820763e-01 -3.578913164138795011e-01 -8.793130988116962254e-02 1.197095690101462190e-02 -3.382461428642273837e-01
2.127443657732546178e-01 -1.307853518689563732e-01 -3.610789394378661754e-01 1.145546060545132860e-02 -2.873972840744000168e-01 -2.910255241394042458e-01 -8.467473913036926980e-03 3.677611502110532116e-01 -3.554999446868896129e-01 -9.055655195993354833e-02 2.074436128861467665e-02 -3.426617956161499001e-01
2.069321484483257478e-01 -1.152336205381013223e-01 -3.606405591964721435e-01 3.852142366264307838e-02 -3.169394234270194732e-01 -2.896876335144042969e-01 -7.344704091235929044e-03 3.758247765524617146e-01 -3.526741647720336714e-01 -9.319792089079559361e-02 2.949395779805864468e-02 -3.439170074462890581e-01
2.006935028181612846e-01 -1.005208912352224676e-01 -3.604988622665405984e-01 6.239539625593995553e-02 -3.468856085480072626e-01 -2.903917121887207298e-01 -6.050321826627083621e-03 3.835797963236949326e-01 -3.497614192962647528e-01 -9.566199710693970570e-02 3.809006164623714163e-02 -3.451471590995789374e-01
1.940767637106904087e-01 -8.663062380162969700e-02 -3.608059597015381703e-01 8.383126907065760469e-02 -3.747185933288784687e-01 -2.946731567382813166e-01 -5.495336530175268241e-03 3.854288425034211873e-01 -3.468922758102417903e-01 -9.795571303869057833e-02 4.750040345305159978e-02 -3.467086100578308794e-01
1.871068057158079001e-01 -7.352683296154327586e-02 -3.615582513809205700e-01 1.029457162932342629e-01 -4.024052242227162957e-01 -3.042556381225587359e-01 -4.290958151084947603e-03 3.813891820952453049e-01 -3.449748611450196845e-01 -1.001673039459840819e-01 5.843356417102903849e-02 -3.486514377593995517e-01
1.800468132770849383e-01 -6.141801085461015552e-02 -3.625408697128296165e-01 1.188102988561914319e-01 -4.308192085639754310e-01 -3.182265472412109109e-01 -2.588514689566445703e-03 3.736308358311540845e-01 -3.433039474487304954e-01 -1.018851074115002808e-01 7.018508848090068697e-02 -3.510185027122497692e-01
1.727630925053016686e-01 -5.011145704356545494e-02 -3.636008214950561257e-01 1.282002015725247912e-01 -4.523272437328569318e-01 -3.317490005493163863e-01 -2.741335730158417361e-03 3.625677651377318678e-01 -3.415554666519164950e-01 -1.030831779259583636e-01 8.223880713766579253e-02 -3.537052464485168080e-01
1.649905986900848665e-01 -3.922392426246495284e-02 -3.646020078659057972e-01 1.308213624031760725e-01 -4.669180949738482855e-01 -3.454161453247070468e-01 1.465406213523992585e-03 3.493039289972461603e-01 -3.390409040451050071e-01 -1.038804916789482086e-01 9.432915704836544735e-02 -3.565149116516113659e-01
1.568611073766360553e-01 -2.895504650357193233e-02 -3.654681253433226806e-01 1.267178594486455534e-01 -4.762792018929987714e-01 -3.586419391632079123e-01 1.030517523360234555e-02 3.330647982788602079e-01 -3.365315866470336981e-01 -1.046520291723161827e-01 1.063134607091171802e-01 -3.592875909805298140e-01
1.484581667518085069e-01 -1.880538975657735506e-02 -3.661769104003906872e-01 1.223129408924074069e-01 -4.787707233439603138e-01 -3.695617246627808106e-01 1.889767991493344901e-02 3.116924759118748778e-01 -3.340886497497558283e-01 -1.053888590645026130e-01 1.182347971545208987e-01 -3.618784379959105735e-01
1.395701032990471213e-01 -8.639721245077766620e-03 -3.667493200302124889e-01 1.190961769278224003e-01 -4.733302340394759389e-01 -3.778709363937378662e-01 2.662765342519633760e-02 2.880629704083921827e-01 -3.323319244384765336e-01 -1.062087574752837438e-01 1.302079893357469820e-01 -3.644425725936888960e-01
1.307103303710023257e-01 8.101776911860897323e-04 -3.669448518753051225e-01 1.147289370619449800e-01 -4.623920021004703229e-01 -3.832928133010863325e-01 3.347625455317864568e-02 2.638973390337066016e-01 -3.318340396881103160e-01 -1.070547690096794458e-01 1.420908016991679068e-01 -3.667981433868407470e-01
1.225264413253320112e-01 9.170184358175535733e-03 -3.668111801147461160e-01 1.102294583980987508e-01 -4.490753393998701548e-01 -3.867055273056030362e-01 3.958651991660821351e-02 2.386593343679477008e-01 -3.318517589569092152e-01 -1.080109790578726026e-01 1.536948140627000248e-01 -3.689838886260986550e-01
1.156552557256914776e-01 1.614144276380836268e-02 -3.656161308288574108e-01 1.061087776755888779e-01 -4.353173452206083871e-01 -3.884197425842285112e-01 4.489943033157893504e-02 2.125545688955144674e-01 -3.314246368408204080e-01 -1.093350882937443036e-01 1.652058758299149166e-01 -3.712810134887696289e-01
1.107367796171760538e-01 2.137853514749551986e-02 -3.626083707809448220e-01 1.021727315384767798e-01 -4.228062308092572774e-01 -3.892329835891723544e-01 4.945870044547301392e-02 1.874991560649558464e-01 -3.322617578506469882e-01 -1.109601959672893989e-01 1.765592410600930195e-01 -3.737517309188843062e-01
1.082301729861546435e-01 2.469867599371998457e-02 -3.565572166442871338e-01 9.817613155312576723e-02 -4.103929670304506394e-01 -3.899065494537353738e-01 5.384460326047052492e-02 1.620951820364621432e-01 -3.333857727050780206e-01 -1.159045040098564128e-01 1.868218962678271644e-01 -3.755245161056517955e-01
1.091148331333263166e-01 2.579898545815025035e-02 -3.453150701522829102e-01 9.402383456459162403e-02 -3.985915931686502267e-01 -3.902766942977908271e-01 5.815429343628920195e-02 1.367580897053197742e-01 -3.325375509262085694e-01 -1.215943911441469960e-01 1.963250866855344168e-01 -3.766766119003296387e-01
1.149929450144964727e-01 2.406252863051036583e-02 -3.297965240478516469e-01 8.960821146179817620e-02 -3.874246334623211441e-01 -3.904279184341431508e-01 6.194625306544454535e-02 1.146118519217201037e-01 -3.309239435195923673e-01 -1.275221641620028490e-01 2.051412352768036129e-01 -3.774216938018799539e-01
1.252620017030012523e-01 2.037365083126529280e-02 -3.130766391754150613e-01 8.503348004942617999e-02 -3.769781090286427605e-01 -3.904241847991943848e-01 6.476690689440822712e-02 9.819772056247212666e-02 -3.310982322692870294e-01 -1.334987947882306514e-01 2.133903213549578903e-01 -3.779245662689208474e-01
1.390944016706519570e-01 1.557808395540118129e-02 -2.974026870727539129e-01 8.014971011925706157e-02 -3.675626024541945314e-01 -3.904101371765136830e-01 6.664722801380751349e-02 8.644926392892732236e-02 -3.330328941345213623e-01 -1.392418458399466152e-01 2.201118765863182836e-01 -3.779949140548705122e-01
1.552854087061910915e-01 1.052923480819543262e-02 -2.826541614532470659e-01 7.520341133253896637e-02 -3.584355800654275837e-01 -3.902805233001709340e-01 6.788937705401761058e-02 7.902786635296163431e-02 -3.364212608337402433e-01 -1.452694900069890493e-01 2.267459080237671787e-01 -3.779732608795166038e-01
1.724584761691154433e-01 6.116576863759215499e-03 -2.715509986877441273e-01 7.036711218141006308e-02 -3.490508737337341683e-01 -3.901753807067870894e-01 6.811234586090884890e-02 7.788790744096703300e-02 -3.420439100265503796e-01 -1.516469852732129642e-01 2.336708371744385393e-01 -3.780415821075440164e-01
1.944297955515187915e-01 2.999703099134803930e-04 -2.663948249816895375e-01 6.533557322164139369e-02 -3.394868216761212087e-01 -3.902280187606811945e-01 6.701132754035936390e-02 8.446998574173913976e-02 -3.496393656730652499e-01 -1.583296784722831863e-01 2.405359763332578227e-01 -3.780965185165405806e-01
2.199522233399985316e-01 -6.129832339027835308e-03 -2.656876373291016113e-01 5.999197401145281439e-02 -3.298053778966318905e-01 -3.903433465957641957e-01 6.544672156220124326e-02 9.277797676701166063e-02 -3.565642452239990434e-01 -1.655559346556370603e-01 2.470504439721734335e-01 -3.780104494094849166e-01
2.473618728127557065e-01 -1.234972886738833209e-02 -2.684507560729981757e-01 5.438004147348414474e-02 -3.200894747029908727e-01 -3.904211139678957498e-01 6.352536685038222275e-02 1.009893785384296666e-01 -3.611538696289062211e-01 -1.728534229645525833e-01 2.529668765240632444e-01 -3.774422168731689231e-01
2.761269738846944821e-01 -1.804332007966499840e-02 -2.737765884399414595e-01 4.861277988907308778e-02 -3.105327109767652138e-01 -3.903143024444580278e-01 6.090259298719859216e-02 1.096676116413952684e-01 -3.639260149002075395e-01 -1.796024883360917146e-01 2.580674600932966745e-01 -3.760629796981811990e-01
3.076363501583897486e-01 -2.364905460189152542e-02 -2.810543537139891801e-01 4.283947290082810999e-02 -3.011441560655185312e-01 -3.900035619735716663e-01 5.752555377621715316e-02 1.187645555291401145e-01 -3.654476189613342640e-01 -1.858875357517922045e-01 2.611100093433285640e-01 -3.740859699249267645e-01
3.345145069678783223e-01 -2.634630353118244672e-02 -2.912291145324707453e-01 3.714455129517202359e-02 -2.921023924635160474e-01 -3.893568086624145663e-01 5.296629109948937375e-02 1.280687713565502317e-01 -3.656933355331421498e-01 -1.908164737083137275e-01 2.620757512307037018e-01 -3.711075210571289640e-01
3.541690428060432216e-01 -2.513833475060404943e-02 -3.032901096343994518e-01 3.172723100390555107e-02 -2.835002053282900669e-01 -3.884331893920899281e-01 4.706593096200869381e-02 1.377167876703626059e-01 -3.663570070266723988e-01 -1.938211400754077940e-01 2.616762743143958847e-01 -3.671615648269653809e-01
3.645755547430143961e-01 -1.977854524810432335e-02 -3.167690181732178423e-01 2.657712324915532942e-02 -2.755775657720097027e-01 -3.872183418273926758e-01 3.985988525996254916e-02 1.473279079593527718e-01 -3.666699457168579590e-01 -1.953373004055294904e-01 2.593698392950494203e-01 -3.621105766296387474e-01
3.657515422784664016e-01 -1.087453264084052573e-02 -3.318742561340333741e-01 2.129066896288016320e-02 -2.686872875362826818e-01 -3.856322145462038886e-01 3.147055954152833124e-02 1.564560949065763873e-01 -3.659683847427368519e-01 -1.962090980589102363e-01 2.543268953418977296e-01 -3.544296836853028099e-01
3.580161460699287090e-01 4.151318140465515283e-04 -3.489800882339478827e-01 1.581511055989451298e-02 -2.631368194942689809e-01 -3.836357831954958497e-01 2.228867542570999588e-02 1.646529586560854796e-01 -3.650582885742187922e-01 -1.956705607011075543e-01 2.444517994941476924e-01 -3.435822772979736928e-01
3.430847255780442584e-01 1.313877551306136260e-02 -3.631252527236937810e-01 1.001492345813690538e-02 -2.585600298373943451e-01 -3.813782548904418035e-01 1.304114621584573364e-02 1.716603924556524552e-01 -3.644156742095947532e-01 -1.949564087307592286e-01 2.237620910282170916e-01 -3.306863880157471236e-01
3.302783872075921168e-01 2.515839255559945697e-02 -3.746839952468872248e-01 4.528626602030842718e-03 -2.547116735910295304e-01 -3.788268995285034579e-01 4.017781033610876018e-03 1.775448998131368417e-01 -3.642222547531128174e-01 -1.949088850014697172e-01 1.956772209909970750e-01 -3.160606145858764759e-01
3.178950655244406343e-01 3.643655060771532755e-02 -3.802447366714480914e-01 -3.617334422681903194e-04 -2.516645034889330446e-01 -3.760499382019046322e-01 -4.561070075904199994e-03 1.825366239326421391e-01 -3.644210004806519576e-01 -1.951656787182639019e-01 1.632436939014435817e-01 -3.002904891967774770e-01
3.070105765635609552e-01 4.690933840815249278e-02 -3.828703975677489879e-01 -4.306864880510474086e-03 -2.494323178809105535e-01 -3.732419729232788197e-01 -1.330318343157947669e-02 1.872313934313125927e-01 -3.650683021545410023e-01 -1.955822954176081596e-01 1.278472198577425556e-01 -2.852864551544189164e-01
2.967194325722706805e-01 5.669915145722480287e-02 -3.837799930572509677e-01 -6.648568862279644054e-03 -2.478222480385883220e-01 -3.705368423461914418e-01 -2.216947568080702979e-02 1.916116592827671883e-01 -3.662696123123169167e-01 -1.975355658375469448e-01 9.155142792340316416e-02 -2.744641399383545011e-01
2.865366372700316466e-01 6.621895243935471687e-02 -3.839527797698975564e-01 -6.845435043634086336e-03 -2.466260104619797944e-01 -3.676217842102051936e-01 -3.146299293171747613e-02 1.956464524715043896e-01 -3.678923988342285845e-01 -2.004922442619451184e-01 5.542109239676877575e-02 -2.696677494049073420e-01
2.760607418121630574e-01 7.554569893472343201e-02 -3.842878293991088268e-01 -5.244764550344878026e-03 -2.450732251930612948e-01 -3.645708847045897594e-01 -4.134278873359827078e-02 1.993246452395433799e-01 -3.697559022903442738e-01 -2.042934384807233716e-01 1.888890345011419447e-02 -2.708330345153808771e-01
2.651784859192853339e-01 8.474260885445870917e-02 -3.855147457122803378e-01 -1.439140256105986455e-03 -2.424241529874203160e-01 -3.620081710815430398e-01 -5.197879984502640216e-02 2.026307028466421412e-01 -3.717089366912842419e-01 -2.086124478402756055e-01 -1.705670000940166797e-02 -2.769563865661621715e-01
2.540984722853851241e-01 9.367895724100844257e-02 -3.867741823196411133e-01 5.182146597710354623e-03 -2.383829970126313813e-01 -3.600246810913086404e-01 -6.347589413083780385e-02 2.054191085825537999e-01 -3.734023427963258368e-01 -2.122368728759410073e-01 -5.142348659084620965e-02 -2.861997222900392046e-01
2.428812792137892695e-01 1.023135617704873934e-01 -3.876652669906615056e-01 1.524034145950906027e-02 -2.327172662944826387e-01 -3.583072328567503684e-01 -7.565354009922062306e-02 2.075583002551533718e-01 -3.747635793685912264e-01 -2.148206697054912684e-01 -8.255672138450501074e-02 -2.987552022933959162e-01
2.315619640702465953e-01 1.106745962333151589e-01 -3.882738828659058061e-01 2.885700265897054098e-02 -2.252681989609391089e-01 -3.570248508453369718e-01 -8.805144166516118420e-02 2.089735338003698151e-01 -3.758813142776489813e-01 -2.159961723503721620e-01 -1.114111295838992322e-01 -3.114174652099609975e-01
2.203493113875151788e-01 1.187112961278550816e-01 -3.886118459701537464e-01 4.587453090848630372e-02 -2.151163749112868229e-01 -3.561636543273925537e-01 -1.003731268545227651e-01 2.095595966310928038e-01 -3.766525363922118563e-01 -2.165764452276027485e-01 -1.373935652172816879e-01 -3.225181484222411910e-01
2.090403430232949944e-01 1.266420700672555300e-01 -3.886497354507444935e-01 6.580097575900467621e-02 -2.038429538683215747e-01 -3.551188373565672407e-01 -1.121560272493508925e-01 2.095263141012943531e-01 -3.772139024734497137e-01 -2.175551134685193566e-01 -1.567339394653968210e-01 -3.323904657363891402e-01
1.975386316227446537e-01 1.342922821808584244e-01 -3.884640502929690431e-01 8.799024089466890575e-02 -1.910953167635244809e-01 -3.533386230468751332e-01 -1.235922752882691739e-01 2.088061567551441899e-01 -3.777910614013674784e-01 -2.190389259626229490e-01 -1.674432368759112832e-01 -3.424102258682252820e-01
1.859670935256400870e-01 1.415673219746592659e-01 -3.880755424499510720e-01 1.117264494375376088e-01 -1.758504252505020127e-01 -3.502080488204954989e-01 -1.348622266414280513e-01 2.072804172912472154e-01 -3.784145259857177868e-01 -2.216279752892990340e-01 -1.739296762509855987e-01 -3.508404684066772639e-01
1.742988324738609651e-01 1.486116393175122008e-01 -3.875629472732543546e-01 1.366344478943509744e-01 -1.581505895233167591e-01 -3.465373897552489479e-01 -1.461124451499898336e-01 2.048150424933817271e-01 -3.789835071563721347e-01 -2.242614110487358148e-01 -1.768469107774416071e-01 -3.578904724121094172e-01
1.626395115753258014e-01 1.553255400953665322e-01 -3.869467973709107000e-01 1.633128762137141532e-01 -1.385473732471871333e-01 -3.434053659439087469e-01 -1.572663667233474560e-01 2.014204207610236497e-01 -3.794145870208740501e-01 -2.282275260364171054e-01 -1.770703074337823257e-01 -3.654898595809936701e-01
1.511429092978717748e-01 1.616012167163326518e-01 -3.862671327590943005e-01 1.894351039622451105e-01 -1.163741239793780330e-01 -3.404618597030640292e-01 -1.674678746512662242e-01 1.965631033217943857e-01 -3.790808105468749800e-01 -2.316179923462061419e-01 -1.749496485507514854e-01 -3.721613502502441051e-01
1.396907384651253914e-01 1.673887182642377625e-01 -3.853594589233399481e-01 2.152116767978927703e-01 -9.126001134561362305e-02 -3.383120155334473633e-01 -1.770695021670868896e-01 1.907818806139877088e-01 -3.779971456527710938e-01 -2.327846458486582393e-01 -1.710928614252154312e-01 -3.758057785034180642e-01
1.282981834682496713e-01 1.725395777079652970e-01 -3.841776847839356579e-01 2.397814220789439010e-01 -6.284039128654396456e-02 -3.369560813903809682e-01 -1.825736647089834241e-01 1.912657154266266257e-01 -3.758461236953736240e-01 -2.330285988573780886e-01 -1.666209283346624381e-01 -3.775405693054200151e-01
1.172224627304981892e-01 1.767660555659195665e-01 -3.832804679870605580e-01 2.630487245022913867e-01 -3.258725806869328112e-02 -3.365466499328613192e-01 -1.841570669217804379e-01 1.986689941041461793e-01 -3.728957366943358442e-01 -2.330057625274506994e-01 -1.630067884693978397e-01 -3.780385494232176846e-01
1.066926423687284131e-01 1.801342396222194997e-01 -3.826887893676756969e-01 2.843308857676383750e-01 9.509094891613223410e-05 -3.382573032379149192e-01 -1.865572834216621123e-01 2.028084372436561866e-01 -3.690241670608520597e-01 -2.330809128163320032e-01 -1.597962393663987235e-01 -3.777955913543701305e-01
9.681373021513205168e-02 1.826990545628139340e-01 -3.822315931320190985e-01 3.046329662160658369e-01 3.441815625971703096e-02 -3.416166448593139782e-01 -1.896525237243738282e-01 2.022260715352649230e-01 -3.640030527114868630e-01 -2.338579861667206827e-01 -1.558130032706778745e-01 -3.775176572799682773e-01
8.749293531678495328e-02 1.844958499976973587e-01 -3.818725585937500777e-01 3.213404332541135444e-01 6.825551307919412725e-02 -3.452866125106812123e-01 -1.937305706889478341e-01 1.953710433972010163e-01 -3.580010652542114924e-01 -2.354920273890915849e-01 -1.513594156598547513e-01 -3.774491596221924428e-01
7.892434191816084799e-02 1.854600418155255559e-01 -3.815973997116088867e-01 3.306235427428518281e-01 9.951413178003022664e-02 -3.480420923233032426e-01 -1.989944486242986588e-01 1.809236581541379674e-01 -3.510792732238769975e-01 -2.378117599022956385e-01 -1.469082471185502170e-01 -3.775999164581299028e-01
7.081638821339955592e-02 1.859476509291336510e-01 -3.814074420928955655e-01 3.349075996885897410e-01 1.263706907786348310e-01 -3.514332342147827859e-01 -2.048092545543300780e-01 1.580384115276517454e-01 -3.423757171630860685e-01 -2.403810576807797195e-01 -1.429800746043302095e-01 -3.777186965942385677e-01
6.324124246717031939e-02 1.859992395759840766e-01 -3.812205553054809903e-01 3.362028819272097069e-01 1.486791435179701248e-01 -3.554827260971069602e-01 -2.084907774731782903e-01 1.422819225600888693e-01 -3.329909038543700239e-01 -2.430708135332522446e-01 -1.397664311720696606e-01 -3.777908563613890935e-01
5.593679879946242967e-02 1.857702095741718962e-01 -3.809526109695434704e-01 3.344101022007630597e-01 1.668172813207163263e-01 -3.596904277801513672e-01 -2.062956184122075043e-01 1.367208558172634536e-01 -3.234320497512817583e-01 -2.455944786744467534e-01 -1.372170391540195322e-01 -3.777333784103393821e-01
4.894469746091605067e-02 1.851375671147389990e-01 -3.808296966552734419e-01 3.288321721759486227e-01 1.789640770927642954e-01 -3.646820354461669522e-01 -2.021335873336945754e-01 1.301066010531249373e-01 -3.152281188964842773e-01 -2.478173238536844070e-01 -1.348405638766340675e-01 -3.777637195587156826e-01
4.285244988654882126e-02 1.837698562519742562e-01 -3.808393907546997470e-01 3.169892123864066491e-01 1.838527678693659961e-01 -3.703147315979004039e-01 -1.981195519806114580e-01 1.232390332787039605e-01 -3.106773424148560059e-01 -2.498418783952790490e-01 -1.329924681250743146e-01 -3.780177116394043413e-01
3.727193062629502451e-02 1.821125343496341475e-01 -3.809563302993774214e-01 3.012955463072187201e-01 1.871421798709508033e-01 -3.756716012954711692e-01 -1.952103298752699834e-01 1.164933730857927452e-01 -3.116476058959961604e-01 -2.517176349081393649e-01 -1.312483317472785127e-01 -3.785626363754273083e-01
3.127476882224224097e-02 1.805177878731590302e-01 -3.812499618530273415e-01 2.916316140816358482e-01 1.891035755041707844e-01 -3.806122350692748846e-01 -1.929940447095279399e-01 1.098805365930885514e-01 -3.164573860168456987e-01 -2.534900201911232664e-01 -1.291777746943067462e-01 -3.793355846405029319e-01
2.482002272181245417e-02 1.788842235928279345e-01 -3.816711807250975363e-01 2.857309235227999955e-01 1.901387332493267579e-01 -3.849656009674071178e-01 -1.903324363693442711e-01 1.033036056137812964e-01 -3.237989044189454324e-01 -2.553875422370358028e-01 -1.268743518561634975e-01 -3.801474571228029564e-01
1.835625779050512052e-02 1.770284082900547840e-01 -3.821262407302856157e-01 2.823719488958457147e-01 1.903563652098475556e-01 -3.887885141372680597e-01 -1.889221307825342810e-01 9.699524237765463908e-02 -3.327741241455078325e-01 -2.574457668647558428e-01 -1.246534362173591093e-01 -3.808817291259765647e-01
1.201682837263960690e-02 1.745681671709724270e-01 -3.825831317901611794e-01 2.807942659247130157e-01 1.893824876998495277e-01 -3.920484066009521928e-01 -1.913075025272334140e-01 9.076262714351047978e-02 -3.440310001373291238e-01 -2.596399073754394049e-01 -1.231412663454967554e-01 -3.818657207489014049e-01
5.790195611379930773e-03 1.712109980391226804e-01 -3.827839803695678444e-01 2.785480818665311276e-01 1.874846480065024967e-01 -3.943434095382690185e-01 -1.964735334522917376e-01 8.395342606887123971e-02 -3.530346918106079257e-01 -2.615963121424897952e-01 -1.223477562905045529e-01 -3.827472114562988081e-01
-2.305613728317557065e-04 1.672346819344685820e-01 -3.827433156967163796e-01 2.753631454728101557e-01 1.851327228047925377e-01 -3.959487438201905185e-01 -2.046431073252267252e-01 7.636283612313381208e-02 -3.588057851791382480e-01 -2.629142249969615985e-01 -1.220959903534819535e-01 -3.832268190383911755e-01
-5.573109421126140606e-03 1.627610850000445475e-01 -3.824837684631348100e-01 2.713817771411400903e-01 1.822863008115884198e-01 -3.971928071975708852e-01 -2.140801349342831006e-01 6.795145135811006543e-02 -3.635768222808839489e-01 -2.643517958165574333e-01 -1.221799476429325931e-01 -3.833834791183474699e-01
-1.023980341610563477e-02 1.582654024536900850e-01 -3.818415117263794234e-01 2.672814263407414237e-01 1.791889924521226085e-01 -3.980640792846680265e-01 -2.233205982199756578e-01 5.884616736535232262e-02 -3.671067380905151945e-01 -2.658960766400337850e-01 -1.233200580308394662e-01 -3.832166862487793035e-01
-1.406347236271378309e-02 1.543897792419399451e-01 -3.808795833587647062e-01 2.635672581507720325e-01 1.757760189908558202e-01 -3.986278009414673251e-01 -2.326374109503000776e-01 4.902790048998806327e-02 -3.708269834518432839e-01 -2.675529681702987772e-01 -1.253112323819027263e-01 -3.827696180343628241e-01
-1.711445017882397279e-02 1.512043486758249955e-01 -3.795335006713865811e-01 2.601873196979253011e-01 1.720275386856021660e-01 -3.988373184204100363e-01 -2.407483555824482535e-01 3.905103633805535185e-02 -3.744539690017699152e-01 -2.689755892304931950e-01 -1.283285577883016004e-01 -3.814793777465819158e-01
-1.954320775860986931e-02 1.488068001370039528e-01 -3.776650953292847168e-01 2.570249326065253692e-01 1.681198380147240212e-01 -3.986804151535034424e-01 -2.472865861740771165e-01 2.911018291247117334e-02 -3.771485900878906450e-01 -2.682578649343059229e-01 -1.389488819044398804e-01 -3.788317966461182129e-01
-2.122843648456708421e-02 1.476282260907094135e-01 -3.753405475616455877e-01 2.539030743724233763e-01 1.641859610658640833e-01 -3.981159591674805487e-01 -2.525375125437263613e-01 1.949682709778550321e-02 -3.784541177749634611e-01 -2.642920990961968308e-01 -1.483294157476087727e-01 -3.747966718673707009e-01
-2.194257518986572619e-02 1.486634746905888815e-01 -3.722062873840332742e-01 2.506722682580498907e-01 1.604732599953090921e-01 -3.970570659637451816e-01 -2.571502561631388573e-01 1.015271855285095060e-02 -3.784607410430909091e-01 -2.547793011303207122e-01 -1.554978370882424410e-01 -3.689217424392701172e-01
-2.194704597624414638e-02 1.519372646119411807e-01 -3.681412601470947510e-01 2.471773318759311056e-01 1.572321850901167439e-01 -3.953319263458252575e-01 -2.614227024547251532e-01 1.254706535222915864e-03 -3.776633167266845170e-01 -2.431460600686426443e-01 -1.607727140114722508e-01 -3.615986204147338401e-01
-2.131208594848761628e-02 1.576348530822836713e-01 -3.627827405929566762e-01 2.434344985210379897e-01 1.543928743208080046e-01 -3.930725860595705723e-01 -2.654178962817064780e-01 -7.076838142820424116e-03 -3.763882780075073486e-01 -2.230359873497572976e-01 -1.722703502420802057e-01 -3.540998935699463113e-01
-2.005799575289345799e-02 1.660038535077346666e-01 -3.562239980697633479e-01 2.393651130336369171e-01 1.519155536847615340e-01 -3.904223823547364747e-01 -2.691521946068062832e-01 -1.458560627715668745e-02 -3.745361137390138540e-01 -1.922972564055786260e-01 -1.879718158340850653e-01 -3.470137548446656783e-01
-1.793444651484937813e-02 1.783251908337993852e-01 -3.493904399871827215e-01 2.348935662251604439e-01 1.499476338669972209e-01 -3.876657915115357400e-01 -2.727383959862792473e-01 -2.119535415970584535e-02 -3.725108814239502797e-01 -1.517427461307336578e-01 -2.006373755465468145e-01 -3.394771814346314587e-01
-1.498926631746948929e-02 1.952102789489713608e-01 -3.425063943862915461e-01 2.300321238252989453e-01 1.480125012271641394e-01 -3.848800611495972190e-01 -2.763692737901012331e-01 -2.703436141278360572e-02 -3.704683542251586137e-01 -1.113769834857490648e-01 -2.092995388711255123e-01 -3.353649663925170055e-01
-1.188881913544327651e-02 2.161403384452059984e-01 -3.364172744750977273e-01 2.247161751682248965e-01 1.460650801648143426e-01 -3.823038721084595637e-01 -2.801003347927050746e-01 -3.246034035231556980e-02 -3.685813188552857222e-01 -7.125608708041633599e-02 -2.118966968567823350e-01 -3.336515283584595704e-01
-9.377783089846089548e-03 2.405202207242504997e-01 -3.314572048187256481e-01 2.187288057492533244e-01 1.441173585644400790e-01 -3.801577758789063122e-01 -2.840352107044614161e-01 -3.795166079471389009e-02 -3.670877552032471014e-01 -3.187820113200488803e-02 -2.123026740750389441e-01 -3.320059537887573575e-01
-7.917643524454814896e-03 2.665866617868103972e-01 -3.278240585327148460e-01 2.120924635121988200e-01 1.420455600232335414e-01 -3.782827377319336049e-01 -2.881146038522829356e-01 -4.424744885741729861e-02 -3.658468389511107532e-01 5.073082214424470826e-03 -2.106701998140247667e-01 -3.303788948059080965e-01
-7.755573759154421598e-03 2.935923730749684935e-01 -3.256357908248901367e-01 2.049191909099036812e-01 1.396882633773759708e-01 -3.766494750976562833e-01 -2.921065470652458029e-01 -5.205253206650110875e-02 -3.649468469619752131e-01 3.685397252964560388e-02 -2.084710700859638832e-01 -3.311925101280213668e-01
-9.480487872670501082e-03 3.210448545253689057e-01 -3.257532072067260698e-01 1.973105881454700339e-01 1.369484501021936418e-01 -3.751741409301758146e-01 -2.955608960343982794e-01 -6.191110260994524273e-02 -3.642922735214233487e-01 6.165301917192601844e-02 -2.041833079374747728e-01 -3.336966109275817938e-01
-1.342204731135329676e-02 3.474646875681569047e-01 -3.265132474899292703e-01 1.890894993176273076e-01 1.336859418909950303e-01 -3.737462329864502664e-01 -2.983083499755853629e-01 -7.346712000663929709e-02 -3.637686157226562300e-01 7.804875128681036667e-02 -1.992262341726757091e-01 -3.374302744865417258e-01
-1.895488006908430806e-02 3.728258402131901517e-01 -3.288730287551880349e-01 1.805976131092628389e-01 1.297468016915086786e-01 -3.722920465469360951e-01 -2.998150854718769631e-01 -8.706182491621111685e-02 -3.630403614044190319e-01 8.681558173971494485e-02 -1.944499323828400850e-01 -3.411750483512879240e-01
-2.639568232976345630e-02 3.943729383773449393e-01 -3.317371654510499202e-01 1.720280569145006822e-01 1.252096727133370779e-01 -3.707800483703614369e-01 -2.990787701474837412e-01 -1.025914989475631839e-01 -3.618209171295164728e-01 9.141212077225190080e-02 -1.916010411801171709e-01 -3.428760218620299227e-01
-3.567978180343724104e-02 4.102253046983330709e-01 -3.342252016067505105e-01 1.636021658230719100e-01 1.199816930434880607e-01 -3.693034315109253174e-01 -3.021621409495683364e-01 -1.116657486184554210e-01 -3.601955175399779718e-01 9.202679495513740870e-02 -1.923995935129958479e-01 -3.453118848800658669e-01
-4.558132621205910479e-02 4.216976669896250751e-01 -3.377106952667237039e-01 1.553309673422859083e-01 1.139945355392680548e-01 -3.678113555908203991e-01 -3.105790367668679330e-01 -1.135739213706365158e-01 -3.580881071090699086e-01 9.035319871948688242e-02 -1.959649333395993287e-01 -3.485760593414307662e-01
-5.500383806120148072e-02 4.278932764179165238e-01 -3.418042659759522039e-01 1.473402986546027971e-01 1.071669626039155193e-01 -3.662139129638672386e-01 -3.191078264220683081e-01 -1.164688173807777866e-01 -3.553762960433960449e-01 8.961412713375679906e-02 -2.011783265514130448e-01 -3.508876872062683394e-01
-6.400226407778165927e-02 4.277611856178607508e-01 -3.461635303497314631e-01 1.393178659321104573e-01 9.918847175585362996e-02 -3.646824407577514693e-01 -3.265986825969986462e-01 -1.205969437909667208e-01 -3.520507574081420676e-01 8.756175596089477153e-02 -2.062266052881761014e-01 -3.518032503128051824e-01
-7.211274039321841078e-02 4.207926878979414420e-01 -3.503798770904542614e-01 1.318488400930844517e-01 9.018452373598226379e-02 -3.632218885421754084e-01 -3.304349509719363143e-01 -1.251735505665114156e-01 -3.482755994796754573e-01 8.395909269747350856e-02 -2.104519507246163379e-01 -3.523295092582703902e-01
-7.979566246409960928e-02 4.102356984246429139e-01 -3.536636686325074219e-01 1.253479410581150033e-01 8.077240349537816166e-02 -3.620557355880738015e-01 -3.277782921247485715e-01 -1.331067067072373988e-01 -3.445103693008423895e-01 8.026509269676643243e-02 -2.155623579524877376e-01 -3.530740404129029120e-01
-8.686107425644644386e-02 3.980453763004785928e-01 -3.558603239059448531e-01 1.195365382382548025e-01 7.148548713496953588e-02 -3.609336614608765204e-01 -3.159436571464425136e-01 -1.479001742462449087e-01 -3.409427738189696466e-01 7.668644085641491970e-02 -2.220534585766323621e-01 -3.542100906372069868e-01
-9.315771848489781681e-02 3.838767565808886006e-01 -3.574918174743653143e-01 1.147528530057558976e-01 6.296845427844149912e-02 -3.597761964797974166e-01 -2.961187454030957955e-01 -1.684844284698905348e-01 -3.370031309127808350e-01 7.337415736141081335e-02 -2.292741257196045379e-01 -3.555480432510376709e-01
-9.859380137110484998e-02 3.694281286964035682e-01 -3.588152933120727361e-01 1.123078518463196118e-01 5.516061616392333583e-02 -3.584459543228149525e-01 -2.710140628989600176e-01 -1.911417012188859066e-01 -3.315591382980345725e-01 7.033703014981265711e-02 -2.369925821442880332e-01 -3.567734575271605535e-01
-1.037324372507873460e-01 3.553580299617109528e-01 -3.599701213836671299e-01 1.122053690145528582e-01 4.970210419726972528e-02 -3.572420883178711870e-01 -2.429856099144328541e-01 -2.131101863356571480e-01 -3.241970634460450418e-01 6.748165552722953930e-02 -2.447795329996631519e-01 -3.577275753021241234e-01
-1.089762447070465323e-01 3.418642730600301438e-01 -3.608692312240600608e-01 1.113099906704149294e-01 4.704652726729340734e-02 -3.557051181793212669e-01 -2.198671147209934340e-01 -2.271837040901259763e-01 -3.153361558914184459e-01 6.454873417835486904e-02 -2.524803469836180980e-01 -3.583024787902832076e-01
-1.140712018684042622e-01 3.286503264511165812e-01 -3.615388822555540838e-01 1.088322588055724849e-01 4.894103383649014288e-02 -3.532489633560179643e-01 -2.117917757705049531e-01 -2.268365440465500704e-01 -3.063848018646240234e-01 6.133397930755453420e-02 -2.599766742184611013e-01 -3.586282920837401966e-01
-1.192280074658472327e-01 3.154548689278299234e-01 -3.616917467117309881e-01 1.039076333517011674e-01 5.627470299488563504e-02 -3.434442329406738881e-01 -2.022752128406323235e-01 -2.231557535793774194e-01 -2.979337596893310014e-01 5.778104389652508055e-02 -2.673072093014220441e-01 -3.583790683746337358e-01
-1.239603615131755765e-01 3.024434816247411062e-01 -3.612238597869872336e-01 1.030216497422632438e-01 7.618783935907334770e-02 -3.265925884246825284e-01 -1.923602756093038824e-01 -2.177010312264907599e-01 -2.906941223144530739e-01 5.416485131252549157e-02 -2.745165444975918856e-01 -3.573794937133788485e-01
-1.279978920342962068e-01 2.897655254660224666e-01 -3.602789735794068027e-01 1.047864891952172278e-01 1.056980418133468963e-01 -3.138285493850708763e-01 -1.818346716088341253e-01 -2.104702657957594758e-01 -2.863569355010986972e-01 5.053918777170615662e-02 -2.817026235715472393e-01 -3.559170436859131481e-01
-1.314086565616450208e-01 2.773241843963807352e-01 -3.589682340621948575e-01 1.043831489582361105e-01 1.399824558086404935e-01 -3.031343173980712846e-01 -1.698929228916623013e-01 -1.987741416303479003e-01 -2.843029403686523904e-01 4.686834793195114590e-02 -2.889617335027712675e-01 -3.542638492584228582e-01
-1.340526406988866159e-01 2.652821868265126670e-01 -3.574668836593628551e-01 1.002070273224727054e-01 1.760566156658036341e-01 -2.943238925933838734e-01 -1.572077595275818696e-01 -1.827178108961356462e-01 -2.834066104888916526e-01 4.305337310303404552e-02 -2.963152527506562883e-01 -3.527909660339356157e-01
-1.358282018051815143e-01 2.538945058934740096e-01 -3.559979677200317272e-01 9.643915711995693085e-02 2.134837550043914289e-01 -2.897310352325438987e-01 -1.455486332052739473e-01 -1.657631678843746736e-01 -2.844883537292481335e-01 3.898276598513236713e-02 -3.036520336044619683e-01 -3.517351865768433283e-01
-1.368961764319294727e-01 2.431926069558579817e-01 -3.547084999084473278e-01 9.255852943463642457e-02 2.518213565458753411e-01 -2.902802181243897550e-01 -1.349411658633174471e-01 -1.477124172594600493e-01 -2.866890525817872293e-01 3.458953893571609095e-02 -3.108062265042055294e-01 -3.510475158691407360e-01
-1.373884179851987408e-01 2.331136543852589671e-01 -3.537133932113648016e-01 9.107808749121129588e-02 2.901924636593767870e-01 -2.967245864868164329e-01 -1.255601274419764768e-01 -1.289200353198765858e-01 -2.897311115264892822e-01 3.010062203133588576e-02 -3.176676193019774552e-01 -3.506221723556519065e-01
-1.372969472292021598e-01 2.234056450878181832e-01 -3.530608940124512762e-01 9.273233424335877717e-02 3.277397598251869382e-01 -3.064449501037598833e-01 -1.174952365807608312e-01 -1.100410301125062384e-01 -2.942074012756348833e-01 2.572070086873824712e-02 -3.247518829232459159e-01 -3.506200551986695668e-01
-1.366528050356981272e-01 2.139698405587124319e-01 -3.527344036102296188e-01 1.014742462979710824e-01 3.636796276697519814e-01 -3.184487915039063699e-01 -1.104348378700411581e-01 -9.110932814032045302e-02 -2.989952373504639049e-01 2.156613329271789281e-02 -3.324251183451754077e-01 -3.509922122955322354e-01
-1.358226893775110466e-01 2.044786054073656489e-01 -3.524703407287598234e-01 1.221112540580300276e-01 3.977081185809103192e-01 -3.285463762283326039e-01 -1.047017709879593805e-01 -7.413656260491484351e-02 -3.047796344757081055e-01 1.778888731781082255e-02 -3.407083125145210500e-01 -3.514962911605835627e-01
-1.344673143057181497e-01 1.952487940766432506e-01 -3.520234060287475431e-01 1.371881438719222412e-01 4.103240550975574275e-01 -3.352737092971801447e-01 -9.986911146270892325e-02 -5.844545724005012488e-02 -3.112845373153687589e-01 1.441493143488556394e-02 -3.496025573404006881e-01 -3.517374610900879661e-01
-1.326348238269828561e-01 1.862915953090226451e-01 -3.513298130035399924e-01 1.445779341920616357e-01 4.127897264476408923e-01 -3.469582366943358975e-01 -9.614335440500361429e-02 -4.581424768900981687e-02 -3.168329119682312678e-01 1.124771001484989319e-02 -3.588006661909033945e-01 -3.515682315826416660e-01
-1.305208835447096982e-01 1.776248236849278794e-01 -3.503299617767334784e-01 1.469244184290438571e-01 4.084969574118211821e-01 -3.576504230499268355e-01 -9.390702732837785671e-02 -3.817691189873273494e-02 -3.204442071914673229e-01 7.913859291100805438e-03 -3.682118685117080070e-01 -3.510213136672974410e-01
-1.284311086521654488e-01 1.694880082364232377e-01 -3.490040063858032560e-01 1.466231305789773565e-01 3.995024861180543896e-01 -3.626735639572143954e-01 -9.371863995361931488e-02 -3.756105740241269531e-02 -3.240379714965820890e-01 4.456469226033751840e-03 -3.779022228865095423e-01 -3.500490093231201638e-01
-1.264263667945276504e-01 1.615529613404431408e-01 -3.473068380355834317e-01 1.433681303275455288e-01 3.862890707949490077e-01 -3.645362520217894642e-01 -9.589965624953203371e-02 -4.538643125458222821e-02 -3.304113817214966442e-01 8.123131145693490707e-04 -3.874263493091152921e-01 -3.485552358627319602e-01
-1.240405638384744769e-01 1.535682896157306299e-01 -3.453600215911865057e-01 1.384954160349794461e-01 3.709937956114257585e-01 -3.650367045402527211e-01 -9.924439271969623388e-02 -5.765509622933388811e-02 -3.364920496940612682e-01 -2.889045062166112343e-03 -3.966954669407207756e-01 -3.466947174072265714e-01
-1.207955307734829425e-01 1.458540286453292589e-01 -3.431782341003418169e-01 1.326328335513817236e-01 3.560315380850935796e-01 -3.649016904830932884e-01 -1.022845991127174919e-01 -6.915073460815129858e-02 -3.386838126182556419e-01 -5.833617616273489848e-03 -4.058151974052152666e-01 -3.445212125778198686e-01
-1.167683945467382634e-01 1.390536225565209838e-01 -3.405683040618896484e-01 1.267343140857078443e-01 3.411780168265737267e-01 -3.648998713493347146e-01 -1.048123867360720718e-01 -7.945263970960951549e-02 -3.387349104881286488e-01 -8.220757147359161743e-03 -4.138030173240145326e-01 -3.420492362976074174e-01
-1.127932524112337243e-01 1.331805862556465214e-01 -3.379203891754151701e-01 1.214922275148195702e-01 3.267125002468355688e-01 -3.649252414703370584e-01 -1.072723756746354618e-01 -8.972273040381983922e-02 -3.385979676246644310e-01 -1.013699967031611582e-02 -4.201870471548653230e-01 -3.392954111099244496e-01
-1.132745973737070699e-01 1.282786596743365759e-01 -3.349367666244507102e-01 1.167174183380423613e-01 3.130499163246392991e-01 -3.645632362365722745e-01 -1.095772940539277152e-01 -9.987473961748521978e-02 -3.393090367317199707e-01 -1.187710939119016040e-02 -4.243130234299064552e-01 -3.364472675323486595e-01
-1.135314924480455567e-01 1.277951123214880191e-01 -3.298040246963501176e-01 1.125739442692574033e-01 3.000119152043384529e-01 -3.642891216278076327e-01 -1.115029211934155939e-01 -1.101190983113852218e-01 -3.403631806373596524e-01 -1.417347032334823065e-02 -4.256634732874695071e-01 -3.340325212478637562e-01
-1.127410467564178287e-01 1.318772743749280774e-01 -3.245748424530029985e-01 1.088831761862870950e-01 2.876466146015820291e-01 -3.642863130569458652e-01 -1.129581224943252693e-01 -1.202692995239986323e-01 -3.413336133956910157e-01 -1.787199489130711361e-02 -4.228361306519562990e-01 -3.323373603820801714e-01
-1.112950379885976893e-01 1.397342700146123329e-01 -3.204696607589722079e-01 1.055873475248238352e-01 2.762890821193312862e-01 -3.649066781997681308e-01 -1.136265626593163519e-01 -1.301987949200798522e-01 -3.429134654998778897e-01 -1.776430286859630170e-02 -4.156271550586351782e-01 -3.316013240814208451e-01
-1.087775761604017760e-01 1.513884750497668796e-01 -3.166651344299317161e-01 1.025473635847098386e-01 2.659451695042528430e-01 -3.659648847579956565e-01 -1.136421038715337839e-01 -1.396107913371356923e-01 -3.449619913101196755e-01 -9.722037826965401752e-03 -4.051375336347116107e-01 -3.307717561721802424e-01
-1.056102808305759699e-01 1.678684160813812554e-01 -3.128591060638428734e-01 9.942124229027791971e-02 2.564893074078393731e-01 -3.669904804229737194e-01 -1.130401885173593635e-01 -1.483909424678149513e-01 -3.469133949279785134e-01 -5.414649835291246438e-04 -3.904023666772611922e-01 -3.287927961349487171e-01
-1.021422061838761636e-01 1.903395682895044905e-01 -3.090201377868653232e-01 9.600517190278819168e-02 2.479824264516684862e-01 -3.676830720901489991e-01 -1.119985124716737224e-01 -1.564068211512063544e-01 -3.483645915985108532e-01 9.184998509013511669e-03 -3.709620928770306914e-01 -3.257892084121705167e-01
-1.001770414163330458e-01 2.158599181714380977e-01 -3.056859207153319602e-01 9.253237326793133100e-02 2.404002630728448997e-01 -3.681137847900390336e-01 -1.102482561276568185e-01 -1.638601668222979812e-01 -3.494039821624755349e-01 1.994214014990158823e-02 -3.463193857455668101e-01 -3.223867750167846435e-01
-9.841242639703945416e-02 2.432833298680854017e-01 -3.035066604614256591e-01 8.905815659433546916e-02 2.334400298745915314e-01 -3.684254074096678377e-01 -1.077615263161984943e-01 -1.708872347236540523e-01 -3.501893138885497914e-01 3.176028923163255746e-02 -3.140013148557633249e-01 -3.183400535583496005e-01
-9.553301760182771052e-02 2.716957581414115586e-01 -3.028305816650391225e-01 8.572477979178690088e-02 2.267650244747942412e-01 -3.686656618118286932e-01 -1.049718817241943464e-01 -1.774610390431901052e-01 -3.509075975418091131e-01 4.295989281374826968e-02 -2.767226179613002657e-01 -3.135460233688355247e-01
-9.123372161595046104e-02 3.008818621904494894e-01 -3.044229030609131303e-01 8.251294713345129483e-02 2.203440396993157080e-01 -3.689577293395996382e-01 -1.022045205369645632e-01 -1.835343226698699093e-01 -3.516299247741699330e-01 5.251686843103746394e-02 -2.376874460742092743e-01 -3.082283878326416149e-01
-8.241460910871056811e-02 3.318089411447166515e-01 -3.085349273681641802e-01 7.900309517491442557e-02 2.139727535493889943e-01 -3.691892528533937123e-01 -9.971772638500268904e-02 -1.892201094373883730e-01 -3.523574638366699374e-01 6.014580421460111181e-02 -1.986976663559357759e-01 -3.055001258850097989e-01
-7.306546058651336439e-02 3.587122819746793589e-01 -3.109654235839844905e-01 8.403414490915231405e-02 2.074540092461727436e-01 -3.695980978012085583e-01 -9.769280848114239579e-02 -1.946798320860236298e-01 -3.533146953582764760e-01 6.560089281146913587e-02 -1.649005813931884168e-01 -3.101512527465821178e-01
-6.238602177316099340e-02 3.836693359948674109e-01 -3.122441101074218683e-01 8.932717759791272694e-02 2.003446067658946894e-01 -3.701128911972045854e-01 -9.904239823145809252e-02 -1.997972727730033538e-01 -3.544579315185546475e-01 6.929615508739897511e-02 -1.363176483940153338e-01 -3.230954933166503840e-01
-5.047112477312792889e-02 4.062275175361755308e-01 -3.123364639282226740e-01 9.430994885232568681e-02 1.925192053450566487e-01 -3.708204507827758678e-01 -1.031933540388774023e-01 -2.048063746846975619e-01 -3.558319473266601807e-01 7.181942036349812930e-02 -1.124486886011962505e-01 -3.390869617462158314e-01
-3.735168016092307863e-02 4.256448871874813911e-01 -3.119794845581055354e-01 9.900807394123535554e-02 1.838723690735969418e-01 -3.717807197570801581e-01 -1.072618288252092100e-01 -2.100179515701113830e-01 -3.575384998321534114e-01 7.336172286355094330e-02 -9.582451153934436194e-02 -3.492352104187012585e-01
-2.350953935243343951e-02 4.407440019618230620e-01 -3.120344352722167480e-01 1.032864340527978875e-01 1.743874732479857859e-01 -3.729797983169555464e-01 -1.164382171630858609e-01 -2.171403926610946666e-01 -3.596810102462769665e-01 7.999999999999998779e-02 -9.366926193237308518e-02 -3.566473865509033891e-01
-9.285692352839644559e-03 4.512824321789505877e-01 -3.130859184265137873e-01 1.070692321203544906e-01 1.640142004599605685e-01 -3.740746021270752730e-01 -1.205268859863279779e-01 -2.229384076595306852e-01 -3.617178297042847324e-01 7.999999999999997391e-02 -1.006336069107056780e-01 -3.591237664222718395e-01
5.000877615541354793e-03 4.587261598445626642e-01 -3.156418037414550626e-01 1.101936628348918479e-01 1.528248396631429196e-01 -3.749395418167114080e-01 -1.250376129150391202e-01 -2.290784990787505804e-01 -3.633346557617187500e-01 7.999999999999997391e-02 -1.084706783294677596e-01 -3.579998612403869629e-01
1.902791388843384779e-02 4.624664536046159125e-01 -3.198220825195312034e-01 1.126698875346840989e-01 1.410979297002165067e-01 -3.757091331481933194e-01 -1.298693084716795176e-01 -2.354903697967529463e-01 -3.645036458969116988e-01 7.999999999999997391e-02 -1.163727664947509788e-01 -3.593382191658020530e-01
3.236011305020553008e-02 4.617968262252345468e-01 -3.255307960510254728e-01 1.144609239632457531e-01 1.288352130750660962e-01 -3.762498617172241877e-01 -1.348294067382813377e-01 -2.419236910343170177e-01 -3.651526069641114480e-01 7.999999999999997391e-02 -1.234823656082153359e-01 -3.635667777061463157e-01
4.497234039725736543e-02 4.573446809555489212e-01 -3.321129894256591997e-01 1.155191729475837648e-01 1.158737698598636262e-01 -3.765203952789306641e-01 -1.399508666992184958e-01 -2.481632280349731212e-01 -3.650910139083862749e-01 7.999999999999997391e-02 -1.290221071243286000e-01 -3.662446951866150102e-01
5.630232239803364958e-02 4.477651416006095397e-01 -3.391817378997802335e-01 1.157130608248398695e-01 1.018915858264883290e-01 -3.765333938598632302e-01 -1.451676177978515614e-01 -2.541349804401397683e-01 -3.642865896224976030e-01 7.999999999999997391e-02 -1.352283954620362161e-01 -3.671299004554748890e-01
6.680533783615118237e-02 4.348863873998400353e-01 -3.464128780364991167e-01 1.150830870270025119e-01 8.715500857836104565e-02 -3.761835050582886808e-01 -1.509485626220703203e-01 -2.609585613012313510e-01 -3.632783985137940652e-01 7.999999999999997391e-02 -1.420553541183471602e-01 -3.672555613517762274e-01
7.745704962909416569e-02 4.213350529315878501e-01 -3.529366302490234419e-01 1.135697928957851988e-01 7.168287586049609805e-02 -3.755504179000854759e-01 -1.436976019006607763e-01 -2.645527920688298118e-01 -3.622700881958008101e-01 5.722385558305737030e-02 -1.583557579704564511e-01 -3.669230270385742121e-01
8.840779413434589340e-02 4.088635265887621828e-01 -3.582191753387450328e-01 1.111054191610485187e-01 5.604065595489425566e-02 -3.747554636001586004e-01 -1.492664278551183721e-01 -2.711402658158718060e-01 -3.611248064041137074e-01 5.324422460543326574e-02 -1.673533124761193702e-01 -3.664811897277831521e-01
9.972591896646744447e-02 3.970010367731308665e-01 -3.618111419677734752e-01 1.078673254512548252e-01 4.075700137453425187e-02 -3.739845132827759322e-01 -1.552871623449291749e-01 -2.760254150871858103e-01 -3.594815540313721081e-01 4.861404547345967581e-02 -1.765099405863804760e-01 -3.660186862945557507e-01
1.100135607814032995e-01 3.839888876191476230e-01 -3.636562871932983998e-01 1.039068346494079337e-01 2.623951202437740937e-02 -3.731564903259277921e-01 -1.610320878506873166e-01 -2.789955627266484939e-01 -3.571771717071533514e-01 4.319291498325947276e-02 -1.856815837908508682e-01 -3.656375074386597479e-01
1.183632169298074327e-01 3.703605363551891183e-01 -3.643242931365966997e-01 9.972490236575799749e-02 1.359181126603929701e-02 -3.721165561676025302e-01 -1.665554353971040735e-01 -2.778643805483713147e-01 -3.540490674972534002e-01 3.690360340165387693e-02 -1.945497708071415310e-01 -3.653837299346923695e-01
1.241177957408251264e-01 3.572436676973171910e-01 -3.647782468795776056e-01 9.691129516772700736e-02 5.271414684242262116e-03 -3.706473350524902566e-01 -1.732777716670705348e-01 -2.697556673874276778e-01 -3.501134347915648148e-01 2.981707320259512073e-02 -2.027371300803578191e-01 -3.652898025512694158e-01
1.272415147685826420e-01 3.451804656730082521e-01 -3.651118230819702104e-01 9.626048051190536081e-02 1.694892843065717858e-03 -3.681109905242920255e-01 -1.800746260204784122e-01 -2.559583156904651768e-01 -3.447223138809204501e-01 2.218666401813242789e-02 -2.100319207562609258e-01 -3.653407192230224698e-01
1.285536004027226786e-01 3.343385008238560774e-01 -3.652746534347535157e-01 9.768368614051259335e-02 1.869082380105274721e-03 -3.600200366973878019e-01 -1.858023392652167760e-01 -2.384527375025660145e-01 -3.388052558898926869e-01 1.411622094287482559e-02 -2.163895492198352755e-01 -3.657564878463746005e-01
1.296707544380140409e-01 3.244113183744650741e-01 -3.653664684295654386e-01 1.052529346392879900e-01 1.078943571514856536e-02 -3.423081970214844061e-01 -1.893308850558341749e-01 -2.165076292292499871e-01 -3.348443412780761630e-01 5.788786482679969536e-03 -2.216637602954478481e-01 -3.667836284637451261e-01
1.314985628409003349e-01 3.149785613911380566e-01 -3.655464506149291304e-01 1.205831965579617082e-01 2.926025943798646334e-02 -3.285947036743163130e-01 -1.899049681346703378e-01 -1.897279250768721393e-01 -3.311832237243652610e-01 -2.709817554612539703e-03 -2.259342374347741988e-01 -3.681017732620239236e-01
1.340447266897152878e-01 3.056487447370584420e-01 -3.656849861145019531e-01 1.404999609014621065e-01 5.151078791794720668e-02 -3.167321300506591997e-01 -1.887637500666342616e-01 -1.588723884593507829e-01 -3.281268453598022439e-01 -1.148120220931256319e-02 -2.294483707549741791e-01 -3.694947338104248025e-01
1.367889770697459650e-01 2.961415804474864522e-01 -3.657424068450927379e-01 1.628824720839250340e-01 7.407245962322722699e-02 -3.076558971405028986e-01 -1.879594983551028387e-01 -1.242210430990332570e-01 -3.267931413650512762e-01 -2.066087006175179597e-02 -2.325743208407027307e-01 -3.708804321289062567e-01
1.393384124816575698e-01 2.864161828396813436e-01 -3.657198524475097634e-01 1.855757007062784902e-01 9.415599972488933322e-02 -3.040945434570312411e-01 -1.854729319281678557e-01 -9.069213917091832611e-02 -3.300468778610228249e-01 -2.972700319868430696e-02 -2.355012368427115699e-01 -3.721943283081053377e-01
1.382882068199874914e-01 2.793881596283549484e-01 -3.655995988845824884e-01 2.088753876338384496e-01 1.121103673027676606e-01 -3.036784934997557861e-01 -1.815856651085949180e-01 -5.706418936598996183e-02 -3.329125308990478205e-01 -3.813964716972526037e-02 -2.385091975063821645e-01 -3.735391521453856889e-01
1.303951194756552134e-01 2.782511313260871422e-01 -3.655058860778809260e-01 2.328828040778128106e-01 1.278763663941307749e-01 -3.050345325469971391e-01 -1.767052736185280026e-01 -2.496729773299867505e-02 -3.327788901329041260e-01 -4.591700415162180970e-02 -2.416338809875485660e-01 -3.748188114166260965e-01
1.228713393057362380e-01 2.769189048236747053e-01 -3.654000854492187589e-01 2.724807165256064034e-01 1.215814813304237768e-01 -3.091918373107910289e-01 -1.712920278608596192e-01 1.821818508986591811e-03 -3.330616092681885076e-01 -5.351737757682736851e-02 -2.447330170880369082e-01 -3.760281658172607844e-01
1.157229144792624870e-01 2.755446968248954631e-01 -3.655151653289795410e-01 3.119987822934034427e-01 1.019444640150639070e-01 -3.163021278381348278e-01 -1.657119911243195021e-01 2.507608865614247701e-02 -3.334376168251038108e-01 -6.156750723029501271e-02 -2.475751031434457183e-01 -3.773866176605225053e-01
1.090001476509299683e-01 2.741246807147850184e-01 -3.654406499862671298e-01 3.409419441489061064e-01 7.330829929163054648e-02 -3.233527278900146795e-01 -1.609529896924427605e-01 4.362250369870188105e-02 -3.347269797325134744e-01 -7.041306050914024339e-02 -2.499547628184772829e-01 -3.785525321960449552e-01
1.026551234917055799e-01 2.725689045326813442e-01 -3.650925302505492742e-01 3.764569756369648967e-01 3.627181115196614902e-02 -3.328158378601073775e-01 -1.567779734866575070e-01 5.566472941330192353e-02 -3.368324875831604781e-01 -8.011500587775892412e-02 -2.517408589210743397e-01 -3.794667196273804333e-01
9.657981202225801587e-02 2.710695500199692409e-01 -3.642241811752319203e-01 3.865447737520737448e-01 9.572397298376972286e-03 -3.470371341705321688e-01 -1.551768492350915907e-01 6.255930236452560134e-02 -3.399445462226868275e-01 -9.077604288899708551e-02 -2.527086737952305984e-01 -3.800044536590576616e-01
9.091889063453487130e-02 2.694357611140283382e-01 -3.628091812133790173e-01 3.918061930637246615e-01 -1.119718883741616100e-02 -3.633878278732300959e-01 -1.570482848526468522e-01 6.576635091412126599e-02 -3.462431526184082675e-01 -1.026574679065399287e-01 -2.526570211771329566e-01 -3.804077148437500777e-01
8.578345419602136090e-02 2.676275649450894356e-01 -3.607677507400512407e-01 3.912693929917201441e-01 -2.734577920910946647e-02 -3.743348908424377064e-01 -1.612836514047220060e-01 6.738956202341601920e-02 -3.525160932540893355e-01 -1.158827367860678914e-01 -2.515546504719130549e-01 -3.804548597335815074e-01
8.130436504935513453e-02 2.659184773450046779e-01 -3.580555057525635076e-01 3.861275768469828451e-01 -3.976939389625824828e-02 -3.789800858497620051e-01 -1.672280262090743430e-01 6.810838515382798553e-02 -3.572256612777710560e-01 -1.302993006533435250e-01 -2.489473455166062166e-01 -3.794852733612060769e-01
7.739148457565549200e-02 2.646634066018791476e-01 -3.548289060592650923e-01 3.784404898904251691e-01 -4.901443928131474226e-02 -3.808210110664367321e-01 -1.739133824676680484e-01 6.855328952668762743e-02 -3.593437290191651146e-01 -1.448793636550691488e-01 -2.447935750253030229e-01 -3.775337839126587380e-01
7.442411371076133875e-02 2.633665155284115600e-01 -3.512765932083130593e-01 3.684683025794450728e-01 -5.536494523669929779e-02 -3.806797719001770997e-01 -1.807342994120874069e-01 6.916351390389634257e-02 -3.587457990646362171e-01 -1.525453491816092522e-01 -2.465413176816735330e-01 -3.748097610473632435e-01
7.266318534519283778e-02 2.613684139594324995e-01 -3.474139976501463556e-01 3.567501573813770532e-01 -5.846568266525073443e-02 -3.793161582946776300e-01 -1.878681419988996737e-01 6.914778646018227004e-02 -3.569802665710449241e-01 -1.589661709570601711e-01 -2.500233291489239451e-01 -3.714243507385254217e-01
7.257769761515264761e-02 2.580310561986465245e-01 -3.436658620834352473e-01 3.437460761519496311e-01 -6.148366671441513054e-02 -3.773069858551028055e-01 -1.950462508779420290e-01 6.821030135906641645e-02 -3.555783033370972790e-01 -1.656733356386197176e-01 -2.544588859200627162e-01 -3.677386093139649037e-01
7.502851212432380679e-02 2.526994195797596654e-01 -3.402803516387940541e-01 3.308373689161634990e-01 -6.484655395401053846e-02 -3.750878930091858798e-01 -2.023119264484606883e-01 6.666036028369023980e-02 -3.543679237365723877e-01 -1.727608609673664808e-01 -2.583034869007584389e-01 -3.634306192398072399e-01
8.067420307373888988e-02 2.446143868760030371e-01 -3.372233200073241899e-01 3.192383981725168129e-01 -6.883649598884331033e-02 -3.732023072242736661e-01 -2.095816911209496536e-01 6.449118578961778037e-02 -3.533876752853393199e-01 -1.804940275769105762e-01 -2.598142334721058044e-01 -3.585297727584838556e-01
9.094365986532396140e-02 2.328439310238587523e-01 -3.330829763412476163e-01 3.086746462465780327e-01 -7.316447896977759657e-02 -3.718925213813782382e-01 -2.165528263198151504e-01 6.195171774756925986e-02 -3.525922584533692228e-01 -1.897291768491164987e-01 -2.576827261411131498e-01 -3.531202268600464600e-01
1.067167918382469632e-01 2.170106784016884727e-01 -3.286591339111328836e-01 2.982845102215883615e-01 -7.763900516404018126e-02 -3.708013749122620606e-01 -2.232436964458817674e-01 5.929363299834819467e-02 -3.519761800765990878e-01 -2.001105915319946194e-01 -2.507866076955568846e-01 -3.466411113739013561e-01
1.281398502951160145e-01 1.978534012579118151e-01 -3.244795322418212447e-01 2.880239663023029806e-01 -8.181167656532084553e-02 -3.697056674957275302e-01 -2.296073782980469491e-01 5.665491372759322297e-02 -3.517255401611327770e-01 -2.113495171843543796e-01 -2.391292396571870205e-01 -3.386884307861328103e-01
1.548773770643192271e-01 1.763999176684965808e-01 -3.203744888305666283e-01 2.780369391632388498e-01 -8.526260073679745033e-02 -3.688298273086549894e-01 -2.357049772100189844e-01 5.433323225963343495e-02 -3.519237422943116145e-01 -2.218820631972145963e-01 -2.221879638542141877e-01 -3.290874814987183594e-01
1.846112519557314424e-01 1.532410697300443936e-01 -3.165453243255615945e-01 2.683163112196659816e-01 -8.751224968453208408e-02 -3.682600307464600764e-01 -2.416495073510484537e-01 5.281789008256868034e-02 -3.524795436859131659e-01 -2.267325579458748797e-01 -2.049189408265214007e-01 -3.190634012222290927e-01
2.157944677988857252e-01 1.279367092533621186e-01 -3.134355401992798829e-01 2.587954360321352287e-01 -8.899071061997690379e-02 -3.680592203140259366e-01 -2.474358903935793830e-01 5.190092258980864848e-02 -3.532704591751099632e-01 -2.227009691177017636e-01 -1.949762427553259625e-01 -3.099473237991333674e-01
2.473649493962524204e-01 1.003046688497895716e-01 -3.115370368957518510e-01 2.494376146579800613e-01 -8.992138792794938940e-02 -3.681358909606932128e-01 -2.531688264795998178e-01 5.142899477685233811e-02 -3.541285896301269442e-01 -2.125750426925367143e-01 -1.828305836019384067e-01 -3.027901649475097656e-01
2.809707400578654868e-01 8.176048297081801863e-02 -3.124466276168822443e-01 2.402293245631967888e-01 -9.013909880414805453e-02 -3.683414649963377974e-01 -2.587451771054679051e-01 5.154562424421521571e-02 -3.548705196380614324e-01 -1.979609112657295944e-01 -1.696442496378340881e-01 -2.994843959808348721e-01
3.110565615574339970e-01 7.038698180623266520e-02 -3.142448282241822044e-01 2.314238671577685258e-01 -8.974932255916698298e-02 -3.688717889785766979e-01 -2.641078502825627283e-01 5.226538425453615411e-02 -3.557028961181641358e-01 -1.769047195006996365e-01 -1.556379558709296285e-01 -3.007552146911621760e-01
3.398207767001200086e-01 5.750915065870555037e-02 -3.167891502380371094e-01 2.222264095395389827e-01 -9.500200226517892255e-02 -3.696659708023071755e-01 -2.695346865787939805e-01 5.326967597700112134e-02 -3.566482400894165350e-01 -1.548375710108465808e-01 -1.426906366918139768e-01 -3.081890487670898571e-01
3.669488600805022593e-01 4.271651537197335841e-02 -3.201674127578734153e-01 2.123750028745557683e-01 -1.022431451249854462e-01 -3.706112480163573086e-01 -2.748310340064071267e-01 5.437711465579396497e-02 -3.573395776748657382e-01 -1.319634037165570151e-01 -1.306173898213066620e-01 -3.169857358932495206e-01
3.921730848084787335e-01 2.591127377776990259e-02 -3.232520866394043568e-01 2.018641307519979666e-01 -1.090214424391760389e-01 -3.717416095733643289e-01 -2.802587227254626501e-01 5.575919686513576556e-02 -3.580233764648438344e-01 -1.094627566603622731e-01 -1.198635200992901467e-01 -3.256331920623780074e-01
4.140635865263908033e-01 7.654680683518391704e-03 -3.253424596786500533e-01 1.905383024020802230e-01 -1.151218979365646322e-01 -3.730024576187135343e-01 -2.858668033726947111e-01 5.732523753772642006e-02 -3.588487148284912331e-01 -9.079968177233121995e-02 -1.113204493852625043e-01 -3.341647720336914373e-01
4.309499936345614346e-01 -1.174059091867182825e-02 -3.270937108993530740e-01 1.782652961604329067e-01 -1.205861800531913552e-01 -3.742186212539673207e-01 -2.915649471971317186e-01 5.877004076618699835e-02 -3.598327875137328768e-01 -7.819502563404687190e-02 -1.052798677624214585e-01 -3.426667404174804088e-01
4.420949642797080692e-01 -3.129647594710571745e-02 -3.294036102294921053e-01 1.651365593424344302e-01 -1.251615971844469155e-01 -3.753072595596312344e-01 -2.973114898506905579e-01 5.993844702130758650e-02 -3.608503532409668146e-01 -7.921183865373160327e-02 -1.033227597616061394e-01 -3.521851015090942671e-01
4.471002921066142277e-01 -5.048425377785138723e-02 -3.328276014328003241e-01 1.512364762230377357e-01 -1.288427142164865757e-01 -3.764776945114136630e-01 -3.032234730736396155e-01 6.089621462401062502e-02 -3.619779920578002352e-01 -8.777941764978670902e-02 -1.031931076903470357e-01 -3.587754726409911887e-01
4.473899016333707235e-01 -6.936205955721475025e-02 -3.371904706954956255e-01 1.366256461354022067e-01 -1.316239174019486757e-01 -3.777733516693115301e-01 -3.094175146698473489e-01 6.174598070885967821e-02 -3.631082105636597168e-01 -9.951304828206131159e-02 -1.032608471187947130e-01 -3.621450519561768000e-01
4.432795966313309854e-01 -8.690565591645404986e-02 -3.427761793136596680e-01 1.215194209753677757e-01 -1.332232685491944735e-01 -3.791286230087280162e-01 -3.153691467468722198e-01 6.293129970950767094e-02 -3.637234306335448975e-01 -1.108814763281083110e-01 -1.024732939873381904e-01 -3.625258874893188543e-01
4.334418011201903176e-01 -1.023117856140811355e-01 -3.499035167694091175e-01 1.058360170149575674e-01 -1.336252742679566174e-01 -3.803591299057006436e-01 -3.211451197639914046e-01 6.428234663331794385e-02 -3.632766008377075750e-01 -1.213065817227758636e-01 -1.004863839810132969e-01 -3.630010318756103915e-01
4.201286768187470488e-01 -1.153689326137477961e-01 -3.563553428649902655e-01 8.993541323368216267e-02 -1.326995118509111671e-01 -3.811758565902710338e-01 -3.263355387107449990e-01 6.636062096396200261e-02 -3.609799194335937544e-01 -1.322624916726659050e-01 -9.735978379684978590e-02 -3.638447809219360618e-01
4.064662412516679146e-01 -1.261665646148420472e-01 -3.603957653045654075e-01 7.445930578049997361e-02 -1.303938707981839029e-01 -3.813997125625609996e-01 -3.297592258165817358e-01 6.991482066769137693e-02 -3.568509244918823264e-01 -1.437759031756846995e-01 -9.292460940300534267e-02 -3.636752748489379683e-01
3.943920583577293359e-01 -1.362026048693972813e-01 -3.628381156921386963e-01 5.974925696417208304e-02 -1.271191408934826406e-01 -3.810497093200683749e-01 -3.291949225935801304e-01 7.613840214409359208e-02 -3.516626214981078968e-01 -1.551203733794397355e-01 -8.738198909985303575e-02 -3.636411952972412043e-01
3.832472405134587090e-01 -1.449004175070077727e-01 -3.639649009704590266e-01 4.612649901634159610e-02 -1.230937579487389327e-01 -3.801597690582275701e-01 -3.231205374222534954e-01 8.636336624914815741e-02 -3.457592773437500600e-01 -1.663840905016958638e-01 -8.043658891293786750e-02 -3.632583904266358243e-01
3.725356125883512726e-01 -1.515128963216774427e-01 -3.643217229843139227e-01 3.397866480236001741e-02 -1.186343872449942827e-01 -3.788609552383422341e-01 -3.114271085118829885e-01 1.050771913796750140e-01 -3.394212055206297096e-01 -1.769849810165110282e-01 -7.239501448330672162e-02 -3.628512382507322331e-01
3.620393028960242621e-01 -1.564045498631430609e-01 -3.643247365951537975e-01 2.318066626022714100e-02 -1.140165120363854923e-01 -3.774361991882324574e-01 -2.935380648357164834e-01 1.261947351930696182e-01 -3.334679937362671209e-01 -1.870343100713542650e-01 -6.310502692113302559e-02 -3.628402042388916282e-01
3.518169579711433737e-01 -1.598676076550753222e-01 -3.642664861679076882e-01 1.357262763534534261e-02 -1.093740856505876075e-01 -3.759295034408569047e-01 -2.704761789072182565e-01 1.488129803360964676e-01 -3.291442871093750999e-01 -1.960520831641187622e-01 -5.282730984010151204e-02 -3.635129308700562611e-01
3.420236265785698282e-01 -1.620686637630758820e-01 -3.644475269317627442e-01 5.177076776761005417e-03 -1.048953149213768254e-01 -3.743573713302613126e-01 -2.429154015603177119e-01 1.712610646287048843e-01 -3.265853357315064431e-01 -2.039527959316283778e-01 -4.181311657956823108e-02 -3.647361993789673407e-01
3.329415364349276318e-01 -1.630235927368148263e-01 -3.647830533981324397e-01 -1.521347794966085298e-03 -1.010824969228254488e-01 -3.725480413436890736e-01 -2.144213749195333363e-01 1.918612538323079542e-01 -3.289019966125488192e-01 -2.106714522833960379e-01 -3.100598474642417973e-02 -3.661011600494384344e-01
3.245384005514434511e-01 -1.629059520314290466e-01 -3.648658943176269487e-01 -6.115761256078745822e-03 -9.848148418863010567e-02 -3.703739356994628640e-01 -1.858280856131772074e-01 2.141180236340844423e-01 -3.358709383010864968e-01 -2.162352029733059233e-01 -2.085000257400337204e-02 -3.669628763198853338e-01
3.165024907798575926e-01 -1.621484656283428416e-01 -3.647977018356323153e-01 -8.947144117434725763e-03 -9.708620388887714836e-02 -3.678905677795409890e-01 -1.608413904999652366e-01 2.374806084811734164e-01 -3.458766841888427646e-01 -2.210035109258747521e-01 -1.084566371811480912e-02 -3.678097772598266646e-01
3.086281198280284577e-01 -1.610990759684158002e-01 -3.647643852233887762e-01 -1.051008840628774726e-02 -9.667080177941070329e-02 -3.647656869888306619e-01 -1.462744757225506453e-01 2.550995945701264311e-01 -3.555152273178101563e-01 -2.251536809336189271e-01 -6.791700627249430688e-04 -3.684071016311646352e-01
3.007182106150907974e-01 -1.596542483107012966e-01 -3.648058605194092197e-01 -9.294221022897439233e-03 -9.866614602837889270e-02 -3.615785217285156783e-01 -1.398136760910661247e-01 2.665175924733472757e-01 -3.612684488296509233e-01 -2.292154875426929417e-01 9.977808882351099640e-03 -3.689225578308106268e-01
2.928683349063219699e-01 -1.579740810731106726e-01 -3.650507593154905805e-01 -5.123973485680000106e-03 -1.034275521361476130e-01 -3.569960260391233930e-01 -1.388588050780100169e-01 2.717097782388834259e-01 -3.642766284942625665e-01 -2.328761944093643843e-01 2.097682016365326474e-02 -3.694043493270872669e-01
2.848991413088741154e-01 -1.563282840350592173e-01 -3.654872083663940896e-01 8.548998185096134961e-04 -1.101934447324861011e-01 -3.443004465103149947e-01 -1.434475804152179901e-01 2.733210293802343926e-01 -3.661788749694824818e-01 -2.363090041423063226e-01 3.236070831434161021e-02 -3.704030036926270197e-01
2.771840119318622064e-01 -1.544179624064836998e-01 -3.660795021057128840e-01 1.097465134494187561e-02 -1.211995140196150539e-01 -3.313152408599853715e-01 -1.491365801256595014e-01 2.728275462361583470e-01 -3.669871377944945445e-01 -2.394272537547062485e-01 4.321677561536009515e-02 -3.720897674560545987e-01
2.696211945588756764e-01 -1.521103718776367075e-01 -3.667818498611449263e-01 2.386960040890102885e-02 -1.353636506424559516e-01 -3.187056922912596679e-01 -1.545542253353424378e-01 2.746733704171897550e-01 -3.685438632965087891e-01 -2.392911003042361151e-01 5.164985833213905919e-02 -3.711400175094604625e-01
2.621660850710056945e-01 -1.495980578881420664e-01 -3.676089000701904252e-01 3.711837020814775373e-02 -1.505149216323216632e-01 -3.074294185638427601e-01 -1.598695239487774311e-01 2.771872535703455709e-01 -3.702592420578001975e-01 -2.368763436350373452e-01 5.774800122362881705e-02 -3.662930870056151367e-01
2.548392179408440761e-01 -1.468234321850324930e-01 -3.684436941146850275e-01 5.081630263008649062e-02 -1.667415323745267686e-01 -3.008930492401122869e-01 -1.644352006841645342e-01 2.802033580084098974e-01 -3.709650087356566317e-01 -2.313932531362956624e-01 6.007879499545756841e-02 -3.579284000396727450e-01
2.477153118662576980e-01 -1.435986652089244198e-01 -3.691297340393065451e-01 6.517649323302104891e-02 -1.841095694568812835e-01 -2.991731357574461958e-01 -1.678874139251190500e-01 2.840986427845024753e-01 -3.705764865875244563e-01 -2.194504581907418261e-01 5.634805127161443550e-02 -3.458588314056396662e-01
2.408263185564312181e-01 -1.400770414908615036e-01 -3.696453714370727117e-01 8.021622556411163452e-02 -2.026582628344072712e-01 -3.001025962829589333e-01 -1.704306390422515860e-01 2.889043602897474750e-01 -3.697755432128905784e-01 -1.999617236151937649e-01 4.496631660700380062e-02 -3.333184051513671253e-01
2.342613302857977087e-01 -1.365074445322614349e-01 -3.700401830673218373e-01 9.568537188134459970e-02 -2.221944028206630228e-01 -3.009409141540527743e-01 -1.725248320806166136e-01 2.944398498094340511e-01 -3.692031097412108998e-01 -1.780017072449531224e-01 3.030497633548875913e-02 -3.263681697845458585e-01
2.281175884479532678e-01 -1.330388661983340493e-01 -3.703257179260254217e-01 9.704677177682846656e-02 -2.499378274575596859e-01 -2.991673278808594238e-01 -1.739748465970195057e-01 2.999166695410467876e-01 -3.688362979888916149e-01 -1.538342484516085351e-01 1.365695183080196939e-02 -3.290707778930664351e-01
2.224434996553164567e-01 -1.295738625104043695e-01 -3.705024671554565385e-01 9.258828254329423690e-02 -2.778278776116428483e-01 -2.994476795196533425e-01 -1.753195196675495782e-01 3.052249128004188572e-01 -3.688988780975341886e-01 -1.313410308783327096e-01 -1.889857034597784702e-03 -3.380488252639770597e-01
2.171556814736028684e-01 -1.261938229207251183e-01 -3.705387258529663219e-01 8.502741580306026614e-02 -3.027378978772474749e-01 -3.023247146606445335e-01 -1.764672397526172443e-01 3.104723669443673062e-01 -3.692437362670897838e-01 -1.146053274984629028e-01 -1.325052616457810667e-02 -3.481022357940672940e-01
2.120156405626888729e-01 -1.227076085443573328e-01 -3.705295610427855602e-01 7.699839530965192635e-02 -3.229625179187817219e-01 -3.082803726196288174e-01 -1.777462023753227371e-01 3.154246925990528139e-01 -3.698038625717163241e-01 -1.073022881278978130e-01 -1.759362090292883318e-02 -3.550073432922363770e-01
2.068828936433936283e-01 -1.190634316550367999e-01 -3.704078865051269598e-01 7.538753145834631297e-02 -3.350866615228643708e-01 -3.144719886779785423e-01 -1.787158924381877512e-01 3.203510177598739572e-01 -3.704363965988159424e-01 -1.077050385771652630e-01 -1.572092994392799287e-02 -3.611920785903930953e-01
2.049299324854066684e-01 -1.123949577869159666e-01 -3.701150274276734375e-01 8.001423944194868687e-02 -3.476561170050340155e-01 -3.188323593139649192e-01 -1.798072115022070205e-01 3.254705172218656517e-01 -3.709177541732788796e-01 -1.104309977964031964e-01 -1.152901489639873711e-02 -3.633710885047913286e-01
2.046806675653249918e-01 -1.040356196158369884e-01 -3.696697521209716952e-01 7.486973435750857164e-02 -3.658394148404300328e-01 -3.269823122024536066e-01 -1.804305356560664264e-01 3.301689848020367135e-01 -3.706027364730835050e-01 -1.137805446886353544e-01 -6.252479543998233635e-03 -3.642615771293640226e-01
2.047623444926549019e-01 -9.528249960405203722e-02 -3.691355323791503662e-01 5.694215466162239059e-02 -3.827778689997407557e-01 -3.429533767700195246e-01 -1.800709521475264974e-01 3.347437188797891539e-01 -3.691320705413816960e-01 -1.168658481168161900e-01 -1.184856169860457054e-03 -3.653277039527891845e-01
2.053103840200460328e-01 -8.604234888471316844e-02 -3.684405899047852317e-01 1.094711871927595004e-02 -4.136800722708231515e-01 -3.657512521743774836e-01 -1.777713911396348045e-01 3.393473209793450018e-01 -3.666333532333374556e-01 -1.202562460508658781e-01 3.837220654977893664e-03 -3.661127209663391779e-01
2.060695218836341991e-01 -7.610295723481505514e-02 -3.674960327148437678e-01 -7.525797613465889935e-03 -4.231312466077226109e-01 -3.714048099517822665e-01 -1.741188112525827170e-01 3.438268580921530759e-01 -3.632553339004516713e-01 -1.241150208963274215e-01 9.326661312392625636e-03 -3.659174942970276345e-01
2.070244068481405519e-01 -6.551028435469054279e-02 -3.664502763748169190e-01 -1.620266856545574119e-02 -4.219469301801073158e-01 -3.766434335708618297e-01 -1.692273901341962983e-01 3.471031091756014431e-01 -3.594049882888794567e-01 -1.282806561284678959e-01 1.575159383266099000e-02 -3.654017281532287997e-01
2.083049442864499945e-01 -5.441490223939826620e-02 -3.653788566589355469e-01 -2.004618574082595028e-02 -4.161793306894152056e-01 -3.789515995979308993e-01 -1.615043930415382967e-01 3.483685670828817749e-01 -3.551887178421020419e-01 -1.323902176736021785e-01 2.331264528244979262e-02 -3.650924420356750355e-01
2.095693052847540927e-01 -4.318284276008993450e-02 -3.644577121734620673e-01 -2.057650386595485936e-02 -4.055191035105534247e-01 -3.787097954750062723e-01 -1.484740533000330209e-01 3.467616099666984697e-01 -3.509468984603883457e-01 -1.362123956960066828e-01 3.153111219130981524e-02 -3.649989271163942006e-01
2.107941949002671289e-01 -3.224428309843570262e-02 -3.635207653045653409e-01 -1.953241731097063449e-02 -3.934522835778633265e-01 -3.780028700828551580e-01 -1.312007366950963816e-01 3.430110733737293249e-01 -3.464543962478637273e-01 -1.395507041191162978e-01 4.021063189349539935e-02 -3.652815961837768133e-01
2.119318383884833679e-01 -2.196311593437001719e-02 -3.625006866455078303e-01 -1.778206471794568921e-02 -3.814522225693585122e-01 -3.780951619148255061e-01 -1.112030957542619464e-01 3.365859780271525659e-01 -3.414080762863159757e-01 -1.423217241633942254e-01 4.917003792551094543e-02 -3.655237340927124379e-01
2.128789826337577629e-01 -1.268879473057678287e-02 -3.614947843551636342e-01 -1.616159012667955919e-02 -3.704665614481323921e-01 -3.783819937705994452e-01 -8.875805142151646510e-02 3.277079973779727373e-01 -3.369027233123779719e-01 -1.444650640590341983e-01 5.817899818795774919e-02 -3.657662820816040550e-01
2.135820495860883406e-01 -4.001540916490214927e-03 -3.604908800125122825e-01 -1.467284451161163239e-02 -3.602239921930868727e-01 -3.787562370300293635e-01 -6.549941788049731817e-02 3.161839432094197821e-01 -3.333580636978150102e-01 -1.460392445739306932e-01 6.714546502831034158e-02 -3.661622667312622870e-01
2.144771550125291193e-01 3.860814597940964710e-03 -3.595070838928223211e-01 -1.337090112011160570e-02 -3.506642654810231408e-01 -3.791925287246704634e-01 -4.280498001332488922e-02 3.014014750546641919e-01 -3.315000486373901878e-01 -1.471354528305479081e-01 7.600109606815214081e-02 -3.667964744567872026e-01
2.158983835361802384e-01 1.119727396654424112e-02 -3.584955024719238548e-01 -1.201139254573710402e-02 -3.415985556860974270e-01 -3.796708965301514027e-01 -2.206297182850472383e-02 2.840295208962322349e-01 -3.315869522094727073e-01 -1.478647720379948627e-01 8.479123091811394120e-02 -3.675774192810059016e-01
2.178803479620959049e-01 1.771218205998367767e-02 -3.574092531204223766e-01 -1.051152414502326549e-02 -3.328014693496927912e-01 -3.801664280891418057e-01 -2.499916648186731316e-03 2.646021957663808877e-01 -3.330017995834350653e-01 -1.482731411394581644e-01 9.360982763291340880e-02 -3.685332918167114058e-01
2.201014749647748348e-01 2.188387163335012153e-02 -3.563825702667238193e-01 -9.127627406549376765e-03 -3.243239375332065411e-01 -3.807023859024050716e-01 1.706819814191554152e-02 2.433563632979472424e-01 -3.350375652313233310e-01 -1.484642369896724823e-01 1.023217851589223737e-01 -3.697311592102051625e-01
2.211827150378949391e-01 2.156255638229159777e-02 -3.557721042633057440e-01 -8.157896934415348467e-03 -3.163443918404614807e-01 -3.812561702728272106e-01 3.565956222676031073e-02 2.212433672482719826e-01 -3.372626686096192317e-01 -1.486270310661035876e-01 1.106356583081384848e-01 -3.710444784164429466e-01
2.208636643450775094e-01 1.579494214558074816e-02 -3.538956260681151988e-01 -7.533920526690718322e-03 -3.088437269129382101e-01 -3.816329813003540017e-01 5.291835287198839999e-02 1.986824419218324589e-01 -3.389633893966674805e-01 -1.487767924685095555e-01 1.186776727622664840e-01 -3.721251440048217729e-01
2.195420189746835060e-01 3.975440097355342761e-03 -3.488454961776734087e-01 -7.249075051427716909e-03 -3.016723984333605779e-01 -3.818749046325684016e-01 6.780721699387351475e-02 1.752032320075259386e-01 -3.387366557121277433e-01 -1.489079227696875618e-01 1.265045409723915826e-01 -3.729598665237427446e-01
2.169645686561208486e-01 -1.315653056945888244e-02 -3.422284412384034025e-01 -7.456206283688454617e-03 -2.947462041364386498e-01 -3.819729185104370761e-01 7.898663247055946746e-02 1.523230864221924441e-01 -3.358351349830628330e-01 -1.490302625045812623e-01 1.341229951803797338e-01 -3.735353469848633479e-01
2.129416418806226452e-01 -3.548075638889669481e-02 -3.349176883697510543e-01 -8.240083215624111057e-03 -2.880192505205302345e-01 -3.819634485244751687e-01 8.444217181097536662e-02 1.347420766909471213e-01 -3.353507280349732333e-01 -1.490532199863452423e-01 1.416309093046176082e-01 -3.738951444625855380e-01
2.076582239135837393e-01 -6.521179209868349647e-02 -3.278214931488037109e-01 -9.777117464802947966e-03 -2.815243089309620861e-01 -3.819396877288818160e-01 8.415765602417941971e-02 1.210482223398476609e-01 -3.373497343063354137e-01 -1.489651567194555104e-01 1.492290842994306588e-01 -3.741984272003173739e-01
2.025952091861508708e-01 -9.882743894050639855e-02 -3.220846176147461604e-01 -1.204242793204080009e-02 -2.752055188166827593e-01 -3.819846582412720348e-01 8.060625047023881051e-02 1.125752506485837579e-01 -3.413661623001099654e-01 -1.487796732377534292e-01 1.572658778528303880e-01 -3.748189783096314009e-01
2.199371215894915244e-01 -1.129708618083724581e-01 -3.181981182098388983e-01 -1.498113166715575595e-02 -2.689321705805627349e-01 -3.820405006408691961e-01 7.490678561008792813e-02 1.112793937990536608e-01 -3.466477394104004461e-01 -1.484648303966487615e-01 1.656033146661968491e-01 -3.759440898895264338e-01
2.393680623025503662e-01 -1.286389736671246509e-01 -3.170629215240479137e-01 -1.867395059234110144e-02 -2.625742757871393218e-01 -3.822807598114014715e-01 6.772856959668427379e-02 1.162215573748812680e-01 -3.531874465942382857e-01 -1.477213639912385856e-01 1.737439017573544076e-01 -3.772240734100341664e-01
2.601441692631000779e-01 -1.448089482024904617e-01 -3.177224636077880526e-01 -2.311660364701957626e-02 -2.559985906084901175e-01 -3.827468681335448597e-01 6.106284292403016400e-02 1.208712005811928419e-01 -3.586251974105835738e-01 -1.463617998482355520e-01 1.810828563219779586e-01 -3.777284383773804599e-01
2.818138608163573422e-01 -1.608991946294373032e-01 -3.194170951843261497e-01 -2.826991331376628447e-02 -2.491260161835845699e-01 -3.833505678176880038e-01 5.793522844470547911e-02 1.263650295870909490e-01 -3.624684095382690319e-01 -1.450653041597524673e-01 1.882402040945919397e-01 -3.783453321456909380e-01
3.037898368675595040e-01 -1.761155266742995829e-01 -3.223170375823974365e-01 -3.376001820378195240e-02 -2.418480392456546224e-01 -3.839806318283081055e-01 5.498131446172439124e-02 1.323401378761650815e-01 -3.649526524543761918e-01 -1.443376063489075212e-01 1.964705127794738049e-01 -3.794504594802856623e-01
3.248680320640551233e-01 -1.894143817000281116e-01 -3.263814163208008656e-01 -3.958093912312340978e-02 -2.340971164721540876e-01 -3.845932054519654031e-01 5.012639891213223342e-02 1.383468803323362473e-01 -3.666304540634156006e-01 -1.448927481660125804e-01 2.049182130920115530e-01 -3.807457590103150435e-01
3.432536823649505742e-01 -1.990491419469623824e-01 -3.316153335571289107e-01 -4.558494430004080000e-02 -2.258699962683510254e-01 -3.851101922988891535e-01 4.473865197606735622e-02 1.444267561889956142e-01 -3.681010818481444957e-01 -1.463817788169457790e-01 2.132506899597286509e-01 -3.818333768844604514e-01
3.538101794007628143e-01 -2.008566544338353521e-01 -3.428302574157715554e-01 -5.176823513327084847e-02 -2.170346129812541769e-01 -3.853740119934082609e-01 3.890107284589338493e-02 1.507120732382649930e-01 -3.693519783020020597e-01 -1.487789173811021048e-01 2.208257254333352293e-01 -3.821999692916870917e-01
3.588894755045825558e-01 -1.975420973268219860e-01 -3.556349229812621471e-01 -5.779200213421180343e-02 -2.076796115634794437e-01 -3.852866125106810813e-01 3.598655168667930920e-02 1.581655835384933040e-01 -3.700156927108765315e-01 -1.517682511291861824e-01 2.269544286032177949e-01 -3.813179445266723921e-01
3.583494966638836043e-01 -1.894224728347013165e-01 -3.660540342330932395e-01 -6.410266390279187321e-02 -1.983299391568227876e-01 -3.847270679473876465e-01 3.261428509226999006e-02 1.655261568391369620e-01 -3.702582740783691984e-01 -1.548442217072431293e-01 2.303079362635098715e-01 -3.782383823394775968e-01
3.539198842441607651e-01 -1.785816092891626961e-01 -3.733753061294556308e-01 -7.110270989178334167e-02 -1.894494089089944766e-01 -3.836101388931275058e-01 2.892975378182889579e-02 1.727686681316720207e-01 -3.702677202224731179e-01 -1.573452394080718519e-01 2.303930686951020101e-01 -3.714835119247436035e-01
3.463913117907516659e-01 -1.660849374177283955e-01 -3.775812053680420721e-01 -7.865165865362495901e-02 -1.810300249717785581e-01 -3.818778133392334850e-01 2.542633671776497323e-02 1.801744752444434938e-01 -3.704536294937134655e-01 -1.585260167603506631e-01 2.282639107568138759e-01 -3.609436988830567183e-01
3.374494411388446746e-01 -1.532969600380323372e-01 -3.787972259521483753e-01 -8.661152943900163326e-02 -1.732214271448687115e-01 -3.794501161575317139e-01 2.229023886583339498e-02 1.878050700683444318e-01 -3.705342197418213801e-01 -1.575785597630181556e-01 2.223310288200004425e-01 -3.462709999084473411e-01
3.283186063571978397e-01 -1.404659705081351129e-01 -3.787817668914795211e-01 -9.475110845761323952e-02 -1.657388149547745493e-01 -3.768199157714844372e-01 1.955677724537795842e-02 1.956319839846424047e-01 -3.708143472671509011e-01 -1.537948844027186290e-01 2.102261478884827062e-01 -3.261900997161865656e-01
3.190800893877442923e-01 -1.275311175471652014e-01 -3.785719156265259233e-01 -1.020149761273067973e-01 -1.584206322434834890e-01 -3.741681146621704812e-01 1.722074417161936766e-02 2.036225887068695839e-01 -3.715996408462524103e-01 -1.462874166001529863e-01 1.886383127294136708e-01 -3.044583463668822931e-01
3.098501009707529397e-01 -1.142210519760096243e-01 -3.784354305267334517e-01 -1.073461938530334420e-01 -1.518473031149163988e-01 -3.714124488830566895e-01 1.507899740092992491e-02 2.116671393795616363e-01 -3.726195716857910734e-01 -1.370046342669274386e-01 1.619622687279594353e-01 -2.846894836425781783e-01
3.005759323684792372e-01 -1.004508510455349030e-01 -3.784370660781859463e-01 -1.105106543352039200e-01 -1.487916470585160522e-01 -3.687867164611815518e-01 1.289826855155781771e-02 2.196480434731953590e-01 -3.736647510528564586e-01 -1.273829825193845411e-01 1.335319214059189075e-01 -2.725244331359863437e-01
2.909540937937704075e-01 -8.637463276413810676e-02 -3.786721611022948464e-01 -1.115455445543534485e-01 -1.468673124945363007e-01 -3.655975151062010875e-01 1.058322181618659430e-02 2.275604437347810427e-01 -3.747548437118530806e-01 -1.169602561370526872e-01 1.018585934183710018e-01 -2.678472709655762007e-01
2.806547477495835441e-01 -7.221793342510864078e-02 -3.791190528869629039e-01 -1.096836719002893673e-01 -1.470811500268444927e-01 -3.618328619003296498e-01 7.652548901811204174e-03 2.353221936508889667e-01 -3.757616949081421520e-01 -1.076574124814840411e-01 7.244487694071274908e-02 -2.702171516418457320e-01
2.697201931189445179e-01 -5.790918590563393087e-02 -3.796090936660767579e-01 -1.035007952070609305e-01 -1.507362412928552886e-01 -3.575239562988282160e-01 3.661094326815272915e-03 2.429120270666805803e-01 -3.765714359283447998e-01 -9.938929109429102404e-02 4.548238693607652150e-02 -2.787148952484131414e-01
2.581129380539243234e-01 -4.333140710161961784e-02 -3.800860834121704279e-01 -8.997202749779209530e-02 -1.593002926336801739e-01 -3.507559013366699507e-01 -1.580637865891465488e-03 2.503092452035812210e-01 -3.772629451751708940e-01 -9.203716488158307507e-02 2.156988032931346153e-02 -2.895815563201904475e-01
2.458824191248012436e-01 -2.877169668775882150e-02 -3.804865026473998046e-01 -6.894928534461534919e-02 -1.733054726922826361e-01 -3.418474960327146928e-01 -8.209563897644517327e-03 2.573994417924794220e-01 -3.777675199508666593e-01 -8.540588195548358408e-02 8.614196997992588922e-04 -3.002099895477294833e-01
2.331163670016268841e-01 -1.450095976940289633e-02 -3.809066677093506659e-01 -4.135784432216453588e-02 -1.908782956657734675e-01 -3.314694881439209651e-01 -1.627507181643898793e-02 2.641011480850415927e-01 -3.781503152847290883e-01 -7.910449228940918953e-02 -1.723491845720796084e-02 -3.077912425994874246e-01
2.196355051048590745e-01 -4.943251859223923850e-04 -3.813462352752686191e-01 -8.584985031475061978e-03 -2.075091361343778806e-01 -3.210326957702637207e-01 -2.524088897744766746e-02 2.707634866671660978e-01 -3.786017656326294278e-01 -8.013239583666578736e-02 -3.467130432253907185e-02 -3.103478622436524059e-01
2.052828315593267783e-01 1.325820222306093449e-02 -3.817458915710450484e-01 2.783495630133149545e-02 -2.188342449425654257e-01 -3.121534442901612305e-01 -3.503620001899956926e-02 2.779728561134370279e-01 -3.795482110977174139e-01 -8.457403282130007693e-02 -4.723871318511307926e-02 -3.148785209655763362e-01
1.900526332136163732e-01 2.650321055535431042e-02 -3.820705556869505859e-01 6.779638032775653356e-02 -2.251160030649640709e-01 -3.066312408447264271e-01 -4.536078762969988909e-02 2.846988871183711578e-01 -3.804197311401367188e-01 -9.205966601499283863e-02 -5.711344911990627604e-02 -3.206254482269287331e-01
1.739973623835018302e-01 3.886212953922946883e-02 -3.824286460876464289e-01 1.092320654917140199e-01 -2.258592974599217540e-01 -3.045348167419432706e-01 -5.588180502114573067e-02 2.902886520918542268e-01 -3.812973928451538486e-01 -1.039893839994604774e-01 -6.504229537969367925e-02 -3.274108266830444980e-01
1.575304780769077317e-01 4.984036816091935718e-02 -3.827015161514282782e-01 1.526431417841570548e-01 -2.211259624457292405e-01 -3.055113506317139183e-01 -6.652712620497053253e-02 2.952108750238698343e-01 -3.819233036041260188e-01 -1.175171541728440433e-01 -6.961958256884302754e-02 -3.368729686737060858e-01
1.406381067038572075e-01 5.935692542943952349e-02 -3.828380203247070401e-01 1.970939571801197943e-01 -2.108575079349565562e-01 -3.084174251556396351e-01 -7.798256559429737889e-02 2.997751910438614664e-01 -3.822676706314087069e-01 -1.320445630154519490e-01 -7.144875168598049942e-02 -3.482197880744934415e-01
1.233079521964667163e-01 6.757288643466699551e-02 -3.826713562011718195e-01 2.403668236075732212e-01 -1.972720156364881627e-01 -3.142911052703857289e-01 -8.852220957509271404e-02 3.041865710590023197e-01 -3.819159269332886297e-01 -1.439954215922463754e-01 -7.032760074374887205e-02 -3.571602869033814187e-01
1.056686782210036618e-01 7.443191869280371686e-02 -3.820946407318115412e-01 2.828106605041929567e-01 -1.820812900096009657e-01 -3.220080947875976207e-01 -9.218532337142273936e-02 3.116647834748141888e-01 -3.803038501739501864e-01 -1.522272724901066743e-01 -6.666856900375017769e-02 -3.628859472274780229e-01
8.848744743873682150e-02 7.982861540652785859e-02 -3.809952831268310081e-01 3.246379542807136809e-01 -1.661769459369226709e-01 -3.301890563964843262e-01 -9.605023733391113150e-02 3.182056989359448584e-01 -3.770936584472656672e-01 -1.592461707201253129e-01 -6.168370691780992315e-02 -3.671177649497986417e-01
7.195356346630835120e-02 8.371971714657673591e-02 -3.792195463180542681e-01 3.632784053770305444e-01 -1.525322827285858773e-01 -3.372375822067261164e-01 -9.986479155460742385e-02 3.237393125403424388e-01 -3.714523792266846147e-01 -1.654186295789790984e-01 -5.569350359555835794e-02 -3.697475457191467529e-01
5.577875545746504432e-02 8.613794823891822439e-02 -3.770741558074949262e-01 3.930345851702654603e-01 -1.399048809147344086e-01 -3.440039777755735662e-01 -1.053966529423593368e-01 3.264530623398346210e-01 -3.638771295547484352e-01 -1.714240689347043545e-01 -4.877576646275588734e-02 -3.710390615463255992e-01
4.013588813234766906e-02 8.717061388293491364e-02 -3.744848680496216109e-01 4.096038702111051144e-01 -1.269113533899312030e-01 -3.546984052658081477e-01 -1.140764602693195434e-01 3.225398213530138447e-01 -3.545192718505859597e-01 -1.772701723497592807e-01 -4.138752665729417829e-02 -3.716803932189941539e-01
2.510631357990300919e-02 8.687577934285621584e-02 -3.717324829101562589e-01 4.204932613634850824e-01 -1.169443236321113522e-01 -3.663302469253539861e-01 -1.273721814432120791e-01 3.083532081935487779e-01 -3.440972948074340065e-01 -1.833080287670628139e-01 -3.429669311980128310e-02 -3.716578006744383766e-01
1.071214233435903440e-02 8.539351652434110096e-02 -3.694848537445069026e-01 4.240204510002942850e-01 -1.065386098107024837e-01 -3.740810489654541326e-01 -1.440335478133646374e-01 2.834141037081620018e-01 -3.325114345550537753e-01 -1.898493536328864084e-01 -2.820084923120194653e-02 -3.715494251251221236e-01
-2.798915699215722558e-03 8.287678711058341086e-02 -3.674683952331542214e-01 4.220396791975474793e-01 -9.726787527068236905e-02 -3.792883014678954390e-01 -1.457040742219386509e-01 2.666515246750151280e-01 -3.194860887527466442e-01 -1.969434710922992049e-01 -2.278491482132631585e-02 -3.714822816848755149e-01
-1.523696311028483082e-02 7.955672927037563125e-02 -3.659505844116212048e-01 4.163864262593732768e-01 -8.861285063269767892e-02 -3.831390237808228183e-01 -1.423762350655668474e-01 2.519057544366862800e-01 -3.085734748840333053e-01 -2.048563266609907951e-01 -1.775777156953664560e-02 -3.718749809265137762e-01
-2.630015035444280974e-02 7.570167277202730083e-02 -3.647647809982300093e-01 4.078720421740590352e-01 -8.034641137733122829e-02 -3.860690975189209340e-01 -1.361460451382406900e-01 2.355708487653682404e-01 -3.009511852264404874e-01 -2.134903731193537602e-01 -1.293010782484280141e-02 -3.727076482772827548e-01
-3.547459452056748314e-02 7.172045164010748541e-02 -3.637462997436523571e-01 3.971237956999670304e-01 -7.244400506191886469e-02 -3.881843757629395153e-01 -1.278445405504934906e-01 2.175754893959860603e-01 -2.978888177871704679e-01 -2.220877122757171918e-01 -8.285895138167242990e-03 -3.737611913681030407e-01
-4.266635257929432545e-02 6.792485503483627896e-02 -3.627006006240844904e-01 3.849335520619035500e-01 -6.427297245054508501e-02 -3.895265769958495827e-01 -1.191155301887948936e-01 1.996391582877863335e-01 -2.974914312362670898e-01 -2.304568560945148559e-01 -3.949048452625170125e-03 -3.748326063156128263e-01
-4.656343342711691258e-02 6.540511672545495925e-02 -3.623169708251952059e-01 3.727976451341865616e-01 -5.673631031946807513e-02 -3.907275915145873024e-01 -1.106357965041350339e-01 1.828192921069123622e-01 -2.987994098663330211e-01 -2.381309777352810797e-01 7.961775757038547230e-05 -3.760118007659912220e-01
-4.823096462422570702e-02 6.405188613208465109e-02 -3.623971033096313188e-01 3.613750557367569893e-01 -5.020588167172027050e-02 -3.921038722991943004e-01 -1.016926899812663210e-01 1.666546515817086127e-01 -3.008825206756590709e-01 -2.453100640771510577e-01 4.048521493673962190e-03 -3.772375726699828125e-01
-4.623445715152171148e-02 6.528780780538655237e-02 -3.620753574371336492e-01 3.508952848627758803e-01 -4.445791333936446876e-02 -3.936682796478270241e-01 -9.367601664802913120e-02 1.526561225942670852e-01 -3.041675138473509676e-01 -2.520346564574635351e-01 7.909081190051028831e-03 -3.785369491577147416e-01
-4.026369679433573767e-02 7.004169305904621445e-02 -3.609971904754639693e-01 3.414775074884360828e-01 -3.952119789517843929e-02 -3.953334474563599543e-01 -8.844029029531352837e-02 1.417255296666987963e-01 -3.107075738906860396e-01 -2.582956342068001843e-01 1.148602601107971688e-02 -3.796803283691406183e-01
-2.985440948117079954e-02 7.947170824281928059e-02 -3.584653663635254950e-01 3.322328273804421861e-01 -3.567532824585867290e-02 -3.971443414688111684e-01 -8.540180509613291837e-02 1.330055090620204106e-01 -3.194723367691042482e-01 -2.640986530918950081e-01 1.426246665454125595e-02 -3.804787731170657938e-01
-1.492313653197958195e-02 9.460291432479195350e-02 -3.546452045440673384e-01 3.233019313162587838e-01 -3.290385026879472097e-02 -3.987128973007201815e-01 -8.293285814351550322e-02 1.254953975389562493e-01 -3.273167324066161843e-01 -2.696059395108482137e-01 1.600075738606440701e-02 -3.808355045318603249e-01
8.284196544777189253e-04 1.131703597032074626e-01 -3.501839733123780496e-01 3.148421032378925233e-01 -3.063903364872835877e-02 -3.997060918807984198e-01 -8.196613818775894122e-02 1.195323559534481050e-01 -3.344166135787964844e-01 -2.748108629183030338e-01 1.700844291768495442e-02 -3.805940914154053445e-01
1.547253140022269990e-02 1.338227686776047309e-01 -3.457804870605468150e-01 3.066628607293960251e-01 -2.894561856295943536e-02 -4.000528383255004261e-01 -8.289279899489400416e-02 1.149251113990834017e-01 -3.388037681579589289e-01 -2.798961198960664420e-01 1.586882284422774791e-02 -3.794279956817626642e-01
2.887309392135724989e-02 1.564230249161648600e-01 -3.421282100677489058e-01 2.987057660779314228e-01 -2.750866985572156254e-02 -3.998254680633543945e-01 -8.675575301499616199e-02 1.114999649690507910e-01 -3.419372415542602517e-01 -2.874095505870287726e-01 7.363476919985526004e-03 -3.775107383728027455e-01
4.145028083207136227e-02 1.810565312627765433e-01 -3.381627941131591930e-01 2.912098217403197853e-01 -2.671068595853956507e-02 -3.990941286087036355e-01 -9.629039565121011446e-02 1.095109702195067314e-01 -3.480047154426574862e-01 -2.943167787534218260e-01 -1.890462292302580449e-03 -3.747552776336670055e-01
5.321486782331143195e-02 2.077754098575801678e-01 -3.333811283111573487e-01 2.841096160621480182e-01 -2.650817477125975985e-02 -3.978567075729371183e-01 -1.113075592313845785e-01 1.081976569736369520e-01 -3.562848711013796299e-01 -2.994525722651635302e-01 -1.210947872666379155e-02 -3.706126308441164419e-01
6.451458969790094256e-02 2.376937061635696624e-01 -3.278487586975096790e-01 2.773444959447798897e-01 -2.647256651997952070e-02 -3.960311460494994051e-01 -1.277305236076025641e-01 1.061442861405949845e-01 -3.640751075744628751e-01 -3.038923669508695746e-01 -2.279286793050284976e-02 -3.667356538772583163e-01
7.434963491809033764e-02 2.688340455095962755e-01 -3.220010185241700129e-01 2.711120912486978396e-01 -2.695298363325049351e-02 -3.935361623764038752e-01 -1.419231826458526580e-01 1.020276727879504269e-01 -3.685246372222901190e-01 -3.064222406280929789e-01 -3.523017404635642169e-02 -3.651197862625122914e-01
7.947711336353205369e-02 2.962239289346758064e-01 -3.199560356140138118e-01 2.657269033112097389e-01 -2.768594762491054240e-02 -3.905241346359254462e-01 -1.555961574287705595e-01 9.558367274971470151e-02 -3.713383007049562146e-01 -3.068590630170632827e-01 -5.039890092511879749e-02 -3.637379121780396907e-01
7.879209262259391500e-02 3.179826614626037884e-01 -3.233899879455565674e-01 2.609074734072457935e-01 -2.820033017389787788e-02 -3.872046852111816206e-01 -1.694940435964077396e-01 8.674120616244297699e-02 -3.723225021362305265e-01 -3.046067057036700443e-01 -6.805869685173289441e-02 -3.608615446090698842e-01
7.461182787034725816e-02 3.362932248898227172e-01 -3.339886474609375377e-01 2.561442893974831825e-01 -2.868871934956120084e-02 -3.838418483734131192e-01 -1.835083277588756001e-01 7.550043695821748169e-02 -3.715232276916504150e-01 -2.984315947340546726e-01 -8.888113602334057894e-02 -3.564051771163940785e-01
6.682977267776286923e-02 3.484857149806809828e-01 -3.475723409652711204e-01 2.511040404596628361e-01 -2.933092493866201744e-02 -3.806282234191896707e-01 -1.969921623992365034e-01 6.201406822003322633e-02 -3.693276357650755459e-01 -2.835235771915490255e-01 -1.192884174897743399e-01 -3.513830471038817405e-01
5.629621465812145731e-02 3.536371133799752764e-01 -3.617936611175538442e-01 2.455039793433769213e-01 -3.031475175010388268e-02 -3.773864412307741945e-01 -2.088394636012757544e-01 4.698456480190758150e-02 -3.663352775573730513e-01 -2.546703079140021919e-01 -1.486304816763537873e-01 -3.457602453231811701e-01
4.528623975528570100e-02 3.549669586496550511e-01 -3.689504671096802690e-01 2.392245028255787498e-01 -3.190412865589470348e-02 -3.746081542968750511e-01 -2.187777288763119998e-01 3.161736588451483781e-02 -3.638433599472046809e-01 -2.231597407559701984e-01 -1.757521671814288033e-01 -3.403761720657349499e-01
3.442418162501734158e-02 3.523671365477521467e-01 -3.714984703063965998e-01 2.322664718295596453e-01 -3.436011093710107656e-02 -3.722736167907715887e-01 -2.273234729432840051e-01 1.656095863907008220e-02 -3.620591735839843728e-01 -1.876449996438802337e-01 -2.005746297282729740e-01 -3.354408311843871671e-01
2.471137600346076657e-02 3.459925124814797748e-01 -3.715890264511108598e-01 2.251896173190662265e-01 -3.791056600168984936e-02 -3.703614234924316739e-01 -2.349077842202611510e-01 1.733004506038582360e-03 -3.610919570922851429e-01 -1.505810243070481724e-01 -2.192316811418402456e-01 -3.313838434219360529e-01
1.443509742154074071e-02 3.382288768705098425e-01 -3.708503437042237061e-01 2.177407227762880870e-01 -4.195295788104824730e-02 -3.687442827224732267e-01 -2.415516373777644721e-01 -1.276055041102534815e-02 -3.610405349731445890e-01 -1.115654798563774364e-01 -2.299514808196053695e-01 -3.298969221115113371e-01
3.831534439154307692e-03 3.301749661478318720e-01 -3.705877447128295143e-01 2.105558695287084725e-01 -4.617383852385048559e-02 -3.673867559432982821e-01 -2.472567074073993842e-01 -2.702104044201114608e-02 -3.617371797561645952e-01 -7.249914639428901852e-02 -2.350643273353254514e-01 -3.312161159515381592e-01
-6.815332816442296049e-03 3.215197913964582543e-01 -3.707914257049558793e-01 2.037642451022410039e-01 -5.016442912326934955e-02 -3.660906887054441450e-01 -2.520112685641932027e-01 -4.171599637947097372e-02 -3.629165792465209317e-01 -3.532892328088503564e-02 -2.348505823763800127e-01 -3.341941738128661465e-01
-1.694642199445314107e-02 3.124579362852486497e-01 -3.712172603607177823e-01 1.978967567824108376e-01 -5.354418676232412799e-02 -3.646967315673828591e-01 -2.553113531188543894e-01 -5.692959613167122845e-02 -3.642681312561034668e-01 -1.400541586859288534e-03 -2.268781021167803613e-01 -3.371708059310912220e-01
-2.650309683417582940e-02 3.032908619274118367e-01 -3.714197587966917569e-01 1.928412415177391814e-01 -5.579730728619469726e-02 -3.629635572433470569e-01 -2.571017186766314522e-01 -7.267813045918421200e-02 -3.652772760391235218e-01 2.839560077779208769e-02 -2.144275592812397158e-01 -3.391946268081664773e-01
-3.601306816358573054e-02 2.935242566276894949e-01 -3.711918210983275457e-01 1.878748453692071219e-01 -5.644044689491453659e-02 -3.604266357421874178e-01 -2.578365107132144507e-01 -8.855188069691098673e-02 -3.656606626510620073e-01 5.446615794206124267e-02 -2.017172615625793808e-01 -3.396347045898437944e-01
-4.554737648519500970e-02 2.832598746219803787e-01 -3.708636426925658869e-01 1.834157949371255092e-01 -5.508317426296565483e-02 -3.572980165481567383e-01 -2.576708581966593026e-01 -1.042761807197784552e-01 -3.658636808395386852e-01 7.741879732247888835e-02 -1.913694880893329620e-01 -3.392264986038208696e-01
-5.492502393232774616e-02 2.726699285846794774e-01 -3.704789543151855158e-01 1.813047454749358300e-01 -4.692722605309494754e-02 -3.552957153320311923e-01 -2.565202610886223034e-01 -1.196081677593337222e-01 -3.659712696075440030e-01 9.538123017452512786e-02 -1.843980757581110408e-01 -3.394389152526856024e-01
-6.413560949062280248e-02 2.618965329585493107e-01 -3.697336053848266912e-01 1.788421140588786762e-01 -3.240147161966946965e-02 -3.532788944244384943e-01 -2.544870103997293187e-01 -1.343635113485959764e-01 -3.655752611160278387e-01 1.053438077051451344e-01 -1.792396449000535907e-01 -3.404594707489013716e-01
-7.295018813242590272e-02 2.511937658407238372e-01 -3.683310985565185769e-01 1.722733421610315729e-01 -1.205867220999833934e-02 -3.456624937057495295e-01 -2.557814875677141830e-01 -1.445167820807405079e-01 -3.643715572357176802e-01 1.087452797863575349e-01 -1.761069653933554358e-01 -3.432540321350096568e-01
-8.149932248686320158e-02 2.405010884984070951e-01 -3.654811477661132901e-01 1.618827394753667714e-01 1.584030059549475233e-02 -3.323708772659301758e-01 -2.644349179248375870e-01 -1.472469527158412339e-01 -3.611189699172973611e-01 1.089293074144940254e-01 -1.764689445577013738e-01 -3.457447004318237038e-01
-8.974551563184582359e-02 2.296658753397353703e-01 -3.618803405761717995e-01 1.479213806198623193e-01 4.841689123950861789e-02 -3.207379961013793190e-01 -2.728964837155770651e-01 -1.493287958758779954e-01 -3.566377210617065474e-01 1.063560252038378007e-01 -1.805106798240772026e-01 -3.492266893386841153e-01
-9.732444050565774996e-02 2.188102511140807560e-01 -3.584096860885619962e-01 1.346373965183922383e-01 8.623158099855156300e-02 -3.108595943450928045e-01 -2.820004113067980378e-01 -1.524173559939304423e-01 -3.519467592239379772e-01 1.014758177348402124e-01 -1.838384898072807083e-01 -3.514763164520263716e-01
-1.043798912919174093e-01 2.077180007565500586e-01 -3.553382968902588646e-01 1.204467150626521293e-01 1.246736392684405920e-01 -3.029581642150879217e-01 -2.912683433957316548e-01 -1.568945645982904868e-01 -3.470164251327515492e-01 9.620585356183708470e-02 -1.853598262604302660e-01 -3.497359132766724166e-01
-1.107723701162782737e-01 1.968150128768997864e-01 -3.527110719680787154e-01 1.053463085462860160e-01 1.647249654068890234e-01 -2.972589111328125533e-01 -2.994852059820959367e-01 -1.634100992237949579e-01 -3.419025325775146285e-01 9.002907661983652887e-02 -1.880015246314249433e-01 -3.474223041534423295e-01
-1.161984100739568981e-01 1.862046521092594886e-01 -3.507118558883667858e-01 8.972254680365390755e-02 2.055775460173016045e-01 -2.946255016326905229e-01 -3.010178012175325213e-01 -1.736912076310679343e-01 -3.366025543212891602e-01 8.311724638861414660e-02 -1.918877923222579718e-01 -3.470622038841248425e-01
-1.202808980040261516e-01 1.758470483458763056e-01 -3.495335674285889316e-01 7.565501627980383836e-02 2.466266552893748853e-01 -2.965698909759522106e-01 -2.916676524982024787e-01 -1.900505227753495896e-01 -3.316019725799561058e-01 7.578290272498976188e-02 -1.971453690213939014e-01 -3.477867794036865745e-01
-1.225723852259943958e-01 1.657496200647418649e-01 -3.493896675109863792e-01 6.692587705130167985e-02 2.887097600919808493e-01 -3.024815940856934171e-01 -2.739790878367043270e-01 -2.076901338741790060e-01 -3.263643360137939986e-01 6.883123947681067667e-02 -2.038921907181768245e-01 -3.494460105895996760e-01
-1.232594080162192768e-01 1.558495892556389650e-01 -3.496836900711060014e-01 6.543652352193146671e-02 3.312673006738406367e-01 -3.105320739746094127e-01 -2.489108633589016684e-01 -2.258004714110546374e-01 -3.195878410339356157e-01 6.250259395010032692e-02 -2.117224242157935699e-01 -3.514893794059754106e-01
-1.223986746151198429e-01 1.463718766411161165e-01 -3.505507802963256370e-01 7.237279357473995478e-02 3.727771180723614686e-01 -3.194474744796752530e-01 -2.186640136586929517e-01 -2.421079151433226384e-01 -3.110404491424560991e-01 5.687201241718020661e-02 -2.203240763510573574e-01 -3.539447927474976274e-01
-1.210991739393342675e-01 1.372651472109182869e-01 -3.511475324630736194e-01 9.278908362811488786e-02 4.167587123251239034e-01 -3.279698896408079767e-01 -2.008870528795641819e-01 -2.499094876595646941e-01 -3.037926578521728538e-01 5.176561518840833154e-02 -2.290643773357898816e-01 -3.559692001342773526e-01
-1.192616758035084656e-01 1.280753675456091090e-01 -3.513343048095703414e-01 1.101500334748231613e-01 4.370605512908779522e-01 -3.334314012527466176e-01 -1.943507823264671863e-01 -2.460404478619398760e-01 -2.985322713851927823e-01 4.693117062986447430e-02 -2.378235321661079649e-01 -3.575806999206542214e-01
-1.171055207504280438e-01 1.190942792495870151e-01 -3.514985132217408603e-01 1.258383534681950522e-01 4.452648911107643936e-01 -3.436159038543702415e-01 -1.842973368254705036e-01 -2.339081600340924827e-01 -2.954227590560914440e-01 4.243275300370538683e-02 -2.467353326427063620e-01 -3.591331148147584584e-01
-1.148518105760872876e-01 1.104821141017849756e-01 -3.508513402938843173e-01 1.379568664993816030e-01 4.425702627139017076e-01 -3.573353266716003396e-01 -1.725313638187140619e-01 -2.172796904882249580e-01 -2.938893842697143377e-01 3.797974032275190648e-02 -2.556979258570345470e-01 -3.598453903198242099e-01
-1.124416192047917734e-01 1.024790174152140493e-01 -3.494179296493530873e-01 1.408775619681854885e-01 4.321219028158267972e-01 -3.688516783714295144e-01 -1.603848654293487663e-01 -1.984325652168383025e-01 -2.937240219116212803e-01 3.342219966067488945e-02 -2.647128968630767520e-01 -3.597112894058229204e-01
-1.098807436799559001e-01 9.511308073814590813e-02 -3.475317525863647061e-01 1.400554974034539102e-01 4.192649622447205959e-01 -3.741766500473022172e-01 -1.485812230311779891e-01 -1.786078747307482673e-01 -2.947903537750244940e-01 2.863051545707863410e-02 -2.737454832018137441e-01 -3.590340900421143400e-01
-1.074718973683882195e-01 8.882375720678999109e-02 -3.455601692199707919e-01 1.382291206231688330e-01 4.063727810333062074e-01 -3.739629960060120162e-01 -1.377577282578618112e-01 -1.590245446662911233e-01 -2.959142923355103094e-01 2.358329386576145381e-02 -2.829238023960288784e-01 -3.583504962921142956e-01
-1.056816817708444156e-01 8.466204129833426739e-02 -3.436788225173950662e-01 1.325096530865306210e-01 3.923143276198841622e-01 -3.733556652069092152e-01 -1.281575630047940006e-01 -1.402333378920211371e-01 -2.968784093856812190e-01 1.819885457967923559e-02 -2.922486254955566909e-01 -3.577986049652099876e-01
-1.060604086794693923e-01 8.210887292334680121e-02 -3.411480569839478449e-01 1.244245595351793771e-01 3.774507992360770503e-01 -3.727132534980774903e-01 -1.200237412480345267e-01 -1.228902161856541275e-01 -2.987480068206788131e-01 1.265373600853267333e-02 -3.016403428358067074e-01 -3.573347473144531938e-01
-1.107808799912453207e-01 8.133857462634593027e-02 -3.373989820480347013e-01 1.172811882012778778e-01 3.623994119290722127e-01 -3.717571592330932706e-01 -1.129282065043653027e-01 -1.057688064891686985e-01 -3.004468011856079590e-01 7.269333214889275863e-03 -3.113893062337996231e-01 -3.565790462493896862e-01
-1.145401448268265759e-01 8.436593111977279402e-02 -3.330546092987060613e-01 1.115749226289935586e-01 3.479857812852540921e-01 -3.706859159469604315e-01 -1.069823288826502322e-01 -9.034615636124147808e-02 -3.036829376220703258e-01 2.077961678847883853e-03 -3.213754133061859641e-01 -3.556745672225952171e-01
-1.168068226765172773e-01 9.161151407228473875e-02 -3.284102916717529519e-01 1.066574287901490281e-01 3.342184044279519206e-01 -3.694853925704956743e-01 -1.023006053983527980e-01 -7.729353613928949263e-02 -3.079870557785033824e-01 -2.105392085966190097e-03 -3.316343371717443422e-01 -3.546998453140258190e-01
-1.171530000397062038e-01 1.049688591783999314e-01 -3.237249660491943737e-01 1.019812814600343925e-01 3.208762150685027237e-01 -3.683279991149902566e-01 -9.873884839939973956e-02 -6.596995852650440473e-02 -3.123210430145264005e-01 -2.448248388521881425e-03 -3.429162506610224370e-01 -3.537181901931762962e-01
-1.153791619130689478e-01 1.267303531319943499e-01 -3.190337562561036400e-01 9.754678483342903161e-02 3.078020133769333588e-01 -3.674042582511903299e-01 -9.705860764415756570e-02 -6.088431071305379361e-02 -3.175945639610291971e-01 -3.378655912930406124e-03 -3.538152047062237404e-01 -3.528422927856446623e-01
-1.134201919826300087e-01 1.527872872149461658e-01 -3.144862937927246360e-01 9.334650115917089708e-02 2.947716468105106014e-01 -3.667369556427002020e-01 -9.658515515215124192e-02 -5.980798254825565874e-02 -3.204943919181823531e-01 -4.902778696659740310e-03 -3.639699981149003283e-01 -3.518734884262084694e-01
-1.166360911752075957e-01 1.794918623108439082e-01 -3.103331422805786777e-01 8.926051612532140411e-02 2.814382807052119850e-01 -3.662027645111084473e-01 -9.740306595087122599e-02 -6.367143115857865077e-02 -3.245556879043580145e-01 -6.765148613786658993e-03 -3.736812301292547489e-01 -3.505555677413941251e-01
-1.191078944888573354e-01 2.077879989099031266e-01 -3.072966194152833008e-01 8.553796643331174065e-02 2.675349037933542062e-01 -3.657826995849610130e-01 -9.943341735273183990e-02 -7.311367493257622807e-02 -3.311635375022888850e-01 -8.111321764146098290e-03 -3.829871263508171086e-01 -3.485566329956055198e-01
-1.201195658066276234e-01 2.365827517425986570e-01 -3.057065105438233066e-01 8.211560009118903936e-02 2.529628996390807516e-01 -3.656696271896363037e-01 -1.017367741326121872e-01 -8.502651740973167505e-02 -3.364799189567566629e-01 -8.380398239418829220e-03 -3.918926834620048982e-01 -3.461384391784668724e-01
-1.195192970864630694e-01 2.649532541454873713e-01 -3.055441379547119141e-01 7.891595067845130762e-02 2.378393627994384030e-01 -3.656633567810058105e-01 -1.035289658768007159e-01 -9.633549795708359897e-02 -3.375798010826109863e-01 -7.537342186316339787e-03 -4.001322937663383539e-01 -3.429567670822142311e-01
-1.174799001937943121e-01 2.932259915762064906e-01 -3.073474788665772062e-01 7.584438841400704956e-02 2.225141462413736115e-01 -3.656861305236817072e-01 -1.050234191698987407e-01 -1.079350709660391178e-01 -3.384676098823548029e-01 -5.611735608454349045e-03 -4.068530617140077577e-01 -3.391882133483887785e-01
-1.102577580336605162e-01 3.247400664326420827e-01 -3.110328245162964356e-01 7.227869665673702926e-02 2.072494733145114898e-01 -3.655861902236938743e-01 -1.061575355636925899e-01 -1.197205433342865000e-01 -3.391701817512512429e-01 -2.331252826513571796e-03 -4.104240099200288094e-01 -3.353205347061157804e-01
-1.031900065661295052e-01 3.533496404256770140e-01 -3.126108932495117454e-01 6.893214995852979532e-02 1.924781559130163133e-01 -3.656540727615356645e-01 -1.064590752878760982e-01 -1.320455223476230677e-01 -3.403173446655273771e-01 3.699064691500150714e-03 -4.099763044531095080e-01 -3.315464401245117321e-01
-9.350970282523404786e-02 3.823223772926221953e-01 -3.134898233413696556e-01 7.377454789280030178e-02 1.782358286850160844e-01 -3.658289432525635432e-01 -1.059377948849416357e-01 -1.448728073595944021e-01 -3.420687055587768866e-01 1.189593059983100332e-02 -4.050119455394561307e-01 -3.269658756256104137e-01
-8.122452782734396193e-02 4.100923027797976905e-01 -3.128626346588135876e-01 7.951214428084701913e-02 1.635490322235214899e-01 -3.660588407516480181e-01 -1.046153220980605147e-01 -1.577379855260409025e-01 -3.438803100585938188e-01 2.178684832395062776e-02 -3.931606927801624685e-01 -3.206864976882935481e-01
-6.679672614711613943e-02 4.340021128845831799e-01 -3.117461538314820202e-01 8.455967178325020372e-02 1.482386748993177461e-01 -3.663792276382447088e-01 -1.026049192995315412e-01 -1.702243822884040303e-01 -3.455508422851562012e-01 3.247669838297857076e-02 -3.738006474698890580e-01 -3.128330278396606046e-01
-5.071822686671363656e-02 4.526514172782097334e-01 -3.126635599136352028e-01 8.877581412973356567e-02 1.322817248525277323e-01 -3.667507600784301047e-01 -1.001430255100883432e-01 -1.823650587326053896e-01 -3.472307014465331743e-01 4.311932671938116524e-02 -3.460833545790616417e-01 -3.053397560119628373e-01
-3.342208208552031878e-02 4.667782438701037484e-01 -3.149959087371826394e-01 9.207812629846746921e-02 1.159830273442553766e-01 -3.670829248428345570e-01 -9.791402909102432661e-02 -1.939494150733456490e-01 -3.487277030944824774e-01 5.183223453651121526e-02 -3.142739815761452782e-01 -2.983764410018921454e-01
-1.514961478704777986e-02 4.767694082546837797e-01 -3.183288288116455367e-01 9.445936972321344882e-02 9.960320752334085592e-02 -3.672652673721313876e-01 -9.598146776319933793e-02 -2.050844794593492115e-01 -3.499607133865356712e-01 5.884305937305263356e-02 -2.786258084943586955e-01 -2.928144836425781716e-01
3.580767514941060603e-03 4.819937074855409898e-01 -3.229696226119995739e-01 9.592037611845437295e-02 8.349463701404688520e-02 -3.672572326660157316e-01 -9.484773877867321012e-02 -2.159056669715059273e-01 -3.510771799087525347e-01 6.359602260714281030e-02 -2.442468655322150572e-01 -2.913544797897339445e-01
2.185896592640133862e-02 4.801339287576212311e-01 -3.299456024169922230e-01 9.634359653116764122e-02 6.712748703272887474e-02 -3.668139123916626110e-01 -9.447059631347658193e-02 -2.281152105331420710e-01 -3.519782161712646795e-01 7.999999999999996003e-02 -2.023705959320068470e-01 -2.926691865921020597e-01
3.920049666275449152e-02 4.727936124083341740e-01 -3.381976175308227250e-01 9.553779285520917763e-02 5.016666079994398786e-02 -3.653527021408080611e-01 -1.009703826904297247e-01 -2.387278318405151312e-01 -3.523132467269898260e-01 7.999999999999996003e-02 -1.684360027313232810e-01 -2.954087066650391558e-01
5.613701504117925289e-02 4.631387048794916583e-01 -3.457792186737060902e-01 9.359424576438117593e-02 3.326647129990367713e-02 -3.628258705139160156e-01 -1.076929855346679815e-01 -2.500618171691894598e-01 -3.523355722427368164e-01 7.999999999999997391e-02 -1.369787406921386952e-01 -3.008440685272216752e-01
7.208554657863236459e-02 4.514344422251194699e-01 -3.517624711990356978e-01 9.086624485177316468e-02 1.779423543220104084e-02 -3.595193624496459961e-01 -1.147720336914062333e-01 -2.617074894905090376e-01 -3.520846462249755948e-01 7.999999999999997391e-02 -1.090211391448974165e-01 -3.116584873199463313e-01
8.631950351212085149e-02 4.375762357206559039e-01 -3.555396032333374978e-01 8.787147125617209009e-02 4.807884607157968115e-03 -3.552100467681885698e-01 -1.220849227905273227e-01 -2.734386348724365257e-01 -3.510822868347168724e-01 7.999999999999998779e-02 -8.572086811065673939e-02 -3.199807095527649747e-01
9.837383991308620845e-02 4.217912943566339279e-01 -3.575331926345824973e-01 8.594990150764490744e-02 -3.330897352650040444e-03 -3.505184793472289617e-01 -1.295486450195312556e-01 -2.852739930152892733e-01 -3.490881729125977495e-01 7.999999999999998779e-02 -6.773715019226074496e-02 -3.245902276039124290e-01
1.081283964143038290e-01 4.047762050529924438e-01 -3.579348516464234131e-01 8.528526178698436766e-02 -7.589515887565120161e-03 -3.435303211212158980e-01 -1.373594284057616799e-01 -2.969119334220886031e-01 -3.465230607986450884e-01 7.999999999999998779e-02 -6.278695106506347601e-02 -3.323641300201417015e-01
1.153537396645917257e-01 3.874050450020987135e-01 -3.573666381835937655e-01 8.713895438540222860e-02 -6.515218822343862848e-03 -3.314574146270751753e-01 -1.310074280335936092e-01 -3.049335185881800747e-01 -3.441090059280395574e-01 6.915541598431733383e-02 -8.310527119995551881e-02 -3.377625274658203058e-01
1.205639078797755837e-01 3.702904387916275963e-01 -3.562673377990723256e-01 9.255584021156230967e-02 4.910043097783450827e-04 -3.198744916915894354e-01 -1.371836178496673164e-01 -3.147858210790708267e-01 -3.420079803466796187e-01 6.609673299788476619e-02 -9.271105455118941463e-02 -3.378691482543944580e-01
1.241035266736258413e-01 3.538863329725577267e-01 -3.553215932846069958e-01 1.012790981282077618e-01 1.186179820475609381e-02 -3.091945648193359930e-01 -1.438994363075333793e-01 -3.233832198782690126e-01 -3.399994468688965488e-01 6.225449710200980924e-02 -1.035922903197272066e-01 -3.361108636856079968e-01
1.265838042438953148e-01 3.383875365284029213e-01 -3.548682451248169056e-01 1.140493731811601935e-01 2.790250344122529452e-02 -2.999249362945556885e-01 -1.512522870141161935e-01 -3.304438232744098536e-01 -3.381713247299194536e-01 5.762813953697357161e-02 -1.152527841247991125e-01 -3.368436050415039018e-01
1.284909568603642971e-01 3.231621186586428607e-01 -3.545910882949828702e-01 1.300060474131418398e-01 4.625269363971468151e-02 -2.925323295593261208e-01 -1.606554565409960555e-01 -3.357513998298621849e-01 -3.364581108093262496e-01 5.257422507062090716e-02 -1.265328261488286032e-01 -3.381041526794434371e-01
1.302467726219530553e-01 3.082289028244724061e-01 -3.543796396255493031e-01 1.477071770129376738e-01 6.414050093391843177e-02 -2.901292037963867365e-01 -1.711326027070624034e-01 -3.378993620734350722e-01 -3.346848106384276433e-01 4.690936581427432306e-02 -1.367268614486322753e-01 -3.390261578559874422e-01
1.314185227315878279e-01 2.936827249631387970e-01 -3.541676425933836803e-01 1.677930967742673474e-01 8.240992543798211778e-02 -2.904956054687498623e-01 -1.828562269824543507e-01 -3.352591270784568978e-01 -3.327512598037718483e-01 3.968049360303172596e-02 -1.475839111216100674e-01 -3.405483698844908313e-01
1.319321704652202665e-01 2.796434917658635610e-01 -3.540682363510131436e-01 1.923539734128825174e-01 1.033913343142382341e-01 -2.941403293609619052e-01 -1.968585859351308642e-01 -3.286363132016168476e-01 -3.310057163238525058e-01 3.025104319743734255e-02 -1.588589826103781744e-01 -3.421751403808593883e-01
1.317558141726703769e-01 2.662333810051402128e-01 -3.541584014892578125e-01 2.197217544869753958e-01 1.247572173360331493e-01 -3.023652172088623358e-01 -2.124832664795706927e-01 -3.173120126987944989e-01 -3.297200441360472745e-01 1.839973720893622183e-02 -1.700182847325246438e-01 -3.435923051834105513e-01
1.309495665726590763e-01 2.533422384126298166e-01 -3.544913244247437367e-01 2.630098172747635243e-01 1.329002610010761032e-01 -3.114279842376709850e-01 -2.278611854906287815e-01 -3.019744641867758705e-01 -3.294139719009400169e-01 4.592469987592370795e-03 -1.805943771169905843e-01 -3.451337909698487527e-01
1.297301689544025916e-01 2.409816623842067074e-01 -3.550971221923828747e-01 3.047764332890333661e-01 1.255649407910008619e-01 -3.120529937744140891e-01 -2.394472568558792536e-01 -2.797157276536890169e-01 -3.298873043060303045e-01 -1.045885608757254892e-02 -1.899714721281631491e-01 -3.471982240676880216e-01
1.276712420781063728e-01 2.294959886460706255e-01 -3.558634376525879883e-01 3.391495132144256575e-01 1.146564025292966665e-01 -3.140769243240357222e-01 -2.460386567815192882e-01 -2.529222613100005068e-01 -3.296445655822754506e-01 -2.595893814031342839e-02 -1.978783158939149689e-01 -3.498327970504761519e-01
1.184039237464584726e-01 2.256113140794820948e-01 -3.566466808319091464e-01 3.646700908079663073e-01 1.042595165991241357e-01 -3.233306217193602783e-01 -2.479302493643335548e-01 -2.243282212534480624e-01 -3.275646352767943581e-01 -4.144821327226337615e-02 -2.044059353613034424e-01 -3.524385833740233953e-01
1.090103875994150318e-01 2.221874499626555477e-01 -3.572761535644531916e-01 3.698631959879969400e-01 1.009283138865155749e-01 -3.275157690048218218e-01 -2.454743108430037235e-01 -1.954562908258980214e-01 -3.252092218399048607e-01 -5.662413379968961324e-02 -2.098238944763333169e-01 -3.548450040817261453e-01
9.959348480022300887e-02 2.189225493753702012e-01 -3.577357864379884789e-01 3.888419125524013031e-01 9.433626180633880587e-02 -3.282264280319215910e-01 -2.387300977186372908e-01 -1.672197679605838538e-01 -3.232131338119507702e-01 -7.104162812887039602e-02 -2.144988181369084368e-01 -3.570229625701905052e-01
9.017450027091900022e-02 2.157722712549623723e-01 -3.577385091781616899e-01 4.023420488166384867e-01 7.691098530628057151e-02 -3.359873008728028188e-01 -2.388958011474270338e-01 -1.302620747666777268e-01 -3.220637321472168413e-01 -8.455405304788993215e-02 -2.186601510158300288e-01 -3.587518167495727939e-01
8.090317742285806080e-02 2.129723194830819843e-01 -3.574057865142822865e-01 4.007108299783436189e-01 6.317728111578291283e-02 -3.432240009307861994e-01 -2.391527909483431857e-01 -8.982925033872571352e-02 -3.221847820281983354e-01 -9.755872712609131581e-02 -2.223623047193048763e-01 -3.599860954284668790e-01
7.183216171012238305e-02 2.105651941661244031e-01 -3.568948507308960516e-01 3.911588808269677031e-01 5.264012302677315014e-02 -3.501221227645874290e-01 -2.369653858732065910e-01 -5.103185064034916618e-02 -3.233595561981201794e-01 -1.103644312388994131e-01 -2.255676512521836430e-01 -3.609052658081055021e-01
6.271778887138902692e-02 2.088108054032296601e-01 -3.561912059783935991e-01 3.771043079974149004e-01 4.485155545526517407e-02 -3.572978305816650879e-01 -2.328782349674262397e-01 -1.390165603633741753e-02 -3.251179742813110618e-01 -1.234717395549914387e-01 -2.282133752876306654e-01 -3.617676925659180087e-01
5.329386072211031444e-02 2.075364571262433566e-01 -3.550609779357910556e-01 3.622392906261369117e-01 3.997648565865377646e-02 -3.604621434211731090e-01 -2.273947694794985763e-01 2.228443575272749666e-02 -3.258842086791992609e-01 -1.373774645953070583e-01 -2.301206931952412826e-01 -3.624589824676514027e-01
4.498989569097369690e-02 2.061644421835536756e-01 -3.535460329055786777e-01 3.478689427199294082e-01 3.795978474645092526e-02 -3.595398139953613903e-01 -2.183585208145810141e-01 5.466621939794506779e-02 -3.261090612411499667e-01 -1.518902460697408863e-01 -2.312189111814381692e-01 -3.630230188369751865e-01
3.887509480463016698e-02 2.041539791037032814e-01 -3.516628456115722390e-01 3.345561435048888255e-01 3.683793724892067689e-02 -3.576487469673156894e-01 -2.080598532746760210e-01 8.412094540478676219e-02 -3.264415001869202526e-01 -1.667785176651111201e-01 -2.314087909155586598e-01 -3.633903932571412310e-01
3.433243653625496494e-02 2.021599952829318814e-01 -3.494439077377320402e-01 3.224046083962878173e-01 3.499124109742415834e-02 -3.562377166748047497e-01 -1.976672358862301138e-01 1.057487961263346987e-01 -3.287261986732482599e-01 -1.823810342762638981e-01 -2.301785631979298141e-01 -3.634311580657958451e-01
3.261187289745620665e-02 2.006145269923525765e-01 -3.468462467193604293e-01 3.102074354522433297e-01 3.276612107440808608e-02 -3.548059463500977673e-01 -1.870948462563752912e-01 1.215691153592387413e-01 -3.307598853111268222e-01 -1.989519175522357353e-01 -2.270946942306448502e-01 -3.631854057312012829e-01
3.453255134129901843e-02 1.992259396074331779e-01 -3.436925458908081099e-01 2.997567083828930889e-01 2.556602131062621353e-02 -3.537090587615966397e-01 -1.786408563144855077e-01 1.329101911880214426e-01 -3.330160903930663996e-01 -2.157819705312815917e-01 -2.218023296084189466e-01 -3.625652074813842662e-01
4.079750639747219132e-02 1.967842158342151260e-01 -3.392757987976074419e-01 2.908281262054902561e-01 1.327527002277072155e-02 -3.530047607421875067e-01 -1.762829832886555759e-01 1.425538083157811553e-01 -3.368860173225403098e-01 -2.321033671306216295e-01 -2.147687918288133102e-01 -3.619742107391357711e-01
5.250075531902965303e-02 1.920506662435120249e-01 -3.333359766006468994e-01 2.812434143165273293e-01 1.131537277230143523e-03 -3.522490787506102339e-01 -1.791446670389466866e-01 1.485725609056278984e-01 -3.421240997314451970e-01 -2.489452039296563557e-01 -2.064724831915993319e-01 -3.607385921478270530e-01
7.040757485584270281e-02 1.843317374426851618e-01 -3.265401268005371782e-01 2.710944343320964567e-01 -1.086999020185774878e-02 -3.510732650756836493e-01 -1.843466859978607764e-01 1.479997170457924005e-01 -3.462988638877869674e-01 -2.659385014958552951e-01 -1.963088993667912452e-01 -3.583806514739991123e-01
9.631451201120630468e-02 1.731646249433489992e-01 -3.194973897933960361e-01 2.605453131980633441e-01 -2.297128287015005182e-02 -3.489780616760254084e-01 -1.908081456520370756e-01 1.446541410824087048e-01 -3.482637715339660933e-01 -2.763116642428649627e-01 -1.997287766697318501e-01 -3.549558877944946622e-01
1.290230882330066775e-01 1.599708567890992528e-01 -3.126964950561523793e-01 2.496822821870070819e-01 -3.511087750916687400e-02 -3.456118869781494851e-01 -1.980327271675005329e-01 1.410621077380839195e-01 -3.496118736267091465e-01 -2.850411156187267481e-01 -2.055884490730499059e-01 -3.507610273361208009e-01
1.645469129651337958e-01 1.450335308706726667e-01 -3.068808221817017068e-01 2.379013640964524057e-01 -4.664148237423162285e-02 -3.416001892089843839e-01 -2.059972446075760688e-01 1.372000687280031661e-01 -3.498363685607909224e-01 -2.928533927532610548e-01 -2.078644751668709545e-01 -3.457629442214965043e-01
2.008121050115529160e-01 1.275758495028128381e-01 -3.031092262268066939e-01 2.247839141544043795e-01 -5.735352628337282710e-02 -3.380696105957032294e-01 -2.137787895527991922e-01 1.337090636106717800e-01 -3.486887121200562545e-01 -2.984371729296588782e-01 -2.039932776400725234e-01 -3.401337671279908159e-01
2.386955364130942114e-01 1.066524762270341931e-01 -3.017889308929443404e-01 2.102200486231733667e-01 -6.687533973738310489e-02 -3.358330774307251021e-01 -2.222671662542829996e-01 1.321121680813246713e-01 -3.473630332946777699e-01 -3.020104932053312985e-01 -1.877477362264139971e-01 -3.340299081802368120e-01
2.771271490145384986e-01 8.740103513615353481e-02 -3.019439601898195047e-01 1.944389027523387992e-01 -7.485542678230540370e-02 -3.345616626739503219e-01 -2.315045583336285406e-01 1.311243353767556352e-01 -3.464126062393189653e-01 -3.012481015681932051e-01 -1.627058878240242312e-01 -3.270148944854737727e-01
3.181067580047368670e-01 7.534775082805147961e-02 -3.047129154205322488e-01 1.770601552431835535e-01 -8.260283603885290593e-02 -3.341283035278320712e-01 -2.412657093950303921e-01 1.308448500519771018e-01 -3.457407426834107067e-01 -2.879336470854718111e-01 -1.504971890911019350e-01 -3.193147659301758257e-01
3.556500807932112540e-01 6.011219682203708392e-02 -3.059481334686280363e-01 1.584440346999125837e-01 -8.904309172168348163e-02 -3.364531803131104448e-01 -2.509950883383540443e-01 1.312163028405872733e-01 -3.457343292236328969e-01 -2.630048419257248193e-01 -1.441771187181470903e-01 -3.143942785263062478e-01
3.904125809231095423e-01 4.436863901659619802e-02 -3.059352302551269220e-01 1.390623771513730123e-01 -9.315117101915545983e-02 -3.424888420104980069e-01 -2.610570263185017503e-01 1.322245736283484407e-01 -3.461225938796996804e-01 -2.338242197624352814e-01 -1.367139558156836021e-01 -3.142629098892211759e-01
4.204032608170161223e-01 2.790870091119732055e-02 -3.064526653289795233e-01 1.224515070387835608e-01 -9.598174054455153870e-02 -3.414760971069336071e-01 -2.710989895448964182e-01 1.340657608439960735e-01 -3.468223619461059393e-01 -2.012708823045203377e-01 -1.276932739089460533e-01 -3.165308380126953258e-01
4.471418342997925954e-01 1.117553565092037349e-02 -3.077787351608277100e-01 1.085817783901214112e-01 -9.791689309404918995e-02 -3.340807056427002597e-01 -2.811457130213794176e-01 1.365197115579150633e-01 -3.476177072525025169e-01 -1.665800123864534799e-01 -1.174711561782197933e-01 -3.190609979629517312e-01
4.687704992496460332e-01 -5.257941436570739979e-03 -3.089998435974121715e-01 9.518932018330447664e-02 -9.894162905184615553e-02 -3.278123569488525790e-01 -2.911236992225845754e-01 1.393888390575165059e-01 -3.484158897399903809e-01 -1.319819439336069045e-01 -1.072861996631278847e-01 -3.192112445831300493e-01
4.832931719743931986e-01 -2.095768447272738921e-02 -3.111785411834717685e-01 8.031754515535477479e-02 -9.886296632181747202e-02 -3.252610397338867587e-01 -3.007778808882655697e-01 1.423807498280708628e-01 -3.492473983764649015e-01 -1.010895196289280373e-01 -9.869408706754537186e-02 -3.203819203376770397e-01
4.886867422261481075e-01 -3.541649785140121853e-02 -3.162435007095337203e-01 6.352270960297430602e-02 -9.758777442600738428e-02 -3.302493429183960272e-01 -3.097855382946659852e-01 1.454425492341052117e-01 -3.499338531494142202e-01 -7.585223244278185839e-02 -9.215541967061939566e-02 -3.237971520423890692e-01
4.864309383814167109e-01 -4.937499664521334541e-02 -3.251239347457886564e-01 4.918410694531268057e-02 -9.628046605449971929e-02 -3.614394569396973678e-01 -3.187298778959427592e-01 1.489903185691710541e-01 -3.503786516189574818e-01 -5.413557163944398426e-02 -8.731131752772784693e-02 -3.282422208786010542e-01
4.781724009139918796e-01 -6.019723869525019089e-02 -3.356897497177123157e-01 4.208569596288451453e-02 -9.618648404486369874e-02 -3.645739698410033203e-01 -3.287746537254932488e-01 1.531009721048152972e-01 -3.505495977401732466e-01 -3.983637890331762077e-02 -8.433485723471198514e-02 -3.318172907829283758e-01
4.661689313500168019e-01 -7.036718379817580304e-02 -3.443200922012328302e-01 2.780785962632676203e-02 -9.351306143524076853e-02 -3.639574193954466796e-01 -3.391365299192579119e-01 1.575770827485252767e-01 -3.500365447998046164e-01 -3.676563003442094579e-02 -8.292082321566510150e-02 -3.361001396179198464e-01
4.510139514406991679e-01 -7.970817522854524440e-02 -3.501983642578126998e-01 8.825868407612541544e-03 -8.840532999140902903e-02 -3.611573123931886564e-01 -3.491705588348137379e-01 1.625956238385134756e-01 -3.483027172088623002e-01 -4.346716905140098758e-02 -8.210885759269620499e-02 -3.391994476318359042e-01
4.352739410088721228e-01 -8.859219253882509582e-02 -3.533455324172974366e-01 -6.676929746284226974e-03 -8.352859840628419630e-02 -3.571677589416504817e-01 -3.578154017215965377e-01 1.683294150370565345e-01 -3.447023725509644754e-01 -5.735515765656750559e-02 -8.103552672369261634e-02 -3.404129862785340022e-01
4.192036894894614618e-01 -9.588212099066716065e-02 -3.545168876647949996e-01 -1.973518244168486618e-02 -7.868079782942360989e-02 -3.523201942443848766e-01 -3.642116987081170931e-01 1.744041067499059738e-01 -3.394939661026001865e-01 -7.561613024693460139e-02 -7.898094417843745663e-02 -3.394342279434204857e-01
4.029199109391290445e-01 -1.014163638436994946e-01 -3.541382503509521995e-01 -3.010701986628436938e-02 -7.424989052755327779e-02 -3.467442798614502331e-01 -3.677745528853241241e-01 1.809198974984371489e-01 -3.332689905166625333e-01 -9.263280927619059468e-02 -7.578794938111771406e-02 -3.365835118293761252e-01
3.868787773984286860e-01 -1.047878514880348638e-01 -3.524029922485352184e-01 -3.558490048914313836e-02 -7.165084727574891343e-02 -3.358635854721069847e-01 -3.670119934606090872e-01 1.879693606966724440e-01 -3.265522432327270796e-01 -1.092510593417518605e-01 -7.122011803122417495e-02 -3.349748468399048607e-01
3.707468279370937925e-01 -1.067774357117051570e-01 -3.495249605178832875e-01 -3.093125062540662273e-02 -7.416422332298684694e-02 -3.212515926361084184e-01 -3.604479686621244183e-01 1.953402443512473885e-01 -3.196228170394897483e-01 -1.258143475145167833e-01 -6.507732976826982596e-02 -3.332017040252685525e-01
3.550758060051674714e-01 -1.078297214046320396e-01 -3.461097049713134366e-01 -1.928657833538268557e-02 -8.093199427003264224e-02 -3.077432394027709850e-01 -3.471280425180965912e-01 2.029468745688272069e-01 -3.130177402496338024e-01 -1.423256696445250047e-01 -5.700877417695550398e-02 -3.308138823509216286e-01
3.398573693635145165e-01 -1.080779695069590401e-01 -3.427118825912476296e-01 -1.851772658655742587e-03 -9.185181861207177001e-02 -2.978319168090820535e-01 -3.277628397723035825e-01 2.122860563695095903e-01 -3.069762182235717396e-01 -1.588897644311938750e-01 -4.644553882323254612e-02 -3.281178069114684681e-01
3.251215119009513987e-01 -1.075406698553581231e-01 -3.395960664749145819e-01 1.993692611832133949e-02 -1.065098934017692789e-01 -2.960386562347412376e-01 -3.034277126093867238e-01 2.221887886928845535e-01 -3.014240312576294545e-01 -1.748456051734229855e-01 -3.339396883876562250e-02 -3.256063699722290261e-01
3.110299909344771963e-01 -1.061448719247707756e-01 -3.370893144607544079e-01 4.558934585147256247e-02 -1.248447735781779144e-01 -3.018221759796142489e-01 -2.752166939599015594e-01 2.315355846005469620e-01 -2.960080480575560391e-01 -1.892012826863320729e-01 -1.861509606269993317e-02 -3.236311793327330544e-01
2.978214302754791376e-01 -1.038727943914831559e-01 -3.353933763504029497e-01 7.163515764164804511e-02 -1.524418435109374248e-01 -3.131370258331300227e-01 -2.450824061129809051e-01 2.378691645516429753e-01 -2.919663858413697466e-01 -2.018734574612049970e-01 -2.227270897708522046e-03 -3.225679111480714290e-01
2.855526937400657550e-01 -1.009342227160070771e-01 -3.347254323959349964e-01 9.359340365124625694e-02 -1.919178097334792443e-01 -3.191176414489745317e-01 -2.139418676190466828e-01 2.410339646118010715e-01 -2.920568037033081654e-01 -2.126253219144184081e-01 1.491678339412894072e-02 -3.227109575271607245e-01
2.740152826312178269e-01 -9.769404393239715378e-02 -3.349874210357665083e-01 1.086301885598173200e-01 -2.386557193689388956e-01 -3.209429979324339710e-01 -1.825679326253752122e-01 2.424507066186277204e-01 -2.943256568908691473e-01 -2.216124482386718220e-01 3.282338393095093898e-02 -3.240832376480102806e-01
2.629737514649354013e-01 -9.429454874268078379e-02 -3.358727455139160489e-01 1.162899176214166469e-01 -2.908735264148846755e-01 -3.210164165496826594e-01 -1.483633674744131437e-01 2.415262264376235590e-01 -2.974817371368408403e-01 -2.288759223636639417e-01 5.120346286428957561e-02 -3.266419935226440585e-01
2.523977475641071000e-01 -9.064858204868292413e-02 -3.371455621719360307e-01 1.203423114861554427e-01 -3.408398449005617947e-01 -3.202506494522094904e-01 -1.123273911697027089e-01 2.389858030070605155e-01 -3.015658235549926736e-01 -2.346833989167339540e-01 6.978833898761796495e-02 -3.303208732604980269e-01
2.420616743941774729e-01 -8.713085172609362494e-02 -3.386037492752075884e-01 1.219126395809180807e-01 -3.829378747491211654e-01 -3.196780490875244518e-01 -7.593728491125015245e-02 2.351582879208312937e-01 -3.065619850158691762e-01 -2.389893914934115016e-01 8.819014274600889269e-02 -3.345032787322998469e-01
2.319441701939367051e-01 -8.350551598477394533e-02 -3.403101634979248113e-01 1.257102560234804323e-01 -4.180239354809509034e-01 -3.215928936004638916e-01 -3.957410491907328853e-02 2.277981840439894379e-01 -3.102831125259399858e-01 -2.420736064976942714e-01 1.061965936131929189e-01 -3.384570646286010898e-01
2.219549143871741292e-01 -8.011316053236305912e-02 -3.420018720626831765e-01 1.318961376269633667e-01 -4.311181907994687812e-01 -3.281677913665771995e-01 -5.271957279603348145e-03 2.189946617478139290e-01 -3.144740128517151123e-01 -2.442263927496796105e-01 1.235816350450603951e-01 -3.419457054138184127e-01
2.174390193043339581e-01 -7.074932336798131494e-02 -3.433802080154420011e-01 1.470778906313857104e-01 -4.269016934460396762e-01 -3.157438802719116921e-01 2.737563818166603713e-02 2.087864681366028152e-01 -3.179011011123658026e-01 -2.458654577964376198e-01 1.399044643845749891e-01 -3.447143745422364125e-01
2.138860817898848299e-01 -6.019506238838921719e-02 -3.443490982055664174e-01 1.395020545175077453e-01 -4.341537919018947367e-01 -3.235382461547851585e-01 5.580585438328226899e-02 1.958583732980972159e-01 -3.201448535919189653e-01 -2.473501682753712350e-01 1.557135344045814940e-01 -3.476343393325805886e-01
2.102587978663555957e-01 -4.941914480583144142e-02 -3.447504711151124224e-01 1.280128711102852257e-01 -4.347125568633366521e-01 -3.334022235870362505e-01 8.037786047845200954e-02 1.852528155086386463e-01 -3.226087832450866832e-01 -2.483733701552894857e-01 1.714944800454906715e-01 -3.502546834945678422e-01
2.064241472028240931e-01 -3.870628452892965754e-02 -3.446671772003174761e-01 1.142709734696507329e-01 -4.281612423077416629e-01 -3.406684875488282249e-01 9.890609482399964625e-02 1.756585208494041983e-01 -3.236779212951659823e-01 -2.486934831878565566e-01 1.872880597210899167e-01 -3.522286891937255748e-01
2.024157779038522897e-01 -2.819496036346179346e-02 -3.440593576431275058e-01 1.014004812774843001e-01 -4.163775471916018045e-01 -3.481742644309998025e-01 1.094940349847614292e-01 1.693102272681094589e-01 -3.246772909164429288e-01 -2.478196957114694454e-01 2.032819975498394993e-01 -3.536842536926270153e-01
1.981554498338796988e-01 -1.815655699068627338e-02 -3.429477119445801803e-01 9.259964906312681543e-02 -4.054050703224200136e-01 -3.530591416358948575e-01 1.142240035123598674e-01 1.693185873117475371e-01 -3.275938081741333607e-01 -2.462864822634772688e-01 2.199163875175317584e-01 -3.544853687286377841e-01
1.932832734362421312e-01 -9.761752559424338727e-03 -3.412351417541504284e-01 8.759859433271591223e-02 -3.941142973302734775e-01 -3.537127661705017356e-01 1.148496857675696398e-01 1.750232184155788850e-01 -3.319498300552367609e-01 -2.442511187614910817e-01 2.364516399387398271e-01 -3.545198297500609663e-01
1.878237067056737486e-01 -4.261845841639536059e-03 -3.386622476577759722e-01 8.230967495850322058e-02 -3.818831788863007448e-01 -3.535648941993714267e-01 1.120774373124343859e-01 1.834872046514434418e-01 -3.350147795677185791e-01 -2.468515730558004106e-01 2.473083685857629388e-01 -3.533404731750489081e-01
1.818034710504506379e-01 -2.637222893310434135e-03 -3.356908893585205389e-01 7.674421030227190910e-02 -3.687757854188052353e-01 -3.522640633583069003e-01 1.063844196861701702e-01 1.925347810449979935e-01 -3.369635534286499201e-01 -2.538544169179110521e-01 2.542105894725135151e-01 -3.509172296524048495e-01
1.759504867856603316e-01 -4.509624221546368328e-03 -3.322593212127686879e-01 7.066854134769430529e-02 -3.553390220205419614e-01 -3.486229848861695513e-01 1.000534574708614732e-01 2.016294750639864852e-01 -3.394728350639344416e-01 -2.578352831338152074e-01 2.608876066615711808e-01 -3.475135755538941718e-01
1.706000047048956691e-01 -1.079459406617068462e-02 -3.270054578781127486e-01 6.397347839907688294e-02 -3.421077381662895323e-01 -3.453270769119262118e-01 9.406414223024481269e-02 2.106193379932928822e-01 -3.414820313453675316e-01 -2.586564235653130428e-01 2.671026838776099921e-01 -3.437327718734741744e-01
1.654436793476989354e-01 -2.210146839398695329e-02 -3.211234617233276745e-01 5.682376341805865649e-02 -3.292433066253028229e-01 -3.433116745948792126e-01 8.865667563581258737e-02 2.192933430112378179e-01 -3.425396919250489058e-01 -2.556078501073385523e-01 2.721564221192577238e-01 -3.392756080627442050e-01
1.604519303004767472e-01 -3.836929616389846143e-02 -3.153384399414062567e-01 4.874694692125432216e-02 -3.163353575057638034e-01 -3.426821565628052069e-01 8.387370281828740448e-02 2.281333748071718293e-01 -3.425554466247558993e-01 -2.460406413050308938e-01 2.750731618114278243e-01 -3.340521287918091220e-01
1.557928015315278303e-01 -6.261443984856983336e-02 -3.099220657348633057e-01 4.114294973885619655e-02 -3.039213702579861565e-01 -3.423941636085510720e-01 7.954342966193571340e-02 2.370950469610863531e-01 -3.419519567489624490e-01 -2.277060958190887940e-01 2.753948001639330290e-01 -3.284990501403808882e-01
1.514976583483466643e-01 -9.197635949458704552e-02 -3.052316856384278410e-01 3.412250053030232988e-02 -2.920474434177471323e-01 -3.427701759338380172e-01 7.567318403393347159e-02 2.461365748286193089e-01 -3.414507341384886430e-01 -2.083632033873949463e-01 2.694511800197075257e-01 -3.225705432891844415e-01
1.536031491651534409e-01 -1.233438817892987122e-01 -3.015544605255127686e-01 2.776246873299188789e-02 -2.806470921168727761e-01 -3.440300345420838068e-01 7.224774561064385703e-02 2.550172886741527423e-01 -3.412361264228821467e-01 -2.014664506659465115e-01 2.521685965498732807e-01 -3.169025564193725941e-01
1.638628427995557635e-01 -1.544361610681144470e-01 -2.989498901367187988e-01 2.164878106009000824e-02 -2.697953849214042021e-01 -3.460137176513672919e-01 6.904045817868183221e-02 2.636431098379732885e-01 -3.413149881362915750e-01 -1.939986142758873267e-01 2.329490915217024560e-01 -3.125899600982666726e-01
1.739769813556030498e-01 -1.879884963815549037e-01 -2.978126764297485130e-01 1.581905782956545548e-02 -2.591821608722171266e-01 -3.485364675521850364e-01 6.608451983772012372e-02 2.720358608981964244e-01 -3.416783285140991833e-01 -1.848272928643260871e-01 2.111883237938093905e-01 -3.109941101074219505e-01
1.839080729380352108e-01 -2.227563520549729892e-01 -2.981801223754883545e-01 1.026931345780356108e-02 -2.486227307960980903e-01 -3.517502903938294345e-01 6.345385056990683614e-02 2.804294621138502253e-01 -3.424015426635742543e-01 -1.730892872005369565e-01 1.851866189159416254e-01 -3.125029182434082564e-01
1.910699681818425755e-01 -2.599884882874673453e-01 -3.015977144241332453e-01 4.772830517499188074e-03 -2.388651550837229409e-01 -3.568483686447143088e-01 6.182064504155407314e-02 2.890376629010270593e-01 -3.432081985473633412e-01 -1.587572016659093976e-01 1.543021241197523596e-01 -3.163159608840943049e-01
1.967634606975466882e-01 -2.936268146045772354e-01 -3.031754016876220814e-01 -6.245599555767186728e-03 -2.329681272032298189e-01 -3.641823291778564786e-01 6.059939160083356591e-02 2.975668057920697884e-01 -3.441060066223144975e-01 -1.443152924400350756e-01 1.230451261941832020e-01 -3.201176977157593195e-01
2.017312717160267832e-01 -3.269720284128305177e-01 -3.055479812622070024e-01 -1.269692500047471528e-02 -2.227553730092215190e-01 -3.656460857391357067e-01 5.971908193865479997e-02 3.061611929987327896e-01 -3.450252294540405162e-01 -1.300977722343746312e-01 9.229377230681723443e-02 -3.209611368179320912e-01
2.042689317608320787e-01 -3.569887585373107131e-01 -3.079104518890381503e-01 -1.399424696963386117e-02 -2.096329947473146715e-01 -3.661436843872070690e-01 5.915848592064827660e-02 3.150857149399616253e-01 -3.463235855102538840e-01 -1.163274716092026623e-01 6.257077099743829640e-02 -3.210833406448364014e-01
2.044676981210456490e-01 -3.825175973375274374e-01 -3.102990341186523948e-01 -2.194551785006804839e-02 -1.964680164555262787e-01 -3.617338895797729825e-01 5.892516688577313644e-02 3.245831645673530330e-01 -3.475738048553467241e-01 -1.035570853331777286e-01 3.479326359565349663e-02 -3.197494339942932862e-01
2.022813906750491886e-01 -4.032935451885432121e-01 -3.127607774734498247e-01 -2.943184680239408629e-02 -1.830972671596472201e-01 -3.456666779518128285e-01 5.900779094612898512e-02 3.345033167319295675e-01 -3.483502769470214755e-01 -9.247042340726421839e-02 1.043989954072144927e-02 -3.204918479919433572e-01
1.977640925707391806e-01 -4.193328966367646515e-01 -3.158154392242432662e-01 -3.599604426881619634e-02 -1.714619603177712226e-01 -3.444493532180786799e-01 5.941930756484227472e-02 3.446567378073752685e-01 -3.487974500656128574e-01 -8.382438970477565365e-02 -8.710410144071142197e-03 -3.235624217987061457e-01
1.909561699260001189e-01 -4.298303278269466898e-01 -3.192802572250366122e-01 -4.233943892579843798e-02 -1.592015332000132899e-01 -3.446241307258605668e-01 5.992878091331158008e-02 3.549190648498222744e-01 -3.490997171401977739e-01 -7.807495167901092048e-02 -2.145745268347103857e-02 -3.277284526824951194e-01
1.821898410505302657e-01 -4.358446510642144944e-01 -3.227594852447510099e-01 -4.839267317969928039e-02 -1.466812302891594699e-01 -3.440856742858887096e-01 6.041432290650927683e-02 3.652096047594102779e-01 -3.493384122848511297e-01 -7.597233989873505844e-02 -2.612239877935402382e-02 -3.326080155372619918e-01
1.716218551907894296e-01 -4.366082173601877892e-01 -3.266689109802246027e-01 -5.422066475675222513e-02 -1.332958404682853815e-01 -3.411777448654174649e-01 6.086560000195243014e-02 3.751863351547613523e-01 -3.492076492309569291e-01 -7.673148512633154450e-02 -2.441736419325968993e-02 -3.351931333541868785e-01
1.591681690031360175e-01 -4.315334294315623098e-01 -3.312674474716186812e-01 -5.991720953152054191e-02 -1.184453495978375487e-01 -3.391253948211669922e-01 6.127192192018737771e-02 3.861177994549270243e-01 -3.488081502914429088e-01 -8.003232797157414091e-02 -1.697957902396892912e-02 -3.355022954940796165e-01
1.458048648698392069e-01 -4.233613882046792787e-01 -3.357298898696899903e-01 -6.524594521517852741e-02 -1.023813396726509228e-01 -3.441409397125244629e-01 6.218656747054859824e-02 3.972601748974455838e-01 -3.479280567169189542e-01 -8.528948876696557102e-02 -4.919934567456075991e-03 -3.370285224914550959e-01
1.319581244361420214e-01 -4.150491630755724914e-01 -3.401844453811645463e-01 -6.877234365292043961e-02 -9.568331662790464931e-02 -3.601959133148193160e-01 6.373837661652928532e-02 4.075901116513451772e-01 -3.467243099212646285e-01 -9.008966565964139639e-02 6.532496584238045578e-03 -3.376041173934936634e-01
1.191599023030564808e-01 -4.051472196451061936e-01 -3.446792411804199263e-01 -7.197698951426348413e-02 -8.761012556785049976e-02 -3.598394012451171520e-01 6.519511656999107951e-02 4.166190743180308576e-01 -3.450419044494628662e-01 -9.465248109026100365e-02 1.791178436180072830e-02 -3.386101627349853427e-01
1.073545375318755019e-01 -3.938961904248746149e-01 -3.477713441848754861e-01 -7.496462651368047958e-02 -7.577015412201226763e-02 -3.585320854187011852e-01 6.636361405708951500e-02 4.232647799445443115e-01 -3.427847480773926203e-01 -9.924716635593539005e-02 3.032881597304875818e-02 -3.398084068298339866e-01
9.671568675267001869e-02 -3.818281885671268028e-01 -3.500813627243042347e-01 -7.743084149100135094e-02 -6.069615409831870256e-02 -3.569668149948120317e-01 6.724352080041176571e-02 4.256029404468055222e-01 -3.405471849441528698e-01 -1.035055220673775089e-01 4.409354511054694448e-02 -3.412881350517273371e-01
8.693558435641549065e-02 -3.691405886051933871e-01 -3.515375041961669167e-01 -7.914913739942910920e-02 -4.612839263976645926e-02 -3.550618267059325595e-01 6.796238444226512798e-02 4.232807940239164957e-01 -3.384709310531615611e-01 -1.070896131724244638e-01 5.867045211407231203e-02 -3.421000909805297363e-01
7.806064341660555461e-02 -3.562004909267036945e-01 -3.522788858413696267e-01 -8.019446276966854525e-02 -3.547709838347164191e-02 -3.531730222702026412e-01 6.870717206648246922e-02 4.160535895470119927e-01 -3.363931131362914995e-01 -1.097192514864220869e-01 7.366858584605961990e-02 -3.416311454772949507e-01
7.018531830702373631e-02 -3.435342837937112037e-01 -3.525187492370606135e-01 -8.081937647435445682e-02 -2.743779644080431707e-02 -3.507983016967773926e-01 6.995685617709866688e-02 4.041855555772189135e-01 -3.342520141601563188e-01 -1.112273052111493465e-01 8.881567860332445496e-02 -3.407321333885193759e-01
6.347955524565648822e-02 -3.311413138776080345e-01 -3.523298501968383789e-01 -8.128226430900897803e-02 -2.353991880113891905e-02 -3.459195041656494274e-01 7.243621628353462405e-02 3.884157049953435026e-01 -3.318636465072631880e-01 -1.115821768141062598e-01 1.041833956878608636e-01 -3.400507354736328480e-01
5.763658138286077703e-02 -3.188599258333988384e-01 -3.516338014602661821e-01 -8.235859645840669374e-02 -3.050397572947170441e-02 -3.253865385055542681e-01 7.647034263349916650e-02 3.700957421084011267e-01 -3.289002847671509966e-01 -1.107021023598809134e-01 1.198379224396982912e-01 -3.395115590095520997e-01
5.299805454288737672e-02 -3.067078655899183048e-01 -3.506917810440065564e-01 -8.470368771741890179e-02 -4.925273112691537503e-02 -3.196047401428224743e-01 8.274505702420439923e-02 3.504944599543587946e-01 -3.253156852722168813e-01 -1.086225412340293545e-01 1.354467482381003507e-01 -3.392243385314941961e-01
4.942453263458423951e-02 -2.947130690330201364e-01 -3.496169090270996871e-01 -9.793428030200573842e-02 -7.443792210777121221e-02 -3.197434139251709717e-01 9.078970931707264214e-02 3.294512653951299774e-01 -3.209217548370362216e-01 -1.052717732042332682e-01 1.507651218103318314e-01 -3.389658594131470526e-01
4.696920093169289212e-02 -2.830456940487872664e-01 -3.484564065933228316e-01 -1.146001684149853261e-01 -1.069131633552925786e-01 -3.267863798141480425e-01 8.727981567382815664e-02 3.019067788124084606e-01 -3.164451408386231290e-01 -8.000000000000004330e-02 1.821863865852355879e-01 -3.389689493179322000e-01
4.522145748249345454e-02 -2.717485133644106376e-01 -3.473801231384278099e-01 -1.301103890748218084e-01 -1.443415432363860385e-01 -3.288940429687500777e-01 1.005876159667969116e-01 2.771436810493468905e-01 -3.121859502792358465e-01 -8.000000000000004330e-02 1.910806775093078502e-01 -3.389872169494628773e-01
4.394087798877911732e-02 -2.607867463249743389e-01 -3.465450477600098278e-01 -1.525035854226916843e-01 -1.835434083972752595e-01 -3.275582742691041105e-01 1.132438659667969333e-01 2.505647993087768421e-01 -3.087453174591065497e-01 -8.000000000000004330e-02 1.996674942970275701e-01 -3.391089677810669722e-01
4.289372750925535271e-02 -2.499707862114997070e-01 -3.461060190200806463e-01 -1.832775046369752858e-01 -2.191067975420122882e-01 -3.240834093093872825e-01 1.247746276855468267e-01 2.234332752227783658e-01 -3.067095613479615124e-01 -8.000000000000004330e-02 2.081060671806335138e-01 -3.396817207336426669e-01
4.214627367564531546e-02 -2.393772718119750453e-01 -3.462018680572508944e-01 -2.130099082642700203e-01 -2.520483377666259961e-01 -3.222373008728026678e-01 1.341221618652344016e-01 1.953830981254577881e-01 -3.062126064300537687e-01 -8.000000000000004330e-02 2.163065671920776090e-01 -3.410116529464722324e-01
4.170513732911581423e-02 -2.287928121226577016e-01 -3.467116880416870606e-01 -2.359097249919395456e-01 -2.826366619162999361e-01 -3.225578403472900701e-01 1.392753601074217251e-01 1.661305510997772572e-01 -3.078440189361572599e-01 -8.000000000000005718e-02 2.245200276374816617e-01 -3.429872083663940696e-01
4.134385977225167597e-02 -2.181841231726856234e-01 -3.475109195709229493e-01 -2.503275696365704905e-01 -3.105995293784861166e-01 -3.226996994018555553e-01 1.420352172851562234e-01 1.366886186599731434e-01 -3.092976927757263850e-01 -8.000000000000005718e-02 2.328131818771362327e-01 -3.453701019287110374e-01
4.102855009521583218e-02 -2.075148357898206342e-01 -3.484312343597413264e-01 -2.572705467197248241e-01 -3.357607782304253830e-01 -3.159792327880860396e-01 1.377592237751126270e-01 1.042532578969950358e-01 -3.115006399154663930e-01 -4.193906001081629253e-02 2.581327768667031619e-01 -3.478036499023438588e-01
4.067803345981867852e-02 -1.967971684056900872e-01 -3.493152999877930376e-01 -2.692903557318998553e-01 -3.538372416625826244e-01 -3.108091831207275835e-01 1.396592468172210555e-01 7.706160280456160472e-02 -3.135869622230530451e-01 -3.055396890340565663e-02 2.696950437325386085e-01 -3.499019718170166549e-01
4.050589999518001971e-02 -1.859840656603465314e-01 -3.499259805679322266e-01 -2.820376483347843966e-01 -3.586800006875031088e-01 -3.155978775024415039e-01 1.423114314748827602e-01 5.185820670273692118e-02 -3.147321009635926092e-01 -1.817044402704029449e-02 2.808735597803470596e-01 -3.517460346221924494e-01
4.303954624968849701e-02 -1.753771862303036277e-01 -3.500755500793455433e-01 -2.959875396317056540e-01 -3.517776468567118120e-01 -3.305233573913572975e-01 1.434647554803638037e-01 3.168893458229476295e-02 -3.162932229042053067e-01 -4.827236873744200629e-03 2.917495396920278816e-01 -3.531737661361694092e-01
5.075637999467647044e-02 -1.656854913382413141e-01 -3.497154569625854359e-01 -3.449161052185603094e-01 -3.292365447305461990e-01 -3.558037519454955722e-01 1.448766392433303574e-01 1.687729460798097908e-02 -3.182251429557799161e-01 9.238141519301301674e-03 3.020944905064796848e-01 -3.541313409805296741e-01
5.818775371437002325e-02 -1.558309189675876061e-01 -3.489060640335083785e-01 -3.550565699435364042e-01 -3.177626642964517800e-01 -3.608206701278687256e-01 1.484750730070796831e-01 7.117335409571046156e-03 -3.204802274703979492e-01 2.439102080070496004e-02 3.118165271734331112e-01 -3.547495985031127730e-01
6.554887206916218401e-02 -1.463965114518049060e-01 -3.475753498077393533e-01 -3.522776542534444832e-01 -3.051506165134548199e-01 -3.641288757324219749e-01 1.541263655908549079e-01 2.974301669197348952e-03 -3.232247304916383013e-01 4.039889042581625012e-02 3.205929235160919766e-01 -3.549224567413331033e-01
7.171698241811688690e-02 -1.385610267488571745e-01 -3.456009387969969926e-01 -3.447647553836756806e-01 -2.909182426484099304e-01 -3.642936515808105069e-01 1.607315359151813006e-01 4.231590866895146297e-03 -3.269221878051758456e-01 5.636789327004976258e-02 3.285751456829870132e-01 -3.545034790039063299e-01
7.613030279232220476e-02 -1.315023256045933508e-01 -3.429131889343262074e-01 -3.371934601799820852e-01 -2.762870366817681278e-01 -3.632748222351074308e-01 1.669095686625071129e-01 1.002503046224755001e-02 -3.313598322868347434e-01 7.195080312596789651e-02 3.364403847048872409e-01 -3.533771944046020796e-01
7.855884369381777033e-02 -1.256514347514340046e-01 -3.398438596725463778e-01 -3.291714896074440233e-01 -2.616847747113653089e-01 -3.620737528800964111e-01 1.722786935406985520e-01 1.931709245897844651e-02 -3.353853082656860218e-01 8.671289021630890215e-02 3.439682424666849481e-01 -3.517710447311401256e-01
7.720052764300802672e-02 -1.216283592714966777e-01 -3.365008211135864791e-01 -3.205511279338022490e-01 -2.470412747398473829e-01 -3.611369752883911710e-01 1.772701559932196858e-01 3.031207856789895627e-02 -3.374004650115966508e-01 9.993678984079928940e-02 3.505347859736910321e-01 -3.495222043991088601e-01
7.102219121584202322e-02 -1.194294850299634503e-01 -3.316359853744507147e-01 -3.120272954913707597e-01 -2.323048197521642155e-01 -3.600313425064086692e-01 1.824328774075975046e-01 4.143763802008029740e-02 -3.390634703636169478e-01 1.111558312981442420e-01 3.565092958325590811e-01 -3.464418506622314320e-01
5.989932701185633063e-02 -1.202874728649300506e-01 -3.242444515228271595e-01 -3.041108084418970847e-01 -2.179099561257016870e-01 -3.586578416824340865e-01 1.879522150650776158e-01 5.178044400663300850e-02 -3.396682691574096635e-01 1.188740834782585354e-01 3.631061422869482636e-01 -3.423925876617431863e-01
4.671810671545794519e-02 -1.254686238408018739e-01 -3.178567504882813255e-01 -2.968822821549379487e-01 -2.037157659217099237e-01 -3.570455002784729825e-01 1.930992102755137996e-01 6.189153351414027060e-02 -3.390993642807007546e-01 1.221228639559756302e-01 3.700048556656227450e-01 -3.375981426239014205e-01
3.191137250896856903e-02 -1.365210286377259163e-01 -3.122412014007568404e-01 -2.900362486232832548e-01 -1.898263647314023528e-01 -3.553523707389831809e-01 1.980520451409903682e-01 7.174312254693830659e-02 -3.380136632919311657e-01 1.259789008395546805e-01 3.720844701370100149e-01 -3.323982858657837380e-01
1.331296872566819361e-02 -1.519781267255650992e-01 -3.068804931640624623e-01 -2.838226633207769356e-01 -1.764255531022179413e-01 -3.537847471237182129e-01 2.029979257253732017e-01 8.142580198417960491e-02 -3.369370269775391336e-01 1.282072322814405418e-01 3.694368302576568897e-01 -3.271958017349244074e-01
-1.041464220351297210e-02 -1.707925965910845056e-01 -3.024640941619872736e-01 -2.782495324199127373e-01 -1.634103943340362297e-01 -3.524935436248778919e-01 2.078453984109896735e-01 9.095238460695065363e-02 -3.361687231063842374e-01 1.218925670869331068e-01 3.651716668545186839e-01 -3.220080327987670521e-01
-3.022276821659630741e-02 -1.949792557137123572e-01 -3.000434255599975786e-01 -2.726865222936893374e-01 -1.510291565153512316e-01 -3.515972328186035556e-01 2.128309829460548197e-01 1.000302542239524112e-01 -3.358849763870239702e-01 1.136189225520397306e-01 3.580820899661283918e-01 -3.163368558883667414e-01
-5.217181608796120362e-02 -2.197030508586266251e-01 -3.000946426391600808e-01 -2.671753728568623254e-01 -1.390930225702928236e-01 -3.513689184188841796e-01 2.178289871962019730e-01 1.087566481102554550e-01 -3.362942504882813766e-01 1.035995390921035098e-01 3.478307830752694896e-01 -3.105247688293458208e-01
-7.636795538161976482e-02 -2.449642246601332340e-01 -3.015649604797363548e-01 -2.615802586854660827e-01 -1.278691229589947187e-01 -3.516314005851745583e-01 2.228899387998323212e-01 1.169086520118964301e-01 -3.371956872940063965e-01 9.198501845194133331e-02 3.335557154272361102e-01 -3.055037832260131814e-01
-1.018290548996414191e-01 -2.690756354140005913e-01 -3.034835815429688943e-01 -2.559255671431818757e-01 -1.171320207960042936e-01 -3.523216629028321778e-01 2.280418361500692881e-01 1.246772273193263447e-01 -3.386004304885865679e-01 7.881583678484525846e-02 3.152910580803968688e-01 -3.029466485977174717e-01
-1.288945599257595442e-01 -2.923537223119732631e-01 -3.053997135162353493e-01 -2.499732627564838494e-01 -1.067202789651430644e-01 -3.531846237182617032e-01 2.334026001222126445e-01 1.321409962599051358e-01 -3.401998186111450106e-01 6.455235670927042535e-02 2.931958558777336687e-01 -3.028911638259887962e-01
-1.585627446673015806e-01 -3.134063160328289244e-01 -3.077951669692993719e-01 -2.435983772478451104e-01 -9.686898979429285628e-02 -3.541709160804749068e-01 2.391293439654104958e-01 1.389245095805267671e-01 -3.417427635192871738e-01 4.846389700889185137e-02 2.664464504555016378e-01 -3.055119895935059504e-01
-1.869168021848637562e-01 -3.325372280053365825e-01 -3.092980718612671209e-01 -2.371090249256527782e-01 -8.714941487048072366e-02 -3.553494119644165505e-01 2.449521685042873598e-01 1.455269685504228527e-01 -3.432106685638428578e-01 3.202254645113300491e-02 2.377556701886316959e-01 -3.090790653228760454e-01
-2.148645415609432285e-01 -3.492765370848394113e-01 -3.106611633300779829e-01 -2.302682744381133184e-01 -7.753933614606998981e-02 -3.565897917747496426e-01 2.511331599597892428e-01 1.519654378347531642e-01 -3.446095180511474787e-01 1.511482839672539935e-02 2.071227156077067588e-01 -3.119349718093872292e-01
-2.400144067218846211e-01 -3.613959586448348138e-01 -3.130264520645141824e-01 -2.230404106339088366e-01 -6.809446699785051682e-02 -3.578714132308959961e-01 2.575993605757081473e-01 1.583985789642316233e-01 -3.459461164474487149e-01 -1.316837384569766178e-03 1.765584831951731437e-01 -3.139484214782714555e-01
-2.623379718524777582e-01 -3.693300529205644778e-01 -3.165866708755494252e-01 -2.154152812005226680e-01 -5.880224819629778499e-02 -3.590917253494263495e-01 2.642807158639504106e-01 1.647997541796547560e-01 -3.470791435241700196e-01 -1.677231012598805887e-02 1.469195093611421754e-01 -3.157463932037354870e-01
-2.810019970940870748e-01 -3.726798573912241119e-01 -3.202973699569702237e-01 -2.074272829888320624e-01 -4.942206282089600666e-02 -3.601211404800415128e-01 2.710671665937428032e-01 1.711824237771141788e-01 -3.478526449203491744e-01 -3.058440389174241908e-02 1.195800996418645429e-01 -3.175858092308044833e-01
-2.957391405317091881e-01 -3.714176816647707935e-01 -3.239437866210937988e-01 -1.990339943365621589e-01 -3.975856369911454080e-02 -3.608505439758301070e-01 2.779119628492189298e-01 1.776004972934743797e-01 -3.482620477676390824e-01 -4.201734164675831329e-02 9.639367516179044026e-02 -3.180290412902831432e-01
-3.057808448248039435e-01 -3.653549471594505493e-01 -3.288120603561401345e-01 -1.903369025564543293e-01 -2.995163662884404998e-02 -3.613918781280517356e-01 2.848405799442754738e-01 1.839062178133921144e-01 -3.484744691848756237e-01 -5.035894387401455147e-02 7.912863741110212623e-02 -3.201060843467713468e-01
-3.093050685972550951e-01 -3.538287974236691835e-01 -3.355847549438477628e-01 -1.812881546448623094e-01 -1.993348735320460419e-02 -3.616770792007447111e-01 2.918857747035106254e-01 1.899377966761892078e-01 -3.483923912048340621e-01 -5.547736537687358166e-02 6.835045030010741818e-02 -3.234244394302369097e-01
-3.091362014197566177e-01 -3.395866139968751751e-01 -3.424391126632690407e-01 -1.718832391729442910e-01 -9.674050717960860912e-03 -3.616334962844848233e-01 2.989859471724503059e-01 1.955489415112801610e-01 -3.477980899810790838e-01 -5.684619508466616511e-02 6.507900395262597448e-02 -3.280042982101440407e-01
-3.079341175938664632e-01 -3.249893597365501874e-01 -3.470011425018310058e-01 -1.619292161156634935e-01 6.557726118713719243e-04 -3.615541458129882257e-01 3.067128926931297350e-01 2.019490004828837226e-01 -3.473024702072143310e-01 -5.544558648819065266e-02 6.707978082002369336e-02 -3.296321773529052312e-01
-3.056276226988946521e-01 -3.099866838600248697e-01 -3.500480318069458807e-01 -1.511411334995160227e-01 1.119273503438873718e-02 -3.614313602447510321e-01 3.146965671873322989e-01 2.088649761327901477e-01 -3.465175676345824685e-01 -5.052232020857708172e-02 7.533618495100710688e-02 -3.337016320228576305e-01
-3.029914694921195806e-01 -2.952834474432175504e-01 -3.522792768478392733e-01 -1.400073912983596791e-01 2.166397674580969324e-02 -3.610612678527830854e-01 3.222491928934133609e-01 2.153502562307887391e-01 -3.449578094482422252e-01 -4.410992601543443220e-02 8.551190243381447120e-02 -3.361532497406006237e-01
-2.997632195591208859e-01 -2.808641312881053897e-01 -3.537844419479370672e-01 -1.304463848636279177e-01 3.167453470519453890e-02 -3.601369810104370628e-01 3.287276252161113188e-01 2.204465998390669479e-01 -3.426852369308472368e-01 -3.722087010709495408e-02 9.559126335180814782e-02 -3.366725778579712225e-01
-2.956762847244440162e-01 -2.670498029259611439e-01 -3.545887756347657072e-01 -1.214465846746950323e-01 4.130312490694791616e-02 -3.590419530868531051e-01 3.332041064519277729e-01 2.231407594419592133e-01 -3.399991607666016380e-01 -2.939712710476819618e-02 1.058107397557608576e-01 -3.361396336555481645e-01
-2.908833611082264903e-01 -2.534681013596922217e-01 -3.548389673233032227e-01 -1.128256235045841382e-01 5.015423108886760822e-02 -3.573138093948364236e-01 3.355944799503117748e-01 2.230195160681446021e-01 -3.372547912597656516e-01 -1.999464362331272727e-02 1.166938834662390040e-01 -3.358324646949767955e-01
-2.851339698131035161e-01 -2.409180057273531128e-01 -3.545495653152466176e-01 -1.063050070188303609e-01 5.720650425984290244e-02 -3.548622179031372115e-01 3.358271315482267427e-01 2.209790661176266879e-01 -3.343497276306152677e-01 -8.778783666582481993e-03 1.277304266532363897e-01 -3.354471802711487260e-01
-2.788843412189639381e-01 -2.297182978513360174e-01 -3.537335062026977228e-01 -1.023483461354333518e-01 6.241321223683427011e-02 -3.513709402084350120e-01 3.344574732321790589e-01 2.167113594220177186e-01 -3.311998796463013761e-01 3.571343203193452776e-03 1.378980023623957996e-01 -3.347238969802857067e-01
-2.727529407472271128e-01 -2.194105826299103112e-01 -3.524934768676756813e-01 -1.034521281753694455e-01 6.571799909920304772e-02 -3.449335193634032182e-01 3.323226509828547393e-01 2.098493872428875417e-01 -3.280594158172606689e-01 1.701235996872334233e-02 1.469357739056982581e-01 -3.337700438499449640e-01
-2.673480005719858776e-01 -2.097329459108709382e-01 -3.510654544830322799e-01 -1.056196262231513389e-01 6.104804894869150789e-02 -3.085237693786622160e-01 3.299296897979094867e-01 1.991305307366270372e-01 -3.252207994461060458e-01 3.133419961664814235e-02 1.545201312090030421e-01 -3.328645849227905851e-01
-2.616460918882280717e-01 -2.015555823938102176e-01 -3.498784780502319780e-01 -1.230067833630969776e-01 5.783590406470549145e-02 -2.974993419647217752e-01 3.262902990791767266e-01 1.838056264036848630e-01 -3.228009605407715643e-01 4.659027113462923392e-02 1.605188150380592593e-01 -3.322809076309204968e-01
-2.559240849848460342e-01 -1.941354089714588671e-01 -3.488267374038697133e-01 -1.448585912597172565e-01 5.414588186231130557e-02 -2.876250076293945801e-01 3.212992901111635380e-01 1.645886113450970023e-01 -3.197028350830080079e-01 6.168391898234667353e-02 1.649108619953689181e-01 -3.319362068176271441e-01
-2.503429343357805870e-01 -1.870247598868007288e-01 -3.479395627975464533e-01 -1.715151052383747654e-01 5.061069221917419841e-02 -2.824940586090088357e-01 3.147330396998439528e-01 1.428376938839171773e-01 -3.157301664352417658e-01 7.601656136969892064e-02 1.680618790427289011e-01 -3.318317127227783381e-01
-2.449465067792117312e-01 -1.800317361449204623e-01 -3.473129081726075151e-01 -1.989572793330376954e-01 5.082258449935891237e-02 -2.819340991973878219e-01 3.078065213221063967e-01 1.186941012702686371e-01 -3.110503578186035178e-01 8.959780896160382535e-02 1.702699523174923402e-01 -3.320422792434692405e-01
-2.396389225381828358e-01 -1.729931863046593188e-01 -3.467836856842041460e-01 -2.261240176706603155e-01 5.640045474548711912e-02 -2.823304748535156450e-01 3.006476202126841524e-01 9.247618763867467007e-02 -3.060091972351074441e-01 1.020218959028473121e-01 1.719802787056681215e-01 -3.325939416885376199e-01
-2.344480001040344375e-01 -1.660109757454397705e-01 -3.464230966567993231e-01 -2.532365665367650176e-01 6.679216448216547530e-02 -2.857880306243896773e-01 2.927958366902456144e-01 6.570146013684594055e-02 -3.029750680923462003e-01 1.136875093148586036e-01 1.731909980804456906e-01 -3.335366439819336115e-01
-2.294050546564200266e-01 -1.590668090819994940e-01 -3.465330314636230202e-01 -2.812152257736022509e-01 8.286820565682841144e-02 -2.927117347717285156e-01 2.836053491772386748e-01 3.880555600921287152e-02 -3.017736530303956055e-01 1.248076144582757896e-01 1.739982827328253878e-01 -3.349332761764527433e-01
-2.245169033738055875e-01 -1.522416641875542487e-01 -3.469990444183350675e-01 -3.077159532882643989e-01 1.058830396263179124e-01 -3.001325511932373957e-01 2.731327307327484633e-01 1.217939854986652137e-02 -3.024491643905640736e-01 1.354404294164778255e-01 1.743680985391929950e-01 -3.366675806045533181e-01
-2.197755634988828310e-01 -1.457145656002014622e-01 -3.478134632110596036e-01 -3.306260095823159162e-01 1.330720536457121739e-01 -3.054208135604858931e-01 2.609634686765306966e-01 -1.578848015549717820e-02 -3.049754905700683971e-01 1.455824420676046782e-01 1.743207176572927897e-01 -3.386588382720947532e-01
-2.152129042292003358e-01 -1.394631336394974996e-01 -3.487199783325195535e-01 -3.469702346751843969e-01 1.612866580716871834e-01 -3.130934333801269620e-01 2.456039589928116773e-01 -4.387671592037291346e-02 -3.077632570266722878e-01 1.550941504110803226e-01 1.740988151906223136e-01 -3.408652210235594837e-01
-2.106906723792048297e-01 -1.336912983604551242e-01 -3.495500183105468839e-01 -3.719902558804060178e-01 2.053330830120901340e-01 -3.142592287063599166e-01 2.291352894373403504e-01 -7.038513814353615505e-02 -3.105119323730470282e-01 1.641263134639649457e-01 1.735909343615881784e-01 -3.429673290252687190e-01
-2.062974951981413618e-01 -1.278132600782752593e-01 -3.502158498764036954e-01 -3.665513754433679106e-01 2.279336684191629880e-01 -3.297009658813475630e-01 2.123634420542883650e-01 -9.363156505331357571e-02 -3.136551904678344660e-01 1.726712375854972392e-01 1.728822424652810552e-01 -3.448665428161621360e-01
-2.015643961049404520e-01 -1.221418192913575895e-01 -3.506986808776856313e-01 -3.612373810448250566e-01 2.420984153288691376e-01 -3.443924689292908181e-01 1.961856707900545560e-01 -1.141780871588410767e-01 -3.164064884185791571e-01 1.811732534805307604e-01 1.717957552127507559e-01 -3.465915870666504417e-01
-1.963192244072843873e-01 -1.166098432219098424e-01 -3.510421466827393644e-01 -3.539555020619676862e-01 2.518694832740017153e-01 -3.579610443115235352e-01 1.834199371971017567e-01 -1.328179200470330501e-01 -3.187151932716370539e-01 1.898110033002642083e-01 1.702672951720718975e-01 -3.481073522567749712e-01
-1.905369265442433402e-01 -1.126841251079154504e-01 -3.512657785415648770e-01 -3.513508103474214384e-01 2.577187685921037419e-01 -3.579306006431579035e-01 1.731389066582600389e-01 -1.482917920016982305e-01 -3.210469150543212580e-01 1.987764949533077086e-01 1.681007600634009669e-01 -3.494298744201659868e-01
-1.838821699389922570e-01 -1.150174426597860566e-01 -3.512707090377807928e-01 -3.401866368317807976e-01 2.587627163046410383e-01 -3.587865972518921587e-01 1.656347887019606613e-01 -1.599813476734624762e-01 -3.241640472412110063e-01 2.080949195756931491e-01 1.651059955948931679e-01 -3.505039167404175315e-01
-1.776669061902269309e-01 -1.172536446891910833e-01 -3.509883308410645109e-01 -3.306513810463602154e-01 2.555837132580295878e-01 -3.592715549468994407e-01 1.613455867543430178e-01 -1.660935737213604102e-01 -3.284397816658020663e-01 2.176386937941649224e-01 1.613492652048431897e-01 -3.512995767593384278e-01
-1.721190673842432628e-01 -1.190815388084972282e-01 -3.504026412963865966e-01 -3.222186072854719141e-01 2.527889402921895123e-01 -3.598951101303099476e-01 1.616046190771107116e-01 -1.699265470828019986e-01 -3.327282094955443248e-01 2.276129310712924347e-01 1.565237968352847786e-01 -3.517431497573851318e-01
-1.674456490893427296e-01 -1.204324117958425477e-01 -3.497016763687134100e-01 -3.135221787207236321e-01 2.508085265721056167e-01 -3.600738644599914551e-01 1.659501075650247348e-01 -1.735997496156272135e-01 -3.366355991363525479e-01 2.378177684257359870e-01 1.506346130760196633e-01 -3.520675706863403698e-01
-1.635814703054532526e-01 -1.214362384082232765e-01 -3.489400386810302401e-01 -3.055683966796992612e-01 2.494731858484314224e-01 -3.603419566154479337e-01 1.699614558664362118e-01 -1.755951634110484161e-01 -3.396685838699342597e-01 2.478348399627486320e-01 1.439971784163676105e-01 -3.524454164505006482e-01
-1.607457275141432884e-01 -1.218967735538996205e-01 -3.480437946319580589e-01 -2.981631414590770190e-01 2.487046929795201367e-01 -3.606030750274658581e-01 1.731235327134595936e-01 -1.774050306648732034e-01 -3.413495826721191784e-01 2.574350987047825390e-01 1.368380639338721838e-01 -3.528204202651977761e-01
-1.589073661104393187e-01 -1.217777945046576854e-01 -3.469050884246826505e-01 -2.910129462432613501e-01 2.484767763353203374e-01 -3.607595467567444314e-01 1.764471401298328690e-01 -1.782932482399640084e-01 -3.424570035934448864e-01 2.662871687888614947e-01 1.298970563285427038e-01 -3.529638433456421254e-01
-1.583828033733823970e-01 -1.206401595081975225e-01 -3.455734252929687500e-01 -2.838977350083909945e-01 2.484548414001288563e-01 -3.609153795242309171e-01 1.800704936518337795e-01 -1.783018472743508887e-01 -3.437438821792603849e-01 2.744021421920225245e-01 1.230186584677440409e-01 -3.528718376159669101e-01
-1.593529742835885776e-01 -1.182098662129436040e-01 -3.443185329437255526e-01 -2.766210457269664413e-01 2.487770961877580622e-01 -3.609693217277526456e-01 1.840664032675939366e-01 -1.776241211805668074e-01 -3.453091573715209583e-01 2.815325146151821389e-01 1.168475780890500665e-01 -3.524961090087890270e-01
-1.618463427007297839e-01 -1.148147115594168183e-01 -3.433396196365356423e-01 -2.693280734749053940e-01 2.492727613772130479e-01 -3.608501148223877131e-01 1.883601454367875294e-01 -1.766259569621537462e-01 -3.464298725128173717e-01 2.875654232950140554e-01 1.117810232305322671e-01 -3.516382598876953147e-01
-1.667905580071949723e-01 -1.101663569743792925e-01 -3.397128534317017112e-01 -2.617332566811972350e-01 2.497786496264313150e-01 -3.605023550987244141e-01 1.930310097096173128e-01 -1.754119002550072470e-01 -3.470778131484986151e-01 2.926039896766268189e-01 1.080829963421019169e-01 -3.502591037750245051e-01
-1.772793295980155670e-01 -9.868058302202006860e-02 -3.256677246093749867e-01 -2.541560446608066570e-01 2.501358715218434670e-01 -3.601485085487365900e-01 1.978141638665869284e-01 -1.745992057362059646e-01 -3.472655677795409845e-01 2.979223386058706957e-01 1.058499225965801316e-01 -3.486813068389892356e-01
-1.891312679325276302e-01 -8.808739190136015418e-02 -3.202017354965210894e-01 -2.466009372726756799e-01 2.504761515849551201e-01 -3.598619627952576727e-01 2.027976965446068591e-01 -1.740209317589834770e-01 -3.473290824890137851e-01 3.043442370594141577e-01 1.042089440315337456e-01 -3.472181463241578170e-01
-2.044281703318045207e-01 -7.601405554304914436e-02 -3.152074241638184171e-01 -2.391290493456395549e-01 2.508339375504112789e-01 -3.594833207130432307e-01 2.077227551762193813e-01 -1.735039731075205816e-01 -3.473297262191774037e-01 3.095155192315184323e-01 1.018564830158473211e-01 -3.451384782791139250e-01
-2.218471593031040023e-01 -6.227344981650633632e-02 -3.104081535339356379e-01 -2.317008680312537816e-01 2.509904849393002624e-01 -3.591605877876282715e-01 2.127150449196456850e-01 -1.732244918701034697e-01 -3.472649669647216442e-01 3.111976922482677654e-01 9.888126286456595804e-02 -3.420464801788329900e-01
-2.407639737703211880e-01 -4.676445530702575543e-02 -3.057009267807008768e-01 -2.241701972848811064e-01 2.510874991349151264e-01 -3.587428379058839600e-01 2.177356101749000072e-01 -1.731903634718891805e-01 -3.471588563919068005e-01 3.094025175235026737e-01 9.595048522052615492e-02 -3.379092502593994962e-01
-2.611494328155796740e-01 -3.322018209712668951e-02 -3.026227998733522218e-01 -2.167564680097321950e-01 2.509253335867830392e-01 -3.583865356445314343e-01 2.227537431937347545e-01 -1.733834882202394123e-01 -3.470070314407349144e-01 3.033898191214780549e-01 9.341653935565658040e-02 -3.329791736602784047e-01
-2.832337073806650563e-01 -2.557229391924913803e-02 -3.020017051696777255e-01 -2.093637571213062265e-01 2.502118978851303188e-01 -3.579999685287475475e-01 2.277780504579269838e-01 -1.738618827226426078e-01 -3.467764711380004750e-01 2.931307741209973616e-01 9.103577351388648931e-02 -3.275131320953368896e-01
-3.058619201450570868e-01 -1.704582448828691199e-02 -3.031875467300415572e-01 -2.021054290118577956e-01 2.488532959572330450e-01 -3.578014612197876199e-01 2.326407581145140957e-01 -1.747127557167956480e-01 -3.464836835861205278e-01 2.781898263139739869e-01 8.870880637439994276e-02 -3.213909292221068803e-01
-3.302730943194187030e-01 -6.850414437790441902e-03 -3.060065126419068138e-01 -1.950581887529495573e-01 2.473652092008758463e-01 -3.577010416984558461e-01 2.373508420405575636e-01 -1.758397514328062794e-01 -3.463956880569458718e-01 2.583649208549437248e-01 8.681494080943501224e-02 -3.149854373931885165e-01
-3.528178623641982092e-01 3.344172507194362320e-03 -3.097188663482666748e-01 -1.881209578958459305e-01 2.456827962765712470e-01 -3.578808045387268932e-01 2.420553953546167314e-01 -1.773125195624048189e-01 -3.466649675369263273e-01 2.344598734302553444e-01 8.550741267375337740e-02 -3.097192192077637407e-01
-3.727306632240687811e-01 1.310016716434780903e-02 -3.137414789199827747e-01 -1.812536469417096452e-01 2.438703029403023748e-01 -3.582835650444029518e-01 2.468197975544706158e-01 -1.791334681303861920e-01 -3.472786474227905207e-01 2.079441394367951279e-01 8.472358377779240501e-02 -3.064650821685790949e-01
-3.888834880570881669e-01 2.208800513123404530e-02 -3.178958320617676359e-01 -1.744590161563671915e-01 2.418344972602170517e-01 -3.588434433937073287e-01 2.515995961948521153e-01 -1.812344527064923549e-01 -3.481030845642091309e-01 1.817751922025342415e-01 8.402434485651837093e-02 -3.064472818374635588e-01
-4.014848294373069004e-01 3.020350775815615341e-02 -3.208621883392334673e-01 -1.676776883463010348e-01 2.394443764011049969e-01 -3.595826101303101208e-01 2.563935787238522113e-01 -1.835835441587158612e-01 -3.490008926391602317e-01 1.567199881027235009e-01 8.342957514722958157e-02 -3.084366178512573664e-01
-4.087352996865601384e-01 3.660255255056044099e-02 -3.232162904739380727e-01 -1.606743510276198439e-01 2.367213373781011376e-01 -3.604600000381470437e-01 2.613875878257022611e-01 -1.861015914838023699e-01 -3.499625396728516247e-01 1.306829968894446525e-01 8.286955101734357065e-02 -3.112613630294800426e-01
-4.110677186944803885e-01 4.209884253871129522e-02 -3.273377513885498136e-01 -1.535344834937855951e-01 2.338203187291011398e-01 -3.612257289886475209e-01 2.665429376649559035e-01 -1.888141389000189407e-01 -3.509181356430054466e-01 1.062822909208158695e-01 8.226613857810324837e-02 -3.160852551460266446e-01
-4.093890939652836680e-01 4.668968422808963958e-02 -3.334416580200196267e-01 -1.462051463336577761e-01 2.307599837255779884e-01 -3.619824361801148305e-01 2.718806526263485290e-01 -1.916337735471728143e-01 -3.518192291259765181e-01 8.415333265160143683e-02 8.166473367253095084e-02 -3.215247774124145308e-01
-4.037706028872837249e-01 5.029909054826134374e-02 -3.396109104156495029e-01 -1.383236664477339450e-01 2.276001976494229362e-01 -3.627698993682861861e-01 2.774907988486465804e-01 -1.947194831176659591e-01 -3.526236391067505971e-01 6.628122139896716614e-02 8.118025381846248612e-02 -3.273225069046021285e-01
-3.958491975344071157e-01 5.313821667069067167e-02 -3.445485973358153320e-01 -1.300267445382480291e-01 2.248188826665190598e-01 -3.632021808624266157e-01 2.834389793335610475e-01 -1.980770604580958383e-01 -3.533211469650268666e-01 5.554861392567908562e-02 8.092557143249440310e-02 -3.327841448783874223e-01
-3.870599608111756629e-01 5.569288188798836303e-02 -3.478395223617553600e-01 -1.212379846012898443e-01 2.216952900164814722e-01 -3.636285066604614258e-01 2.895665725122890666e-01 -2.016110212639938837e-01 -3.538711309432984176e-01 5.340337089612433308e-02 8.080887494193718379e-02 -3.384721755981446312e-01
-3.789491494757757928e-01 5.848715701180608184e-02 -3.501854181289673074e-01 -1.124343105962004874e-01 2.180355687219822647e-01 -3.640235710144043013e-01 2.956877723654136592e-01 -2.052689380331672031e-01 -3.541892719268798229e-01 5.718611938611127543e-02 8.071232683601606284e-02 -3.417462706565855823e-01
-3.706934970015936526e-01 6.130014319980017778e-02 -3.520841884613037931e-01 -1.036458289400091215e-01 2.140252662791035099e-01 -3.644562149047851918e-01 3.016906709452312763e-01 -2.091237664808778540e-01 -3.543383312225342752e-01 6.307223896287147968e-02 8.050627380241623388e-02 -3.429200577735901367e-01
-3.620908953140681286e-01 6.404272020556729672e-02 -3.537292289733887096e-01 -9.486749132168531551e-02 2.099594921538252557e-01 -3.647376966476441051e-01 3.075616274534074823e-01 -2.131283905338660911e-01 -3.542928791046143222e-01 7.058073775750210721e-02 8.014708479932840246e-02 -3.444734692573547807e-01
-3.534745469876827695e-01 6.664385436349981595e-02 -3.550504398345946111e-01 -8.593899800494464447e-02 2.057209315880939582e-01 -3.648881244659422651e-01 3.130697081110661029e-01 -2.167384440339474305e-01 -3.541189527511596769e-01 7.901394009422145481e-02 7.931704686871933474e-02 -3.469204258918762163e-01
-3.449237867164608451e-01 6.883638707312626781e-02 -3.562256669998169478e-01 -7.701688236808439114e-02 2.014887645089254997e-01 -3.650493764877319469e-01 3.185609832501511418e-01 -2.199908464967993693e-01 -3.538842296600341886e-01 8.742558451656276541e-02 7.804691782657670329e-02 -3.486897706985473966e-01
-3.359437792426835934e-01 7.026109997718565925e-02 -3.574850368499755682e-01 -6.858735695451242953e-02 1.976246484232337952e-01 -3.651526641845702637e-01 3.238401661447748436e-01 -2.230736085255678736e-01 -3.534373807907105203e-01 9.583418852825181800e-02 7.634940487707930767e-02 -3.497062993049622204e-01
-3.267341306024844627e-01 7.111304263114036350e-02 -3.588453769683837002e-01 -6.120863507772947298e-02 1.944973271574516605e-01 -3.652392768859862304e-01 3.284354092572237538e-01 -2.256782598865054723e-01 -3.528891229629518289e-01 1.049635787041645341e-01 7.403000329511408295e-02 -3.508956599235536489e-01
-3.175967862803353303e-01 7.190188253167958954e-02 -3.602681922912597812e-01 -5.603352514067487522e-02 1.925559462012703116e-01 -3.651259136199951350e-01 3.317460722056816969e-01 -2.277289092718107477e-01 -3.522607469558715065e-01 1.143129060374049322e-01 7.102133943338054256e-02 -3.522131872177123313e-01
-3.086498077016237018e-01 7.283248450650813000e-02 -3.615347528457642512e-01 -5.344124552993821664e-02 1.925350493985670819e-01 -3.645639896392823265e-01 3.334217155146078082e-01 -2.294767353548675670e-01 -3.514099264144898149e-01 1.235863258903341366e-01 6.735319173143509974e-02 -3.533385610580445091e-01
-2.998959056526077638e-01 7.364849943286352896e-02 -3.626080274581909846e-01 -5.360745106675403326e-02 1.999780101335464355e-01 -3.608051204681397284e-01 3.332328060747655196e-01 -2.309195700620707004e-01 -3.503025102615356934e-01 1.326285315034959333e-01 6.314025487307700635e-02 -3.542887759208679932e-01
-2.914296568724271119e-01 7.441632220753507942e-02 -3.633473682403564609e-01 -5.487436589782219987e-02 2.097823095408888339e-01 -3.556282901763916371e-01 3.296347642907592190e-01 -2.331398743019168218e-01 -3.490207529067993475e-01 1.412881419615922562e-01 5.844342934982121873e-02 -3.550557661056518710e-01
-2.832547536384817377e-01 7.624834259259158364e-02 -3.635795974731446112e-01 -5.444378340659213056e-02 2.014307660020934476e-01 -3.263879203796387074e-01 3.237188546521526100e-01 -2.353197980064561101e-01 -3.472690296173096547e-01 1.493250646620428446e-01 5.337845135264818186e-02 -3.554539394378662953e-01
-2.754922471800216877e-01 7.630709558039422413e-02 -3.634951877593993741e-01 -6.209252255568314949e-02 2.119879900149757301e-01 -3.126137256622313898e-01 3.159618498121545271e-01 -2.371877850872348426e-01 -3.451359176635742654e-01 1.570579554711377945e-01 4.772140976218194192e-02 -3.557092094421387407e-01
-2.679732146215571542e-01 7.669405488556475803e-02 -3.629177379608156118e-01 -6.958510133245848772e-02 2.255239932127811042e-01 -3.018243408203126754e-01 3.061581534624561174e-01 -2.386684966224108528e-01 -3.422218561172485907e-01 1.642279028489902759e-01 4.171069692296206638e-02 -3.554210424423218107e-01
-2.606372006390849094e-01 7.698683702882228030e-02 -3.619988393783569736e-01 -7.650155293360359765e-02 2.420084625481154772e-01 -2.935987377166748291e-01 2.939258096524938746e-01 -2.401094493620674897e-01 -3.385202836990356956e-01 1.709481917410001217e-01 3.536148769372628176e-02 -3.547807121276855824e-01
-2.534910350729682182e-01 7.728639988567673202e-02 -3.609590339660644354e-01 -8.092159507430678189e-02 2.651701431513641127e-01 -2.911864662170410289e-01 2.792775009545308551e-01 -2.417447321542297023e-01 -3.346254444122314653e-01 1.772510190484946901e-01 2.869127938108444187e-02 -3.540382719039917303e-01
-2.464131035155124605e-01 7.730217419634966003e-02 -3.600137138366700795e-01 -8.229028926377297826e-02 2.910558194859374503e-01 -2.931681156158448820e-01 2.612422558167164510e-01 -2.428258828504221700e-01 -3.312257575988770131e-01 1.832667361842379716e-01 2.169374772060975870e-02 -3.534546327590942782e-01
-2.394998021274981626e-01 7.700101683934290620e-02 -3.592888116836547852e-01 -8.049410319904649891e-02 3.203141943529020930e-01 -3.004003334045410312e-01 2.394638165150704268e-01 -2.428975975140627019e-01 -3.284389591217040105e-01 1.889737284277751561e-01 1.437684148347192353e-02 -3.531620883941649636e-01
-2.327019521837355165e-01 7.637485050097660155e-02 -3.586925268173217773e-01 -7.478232146771826572e-02 3.515170524248159012e-01 -3.097190475463867387e-01 2.159122665892217463e-01 -2.425564028988276555e-01 -3.267046022415161510e-01 1.944189885464678025e-01 6.641925673147933140e-03 -3.531079530715942605e-01
-2.261179415891725886e-01 7.498539075685836663e-02 -3.582725811004639493e-01 -6.089384946359632789e-02 4.032402241770864371e-01 -3.177978706359864125e-01 1.909437381082021157e-01 -2.411894475016189976e-01 -3.257723665237427513e-01 1.996177202304758314e-01 -1.509343269730706316e-03 -3.534108352661133878e-01
-2.194882573383594437e-01 7.317996375102187034e-02 -3.581912517547606312e-01 -5.213739969461850254e-02 4.248056513861059313e-01 -3.204896259307860040e-01 1.640981811086779374e-01 -2.389574170718448409e-01 -3.256166553497315541e-01 2.046311677883546343e-01 -1.015871086152579650e-02 -3.542759895324708030e-01
-2.129008518040431674e-01 7.104731249084533795e-02 -3.580827856063842907e-01 -4.075620917052105718e-02 4.366508431772133658e-01 -3.317239332199096724e-01 1.349655672201794665e-01 -2.360142228267063658e-01 -3.261741209030151745e-01 2.093799868336975178e-01 -1.918914726487606914e-02 -3.551403713226318759e-01
-2.062012827536083004e-01 6.845689182753553204e-02 -3.579832839965820246e-01 -3.049945461747302633e-02 4.444357543426999402e-01 -3.438555622100830100e-01 1.040812709896037913e-01 -2.306932328273492150e-01 -3.275523853302003130e-01 2.139456513448414476e-01 -2.852696632952084199e-02 -3.561161994934083364e-01
-1.993089163565356925e-01 6.556975021348121491e-02 -3.576087141036987660e-01 -2.208223381273446972e-02 4.481079941187195992e-01 -3.547239089012146351e-01 7.212605937166979841e-02 -2.230159086089833209e-01 -3.279088640213013162e-01 2.183502668296944116e-01 -3.818930494258958308e-02 -3.569911336898804466e-01
-1.985656324847401843e-01 5.516501666993929576e-02 -3.570060205459594793e-01 -1.574118478254163400e-02 4.479725359178278188e-01 -3.635128164291381858e-01 4.134407155299281433e-02 -2.150104658305481142e-01 -3.283479738235473566e-01 2.225767507693433567e-01 -4.833924299153702364e-02 -3.577941703796386763e-01
-1.981265849988765593e-01 4.428100043150454135e-02 -3.562910890579222833e-01 -8.353562019263266469e-03 4.461595476406220451e-01 -3.648570775985716663e-01 1.175442115891565942e-02 -2.068233759449650822e-01 -3.283898639678955456e-01 2.266001342523789597e-01 -5.918873142214192695e-02 -3.586310052871704568e-01
-1.979154740592361517e-01 3.335766184263955214e-02 -3.555749893188476229e-01 -3.542874219263525415e-03 4.372449723806247635e-01 -3.657202649116515492e-01 -1.606096774856861920e-02 -1.972547353420803506e-01 -3.259478640556336404e-01 2.303182305635004534e-01 -7.089104389613819224e-02 -3.595186948776245561e-01
-1.977590697580217105e-01 2.238549535349224073e-02 -3.548374748229980447e-01 -6.941289123895688640e-04 4.245175446780464767e-01 -3.658216619491577171e-01 -4.026661075290960401e-02 -1.870166688105165675e-01 -3.227271771430968994e-01 2.336913402694556774e-01 -8.378529999445093190e-02 -3.604368495941162043e-01
-1.975117912071808202e-01 1.146227865736831886e-02 -3.540105915069580722e-01 -4.557454333432020555e-04 4.106901383086651869e-01 -3.663207101821899792e-01 -6.055568979037440763e-02 -1.764417686289541654e-01 -3.199892163276671919e-01 2.365335752876801811e-01 -9.817800505331800154e-02 -3.612566661834716308e-01
-1.970442002498218326e-01 1.265061560506125504e-03 -3.530012750625609597e-01 -4.956788458706506972e-04 3.972054429803607567e-01 -3.669418787956236772e-01 -7.579861241463611843e-02 -1.662936871502227465e-01 -3.186684322357176691e-01 2.386409159287173343e-01 -1.135205767870668264e-01 -3.618973350524901100e-01
-1.963691380273051568e-01 -7.969247890558722736e-03 -3.519365596771240057e-01 4.906571260980541194e-04 3.840757590817329148e-01 -3.673908972740173029e-01 -8.574023766868553442e-02 -1.578889568352166983e-01 -3.197511696815490412e-01 2.398662184464037950e-01 -1.293918368760987037e-01 -3.624221134185791060e-01
-1.954837729220771370e-01 -1.583337350326177728e-02 -3.508243274688720437e-01 2.358880861286716257e-03 3.716751327227552082e-01 -3.679317879676818337e-01 -9.103194523104762848e-02 -1.512367231876042273e-01 -3.225436711311339688e-01 2.400111245672691962e-01 -1.454766073123238690e-01 -3.628710746765136386e-01
-1.947495238601650303e-01 -2.186371099690309627e-02 -3.494510984420776123e-01 5.524051705288107739e-03 3.599805267275506537e-01 -3.685261297225952415e-01 -9.149207405781552283e-02 -1.488205612863282012e-01 -3.289406347274780318e-01 2.391620161104842102e-01 -1.619265030272127592e-01 -3.631652069091796942e-01
-1.941782664064906627e-01 -2.424982846318951557e-02 -3.475762319564820180e-01 9.191466447527663064e-03 3.491224170089208823e-01 -3.687719273567200418e-01 -9.010757755757439758e-02 -1.504155674570232248e-01 -3.350873064994812633e-01 2.372457587892735087e-01 -1.785162451342561518e-01 -3.631825733184815275e-01
-1.938914667699244698e-01 -1.748669994376436665e-02 -3.434437274932861106e-01 1.321674720012627757e-02 3.384419372288307581e-01 -3.688705515861511186e-01 -8.849741681638780000e-02 -1.556138187765398473e-01 -3.399875259399414151e-01 2.340622474966853328e-01 -1.946832521273272887e-01 -3.625626754760742365e-01
-1.935147747301922960e-01 -1.555241243138161256e-03 -3.323704576492310103e-01 1.772612306670076632e-02 3.280832646037483702e-01 -3.686596870422363392e-01 -8.684193450606175757e-02 -1.624070624624371351e-01 -3.432514142990112371e-01 2.298362869013891030e-01 -2.101262576720934749e-01 -3.615038204193115612e-01
-1.926733835013775820e-01 2.279245016303374505e-02 -3.203501939773559792e-01 2.280597838853534731e-02 3.179982885748547927e-01 -3.681236815452575417e-01 -8.432725315642758401e-02 -1.685312277759616340e-01 -3.451343727111816362e-01 2.244749851900397497e-01 -2.253769273282634766e-01 -3.600654315948486617e-01
-1.916377648703013747e-01 5.691176759367624904e-02 -3.101016139984131281e-01 2.836605675122483294e-02 3.081172656546906641e-01 -3.671410322189331277e-01 -8.029753700363928548e-02 -1.735501237026365051e-01 -3.458960938453674583e-01 2.183584464690266347e-01 -2.391433693873910027e-01 -3.578066635131836315e-01
-1.956393043792548081e-01 9.450878087397082683e-02 -3.008921241760254550e-01 3.436919877033461912e-02 2.985222610512479058e-01 -3.659694814682007413e-01 -7.544342375711818316e-02 -1.789591125885825196e-01 -3.460735917091370406e-01 2.132415018639121640e-01 -2.487837856097485922e-01 -3.544720315933228560e-01
-2.182674414658476447e-01 1.194279625409406798e-01 -2.952982997894287864e-01 4.051509959300006458e-02 2.893374276657029176e-01 -3.646381378173828569e-01 -7.016482845167171245e-02 -1.844959148801245119e-01 -3.458543920516968240e-01 2.084896275874555671e-01 -2.535640417078147135e-01 -3.501885080337525102e-01
-2.432886497653819480e-01 1.459199881913231245e-01 -2.937692642211914285e-01 4.619484552264220556e-02 2.801018425629951403e-01 -3.634138631820679199e-01 -6.483087018302882698e-02 -1.904094195315063631e-01 -3.454904556274414618e-01 2.046494915126375880e-01 -2.545189272035376371e-01 -3.454836940765381170e-01
-2.685564093080490267e-01 1.714826924872410452e-01 -2.953581905364989213e-01 5.085360241682473914e-02 2.708716259779464508e-01 -3.623051118850706964e-01 -6.025043355050550831e-02 -1.965753538773355458e-01 -3.448342657089233376e-01 2.013219636628702791e-01 -2.531975097179672285e-01 -3.399745559692382568e-01
-2.925552494135943427e-01 1.954805692562700536e-01 -2.992106628417968706e-01 5.539905862172307682e-02 2.618666974739018993e-01 -3.613872957229614657e-01 -5.606952884180189944e-02 -2.030035597559407545e-01 -3.445251798629759832e-01 1.984895112874208722e-01 -2.496969522205377823e-01 -3.339961338043211936e-01
-3.150213954577931186e-01 2.177234550239222632e-01 -3.052107048034669035e-01 5.979046034428006640e-02 2.523311802701443951e-01 -3.610664176940918679e-01 -5.203737017142873178e-02 -2.098277460621676416e-01 -3.445301580429078192e-01 1.956276867666668640e-01 -2.426769347138413024e-01 -3.268567657470703991e-01
-3.339054220589123267e-01 2.356173249232507150e-01 -3.132972908020018599e-01 6.448446426334804304e-02 2.426514387126725847e-01 -3.610737943649290904e-01 -4.808043396279293447e-02 -2.170258607509894522e-01 -3.448163270950317383e-01 1.913882613834050339e-01 -2.300269731344727342e-01 -3.180477046966552757e-01
-3.452456307695735971e-01 2.447402783905674450e-01 -3.235390663146973655e-01 6.932427484078410029e-02 2.325501827596990756e-01 -3.614668321609498247e-01 -4.414412287274795121e-02 -2.245185247858584865e-01 -3.453589868545533514e-01 1.860612462846145398e-01 -2.136695184354377441e-01 -3.091233110427857311e-01
-3.479958922528488263e-01 2.442500695465292804e-01 -3.331792354583740789e-01 7.306766149245290387e-02 2.288359605559564802e-01 -3.593514823913575018e-01 -4.017004490956985197e-02 -2.321799586325019593e-01 -3.462846040725707786e-01 1.793196452531602425e-01 -1.949889507441099623e-01 -3.022987127304077037e-01
-3.470624686542985171e-01 2.393409637450562011e-01 -3.428992795944214023e-01 7.645450776829544604e-02 2.260143534343616034e-01 -3.567492008209228738e-01 -3.600706866711814169e-02 -2.397685780212917839e-01 -3.474682283401489546e-01 1.705970735970865071e-01 -1.739000842514263900e-01 -2.965236186981201061e-01
-3.438793140283889493e-01 2.317874086447343218e-01 -3.510566377639769975e-01 7.915894359188165030e-02 2.234945874266225929e-01 -3.536558103561400768e-01 -3.144339007327763558e-02 -2.472212580970381823e-01 -3.487694120407104914e-01 1.596989412205471470e-01 -1.501187214167900852e-01 -2.926963710784912798e-01
-3.385217688584966633e-01 2.217538955576746629e-01 -3.560288667678832564e-01 8.103753318967449326e-02 2.209201314507186764e-01 -3.505554771423339822e-01 -2.656284233960073959e-02 -2.545868540758441378e-01 -3.501525545120239280e-01 1.475396611706704386e-01 -1.247483347145606492e-01 -2.898689746856689120e-01
-3.312540796532310594e-01 2.093523793905160968e-01 -3.592034196853638450e-01 8.209069573907223916e-02 2.177360678794747484e-01 -3.477562522888184016e-01 -2.135779722814407089e-02 -2.619306698030597902e-01 -3.516552782058716131e-01 1.352493507309834586e-01 -9.958607871882524387e-02 -2.875403022766113703e-01
-3.238388988338663510e-01 1.964042064624650363e-01 -3.613538169860839866e-01 8.260834096577922281e-02 2.149874280988630926e-01 -3.451196289062499756e-01 -1.577300092503679252e-02 -2.693366661893064617e-01 -3.532873725891113037e-01 1.234990733883580410e-01 -7.527496182185618168e-02 -2.883752727508545055e-01
-3.162070392392654639e-01 1.830739612340749889e-01 -3.628969335556030407e-01 8.270709756887470454e-02 2.146297291288067621e-01 -3.420623350143432995e-01 -9.968167635685420969e-03 -2.768405299312907131e-01 -3.550491046905517867e-01 1.125899621638697667e-01 -5.235488020909460916e-02 -2.912569236755371271e-01
-3.084057088176906936e-01 1.693576962030195476e-01 -3.643398237228394065e-01 8.053905487208946889e-02 2.158533777958145106e-01 -3.395807361602783958e-01 -4.007353825191642405e-03 -2.844704098085937827e-01 -3.568862915039062722e-01 1.027732705275137548e-01 -3.167586073485458009e-02 -2.955250930786132990e-01
-3.004359821965633670e-01 1.555873573004996901e-01 -3.658496236801147550e-01 7.481448274447584368e-02 2.182928348514358574e-01 -3.377955389022827548e-01 1.753806314755260165e-03 -2.923426425316085209e-01 -3.587404155731201416e-01 9.429760972144886344e-02 -1.339939719951735442e-02 -3.004856681823730447e-01
-2.922550228445235376e-01 1.416453310766114804e-01 -3.675261974334716464e-01 6.601896863599113208e-02 2.216848875163152377e-01 -3.360969543457030806e-01 7.309167617471579170e-03 -3.003571726654645779e-01 -3.607647609710694092e-01 8.665333099325195354e-02 3.214429296554740384e-03 -3.042958021163941207e-01
-2.838687494967558345e-01 1.275461528634320441e-01 -3.690898180007934903e-01 5.283516770576139610e-02 2.251198677392993452e-01 -3.337744188308716664e-01 1.270571092118505385e-02 -3.083220877255271608e-01 -3.626001405715942871e-01 8.002640520107273669e-02 1.759163277640258399e-02 -3.067918968200684104e-01
-2.752333878366042819e-01 1.130920054134397501e-01 -3.702904701232908602e-01 3.587698007050689475e-02 2.266152387229156129e-01 -3.281819915771483354e-01 1.775792881258440870e-02 -3.161544702030424925e-01 -3.639122104644775257e-01 7.496510347469755031e-02 2.851716840193954661e-02 -3.106363868713378773e-01
-2.663827295321942734e-01 9.827899363082610862e-02 -3.712374353408812722e-01 1.628184042028005263e-02 2.292858982238480114e-01 -3.210347080230712136e-01 2.228623595175667493e-02 -3.239094078348515038e-01 -3.649839591979980868e-01 7.185456476062587750e-02 3.520568520307602173e-02 -3.155460739135742543e-01
-2.571955875858431551e-01 8.308117527136552050e-02 -3.719776773452758700e-01 -6.063848518292169754e-03 2.344107890658505000e-01 -3.134313297271728027e-01 2.630260477255320917e-02 -3.322467429803223626e-01 -3.660566663742065296e-01 7.089018095267374253e-02 3.728135002485732930e-02 -3.228327274322509433e-01
-2.475852344833140706e-01 6.781161274049250787e-02 -3.725139045715332720e-01 -2.984406944688038077e-02 2.402811630736562121e-01 -3.069920825958252775e-01 2.984775430388936224e-02 -3.415362196669268213e-01 -3.670702934265137607e-01 7.194836928122842756e-02 3.501167834424743358e-02 -3.326538586616517024e-01
-2.375302266003467277e-01 5.304353242745500630e-02 -3.729619407653809171e-01 -6.542695822379751558e-02 2.504861517559160977e-01 -2.909449672698975475e-01 3.318761228945209252e-02 -3.510970060608938903e-01 -3.677728319168091509e-01 7.425366596894246440e-02 2.999094426513288641e-02 -3.404849481582642445e-01
-2.269716076996685095e-01 3.897209609841560674e-02 -3.732662439346314254e-01 -9.460395162531669289e-02 2.551797202575147860e-01 -2.648620891571045188e-01 3.634204972647267495e-02 -3.603353847927560083e-01 -3.678862953186035623e-01 7.745066896660282585e-02 2.280769141903410055e-02 -3.466475176811218972e-01
-2.156634950909204207e-01 2.509252333995039275e-02 -3.736778497695922852e-01 -8.844807916249870783e-02 2.698425538441823757e-01 -2.717246627807616832e-01 3.927767127652244394e-02 -3.688140535915950258e-01 -3.673952674865722523e-01 8.183558304771074154e-02 1.255556526213300744e-02 -3.515698504447937189e-01
-2.037386190526213892e-01 1.181847314722893338e-02 -3.740565490722655428e-01 -1.219136143313192949e-01 2.803172031936165265e-01 -2.769799137115477317e-01 4.212956336142491265e-02 -3.756857246002929251e-01 -3.662356901168823398e-01 8.567623076784568192e-02 2.809668233798613690e-03 -3.540496158599853449e-01
-1.911692364905202002e-01 -7.919280243865040037e-04 -3.742829990386962735e-01 -1.565045469950198109e-01 2.934439695937728909e-01 -2.868218612670898060e-01 4.468200182408250953e-02 -3.808536310417509618e-01 -3.642774343490600697e-01 8.925704007498481973e-02 -7.112384331913242791e-03 -3.568005251884460161e-01
-1.779941101981942775e-01 -1.274814072333007448e-02 -3.743573617935179731e-01 -1.895803190143747208e-01 3.020763570934431042e-01 -2.973776245117186745e-01 4.718104519214449954e-02 -3.841553572572020681e-01 -3.618660211563109463e-01 9.262469708370227317e-02 -1.733475939651379222e-02 -3.593227386474608931e-01
-1.645322825087735252e-01 -2.370027809986654382e-02 -3.743462944030760409e-01 -2.213885950016826198e-01 3.121449799375080048e-01 -3.103041648864744984e-01 4.975785187895437334e-02 -3.838437706866133503e-01 -3.594020080566406317e-01 9.582675795409423269e-02 -2.792615319765008944e-02 -3.612079405784606734e-01
-1.510919292951724557e-01 -3.335605704516317327e-02 -3.743044185638428334e-01 -2.496628720672335877e-01 3.257510403414638489e-01 -3.226519012451172230e-01 5.067866845317280100e-02 -3.792639365106482696e-01 -3.572041940689087425e-01 9.889590320581034821e-02 -3.895916345500256145e-02 -3.625165891647339489e-01
-1.377703296027446289e-01 -4.165301835479408299e-02 -3.743455600738525568e-01 -2.695290486046629241e-01 3.365829025443434763e-01 -3.349470186233520774e-01 4.353530441515414406e-02 -3.719744984398636878e-01 -3.550769042968750511e-01 1.018941811311615819e-01 -5.015704685025636211e-02 -3.637174534797668612e-01
-1.246985506707547486e-01 -4.862195942644578772e-02 -3.743608713150023970e-01 -2.814985375014315006e-01 3.414824641423084284e-01 -3.506087636947631259e-01 3.626305852102773564e-02 -3.601014567186083815e-01 -3.525250291824341686e-01 1.048067642846520625e-01 -6.100724942443293275e-02 -3.652785301208496538e-01
-1.119434777367083605e-01 -5.444214983392138552e-02 -3.745302104949950195e-01 -2.908203511508083983e-01 3.431090097723661914e-01 -3.644641447067259454e-01 2.929608765396413128e-02 -3.445360827318371677e-01 -3.494985818862915150e-01 1.077189475947861047e-01 -7.128163991425723323e-02 -3.673448371887206854e-01
-9.950913506661886176e-02 -5.939622598787250990e-02 -3.744866847991943359e-01 -2.969800779743533292e-01 3.428416501660567772e-01 -3.738323640823364435e-01 2.244571715006442314e-02 -3.243513376266562442e-01 -3.459281015396118431e-01 1.108603852615466789e-01 -8.102969946711446880e-02 -3.696895933151245206e-01
-8.787249565724011835e-02 -6.364631028081732533e-02 -3.740159893035888694e-01 -2.973400233539599258e-01 3.392374464330336625e-01 -3.807415056228637962e-01 1.537120756130681831e-02 -3.002587086197122113e-01 -3.421271944046020419e-01 1.142625574213766704e-01 -9.029403728491677827e-02 -3.718435430526733643e-01
-7.690903478049179731e-02 -6.733175976184054001e-02 -3.733825206756592463e-01 -2.943596407704848761e-01 3.323638601582495355e-01 -3.860129070281982933e-01 8.579433228349558904e-03 -2.749620996498238767e-01 -3.387726116180419522e-01 1.179904462942588800e-01 -9.911239722359882487e-02 -3.738251256942748402e-01
-6.631746510105460124e-02 -7.056783776567011890e-02 -3.727784299850464000e-01 -2.891065788215672616e-01 3.228230221519733378e-01 -3.900264883041382191e-01 1.835197844071947970e-03 -2.481732763495139160e-01 -3.358585357666015736e-01 1.223015083501294148e-01 -1.077270419180913208e-01 -3.758912134170532826e-01
-5.658554950507221210e-02 -7.333058621937980914e-02 -3.719825792312623225e-01 -2.816981252062563112e-01 3.120779415547324520e-01 -3.926868247985840776e-01 -3.389909696846632459e-03 -2.231856550455800781e-01 -3.343253183364869319e-01 1.276476416652857493e-01 -1.157765978653971101e-01 -3.778360652923584695e-01
-4.812568302469777404e-02 -7.546910217874071292e-02 -3.702469110488891824e-01 -2.734100573558516101e-01 3.013406384168310082e-01 -3.941923570632934748e-01 -9.086281940309914873e-03 -1.970972926817586568e-01 -3.323399448394775968e-01 1.338376233302442375e-01 -1.231957382180165483e-01 -3.797049188613891846e-01
-4.184236257994373986e-02 -7.698952255430364933e-02 -3.664871454238891046e-01 -2.651022689828360090e-01 2.909937594401874605e-01 -3.950666141510009166e-01 -1.476892294950152285e-02 -1.727979397983538390e-01 -3.324657964706421720e-01 1.406630483432967926e-01 -1.298664704933228387e-01 -3.815099382400513606e-01
-4.001230379423194317e-02 -7.794670662123311111e-02 -3.590890645980835405e-01 -2.576277332765539163e-01 2.816734059866460305e-01 -3.957314920425415439e-01 -1.964175076850838836e-02 -1.525409435688450110e-01 -3.364616298675537354e-01 1.480310465882947735e-01 -1.357530318090547916e-01 -3.832075500488281716e-01
-4.571603526154179031e-02 -7.851086758486046369e-02 -3.464051437377930198e-01 -2.502075854356186624e-01 2.733517612485305559e-01 -3.965111494064331721e-01 -2.325756166830879323e-02 -1.369245712505744728e-01 -3.430610990524292636e-01 1.558677741029956543e-01 -1.407176085300169965e-01 -3.847639369964599987e-01
-5.857088041218828922e-02 -7.921563203801898490e-02 -3.321963882446287708e-01 -2.427730871420573644e-01 2.655656905564319770e-01 -3.974957656860350630e-01 -2.539781525369248782e-02 -1.262898780328984560e-01 -3.498170328140258745e-01 1.637024208128241842e-01 -1.449092939934940594e-01 -3.862913274765014671e-01
-7.714767597612932903e-02 -8.073434778865856698e-02 -3.178211498260497536e-01 -2.359654103263443825e-01 2.583695815904356041e-01 -3.983609056472777743e-01 -2.411445039923529321e-02 -1.236623050847080185e-01 -3.556146359443664307e-01 1.712087169805443509e-01 -1.485768996148270626e-01 -3.875518608093261319e-01
-9.875485647591709937e-02 -8.351590840925514347e-02 -3.043415355682372314e-01 -2.293886824046370010e-01 2.516372379346036858e-01 -3.990495920181273970e-01 -1.816888766588085208e-02 -1.299372726173529391e-01 -3.629893469810486772e-01 1.782229080841687130e-01 -1.516776879449364679e-01 -3.880523061752320091e-01
-1.222892630998302227e-01 -8.774791904001746912e-02 -2.954678249359131703e-01 -2.227817119047115768e-01 2.453110811912053990e-01 -3.994831562042236994e-01 -1.005558758929323004e-02 -1.398374029188496070e-01 -3.693643188476563588e-01 1.846836765515984247e-01 -1.544987551719214924e-01 -3.878225803375244807e-01
-1.470904471491760457e-01 -9.360245943736428265e-02 -2.916150760650633722e-01 -2.160692610254763280e-01 2.390517509009423280e-01 -3.997048282623290039e-01 -1.241586322236074014e-03 -1.500927115140062162e-01 -3.744389724731444491e-01 1.915842679317401875e-01 -1.576961714141133508e-01 -3.875526905059813454e-01
-1.744681028163150294e-01 -1.012878158049763944e-01 -2.906791782379150035e-01 -2.093028843046094156e-01 2.328570165448543283e-01 -3.997442054748535090e-01 6.856372247949854559e-03 -1.574243935091658719e-01 -3.779773712158203125e-01 1.994276856633547257e-01 -1.601700483651561646e-01 -3.869110298156738237e-01
-2.039830102926621647e-01 -1.108371198459963958e-01 -2.927390098571776567e-01 -2.026614817524337031e-01 2.269872622627223946e-01 -3.995798301696776855e-01 1.513365027950223929e-02 -1.631275987235701608e-01 -3.811585474014282382e-01 2.073592646010253282e-01 -1.602354591067106093e-01 -3.854279708862304865e-01
-2.354126054834640158e-01 -1.221777722233570729e-01 -2.986731910705567872e-01 -1.964422608948447890e-01 2.216012412821403155e-01 -3.992245531082154741e-01 2.402054932508025653e-02 -1.676552840264983468e-01 -3.830992746353150680e-01 2.148000992624315153e-01 -1.569822559386296612e-01 -3.830054140090943804e-01
-2.669693597892461856e-01 -1.350823321430230095e-01 -3.052518749237060902e-01 -1.906941790172348439e-01 2.168161511171045608e-01 -3.985980987548828347e-01 3.344242820100423730e-02 -1.710711194345788666e-01 -3.836353492736817028e-01 2.209701392688783461e-01 -1.501384682151549466e-01 -3.797126102447510032e-01
-2.930782469256005274e-01 -1.484320823095839903e-01 -3.139683532714844238e-01 -1.854439339273568632e-01 2.124758170886116015e-01 -3.976498413085938211e-01 4.344530614056064249e-02 -1.738614757949691891e-01 -3.838473081588745783e-01 2.259091522277906772e-01 -1.410264590229121651e-01 -3.758495187759400280e-01
-3.152270470555591508e-01 -1.623564917672063457e-01 -3.264218330383301114e-01 -1.805491824277564716e-01 2.084246311506943172e-01 -3.964285469055176536e-01 5.386182290685130603e-02 -1.761823017050154760e-01 -3.839920282363892268e-01 2.291726528600744606e-01 -1.301534704466710268e-01 -3.711049270629883101e-01
-3.292328815371523554e-01 -1.753448063237269261e-01 -3.417558860778809326e-01 -1.757571996278254889e-01 2.046543176176241485e-01 -3.948384761810303512e-01 6.471628722013031410e-02 -1.777669328416803529e-01 -3.838882827758789973e-01 2.306172356900755283e-01 -1.173560891690993147e-01 -3.656644630432129839e-01
-3.312870487984327372e-01 -1.853325472004742624e-01 -3.588847064971922851e-01 -1.707891943066079943e-01 2.008444295639482957e-01 -3.928902435302733531e-01 7.551402448325209016e-02 -1.787010485501848434e-01 -3.833644676208496360e-01 2.270199811947262447e-01 -1.008481469582380302e-01 -3.580764627456665683e-01
-3.271966188121305241e-01 -1.934974821049194604e-01 -3.732562112808228139e-01 -1.651453958711500136e-01 1.965825849638964118e-01 -3.906736230850220704e-01 8.616530119964643797e-02 -1.792071117948492720e-01 -3.824939107894900769e-01 2.233188395124119374e-01 -7.822034354143496404e-02 -3.513612413406373980e-01
-3.187083820596977035e-01 -2.001025566629978658e-01 -3.831482267379761053e-01 -1.589117431048180928e-01 1.918936748709010043e-01 -3.882519483566284624e-01 9.660495890520867657e-02 -1.795086262880561945e-01 -3.815190076828003374e-01 2.271956896219667621e-01 -4.336134680344930215e-02 -3.474771165847778676e-01
-3.081667033511590881e-01 -2.058821159455836436e-01 -3.865459537506103493e-01 -1.526328159028091380e-01 1.870717160227528264e-01 -3.854771614074706809e-01 1.068560135051984106e-01 -1.796747236365137113e-01 -3.802632570266723522e-01 2.281142970939930570e-01 -6.961370630594584941e-03 -3.462308168411254994e-01
-2.966342399527893137e-01 -2.106154312603611689e-01 -3.860967397689818448e-01 -1.468113238979747992e-01 1.826079261359461747e-01 -3.828014183044433083e-01 1.170199455430143559e-01 -1.794875075137763176e-01 -3.791791486740110351e-01 2.261428703981497312e-01 3.040002754114869143e-02 -3.470693254470823552e-01
-2.844942435711310669e-01 -2.146433047797342009e-01 -3.845270872116088312e-01 -1.411712797707347367e-01 1.780668850665687863e-01 -3.799373865127563255e-01 1.272003553242628815e-01 -1.788428836806176259e-01 -3.781420469284058061e-01 2.229509189639039823e-01 6.728805093234455081e-02 -3.480272197723389138e-01
-2.722857277891127525e-01 -2.187107384124640230e-01 -3.827618885040283692e-01 -1.356933824558519686e-01 1.729490590016994622e-01 -3.769856882095337647e-01 1.370777795001926480e-01 -1.776395886492241338e-01 -3.771418523788452881e-01 2.178668342210819953e-01 9.962158657221527325e-02 -3.494100046157837536e-01
-2.602184230799728937e-01 -2.225996209776979762e-01 -3.815974807739256347e-01 -1.309084563544982427e-01 1.674588981814135180e-01 -3.738360071182249555e-01 1.468661628124030838e-01 -1.756597350374652922e-01 -3.761437845230101162e-01 2.144385775934017357e-01 1.267946610321797618e-01 -3.545787382125853426e-01
-2.487796832125931390e-01 -2.267099740156066356e-01 -3.805485248565673717e-01 -1.272372065536583052e-01 1.618361990757836988e-01 -3.704343843460082830e-01 1.568664757875373739e-01 -1.727119642668582533e-01 -3.752283573150634877e-01 2.134952818542427133e-01 1.487563287407436263e-01 -3.588025140762329257e-01
-2.380655067615221054e-01 -2.311393071763825913e-01 -3.794366073608398393e-01 -1.252983310709224474e-01 1.562445271702807836e-01 -3.667880010604858687e-01 1.667497886409140539e-01 -1.688472433939242345e-01 -3.744739866256713845e-01 2.142577049546994516e-01 1.597996187128609136e-01 -3.639017581939697488e-01
-2.274675588708940099e-01 -2.357229059426217410e-01 -3.782468080520629550e-01 -1.256524962031610737e-01 1.509232970255333928e-01 -3.629027557373046275e-01 1.764588871256978497e-01 -1.636760048307147053e-01 -3.737730979919434149e-01 2.148826974659875932e-01 1.612066985032757360e-01 -3.682266759872437345e-01
-2.168830570261907065e-01 -2.403870492581222651e-01 -3.768499708175659935e-01 -1.286526977333060651e-01 1.444522923426539429e-01 -3.587358093261719394e-01 1.857126241472121519e-01 -1.571863995258387658e-01 -3.727646064758301514e-01 2.159404970151670433e-01 1.582796674486333932e-01 -3.696939897537231956e-01
-2.064058180413286814e-01 -2.450799678271938231e-01 -3.752594137191773149e-01 -1.344181663665583171e-01 1.372945826694267624e-01 -3.544721794128418701e-01 1.940073843576697876e-01 -1.493575983645428207e-01 -3.713322162628174272e-01 2.169794244401014316e-01 1.555715128129822322e-01 -3.694363307952881481e-01
-1.957742283268058825e-01 -2.497623482924695160e-01 -3.736305952072144221e-01 -1.425847832566442541e-01 1.293053026446921716e-01 -3.502039766311645930e-01 1.984447515137686135e-01 -1.496649554395274306e-01 -3.695563364028930375e-01 2.177994421820078630e-01 1.521485394528981072e-01 -3.695791435241698730e-01
-1.849242116292606208e-01 -2.543434535162892862e-01 -3.721493768692016868e-01 -1.529226027859353909e-01 1.201294786473949411e-01 -3.459006357192992986e-01 2.007800041730314622e-01 -1.561349725575729153e-01 -3.674723196029663352e-01 2.176306614127534456e-01 1.473286816146373857e-01 -3.697117280960083296e-01
-1.737030140357758989e-01 -2.586519637078937839e-01 -3.710096168518066673e-01 -1.650248667147438675e-01 1.096534571895263210e-01 -3.416530084609986084e-01 2.032731825943550064e-01 -1.626140132233810098e-01 -3.652936506271362016e-01 2.170929374092472053e-01 1.425873802601606566e-01 -3.695780134201049338e-01
-1.621061599525415731e-01 -2.625924052409685516e-01 -3.703210544586180708e-01 -1.785275325238614985e-01 9.791794682432031216e-02 -3.369675731658934303e-01 2.059571701435137236e-01 -1.681834643715114097e-01 -3.631159448623657027e-01 2.174207464216764696e-01 1.377089766505781854e-01 -3.699517107009887562e-01
-1.501558667184652029e-01 -2.660356864055078430e-01 -3.701666021347046476e-01 -1.949055642703601265e-01 8.527005693825662203e-02 -3.332826137542724831e-01 2.089735421164014006e-01 -1.718461710893416372e-01 -3.610497522354127464e-01 2.191379628837527571e-01 1.330050405598492691e-01 -3.708892822265626443e-01
-1.381805518060722493e-01 -2.688516266128290200e-01 -3.704523324966431108e-01 -2.150094523639024258e-01 7.125267918402423961e-02 -3.319118165969849321e-01 2.123173093014901203e-01 -1.738989202176754456e-01 -3.591346359252930442e-01 2.217931263028626310e-01 1.289631423744400096e-01 -3.721113729476929199e-01
-1.263320769488764095e-01 -2.710428600879211114e-01 -3.711504507064818381e-01 -2.376810679332592990e-01 5.528051881429997538e-02 -3.322893667221068492e-01 2.155908589493371330e-01 -1.757939368338291286e-01 -3.572404623031616433e-01 2.249132124407939026e-01 1.255664237159391794e-01 -3.736276578903198198e-01
-1.147488987816892431e-01 -2.725340031029150900e-01 -3.722409629821776811e-01 -2.611226705188393060e-01 3.735484127708951774e-02 -3.332150650024413574e-01 2.185076089993214510e-01 -1.725894375903372358e-01 -3.551603984832763516e-01 2.283250584198338040e-01 1.226837676004131489e-01 -3.753192043304443004e-01
-1.034189014403078671e-01 -2.733564788873266149e-01 -3.737317180633545344e-01 -2.818689346222323366e-01 1.844066299574896595e-02 -3.327746963500977095e-01 2.211362712162308897e-01 -1.641653885798498025e-01 -3.529782676696777699e-01 2.318033867963257832e-01 1.201661882750199584e-01 -3.771509265899658514e-01
-9.354519778244699268e-02 -2.731997857377396755e-01 -3.752945709228515669e-01 -3.010554311678639294e-01 -1.592559200377097195e-04 -3.320368003845214910e-01 2.234783841739605981e-01 -1.500356080186183438e-01 -3.498837041854857555e-01 2.351638007679747733e-01 1.182380457387501721e-01 -3.790056562423704811e-01
-8.544765018479026641e-02 -2.722254426073756339e-01 -3.768263435363769509e-01 -3.176780976357186370e-01 -1.896043566528321511e-02 -3.318047428131103427e-01 2.247692262112937489e-01 -1.299689184373921114e-01 -3.453991985321043789e-01 2.382566712009598353e-01 1.170693094273214385e-01 -3.808733606338499666e-01
-7.842900918639637842e-02 -2.707586649898756637e-01 -3.780658626556396840e-01 -3.293164283756061517e-01 -3.696438138566326970e-02 -3.324280405044556241e-01 2.237293706996855702e-01 -1.103711402623778204e-01 -3.411052227020265337e-01 2.411555826032892313e-01 1.162751153719320113e-01 -3.824602603912355958e-01
-7.212057836090660090e-02 -2.690245670606268846e-01 -3.791044807434083563e-01 -3.364135792438227579e-01 -5.473879152012797733e-02 -3.340759515762330434e-01 2.187077012994436409e-01 -1.018124585128805659e-01 -3.383101415634155451e-01 2.436731860368219482e-01 1.157148602690932088e-01 -3.838157176971435658e-01
-6.588009597538660445e-02 -2.672633450989210790e-01 -3.801042699813843573e-01 -3.409741014609032894e-01 -7.286118046571629647e-02 -3.366898822784424317e-01 2.109406021995526570e-01 -9.873341618769623795e-02 -3.386450624465942028e-01 2.458035548203038601e-01 1.150416174550282361e-01 -3.850786018371581410e-01
-5.959336358788092092e-02 -2.655819845265433576e-01 -3.812010049819947732e-01 -3.435849401444763251e-01 -9.262224744201205673e-02 -3.402689266204835250e-01 2.027794027548965039e-01 -9.534670893788221857e-02 -3.446127796173097391e-01 2.476204504068055534e-01 1.141428163317168148e-01 -3.864180898666383368e-01
-5.375980918425114774e-02 -2.637713374644561903e-01 -3.820703983306885654e-01 -3.446453873995740658e-01 -1.123393357323748398e-01 -3.444749164581299983e-01 1.970961775455299103e-01 -9.244440359445177391e-02 -3.539635038375854581e-01 2.494792496382898794e-01 1.133066395465121418e-01 -3.875665140151977606e-01
-4.899387474452927826e-02 -2.617355157232787444e-01 -3.827919769287108642e-01 -3.445135381584942813e-01 -1.303746358024890362e-01 -3.494806289672850452e-01 1.965918613939947324e-01 -9.009184604012220043e-02 -3.628640842437744207e-01 2.514850657417838087e-01 1.126829181235828453e-01 -3.886219215393066362e-01
-4.473004839752124651e-02 -2.595331037131433094e-01 -3.835054302215575861e-01 -3.434417654070475168e-01 -1.476043604055454761e-01 -3.555419969558715754e-01 2.015764386840450118e-01 -8.780971699409721720e-02 -3.697378873825073464e-01 2.536157802144620166e-01 1.121162033611594749e-01 -3.897078943252563210e-01
-4.069448843877182531e-02 -2.571628833785243318e-01 -3.839482641220093306e-01 -3.399209896176612067e-01 -1.626663079453145033e-01 -3.631889820098877508e-01 2.075583105846154630e-01 -8.522529047755998677e-02 -3.744762802124024237e-01 2.559813575830581778e-01 1.114865955563275057e-01 -3.905398893356323842e-01
-3.642925017729885251e-02 -2.545159207441704541e-01 -3.841261625289917880e-01 -3.342646301326320790e-01 -1.728695611811282284e-01 -3.718121910095215643e-01 2.140046438829366349e-01 -8.223700232984851310e-02 -3.780519914627076261e-01 2.586026734197939825e-01 1.108542199324147048e-01 -3.910794401168823931e-01
-3.168596881562561751e-02 -2.515837563442139824e-01 -3.839763116836548140e-01 -3.297641799787016659e-01 -1.787959617039926730e-01 -3.804163503646850741e-01 2.206144781388504061e-01 -7.844114848991981526e-02 -3.807660818099974920e-01 2.613697110639541799e-01 1.100871703868644136e-01 -3.912861585617064542e-01
-2.664930012675069404e-02 -2.484205022010378960e-01 -3.835929203033447421e-01 -3.253687002387426475e-01 -1.824447390441290562e-01 -3.861040687561035356e-01 2.267813154109022677e-01 -7.383085680376279269e-02 -3.831719684600830567e-01 2.641464464931277956e-01 1.092632478888559550e-01 -3.911378288269043435e-01
-2.152339122918725534e-02 -2.450549748405350392e-01 -3.828352165222168035e-01 -3.212590631033225841e-01 -1.839318040922903741e-01 -3.892509698867797630e-01 2.320215411223339186e-01 -6.864318565173915809e-02 -3.836169767379762896e-01 2.668989783878930044e-01 1.085441593063040389e-01 -3.904070138931276523e-01
-1.617658682619683985e-02 -2.416157173372720512e-01 -3.820241641998289306e-01 -3.171692433698575786e-01 -1.839278972322986316e-01 -3.908021306991575350e-01 2.360993447350254737e-01 -6.307778447180421855e-02 -3.826893901824951483e-01 2.694500089690706202e-01 1.078931728722346550e-01 -3.894373989105224809e-01
-1.035841557204568442e-02 -2.379799039621868229e-01 -3.813054132461549117e-01 -3.127235820208147388e-01 -1.831434792118508681e-01 -3.912285423278809571e-01 2.400709212547956217e-01 -5.690921036192370802e-02 -3.810663175582886808e-01 2.719882509171198670e-01 1.070021154899696569e-01 -3.885089874267579346e-01
-4.204813315789007744e-03 -2.341227356130617943e-01 -3.806440258026123069e-01 -3.081142741079588854e-01 -1.824861894558823527e-01 -3.910488224029541326e-01 2.438389747226068494e-01 -5.119479351958379498e-02 -3.792714834213257169e-01 2.736678000928411403e-01 1.135572908784683033e-01 -3.875759506225586182e-01
1.798734627491582749e-03 -2.301229751576529536e-01 -3.800703763961792991e-01 -3.034762925432718528e-01 -1.825017386396040053e-01 -3.904532527923584850e-01 2.475069843999424257e-01 -4.574839879580482049e-02 -3.779221343994141336e-01 2.750640585424773410e-01 1.197503283382414241e-01 -3.866992139816284868e-01
7.583844644564338711e-03 -2.258248319891039135e-01 -3.795936965942382502e-01 -2.988159332176666960e-01 -1.826203726318857690e-01 -3.896966314315795654e-01 2.512243147965999013e-01 -4.066194234937121899e-02 -3.773094844818115079e-01 2.772275721616737632e-01 1.255680002726473621e-01 -3.859241247177124245e-01
1.306840616473067818e-02 -2.212175552472959994e-01 -3.791044235229492632e-01 -2.946098374063065295e-01 -1.818451676280985752e-01 -3.888700771331787820e-01 2.547423906447551789e-01 -3.578977213678379010e-02 -3.771270322799682995e-01 2.793983811944737439e-01 1.311410186022929636e-01 -3.846234035491943870e-01
1.829136185559687017e-02 -2.164470677720314040e-01 -3.781573152542114791e-01 -2.909005808733475806e-01 -1.803712678635487898e-01 -3.876922798156738348e-01 2.580813762912402831e-01 -3.126900338379498545e-02 -3.769037580490112727e-01 2.803928462880792560e-01 1.360761618583464505e-01 -3.820334768295288175e-01
2.295778278653519411e-02 -2.115632098068789824e-01 -3.770959281921387740e-01 -2.878217466496469923e-01 -1.780549686620297445e-01 -3.866361761093140559e-01 2.612243714033341546e-01 -2.678621911709019171e-02 -3.769680213928223167e-01 2.777328312616131889e-01 1.401910170936978561e-01 -3.782474946975708519e-01
2.729238156422870293e-02 -2.065120877683582212e-01 -3.759021759033201460e-01 -2.852535658684686171e-01 -1.752374354056243644e-01 -3.856632709503172163e-01 2.642034821418264290e-01 -2.112509909040622552e-02 -3.772446632385254572e-01 2.703049279861456378e-01 1.444892903113421390e-01 -3.729368400573730979e-01
3.111500312559773579e-02 -2.017478980271940059e-01 -3.746040534973144043e-01 -2.830810272335154143e-01 -1.722839248904189380e-01 -3.848692989349364879e-01 2.663888294820689895e-01 -1.407174415683661028e-02 -3.775614690780639271e-01 2.580707362582309039e-01 1.489983925114977126e-01 -3.664878988265991011e-01
3.465896359323665521e-02 -1.972112985556260523e-01 -3.732219457626343440e-01 -2.811028312434815657e-01 -1.692824047265303888e-01 -3.843191289901733976e-01 2.678716773365334425e-01 -6.096150196480618066e-03 -3.777780580520631037e-01 2.393779916899447802e-01 1.522015659151006173e-01 -3.602536106109620051e-01
3.818696484190092083e-02 -1.925791198468026488e-01 -3.718334436416625977e-01 -2.789883122690543504e-01 -1.663887873114713589e-01 -3.838901948928832852e-01 2.689749265737724770e-01 1.943617692659896368e-03 -3.778957366943358487e-01 2.142329495946210249e-01 1.524218159758201629e-01 -3.539422702789305486e-01
4.165497979381242721e-02 -1.880164050723099889e-01 -3.705246686935424472e-01 -2.768270835823917753e-01 -1.636517498079500255e-01 -3.835311555862426780e-01 2.698302874205685264e-01 9.830239137372007163e-03 -3.780382347106933660e-01 1.832394133385385759e-01 1.535234435449851498e-01 -3.481634187698364191e-01
4.507304813621542533e-02 -1.835724339288075102e-01 -3.691079664230346724e-01 -2.744398189203847704e-01 -1.609402192260440678e-01 -3.831452989578247315e-01 2.707595622521669076e-01 1.703975307917630910e-02 -3.780918550491332297e-01 1.462314408284079159e-01 1.621715651504510580e-01 -3.444716882705687877e-01
4.833225914991134964e-02 -1.794315140030842415e-01 -3.675850391387940341e-01 -2.717406336886969420e-01 -1.581432460607989643e-01 -3.827566623687744807e-01 2.717963251497520494e-01 2.354235595240922185e-02 -3.779984760284424428e-01 1.077148350481053202e-01 1.663977270004685372e-01 -3.437937068939209695e-01
5.151321195438501865e-02 -1.752242648345813392e-01 -3.661503982543946045e-01 -2.685909611051169321e-01 -1.552568016248650762e-01 -3.824757719039917903e-01 2.742350221365121854e-01 2.639681417778882988e-02 -3.778034114837646174e-01 7.005587930631762550e-02 1.686285394017381090e-01 -3.441925311088561701e-01
5.441960538133373826e-02 -1.724809228720821930e-01 -3.649498653411865634e-01 -2.649501998214049414e-01 -1.522804787971063778e-01 -3.823018264770507990e-01 2.773887809433261964e-01 2.856151353095803813e-02 -3.778077936172485884e-01 3.567557280592378172e-02 1.703459945978031964e-01 -3.478637313842773970e-01
5.703951714567045972e-02 -1.720368613965907734e-01 -3.637351322174072199e-01 -2.608842265455537657e-01 -1.493087870405138962e-01 -3.821561145782470525e-01 2.810187261395580838e-01 3.070818842935695014e-02 -3.781508398056030451e-01 4.148548374670518735e-03 1.713018229051495867e-01 -3.520830321311950728e-01
5.956998219215247498e-02 -1.731008216729523486e-01 -3.619525051116942449e-01 -2.564990808158518765e-01 -1.464040971948274428e-01 -3.820234203338622181e-01 2.851028951849606252e-01 3.276424689775400689e-02 -3.786465930938720525e-01 -2.294858524651983284e-02 1.707605036211320426e-01 -3.560385441780090643e-01
6.225888409283864000e-02 -1.758058427266201151e-01 -3.587739849090576527e-01 -2.514685102193378596e-01 -1.436887090182733806e-01 -3.818660068511963712e-01 2.897885821130775086e-01 3.473688210497537232e-02 -3.791071939468383389e-01 -4.218660071369467746e-02 1.668205588771347614e-01 -3.586468195915221702e-01
6.490298383022595485e-02 -1.819444838938985287e-01 -3.541172695159912065e-01 -2.460853918779381255e-01 -1.410093284233616406e-01 -3.816974973678588512e-01 2.948494075990835683e-01 3.656297116289174143e-02 -3.794717407226561035e-01 -4.967145064754374673e-02 1.643356562275372634e-01 -3.634082055091856778e-01
6.746444729315441424e-02 -1.930220116488636506e-01 -3.491082143783569292e-01 -2.404562148462550952e-01 -1.381718074277297204e-01 -3.815634202957153276e-01 3.002240040504125518e-01 3.815630146642812193e-02 -3.795886325836181907e-01 -5.157420228209187718e-02 1.646074474268126864e-01 -3.669906926155090399e-01
6.987836373196833206e-02 -2.110709650518826641e-01 -3.446144342422485796e-01 -2.348308975147350153e-01 -1.348716996775805588e-01 -3.814741086959839711e-01 3.059073621600393311e-01 3.971952877686978078e-02 -3.793633317947388006e-01 -5.155286723520102754e-02 1.661952792427170700e-01 -3.688440728187561413e-01
7.253296117051825920e-02 -2.347592425148836981e-01 -3.407114648818969638e-01 -2.291830967695980548e-01 -1.310050296284529237e-01 -3.814214658737182795e-01 3.122409917126046652e-01 4.125703211447091789e-02 -3.787133598327635520e-01 -5.058745198317080027e-02 1.684946669695739918e-01 -3.700744652748106933e-01
7.573964232968517785e-02 -2.625341078638933068e-01 -3.370126104354859153e-01 -2.235050243803554937e-01 -1.265810092237260598e-01 -3.812809133529663774e-01 3.190010436576319330e-01 4.301396342651209181e-02 -3.775162267684937234e-01 -4.858701883549493283e-02 1.713559612628338946e-01 -3.710052371025086559e-01
7.976879346683862781e-02 -2.932782889260908132e-01 -3.338044261932373025e-01 -2.178173922818789077e-01 -1.217719848467321148e-01 -3.811266517639160245e-01 3.262059501147331342e-01 4.471045032801740371e-02 -3.758278846740722989e-01 -4.612478837095503048e-02 1.744218365632143608e-01 -3.721698546409606956e-01
8.507532824095725976e-02 -3.220445986623870493e-01 -3.331541872024537665e-01 -2.120050477389590071e-01 -1.167767239701979903e-01 -3.809849929809571711e-01 3.325541080612993694e-01 4.709407178669425265e-02 -3.736066436767579435e-01 -4.401253233813905152e-02 1.772894903459472371e-01 -3.735871672630311502e-01
9.147686417717329488e-02 -3.422245634750962773e-01 -3.369531345367431929e-01 -2.059693808834836271e-01 -1.114293709230007867e-01 -3.808052349090576549e-01 3.365894294020265742e-01 5.069448215188954165e-02 -3.707444143295288708e-01 -4.097843934932429710e-02 1.802221168750233748e-01 -3.754533696174622293e-01
9.807331265690202859e-02 -3.496951242700492846e-01 -3.462497568130493697e-01 -2.000745060699653521e-01 -1.056478360498500080e-01 -3.804486560821533359e-01 3.378100306961240307e-01 5.674227146193158711e-02 -3.668524932861328414e-01 -3.736755472514242948e-02 1.834557471331222933e-01 -3.769956302642822887e-01
1.042518728529577970e-01 -3.499962930329794664e-01 -3.564008522033691451e-01 -1.948769581364203640e-01 -9.931599701753703047e-02 -3.797495555877685725e-01 3.354544332013042474e-01 6.660296979858798538e-02 -3.619833850860594837e-01 -3.381494559170786229e-02 1.872888534826257223e-01 -3.781130552291869229e-01
1.094120218485743062e-01 -3.457322323188262159e-01 -3.661998414993286599e-01 -1.905450409438758652e-01 -9.250866239727323359e-02 -3.786945533752442139e-01 3.279820484549800241e-01 8.114375179473340416e-02 -3.564084005355835361e-01 -3.070188990948989616e-02 1.920645471873884125e-01 -3.788685297966004062e-01
1.129860282002577432e-01 -3.380752377008557907e-01 -3.721153259277344416e-01 -1.870858136478140699e-01 -8.542640238436760569e-02 -3.773829603195191229e-01 3.138910739423751983e-01 1.011831220356863431e-01 -3.501785182952881215e-01 -2.816523080560438819e-02 1.975972167980203364e-01 -3.792348980903625932e-01
1.152043163541484200e-01 -3.267387272828072842e-01 -3.733905124664307351e-01 -1.843139214559009753e-01 -7.832532237244282936e-02 -3.757650661468506792e-01 2.946419835969110723e-01 1.223774927973483445e-01 -3.420631504058837535e-01 -2.617001272381709598e-02 2.035073845603536102e-01 -3.792197346687316561e-01
1.165537099349207573e-01 -3.152255920013933843e-01 -3.727624225616455456e-01 -1.819938622598070710e-01 -7.120231727475714867e-02 -3.738344049453735662e-01 2.726688779060935652e-01 1.428186546246584254e-01 -3.311184835433960694e-01 -2.463939428440153900e-02 2.097188676477639291e-01 -3.788616728782654430e-01
1.175556647764890439e-01 -3.038677276377050873e-01 -3.725534152984620317e-01 -1.801095487602426271e-01 -6.383911304146630550e-02 -3.716705417633057729e-01 2.485344142612957996e-01 1.637114885498034134e-01 -3.182267856597901234e-01 -2.340668923090610809e-02 2.160656510770679606e-01 -3.782219934463502131e-01
1.182326028021981335e-01 -2.932466291369183464e-01 -3.722967052459714710e-01 -1.797135136588100812e-01 -5.568778566222690185e-02 -3.691878509521482332e-01 2.219592591532377757e-01 1.844949998080986919e-01 -3.042695617675780229e-01 -2.233002520574123295e-02 2.224755478978311662e-01 -3.774150848388670987e-01
1.186481162424363189e-01 -2.834569326038625103e-01 -3.718760824203490856e-01 -1.811329857676233224e-01 -4.987173094999421130e-02 -3.667175626754760054e-01 1.927457413581580847e-01 2.031070210700968715e-01 -2.885945701599121893e-01 -2.154783807259878781e-02 2.289437423315191233e-01 -3.764072418212892623e-01
1.188260638738563024e-01 -2.738759913332594054e-01 -3.713512516021729715e-01 -1.828964861174622036e-01 -4.724501711936066051e-02 -3.643402099609375777e-01 1.832391049345091782e-01 2.094151406660141879e-01 -2.709882736206055687e-01 -2.099901712993834657e-02 2.354678778309481357e-01 -3.751770353317261941e-01
1.189629259724912513e-01 -2.643433530540250098e-01 -3.706472682952881015e-01 -1.824947981196259894e-01 -4.722641063361871644e-02 -3.618254232406616366e-01 1.763688146589629802e-01 2.112613250701517453e-01 -2.524245834350585804e-01 -2.032157652226194988e-02 2.420120801707963953e-01 -3.738219738006591797e-01
1.190015283602905982e-01 -2.547728168023296047e-01 -3.697036552429199818e-01 -1.790600320416207980e-01 -5.094974354186734833e-02 -3.587224674224854248e-01 1.685596995573503676e-01 2.097005545257210057e-01 -2.337035560607911289e-01 -1.962743755579783589e-02 2.485846810021976605e-01 -3.723175668716431352e-01
1.189215727391794569e-01 -2.451894255906882092e-01 -3.685132551193237571e-01 -1.687846884304476380e-01 -5.899241085881121172e-02 -3.474188327789306530e-01 1.604514493850890122e-01 2.048942056579332038e-01 -2.165561103820800581e-01 -1.882674728317509927e-02 2.552092863437079306e-01 -3.706999301910400280e-01
1.183086644557871658e-01 -2.360023841857171456e-01 -3.671621751785280052e-01 -1.585038985657352129e-01 -8.010972044987804686e-02 -3.318333816528321600e-01 1.523934073219798957e-01 1.971234505734218712e-01 -2.021754646301270886e-01 -1.785995740630301476e-02 2.617575461037293105e-01 -3.690182495117189099e-01
1.176595519267090995e-01 -2.269413494752330063e-01 -3.657145452499390714e-01 -1.484716801470346570e-01 -1.074734898161564672e-01 -3.185331153869629395e-01 1.448204070019914746e-01 1.870349223750061851e-01 -1.929585647583008379e-01 -1.662982221929366899e-02 2.683662867353381332e-01 -3.673421525955201106e-01
1.168865061527399329e-01 -2.179821870380314053e-01 -3.642403888702391845e-01 -1.367482930537492203e-01 -1.394692304361275781e-01 -3.064507102966307350e-01 1.369664600085665207e-01 1.738765253746414607e-01 -1.875290107727050903e-01 -1.502152837308737277e-02 2.749843066929467117e-01 -3.657487058639526389e-01
1.159109839889441440e-01 -2.091663831773891424e-01 -3.626743268966675648e-01 -1.252123197010661937e-01 -1.722562455779985957e-01 -2.970133876800537531e-01 1.289369084234207874e-01 1.576215883642157201e-01 -1.850504684448242843e-01 -1.305211582004657533e-02 2.816616214860672152e-01 -3.641896581649781139e-01
1.145080000404114506e-01 -2.006470010137533788e-01 -3.615452671051024858e-01 -1.143335449479455229e-01 -2.049321868133481273e-01 -2.912599182128906006e-01 1.213473156563263655e-01 1.400025586691437396e-01 -1.856256675720215354e-01 -1.085220648526517839e-02 2.885081485473819929e-01 -3.632312107086182462e-01
1.128230918250356374e-01 -1.923026670255189030e-01 -3.606486892700195290e-01 -1.059765593629946323e-01 -2.370550732165366825e-01 -2.896717643737792836e-01 1.146638709776080789e-01 1.227440554449984178e-01 -1.916777610778808705e-01 -8.355714462588592628e-03 2.955024202588443782e-01 -3.626375293731689542e-01
1.109818893442029442e-01 -1.840702178422821134e-01 -3.599089622497559371e-01 -1.015195727793719999e-01 -2.682647938052205028e-01 -2.937982082366943914e-01 1.086926271980468844e-01 1.055836332271932604e-01 -2.050705337524413863e-01 -7.110053343493849543e-03 3.029097232661232542e-01 -3.623447895050048717e-01
1.089281142860291790e-01 -1.758621408698800292e-01 -3.592756223678589822e-01 -1.017724871328106878e-01 -2.984033033995599493e-01 -3.017670249938965710e-01 1.034220727195863943e-01 8.849300696027048718e-02 -2.224089431762695801e-01 -7.893112399857196704e-03 3.109112118159571003e-01 -3.623880577087402188e-01
1.066899534576230130e-01 -1.676730366302601749e-01 -3.588073825836181618e-01 -1.065455363961805846e-01 -3.268583245425616957e-01 -3.115834426879883212e-01 9.901663815487045384e-02 7.264180191998567682e-02 -2.420974349975586193e-01 -7.966677136712937979e-03 3.190892670310189194e-01 -3.628290081024170277e-01
1.044067905585971262e-01 -1.594340250089652800e-01 -3.586917352676393111e-01 -1.235438077348582075e-01 -3.586025763970295266e-01 -3.252657461166383324e-01 9.535785555889371434e-02 5.833352692383907134e-02 -2.590358734130860929e-01 -7.361971995402435964e-03 3.275067418330785962e-01 -3.636246061325074663e-01
1.020573443622646015e-01 -1.512806886116795924e-01 -3.587388038635254683e-01 -1.423767896007976097e-01 -3.755762812667250983e-01 -3.297535514831543835e-01 9.265595375191459926e-02 4.690907178495062890e-02 -2.749668693542481335e-01 -6.119854244271902277e-03 3.350280329360901255e-01 -3.642101383209229160e-01
9.978713542530345815e-02 -1.429992804510063775e-01 -3.586637306213379395e-01 -1.600640919468743206e-01 -3.784272552816157487e-01 -3.377696704864502908e-01 9.088671890036756351e-02 3.887881526661045306e-02 -2.905316972732544523e-01 -3.984259734927775298e-03 3.431795961684480645e-01 -3.645129156112671964e-01
9.760107803405901339e-02 -1.345235773936347135e-01 -3.584427976608277056e-01 -1.746440857091479115e-01 -3.740541024573649231e-01 -3.517741870880127797e-01 9.027124600244372521e-02 3.519196786000322597e-02 -3.052750682830811524e-01 -5.701247739172965456e-04 3.520159536724932758e-01 -3.645001316070557440e-01
9.530989493704297710e-02 -1.254527468323423101e-01 -3.579577541351318670e-01 -1.869991971751226167e-01 -3.656892016372873533e-01 -3.609174680709839600e-01 9.098584717663467381e-02 3.687774256153268648e-02 -3.185969638824463490e-01 3.565163286596215175e-03 3.611687171367093940e-01 -3.640683364868164684e-01
9.283716706183117728e-02 -1.158176256538559212e-01 -3.570954990386963623e-01 -1.928544058896317637e-01 -3.550848592406577464e-01 -3.671045875549316939e-01 9.335199763685636531e-02 4.521909931507515218e-02 -3.296931314468384278e-01 7.897337824090994163e-03 3.704932493766187607e-01 -3.629137992858887385e-01
9.034492729332981031e-02 -1.052957980729169879e-01 -3.557746267318725453e-01 -1.918475359186227469e-01 -3.425519280492735907e-01 -3.714270210266112926e-01 9.716521112322380749e-02 5.900463975563555175e-02 -3.385713219642638716e-01 1.229142197922886148e-02 3.798983350812301096e-01 -3.610361957550048406e-01
8.807545986992032505e-02 -9.507910711153665095e-02 -3.540000963211059615e-01 -1.859474916707864467e-01 -3.275699396770406779e-01 -3.743710327148437322e-01 1.015259346546665831e-01 7.450376320015368592e-02 -3.451828432083128839e-01 1.630826129140708347e-02 3.891122118288359299e-01 -3.583525419235228382e-01
8.616569462059985030e-02 -8.697854625871474787e-02 -3.516421031951904030e-01 -1.790730656132972221e-01 -3.107711551721084597e-01 -3.759605884552001398e-01 1.055276719116766682e-01 8.805744354289851694e-02 -3.483833074569701593e-01 1.807276416640110628e-02 3.978053796254657493e-01 -3.546478462219238015e-01
8.464406713958606832e-02 -8.260504157999666586e-02 -3.487229633331299095e-01 -1.735480512350456861e-01 -2.937701644840480797e-01 -3.751482391357422452e-01 1.088248534589222050e-01 9.896347495105556336e-02 -3.484983396530151878e-01 1.907207984889214281e-02 4.031756126396803808e-01 -3.504842805862427024e-01
8.337964730972088900e-02 -8.249274944672110865e-02 -3.445967817306519465e-01 -1.682635672114472791e-01 -2.778460978752484989e-01 -3.733903908729553911e-01 1.116932510934033895e-01 1.086155689756378162e-01 -3.473219799995422852e-01 2.024578411685544477e-02 4.053570590891643621e-01 -3.453366613388062500e-01
8.216159090946853483e-02 -8.784839891696138992e-02 -3.378697538375854958e-01 -1.632971843578585325e-01 -2.634954818339821925e-01 -3.714202213287353671e-01 1.142939594452971885e-01 1.181089309604015369e-01 -3.465229201316833985e-01 2.475663167392241903e-02 4.041987711912737313e-01 -3.388915777206421009e-01
8.076456273291666987e-02 -9.858718080987863286e-02 -3.303483390808104603e-01 -1.588248388844090420e-01 -2.497670183001833022e-01 -3.691498589515684881e-01 1.166674388676870733e-01 1.277805334480962562e-01 -3.455388307571410356e-01 2.353520016607398013e-02 4.006908704120458187e-01 -3.307056903839110662e-01
7.885494279189744771e-02 -1.145324858178217303e-01 -3.235934543609619296e-01 -1.549660839158266135e-01 -2.367932077607942110e-01 -3.667410993576050160e-01 1.187751560852557675e-01 1.376272760408123741e-01 -3.444159221649170100e-01 2.012434353487559113e-02 3.923106129782394369e-01 -3.215868330001830921e-01
7.610464105323302975e-02 -1.392258455106011594e-01 -3.172511625289917703e-01 -1.513235228263154208e-01 -2.244299512248208173e-01 -3.642371749877930109e-01 1.203322873835105528e-01 1.480485048633260470e-01 -3.433817100524902965e-01 1.351459040117146404e-02 3.765974894191852496e-01 -3.131122159957886453e-01
7.214882576231858302e-02 -1.710349116706452455e-01 -3.107995080947876243e-01 -1.477796746864789290e-01 -2.124009086149595549e-01 -3.618069076538086293e-01 1.213073154233766660e-01 1.587876679164820504e-01 -3.425009870529174827e-01 5.222447318949857697e-03 3.572064617322833757e-01 -3.047507047653198464e-01
6.680475833744077552e-02 -2.058268261040355762e-01 -3.055211448669434282e-01 -1.443896415156434576e-01 -2.004999154031640862e-01 -3.595916271209717574e-01 1.216903894307019424e-01 1.695216144540947767e-01 -3.416425466537474920e-01 -4.091561250404301964e-03 3.346295748190964980e-01 -2.951645135879515935e-01
6.017484013995484660e-02 -2.416891955644017986e-01 -3.022288084030150257e-01 -1.409716065413511021e-01 -1.888883043507112447e-01 -3.577112698554991699e-01 1.220158323551257668e-01 1.796750885080749538e-01 -3.407149028778075905e-01 -1.328089224306047700e-02 3.081113220759566507e-01 -2.831244039535522061e-01
5.224744857182213320e-02 -2.774565203322538753e-01 -3.011113691329956876e-01 -1.373533590974745089e-01 -1.775892873468270516e-01 -3.563084506988526412e-01 1.227213133267683609e-01 1.891795052043981351e-01 -3.400166988372803623e-01 -2.139977140722431476e-02 2.797586968872443625e-01 -2.708109235763550560e-01
3.996437665537185685e-02 -3.151026094778893172e-01 -3.046974134445190052e-01 -1.332025440054796228e-01 -1.662711576046558282e-01 -3.555976486206053888e-01 1.237528547235167559e-01 1.982269665910346979e-01 -3.398589372634888139e-01 -2.883510691022549144e-02 2.499831261258880777e-01 -2.628446769714355979e-01
2.710631218707303808e-02 -3.525808441330426368e-01 -3.083103084564208785e-01 -1.293327313047100968e-01 -1.547026472972783673e-01 -3.560152482986449485e-01 1.252538808926282332e-01 2.069779447145987938e-01 -3.408646106719970259e-01 -3.582651635243685323e-02 2.184718141216120124e-01 -2.597962760925292547e-01
1.296199541866804861e-02 -3.881124077332959721e-01 -3.119443464279175737e-01 -1.256472006984462042e-01 -1.424727769317274961e-01 -3.568372011184692827e-01 1.273728353423770332e-01 2.157670947849324450e-01 -3.423957252502441984e-01 -4.204643945501935348e-02 1.879272000340724558e-01 -2.602857780456543924e-01
-2.435588304307984009e-03 -4.187825385451135474e-01 -3.153920221328735396e-01 -1.222269841740769719e-01 -1.295198512030706350e-01 -3.579699659347534424e-01 1.299633026542981462e-01 2.248118912295167526e-01 -3.442499351501464022e-01 -4.770815618537353753e-02 1.592442525582614676e-01 -2.646305894851683771e-01
-1.868473839584858243e-02 -4.427679998251232152e-01 -3.193972539901732688e-01 -1.193196537388974549e-01 -1.160472137790550667e-01 -3.592772436141967174e-01 1.327837826273088884e-01 2.341392681406123943e-01 -3.460445022583007457e-01 -5.280258621727548091e-02 1.336704571394248808e-01 -2.740642499923705566e-01
-3.477407867649499884e-02 -4.576922424139896473e-01 -3.245485353469848566e-01 -1.163901978807297399e-01 -1.019224043062904594e-01 -3.604333925247192316e-01 1.353632248311120723e-01 2.440047819843741139e-01 -3.472645425796508922e-01 -5.740409595636578738e-02 1.117850542795181118e-01 -2.871255779266357333e-01
-4.969225604886154390e-02 -4.623419322187439784e-01 -3.316240930557252109e-01 -1.131334279363671869e-01 -8.674814566485294920e-02 -3.613315582275391513e-01 1.372200287420358433e-01 2.547492683215742959e-01 -3.478763914108276012e-01 -6.161953683093537859e-02 9.318252989256914365e-02 -3.001061534881591664e-01
-6.279624895511891347e-02 -4.577883016387810922e-01 -3.401180887222290394e-01 -1.096880320777613577e-01 -7.062510958405382455e-02 -3.617704916000366588e-01 1.380593323325862432e-01 2.664963508949420024e-01 -3.478097152709961337e-01 -6.529928022434410007e-02 7.795067835656876998e-02 -3.098441576957702837e-01
-7.392907391716625753e-02 -4.467311992254228148e-01 -3.472546386718750044e-01 -1.064056599798065272e-01 -5.423671492023299234e-02 -3.617311954498290683e-01 1.377566290748967748e-01 2.789431730739828641e-01 -3.469582414627074840e-01 -6.791403187331261637e-02 6.801110025658763103e-02 -3.164174890518188232e-01
-8.315344468393767730e-02 -4.316845817887955405e-01 -3.523329019546507790e-01 -1.030256352841995571e-01 -3.843441559173896294e-02 -3.614302587509154452e-01 1.364518420850913683e-01 2.910224529393440340e-01 -3.453454971313476562e-01 -6.893130668283757589e-02 6.602959748736945966e-02 -3.234395265579223522e-01
-9.147507420682381152e-02 -4.158019009768725294e-01 -3.553965759277343817e-01 -1.002379506189925717e-01 -2.361139727997593751e-02 -3.606259489059447931e-01 1.335827114859692299e-01 3.020763372640111744e-01 -3.432362318038940652e-01 -6.929352030941600404e-02 6.862012452555149578e-02 -3.289609670639038197e-01
-9.878734904626874924e-02 -3.993053646862695372e-01 -3.570122146606445890e-01 -9.930928876446241949e-02 -1.009640339489604327e-02 -3.589390802383423118e-01 1.306184274188965100e-01 3.119184904084169596e-01 -3.410535192489624334e-01 -6.886374989137988845e-02 7.633679538307890089e-02 -3.339986968040466464e-01
-1.034165702666532544e-01 -3.827751276929872715e-01 -3.575988101959228782e-01 -1.002792730782257336e-01 2.357074351330812334e-03 -3.564452457427979004e-01 1.285768059443835876e-01 3.207748437726284374e-01 -3.391119003295898771e-01 -6.798108003353220408e-02 8.674520983696223930e-02 -3.375383353233337713e-01
-1.052773263490151823e-01 -3.663299807549331155e-01 -3.577172613143921320e-01 -1.016242990769530841e-01 9.628626651804361725e-03 -3.537839365005493453e-01 1.334266407593350801e-01 3.277085822453774111e-01 -3.370623826980591042e-01 -6.669528163715696123e-02 9.756765350299800854e-02 -3.389909148216248003e-01
-1.057438831880181951e-01 -3.506764300717082894e-01 -3.574455356597900924e-01 -9.812602969327360869e-02 1.237279241199653462e-02 -3.400682544708252264e-01 1.434873127405616733e-01 3.315556042719848273e-01 -3.336479377746581210e-01 -6.429803582040097276e-02 1.088524954449570509e-01 -3.394590497016906072e-01
-1.056516613382899594e-01 -3.362805411356416530e-01 -3.570501184463500954e-01 -1.161311888950986443e-01 3.690770889343650274e-03 -3.215315246582031161e-01 1.522397155135420399e-01 3.325256315902461179e-01 -3.284746551513672008e-01 -6.006457875355619008e-02 1.206372875218454932e-01 -3.396684408187866100e-01
-1.059202253319916354e-01 -3.228449734331454990e-01 -3.564606332778930131e-01 -1.483170842811653845e-01 -8.655851092097863186e-03 -3.100093793869017622e-01 1.593754629378504595e-01 3.301925124743476103e-01 -3.220626401901245384e-01 -5.357167076516420462e-02 1.338938926318322398e-01 -3.404659485816955988e-01
-1.065571089920670511e-01 -3.101569791705361401e-01 -3.556529092788697222e-01 -1.855899812632086920e-01 -2.692825346074624593e-02 -3.037718677520752641e-01 1.663238398417754005e-01 3.236731803504550031e-01 -3.138866567611695024e-01 -4.442319278126923010e-02 1.477652415224033899e-01 -3.410369944572449463e-01
-1.071736139723589165e-01 -2.982968351782159799e-01 -3.547584009170532959e-01 -2.242538156260134308e-01 -4.387212831817423331e-02 -3.019408798217774192e-01 1.815333555564078716e-01 3.100420276601282277e-01 -3.053490018844605136e-01 -3.310012868466019609e-02 1.611970830260002208e-01 -3.413048267364502397e-01
-1.075330880844130865e-01 -2.868963547972699923e-01 -3.540080118179321222e-01 -2.661321314790693893e-01 -5.748614019019276933e-02 -3.050839900970458984e-01 1.947043675822467401e-01 2.923343016182723964e-01 -2.970085430145263938e-01 -2.048449310166008258e-02 1.736523072700089099e-01 -3.418069982528686435e-01
-1.074205937691206092e-01 -2.757156232495107107e-01 -3.536757469177246316e-01 -2.994105975782558327e-01 -6.968160487851603191e-02 -3.093236207962036799e-01 2.038027755031985577e-01 2.722004519154249125e-01 -2.887581586837769110e-01 -7.810551462909751108e-03 1.847355062664430836e-01 -3.428174495697022262e-01
-1.066325144919032242e-01 -2.649868893368680922e-01 -3.539306259155273748e-01 -3.235631841662169883e-01 -8.089927168379515421e-02 -3.132162380218506126e-01 2.081311241746462981e-01 2.514576101014088239e-01 -2.812097692489623491e-01 3.759367235548857766e-03 1.942257884269265600e-01 -3.443878841400145330e-01
-1.051792861962420889e-01 -2.545036628325838546e-01 -3.544090127944945490e-01 -3.463812224109579230e-01 -9.239677354533731846e-02 -3.165534925460814497e-01 2.083729438096628139e-01 2.308095535345177363e-01 -2.751111650466919190e-01 1.405820120421688579e-02 2.026055721976476598e-01 -3.462001609802246027e-01
-9.679200117890056354e-02 -2.494395308147646095e-01 -3.548893451690672829e-01 -3.671231294871208917e-01 -9.918233982163229823e-02 -3.191278839111327259e-01 2.180042863231522743e-01 2.034466837575659715e-01 -2.719934129714965954e-01 2.318249082139918482e-02 2.102354849173756479e-01 -3.480639219284057950e-01
-8.826548234751720179e-02 -2.450761198621070613e-01 -3.550157880783081921e-01 -3.847785603269916477e-01 -9.769532617100498695e-02 -3.253277540206910290e-01 2.271389264864011048e-01 1.736652121291675510e-01 -2.710446739196777921e-01 3.190088791689510428e-02 2.172869041339099694e-01 -3.494202375411988304e-01
-7.975664102031353175e-02 -2.412781423408422166e-01 -3.545967197418212757e-01 -3.972157018561958131e-01 -8.282667128148030189e-02 -3.394753360748291038e-01 2.344986677919565499e-01 1.438836182213201476e-01 -2.727112007141114236e-01 4.091148245808809425e-02 2.239018297282924785e-01 -3.500424289703370495e-01
-7.149839662776653892e-02 -2.379797359774679100e-01 -3.535340690612793768e-01 -4.243532867044031986e-01 -3.281769455758806742e-02 -3.613094425201416326e-01 2.399813530112838156e-01 1.145326707660428295e-01 -2.769914150238037553e-01 5.051585804767318166e-02 2.300017263488765562e-01 -3.499864387512207631e-01
-6.289384994605486112e-02 -2.354454816889144930e-01 -3.520500469207763494e-01 -4.292369913171975027e-01 -1.498555221567118845e-02 -3.654837822914123180e-01 2.437274887578713689e-01 8.702411660450055930e-02 -2.847311067581176913e-01 6.091794985996741574e-02 2.356750946384578438e-01 -3.495378017425537220e-01
-5.413750333738795439e-02 -2.341179129318108343e-01 -3.502908945083618719e-01 -4.239272615398941846e-01 -6.786620479368871139e-03 -3.673296952247619984e-01 2.476621526792773254e-01 5.825101346127643798e-02 -2.960191345214844283e-01 7.197458626470355780e-02 2.407291822609048115e-01 -3.489889812469482711e-01
-4.552253057384633705e-02 -2.333184983841377069e-01 -3.482743358612060414e-01 -4.139094795950851169e-01 -3.899302713306740387e-03 -3.657115888595581232e-01 2.511359764780323189e-01 2.933280500855034445e-02 -3.078240346908569514e-01 8.366229093755758739e-02 2.453400476231004657e-01 -3.485441875457763738e-01
-3.823471501777407633e-02 -2.323763215606697297e-01 -3.460592699050903942e-01 -4.015803007672182900e-01 -1.215935918633642698e-03 -3.646476650238037465e-01 2.530629141100967927e-01 1.884489194867083883e-03 -3.175005292892455477e-01 9.573836170399128986e-02 2.493892837614561098e-01 -3.481898546218871737e-01
-3.254519169813291368e-02 -2.312368627241624397e-01 -3.437904357910154807e-01 -3.891833940674175318e-01 1.595120556969031878e-03 -3.640825271606443758e-01 2.490664939610824358e-01 -2.141619119834783924e-02 -3.249271202087402055e-01 1.081292627850290455e-01 2.527143405345003147e-01 -3.480550718307495184e-01
-2.838213524930159604e-02 -2.301184155258229058e-01 -3.412825870513915838e-01 -3.779254784027055170e-01 4.408139280585726683e-03 -3.635834217071532981e-01 2.454005875340584397e-01 -3.997162689723601781e-02 -3.309406375885010076e-01 1.209752937101925829e-01 2.551797717968886103e-01 -3.480005359649658292e-01
-2.551102847839058219e-02 -2.294249303767469661e-01 -3.387455463409425049e-01 -3.680736578928112124e-01 6.955893736656476589e-03 -3.631455564498902722e-01 2.481068593356148544e-01 -5.238519550759908328e-02 -3.357582950592042370e-01 1.344638408003927810e-01 2.567543759709317031e-01 -3.480668163299561746e-01
-2.439156479410201084e-02 -2.290701942580766204e-01 -3.361509799957275724e-01 -3.589374592412950538e-01 9.355242723570050822e-03 -3.628821372985840399e-01 2.520615738440314946e-01 -5.444353227747299184e-02 -3.400419616699218439e-01 1.480994597831807036e-01 2.576163540643295335e-01 -3.482217502593993874e-01
-2.599664808450764808e-02 -2.284866780069137460e-01 -3.334629058837892401e-01 -3.505890648883096539e-01 1.197972672625252644e-02 -3.628114867210390226e-01 2.559014823378372716e-01 -5.202743667161732755e-02 -3.425386047363281894e-01 1.612650497175901476e-01 2.578734671437737380e-01 -3.484066390991211737e-01
-3.146835651081433816e-02 -2.264014716536085214e-01 -3.307193517684935968e-01 -3.429976492385220510e-01 1.529454507689290144e-02 -3.629082584381103094e-01 2.607425307422202576e-01 -4.900377173355464910e-02 -3.442575311660767134e-01 1.735388104077872085e-01 2.582207189451922180e-01 -3.488604211807251332e-01
-4.126086767241091136e-02 -2.225848925431172798e-01 -3.278515052795411555e-01 -3.359939138909423528e-01 1.934271890730676624e-02 -3.631685352325440541e-01 2.662268127356905989e-01 -4.667276940609622893e-02 -3.456979608535766801e-01 1.842994076108988022e-01 2.588354083627584790e-01 -3.493654060363769465e-01
-5.543722392012269407e-02 -2.173042558106229316e-01 -3.246746683120728116e-01 -3.292047072255513962e-01 2.388529915030646045e-02 -3.635755848884583141e-01 2.706221704662760130e-01 -4.389016918670413103e-02 -3.468972015380858975e-01 1.937829660224239803e-01 2.595653571259066150e-01 -3.496641016006469260e-01
-7.233399710752641543e-02 -2.108691872120728728e-01 -3.222742462158202370e-01 -3.224197934724065129e-01 2.888661402593642458e-02 -3.645151758193969083e-01 2.743096538944277962e-01 -4.106106865035427655e-02 -3.483309316635132546e-01 2.016667184328586326e-01 2.605196375736204550e-01 -3.502048206329346214e-01
-9.059165450939811459e-02 -2.036515493900704077e-01 -3.206891536712646595e-01 -3.155603491047370701e-01 3.421542486833940855e-02 -3.658326148986816295e-01 2.782026925510790449e-01 -3.823618257325558933e-02 -3.499662446975708163e-01 2.081698217316194088e-01 2.616844160432079125e-01 -3.508083963394165172e-01
-1.098423990683474460e-01 -1.960380389772158893e-01 -3.198448467254639271e-01 -3.085892590854237838e-01 3.976484677715415306e-02 -3.674076867103577282e-01 2.823020775128098903e-01 -3.513185130838888948e-02 -3.516375780105591708e-01 2.138377827525936581e-01 2.634659634453336841e-01 -3.512862062454224499e-01
-1.306830741558718534e-01 -1.886825290241617159e-01 -3.197916698455811058e-01 -3.017072186252650057e-01 4.567767122871935204e-02 -3.691568017005920632e-01 2.867057486071963313e-01 -3.178312185492196407e-02 -3.533343315124512496e-01 2.185178721527749612e-01 2.667510220737018822e-01 -3.519028139114380727e-01
-1.528643162454380033e-01 -1.817030846991924131e-01 -3.205041503906250200e-01 -2.949085970910978460e-01 5.205251299657584485e-02 -3.709901237487793213e-01 2.915826102596578151e-01 -2.815028255751508834e-02 -3.551653909683227806e-01 2.222037432173883387e-01 2.710681350684723823e-01 -3.528683567047119496e-01
-1.757052550928128731e-01 -1.734399694300226002e-01 -3.215285825729370384e-01 -2.880841258183896025e-01 5.867858580633507348e-02 -3.727996087074280096e-01 2.964920188372139886e-01 -2.427214230374119541e-02 -3.570414400100708208e-01 2.253955753021913977e-01 2.750701090489894307e-01 -3.539466571807861617e-01
-1.985640943688940785e-01 -1.623837235233211995e-01 -3.227117443084717152e-01 -2.812225932848389509e-01 6.528116161292817077e-02 -3.744793653488159846e-01 3.013889919908920301e-01 -2.031844539796348603e-02 -3.588907527923584362e-01 2.277658728152373580e-01 2.779232942094989611e-01 -3.546115016937256281e-01
-2.214497650530310446e-01 -1.512999397604360419e-01 -3.250630235671997381e-01 -2.743322857342728738e-01 7.149486282832341610e-02 -3.758862948417663885e-01 3.062906957489290316e-01 -1.657556995321524118e-02 -3.605995512008667303e-01 2.285953696546720038e-01 2.789857890652222561e-01 -3.542728853225707852e-01
-2.434936290777138801e-01 -1.463476770783587178e-01 -3.285520839691161710e-01 -2.675902191202895741e-01 7.674204616155595737e-02 -3.768103885650634366e-01 3.109897727415165125e-01 -1.358722481262464310e-02 -3.619906806945801248e-01 2.265233505815852921e-01 2.769314412850467644e-01 -3.526411962509156117e-01
-2.622101307931717917e-01 -1.424662546364101612e-01 -3.291915178298950861e-01 -2.612341446138111145e-01 8.137008204996643013e-02 -3.775478243827820601e-01 3.157233584405925719e-01 -1.094943338462445181e-02 -3.632232284545898193e-01 2.201695375659284415e-01 2.713326900069740200e-01 -3.497954034805297319e-01
-2.810928720298190298e-01 -1.383035798423652707e-01 -3.298475170135498624e-01 -2.552320801575958531e-01 8.520732911088549355e-02 -3.779388809204102251e-01 3.198896086919897352e-01 -8.863151913201944287e-03 -3.639914369583129305e-01 2.083094597698401940e-01 2.606636336309451907e-01 -3.452850484848021817e-01
-3.003493306354589332e-01 -1.338464866064187353e-01 -3.306601524353028343e-01 -2.496062539071697839e-01 8.817947776038229102e-02 -3.780113124847412909e-01 3.234686896951880497e-01 -7.294761950728950728e-03 -3.643390369415283048e-01 1.912039679553421412e-01 2.454264273458685586e-01 -3.387426233291626065e-01
-3.196612764619005675e-01 -1.286596559285795860e-01 -3.312943220138549472e-01 -2.442209947378830848e-01 9.040143652178497802e-02 -3.778931331634521329e-01 3.267599801065529386e-01 -6.185741380221432273e-03 -3.644187498092651412e-01 1.703716781460970775e-01 2.274011572052682673e-01 -3.307698917388915971e-01
-3.383179092124663501e-01 -1.223817869523942392e-01 -3.313343954086303556e-01 -2.388251847344891321e-01 9.217594118081560983e-02 -3.777010345458984286e-01 3.300444172004710630e-01 -5.434191883617656149e-03 -3.642641019821166726e-01 1.487813103495312372e-01 2.092834024297952344e-01 -3.243507623672485241e-01
-3.555393972975520733e-01 -1.149530644712843663e-01 -3.305827522277832164e-01 -2.332989149939729834e-01 9.363352148290643440e-02 -3.775311517715453924e-01 3.332317693003232772e-01 -4.870413470120238397e-03 -3.640765714645385898e-01 1.261438570131084569e-01 1.902614924013305842e-01 -3.215873289108276412e-01
-3.711561110862864332e-01 -1.064137155811572810e-01 -3.294273757934570446e-01 -2.275734080073318899e-01 9.489444977905742151e-02 -3.775276470184326660e-01 3.364963815094034194e-01 -4.180358069175382774e-03 -3.641123008728027743e-01 1.029241175409519454e-01 1.709862077001419456e-01 -3.213622331619263028e-01
-3.847419621020876090e-01 -9.726859507082884215e-02 -3.280249691009521906e-01 -2.215825752938462290e-01 9.606123509909617053e-02 -3.776594448089599654e-01 3.399556183103298879e-01 -3.282060143146803277e-03 -3.643668365478515692e-01 8.107408354085138269e-02 1.531048234814108844e-01 -3.244088172912598100e-01
-3.961532813655479490e-01 -8.747494905738484317e-02 -3.268732404708862838e-01 -2.152398196245558781e-01 9.731085058139650468e-02 -3.779411840438843262e-01 3.435073398903860653e-01 -2.278731390528310197e-03 -3.646760463714601164e-01 6.034681887920970156e-02 1.366154443242422745e-01 -3.291460752487184171e-01
-4.052781014244264401e-01 -7.722521127766908411e-02 -3.266616916656495118e-01 -2.086026235037831411e-01 9.859784050238314113e-02 -3.783648872375489081e-01 3.471079040103106084e-01 -1.351538370900434716e-03 -3.649167156219482178e-01 4.095071841360950482e-02 1.218057709422281087e-01 -3.327587366104125532e-01
-4.122194029718814767e-01 -6.650129164340937149e-02 -3.268464612960814697e-01 -2.016751600230099195e-01 9.995222754057106473e-02 -3.789115238189696422e-01 3.507941653888486666e-01 -4.247519208399885837e-04 -3.650069141387938809e-01 2.520597329844768281e-02 1.101326418008202468e-01 -3.371621513366698797e-01
-4.169781805179934575e-01 -5.531256859384722779e-02 -3.273626184463502287e-01 -1.944754134741023821e-01 1.014228087224700731e-01 -3.795197916030886298e-01 3.545987098755670197e-01 5.762033284278655909e-04 -3.649517726898192649e-01 1.657105617574777812e-02 1.034469068166690153e-01 -3.434410595893859219e-01
-4.188265532120407642e-01 -4.403211227929332283e-02 -3.283981132507323153e-01 -1.868260516846800279e-01 1.028890836280925564e-01 -3.801739454269408292e-01 3.585712163049309953e-01 1.418503934451115223e-03 -3.647643852233887762e-01 1.646506006127047145e-02 1.021080064306119639e-01 -3.506108236312867610e-01
-4.185955974233185328e-01 -3.280445468861106773e-02 -3.298283815383911688e-01 -1.786544805421979576e-01 1.041292426605676807e-01 -3.808696985244751643e-01 3.627243188235850790e-01 1.793528924237564048e-03 -3.644116497039795455e-01 2.148345863719975518e-02 1.036667259534040098e-01 -3.547210359573365057e-01
-4.165579314301650071e-01 -2.189905682345488769e-02 -3.315627050399780340e-01 -1.701363649096249431e-01 1.048510477223672244e-01 -3.815715456008911266e-01 3.669203354706429554e-01 1.350099560138928734e-03 -3.638882970809936279e-01 2.799721852190435040e-02 1.057561079685126887e-01 -3.560977077484130948e-01
-4.126765937092981562e-01 -1.209542009652338213e-02 -3.337284564971922940e-01 -1.609285317102188417e-01 1.080245666723621822e-01 -3.822413158416747558e-01 3.711081376997984460e-01 2.062411536245256638e-04 -3.631805562973021706e-01 3.508072082225038857e-02 1.077111824872321322e-01 -3.576379299163817693e-01
-4.074087048588732052e-01 -3.127917948581013241e-03 -3.365719223022461404e-01 -1.517009989341616405e-01 1.106349259473712737e-01 -3.827843904495240035e-01 3.747522810115416214e-01 -1.572403375522640756e-03 -3.621113538742066207e-01 4.254362410521505405e-02 1.095228199370796296e-01 -3.588898968696594971e-01
-4.007724788959133866e-01 5.198017668819179815e-03 -3.405878305435179887e-01 -1.423556045608204701e-01 1.127913700199530134e-01 -3.831119394302366921e-01 3.773412926745032814e-01 -3.756157811011046066e-03 -3.605545520782469926e-01 5.069686039920980047e-02 1.112510363264313518e-01 -3.595657014846800892e-01
-3.929239555021530328e-01 1.282828425625834323e-02 -3.454887676239014049e-01 -1.324774147111701661e-01 1.143889546271266155e-01 -3.831921625137329479e-01 3.783434515567381529e-01 -6.316269508417821088e-03 -3.582398033142089044e-01 5.992172726200599431e-02 1.126089201051342636e-01 -3.590661931037901766e-01
-3.825327841252433303e-01 1.938307038896056045e-02 -3.505226898193358198e-01 -1.223533619744663486e-01 1.154902973582381670e-01 -3.829213666915892156e-01 3.779581522640834135e-01 -9.306187509904473298e-03 -3.554648590087889359e-01 7.027327703309171891e-02 1.133939812041927092e-01 -3.580694937705992675e-01
-3.713536285104171997e-01 2.547402545757042336e-02 -3.554894018173218040e-01 -1.123820349172178212e-01 1.163030591786005791e-01 -3.824995326995849765e-01 3.759116653441736400e-01 -1.323113718974920638e-02 -3.524034166336058593e-01 8.149038861161980729e-02 1.133919303878705431e-01 -3.573732781410216552e-01
-3.615646902058014533e-01 3.190350131121692800e-02 -3.600057601928710604e-01 -1.026807814126120960e-01 1.169290440914978191e-01 -3.818995809555053578e-01 3.725980790028319278e-01 -2.070794656009607160e-02 -3.493496084213257857e-01 9.344594860136781755e-02 1.124830725486566929e-01 -3.569927263259888850e-01
-3.530025315832323596e-01 3.844059478706887689e-02 -3.635532855987549383e-01 -9.366504253110720379e-02 1.174119252928064183e-01 -3.809577083587646906e-01 3.672746756328839068e-01 -3.073037801677902525e-02 -3.464924764633179333e-01 1.059915343390365056e-01 1.104861039173509196e-01 -3.568740081787110108e-01
-3.453661441881230032e-01 4.502201656605459013e-02 -3.657549047470093351e-01 -8.561508547070167952e-02 1.178864639004971460e-01 -3.797268676757812877e-01 3.596292685361645036e-01 -4.275216585967457628e-02 -3.434918975830077437e-01 1.186341478774134289e-01 1.073353009170890937e-01 -3.565778255462646040e-01
-3.381790669055012022e-01 5.150301117590770639e-02 -3.663530731201172230e-01 -7.889367706780681111e-02 1.185655961534741454e-01 -3.780099153518677313e-01 3.497002667359354056e-01 -5.627542766779540517e-02 -3.399274682998658093e-01 1.312300277657575398e-01 1.029951431121601813e-01 -3.558889007568359908e-01
-3.310966727719288349e-01 5.765439733996249871e-02 -3.658299255371094127e-01 -7.396784942368721250e-02 1.197250387095148971e-01 -3.753507757186890226e-01 3.375146454674130547e-01 -7.090976607047549951e-02 -3.355285787582397705e-01 1.436618662377145417e-01 9.751875416466318502e-02 -3.549124860763550049e-01
-3.237677770113498998e-01 6.288788039612863701e-02 -3.649981307983398149e-01 -7.155179074246439952e-02 1.217017920231818484e-01 -3.711995077133178333e-01 3.232911684052131029e-01 -8.690609470213024601e-02 -3.302243661880492898e-01 1.554605490338921980e-01 9.112881567475494826e-02 -3.537406492233275968e-01
-3.164529802905021172e-01 6.739361045673696038e-02 -3.642417240142821200e-01 -6.734390348790272873e-02 1.226048835509842422e-01 -3.480876016616820667e-01 3.072594357534543796e-01 -1.052547308017114380e-01 -3.250253772735595681e-01 1.662467278964497031e-01 8.409643849944176131e-02 -3.524113988876342862e-01
-3.093387987883784440e-01 7.157338379227350111e-02 -3.633268690109253685e-01 -7.637003117269591801e-02 1.302512006343176376e-01 -3.344776678085327748e-01 2.895328492785625984e-01 -1.230361532848133488e-01 -3.202774810791016447e-01 1.760155046519664979e-01 7.681461331348937716e-02 -3.511165142059327060e-01
-3.023406448604462060e-01 7.525211487714938974e-02 -3.622794389724731112e-01 -9.340762182930306690e-02 1.428092280500284084e-01 -3.266907835006713223e-01 2.708081546700139564e-01 -1.400726165099695497e-01 -3.159430980682372270e-01 1.849983021347130774e-01 6.932989495571227623e-02 -3.499728250503539306e-01
-2.953308526269078915e-01 7.829963280719048901e-02 -3.614438390731811168e-01 -1.148909916517798502e-01 1.588093054283740702e-01 -3.245194244384764781e-01 2.508254711933809999e-01 -1.557541690350463526e-01 -3.127984857559203413e-01 1.934105540869349715e-01 6.154925410079282316e-02 -3.492217731475829590e-01
-2.881772911619746580e-01 8.049128028095219045e-02 -3.611556720733644643e-01 -1.353447982821207873e-01 1.828567832625059286e-01 -3.266275644302369940e-01 2.297309628197555242e-01 -1.703199967276959603e-01 -3.114289426803589778e-01 2.013636481253636701e-01 5.344066391987557785e-02 -3.491589736938477406e-01
-2.810885731900680806e-01 8.199669678996515665e-02 -3.612376356124877841e-01 -1.441702498840876090e-01 2.249654188645937580e-01 -3.281350564956664329e-01 2.080921963903274996e-01 -1.831718036342920297e-01 -3.116832256317138006e-01 2.089610501594873215e-01 4.485495206767305815e-02 -3.496075582504272194e-01
-2.739660029216332560e-01 8.306197719056480910e-02 -3.616251850128173739e-01 -1.459716295673102460e-01 2.593240116896076697e-01 -3.275985240936279408e-01 1.858534164302365344e-01 -1.937920628357338304e-01 -3.133040523529052601e-01 2.162728144369540362e-01 3.571385109113453526e-02 -3.505273389816284113e-01
-2.668142634796335511e-01 8.365779852993307508e-02 -3.622413253784179665e-01 -1.483181373984571449e-01 2.869778865026997305e-01 -3.295310401916503595e-01 1.625031222465793679e-01 -2.021468107664352032e-01 -3.163505077362061546e-01 2.232115911983045820e-01 2.630200148706913349e-02 -3.518733358383179799e-01
-2.595434702507886660e-01 8.387936957817139494e-02 -3.630239152908325551e-01 -1.548683472096166747e-01 3.080428638411407682e-01 -3.279785346984863681e-01 1.382717154059633913e-01 -2.076368622233543682e-01 -3.196784162521361661e-01 2.298864387470764548e-01 1.639056008376066353e-02 -3.536288976669310635e-01
-2.522310250340040194e-01 8.359840904137087747e-02 -3.638412666320802180e-01 -1.573976895986075319e-01 3.329561173525292794e-01 -3.208052062988282493e-01 1.130670517704334549e-01 -2.093860093184287674e-01 -3.233691072463988347e-01 2.362445024447008546e-01 5.973113398986609757e-03 -3.555973100662230824e-01
-2.449260129983056034e-01 8.287582329890159916e-02 -3.644374179840088601e-01 -1.498344807336839946e-01 3.623306349523951475e-01 -3.165074157714844461e-01 8.737153816652462601e-02 -2.078925864783300048e-01 -3.264591503143310924e-01 2.422724878367395474e-01 -5.350451439534761877e-03 -3.574674463272095593e-01
-2.375914932189020778e-01 8.189908935318951366e-02 -3.646577596664429266e-01 -1.363415565772845839e-01 3.870155556937502905e-01 -3.185331344604492854e-01 6.261338189936803411e-02 -2.048773167733325962e-01 -3.290108585357667814e-01 2.479070384999714494e-01 -1.759993277207605455e-02 -3.590671682357789996e-01
-2.302719337246889597e-01 8.070021154816790776e-02 -3.645396375656129173e-01 -1.229602876177004200e-01 4.002224366491510255e-01 -3.261302900314332343e-01 3.938996870403795036e-02 -2.019664369698848660e-01 -3.313116693496705456e-01 2.528897802107152315e-01 -3.056774367083570088e-02 -3.602757644653321600e-01
-2.275752501571037534e-01 7.377292635315044200e-02 -3.639977693557739924e-01 -1.108311256179763393e-01 4.033926713036616873e-01 -3.320936346054078059e-01 1.681401495383592903e-02 -1.978435870497508298e-01 -3.317958521842957476e-01 2.570194643220697350e-01 -4.428910911611014245e-02 -3.608765649795532826e-01
-2.262859650100039199e-01 6.556870994240279749e-02 -3.632956647872924716e-01 -1.011970736385703618e-01 3.994776609643658216e-01 -3.370552349090576438e-01 -3.507710798681673570e-03 -1.920348849614958442e-01 -3.312690711021423207e-01 2.601602405712682420e-01 -5.874577656078427967e-02 -3.610492229461669811e-01
-2.251482012262654708e-01 5.735008919937611971e-02 -3.623637104034423961e-01 -9.422203159507189230e-02 3.917383841367558239e-01 -3.418807125091553045e-01 -2.000532743038858918e-02 -1.861155084602797716e-01 -3.313454484939575839e-01 2.621232187367715794e-01 -7.357885974884433022e-02 -3.607619428634644132e-01
-2.243170361930054701e-01 4.877155596812660088e-02 -3.611320114135742609e-01 -8.925793361188549824e-02 3.829816339197367192e-01 -3.460815429687500444e-01 -2.959361997992643323e-02 -1.798627402939290687e-01 -3.336443066596985196e-01 2.629850244271649817e-01 -8.829671674473561771e-02 -3.600734710693359597e-01
-2.234393867613356233e-01 4.011995514274403762e-02 -3.596370792388916549e-01 -8.596439877736694601e-02 3.724137098765306630e-01 -3.488387298583984775e-01 -3.576435751200572610e-02 -1.761122293462955013e-01 -3.363317203521729026e-01 2.636490092946415231e-01 -1.033701168165912648e-01 -3.598963356018067272e-01
-2.222670421764867121e-01 3.221065541327323978e-02 -3.578265666961670810e-01 -8.378699564826769253e-02 3.607861298292281971e-01 -3.494489288330078769e-01 -3.986612754563856331e-02 -1.764362281759359052e-01 -3.396485590934752996e-01 2.640192765324551050e-01 -1.187770275858274771e-01 -3.601503467559813987e-01
-2.210004803075393265e-01 2.571301484405395799e-02 -3.557531690597535157e-01 -8.192702864997192247e-02 3.498185105047755261e-01 -3.485760307312012474e-01 -4.219819469779573229e-02 -1.799538406636329857e-01 -3.433674407005311013e-01 2.636929793780853348e-01 -1.339579391549518272e-01 -3.602305746078492410e-01
-2.194739543382546731e-01 2.128468019954427026e-02 -3.533543682098388983e-01 -7.927992311374904011e-02 3.402802668960557275e-01 -3.470205116271973256e-01 -4.283796319830113219e-02 -1.854469972569296465e-01 -3.460997247695923318e-01 2.626430363247345690e-01 -1.488671271971157284e-01 -3.597604417800903676e-01
-2.175369251707215679e-01 1.970066352239029095e-02 -3.506874656677247404e-01 -7.571234676608604164e-02 3.311670957522535597e-01 -3.456168556213380372e-01 -4.204900507059707027e-02 -1.919671085738034466e-01 -3.471666789054870805e-01 2.612375690914810478e-01 -1.630176741201410928e-01 -3.587115573883056796e-01
-2.153510697363698601e-01 2.127515875881805241e-02 -3.479046726226807107e-01 -7.123149336302625478e-02 3.219707686895754151e-01 -3.445210075378418169e-01 -3.964086729978744117e-02 -1.988753189543545075e-01 -3.484751486778259744e-01 2.594248300748697167e-01 -1.760527537667223308e-01 -3.571468353271484708e-01
-2.139692528482025069e-01 2.570750894469291115e-02 -3.430675697326661111e-01 -6.648290023237894697e-02 3.128618638788056017e-01 -3.435776615142823176e-01 -3.635578697218146138e-02 -2.054072542395884993e-01 -3.490492725372314475e-01 2.575764362851338807e-01 -1.870547797641353982e-01 -3.549419546127319247e-01
-2.135004045939695172e-01 3.699648204122855943e-02 -3.323415946960450174e-01 -6.123299685930162772e-02 3.039373159703268046e-01 -3.427841234207154031e-01 -3.251091503347305900e-02 -2.108498592732522270e-01 -3.486480093002320424e-01 2.556457062197375341e-01 -1.955954232637480139e-01 -3.522895717620850298e-01
-2.125683846291611667e-01 5.321269858620070181e-02 -3.242573261260987549e-01 -5.547103114341446484e-02 2.950937081260339712e-01 -3.421330833435060059e-01 -2.891495800552330853e-02 -2.161309251191286251e-01 -3.478837966918946756e-01 2.535583191230973976e-01 -2.021080641765646280e-01 -3.491757965087891602e-01
-2.114093195405168379e-01 7.489797125322086857e-02 -3.165600156784057484e-01 -4.951158585629482356e-02 2.860117648432433102e-01 -3.414179325103759433e-01 -2.566517731503642485e-02 -2.219342770769407169e-01 -3.467047643661499978e-01 2.517926676001365771e-01 -2.077197015332709618e-01 -3.454272460937500844e-01
-2.103431381532053779e-01 1.044923708746427204e-01 -3.096086835861205366e-01 -4.340307989789449206e-02 2.769897665008735355e-01 -3.405067729949950439e-01 -2.185847643467411783e-02 -2.278980273927849187e-01 -3.456941032409666104e-01 2.497104557963441829e-01 -2.115705344844284186e-01 -3.408016443252561700e-01
-2.131856062585931744e-01 1.375249617355203124e-01 -3.046043586730957653e-01 -3.733789192120590128e-02 2.680449208098394376e-01 -3.394815206527710960e-01 -1.739152390159902362e-02 -2.337351987582361734e-01 -3.449250364303589889e-01 2.465551305423824280e-01 -2.132141070687873508e-01 -3.350203514099122093e-01
-2.302785389179769215e-01 1.619268034236752973e-01 -3.012407112121582853e-01 -3.136142804352790026e-02 2.591139057012109559e-01 -3.383893346786499556e-01 -1.280208746476423076e-02 -2.393498688708574074e-01 -3.441583395004272905e-01 2.414844301946913463e-01 -2.120200967757817356e-01 -3.281094980239868675e-01
-2.484302135982559001e-01 1.880772791695904944e-01 -2.987365722656250555e-01 -2.548057054008553979e-02 2.500947165506313685e-01 -3.372425127029419767e-01 -8.461643917510433544e-03 -2.449989955722509660e-01 -3.433183288574219172e-01 2.346441033411757471e-01 -2.067811084215865070e-01 -3.205734586715698886e-01
-2.681159533141302953e-01 2.164354372625286738e-01 -2.983018875122070979e-01 -1.974893698446944512e-02 2.409379657300705635e-01 -3.360977220535278920e-01 -4.494557145857239200e-03 -2.509349484429933552e-01 -3.425744771957398016e-01 2.261011041718157810e-01 -1.973797178264821151e-01 -3.133119392395020131e-01
-2.868131613674462232e-01 2.433823599292758433e-01 -3.002290153503418546e-01 -1.429422490321193007e-02 2.316713180847562448e-01 -3.352136230468750755e-01 -9.203704098028342440e-04 -2.571247405314929790e-01 -3.420753669738769154e-01 2.159818573246297113e-01 -1.843167264423185847e-01 -3.080986070632933949e-01
-3.032397274550578947e-01 2.666741692402812003e-01 -3.049548006057740679e-01 -9.140463826816852544e-03 2.223087478874503642e-01 -3.347338676452638051e-01 2.445308536167284386e-03 -2.635321356472322130e-01 -3.419090747833253285e-01 2.039429155725923093e-01 -1.670729410369823642e-01 -3.060123634338380305e-01
-3.147562233075448801e-01 2.822669251483483910e-01 -3.144080781936645641e-01 -4.156231413758398885e-03 2.127853482476865787e-01 -3.344571304321289351e-01 5.726924447376227634e-03 -2.702369326296694130e-01 -3.419969463348389027e-01 1.899756508816122236e-01 -1.462008443475752428e-01 -3.055763149261474521e-01
-3.213587358284148987e-01 2.905773742862374220e-01 -3.249784135818481468e-01 4.783280592276367704e-04 2.035345242388179321e-01 -3.337446689605713113e-01 9.020507372120803447e-03 -2.771818338295300443e-01 -3.421392154693603249e-01 1.746047155551750940e-01 -1.227487824000262906e-01 -3.062193012237549028e-01
-3.233604895151400149e-01 2.936198868528426820e-01 -3.337772178649903165e-01 5.354755165074054357e-03 1.942243218652107140e-01 -3.319785404205323198e-01 1.256932452200686112e-02 -2.843358150486099967e-01 -3.422837591171265514e-01 1.587027790597278776e-01 -9.806105250657730366e-02 -3.057897710800171476e-01
-3.212439336761509501e-01 2.914584544640857477e-01 -3.414980220794678889e-01 1.112582494796135468e-02 1.840074345901323571e-01 -3.306735658645630904e-01 1.630774290802135262e-02 -2.917196397645368533e-01 -3.424533557891846769e-01 1.431486730168243515e-01 -7.372957764928710078e-02 -3.053327369689942117e-01
-3.145423813463357199e-01 2.826112559828958815e-01 -3.475662088394165794e-01 1.815569210501993824e-02 1.728535864048180160e-01 -3.313933277130127752e-01 2.023255586565922415e-02 -2.995682290021268734e-01 -3.428743410110474121e-01 1.285646770216526957e-01 -5.096765052761729337e-02 -3.057833027839661488e-01
-3.076531504628901015e-01 2.729850568851702741e-01 -3.497726488113404031e-01 2.744432310312368284e-02 1.618364030334829562e-01 -3.344632720947265936e-01 2.431220001574609102e-02 -3.077842809321708062e-01 -3.434793186187743430e-01 1.157331655362699441e-01 -3.105657276186408328e-02 -3.070526170730590310e-01
-3.007067178402301755e-01 2.629894898216920129e-01 -3.503852939605713868e-01 3.965927023226100551e-02 1.529065788514878399e-01 -3.407530069351197288e-01 2.858285047437476856e-02 -3.160958709367259756e-01 -3.442056846618653521e-01 1.049287498633824089e-01 -1.443627803903844986e-02 -3.096046447753907360e-01
-2.934228116495805061e-01 2.530148739475112096e-01 -3.507552480697632702e-01 6.656908110549772384e-02 1.595970399147713381e-01 -3.546053743362427291e-01 3.298130414626301854e-02 -3.244942612929856418e-01 -3.450665330886841797e-01 9.622978414720777252e-02 -1.163525913230656350e-03 -3.132660961151123580e-01
-2.864430807479089180e-01 2.423150690815591979e-01 -3.511334300041200063e-01 8.203201561488357441e-02 1.687011071334227896e-01 -3.528557109832765049e-01 3.746399841229550165e-02 -3.328892179225527714e-01 -3.458809804916383457e-01 8.913596875943585740e-02 9.686447916035879901e-03 -3.142599892616273483e-01
-2.797663393968099488e-01 2.312336063084346471e-01 -3.518161845207214422e-01 9.023391150538270788e-02 1.742712011178162157e-01 -3.502605199813842995e-01 4.183767284894396310e-02 -3.413086631789672976e-01 -3.465965938568114080e-01 8.430887731258171480e-02 1.703438676190584949e-02 -3.153360009193419411e-01
-2.733502953350530618e-01 2.200098715953883455e-01 -3.524721097946167392e-01 9.366887386135623605e-02 1.755753271546344474e-01 -3.472289323806763139e-01 4.592204441816488680e-02 -3.495552504769375846e-01 -3.470171356201172674e-01 8.296219620329919886e-02 1.901846070515247553e-02 -3.179703974723816495e-01
-2.670671562256223819e-01 2.085242234076072898e-01 -3.530855941772461648e-01 9.306753156827382578e-02 1.768159566313476094e-01 -3.436909675598145419e-01 4.971255484284636816e-02 -3.576393058177093076e-01 -3.471992731094361018e-01 8.514939302270618793e-02 1.548801740574139857e-02 -3.236637425422669301e-01
-2.608061546238953921e-01 1.969113974963089264e-01 -3.535310077667234707e-01 8.728460469964348378e-02 1.737036723987168685e-01 -3.242601633071897638e-01 5.317141871328767699e-02 -3.655909602951858406e-01 -3.471631813049315674e-01 8.923250515276222317e-02 8.906959445553419563e-03 -3.284110593795775968e-01
-2.549218690679316834e-01 1.849240743702910972e-01 -3.538377737998963379e-01 8.094528939132820955e-02 1.866731951829777025e-01 -3.141001319885254883e-01 5.580449445930860120e-02 -3.739744132675991151e-01 -3.469342517852783692e-01 9.386410995834942872e-02 1.254693839651550846e-03 -3.322218012809753374e-01
-2.492215648387836047e-01 1.728146501457244466e-01 -3.540404391288757835e-01 7.233166842542951280e-02 2.039953411765072222e-01 -3.065485286712646973e-01 5.795503127088627582e-02 -3.827401322112077287e-01 -3.462712287902831587e-01 9.817760014188094131e-02 -6.145375515608467176e-03 -3.362632226943969571e-01
-2.435700961070459969e-01 1.606234001715611814e-01 -3.541386723518372692e-01 6.158591993467769921e-02 2.247537891780127806e-01 -3.035610580444336737e-01 5.971044811560069498e-02 -3.913222963657362330e-01 -3.452727556228638583e-01 1.018561567218937980e-01 -1.283852890917553530e-02 -3.385977649688721725e-01
-2.379030616361901551e-01 1.484086315850236260e-01 -3.542063212394715443e-01 4.794969827705340693e-02 2.486456687206196614e-01 -3.063819026947022239e-01 6.111951574426344180e-02 -3.993040147878092472e-01 -3.440299606323242165e-01 1.052648651933669743e-01 -1.954530369924081801e-02 -3.398125243186950750e-01
-2.321199038524812130e-01 1.358562699638296012e-01 -3.543020629882813188e-01 3.177288680175630042e-02 2.730826901648006899e-01 -3.078018426895142712e-01 6.212013577028810407e-02 -4.060666232102466688e-01 -3.426257896423340887e-01 1.087705294284805613e-01 -2.714639445895766084e-02 -3.407153487205506481e-01
-2.261746186483726273e-01 1.234330390235356678e-01 -3.545588016510010099e-01 1.291295643216186506e-02 2.978602127420414969e-01 -3.085312223434448775e-01 6.251818457498528603e-02 -4.109219201187523929e-01 -3.412138462066650613e-01 1.123753448102792624e-01 -3.584243414195071448e-02 -3.418268799781799538e-01
-2.201534027709307340e-01 1.113209452730248294e-01 -3.548910093307495184e-01 -6.426363163234416476e-03 3.256504367376924503e-01 -3.097829580307006614e-01 6.298323681550574427e-02 -4.137595740738166938e-01 -3.396429634094238481e-01 1.158446007764742242e-01 -4.534089686115769929e-02 -3.429657554626464600e-01
-2.140489048150537865e-01 9.948510586732554895e-02 -3.553164482116700218e-01 -2.666550252415017530e-02 3.523405470228882508e-01 -3.112994813919068293e-01 6.367875798167614565e-02 -4.134029229077287315e-01 -3.381966543197632569e-01 1.189390655586876344e-01 -5.540336875486304158e-02 -3.441870856285095814e-01
-2.078571656089630015e-01 8.794398289871452334e-02 -3.557068681716919478e-01 -4.841437281245003499e-02 3.754971005312323085e-01 -3.126728582382202193e-01 6.416692652433569899e-02 -4.084527440858407576e-01 -3.369117450714111395e-01 1.214845506378229995e-01 -6.573680822948778368e-02 -3.452987790107727162e-01
-2.016788967578367897e-01 7.697483259233400821e-02 -3.560216760635374622e-01 -6.973094965030937620e-02 3.966317091068432554e-01 -3.153077554702757856e-01 6.371097513618242947e-02 -4.001228308979599135e-01 -3.353509426116943470e-01 1.234125472507930643e-01 -7.636859701936286882e-02 -3.461864638328552291e-01
-1.955613837928219245e-01 6.665850563491849956e-02 -3.563016510009766047e-01 -9.050108838439385739e-02 4.191291613370250468e-01 -3.195148038864136231e-01 6.111714412188454237e-02 -3.895269487192104529e-01 -3.337730646133423296e-01 1.246741591142216110e-01 -8.722795567749727641e-02 -3.469875478744507413e-01
-1.896585842193307392e-01 5.703792120760289158e-02 -3.567764425277710205e-01 -1.105963980471679209e-01 4.501365911307115275e-01 -3.250006389617919877e-01 5.638640366537948923e-02 -3.768690084867564738e-01 -3.320230388641357555e-01 1.251774940312254114e-01 -9.837989171635586061e-02 -3.479958534240722989e-01
-1.837089609920908306e-01 4.790433262022741195e-02 -3.573739767074584628e-01 -1.266064870128388309e-01 4.737331219340695787e-01 -3.263822984695434193e-01 4.681317742544617577e-02 -3.618686154637581476e-01 -3.292256450653077149e-01 1.250058200007337361e-01 -1.092791493853117607e-01 -3.491578722000123203e-01
-1.773596218706227357e-01 3.683314663888867524e-02 -3.580543041229248824e-01 -1.378267815158997489e-01 4.887421791825442563e-01 -3.320812177658081787e-01 3.115359240374085403e-02 -3.443432844139020510e-01 -3.263801860809326660e-01 1.243827911310124990e-01 -1.192143751697095910e-01 -3.503606510162354248e-01
-1.701807137304890138e-01 2.115398507548660323e-02 -3.583225297927856712e-01 -1.489536746846516491e-01 4.969397168945273724e-01 -3.379629230499267556e-01 1.597859110009744454e-02 -3.228973964198649238e-01 -3.237557268142700617e-01 1.234652068191751106e-01 -1.286920985779992366e-01 -3.508390951156616366e-01
-1.616565566473754934e-01 4.581728731355524942e-03 -3.580965662002562611e-01 -1.606032436614782399e-01 4.979392594077719503e-01 -3.433500432968138449e-01 1.292228989148144769e-03 -2.984041401569504925e-01 -3.214354991912840576e-01 1.222965128867601337e-01 -1.383848619985661443e-01 -3.511368036270140491e-01
-1.539800798194422282e-01 -5.205222399625356045e-03 -3.583028459548949773e-01 -1.713975620693655166e-01 4.940778542350771074e-01 -3.493871116638183061e-01 -1.230063206841146284e-02 -2.729193134520389030e-01 -3.203235435485840554e-01 1.209827752888179841e-01 -1.489378873545318671e-01 -3.524911212921143511e-01
-1.478805218338652416e-01 -1.129738276651126583e-02 -3.585709476470947954e-01 -1.772096590850431863e-01 4.879818876522555859e-01 -3.553331708908081810e-01 -2.411402595981881891e-02 -2.476404803353961792e-01 -3.200378799438477473e-01 1.196031394498888178e-01 -1.596802693956828056e-01 -3.540742349624634855e-01
-1.415504678928378168e-01 -1.783685189963375023e-02 -3.589081239700316894e-01 -1.809305233953059644e-01 4.799855860459650847e-01 -3.602074718475341553e-01 -3.388573051691275151e-02 -2.223616948363350554e-01 -3.205056905746459517e-01 1.185575531991212017e-01 -1.702645863502035561e-01 -3.558824300765990878e-01
-1.350460416525091911e-01 -2.424751897410754031e-02 -3.592081069946288507e-01 -1.829074390871799349e-01 4.700628917666372919e-01 -3.641212749481200772e-01 -4.175802436892785130e-02 -1.969745400562558646e-01 -3.207203769683837358e-01 1.181825739926280205e-01 -1.806530378816092464e-01 -3.579758214950560791e-01
-1.289245169799349278e-01 -2.962953071829962925e-02 -3.592382287979125066e-01 -1.834034799504513369e-01 4.589057780912838003e-01 -3.673661613464354603e-01 -4.784702913827187237e-02 -1.724390271270535291e-01 -3.205922698974609242e-01 1.187248020564174306e-01 -1.906318071723025198e-01 -3.600336122512817760e-01
-1.235725541786065612e-01 -3.368596577588423013e-02 -3.588453531265258789e-01 -1.827387449836652689e-01 4.470597956681731100e-01 -3.700242137908935636e-01 -5.295274559348117638e-02 -1.496984165880410889e-01 -3.209033155441284313e-01 1.195790065583478279e-01 -2.004771239843063935e-01 -3.618064546585083030e-01
-1.194914901908867289e-01 -3.653479885034103397e-02 -3.582765913009644532e-01 -1.811754693446678277e-01 4.355765122885283391e-01 -3.721058750152588246e-01 -5.745862820032535817e-02 -1.292809006277855777e-01 -3.206409692764282671e-01 1.202242571083852185e-01 -2.102825205356437799e-01 -3.633647203445435347e-01
-1.170570369191041016e-01 -3.820835889128035290e-02 -3.573788499832152299e-01 -1.792742946267149584e-01 4.248296447907866646e-01 -3.736487102508544433e-01 -6.146527869332189808e-02 -1.109912014060541602e-01 -3.191034102439880837e-01 1.205291437827149259e-01 -2.201420579352552087e-01 -3.646530294418335316e-01
-1.162089389241392490e-01 -3.912163960631747511e-02 -3.475812482833861572e-01 -1.774353984649216232e-01 4.143592706604422027e-01 -3.744348573684691539e-01 -6.492703811335148734e-02 -9.517212294090486580e-02 -3.156807708740234641e-01 1.203582535007796384e-01 -2.299237681746443829e-01 -3.652947092056274547e-01
-1.167198077001413842e-01 -3.983476226425979733e-02 -3.354719495773315630e-01 -1.759921547813031451e-01 4.039380232784882674e-01 -3.747137641906738148e-01 -6.775687555237457083e-02 -8.213833813065463119e-02 -3.119635868072508922e-01 1.197157741782739482e-01 -2.391768470312450878e-01 -3.654188966751097944e-01
-1.174200240128942946e-01 -4.095234782004016083e-02 -3.230483102798462625e-01 -1.748014866922526500e-01 3.935289058052523492e-01 -3.746806049346924072e-01 -6.995385968950382227e-02 -7.232842069230792370e-02 -3.092677974700929200e-01 1.184959701659815678e-01 -2.480371812416756472e-01 -3.649806785583497581e-01
-1.185345553105227739e-01 -4.222495332622795000e-02 -3.095837783813477628e-01 -1.733406127756086657e-01 3.831228110550816135e-01 -3.743555545806885321e-01 -7.134338781670700180e-02 -6.742976995257470019e-02 -3.089642906188965754e-01 1.166762366492003350e-01 -2.565142885521935479e-01 -3.639252614974976541e-01
-1.202033886340922592e-01 -4.358259051177000576e-02 -2.963669395446776877e-01 -1.716438477927210438e-01 3.729108822976365811e-01 -3.738025045394897106e-01 -8.000000000000001554e-02 -5.784085571765897743e-02 -3.150315093994141002e-01 1.089913177490235141e-01 -2.688084554672241500e-01 -3.626121807098389160e-01
-1.227509350832824975e-01 -4.486022755262934064e-02 -2.838055801391602406e-01 -1.698270516294979049e-01 3.627553016898709126e-01 -3.732814407348633567e-01 -8.000000000000001554e-02 -6.389869987964628961e-02 -3.236089730262757258e-01 1.126501464843750189e-01 -2.756926774978638028e-01 -3.614757680892945468e-01
-1.278738680744969380e-01 -4.564978873092780109e-02 -2.711361122131348278e-01 -1.679334582912420104e-01 3.523601693048235006e-01 -3.729993915557862083e-01 -8.000000000000001554e-02 -7.249217748641963166e-02 -3.320582151412964644e-01 1.165621948242189371e-01 -2.826106595993042037e-01 -3.606360816955567206e-01
-1.367988881883114016e-01 -4.583217097694002040e-02 -2.615359497070313122e-01 -1.659165665991036154e-01 3.418882768744071488e-01 -3.731850194931031206e-01 -8.000000000000001554e-02 -8.188134312629698208e-02 -3.392240405082703192e-01 1.206272125244142318e-01 -2.896204233169555886e-01 -3.600969123840332964e-01
-1.477749027912091395e-01 -4.649835287631535335e-02 -2.557021713256835693e-01 -1.639272689647880699e-01 3.312654611985450526e-01 -3.731949710845947066e-01 -8.000000000000001554e-02 -9.050664782524106555e-02 -3.433959817886353405e-01 1.246518707275391519e-01 -2.968505287170409845e-01 -3.591231155395508967e-01
-1.599147530985799703e-01 -4.814491914791978189e-02 -2.516439819335936634e-01 -1.618757002058532068e-01 3.207873861499824231e-01 -3.731012153625487549e-01 -8.000000000000002942e-02 -9.746596813201902076e-02 -3.448915028572082653e-01 1.287210083007812866e-01 -3.036048245429992520e-01 -3.577895259857177823e-01
-1.736248311762757512e-01 -5.064069178825103545e-02 -2.494825839996338279e-01 -1.595839917760279725e-01 3.107118415636870301e-01 -3.732216739654541371e-01 -8.000000000000002942e-02 -1.034566497802733992e-01 -3.455415272712707986e-01 1.332751464843746902e-01 -3.089358329772949330e-01 -3.565488004684448931e-01
-1.897422507357599819e-01 -5.273737575882703893e-02 -2.497592163085937955e-01 -1.562005480242511235e-01 3.005812787394614438e-01 -3.742032718658446777e-01 -8.000000000000002942e-02 -1.094062721729278237e-01 -3.463551759719849521e-01 1.388010406494137872e-01 -3.134700322151184326e-01 -3.559102249145508767e-01
-2.087765078811280872e-01 -5.356467861423111487e-02 -2.527213954925536799e-01 -1.513020764262633655e-01 2.900651465788950389e-01 -3.764952564239502086e-01 -5.981715898135532561e-02 -1.346490438792361244e-01 -3.485145998001098477e-01 1.304378703083742264e-01 -3.146283078148038315e-01 -3.563072490692138494e-01
-2.322951313285471775e-01 -5.195364349019616912e-02 -2.603061485290527055e-01 -1.447801529421525180e-01 2.793298661955153084e-01 -3.806573343276977162e-01 -5.252218665991932600e-02 -1.462439903680787523e-01 -3.523011350631714556e-01 1.444152375652331677e-01 -3.165283536565037803e-01 -3.581900978088379817e-01
-2.603277912799311089e-01 -4.859564895422420483e-02 -2.716849327087402788e-01 -1.374718916293965476e-01 2.686519178238379602e-01 -3.848362064361572910e-01 -4.296067658941454814e-02 -1.581362165968137057e-01 -3.559929466247559460e-01 1.614569600529577320e-01 -3.162950723452828128e-01 -3.595644950866699885e-01
-2.894170553826738712e-01 -4.747771151535913614e-02 -2.825239372253419701e-01 -1.310556832558478213e-01 2.591129025117166473e-01 -3.872797441482545566e-01 -3.272559454456850508e-02 -1.682579021680709608e-01 -3.583391809463503663e-01 1.779025528047756266e-01 -3.121416695092366633e-01 -3.587905073165896241e-01
-3.161215177244324770e-01 -5.006783342090265210e-02 -2.912109565734862793e-01 -1.260821603251371104e-01 2.511697542436521213e-01 -3.873662996292113747e-01 -2.295507522603935924e-02 -1.761571024623911352e-01 -3.587335920333861727e-01 1.915314046203347997e-01 -3.041290077156481031e-01 -3.543670320510863836e-01
-3.380849113202089029e-01 -5.519552459949490092e-02 -2.999184226989746183e-01 -1.215652647385138674e-01 2.439343174508446510e-01 -3.861385107040405384e-01 -1.389297709391391911e-02 -1.826750120382941156e-01 -3.583239936828613303e-01 2.023822225384965257e-01 -2.947867658758943632e-01 -3.466453742980957209e-01
-3.563997158842869273e-01 -6.089333917455146822e-02 -3.094233894348145109e-01 -1.167916985997329293e-01 2.369636126319339675e-01 -3.847212457656860596e-01 -5.446484180935365349e-03 -1.884521967560518485e-01 -3.581804847717285356e-01 2.104882509456512119e-01 -2.841705007321841947e-01 -3.372092819213867720e-01
-3.706536238337135858e-01 -6.724619351544459944e-02 -3.196539115905763229e-01 -1.118647444556643278e-01 2.305364978697438672e-01 -3.829973077774049273e-01 2.649388871029750847e-03 -1.937328677881982320e-01 -3.585426998138430132e-01 2.157420672373480397e-01 -2.709891411921077076e-01 -3.265443372726443139e-01
-3.770500509774832310e-01 -7.417712486495403601e-02 -3.320328235626220370e-01 -1.068850796808457071e-01 2.246255458972046815e-01 -3.809903860092162531e-01 1.042669925734181213e-02 -1.985223859517346590e-01 -3.589707088470457386e-01 2.175946321476016077e-01 -2.541346378489625635e-01 -3.144349765777586514e-01
-3.766693673672757425e-01 -8.120071543602337683e-02 -3.439126873016357111e-01 -1.017625258989933584e-01 2.187129346095421922e-01 -3.789265155792235773e-01 1.834754482581414659e-02 -2.030552145871294401e-01 -3.592620372772217241e-01 2.154848677880614738e-01 -2.318379513598503860e-01 -3.008184146881104359e-01
-3.696357904450511267e-01 -8.819761602307905901e-02 -3.546326351165770552e-01 -9.661178891472305130e-02 2.127626056530844967e-01 -3.768029451370237815e-01 2.616947202480332524e-02 -2.071970923318707802e-01 -3.592628574371337646e-01 2.110589527947110133e-01 -2.083380268275423219e-01 -2.842484092712402322e-01
-3.612356144946364811e-01 -9.537613402896152892e-02 -3.619910144805909558e-01 -9.116797046165239782e-02 2.066968830465624740e-01 -3.747121334075929067e-01 3.416187731478181888e-02 -2.110147961482538581e-01 -3.590787410736084317e-01 2.043194115180878567e-01 -1.831707527972145089e-01 -2.674242305755615279e-01
-3.517947616080717155e-01 -1.031716099217377669e-01 -3.661632823944092618e-01 -8.572036714912265043e-02 2.008191510213972464e-01 -3.729281902313232866e-01 4.255173263624287272e-02 -2.145119459068270118e-01 -3.591584682464600276e-01 1.954267525219663959e-01 -1.564993993236367675e-01 -2.539996337890625955e-01
-3.419896843958076804e-01 -1.112168545135689551e-01 -3.683871793746948953e-01 -8.029370858310744263e-02 1.951898745774247601e-01 -3.714293527603150236e-01 5.109604485339580560e-02 -2.177657009560861889e-01 -3.595807600021361794e-01 1.839999437588697440e-01 -1.286737354779324827e-01 -2.468759536743164174e-01
-3.312131922208552126e-01 -1.199945349420817736e-01 -3.690310955047608199e-01 -7.514727257565911867e-02 1.891127256003188872e-01 -3.702583980560303356e-01 5.967303712705203378e-02 -2.208735789122243109e-01 -3.604081344604493919e-01 1.869174182618058566e-01 -9.401006531642025488e-02 -2.492904663085939443e-01
-3.196610010764632803e-01 -1.292581104612196830e-01 -3.689170932769775813e-01 -6.988253937211780231e-02 1.827825405369771783e-01 -3.692885684967041615e-01 6.854361229784458609e-02 -2.239665033537065475e-01 -3.617399215698242632e-01 1.946562591610087045e-01 -5.575507616279548606e-02 -2.588705635070801536e-01
-3.077829406206196161e-01 -1.389459186311403360e-01 -3.691836595535278875e-01 -6.466476773547752410e-02 1.761899105464517223e-01 -3.685408258438110929e-01 7.813255420207572410e-02 -2.270311271020788724e-01 -3.637519979476929177e-01 2.006329431290518606e-01 -1.784878906663812936e-02 -2.728818893432617410e-01
-2.951915301458474805e-01 -1.489598162097324763e-01 -3.701935434341430131e-01 -6.000308187286775008e-02 1.697423424925666724e-01 -3.679139328002929421e-01 8.837841574171473313e-02 -2.298730185049486507e-01 -3.663784217834473167e-01 2.048926038047553244e-01 1.993138240441102993e-02 -2.883845138549805398e-01
-2.819455902968560634e-01 -1.587262890034488172e-01 -3.716397333145141091e-01 -5.620949910679438888e-02 1.636924217416707017e-01 -3.669378280639647993e-01 9.896286310904517380e-02 -2.321986287480613531e-01 -3.688774681091309127e-01 2.095352815173664729e-01 5.620879379815169052e-02 -3.059269142150879972e-01
-2.691466491484544310e-01 -1.659862839803063761e-01 -3.728494977951050116e-01 -5.291700696849913760e-02 1.587549435557964461e-01 -3.652240562438965332e-01 1.097183483778133156e-01 -2.335010605229047853e-01 -3.705866479873657360e-01 2.103901320959300769e-01 8.790269548279103229e-02 -3.241751766204834517e-01
-2.565774105552930950e-01 -1.720413079237848031e-01 -3.738228368759155540e-01 -5.027347404818699461e-02 1.534909002717425031e-01 -3.626975774765014982e-01 1.211087830876221016e-01 -2.335700978784069903e-01 -3.717839813232421964e-01 2.118909035814784403e-01 1.117627071902975722e-01 -3.410263395309448553e-01
-2.439517924676449789e-01 -1.779974830055756629e-01 -3.743151998519897994e-01 -5.042770929534732410e-02 1.478304839648710567e-01 -3.593573141098023171e-01 1.333093534726456364e-01 -2.322080344670913177e-01 -3.725162458419799538e-01 2.138892331847356554e-01 1.284398327109465276e-01 -3.527553892135619762e-01
-2.315886021888571289e-01 -1.836718627532796244e-01 -3.743379831314085915e-01 -5.502129949387802449e-02 1.422778573767770061e-01 -3.559622287750243141e-01 1.460132835295365195e-01 -2.294853693675914519e-01 -3.727681016921997048e-01 2.162541006555722678e-01 1.376595885745783288e-01 -3.600477457046508678e-01
-2.193722679652354013e-01 -1.894071813743652410e-01 -3.739623928070068826e-01 -6.470296250256181436e-02 1.364591126115609065e-01 -3.530470561981201572e-01 1.587540694167175748e-01 -2.253018136510704927e-01 -3.722115993499755526e-01 2.190419601133976601e-01 1.376247772122669022e-01 -3.648225879669189098e-01
-2.071681133212350812e-01 -1.955152536162097776e-01 -3.731557559967041970e-01 -7.870502012798220870e-02 1.294325841449098513e-01 -3.501025867462159158e-01 1.631316310180895846e-01 -2.302363652150482831e-01 -3.707755088806152233e-01 2.206433343877097775e-01 1.363809349245771463e-01 -3.654241943359374800e-01
-1.949004937387242009e-01 -2.017923062940301937e-01 -3.718080472946168613e-01 -9.615995787636116843e-02 1.211293515016909073e-01 -3.464198064804078769e-01 1.650028366382260137e-01 -2.381377152099870553e-01 -3.681938791275025102e-01 2.222556199047148184e-01 1.348924957594583862e-01 -3.662176370620728316e-01
-1.826220659849144279e-01 -2.077896502708720117e-01 -3.700033998489379861e-01 -1.160146998213177350e-01 1.118031826183156635e-01 -3.418650341033935836e-01 1.672124275127817306e-01 -2.467841506201063906e-01 -3.642284250259399392e-01 2.232699957791182133e-01 1.319035836793076011e-01 -3.665962123870850076e-01
-1.702391585665057328e-01 -2.131785216844816755e-01 -3.682835817337036244e-01 -1.367560226724205963e-01 1.012225021261524416e-01 -3.368671464920044434e-01 1.708564923630114807e-01 -2.534947522432819400e-01 -3.595071649551391801e-01 2.238621935975417532e-01 1.274376382535168939e-01 -3.665111827850341952e-01
-1.580372577281192736e-01 -2.177079581089860771e-01 -3.669297742843626864e-01 -1.600191882611655680e-01 9.075179670906510787e-02 -3.334826898574828058e-01 1.762366528060526627e-01 -2.547999781200576130e-01 -3.544746541976929177e-01 2.254359051586458662e-01 1.221870207893412941e-01 -3.665454244613647883e-01
-1.463934719043537558e-01 -2.213010947965911857e-01 -3.660616016387939209e-01 -1.848253642813234843e-01 8.007739674229502613e-02 -3.315476274490356534e-01 1.836073333798630136e-01 -2.486018620488284481e-01 -3.496672868728636363e-01 2.282332828785247902e-01 1.168522630638053061e-01 -3.669152379035948708e-01
-1.354594103375016401e-01 -2.240793326118870332e-01 -3.660786962509156028e-01 -2.111805958834717667e-01 6.884326604265238181e-02 -3.321738052368164995e-01 1.940989430931565618e-01 -2.356483581853467957e-01 -3.459028577804564852e-01 2.317808851314380192e-01 1.118038453963995371e-01 -3.678092598915099765e-01
-1.251459383297015004e-01 -2.261379369602725120e-01 -3.668757724761964045e-01 -2.387669229815241045e-01 5.602405816145007711e-02 -3.353675031661988437e-01 2.063671933649332269e-01 -2.166455467676890456e-01 -3.429475450515747093e-01 2.358245211737735603e-01 1.070809571887386680e-01 -3.689614009857177801e-01
-1.153712170596056519e-01 -2.274765992771547451e-01 -3.680602884292603072e-01 -2.645032581382584236e-01 4.271885181417950372e-02 -3.369498634338379262e-01 2.179509876257195167e-01 -1.934329003873778707e-01 -3.401041030883789618e-01 2.403374026250076345e-01 1.028802692417224718e-01 -3.701622486114502508e-01
-1.060943235034392806e-01 -2.280819936600576581e-01 -3.695899009704587956e-01 -2.837664094610973242e-01 2.963851717105447925e-02 -3.384322929382322376e-01 2.264910426394609322e-01 -1.679630765748380827e-01 -3.368545866012572776e-01 2.453143240292157412e-01 9.956869656185174389e-02 -3.717779064178466375e-01
-9.732026639288716974e-02 -2.280757384312128433e-01 -3.714714527130126287e-01 -2.992937657898994130e-01 1.689599464187924172e-02 -3.416050958633422008e-01 2.253924635352873573e-01 -1.612088601546320943e-01 -3.341467046737671143e-01 2.504527816247733019e-01 9.679357261468461704e-02 -3.738227272033691762e-01
-8.873036063710006138e-02 -2.277623753964531095e-01 -3.735675716400147506e-01 -3.119556528516171934e-01 4.297943975513474069e-03 -3.461537837982178734e-01 2.203341195430852939e-01 -1.567067453686485368e-01 -3.317813396453858088e-01 2.552497461806025880e-01 9.405672459096099669e-02 -3.760004568099976630e-01
-8.023776581168093336e-02 -2.271968140731343566e-01 -3.755192804336547896e-01 -3.214933205027832863e-01 -8.451914788380282539e-03 -3.516073179244995073e-01 2.135265506659193013e-01 -1.508006246458602484e-01 -3.293794536590575195e-01 2.596612277215389897e-01 9.137249689578727518e-02 -3.779135513305663108e-01
-7.186492594952012536e-02 -2.262753854026195999e-01 -3.772243928909301824e-01 -3.271856789572237245e-01 -2.083065296836461577e-02 -3.579727745056152100e-01 2.046324363015433745e-01 -1.438293048149710263e-01 -3.273741722106932595e-01 2.636843086568627093e-01 8.880561845324393133e-02 -3.794336891174315274e-01
-6.389344213105821457e-02 -2.249153485971958633e-01 -3.785595035552978826e-01 -3.279705289111493616e-01 -3.083927980930617485e-02 -3.669477128982543968e-01 1.933081806935067759e-01 -1.361323894939879264e-01 -3.271789932250976918e-01 2.673355619696590746e-01 8.656643423181337171e-02 -3.804460668563842685e-01
-5.667275213529357480e-02 -2.229253230645507899e-01 -3.795405387878418302e-01 -3.253974681581797146e-01 -3.626439918753518454e-02 -3.748801708221435880e-01 1.821988407667056720e-01 -1.284893652262097674e-01 -3.297826576232910645e-01 2.705317429124993178e-01 8.499507854531192230e-02 -3.809572219848633146e-01
-5.047846252495691299e-02 -2.203196666089419220e-01 -3.801225137710571578e-01 -3.221140104847558527e-01 -3.888129200590448309e-02 -3.792083263397216797e-01 1.719035814588502076e-01 -1.212275370976382827e-01 -3.345774698257445445e-01 2.733790572100661120e-01 8.391404719295966763e-02 -3.809758901596068670e-01
-4.414731351423682726e-02 -2.176672104683314013e-01 -3.806251049041746715e-01 -3.173112646466900166e-01 -3.996571429179823776e-02 -3.823483896255491787e-01 1.616378203658740409e-01 -1.144140331964890456e-01 -3.407167339324951305e-01 2.763633420005867647e-01 8.282420748032204294e-02 -3.808574485778808416e-01
-3.704323116551862249e-02 -2.151958685810057004e-01 -3.810974550247192560e-01 -3.103975945500555556e-01 -4.127538273991154805e-02 -3.845268821716308905e-01 1.534067441295113576e-01 -1.084825658504945944e-01 -3.468623733520508901e-01 2.795925617649169803e-01 8.141089924860453464e-02 -3.806014108657839179e-01
-2.931416056887606314e-02 -2.128098594936285726e-01 -3.814962816238403054e-01 -3.030507344742996989e-01 -4.311522240745646606e-02 -3.858911752700805442e-01 1.497871736856623837e-01 -1.040116237000086596e-01 -3.541692352294921742e-01 2.830817397948891534e-01 7.954350410940400073e-02 -3.803520011901855291e-01
-2.133412324686115302e-02 -2.103963482530442075e-01 -3.818669843673707098e-01 -2.958377939588681116e-01 -4.517000591298390988e-02 -3.865294265747071245e-01 1.522392703112179502e-01 -1.006730544498428276e-01 -3.623737335205078902e-01 2.867606931038360618e-01 7.727362825877742702e-02 -3.800886726379395508e-01
-1.331326911548126601e-02 -2.078771263694632887e-01 -3.822047901153564076e-01 -2.891506880910248989e-01 -4.751424467101360294e-02 -3.865715122222899702e-01 1.589388406302104650e-01 -9.754678222276938482e-02 -3.694244813919067005e-01 2.906416308975842133e-01 7.448921779327338788e-02 -3.796739387512206299e-01
-5.947725731077407874e-03 -2.050050466841344121e-01 -3.823896074295042857e-01 -2.828942382762503760e-01 -4.949584423636758934e-02 -3.861691141128539284e-01 1.681180218969702544e-01 -9.387104999781652193e-02 -3.737534189224243075e-01 2.942340898950017714e-01 7.211047337137616031e-02 -3.787808942794799738e-01
3.658200070047051833e-04 -2.018146048890291366e-01 -3.823496103286743164e-01 -2.767780753838576802e-01 -5.070789517160596838e-02 -3.855864191055298207e-01 1.786495127113947590e-01 -8.903231304131466184e-02 -3.753127813339233732e-01 2.970090655507462429e-01 7.042784021672565675e-02 -3.773655986785888761e-01
6.029002122869428493e-03 -1.985763087100851920e-01 -3.820972681045533559e-01 -2.708144523318593566e-01 -5.154461633383054797e-02 -3.850222730636597701e-01 1.898081595042327152e-01 -8.279334059018517156e-02 -3.762545251846314831e-01 2.981027945830946879e-01 7.563505587658694851e-02 -3.755063009262086249e-01
1.116288522320996179e-02 -1.954762269406571107e-01 -3.816201686859131970e-01 -2.651456822327455387e-01 -5.216511981850049939e-02 -3.846118402481080167e-01 1.997600913811155565e-01 -7.522146597268365709e-02 -3.774009132385254817e-01 2.968346799518742363e-01 8.715813574746074377e-02 -3.731095266342164263e-01
1.604640192172095137e-02 -1.925863176808982058e-01 -3.809364652633668302e-01 -2.596769253091495422e-01 -5.284621610212940357e-02 -3.842559432983400081e-01 2.075923792640754217e-01 -6.643989895736963913e-02 -3.779560089111331789e-01 2.935319407074312159e-01 9.959597793410412958e-02 -3.696192836761477141e-01
2.062006187251254341e-02 -1.899516385964603593e-01 -3.799943208694459562e-01 -2.546290549422873806e-01 -5.358874604656199692e-02 -3.836221361160279675e-01 2.141201412161647666e-01 -5.682833648856554232e-02 -3.778984785079957387e-01 2.870320919687391337e-01 1.122015482619470317e-01 -3.648292016983033514e-01
2.496534384354583830e-02 -1.876058000462294539e-01 -3.788634538650513250e-01 -2.499599959880576261e-01 -5.448554766898928980e-02 -3.827237701416016380e-01 2.196456408954759743e-01 -4.668927994933642911e-02 -3.774902820587158758e-01 2.736548752695361353e-01 1.236764947256791536e-01 -3.590168714523316318e-01
2.901392697486752242e-02 -1.855156531388322261e-01 -3.775850152969360551e-01 -2.456231501025231967e-01 -5.536945222459440513e-02 -3.816352081298828303e-01 2.245586160248971841e-01 -3.650237837154809289e-02 -3.769893836975097834e-01 2.544274238281575284e-01 1.326899764532180614e-01 -3.521578121185303112e-01
3.279018750635861318e-02 -1.836959178609675891e-01 -3.761456108093262363e-01 -2.414933136260525859e-01 -5.632543174420839849e-02 -3.803929853439331765e-01 2.282328125229869664e-01 -2.684670704190941781e-02 -3.762386846542358221e-01 2.307099030340141188e-01 1.384153978305291965e-01 -3.448779821395873690e-01
3.646112701487878860e-02 -1.820933973525550309e-01 -3.746384477615356534e-01 -2.372382851392361991e-01 -5.747350722629711306e-02 -3.791098499298096169e-01 2.310661247980053679e-01 -1.814077851206954972e-02 -3.754324722290039440e-01 2.046710477693878816e-01 1.406413465199603530e-01 -3.375519037246704213e-01
4.014323881500671959e-02 -1.806080383734700034e-01 -3.729983663558960050e-01 -2.329365796342345862e-01 -5.874422692362211984e-02 -3.777064704895020109e-01 2.333220388540048484e-01 -1.064189507374886656e-02 -3.745065927505493719e-01 1.794518515490152177e-01 1.401466870999369674e-01 -3.343045520782471081e-01
4.372139613744813191e-02 -1.791740033223908901e-01 -3.713435220718385166e-01 -2.285770301051592845e-01 -6.009381092853326167e-02 -3.762875556945802225e-01 2.352546547687069667e-01 -4.372453800332437579e-03 -3.735353326797485329e-01 1.500749797694574950e-01 1.405188818544056695e-01 -3.327595949172973966e-01
4.716942876038566351e-02 -1.777521409285641174e-01 -3.699838924407958807e-01 -2.241656801312014724e-01 -6.144668101346278943e-02 -3.750838375091552490e-01 2.369270522771078358e-01 1.826717876575748023e-03 -3.727657032012939298e-01 1.170329136706537154e-01 1.472127897473521907e-01 -3.343527173995971546e-01
5.046352114067147177e-02 -1.761997083558241306e-01 -3.690691471099854515e-01 -2.196917627109707116e-01 -6.266312815200572595e-02 -3.742930507659912864e-01 2.382993747596934553e-01 8.131749008036801007e-03 -3.723973178863526079e-01 8.311347872652241620e-02 1.510720705933841779e-01 -3.377466630935669900e-01
5.363987132363194632e-02 -1.746241743875647789e-01 -3.683777618408203836e-01 -2.153465100341816763e-01 -6.386930218005446025e-02 -3.736795520782471014e-01 2.391282014333153683e-01 1.487755441272983759e-02 -3.722158193588257502e-01 4.927461081956633487e-02 1.536440896516108601e-01 -3.389331579208374468e-01
5.672590049262205697e-02 -1.729835570296698044e-01 -3.678443765640259655e-01 -2.114289444317235256e-01 -6.474062501094730859e-02 -3.731423473358155274e-01 2.393850589645035720e-01 2.196590329112667328e-02 -3.721134376525879750e-01 1.683709648691728705e-02 1.566874732302340478e-01 -3.404880166053773083e-01
5.976585625253834355e-02 -1.712613198148253968e-01 -3.674494838714599254e-01 -2.079873759457822324e-01 -6.540628129805232949e-02 -3.725016736984252952e-01 2.390145582283654258e-01 2.932911082364023092e-02 -3.719802236557006592e-01 -1.376677633091715619e-02 1.604650396014959679e-01 -3.423959517478942782e-01
6.279735357222543390e-02 -1.693805359042107328e-01 -3.671568059921264671e-01 -2.049304567434874491e-01 -6.636072740582202312e-02 -3.714940357208252331e-01 2.405461685813632122e-01 3.237889022955736662e-02 -3.718829727172851540e-01 -3.882096932087474722e-02 1.652953464483795099e-01 -3.472698307037354049e-01
6.581064844795907198e-02 -1.673337153444699188e-01 -3.669189405441284912e-01 -2.018434781635057018e-01 -6.810245031141765049e-02 -3.702714300155640625e-01 2.453057775040880240e-01 3.018013418035446482e-02 -3.718113279342651900e-01 -5.834433472161607015e-02 1.697834870016537989e-01 -3.528932905197144088e-01
6.877729342916370781e-02 -1.651798415555769672e-01 -3.667822790145874312e-01 -1.990691137718098858e-01 -7.033969939555731465e-02 -3.687820625305175959e-01 2.506039828765893596e-01 2.809364992044510734e-02 -3.717683029174803644e-01 -7.123749229300826991e-02 1.722553607088912475e-01 -3.560871315002440141e-01
7.171783808212256472e-02 -1.629868112793653179e-01 -3.669520759582519109e-01 -1.968018607688696853e-01 -7.406687348820856220e-02 -3.671050596237182551e-01 2.563567680351428457e-01 2.601507461466794069e-02 -3.718978214263916615e-01 -7.597025416129865594e-02 1.715585545536189027e-01 -3.583609628677368875e-01
7.468573333074143838e-02 -1.606804813859467329e-01 -3.673123931884765825e-01 -1.954348494237457268e-01 -8.482620832856527238e-02 -3.651224184036255260e-01 2.624949379777476999e-01 2.396482776558764294e-02 -3.719615268707275879e-01 -7.563050228230216998e-02 1.711924022244750154e-01 -3.612866973876953658e-01
7.773812305579466675e-02 -1.583284476110471961e-01 -3.676902914047241455e-01 -1.919122407095677219e-01 -1.006869401719849011e-01 -3.618060302734375511e-01 2.688791833045468538e-01 2.212156625774845675e-02 -3.717389440536499334e-01 -7.374894547891169827e-02 1.702411205006908734e-01 -3.629114794731140292e-01
8.074958410765505079e-02 -1.561230094351206410e-01 -3.679050064086915595e-01 -1.824349569998531817e-01 -1.165172868815444046e-01 -3.463686847686768822e-01 2.752541276548479687e-01 2.062931248094007630e-02 -3.710534143447877797e-01 -7.273372006081774144e-02 1.680776955529896255e-01 -3.626521587371827615e-01
8.365811598470053456e-02 -1.540552510144261866e-01 -3.680266332626343506e-01 -1.775242929138395320e-01 -1.405421441567870633e-01 -3.302520275115967130e-01 2.811514000437856931e-01 1.968236732395847732e-02 -3.699471950531005304e-01 -7.073305366517471104e-02 1.650784828142901617e-01 -3.623833823204040128e-01
8.644528390312797295e-02 -1.521095877644404459e-01 -3.681425189971922474e-01 -1.734497363011892335e-01 -1.676588754276639170e-01 -3.203016567230223544e-01 2.858412694497987072e-01 1.926390043581877043e-02 -3.683168888092041016e-01 -6.795753862212110252e-02 1.621966814799506995e-01 -3.626421856880187589e-01
8.908657521678918501e-02 -1.502467223036687283e-01 -3.683239984512329812e-01 -1.680388896341981353e-01 -1.984054989297628635e-01 -3.174022769927979382e-01 2.889228649588915232e-01 1.946997844449460668e-02 -3.662793207168579812e-01 -6.477459338311711279e-02 1.598847460955530320e-01 -3.630037331581116855e-01
9.158985930220357730e-02 -1.483729235889479914e-01 -3.684788894653319158e-01 -1.633654337319463967e-01 -2.274996477803588601e-01 -3.183939647674559614e-01 2.907299182906492030e-01 2.113145380954889463e-02 -3.639716625213623158e-01 -6.124278715436139858e-02 1.582649174296963945e-01 -3.634362530708313277e-01
9.387035480220543016e-02 -1.464799126048615119e-01 -3.685480737686158137e-01 -1.594656134247716961e-01 -2.551030875952993160e-01 -3.217429733276367942e-01 2.908536775116200568e-01 2.427171664486946212e-02 -3.611534452438355247e-01 -5.741993896090605287e-02 1.573098033554794495e-01 -3.639899086952210205e-01
9.586292691728842685e-02 -1.446272471052914566e-01 -3.683728981018068449e-01 -1.580643168780614949e-01 -2.840016502352850081e-01 -3.289544963836671942e-01 2.883562794128861628e-01 2.863692736932890726e-02 -3.577670907974244141e-01 -5.345011136396979334e-02 1.568736641682253463e-01 -3.644373869895936036e-01
9.770547323450415322e-02 -1.426922167484341308e-01 -3.680333423614502442e-01 -1.631562506408620050e-01 -3.211351332820013282e-01 -3.367426538467407915e-01 2.817594985450089240e-01 3.529054660979254188e-02 -3.545201063156128707e-01 -4.945001808425882051e-02 1.568988235558132494e-01 -3.647601270675659979e-01
9.927623190672350828e-02 -1.406064945030796598e-01 -3.676265430450439964e-01 -1.666471811429527106e-01 -3.373293427549040047e-01 -3.394664239883423140e-01 2.700975207754221508e-01 4.352493894301186217e-02 -3.518679428100586204e-01 -4.549952437414970380e-02 1.574678888187739934e-01 -3.651776981353760387e-01
1.004391753981999230e-01 -1.384531751456894166e-01 -3.672813940048217374e-01 -1.734029833443606616e-01 -3.470891854699645895e-01 -3.456901073455810325e-01 2.541517888709957651e-01 5.081133207905449978e-02 -3.493555021286010587e-01 -4.193976456739283848e-02 1.583914308811264215e-01 -3.657552862167358088e-01
1.011498964917366683e-01 -1.363991514831290885e-01 -3.669825887680052690e-01 -1.789811955998081294e-01 -3.517299748157260431e-01 -3.563853788375853648e-01 2.357107093295766065e-01 5.790103122829025339e-02 -3.481407690048217707e-01 -3.864317190660141593e-02 1.595330334121203841e-01 -3.664636731147766224e-01
1.016108459309403023e-01 -1.342281871192114728e-01 -3.664760255813598322e-01 -1.821675816646075030e-01 -3.541026606608321248e-01 -3.662002944946288752e-01 2.158515131836510059e-01 6.346190175221587404e-02 -3.482492589950561546e-01 -3.559401106454065933e-02 1.608981680368582468e-01 -3.670118856430053533e-01
1.019351665922882955e-01 -1.317639086737096843e-01 -3.660519742965698264e-01 -1.836686557152203136e-01 -3.553084103150335737e-01 -3.717038607597351052e-01 1.944310163276913028e-01 6.518022365378348115e-02 -3.483160352706908269e-01 -3.268200808709635641e-02 1.625920093145992174e-01 -3.676510524749754816e-01
1.021728370544794789e-01 -1.290397244252624587e-01 -3.655990839004516491e-01 -1.830562719439890462e-01 -3.531758793167746324e-01 -3.750451803207397461e-01 1.747823065815191090e-01 6.275686199993685266e-02 -3.476198148727417947e-01 -2.986392018674444149e-02 1.645533292190725916e-01 -3.682352685928345637e-01
1.023335181952103046e-01 -1.261300242398016302e-01 -3.650740480422972611e-01 -1.799298982665155089e-01 -3.501907203470193131e-01 -3.765108966827391823e-01 1.582508835838707939e-01 6.141546234968447981e-02 -3.476349115371704102e-01 -2.715750847246406474e-02 1.666916337934843395e-01 -3.687006330490112394e-01
1.023924475106466891e-01 -1.231170578789778230e-01 -3.644896411895753308e-01 -1.766330292402173985e-01 -3.463612252904530453e-01 -3.768541622161866167e-01 1.438464685149861699e-01 6.351962227391980131e-02 -3.486794948577882081e-01 -2.454867183593668900e-02 1.690037858515354985e-01 -3.691141223907472013e-01
1.022196402671616683e-01 -1.199330982496449038e-01 -3.637822389602661799e-01 -1.737215946969968838e-01 -3.420775817830298271e-01 -3.764301109313965554e-01 1.327851728225947214e-01 6.642875776900450391e-02 -3.500721216201783115e-01 -2.221661368374741596e-02 1.715397418642361227e-01 -3.695074033737183461e-01
1.018979310915960890e-01 -1.166167619768422870e-01 -3.629530620574952238e-01 -1.710364474579627592e-01 -3.377623008975652596e-01 -3.756109023094177934e-01 1.314769449691598757e-01 6.676652433715615786e-02 -3.520966196060181796e-01 -2.007318180466799440e-02 1.742542982210713298e-01 -3.698630857467652411e-01
1.015453452032395870e-01 -1.131778818962413946e-01 -3.620738172531127730e-01 -1.686847725984004509e-01 -3.334723970480020228e-01 -3.747656774520873868e-01 1.322322710169729354e-01 7.038280982546599174e-02 -3.552474260330200084e-01 -1.806245726514993377e-02 1.771028304938703224e-01 -3.701673316955566007e-01
1.012014623089718957e-01 -1.097095398827564183e-01 -3.612278938293457253e-01 -1.667290880122939134e-01 -3.290913820735492101e-01 -3.742737388610840044e-01 1.339069902182725147e-01 7.528105516234462335e-02 -3.579221725463866965e-01 -1.622823296725491027e-02 1.800327309612747007e-01 -3.704273128509521507e-01
1.008713598494076630e-01 -1.062026298911837724e-01 -3.604426670074462602e-01 -1.649075323924883429e-01 -3.246803250054312584e-01 -3.744120788574218373e-01 1.351889211817725034e-01 7.955623750393028826e-02 -3.588781642913816960e-01 -1.462318566218373528e-02 1.829800651402908040e-01 -3.706310367584227383e-01
1.004827613584408225e-01 -1.026720677930020864e-01 -3.596727657318115612e-01 -1.632888241497145454e-01 -3.203763403091347550e-01 -3.745478320121765625e-01 1.361589681414965003e-01 8.358813613816538923e-02 -3.592661476135254328e-01 -1.332878199942921782e-02 1.859089439492252471e-01 -3.705799436569214289e-01
9.999597372959477537e-02 -9.917284289373792805e-02 -3.588887739181518266e-01 -1.618631198944103233e-01 -3.162063536847509182e-01 -3.745091772079467418e-01 1.369864564674186935e-01 8.745556638910881309e-02 -3.594977855682373047e-01 -1.213506127663538381e-02 1.888039749096114273e-01 -3.703782987594604337e-01
9.946008218382149102e-02 -9.578391308075961952e-02 -3.581231880187988881e-01 -1.606014776172384750e-01 -3.121707446347727899e-01 -3.743643498420715643e-01 1.383294010769065829e-01 9.064981532352189841e-02 -3.598021554946899681e-01 -1.105308422317442807e-02 1.916094930939299112e-01 -3.701071786880493764e-01
9.889394774514584374e-02 -9.254027411063081576e-02 -3.573810815811158115e-01 -1.594539627568641038e-01 -3.082541922909105003e-01 -3.741434574127198154e-01 1.400452782343965252e-01 9.314858598558234393e-02 -3.601485967636109398e-01 -1.007716597292540595e-02 1.943193962005050068e-01 -3.697976779937744984e-01
9.832697700138784414e-02 -8.950662550722106314e-02 -3.566425848007203081e-01 -1.584219458590521712e-01 -3.045634484934894304e-01 -3.738652634620667214e-01 1.411764180040245287e-01 9.558786736379792925e-02 -3.601114702224731956e-01 -9.189834430969628931e-03 1.969120100971605836e-01 -3.694530725479126532e-01
9.774832363659452517e-02 -8.666684620268741424e-02 -3.558812475204468639e-01 -1.574969203816066754e-01 -3.010458176188759993e-01 -3.735477089881897861e-01 1.421337653344293406e-01 9.812122961992170156e-02 -3.599772071838379661e-01 -8.400112205228640883e-03 1.994568948672973963e-01 -3.690739822387696378e-01
9.716916609029992158e-02 -8.395982357863329693e-02 -3.551313972473145175e-01 -1.566577079259179328e-01 -2.976475010837925095e-01 -3.732267832756043235e-01 1.429409747082749371e-01 1.006520638376434268e-01 -3.599782943725586826e-01 -7.715216195272919797e-03 2.019750737304112920e-01 -3.686867761611939409e-01
9.656501128037731085e-02 -8.138403225925079643e-02 -3.544126081466675293e-01 -1.558987959202809970e-01 -2.942994945538918716e-01 -3.729428839683533448e-01 1.436524719284249518e-01 1.032978578881785237e-01 -3.601831674575806663e-01 -7.154383560121588270e-03 2.044890921035987519e-01 -3.683454799652100542e-01
9.594450468560908329e-02 -7.899706039040806094e-02 -3.537312316894531405e-01 -1.552566325804428660e-01 -2.910478378627109897e-01 -3.727159357070923273e-01 1.440937686565121889e-01 1.059089648799801942e-01 -3.603699874877929754e-01 -6.754532275381905371e-03 2.069912260734901033e-01 -3.680148077011108909e-01
9.528729448739892138e-02 -7.686761156811812434e-02 -3.530876970291138006e-01 -1.548098171280548052e-01 -2.879297461408659164e-01 -3.725550127029419456e-01 1.442811330432203221e-01 1.083988091096765860e-01 -3.605373287200928090e-01 -6.529536263711652189e-03 2.094266451056145395e-01 -3.676951646804809681e-01
9.462379999671537145e-02 -7.484296533727188838e-02 -3.524710512161255416e-01 -1.544023072709284627e-01 -2.848843292780330327e-01 -3.724570417404175493e-01 1.444401276060935102e-01 1.108186264034774493e-01 -3.607421159744262362e-01 -6.295199363344161636e-03 2.117182514569412866e-01 -3.674177408218383123e-01
9.399314102629557910e-02 -7.298528394273023912e-02 -3.518815517425537553e-01 -1.540920916496003323e-01 -2.819959600388662890e-01 -3.723817110061646285e-01 1.445520040214055002e-01 1.131265030557845608e-01 -3.609434556961060303e-01 -6.062128801993346694e-03 2.138273349236848309e-01 -3.671588134765625400e-01
9.340157937018202239e-02 -7.124694189435572256e-02 -3.513117694854736572e-01 -1.539031579590347532e-01 -2.792307057380140067e-01 -3.723352503776550249e-01 1.446114948256030375e-01 1.153266461447113589e-01 -3.611323261260986350e-01 -5.869541283043663848e-03 2.157630701891239955e-01 -3.669261503219604648e-01
9.283001977105356795e-02 -6.962111638667199676e-02 -3.507849597930908780e-01 -1.538102098144352725e-01 -2.765650634386623841e-01 -3.723241543769837403e-01 1.448985228562291172e-01 1.172803618496372491e-01 -3.612992906570435259e-01 -5.737241117257207978e-03 2.175650907156395086e-01 -3.667463445663453059e-01
9.227950565422893270e-02 -6.811145776894406145e-02 -3.502610731124878307e-01 -1.537848969091663298e-01 -2.739704243553079954e-01 -3.723067498207092707e-01 1.452060613931296928e-01 1.191540641232669423e-01 -3.614534330368042170e-01 -5.647770810421448573e-03 2.192568020613099855e-01 -3.665818929672241544e-01
9.173332645640736027e-02 -6.670420432320511850e-02 -3.497290802001953303e-01 -1.539414817352200426e-01 -2.714227199561546344e-01 -3.722562432289123202e-01 1.454522329873316200e-01 1.209646763220868365e-01 -3.615983390808105158e-01 -5.674036028242498975e-03 2.208780478307861561e-01 -3.663825321197509699e-01
9.120185344424866503e-02 -6.543211282977372256e-02 -3.491907978057861572e-01 -1.542545609707454413e-01 -2.689528340187554156e-01 -3.721804571151733909e-01 1.455900550049131770e-01 1.227152617781620270e-01 -3.616723155975342108e-01 -5.781165897184387115e-03 2.224513427379924690e-01 -3.661984682083130327e-01
9.068934296848409071e-02 -6.421275910987794822e-02 -3.486007738113404142e-01 -1.546750253646474171e-01 -2.665535917609031524e-01 -3.720565509796143200e-01 1.456398868005805425e-01 1.244140308015007912e-01 -3.616644096374512229e-01 -5.960468893742992824e-03 2.240422743644831238e-01 -3.659393262863159801e-01
9.019954093325645295e-02 -6.320205569307429938e-02 -3.479841899871826127e-01 -1.551878981198875074e-01 -2.642228431738729566e-01 -3.718732881546020219e-01 1.456025228469883803e-01 1.260920703935265175e-01 -3.615903139114379772e-01 -6.116846838495962335e-03 2.255849290450049893e-01 -3.655658197402953946e-01
8.978490641384519189e-02 -6.271020859423726002e-02 -3.474346971511841353e-01 -1.558021068366069739e-01 -2.619730237289975006e-01 -3.716399049758911666e-01 1.455386649507526831e-01 1.277241625188286211e-01 -3.615063571929931774e-01 -6.321938460154954975e-03 2.271034974934214301e-01 -3.650090789794922519e-01
8.938166934062674596e-02 -6.254777452956292172e-02 -3.468748903274536111e-01 -1.565911489612282770e-01 -2.597466173007421664e-01 -3.713497161865234042e-01 1.454667442369088626e-01 1.293095063593960314e-01 -3.614374780654907027e-01 -6.554076658899260499e-03 2.286023642196975680e-01 -3.643980407714843550e-01
8.897309522296070750e-02 -6.234515439469405507e-02 -3.462180185317993986e-01 -1.573932736830475354e-01 -2.575359337620626854e-01 -3.709940814971924294e-01 1.452543347488541581e-01 1.309742409275238550e-01 -3.613367319107056441e-01 -6.672684905852627191e-03 2.299954179182414626e-01 -3.639001464843750755e-01
8.862755230783291027e-02 -6.227778845415731651e-02 -3.454712867736817183e-01 -1.579565208097883089e-01 -2.553864495111413668e-01 -3.705951166152954834e-01 1.450489801157014980e-01 1.326611559283059627e-01 -3.611839532852173518e-01 -6.594663767817934841e-03 2.312961399081944203e-01 -3.634204530715943182e-01
8.838737763905564482e-02 -6.266988561253480916e-02 -3.447006225585937944e-01 -1.582225218636281183e-01 -2.532966257158606460e-01 -3.701685571670532693e-01 1.448890530570453583e-01 1.343523333614828341e-01 -3.609605979919435215e-01 -6.302730964148656190e-03 2.325155705803232387e-01 -3.629782390594483710e-01
8.826837858670712189e-02 -6.387069934900080348e-02 -3.439062881469725497e-01 -1.583018561726480811e-01 -2.512611875638378622e-01 -3.697022962570189475e-01 1.446546986601447704e-01 1.360893289225603708e-01 -3.606416034698486373e-01 -5.900425121971669684e-03 2.337589925096186516e-01 -3.625639152526855535e-01
8.823138785148579299e-02 -6.566520359445138233e-02 -3.430272388458251998e-01 -1.582393385195332847e-01 -2.492169126920447397e-01 -3.691994524002075173e-01 1.442553960299843285e-01 1.379419596023281069e-01 -3.602273988723754816e-01 -5.385334301000563317e-03 2.349749697235190560e-01 -3.621371126174926514e-01
8.829577577105261754e-02 -6.825873860915407376e-02 -3.420894908905028897e-01 -1.580583036524646212e-01 -2.472146342568039834e-01 -3.686727571487425914e-01 1.437421391703753160e-01 1.398486971019288760e-01 -3.597291135787964445e-01 -4.889897369168921815e-03 2.361571440474840022e-01 -3.616156721115112993e-01
8.845300444229761694e-02 -7.183246025310130456e-02 -3.410852003097534779e-01 -1.577880025191862878e-01 -2.452285621041106478e-01 -3.681202507019043502e-01 1.438278421701259246e-01 1.415127041772449579e-01 -3.591552257537841131e-01 -4.369225143058319549e-03 2.373255506494672540e-01 -3.610735559463500444e-01
8.872369779046046512e-02 -7.653704644050876582e-02 -3.400028467178344838e-01 -1.574399124829483076e-01 -2.432721314969445436e-01 -3.675518655776977561e-01 1.444779046125453936e-01 1.429520699712443221e-01 -3.585269880294801315e-01 -3.565867498072694541e-03 2.384403794083508887e-01 -3.606943464279176448e-01
8.909641933722180218e-02 -8.253570490548889360e-02 -3.387932109832763605e-01 -1.570078255862511207e-01 -2.413265909673574516e-01 -3.669886159896850186e-01 1.451763631187616976e-01 1.443764620606391713e-01 -3.578714275360107555e-01 -2.519477946828191373e-03 2.395120110506187561e-01 -3.604805850982665816e-01
8.959047308539898335e-02 -9.005478299343662452e-02 -3.375312662124633767e-01 -1.564898493996035311e-01 -2.393875275998850194e-01 -3.664350414276122958e-01 1.459204802496425479e-01 1.457912695502461276e-01 -3.572052812576294034e-01 -1.551729271172738733e-03 2.406181068343913321e-01 -3.602747392654419012e-01
9.017422800448757214e-02 -9.906567846551887768e-02 -3.362830209732056708e-01 -1.558810621742819369e-01 -2.374526696639963630e-01 -3.658877038955689609e-01 1.466945440109521381e-01 1.471857826263452962e-01 -3.565490818023682729e-01 -7.071635812074539285e-04 2.418122403736265580e-01 -3.601137208938599565e-01
9.081458010149962012e-02 -1.095570446437695439e-01 -3.348854970932005903e-01 -1.551937868611523164e-01 -2.355218109799837589e-01 -3.653348684310912531e-01 1.475160474244869291e-01 1.485939672877580053e-01 -3.559273004531859907e-01 7.635946229847534461e-05 2.429778796391137696e-01 -3.598835515975951638e-01
9.147076303686885179e-02 -1.214068187391248027e-01 -3.335581731796264937e-01 -1.544427485403310762e-01 -2.335656310565454585e-01 -3.647804880142211936e-01 1.483465430105082028e-01 1.499807156552791787e-01 -3.552959680557251088e-01 7.932450560918791194e-04 2.441480597501630156e-01 -3.595756435394287243e-01
9.201384921813179907e-02 -1.350704330851692780e-01 -3.333577442169189387e-01 -1.535809094692608956e-01 -2.315520184231626422e-01 -3.642018222808837691e-01 1.492561222951807320e-01 1.513569941347781833e-01 -3.546616840362549761e-01 1.520016673475968472e-03 2.453455763511909471e-01 -3.591775512695313255e-01
9.222786416138556431e-02 -1.491459673839162781e-01 -3.321916294097900235e-01 -1.525042333616209722e-01 -2.295885697580477280e-01 -3.636456584930419789e-01 1.503422265695325277e-01 1.526329290263269134e-01 -3.540627288818359308e-01 1.889080322352798547e-03 2.466402243601096556e-01 -3.587954425811767378e-01
9.239712779067697779e-02 -1.618293809231999558e-01 -3.299809741973876442e-01 -1.515391154605690849e-01 -2.275765648345244863e-01 -3.631576490402221302e-01 1.512773988600623620e-01 1.539696639126368061e-01 -3.535429048538208940e-01 1.710911887345969995e-03 2.481501190722324723e-01 -3.584655094146729226e-01
9.240915853202646968e-02 -1.739360194426351480e-01 -3.275559568405151945e-01 -1.505716364113106609e-01 -2.255180709956173535e-01 -3.626962995529175449e-01 1.522018986772115112e-01 1.553267358477006255e-01 -3.530314397811890048e-01 1.643010798606542311e-03 2.498775740620524932e-01 -3.582125520706177513e-01
9.228461126258177827e-02 -1.852378927144874010e-01 -3.249359321594237904e-01 -1.496300898867002627e-01 -2.233882013905374164e-01 -3.622844743728637074e-01 1.531022142279599429e-01 1.567066298719519968e-01 -3.525360155105590199e-01 1.655503501145016987e-03 2.518215041311342994e-01 -3.580854940414428533e-01
9.197900236273165442e-02 -1.958211452487877424e-01 -3.220429801940918324e-01 -1.487682633915051733e-01 -2.211301485695684743e-01 -3.619520854949951350e-01 1.539705072501294236e-01 1.581710193536312592e-01 -3.521004819869995028e-01 1.556438188266132117e-03 2.537298177462296578e-01 -3.580069923400879262e-01
9.154859461226236284e-02 -2.058465912707593826e-01 -3.187247371673584961e-01 -1.480662670710828632e-01 -2.187096810182055096e-01 -3.617067003250122870e-01 1.547648513471771015e-01 1.597747344467410624e-01 -3.517613840103150369e-01 1.302928944965350833e-03 2.556973710092160790e-01 -3.579443264007569070e-01
9.105653540544812741e-02 -2.161723285395525940e-01 -3.147179698944091997e-01 -1.474987267038662120e-01 -2.161165479083873853e-01 -3.615563011169433683e-01 1.555540889072148936e-01 1.615494081448505537e-01 -3.515453100204468107e-01 8.120917151469841944e-04 2.576766029648635548e-01 -3.579653453826904252e-01
9.053838310151722524e-02 -2.274974403941263656e-01 -3.096223831176757590e-01 -1.470985368549706240e-01 -2.133469957550624962e-01 -3.615022325515747093e-01 1.563058761397212448e-01 1.635021425325596800e-01 -3.514865159988403431e-01 -3.511024986128929992e-05 2.595682455788916876e-01 -3.581038522720336736e-01
8.976041285192488950e-02 -2.394076652714421938e-01 -3.036577606201170676e-01 -1.468446176515992019e-01 -2.103824046135978343e-01 -3.615368080139158558e-01 1.570325225196772534e-01 1.656113475584564954e-01 -3.515821409225463601e-01 -1.248941110057757986e-03 2.613093817368803418e-01 -3.581928014755249023e-01
8.851239378470698860e-02 -2.519899622920788174e-01 -2.991115665435791215e-01 -1.467054914697116519e-01 -2.071855437730687477e-01 -3.616422891616821178e-01 1.577563765832547538e-01 1.678115998987636803e-01 -3.517428350448608687e-01 -2.669092074909895640e-03 2.633789657023655195e-01 -3.581307172775268777e-01
8.687241950649458866e-02 -2.654076528642585475e-01 -2.956528472900391002e-01 -1.466544584953836106e-01 -2.037120717453483609e-01 -3.618288469314575595e-01 1.585071928685120313e-01 1.701693286097765156e-01 -3.519907236099243386e-01 -4.357773400409201137e-03 2.657864863540304046e-01 -3.578539466857910689e-01
8.488998266901537360e-02 -2.803898006810607302e-01 -2.934494781494139670e-01 -1.466752808429324373e-01 -2.000786388634106516e-01 -3.620973777770995494e-01 1.593155101531716356e-01 1.726947288287039584e-01 -3.523835182189940518e-01 -6.449556673815748375e-03 2.678821524360570638e-01 -3.568480634689330522e-01
8.243154438968725017e-02 -2.977278778229426881e-01 -2.925804996490478649e-01 -1.467134334057487444e-01 -1.963373699167079989e-01 -3.624019622802734375e-01 1.601959396610499464e-01 1.753601899203469927e-01 -3.528798627853393377e-01 -8.942017343230329596e-03 2.691500898586211554e-01 -3.546832132339477472e-01
7.949383363824771842e-02 -3.183841695851968856e-01 -2.927809524536133523e-01 -1.466630003120643067e-01 -1.924894228311588018e-01 -3.627524471282959628e-01 1.611958765745238331e-01 1.781502041484528120e-01 -3.534529161453248136e-01 -1.195755209831464438e-02 2.689658149972785073e-01 -3.511009836196899991e-01
7.609708891087249572e-02 -3.423321634380387390e-01 -2.937260818481445268e-01 -1.464589955989250014e-01 -1.886037449106308939e-01 -3.632228183746337713e-01 1.623770668706395748e-01 1.810182782966695825e-01 -3.541473150253295898e-01 -1.573950206318807526e-02 2.662598717153360495e-01 -3.454365777969360396e-01
7.256834141969864538e-02 -3.673609093900087608e-01 -2.959017372131347856e-01 -1.461455125458276105e-01 -1.847072602393210750e-01 -3.635745143890380948e-01 1.636061125898118918e-01 1.839622688064045386e-01 -3.547166585922241766e-01 -2.039172797995576769e-02 2.595836448442596645e-01 -3.376219558715820579e-01
6.916307249864542261e-02 -3.915129760882276044e-01 -2.980946731567382102e-01 -1.457196706157888599e-01 -1.807679744844884473e-01 -3.637032127380370738e-01 1.648492858519528537e-01 1.869679600284705201e-01 -3.550376176834107445e-01 -2.686062815053595620e-02 2.435302780146270940e-01 -3.287202262878418657e-01
6.618576279132037943e-02 -4.132587452209864343e-01 -3.009955978393554776e-01 -1.451311884232952265e-01 -1.768198111041170417e-01 -3.637396335601806863e-01 1.660918649212577147e-01 1.899824064806883150e-01 -3.552824640274047097e-01 -3.352919130258170954e-02 2.233719406492782611e-01 -3.223478269577025324e-01
6.374623894285416648e-02 -4.304960844570511758e-01 -3.050347995758057040e-01 -1.444226264784018998e-01 -1.728151441691387069e-01 -3.637347030639649370e-01 1.673331293873739634e-01 1.930939236557107641e-01 -3.555706739425659735e-01 -3.999800063590748522e-02 2.005484507807902550e-01 -3.176674556732178578e-01
6.181304733688629260e-02 -4.424227096650241164e-01 -3.095555877685547408e-01 -1.436730723070689386e-01 -1.687107875051540307e-01 -3.636880970001221125e-01 1.684801327244719038e-01 1.963068990825018456e-01 -3.558065128326416415e-01 -4.616038335010886479e-02 1.754394555931516608e-01 -3.127151298522949929e-01
6.007705174865574094e-02 -4.502377445252330190e-01 -3.143149757385254595e-01 -1.429633939761786876e-01 -1.644511674548518043e-01 -3.635961151123047741e-01 1.694809886941863464e-01 1.996063568660145504e-01 -3.559409999847412132e-01 -5.169072177954361913e-02 1.505609041854880648e-01 -3.088245201110839666e-01
5.840413010829230422e-02 -4.542913994268731881e-01 -3.196834611892699352e-01 -1.423059381757596498e-01 -1.600108263582389612e-01 -3.634591913223265691e-01 1.704773088546255866e-01 2.030560119726512736e-01 -3.560585975646973211e-01 -5.635450002858193030e-02 1.288483975851603958e-01 -3.120068883895874556e-01
5.700913189803780146e-02 -4.554513844946158629e-01 -3.253355121612548917e-01 -1.416020576328868019e-01 -1.552778730235926108e-01 -3.632371807098389027e-01 1.716570251935216618e-01 2.067153012757463049e-01 -3.560642719268798939e-01 -6.144409748959421547e-02 1.135539498403377034e-01 -3.245793485641479403e-01
5.543679412128542372e-02 -4.544980438744651297e-01 -3.308857536315917836e-01 -1.410072023634249549e-01 -1.501623429997838988e-01 -3.629129171371460183e-01 1.729712582976288826e-01 2.106514315571289542e-01 -3.559481573104858465e-01 -6.926652194745405722e-02 1.042525494791585738e-01 -3.353521227836608887e-01
5.360741189468450074e-02 -4.514287944518227125e-01 -3.357526254653931397e-01 -1.405593150832834815e-01 -1.445306840537151083e-01 -3.624773836135865013e-01 1.742970391496367344e-01 2.149852636956441354e-01 -3.557405757904053556e-01 -7.628346731349672227e-02 1.011143036548246693e-01 -3.410485982894898016e-01
5.148349424790142626e-02 -4.470074145776612995e-01 -3.398412275314331987e-01 -1.402624450467111483e-01 -1.382874148251540536e-01 -3.619052553176880793e-01 1.755027272369155955e-01 2.198130665541358497e-01 -3.553872251510620806e-01 -8.134916285214909004e-02 1.023714789373665474e-01 -3.435340881347657138e-01
4.919356576008555165e-02 -4.418131075220819159e-01 -3.433095359802246782e-01 -1.401545156688124016e-01 -1.315251377622069229e-01 -3.612293815612793724e-01 1.765594202854454120e-01 2.251072308464049376e-01 -3.549433135986329035e-01 -8.361263645806171763e-02 1.063734807437093366e-01 -3.447691774368287221e-01
