1.109500353079636605e-02 -1.560143881788388920e-01 4.794125330407741359e-01 -1.424602873403276737e+00 2.202149710179042985e-01 3.766360953245210252e-01 -1.267069332174247442e+00 9.461748833063495651e-03 -1.196241674370072949e-01 9.528010599677095849e-01 -1.315060555739827164e+00 2.671244332084538597e-01 7.654361081634275532e-01 -1.140930248636225386e+00
1.109500353079636605e-02 -1.560143881788388920e-01 4.794125330407741359e-01 -1.424602873403276737e+00 2.202149710179042985e-01 3.766360953245210252e-01 -1.267069332174247442e+00 9.461748833063495651e-03 -1.196241674370072949e-01 9.528010599677095849e-01 -1.315060555739827164e+00 2.671244332084538597e-01 7.654361081634275532e-01 -1.140930248636225386e+00
8.629820742061695971e-02 -1.960451225558537958e-01 4.476479309295963716e-01 -1.378119086883120126e+00 1.788816660850139628e-01 4.188469111063856665e-01 -1.328141408711465132e+00 9.669983880386309044e-03 -2.079602198579686700e-01 9.351146535056334974e-01 -1.283214572033099410e+00 1.822444032368691069e-01 7.897722795175332600e-01 -1.189037730213017952e+00
9.079654094076755610e-02 -1.967522859075093444e-01 4.483180955194060457e-01 -1.378880105075122042e+00 1.782728853360513732e-01 4.188275581786005120e-01 -1.328378750160387867e+00 8.286371719772688341e-03 -2.040797915216542857e-01 9.361584528843720499e-01 -1.284561435773823757e+00 1.866801921654258067e-01 7.895637982170650160e-01 -1.193773699796519150e+00
9.406852404378863997e-02 -1.975239014699035622e-01 4.490392518487124618e-01 -1.379678908655979752e+00 1.776225549380406610e-01 4.185553392613576285e-01 -1.328362327923410247e+00 8.484363422369094535e-03 -2.005671423488789018e-01 9.366826894043641660e-01 -1.282633891094069334e+00 1.903306174219376035e-01 7.889943404375782121e-01 -1.194212430948964343e+00
9.701115648067615282e-02 -1.979812703090454984e-01 4.496119985448545076e-01 -1.380300057560143845e+00 1.772554442935981855e-01 4.183011631286680521e-01 -1.328308799789424288e+00 9.671756839287443466e-03 -1.972294227054164906e-01 9.368621529026712746e-01 -1.278560492831671613e+00 1.935451021709136965e-01 7.881614118331473628e-01 -1.191827809497886914e+00
9.902331158425051183e-02 -1.979336943316191422e-01 4.500452958309328344e-01 -1.380655051717204707e+00 1.768372560481459299e-01 4.178936208156029952e-01 -1.328009879463611265e+00 9.268882810725321067e-03 -1.944023517477277141e-01 9.373170437473903327e-01 -1.278248209288298742e+00 1.965124317612878535e-01 7.877914793938216587e-01 -1.193218542800244641e+00
9.957527462703048837e-02 -1.974507961227408293e-01 4.505022888553835148e-01 -1.380819781717035122e+00 1.762826212216216937e-01 4.172590163280153197e-01 -1.327454326108603144e+00 9.987352804595089895e-03 -1.920613350245513051e-01 9.373262538106271746e-01 -1.275654445843743323e+00 1.986794500752913362e-01 7.871742825125791487e-01 -1.191310633055934209e+00
9.978563141898261213e-02 -1.972366969448753060e-01 4.506164695228339623e-01 -1.380578025958774546e+00 1.766847458533746529e-01 4.167494523985414423e-01 -1.326780363690987175e+00 9.619796299325836589e-03 -1.905382547193469889e-01 9.374116684540166888e-01 -1.275969951972188543e+00 2.001325309245241824e-01 7.868771838754546888e-01 -1.191685891503666994e+00
9.843958545052576559e-02 -1.976313305001698717e-01 4.507207365042782410e-01 -1.380255037491349590e+00 1.774188248110578625e-01 4.161719157789927070e-01 -1.325952194204399470e+00 9.846043231282576927e-03 -1.898603105106732025e-01 9.370781263000454997e-01 -1.275481097532279895e+00 2.004580855361406955e-01 7.865402316771125113e-01 -1.190079520990549700e+00
9.498349843611045284e-02 -1.963304090256016432e-01 4.504161699011731690e-01 -1.379352007607338004e+00 1.785059610325510360e-01 4.153995785150703668e-01 -1.324836967387184705e+00 1.025988714371463620e-02 -1.902539636091680197e-01 9.364583525276354292e-01 -1.275308141975036280e+00 1.994726444097463802e-01 7.863243829604535939e-01 -1.187450830540069058e+00
8.970372268406022476e-02 -1.947020727862507627e-01 4.500668810344992665e-01 -1.378445230895753104e+00 1.798928198065804507e-01 4.146770774533394266e-01 -1.323772296723936259e+00 1.137693534485797325e-02 -1.915439343365918645e-01 9.354517505851287495e-01 -1.274099205938604040e+00 1.973171581382132111e-01 7.861290738607024098e-01 -1.182522673025631077e+00
8.295019733517505767e-02 -1.926686092615536861e-01 4.496564259902379179e-01 -1.377529522473279755e+00 1.816674065622545797e-01 4.139962353780705095e-01 -1.322750032922615837e+00 8.929430829924903459e-03 -1.939924779321292592e-01 9.351304425257225272e-01 -1.281402674898590499e+00 1.946445768132270548e-01 7.870570709338016169e-01 -1.186089794068583947e+00
7.572860131737430001e-02 -1.902538416027313439e-01 4.492241317145467816e-01 -1.376780145690304158e+00 1.838430099903361481e-01 4.134932022747007108e-01 -1.322001362686302084e+00 9.338099909841903953e-03 -1.965004309483050216e-01 9.340869027854920015e-01 -1.282481642270304478e+00 1.912832978967894670e-01 7.873899698232897926e-01 -1.182332023380787245e+00
6.716487011280096453e-02 -1.885375555308675677e-01 4.492037294752564414e-01 -1.376584404685062824e+00 1.854039687254829538e-01 4.128138527153880633e-01 -1.321291450317118921e+00 1.035404009288016548e-02 -1.991596517747238337e-01 9.329705969583891312e-01 -1.282409200954268025e+00 1.876462276778625704e-01 7.873895563582244961e-01 -1.176354459831804089e+00
5.949482640331926753e-02 -1.858437796358017868e-01 4.490200066628347031e-01 -1.376595637298741126e+00 1.879781971320486911e-01 4.127331794359878070e-01 -1.321283087469423467e+00 8.710862312058142987e-03 -2.021114443155205276e-01 9.325412627072776628e-01 -1.288338162414649934e+00 1.842543612102150452e-01 7.881494220124495298e-01 -1.176778998836990775e+00
5.076461648203517418e-02 -1.841309114742332997e-01 4.493919490810029949e-01 -1.377220227507199191e+00 1.896325851253139183e-01 4.124661136981764287e-01 -1.321270935544270220e+00 8.640525789559299480e-03 -2.048398608352286765e-01 9.317780990447869227e-01 -1.290622624086011250e+00 1.811117628513116973e-01 7.897850630084033430e-01 -1.175792856333329084e+00
4.277446612401053505e-02 -1.825886172916739991e-01 4.499801353221926647e-01 -1.378125534272819586e+00 1.911739683326753314e-01 4.123608387952776844e-01 -1.321508519122767344e+00 8.590670342852354049e-03 -2.070430503477097561e-01 9.311764033372195160e-01 -1.292514862147689181e+00 1.783767713253968379e-01 7.907082649193714063e-01 -1.173478198497308833e+00
3.602984732873382862e-02 -1.812362012006503986e-01 4.507644392279566703e-01 -1.379216411860046954e+00 1.925581801835096474e-01 4.124968449517886770e-01 -1.321996246748476933e+00 1.104035001032522417e-02 -2.082114562041676442e-01 9.302086347157777491e-01 -1.288311408815360215e+00 1.762579700406734784e-01 7.909302232682824396e-01 -1.165298965969532086e+00
3.068936161464098228e-02 -1.799077149479332560e-01 4.515751530328264152e-01 -1.380218771482498941e+00 1.939785789727536403e-01 4.127196076928672519e-01 -1.322603706053682826e+00 9.199156374334936312e-03 -2.089949158234032656e-01 9.303859444282324143e-01 -1.293366521252507617e+00 1.754716063277393101e-01 7.922819285103954723e-01 -1.168393936662856181e+00
2.651185239335255781e-02 -1.788631098702977984e-01 4.525472175096635352e-01 -1.381331680167971365e+00 1.950891569414841820e-01 4.129583124026496854e-01 -1.323431598592951008e+00 1.019312788889953532e-02 -2.085459526854235024e-01 9.302511047911807829e-01 -1.292007550166963226e+00 1.754339098226476712e-01 7.929505795774953736e-01 -1.165322875610579345e+00
2.456883295723253161e-02 -1.782708745669721595e-01 4.533904461815674303e-01 -1.381596227479537697e+00 1.956682733956293385e-01 4.128755641273023635e-01 -1.323448145907929696e+00 1.134953623582138707e-02 -2.065414057357698452e-01 9.299221107561818078e-01 -1.288878577298861128e+00 1.769053382675135067e-01 7.929796923235515882e-01 -1.162000210251942223e+00
2.519391738558220822e-02 -1.781809315531915627e-01 4.541884947444935761e-01 -1.381320736208387689e+00 1.956831646088898480e-01 4.125401487089653263e-01 -1.323021833131549752e+00 1.053775824875446791e-02 -2.030482656576600708e-01 9.301941050608262263e-01 -1.289119907364979500e+00 1.803197543117442680e-01 7.931619826812887908e-01 -1.164451382652456068e+00
2.756095838876646345e-02 -1.784098492588343798e-01 4.548987875409694071e-01 -1.380473356138337993e+00 1.953277235748999696e-01 4.120104063567077701e-01 -1.322104956735503656e+00 1.133373437075117611e-02 -1.982469979179163344e-01 9.300620258585438060e-01 -1.284770587036614398e+00 1.847244483270105708e-01 7.923998221939467790e-01 -1.162880106041241479e+00
3.186578197844212174e-02 -1.785498194279600825e-01 4.554609699847562143e-01 -1.379305340974041894e+00 1.950357094627457877e-01 4.115723080720595783e-01 -1.321154794314478353e+00 1.066671047116557469e-02 -1.926390901094300889e-01 9.304292076310839432e-01 -1.283104805435928863e+00 1.903487366556133042e-01 7.920929989885974187e-01 -1.165790056346940995e+00
3.624339327546197143e-02 -1.795433327005239166e-01 4.563546278440639981e-01 -1.378260438199685689e+00 1.939237552008196697e-01 4.108048918855395915e-01 -1.319907559614606374e+00 9.870870373761787483e-03 -1.864609637724126412e-01 9.308807631243793956e-01 -1.281274402339044105e+00 1.965994432674064152e-01 7.915829894372005127e-01 -1.168998566636419101e+00
4.141068812931382459e-02 -1.804812201202107835e-01 4.571748419203868208e-01 -1.377083309443008607e+00 1.928964335496640425e-01 4.100889976112340185e-01 -1.318628117232488295e+00 9.876512946867872789e-03 -1.798346488861365389e-01 9.311313625504913372e-01 -1.277176551815270900e+00 2.031554229252248156e-01 7.907379176037542257e-01 -1.170191298839178939e+00
4.624489776966691362e-02 -1.818333214246279639e-01 4.580881807910381354e-01 -1.375923715985242435e+00 1.914746996876454388e-01 4.090905556915270247e-01 -1.317099101064034272e+00 9.876198327669630239e-03 -1.731192609700482332e-01 9.313335819752597278e-01 -1.272852068205069465e+00 2.098605314831905322e-01 7.898849363595059625e-01 -1.171388511991402259e+00
5.216985662265984092e-02 -1.828096370185581521e-01 4.588020028964895913e-01 -1.374695142123541602e+00 1.904371197830909690e-01 4.083107966533311983e-01 -1.315738935188304426e+00 9.194469713154516596e-03 -1.661749230398218702e-01 9.316766302412091694e-01 -1.269651199967784416e+00 2.169972741110290926e-01 7.891461884404651350e-01 -1.174232018141231793e+00
5.860079130061461583e-02 -1.840326354635391237e-01 4.596367556892706485e-01 -1.373689032422762191e+00 1.892039160348894522e-01 4.075584249506917223e-01 -1.314505657161413321e+00 9.540379930923745949e-03 -1.588056205354596018e-01 9.318259391357537336e-01 -1.263630303513995301e+00 2.244252618613025163e-01 7.880950968749391716e-01 -1.174548732135543228e+00
6.557987506148990620e-02 -1.850741430949301158e-01 4.604615654165230554e-01 -1.372900651654565651e+00 1.881749524245383554e-01 4.070027036618962257e-01 -1.313556733749607908e+00 8.509741370944729280e-03 -1.514253512626655696e-01 9.323294399146676570e-01 -1.260455937071522037e+00 2.322225212418871643e-01 7.874243297695039390e-01 -1.178243632187544687e+00
7.254279265644876518e-02 -1.864992457627115685e-01 4.615553918586807747e-01 -1.372774044439701191e+00 1.868636488819366559e-01 4.064141631984818925e-01 -1.312820250020283686e+00 9.270730620467577954e-03 -1.436845668663671582e-01 9.323924642166223631e-01 -1.252771793103479192e+00 2.400711945824051952e-01 7.862953981047322571e-01 -1.177398496923888427e+00
8.083952218916951038e-02 -1.870347456937556108e-01 4.624066842319891624e-01 -1.372906209012209056e+00 1.864932272811840319e-01 4.063994639318625479e-01 -1.312695138368238812e+00 8.281634699905815120e-03 -1.359870606933469839e-01 9.329205408086314044e-01 -1.248734913263684909e+00 2.483435818901352510e-01 7.856670501548630448e-01 -1.180809405384360966e+00
8.664278763022933982e-02 -1.895133415329405269e-01 4.641831718026731557e-01 -1.373929374840114459e+00 1.842938209038856301e-01 4.056288891205922509e-01 -1.312121288001884656e+00 7.960591551435679605e-03 -1.282509610494114438e-01 9.332593781618983009e-01 -1.242886835104156207e+00 2.565654943466293414e-01 7.848864748371114919e-01 -1.182301567148089649e+00
9.264801361642047151e-02 -1.917354531654062999e-01 4.659048179619770247e-01 -1.375159306766448264e+00 1.823869512025659279e-01 4.050261490167239020e-01 -1.311783673791008020e+00 8.425682544689502146e-03 -1.205721635504682504e-01 9.333380132701395437e-01 -1.235127997036832070e+00 2.646187907952909368e-01 7.839118474011218529e-01 -1.181690056252232113e+00
1.000107953288311285e-01 -1.926596521336616241e-01 4.671572976616728545e-01 -1.376288428277411935e+00 1.817519589878327790e-01 4.050242964529172651e-01 -1.312002596697845025e+00 8.063447235344750261e-03 -1.130761893275580854e-01 9.336194303082965273e-01 -1.229136042695547770e+00 2.727017616437655834e-01 7.831803271606380124e-01 -1.182926237676095615e+00
1.039858966913850685e-01 -1.911560371146653059e-01 4.682849493866940160e-01 -1.377143234233256353e+00 1.800554872204184753e-01 4.044265206951302982e-01 -1.311823940270742117e+00 7.323064679838503857e-03 -1.065372492682115230e-01 9.338851402997621065e-01 -1.224768480091337208e+00 2.797971964792432820e-01 7.827504025150771039e-01 -1.184780123133872598e+00
1.064894784216686013e-01 -1.890492253306002290e-01 4.693234957729321977e-01 -1.377903359787559179e+00 1.779995059921013201e-01 4.035458675463192701e-01 -1.311455575973086152e+00 7.105920929394370436e-03 -1.004956873856540644e-01 9.339116045428128565e-01 -1.219683442894935022e+00 2.862356314872620544e-01 7.822486102946585307e-01 -1.185237084612962954e+00
1.091208074113019788e-01 -1.868569182265896744e-01 4.700890745070984145e-01 -1.378593539901663778e+00 1.766249512730092841e-01 4.028915153644436753e-01 -1.311312654825223856e+00 6.409816949729080574e-03 -9.492847106301531557e-02 9.340453933251725571e-01 -1.216049743262326510e+00 2.922747319921928377e-01 7.819112609448215512e-01 -1.186831955665085703e+00
1.111255717759626893e-01 -1.851753809570882980e-01 4.708404491859303209e-01 -1.379244088688721392e+00 1.754600763852068868e-01 4.022321172022156888e-01 -1.311100861843825349e+00 5.336035930978861967e-03 -8.989077502052417179e-02 9.342360164614328388e-01 -1.213762996331987587e+00 2.978127697760595827e-01 7.817504594590286571e-01 -1.189295497751340802e+00
1.123476479532129479e-01 -1.841350871849068982e-01 4.716199419761814560e-01 -1.379884773757413141e+00 1.745495980651884937e-01 4.015477848372307479e-01 -1.310879593659772135e+00 4.949718118878939331e-03 -8.534389076221521320e-02 9.341569288711017993e-01 -1.210475101127002961e+00 3.026336569494394446e-01 7.814986835017139200e-01 -1.190005582412491103e+00
1.130629856138091749e-01 -1.835146603745846372e-01 4.721271213525005117e-01 -1.380230596437845403e+00 1.745379338380459999e-01 4.010368866772742735e-01 -1.310705600035805940e+00 5.036910203657123629e-03 -8.159218741936268005e-02 9.338273881725510650e-01 -1.207167882096550571e+00 3.064079475190051860e-01 7.812483015110808227e-01 -1.189554529180863351e+00
1.124099022237631529e-01 -1.840073038811017581e-01 4.725185699923778460e-01 -1.380245228156618431e+00 1.751925122221019704e-01 4.004513501555614918e-01 -1.310173574611036340e+00 4.567259643192088728e-03 -7.894427826015047722e-02 9.335028485493066519e-01 -1.206392113500645458e+00 3.090116907377097322e-01 7.812271777020263208e-01 -1.190387527419732638e+00
1.107172176614791281e-01 -1.853497870607376807e-01 4.726064697890956512e-01 -1.379807844089623980e+00 1.772195829623881835e-01 4.000679417251903902e-01 -1.309622122048426096e+00 4.766710957617779736e-03 -7.758494207074262405e-02 9.328633912754955571e-01 -1.205955817977029776e+00 3.099380430296618805e-01 7.812898906701644108e-01 -1.189749211833068587e+00
1.078854176632047662e-01 -1.877036549566688250e-01 4.727897009096594383e-01 -1.380021943064342782e+00 1.805299807895525688e-01 4.002415680064637105e-01 -1.309866545835108198e+00 5.059933779432355429e-03 -7.756031704479296462e-02 9.324134074710536124e-01 -1.207440212299805360e+00 3.093337625595177220e-01 7.819056324137479974e-01 -1.189470395811278891e+00
1.042049006920113680e-01 -1.908260344748022586e-01 4.730510327098642609e-01 -1.380871540050578439e+00 1.847270455539851697e-01 4.008233402110524812e-01 -1.310748514232116246e+00 5.447424606200779000e-03 -7.845203052176422109e-02 9.320310597990736357e-01 -1.210100834710923667e+00 3.076945378308968970e-01 7.829150569374949686e-01 -1.189369264238679724e+00
9.663821397835764548e-02 -1.896901529589203605e-01 4.730563245840585518e-01 -1.381230681536955496e+00 1.868240696472575069e-01 4.004170598999728381e-01 -1.311063194800263343e+00 5.775747857293904615e-03 -7.988174176953875827e-02 9.317076519706193327e-01 -1.213723154587993180e+00 3.054866766454970572e-01 7.842006022390420883e-01 -1.189716825386823329e+00
8.868219317785261402e-02 -1.879002080939582708e-01 4.730797390579551398e-01 -1.381893114665560418e+00 1.887635065714864946e-01 4.001039991704422039e-01 -1.311671198863897159e+00 5.605705989700201022e-03 -8.151623918726363938e-02 9.316054577139389892e-01 -1.218668637385219355e+00 3.032329571029032111e-01 7.857215858265013120e-01 -1.191469360086246931e+00
8.021996812511425490e-02 -1.855490473672270768e-01 4.729350307854126023e-01 -1.382768274299774447e+00 1.912303808476922828e-01 4.000508551435716376e-01 -1.312699583394896008e+00 6.724695294087874864e-03 -8.362948673206906103e-02 9.308025222215269290e-01 -1.220706804424567027e+00 3.000681933321136530e-01 7.871515513883321491e-01 -1.190190372518086459e+00
7.100611993703639935e-02 -1.831259509943894692e-01 4.729440357198587686e-01 -1.384030378355709523e+00 1.937883882925857115e-01 4.002112956042831460e-01 -1.314170818276793939e+00 7.019603930443233872e-03 -8.636452177432603350e-02 9.309424655676538096e-01 -1.226553808539994517e+00 2.966031093988451550e-01 7.889288275436832087e-01 -1.190940441877701428e+00
6.266015622883218394e-02 -1.812220319105870003e-01 4.732508843784293817e-01 -1.385689407688840635e+00 1.959593480301259627e-01 4.005029451862647805e-01 -1.315959996581840707e+00 7.618786263504941612e-03 -8.830761779333946848e-02 9.307616770197653100e-01 -1.230061313796593669e+00 2.939384741800257772e-01 7.904842634027866577e-01 -1.190819179546795059e+00
5.583828799704861762e-02 -1.796119662079929957e-01 4.736302896691032549e-01 -1.387556724039654910e+00 1.978708031923485378e-01 4.008423449585127307e-01 -1.317922100456406342e+00 7.855308409692098037e-03 -8.932630263806146109e-02 9.308076578895820852e-01 -1.233439363577436332e+00 2.924048657706894150e-01 7.919595233056231365e-01 -1.191625375565299683e+00
4.947131974992072939e-02 -1.781342591849306434e-01 4.740764008111671424e-01 -1.389562244755517373e+00 1.996425878617220095e-01 4.012474060849849367e-01 -1.320015799986199445e+00 7.985927869314551203e-03 -8.995107938990212770e-02 9.309456763231700460e-01 -1.236722935024202830e+00 2.913287105006093780e-01 7.933741725187670735e-01 -1.192653011077319025e+00
4.398976672843744884e-02 -1.769248974062336555e-01 4.744408845144357789e-01 -1.391397502822447896e+00 2.012028157191200761e-01 4.014974410600564703e-01 -1.321993240907868072e+00 8.324733959620222654e-03 -9.000838568067212608e-02 9.311212492914834327e-01 -1.239121668485395622e+00 2.908581224586985758e-01 7.946248514330148671e-01 -1.193336044510893146e+00
3.952032659579996637e-02 -1.761533847994448121e-01 4.749293500309419436e-01 -1.393120912117140842e+00 2.023351260419429531e-01 4.016712536175975345e-01 -1.323786741896360253e+00 7.916120610788422024e-03 -8.938567932080195011e-02 9.315820820508646793e-01 -1.242472762624675875e+00 2.912995581633376907e-01 7.958772162779498283e-01 -1.195883281733310266e+00
3.681392689205843782e-02 -1.756798839155027658e-01 4.753451888367390410e-01 -1.394539288982213243e+00 2.031597373783248783e-01 4.017100552905445432e-01 -1.325163077008870482e+00 8.915760420805298597e-03 -8.770837144064802526e-02 9.317608601016490466e-01 -1.241552998718519429e+00 2.926183055425735091e-01 7.965216213928149047e-01 -1.195006123756992000e+00
3.591188027952783163e-02 -1.755583337430015878e-01 4.758795234176527722e-01 -1.396103423635990826e+00 2.036987119080882203e-01 4.016222069182047161e-01 -1.326169931178030836e+00 9.060332916220421515e-03 -8.509317097293703225e-02 9.322653450795458374e-01 -1.241382044757025849e+00 2.951902586591541588e-01 7.971701825410085762e-01 -1.196232047609662175e+00
3.648809316378125167e-02 -1.756774530176541116e-01 4.764008076685963822e-01 -1.397072372665602691e+00 2.038542590700522517e-01 4.014849566868477493e-01 -1.326809097210685628e+00 9.015443006220067584e-03 -8.166451905666902156e-02 9.329111644410200688e-01 -1.240585272400265060e+00 2.987171028745070345e-01 7.976476487100450097e-01 -1.197945634380109814e+00
3.846883987117284687e-02 -1.760251133251083122e-01 4.770755596567499146e-01 -1.398186784593328014e+00 2.038215137516935505e-01 4.013443011619581280e-01 -1.327225962951110949e+00 9.325466695581367815e-03 -7.752781172502398732e-02 9.335753780655243750e-01 -1.237993124547525081e+00 3.029721867599708962e-01 7.978574458483402854e-01 -1.198779479758823818e+00
4.186755711245621764e-02 -1.763307798809343740e-01 4.781404846906551209e-01 -1.399923867043359360e+00 2.037514486891166265e-01 4.012772212745187583e-01 -1.327675145122613198e+00 9.221538105540137004e-03 -7.272202406707803379e-02 9.345538836049614995e-01 -1.235740197472710244e+00 3.081193954850485750e-01 7.980950795807774112e-01 -1.200836325249750702e+00
4.584459933428094297e-02 -1.768083484695639196e-01 4.798103551705407699e-01 -1.402566476756685221e+00 2.033304267894170403e-01 4.013003029215863604e-01 -1.328376097693861668e+00 9.626178563084439310e-03 -6.734614122394386171e-02 9.356114783962390380e-01 -1.231806250317132534e+00 3.138928220209329933e-01 7.982121893181817196e-01 -1.201730211305551244e+00
5.060894694588469883e-02 -1.769867298252945365e-01 4.817445590618694151e-01 -1.405736003236676801e+00 2.028933305954316035e-01 4.014101057676534579e-01 -1.329413583177756042e+00 9.163692022838851661e-03 -6.156830210854714186e-02 9.370512051889562377e-01 -1.229494555087486285e+00 3.203512183123806145e-01 7.984190592331426028e-01 -1.204675614131451855e+00
5.674619099844890185e-02 -1.778662888166357980e-01 4.841392987364500078e-01 -1.409079674059715792e+00 2.021176834501219322e-01 4.018427958181181592e-01 -1.331121004009306441e+00 9.052693217613703644e-03 -5.488377176911777428e-02 9.385964805079575202e-01 -1.225270628453827504e+00 3.278296847891877253e-01 7.987811882842418276e-01 -1.207332954123038427e+00
6.414330782884231086e-02 -1.796508443226765006e-01 4.868077033243903284e-01 -1.411986456699141801e+00 2.009537757360984889e-01 4.025460692299188126e-01 -1.333403760636787005e+00 9.032960857529940754e-03 -4.732937702246300254e-02 9.403104803472978057e-01 -1.219500788202053876e+00 3.363170877679902970e-01 7.990379280719934751e-01 -1.209366491893335338e+00
7.220888440096362437e-02 -1.816290561365473677e-01 4.895906329622912168e-01 -1.414360507252713894e+00 1.999970372757623183e-01 4.038173951225899061e-01 -1.336333185606350282e+00 8.903000547689249311e-03 -3.955961549629395668e-02 9.420795473569187894e-01 -1.213003642772650936e+00 3.450859883813418016e-01 7.994248004874908720e-01 -1.211135503659743318e+00
8.144211948240440146e-02 -1.842366754694755027e-01 4.923349016169488168e-01 -1.415915639542476123e+00 1.988557508882519698e-01 4.054439797324242423e-01 -1.339731864728722854e+00 8.606367203452142470e-03 -3.119488358437126629e-02 9.437462218959550286e-01 -1.205176826093802500e+00 3.546068902337241591e-01 7.997544771786063711e-01 -1.212677737862373650e+00
9.068726156091284907e-02 -1.874303033442209221e-01 4.950642262262998083e-01 -1.417458002094266201e+00 1.974939888970142221e-01 4.071331974267818898e-01 -1.343280159372611582e+00 9.130502461773255460e-03 -2.281028984074286170e-02 9.449460969796608101e-01 -1.194369125796948428e+00 3.639825300860484725e-01 7.997537031853764189e-01 -1.211553323619238398e+00
9.891428888248671170e-02 -1.906791208969935425e-01 4.975663181172196858e-01 -1.419631283513373532e+00 1.959622833409827014e-01 4.090201227747075619e-01 -1.346789631632317796e+00 8.160582534667004673e-03 -1.487145644279499503e-02 9.462495898105167669e-01 -1.186059457959282026e+00 3.731309481643173553e-01 7.999890486044725080e-01 -1.212862344488540689e+00
1.047008766856050432e-01 -1.921052244650196805e-01 4.994137740094918843e-01 -1.421633332222496993e+00 1.941793639953044714e-01 4.107992066242013851e-01 -1.349876571313088247e+00 6.095609619531382022e-03 -8.038727395032224665e-03 9.476003663109769937e-01 -1.180659129463563994e+00 3.812341977853034303e-01 8.005549631400900035e-01 -1.216043619165709577e+00
1.072317452838461721e-01 -1.896233540794088901e-01 5.021349798309656665e-01 -1.421811267391375422e+00 1.911401497066533839e-01 4.121827438872735505e-01 -1.351869770006061122e+00 5.497196067938728628e-03 -2.184019742981382732e-03 9.483992959759796060e-01 -1.171607175037925996e+00 3.878752703796398138e-01 8.008581142510756701e-01 -1.214703265773108720e+00
1.103190896704124846e-01 -1.863726943419842241e-01 5.062723310856485082e-01 -1.421217940172550209e+00 1.893736790937884107e-01 4.140016776905279805e-01 -1.353071333758051109e+00 4.976674205507664213e-03 2.686058562589974889e-03 9.489536509020126687e-01 -1.162137363289497349e+00 3.934323253475602855e-01 8.010701503026129711e-01 -1.212579410066887409e+00
1.132155957980223449e-01 -1.832392118291221450e-01 5.107959185548290870e-01 -1.420827813381756677e+00 1.888538983665524751e-01 4.160816844022411365e-01 -1.352730683244996568e+00 3.554414987947490841e-03 6.306857335240119433e-03 9.491624183139928395e-01 -1.155303847813585527e+00 3.975568419225299355e-01 8.012944319237056412e-01 -1.211904726969685431e+00
1.138083678924388803e-01 -1.823144846459650303e-01 5.154940193230186374e-01 -1.422457206322406797e+00 1.882696561831331272e-01 4.183101564966728025e-01 -1.350909093696508245e+00 2.881181183555488103e-03 8.627008821127915908e-03 9.485103715738282260e-01 -1.148307146585345828e+00 3.997247445851220271e-01 8.014364993188248798e-01 -1.208899514867835423e+00
1.142133622737191018e-01 -1.820756248430372981e-01 5.183892321382328472e-01 -1.426450332393776721e+00 1.888736072421238754e-01 4.212058992456275686e-01 -1.348027708340820308e+00 1.972477963532189189e-03 9.724315483755562387e-03 9.472669912237450252e-01 -1.144291429021555118e+00 4.001713030138799865e-01 8.016818886902151720e-01 -1.206157425228891800e+00
1.142049212320795093e-01 -1.830384943711720613e-01 5.189127152243284691e-01 -1.434757542634328864e+00 1.905069679146279560e-01 4.251356724286748379e-01 -1.345169807593816991e+00 1.641199343964548554e-03 9.716185942339786510e-03 9.456865888489557337e-01 -1.142893259772759906e+00 3.988930167772659630e-01 8.025643552836378980e-01 -1.202685318535279935e+00
1.124936848219552504e-01 -1.869726643286944434e-01 5.173174648669719433e-01 -1.452601948616996763e+00 1.941238509645590304e-01 4.308332754483297777e-01 -1.345099395950339671e+00 1.282351619080460440e-03 8.111149623157228733e-03 9.456271519106367318e-01 -1.146477249442245938e+00 3.955601963733096915e-01 8.053348039447394413e-01 -1.202294970030448829e+00
1.030624642396282820e-01 -1.807545990469897057e-01 5.127965936773978273e-01 -1.486686161555124563e+00 1.961218997347506099e-01 4.373545727497300528e-01 -1.348911680393565904e+00 5.604695372179139970e-04 4.040969178254807774e-03 9.486036273354276904e-01 -1.155579810559149267e+00 3.893888761156738543e-01 8.105644674681152795e-01 -1.206740733096481888e+00
9.421411575607875621e-02 -1.703205415711857573e-01 4.944671512151591619e-01 -1.527902358158587992e+00 2.002928943586838595e-01 4.461612028603339497e-01 -1.356451473464439728e+00 -9.930197662127108332e-04 -1.423894469838250538e-03 9.542360738154737065e-01 -1.169279015615756867e+00 3.818334681211922876e-01 8.176214132240763321e-01 -1.215433122782001663e+00
7.182946470498632885e-02 -1.688369905176987096e-01 4.629320667790081112e-01 -1.549298805898325915e+00 1.941056533851051036e-01 4.523749925394028315e-01 -1.364171932557251887e+00 -1.987731147844279910e-04 -7.602468077090332628e-03 9.608237716534991923e-01 -1.180164518160545795e+00 3.733199519961817869e-01 8.258075636523521945e-01 -1.220107587816402273e+00
3.748606898878554389e-02 -1.698543631422414490e-01 4.126539914236334039e-01 -1.554567010518318249e+00 1.796012849523384025e-01 4.569207246137343414e-01 -1.372423178215952388e+00 1.108979592878664520e-03 -1.555380643993087286e-02 9.690204197033356337e-01 -1.194984187940426601e+00 3.636229328786003134e-01 8.361262648861659263e-01 -1.225256854202714019e+00
-4.398070969722274286e-03 -1.715890646636294425e-01 3.461938632617725942e-01 -1.544474637191778132e+00 1.593450949866245803e-01 4.607429155634040763e-01 -1.382627641361029891e+00 7.294834663928865919e-03 -2.327837477584407053e-02 9.768345621387990452e-01 -1.204990322694673877e+00 3.522989286295066802e-01 8.477990005163357212e-01 -1.221454429263278740e+00
-4.925404875980116809e-02 -1.644707233940376767e-01 3.101666800196493656e-01 -1.505685530728664734e+00 1.369222028116297840e-01 4.650700542734450549e-01 -1.394921722731051972e+00 -4.197752599960845560e-04 -3.145565435264432996e-02 9.892864863882047111e-01 -1.253183691487218088e+00 3.432207387517474673e-01 8.657626000281618550e-01 -1.253404527517725020e+00
-8.715076803979605879e-02 -1.593243888790620566e-01 2.925173393253628351e-01 -1.471800414030219883e+00 1.200690132352185413e-01 4.737743145791382671e-01 -1.410401361088680305e+00 2.978185893300605742e-03 -4.138804192783782088e-02 9.989183127860353784e-01 -1.285982862101421764e+00 3.317134416289976850e-01 8.836713839396501680e-01 -1.260811236993251594e+00
-1.136875124099866602e-01 -1.585453055831778924e-01 2.983549408112093904e-01 -1.462464805183566696e+00 1.137593486359453482e-01 4.902581887693444607e-01 -1.431390548892606862e+00 -6.724207505974265147e-04 -5.549085845965908564e-02 1.013355726451864225e+00 -1.351167292155022626e+00 3.204488421271727838e-01 9.059613802485766421e-01 -1.285277504901035650e+00
-1.270285970496059236e-01 -1.517356693663939604e-01 3.303893215524201787e-01 -1.476135412553137183e+00 1.175717889107070757e-01 5.160561172154067844e-01 -1.459428536702740420e+00 -5.424206108028054377e-03 -8.060125549031234293e-02 1.050360802844350738e+00 -1.479509512354493017e+00 3.092001967307850818e-01 9.315295479790703936e-01 -1.312048539381730494e+00
-1.374616666497931738e-01 -1.498735895847319033e-01 3.610356985056870083e-01 -1.507042280769736342e+00 1.210516044270151664e-01 5.449436684303875511e-01 -1.488961975839422802e+00 -6.063599971006336346e-03 -1.190468112517866217e-01 1.083365984392203663e+00 -1.617023140964557237e+00 2.984082413527334166e-01 9.575189601507859694e-01 -1.326501491536935973e+00
-1.419003702827539848e-01 -1.486666292792092892e-01 3.862394094750608020e-01 -1.531936993484144027e+00 1.237538678103170392e-01 5.782262864723298756e-01 -1.515963693449790650e+00 -3.636862425342322815e-03 -1.718972824999386584e-01 1.091801050937721174e+00 -1.751111051999467483e+00 2.901571254437054215e-01 9.819337153959108999e-01 -1.327932662151158905e+00
-1.424686379318350071e-01 -1.490103024848683233e-01 4.128490333065276130e-01 -1.552747151749287680e+00 1.260340310722057877e-01 6.145228217480847022e-01 -1.544159856229989192e+00 -5.936945384551364606e-03 -2.465447485275534256e-01 1.065051186945165096e+00 -1.879919365450484880e+00 2.849442337393145452e-01 1.005172914136416296e+00 -1.330333376662502509e+00
-1.414634167207611259e-01 -1.495959234567499907e-01 4.429173826247471135e-01 -1.572682029727167086e+00 1.289022095563490400e-01 6.496343091441244555e-01 -1.580244125756235851e+00 5.607730556666625128e-03 -3.386587891839152875e-01 1.002432440733135977e+00 -1.946863439429588727e+00 2.777609333244847600e-01 1.021717327700324862e+00 -1.293645733559739108e+00
-1.431584810135785868e-01 -1.546783973019084102e-01 4.771273643457158431e-01 -1.591279990682837431e+00 1.253600585827557568e-01 6.783603226938459407e-01 -1.616504100131194832e+00 5.903156778173631984e-03 -4.172907193809071713e-01 8.948065389609585196e-01 -1.985604393382181199e+00 2.748381385272852251e-01 1.037113838615092654e+00 -1.267467085191511744e+00
-1.412113991392726364e-01 -1.605811977192345419e-01 5.132408851939450622e-01 -1.603204774472998473e+00 1.200738437672511649e-01 6.991772552715586064e-01 -1.655190177352725112e+00 5.527866191433414463e-03 -4.439806456951660429e-01 7.616297946379604333e-01 -1.979896414161582685e+00 2.712692862845859643e-01 1.047650834567943390e+00 -1.228582807727758519e+00
-1.334595512002668127e-01 -1.627686125103295356e-01 5.499729753413693523e-01 -1.610419131671677828e+00 1.207185864355914823e-01 7.052698798283466575e-01 -1.705955409052554606e+00 8.431715103670758826e-03 -4.613017910665334065e-01 6.234598471023656829e-01 -1.929590997172786482e+00 2.681974307652942868e-01 1.055282284836750462e+00 -1.173353495091906007e+00
-1.200380373483783958e-01 -1.606968003903541664e-01 5.857546545042078279e-01 -1.610237625378931892e+00 1.272280693989694123e-01 6.749175297537390872e-01 -1.751189585832036100e+00 3.615570386420401128e-03 -4.728166370112597550e-01 4.893971563572724892e-01 -1.864291499647774630e+00 2.686229529178976727e-01 1.060285372633880119e+00 -1.126343622936027078e+00
-9.377912399090664042e-02 -1.484202322663041862e-01 6.178454266040011023e-01 -1.600490656114836208e+00 1.438381281791414057e-01 5.880997492971179463e-01 -1.771725990046814525e+00 4.015330817404686586e-03 -4.585147969977477755e-01 3.942865885591171904e-01 -1.780673312538672670e+00 2.721076208872058588e-01 1.057921748117692795e+00 -1.066181468624350259e+00
-4.679561616330738666e-02 -1.172732498481936503e-01 6.425423772452117932e-01 -1.581476513371148140e+00 1.746879278200596242e-01 4.616104335976120576e-01 -1.743217423965396362e+00 -7.619184034583902781e-04 -4.268885535730952419e-01 3.448942276271761420e-01 -1.708923811193646891e+00 2.782931354541823277e-01 1.057110096799461552e+00 -1.016266515746534482e+00
3.016173704170625747e-02 -5.785524712784424761e-02 6.517954746436125379e-01 -1.549443653457128756e+00 2.156732517395575088e-01 3.156564397774687669e-01 -1.649866035182005586e+00 -1.093644201993079074e-02 -3.834315163087528289e-01 3.299619609037129364e-01 -1.651535937622600425e+00 2.863039701940310877e-01 1.062011764297565497e+00 -9.868440175165039685e-01
1.194204602547736943e-01 8.569484465417422092e-03 6.536357320903630752e-01 -1.510176868591895483e+00 2.474084244488155282e-01 1.617396799523173612e-01 -1.520662835221965992e+00 -1.262594791912241034e-02 -3.251033144615551040e-01 3.545380076422708915e-01 -1.600042583868048096e+00 2.954792174056771747e-01 1.068589835435244328e+00 -9.559027612263996110e-01
1.991780133646790241e-01 6.258181468274214010e-02 6.629781012481144042e-01 -1.476156018416408200e+00 2.650660661785969596e-01 1.620369583694496185e-02 -1.379503207659118713e+00 -1.007916605635617545e-02 -2.649011677301835177e-01 4.082828568911842648e-01 -1.571077730308423348e+00 3.051732222529572880e-01 1.077863117177387142e+00 -9.362267308327969495e-01
2.523626287444793448e-01 9.035640851531855089e-02 6.930597544104009078e-01 -1.460967878906787032e+00 2.722008252748367996e-01 -1.029660705246661784e-01 -1.250335658470782541e+00 6.240179546286125055e-03 -2.070178887915855026e-01 4.783910267520837256e-01 -1.538729242419608401e+00 3.178845584491955534e-01 1.101748273268400968e+00 -9.284423893198875399e-01
2.833433611287604070e-01 9.669929428516937930e-02 7.404766685731896114e-01 -1.464786007774760312e+00 2.808092089784932077e-01 -1.555544588334663025e-01 -1.179990911539319676e+00 -8.873215845238160981e-03 -1.608405328887852481e-01 5.437999302803637747e-01 -1.583318191114489570e+00 3.488924540600003010e-01 1.202825794982259389e+00 -1.130066890843245853e+00
2.944282058836159011e-01 8.175261720293484913e-02 8.112461733872091685e-01 -1.481721477748705329e+00 2.921918199144109551e-01 -1.438674729595312840e-01 -1.186023723950577757e+00 -7.773791014801763495e-03 -1.151429722176311315e-01 6.197033211572937628e-01 -1.593493444863291586e+00 3.826880224303453870e-01 1.254194097043043854e+00 -1.290656220600279180e+00
2.769292161324815038e-01 6.661873110066095227e-02 8.871625612225894075e-01 -1.493138259701627835e+00 2.986933055351073119e-01 -9.386584991432213310e-02 -1.252782645309191256e+00 2.313970386173053650e-04 -7.929295949615546013e-02 6.943836244196930352e-01 -1.582762493693734784e+00 4.364118636472456014e-01 1.293914959584107738e+00 -1.485990008906021842e+00
2.577495003773677129e-01 5.639253193025078881e-02 9.562245652251107897e-01 -1.509484026931764422e+00 3.046456091401159583e-01 -3.077310581202199677e-02 -1.334999672765166956e+00 6.812968107912615451e-03 -5.431277921911032563e-02 7.651824743972307497e-01 -1.572008210597779509e+00 5.016608005923602898e-01 1.310530586372840922e+00 -1.654875496148044967e+00
2.326384572421068553e-01 3.126541275464685826e-02 1.024936183433517778e+00 -1.542621224260110502e+00 3.081600442665400341e-01 2.503780725342396110e-02 -1.407878403564554404e+00 1.024847718487654336e-04 -3.888634376869019860e-02 8.308101002950110114e-01 -1.584910832698904981e+00 5.836805479763975679e-01 1.272979465060255277e+00 -1.824320536520175562e+00
2.162045597890717707e-01 1.175087814324695355e-02 1.076228959997640899e+00 -1.580973344749046605e+00 3.131088398643797621e-01 8.188343324810938573e-02 -1.464630075855100078e+00 5.162236312962385776e-03 -3.579455450997009319e-02 8.931393007658449124e-01 -1.574060383929883900e+00 6.480486661202810028e-01 1.194998005292708054e+00 -1.906456968192683954e+00
2.002909659509219120e-01 -1.411976720976805370e-02 1.109664146629592896e+00 -1.629702364641107737e+00 3.144426899903315364e-01 1.407678830471854325e-01 -1.517404308729613183e+00 8.325627255178710134e-03 -3.695710000391684569e-02 9.489560670142550558e-01 -1.558086380445322217e+00 6.837334676135324862e-01 1.084668359181665709e+00 -1.959300451981371705e+00
2.096176102073128433e-01 -7.807105948984684185e-03 1.096266852760925836e+00 -1.680882142789992262e+00 3.276292670427062848e-01 2.061869469487322970e-01 -1.565896172156671096e+00 1.078529438009911056e-03 -4.291474670167053779e-02 9.972929558748503398e-01 -1.553744205537191725e+00 7.119449788002218948e-01 9.438164032227190914e-01 -1.979391897541841194e+00
2.213369573095732012e-01 -6.175224745147299757e-03 1.048019098778606883e+00 -1.736532145256156845e+00 3.415674885261326676e-01 2.715591001497578150e-01 -1.603051031997090758e+00 1.489497211344075053e-03 -5.355036849254340287e-02 1.037783606091712274e+00 -1.528035148634343532e+00 7.229194387213033757e-01 7.745186189881277938e-01 -1.941845802583781255e+00
2.153008429607655982e-01 -3.719679774902593522e-02 9.865949221281027359e-01 -1.801819275660359931e+00 3.428570008844694650e-01 3.321133310524894688e-01 -1.627845392547998760e+00 -1.212888631672400224e-03 -6.864018184406024681e-02 1.071538362556135215e+00 -1.502974750131760961e+00 7.239579632188563041e-01 5.890724622679572864e-01 -1.876528977980189916e+00
2.072171700530288097e-01 -7.317425337123636964e-02 8.974674178214162579e-01 -1.849086425346907703e+00 3.415344814204418489e-01 3.913239589092860071e-01 -1.643340794217309275e+00 -3.240901071049478717e-04 -8.723964818310106506e-02 1.098038957235358604e+00 -1.467042672771327272e+00 6.668044751314646801e-01 3.808664269793538004e-01 -1.763791105509390000e+00
1.798286400095883142e-01 -1.091031765830990513e-01 7.859928257478324687e-01 -1.868544547414375590e+00 3.226424871865687938e-01 4.458819259884524433e-01 -1.647919485143483076e+00 -9.559621142361540008e-03 -1.077591638975744781e-01 1.120944735694280103e+00 -1.445871887984828019e+00 6.513889825298244673e-01 2.890541658989193019e-01 -1.774673097959104773e+00
1.314583028593350467e-01 -1.590905945167592206e-01 6.675279256203067169e-01 -1.866883519744700237e+00 2.835626250492868650e-01 4.936826243314864637e-01 -1.643039788961056402e+00 2.403689050341819775e-03 -1.284788667010043628e-01 1.135246155550019287e+00 -1.379128340467671299e+00 5.247547095789907301e-01 2.494576030234175734e-01 -1.592909407675866529e+00
9.164156144289804795e-02 -1.851662753229550706e-01 5.327682982174674065e-01 -1.824619557151678340e+00 2.531043428173861964e-01 5.418183588825763453e-01 -1.636115702144911088e+00 -3.498135990976333526e-04 -1.510533918430368716e-01 1.147271751440650300e+00 -1.336934019035817212e+00 4.356301496556400643e-01 2.353895996741675323e-01 -1.471642821948096369e+00
3.780691560741546164e-03 -2.434025518355135698e-01 4.184723227463257311e-01 -1.763875358701648244e+00 1.798545258316801287e-01 5.697502482221548092e-01 -1.618763385150022271e+00 6.775421329579296367e-03 -1.717473686301552449e-01 1.152101127214823162e+00 -1.275943199655515947e+00 4.245877923030211276e-01 2.554443104904372541e-01 -1.475275057725138117e+00
-6.478511608873149807e-02 -2.701416329013291429e-01 2.933978914541777727e-01 -1.675758622800283426e+00 1.202174873661467636e-01 5.970096127273991637e-01 -1.597463599193536199e+00 4.466599877129052466e-03 -1.904897283805177810e-01 1.156463794129037215e+00 -1.237822480804899206e+00 3.976697387938617489e-01 3.154944672552656981e-01 -1.508274296197978703e+00
-1.321891067835992140e-01 -2.803429016102769178e-01 1.776289898283797408e-01 -1.582187011385105979e+00 5.678232880743729061e-02 6.158593213808499778e-01 -1.564630393551051046e+00 1.995574327675572832e-03 -2.012811773406780469e-01 1.158559551603256521e+00 -1.204838013729655710e+00 3.739866394436057728e-01 3.818783093128450545e-01 -1.524885585133789467e+00
-1.817810427413115715e-01 -2.826950497604693857e-01 8.154542814646388582e-02 -1.497109322238514562e+00 6.443959087395262873e-03 6.363099831679582818e-01 -1.532216853728282535e+00 5.665543990550309626e-03 -2.034534827629658482e-01 1.158668319999368812e+00 -1.164708945814883823e+00 3.642332101491468355e-01 4.421613971315803693e-01 -1.525991025460762041e+00
-2.151208380294167277e-01 -2.795248710220794575e-01 7.392138678687261259e-03 -1.429396002838095647e+00 -3.127438658033363655e-02 6.605868741749809647e-01 -1.503938134574271057e+00 8.108097189978365378e-04 -2.067560135816175482e-01 1.164423307526447848e+00 -1.158260126332555151e+00 3.492226625780414651e-01 4.969277953676636272e-01 -1.540635489103146405e+00
-2.302410463683032260e-01 -2.824100376470622953e-01 -4.179717328105322233e-02 -1.370899954627095685e+00 -5.594676028817223423e-02 6.905195527816136991e-01 -1.481256312444519052e+00 -9.754158239621496876e-03 -2.100120574847512411e-01 1.180015831062756204e+00 -1.191753169428403369e+00 3.397072585645577458e-01 5.422269203703100615e-01 -1.565737825756738033e+00
-2.262773696915643951e-01 -2.925462798678740706e-01 -6.640863832903848296e-02 -1.321981028527249524e+00 -6.461323816316480451e-02 7.258982255368636727e-01 -1.464692708456374781e+00 -7.836524171977915509e-03 -2.201238964906577777e-01 1.214854746143953612e+00 -1.257059609568456082e+00 3.279112125765606955e-01 5.883130648756361714e-01 -1.561893981220155103e+00
-2.094799444154861467e-01 -2.982997510819884179e-01 -6.648782107711737055e-02 -1.299774162544241163e+00 -6.254461771798748571e-02 7.665233739372517840e-01 -1.450875024017361348e+00 -4.826629042984066642e-03 -2.317196158466990619e-01 1.251244161402469190e+00 -1.355816304231889369e+00 3.177450466061818024e-01 6.304415779372795070e-01 -1.549833368970416902e+00
-1.869789432137359264e-01 -2.964848573115816954e-01 -4.108528516433276184e-02 -1.308847471289773523e+00 -5.694049047619167969e-02 8.084420839820221083e-01 -1.435146111280159120e+00 -1.359547987874155104e-03 -2.285664997800520848e-01 1.265807783460694003e+00 -1.467661257991060397e+00 3.107983071075747783e-01 6.693563684327402674e-01 -1.532011004486078631e+00
-1.663676810421973185e-01 -2.944881822011923278e-01 6.512807143623060291e-04 -1.332910469695091527e+00 -5.421787879196026533e-02 8.469872933288997707e-01 -1.420569476248062957e+00 6.780806302756479075e-03 -2.210074443407802347e-01 1.262652945400092763e+00 -1.575514744849522364e+00 3.047056521693257136e-01 7.058478493593234315e-01 -1.502369909653084479e+00
-1.490385237588604528e-01 -2.955943331097972138e-01 4.724216618625086406e-02 -1.346375685069848727e+00 -5.248979905879599256e-02 8.836797557777180678e-01 -1.413341593976075838e+00 -2.174814462206214449e-03 -2.098037891608647010e-01 1.234323471016834706e+00 -1.700365039545194135e+00 3.021693045506177455e-01 7.396615543477191856e-01 -1.510151003454107688e+00
-1.222134295612533339e-01 -2.908437963064280374e-01 9.097942130027322771e-02 -1.346973127865712661e+00 -3.131499531183847690e-02 9.274047574483649248e-01 -1.420280280221016822e+00 1.826284703478136488e-03 -1.858139472336541032e-01 1.175140672230147620e+00 -1.780799989182012100e+00 2.910879755307982375e-01 7.728516617981919801e-01 -1.486967253313526527e+00
-1.097938100529719657e-01 -2.916011709872827207e-01 1.347761507935375247e-01 -1.360547307586922994e+00 -1.817328463685938256e-02 9.581281256040119487e-01 -1.429964335931830366e+00 -1.873747624751783119e-03 -1.652198416177167728e-01 1.089484783881352614e+00 -1.847541558974944209e+00 2.785651191120217529e-01 8.037568990094049459e-01 -1.474631607629154351e+00
-1.181947075119846036e-01 -3.003045947970451324e-01 1.779985658713504892e-01 -1.386150659905817539e+00 -1.943217878301514712e-02 9.716218111066656782e-01 -1.440616182571377024e+00 3.719199311399428234e-03 -1.532852133115102655e-01 9.801327126027172820e-01 -1.869241129298541804e+00 2.596822216906804481e-01 8.346567852360738948e-01 -1.439489929868780438e+00
-1.236622767815069440e-01 -3.058729666387749457e-01 2.209666077829512132e-01 -1.414272567309727169e+00 -1.217578273999545902e-03 9.852426959713630472e-01 -1.467321857752213354e+00 6.236940525423233413e-03 -1.521058619270365675e-01 8.538666031763522124e-01 -1.869634791667441620e+00 2.373180602823846963e-01 8.633766459805929383e-01 -1.403111416120035981e+00
-1.373323831200311818e-01 -3.142711225899928462e-01 2.652049877480359141e-01 -1.442372409742725292e+00 2.015318202220467078e-02 9.834796187916020616e-01 -1.504750195921586320e+00 3.576517248348439881e-03 -1.602202831453858611e-01 7.157998185341939434e-01 -1.848316841830527579e+00 2.176988251824252818e-01 8.904782974128148121e-01 -1.378166762796138922e+00
-1.482709472133524053e-01 -3.187900919994333671e-01 3.078619054300239521e-01 -1.468405497164943396e+00 5.833609710914466895e-02 9.694257663691192572e-01 -1.555186411698914029e+00 1.097597987218442480e-03 -1.750305481362819382e-01 5.844299975218166798e-01 -1.798371893933805143e+00 2.001469761405869074e-01 9.175197259735548005e-01 -1.352101683222387107e+00
-1.594680278338197754e-01 -3.212461053105548081e-01 3.488718415286959362e-01 -1.492241827562783119e+00 1.024590688928315868e-01 9.362272844763303015e-01 -1.617515094585951996e+00 -8.013013097264118020e-03 -1.969986914594632765e-01 4.683639217013842448e-01 -1.747872696323761188e+00 1.853968250552628649e-01 9.414454938580439913e-01 -1.333376825777295327e+00
-1.495772825287513541e-01 -3.078561934266095812e-01 3.850383605803537890e-01 -1.510678315214427192e+00 1.306315145774510078e-01 8.637805041788908511e-01 -1.663670999348691781e+00 -1.003868980012244394e-02 -2.185170307930175415e-01 3.816179334039817572e-01 -1.687112351965943224e+00 1.732313242316137758e-01 9.601762676977193545e-01 -1.294707130419932017e+00
-1.388782994586617858e-01 -2.942323091681955938e-01 4.197723879644755240e-01 -1.525404501375472455e+00 1.607046702131798011e-01 7.603142604357197021e-01 -1.693112290845729673e+00 -4.946374094324419712e-03 -2.341167355494644109e-01 3.231138820410843215e-01 -1.615489302325087806e+00 1.605836384644503123e-01 9.733081432234965691e-01 -1.236327477990278201e+00
-1.179769072363391763e-01 -2.740827519512519794e-01 4.521011498398463391e-01 -1.536210579840073365e+00 2.008133249729089631e-01 6.342143827234727471e-01 -1.700915323444362137e+00 -6.958876223602614847e-03 -2.475708302191224619e-01 2.931707336183856372e-01 -1.566947731913514774e+00 1.500658180468179004e-01 9.843079805758255807e-01 -1.189350700684746576e+00
-8.300959329454021818e-02 -2.425192567896346796e-01 4.809896799297334602e-01 -1.541754174364328378e+00 2.487434179286129032e-01 4.909508132901570510e-01 -1.675924041744436321e+00 -3.885621157722579915e-03 -2.574303947477314392e-01 2.953554507334264501e-01 -1.524884032675718259e+00 1.395511120169972141e-01 9.900371232348428308e-01 -1.123972764083350118e+00
-3.439349987882612397e-02 -1.987720468144590635e-01 5.049163324377247131e-01 -1.540803985100418494e+00 2.960171116119474921e-01 3.367478351150215432e-01 -1.606826240346521661e+00 -6.998571783030173993e-03 -2.670775447224359445e-01 3.140585741746633741e-01 -1.515979563262610075e+00 1.311974182089481467e-01 9.969205112781068800e-01 -1.070702240279577833e+00
1.798325673416346221e-02 -1.499754334212503593e-01 5.246312406485102997e-01 -1.532392822771177610e+00 3.327232779618036762e-01 1.801693162511002755e-01 -1.507659799271804602e+00 -1.067498979032001361e-02 -2.751568871153253770e-01 3.452744378056736285e-01 -1.521057802689718352e+00 1.249456245298833645e-01 1.002913747414160284e+00 -1.017161444410927817e+00
6.796326601145497026e-02 -1.001418408780838792e-01 5.409751687889432503e-01 -1.516583293432024249e+00 3.540801692415790347e-01 2.815069554178713240e-02 -1.378906983946548204e+00 -9.159798262562905691e-03 -2.793369803155260067e-01 3.857274448548099754e-01 -1.521118724606490558e+00 1.199046972508200498e-01 1.004452186752357257e+00 -9.493801426281563982e-01
1.142250436590019069e-01 -5.019982733047505252e-02 5.541381762193787752e-01 -1.492816952757247240e+00 3.599649798927995192e-01 -1.146050180541664659e-01 -1.218926746398961036e+00 -1.077107477028847737e-02 -2.822422259045749282e-01 4.287861465822858653e-01 -1.528852301131444547e+00 1.186037414440546528e-01 1.020748073646726040e+00 -9.200000000000000400e-01
1.649847533752710205e-01 5.309659527956863551e-03 5.607816292299143690e-01 -1.459661815176974020e+00 3.612418853027125065e-01 -2.361525127120367995e-01 -1.068938725703904469e+00 -1.099224281513100539e-02 -2.809808528377077952e-01 4.756028154860962309e-01 -1.535087415574611480e+00 1.177787347886813107e-01 1.045924631536821581e+00 -9.200000000000000400e-01
1.897138457723946126e-01 3.684657710352247373e-02 5.847295974655764006e-01 -1.440475756557849873e+00 3.540528112114952886e-01 -3.219039484173908394e-01 -9.455205029110440584e-01 -4.230872225070768551e-03 -2.746617106757290871e-01 5.261717221788917431e-01 -1.527983063460924607e+00 1.085552348628117669e-01 1.043564312675858696e+00 -9.200824332868418054e-01
2.163335490498786984e-01 7.168323410269854257e-02 6.050473887281559993e-01 -1.419095455070100709e+00 3.555192147400749181e-01 -3.523567310523323393e-01 -9.200000000000000400e-01 1.535819070161478089e-03 -2.680823715433174881e-01 5.760747670617152316e-01 -1.524580182846013710e+00 1.023250761135867520e-01 1.074056585054578461e+00 -1.012099347326431920e+00
2.286660300727681172e-01 9.384199175087146183e-02 6.340083205866929861e-01 -1.408689177725520381e+00 3.586356194266019370e-01 -3.541045961221417349e-01 -9.200000000000000400e-01 5.615822195222697731e-03 -2.623470337232898242e-01 6.264314213736710268e-01 -1.525057516373919508e+00 9.300024026660690113e-02 1.091192286591195382e+00 -1.105068307508432657e+00
2.111007446663590859e-01 8.440441880192942059e-02 6.911656053750026008e-01 -1.425422390091328095e+00 3.571241498287030525e-01 -3.271621780710864402e-01 -9.392307749162656094e-01 1.928689395918736088e-04 -2.565884120169246163e-01 6.770133255340684553e-01 -1.545553303599549233e+00 8.683129182355901754e-02 1.107517677674736190e+00 -1.231361598985270867e+00
1.837093359668493242e-01 6.387137523146359241e-02 7.587861812358080993e-01 -1.446780493335657392e+00 3.550301794382356713e-01 -2.766317220608372485e-01 -9.868439712978364087e-01 1.905115297475217830e-03 -2.484050686882525449e-01 7.303678359093604966e-01 -1.549219497230178266e+00 8.682873084409822861e-02 1.120896129625488902e+00 -1.371124755814929763e+00
1.883892207635946836e-01 8.031355768429161712e-02 7.974399313945339518e-01 -1.443633377100447035e+00 3.629341404997901144e-01 -2.186857039996790153e-01 -1.058388691372604162e+00 -7.963398976405245940e-04 -2.394121175966885950e-01 7.829653216240299862e-01 -1.557355740597260452e+00 9.909590578695251506e-02 1.131813103446270619e+00 -1.555381492308696600e+00
1.811965127371587270e-01 8.170478632490128790e-02 8.460093734356619599e-01 -1.452122211474386804e+00 3.701103008851144849e-01 -1.665640514898563962e-01 -1.133799665152703140e+00 -5.054646030793486129e-03 -2.297995958350629864e-01 8.346092013571085877e-01 -1.564183056572134189e+00 2.114327323441343442e-01 1.262108275520964273e+00 -1.905727995974761724e+00
1.571086608457612221e-01 5.700410446125402791e-02 9.089879556856023113e-01 -1.474184051535340156e+00 3.699859649093592551e-01 -1.152698222455109944e-01 -1.197796801648785214e+00 -5.029432726021936927e-04 -2.186172562589172585e-01 8.829184491138405422e-01 -1.543285128394481509e+00 1.975717199968752003e-01 1.211814816734672506e+00 -1.934279123014726487e+00
1.433815353361330147e-01 3.826978935548845662e-02 9.593949042648655112e-01 -1.496273965907822578e+00 3.720079138341227387e-01 -6.156568671445804275e-02 -1.260262155949237739e+00 2.134434546732546980e-03 -2.075866793158451795e-01 9.294847864363089407e-01 -1.521930092887709085e+00 2.282325448730893602e-01 1.099577008433465730e+00 -2.012207419971407063e+00
1.400776823940320659e-01 2.382986113074692103e-02 9.985901665827964235e-01 -1.521484382342720210e+00 3.767961578246731835e-01 -4.384009754564543136e-03 -1.318220903713539505e+00 1.150757648107271275e-03 -1.966837993176877020e-01 9.732511234556113777e-01 -1.500022811601888328e+00 2.582210570480536482e-01 9.611953429037860541e-01 -2.045013520194840950e+00
1.486534698858676951e-01 9.865644198876193094e-03 1.029577877936107555e+00 -1.553888914842586733e+00 3.860187557951108572e-01 5.539725659484495690e-02 -1.368806741627955681e+00 1.320124129945568622e-03 -1.835785535211751363e-01 1.013169368826015049e+00 -1.465892668874923199e+00 3.096843396215641642e-01 7.474244159256142606e-01 -2.002530092537960105e+00
1.611316602515694418e-01 -1.553064530871682905e-02 1.050668992205491259e+00 -1.597464742659928216e+00 3.974246102693306248e-01 1.150734647179015718e-01 -1.411402316801523282e+00 4.301187197507328787e-03 -1.703176649446964952e-01 1.047566064253380835e+00 -1.415863858412793386e+00 3.324868608353866439e-01 6.201383809901314104e-01 -1.941390756238180915e+00
1.687243536947487521e-01 -6.036564523546186778e-02 1.057598930983861818e+00 -1.649584685377767812e+00 4.064934195960250851e-01 1.733160206019757343e-01 -1.445176567532213907e+00 -9.096779743691541659e-03 -1.604666264820923671e-01 1.079058775964180761e+00 -1.388409123534752432e+00 3.643397843135930958e-01 4.552178845654220041e-01 -1.843675834276976344e+00
1.674433375141711478e-01 -8.818832356222534863e-02 1.031597706794903369e+00 -1.698842004675267470e+00 4.111232406599988898e-01 2.295223614465058404e-01 -1.475329843605034164e+00 1.181655870542862178e-03 -1.534848028644718032e-01 1.097682517803562519e+00 -1.304177858413902769e+00 3.744105988073168079e-01 2.783659672180824329e-01 -1.665608688009200700e+00
1.550027750079271127e-01 -1.191761162112386918e-01 9.811475089301169294e-01 -1.745567472797901809e+00 4.091348231708525907e-01 2.848872143321620753e-01 -1.504942212662321310e+00 3.311228805623596741e-04 -1.534119348021517615e-01 1.113106245638691316e+00 -1.238546627860401594e+00 4.066656156056303595e-01 1.965157992222866523e-01 -1.566728352895217613e+00
1.390365850535333070e-01 -1.554819510199895449e-01 9.075167088612393629e-01 -1.786314942601549438e+00 4.038258696731573116e-01 3.397251772488925625e-01 -1.531553371277380560e+00 -1.011332026831722811e-02 -1.584829101761698056e-01 1.127121391272901008e+00 -1.189974128605687520e+00 4.258102970450701186e-01 1.623319381809014417e-01 -1.496445978402344279e+00
1.279130257948620231e-01 -1.847280414468938092e-01 8.110179080266506357e-01 -1.813401692455736791e+00 3.871233032401812379e-01 3.974502521583432313e-01 -1.559004126905799703e+00 5.474012297162641170e-03 -1.658479798973404029e-01 1.122857268430706768e+00 -1.074455614006734283e+00 4.286241157523283940e-01 1.677655158759942533e-01 -1.363451141000508571e+00
1.166393141400743766e-01 -2.118541800348834603e-01 7.005298619334955346e-01 -1.817102846510978198e+00 3.592031318754794755e-01 4.573144279140743396e-01 -1.585634878062183173e+00 5.232365861541572565e-03 -1.803899303749446070e-01 1.131247853674254289e+00 -1.010363177985781347e+00 4.473648318248272249e-01 1.799589959649483539e-01 -1.311025269579306540e+00
7.994793470962203996e-02 -2.601450358413432973e-01 5.856261321933857733e-01 -1.793932574049916573e+00 3.092555504519998166e-01 5.124371627589788813e-01 -1.606504292575795967e+00 -4.912684891866390046e-04 -1.982133884860664830e-01 1.136817292206860674e+00 -9.532610487722467107e-01 4.668189199121745014e-01 2.119452149122189599e-01 -1.312117428796632401e+00
3.594963692618242251e-02 -3.052117861167609747e-01 4.623515415502679748e-01 -1.742870519480064884e+00 2.528406733119588634e-01 5.622400018010270673e-01 -1.617398894943864684e+00 -1.003631377519126865e-02 -2.148742752891656393e-01 1.144329022420876418e+00 -9.235296647001250969e-01 4.810171247703038944e-01 2.579080745169297639e-01 -1.347386715269179414e+00
-1.178874127580871803e-02 -3.429506738121071985e-01 3.325139945596246038e-01 -1.670128778283502813e+00 1.945789527775063921e-01 6.077917656298943427e-01 -1.619006708444318710e+00 -5.222796146083136075e-03 -2.320014337067549393e-01 1.164158743443965527e+00 -9.200000000000000400e-01 4.753407133392147932e-01 3.217476631323831771e-01 -1.368950508509850561e+00
-5.920385489921023425e-02 -3.709272023896307835e-01 2.007847708672383935e-01 -1.582545229543306675e+00 1.349143206793984862e-01 6.473034106960914302e-01 -1.610306327125671233e+00 -1.054415046131461364e-02 -2.459631599615054454e-01 1.177841765137661589e+00 -9.200000000000000400e-01 4.724824652331576780e-01 3.831128456445899721e-01 -1.415572005264567279e+00
-1.056377513247788724e-01 -3.924774338970427601e-01 7.757209234426107325e-02 -1.498173821577474918e+00 7.477100831064541209e-02 6.795975967369487503e-01 -1.590316861532111714e+00 -8.566215518922814728e-03 -2.491223952654268714e-01 1.186465714225005685e+00 -9.200000000000000400e-01 4.626456945842902790e-01 4.472867087629114891e-01 -1.444534694675746467e+00
-1.448081904291298461e-01 -4.041234222360033934e-01 -2.532415366620704641e-02 -1.416737578906724471e+00 2.540090024960717577e-02 7.087918520304540282e-01 -1.566000609822753908e+00 -6.639332460969950972e-03 -2.437181794258231338e-01 1.209959176835217143e+00 -9.735916367119724635e-01 4.465667711951417651e-01 5.106704571470160881e-01 -1.470237597773835114e+00
-1.760862037823747728e-01 -4.067381275960416653e-01 -1.097889987177926990e-01 -1.334264368698941494e+00 -1.290607865110207468e-02 7.401739507495365133e-01 -1.539269232581585545e+00 1.868506269490396391e-03 -2.227367621385092922e-01 1.242277932086506498e+00 -1.078465141016668571e+00 4.223669137493515913e-01 5.724314824597740436e-01 -1.475328490898924594e+00
-1.970156956593916708e-01 -4.024487906340936116e-01 -1.736574908227004055e-01 -1.256204557464717375e+00 -3.656493474626846402e-02 7.799676624805287339e-01 -1.518410664450791536e+00 -9.257038219344163044e-03 -1.805381547489211258e-01 1.278439151698314902e+00 -1.275697055440928152e+00 4.018932833350721823e-01 6.270707940670459113e-01 -1.513694536676083668e+00
-2.119716806662884367e-01 -3.958945551450317457e-01 -2.106724427718509041e-01 -1.192839413929498660e+00 -4.758964856287774964e-02 8.255208836070271339e-01 -1.505629790408815172e+00 -3.885027357055059229e-03 -1.312650916008446522e-01 1.279248060447184532e+00 -1.425444832869496636e+00 3.709928543601077600e-01 6.839354848270935427e-01 -1.511660627325517758e+00
-2.139513775803065510e-01 -3.937786507523996504e-01 -1.982847572957464610e-01 -1.188090646610627132e+00 -3.759856036423738640e-02 8.796591689767035982e-01 -1.505034303472082335e+00 -8.412100346760312025e-05 -8.200533594697893836e-02 1.239558915366208769e+00 -1.541140512616296254e+00 3.389107978163277135e-01 7.376831295412297207e-01 -1.503789229759852297e+00
-2.122857335201608353e-01 -3.965295183659411360e-01 -1.549129078576745588e-01 -1.222524442878815565e+00 -1.843766045689402763e-02 9.323106989338277861e-01 -1.507821380097189357e+00 -7.324526215830942134e-03 -4.027804347786922978e-02 1.164552807548300928e+00 -1.639505414933146499e+00 3.092972841187778821e-01 7.872855805154730380e-01 -1.509462770252923525e+00
-2.093965381316982566e-01 -4.000555294166327491e-01 -9.707807920142096092e-02 -1.265597390034668202e+00 5.320265418729869591e-03 9.806387344969103026e-01 -1.512099128420944627e+00 -1.084660427957756350e-02 -7.672387916952259912e-03 1.061161076268647196e+00 -1.699554803455535001e+00 2.790073140272862906e-01 8.336818241070756974e-01 -1.496841187042355914e+00
-1.830614465425267900e-01 -3.957352852184993774e-01 -3.926657367800120285e-02 -1.311165446628621778e+00 4.219207678577397563e-02 1.033222454052364458e+00 -1.519808654139563675e+00 -4.733866954487771575e-03 1.549537809145698150e-02 9.451247778270800426e-01 -1.722494374465010081e+00 2.474618659850019997e-01 8.762176215607788698e-01 -1.453549960339281633e+00
-1.762246752514469716e-01 -3.988546839280795453e-01 1.897449406783077719e-02 -1.358593163877774401e+00 4.845660546279098591e-02 1.064934418226111124e+00 -1.525493881904801396e+00 -5.016113663694914127e-03 2.941855484323585915e-02 8.056097513998750070e-01 -1.726938910531706339e+00 2.173462131420738075e-01 9.151852433425371469e-01 -1.413646272383028313e+00
-1.763424638266790356e-01 -4.055853122210598682e-01 7.807455014312444930e-02 -1.405646896625054598e+00 4.681725045646997763e-02 1.085295324333352074e+00 -1.539717712569258934e+00 -9.333793606293380035e-03 2.531546907468396057e-02 6.592772415785959073e-01 -1.712762763696062951e+00 1.868419546697719646e-01 9.507474000207982723e-01 -1.370787050513383898e+00
-1.684134104978653179e-01 -4.083119620172896425e-01 1.343324570069711899e-01 -1.448854565883170631e+00 6.281622677059432724e-02 1.091233597135260025e+00 -1.573195448740252189e+00 -6.786454302612463007e-04 1.273378024632718314e-03 5.316666062101392809e-01 -1.670132825084521100e+00 1.559757410111314857e-01 9.779900664122369580e-01 -1.286476192961862886e+00
-1.581915333305212168e-01 -4.097510113560295375e-01 1.899721194504239985e-01 -1.491315361448129817e+00 8.788893513948382863e-02 1.070834506579128931e+00 -1.623789053747590971e+00 -4.862669960592683866e-04 -4.331059986033458653e-02 4.319590792219458186e-01 -1.640026470480016263e+00 1.289057662053248732e-01 1.000472283089966163e+00 -1.209194707452224682e+00
-1.561480645208450646e-01 -4.151959754062412022e-01 2.452020300510159012e-01 -1.528760606286999835e+00 1.043588959382051873e-01 1.020744316345366220e+00 -1.681391737689859722e+00 -7.255327786060456960e-03 -9.899996663537764807e-02 3.585839222103860413e-01 -1.609676555751009319e+00 1.071004569183505034e-01 1.017875209570007655e+00 -1.137820860223116792e+00
-1.406715873212368573e-01 -4.106918171409531526e-01 2.977633299244596965e-01 -1.558788290087939510e+00 1.420895080635292962e-01 9.526333641978113054e-01 -1.741159737771108551e+00 2.523979423274744661e-03 -1.513218533345055683e-01 3.249101652100548909e-01 -1.545067585677319499e+00 9.143488989901528419e-02 1.020502504877233818e+00 -1.017839789413910401e+00
-1.218051140706048752e-01 -3.994432795723814600e-01 3.500113896599493235e-01 -1.583946585288184883e+00 1.830346664848111760e-01 8.530278381114184683e-01 -1.782210056786498908e+00 -1.426693137855488238e-03 -1.964350063009656921e-01 3.152499287919601767e-01 -1.518116714815919144e+00 8.085125523223932187e-02 1.021759206488171756e+00 -9.243678556867812590e-01
-9.487713869293620816e-02 -3.653819066760478074e-01 4.043348799572067387e-01 -1.607046459671092054e+00 2.277281987865999446e-01 7.234603477429391027e-01 -1.783195573123268041e+00 -5.716471158426445452e-03 -2.276369012362676747e-01 3.437321999861494004e-01 -1.512666552618982196e+00 7.773456713966672704e-02 1.054843226573264570e+00 -9.200000000000000400e-01
-5.851004780101925346e-02 -3.263574406333475397e-01 4.565221168336286994e-01 -1.621964585878111986e+00 2.718143198597408050e-01 5.729156149738507953e-01 -1.736573128671000221e+00 -1.594363469411363976e-02 -2.456260321217168530e-01 3.902181299823329064e-01 -1.536428871409549979e+00 7.552237518272462979e-02 1.082207134044733898e+00 -9.200000000000000400e-01
-1.395226576064725280e-03 -2.714875415278036885e-01 5.019256810152368242e-01 -1.626466092018636012e+00 3.238488786390499308e-01 4.091767746204589828e-01 -1.665957351896698579e+00 -1.227472897622409673e-02 -2.469516923904500616e-01 4.520002893121025100e-01 -1.536758849392862780e+00 7.956557826947545375e-02 1.113391556068233035e+00 -9.200000000000000400e-01
5.963574547245557855e-02 -2.128605755664536858e-01 5.403959201682435598e-01 -1.619562541195004535e+00 3.621266777908183077e-01 2.528249035133510736e-01 -1.567515162458653855e+00 -1.082382144723998026e-02 -2.405069510414151734e-01 5.109838070517555009e-01 -1.540797314664548390e+00 8.675312472078518244e-02 1.139012757143406551e+00 -9.200000000000000400e-01
1.087404713495434688e-01 -1.618961691538770842e-01 5.761473601565122449e-01 -1.608074571434025213e+00 3.794293965301654414e-01 1.065394749998064966e-01 -1.450076136091309920e+00 -1.142458548269869277e-02 -2.332598598425939251e-01 5.683360302966717903e-01 -1.550294903288424564e+00 8.767662184328933739e-02 1.157818452010569654e+00 -9.200000000000000400e-01
1.625542196282373508e-01 -1.057152621648237978e-01 6.032883474947446922e-01 -1.588048923605637430e+00 3.877754905804261520e-01 -2.911841147371852997e-02 -1.330787801743272825e+00 -8.647252182815246685e-03 -2.233664106352874767e-01 6.247366012268223967e-01 -1.550443770530886667e+00 9.226833786421460848e-02 1.170050205322104020e+00 -9.300630720291260811e-01
2.293591838637172309e-01 -3.697862145366383191e-02 6.152177970159871112e-01 -1.554989682872754519e+00 3.664326194645733947e-01 -1.388134912619503059e-01 -1.234098626368561602e+00 -7.556222305377223968e-03 -2.102266223520433130e-01 6.798512425888906252e-01 -1.549582162293678067e+00 1.069224420896766337e-01 1.242426458524318100e+00 -1.138204306360374840e+00
2.845078285588784062e-01 2.217762936992966408e-02 6.233889398711632834e-01 -1.520793549433629321e+00 3.436882932675958124e-01 -2.277149268935765025e-01 -1.150032258672178287e+00 7.352600260984090827e-04 -1.939200770170660670e-01 7.339673490653081389e-01 -1.527122572664398437e+00 1.284079430676867417e-01 1.291280751994740017e+00 -1.331068227554415451e+00
3.306313353323761528e-01 7.301862284967700067e-02 6.291535336150126945e-01 -1.486265293944215138e+00 3.226226853306832787e-01 -2.869346510086056568e-01 -1.089189779316677820e+00 -2.407234484656819681e-04 -1.775841887427772603e-01 7.842534245133592208e-01 -1.517770107402544921e+00 1.627487222291940649e-01 1.310140967673008028e+00 -1.521912028022338381e+00
3.492295068901349331e-01 9.788650577418313292e-02 6.543289439367829807e-01 -1.465463759712108072e+00 3.083322687997093192e-01 -3.071047360964314077e-01 -1.047485363991877305e+00 -9.139463454771817874e-03 -1.614405680225329265e-01 8.317082570853614465e-01 -1.518860554212627445e+00 2.138167515192160584e-01 1.294350377671364960e+00 -1.700105169912274006e+00
3.125752332053422511e-01 6.776061709142806866e-02 7.268402159362420401e-01 -1.482959013017246086e+00 2.921389861663051812e-01 -3.193745793829630975e-01 -9.899324285867462381e-01 -2.621428336224832997e-03 -1.453693401169614541e-01 8.755155492969208808e-01 -1.482339001546002955e+00 2.700758284419478850e-01 1.231735739779164840e+00 -1.811721187996431670e+00
3.395400753784162950e-01 1.080889543786411472e-01 7.379727778796739690e-01 -1.450152788691123407e+00 3.024597443529011831e-01 -2.967044893191864152e-01 -9.916665820289058964e-01 -4.216034295267422939e-04 -1.321197664868775656e-01 9.142244904953740203e-01 -1.449082249933858479e+00 3.377015513759056287e-01 1.133854000414437957e+00 -1.894010354807634577e+00
3.146501748899243611e-01 9.279349717325616198e-02 7.926263174343410878e-01 -1.461773877076560924e+00 3.115058743325227475e-01 -2.738026063180333258e-01 -1.007089250600025965e+00 -1.002986365530477049e-02 -1.215773721920617167e-01 9.500568499106593068e-01 -1.434500954084308555e+00 4.172180861783257866e-01 1.000688313350636571e+00 -1.951310597815011594e+00
2.928414495652238436e-01 7.726746388241693964e-02 8.420193737694882108e-01 -1.476344724505052275e+00 3.206943086299955392e-01 -2.369088484552289431e-01 -1.045772183364576779e+00 -2.649727365072355317e-03 -1.109433856619178316e-01 9.787561408706145771e-01 -1.376977336817873265e+00 4.914865140391395659e-01 8.486034302934029050e-01 -1.925984554235046664e+00
2.823211789365194790e-01 7.225473316195044071e-02 8.774543388286963896e-01 -1.486606925161849446e+00 3.271693607500800183e-01 -1.943165275474007248e-01 -1.079318995938027825e+00 -6.405861682364867625e-04 -1.028308551759830047e-01 1.001892588918337212e+00 -1.322327238217755996e+00 5.609881755633401301e-01 6.836256955662228796e-01 -1.850353548901886525e+00
2.561880991779000305e-01 3.971580116648070619e-02 9.119269817327582128e-01 -1.524732156798772831e+00 3.271186459153725412e-01 -1.507808968559753993e-01 -1.112705237528152535e+00 -1.093017446187726226e-04 -9.813122552005881793e-02 1.020824405249193711e+00 -1.266089198199626731e+00 6.145303913212469826e-01 5.153639586638800729e-01 -1.722278175539633915e+00
2.534575146044366623e-01 3.189246578729187931e-02 9.120813515516109637e-01 -1.556306660902434080e+00 3.325735271655912428e-01 -1.001123520247552828e-01 -1.154931150675011731e+00 -2.573602827799910571e-03 -9.802309769956484009e-02 1.034716504272596982e+00 -1.211512885324237621e+00 6.538230056309579652e-01 3.669592426404155172e-01 -1.561987527421547783e+00
2.499773141846853008e-01 2.049297958422546806e-02 9.047943489075920276e-01 -1.592739730786469243e+00 3.358417270522766618e-01 -4.946881540586682557e-02 -1.198626777804202126e+00 -4.675535189019384107e-03 -1.008877935593868597e-01 1.043884016156225503e+00 -1.150569176142745897e+00 6.863269583870829083e-01 2.477691091189919703e-01 -1.403339045908159832e+00
2.509403813213086920e-01 1.297313731776767592e-02 8.919724084055395963e-01 -1.638595696513847733e+00 3.364203158229704949e-01 4.671956104027620398e-03 -1.241578056104951644e+00 -4.175971971717088306e-04 -1.062365549219191352e-01 1.046416262223755611e+00 -1.068640227521224562e+00 7.038253191682610765e-01 1.673603500852365866e-01 -1.237750224256393583e+00
2.565952298686914879e-01 9.248800024260827451e-03 8.674410199503800323e-01 -1.682453326054952791e+00 3.379411380220423422e-01 6.017747135863024677e-02 -1.285202559626691610e+00 -5.582585579524495384e-03 -1.163749202572825353e-01 1.049107712497258316e+00 -1.007141985205066481e+00 7.142557501170224699e-01 1.214390547402149217e-01 -1.121638858185646237e+00
2.470962084831752614e-01 -1.759468899319105092e-02 8.369658556615957590e-01 -1.733437658254097569e+00 3.321659315963207404e-01 1.133588160766069025e-01 -1.323735945359445054e+00 -5.337784277644758027e-04 -1.303319710861888803e-01 1.042511183452693446e+00 -9.200877893493502047e-01 7.018430403632583969e-01 1.180719019523620711e-01 -1.027636256472591603e+00
2.497767961332290343e-01 -3.273322445149924598e-02 7.763056915517945189e-01 -1.762871036762153398e+00 3.347096446883160437e-01 1.688329785985521470e-01 -1.359889100911302107e+00 -1.162746119167320895e-02 -1.509450002726043238e-01 1.061988630496069508e+00 -9.200000000000000400e-01 6.922244472356601230e-01 1.389752673352519230e-01 -1.019395859325451736e+00
2.390073105350990490e-01 -6.472605427520075616e-02 7.118259855942796754e-01 -1.785311495368125723e+00 3.315837172275786227e-01 2.231496337296065835e-01 -1.393441145708497864e+00 -1.320179448007603382e-02 -1.741704946917211339e-01 1.084092640699999111e+00 -9.200000000000000400e-01 6.764542619204031437e-01 1.710654543136174710e-01 -1.024998914542648576e+00
2.271052942966378663e-01 -9.722562682411664547e-02 6.376974436770163068e-01 -1.792416644505572698e+00 3.292062285045605496e-01 2.781351211280592706e-01 -1.426114330278355435e+00 -1.438824423584984281e-02 -1.982187489185642248e-01 1.102615801270954599e+00 -9.200000000000000400e-01 6.632197660982050991e-01 2.149875625004036284e-01 -1.064592374092921290e+00
1.918808962985842359e-01 -1.509356909416292858e-01 5.663440402358899117e-01 -1.790476175689370342e+00 3.120417513258595954e-01 3.290154116831332520e-01 -1.453780379112249221e+00 -8.815757948303845626e-03 -2.181418475967249471e-01 1.135232405304588799e+00 -9.200000000000000400e-01 6.409380031942307765e-01 2.659860902084092427e-01 -1.094130426793870958e+00
1.477448291066893737e-01 -2.069346291067080679e-01 4.861858805277997075e-01 -1.767559676592953766e+00 2.862416519956267891e-01 3.745879429497914193e-01 -1.471012314704031265e+00 -1.790452885765714264e-02 -2.419735387223689027e-01 1.136618061591753159e+00 -9.200000000000000400e-01 6.256322602763242369e-01 3.161742994478088931e-01 -1.157995884912905726e+00
1.038916134587237611e-01 -2.553529715485868268e-01 3.920197174774592841e-01 -1.723218721618280158e+00 2.564948030338469187e-01 4.153150380162073385e-01 -1.481898798265076644e+00 -1.370714149915032258e-02 -2.533684264470713043e-01 1.145896321392602113e+00 -9.200000000000000400e-01 6.042086516782474437e-01 3.640957986029589311e-01 -1.182191960187060298e+00
6.051319783374577155e-02 -2.945510838632874884e-01 2.910843867308824939e-01 -1.658377261972466599e+00 2.225615895905894148e-01 4.505231643063548619e-01 -1.488106449172687862e+00 -1.263609497569176225e-02 -2.565337730755273271e-01 1.155690597487259108e+00 -9.200000000000000400e-01 5.879462958637059478e-01 4.094096499761452623e-01 -1.206957238181788794e+00
1.762679090052244463e-02 -3.255823195166609452e-01 1.847489106388528202e-01 -1.578665098892147345e+00 1.854164677824839402e-01 4.796438203913067078e-01 -1.488662516311465067e+00 -1.067077858122847563e-02 -2.434850021041146673e-01 1.155281411052292428e+00 -9.200000000000000400e-01 5.730831133709920477e-01 4.521230942625788507e-01 -1.223961149669313464e+00
-2.491700293602553545e-02 -3.493482972122629038e-01 7.836708791729676826e-02 -1.490288237551344874e+00 1.461379916227857900e-01 5.027463487373545759e-01 -1.483540892586616255e+00 -1.469436960494812337e-02 -2.128695406864092587e-01 1.139208647392379703e+00 -9.200000000000000400e-01 5.601862276767670679e-01 4.923349512201281586e-01 -1.253317426448880001e+00
-6.250666853664947620e-02 -3.638417804721449378e-01 -1.226416291392960420e-02 -1.403677190217263560e+00 1.090891308048193009e-01 5.227393841878279490e-01 -1.474242850422457396e+00 5.506106396378294965e-03 -1.694878378874510316e-01 1.148646050304344968e+00 -9.785153496814990026e-01 5.345980988287528657e-01 5.304846309565577345e-01 -1.223621264053829316e+00
-9.137804317940796672e-02 -3.679366826129149559e-01 -8.414537206009251036e-02 -1.315380489314990298e+00 7.765283796237214264e-02 5.437236350745267011e-01 -1.462960069976916078e+00 1.867916420248270058e-03 -1.164520055790039393e-01 1.183235664561375744e+00 -1.154678661424062502e+00 5.191323463629736734e-01 5.668860621149561796e-01 -1.248591802914312821e+00
-1.166338083220858357e-01 -3.686470680544798317e-01 -1.381013601193223361e-01 -1.239114026791966472e+00 4.653706059563252756e-02 5.629402831135883467e-01 -1.447672806120079203e+00 -7.163792005669036844e-03 -5.278016132722061771e-02 1.191051609769075315e+00 -1.309330027572593202e+00 5.053300817321136895e-01 6.020852254845776574e-01 -1.283086226393644891e+00
-1.342285009188504685e-01 -3.672777952414992275e-01 -1.704659557756133259e-01 -1.184546224691961358e+00 2.114900822537522582e-02 5.843929601441878452e-01 -1.434045664756246063e+00 -9.129179680981831108e-03 1.714096727130615117e-02 1.165221944006661792e+00 -1.409332878827489699e+00 4.872913871570117572e-01 6.362223335333927476e-01 -1.298341186793079416e+00
-1.379919269716788077e-01 -3.620528616346896933e-01 -1.700869072583456598e-01 -1.154576017491334872e+00 8.733647409389007701e-03 6.132077707756520280e-01 -1.427515891625769973e+00 -5.540074934835450670e-04 8.740682222488727060e-02 1.111676763303897086e+00 -1.452116167208279629e+00 4.639817586606639899e-01 6.691008664366135950e-01 -1.286484933991876689e+00
-1.416911396557768155e-01 -3.560859052564092631e-01 -1.473969186346871796e-01 -1.133269206188900480e+00 -3.225882475002936518e-03 6.406091521911978504e-01 -1.421177484715256734e+00 -1.036857335362416539e-02 1.555863358727762047e-01 1.042691879514767272e+00 -1.495624111976865400e+00 4.450568280554311751e-01 7.021660137030572013e-01 -1.313643414994529746e+00
-1.370969739106440710e-01 -3.513035561042758825e-01 -1.141016150254748618e-01 -1.134932940109767197e+00 -4.983605111192969221e-03 6.742284870465607982e-01 -1.424551612548445645e+00 -1.736828086606923179e-04 2.183583663671265773e-01 9.505848835255290563e-01 -1.469342831647415304e+00 4.177545670187916005e-01 7.331938224110428060e-01 -1.290919193795727171e+00
-1.317271947213499717e-01 -3.504693738067753972e-01 -7.504437826466607564e-02 -1.162502583263930411e+00 -6.790530754654520486e-05 7.122633467870742585e-01 -1.432638896824405705e+00 -8.187672699679968483e-03 2.732891833826812111e-01 8.585402582885428568e-01 -1.465944753728414929e+00 3.918080160196928952e-01 7.656295567806692404e-01 -1.306890140269077571e+00
-1.344971662253422462e-01 -3.540206810104170043e-01 -3.142964862150880029e-02 -1.198611633429268908e+00 -1.156994380307231618e-04 7.450770129354066240e-01 -1.442434914947194002e+00 -9.954551199341124187e-03 3.143049145894636354e-01 7.752882209582592221e-01 -1.454719689301010366e+00 3.596739022260044827e-01 7.969689065280824991e-01 -1.303644771500638955e+00
-1.362733365419948883e-01 -3.587271827671158486e-01 1.384513284946216165e-02 -1.240636790875656370e+00 5.525895977287330341e-03 7.814661821304208500e-01 -1.462710352807040648e+00 -6.628086813780313148e-03 3.394312347051173795e-01 7.011644041985302112e-01 -1.436480877304226578e+00 3.222401967915016208e-01 8.264686811402571776e-01 -1.285377485180423607e+00
-1.301705852515824824e-01 -3.602250718147715913e-01 5.967827075570727308e-02 -1.281691261917148328e+00 2.422853471574581627e-02 8.240766486072956809e-01 -1.495240669069325401e+00 -2.307787389824372815e-03 3.463279903538693527e-01 6.341575503601186714e-01 -1.413326553661893303e+00 2.833642261244635474e-01 8.543852868012246082e-01 -1.258787178834064102e+00
-1.334777852375867713e-01 -3.667382389221781613e-01 1.067041867946375427e-01 -1.324180650287195560e+00 3.909198400704465282e-02 8.610729628523978718e-01 -1.533112013483484137e+00 -2.369309450084315302e-03 3.396171640796676883e-01 5.716737808476198834e-01 -1.387092607881530881e+00 2.442711509905841627e-01 8.825901625359997560e-01 -1.236043001870853697e+00
-1.378876841213801663e-01 -3.753319100025901411e-01 1.552021838494490047e-01 -1.370548718247216247e+00 5.689967925786929698e-02 8.899706936613581698e-01 -1.579118480530685487e+00 3.559714256190309265e-03 3.220098970432608843e-01 5.188411036654889674e-01 -1.322686952740631305e+00 2.052593038552092408e-01 9.073114271562843225e-01 -1.192010488324852790e+00
-1.387735061296472283e-01 -3.824757444615875523e-01 2.031605876559107182e-01 -1.414593325769986087e+00 7.973660714993216492e-02 8.977533305529542540e-01 -1.626318868139266849e+00 2.439803469620417144e-03 2.928307469397365970e-01 4.780724836848318504e-01 -1.271098306112607323e+00 1.685220786034198337e-01 9.299861632912959086e-01 -1.156185961104805093e+00
-1.297800865112973823e-01 -3.831672556808278229e-01 2.495367229819316912e-01 -1.452922015527637223e+00 1.046948792875718043e-01 8.644648827681974401e-01 -1.669726662988266330e+00 8.625107975444488984e-03 2.445662556335035098e-01 4.608753404794437847e-01 -1.240034740655682199e+00 1.316412337849564573e-01 9.439869917402101684e-01 -1.090816613036748928e+00
-1.116722360415128984e-01 -3.766057618321678180e-01 2.942119646535359401e-01 -1.484949588334091963e+00 1.267841685205736979e-01 7.952368649947123558e-01 -1.702429519120258750e+00 3.011928258614591744e-04 1.924548068450071536e-01 4.585262549059094805e-01 -1.266140908881076221e+00 9.586415859829337804e-02 9.573620863195982933e-01 -1.048535935069579761e+00
-7.202616377070875098e-02 -3.533169595659229056e-01 3.350608813374827966e-01 -1.511016583674562819e+00 1.563561443237416471e-01 7.041186052468344503e-01 -1.710770478223730073e+00 8.378783963922756609e-03 1.366793645567100646e-01 4.658389817284199763e-01 -1.264276222582580100e+00 6.245919864990760045e-02 9.580009607015256279e-01 -9.569778537596066448e-01
-2.376104629740430352e-02 -3.201742627930636020e-01 3.721604485468257839e-01 -1.528725621309451332e+00 1.731540801949272568e-01 5.918801542979726937e-01 -1.682079981907234290e+00 -6.419781883851855692e-03 8.482541113067884608e-02 4.788200290025089179e-01 -1.318044972949857785e+00 3.156721496528690218e-02 9.679545646280890425e-01 -9.207981619893275127e-01
3.376098305974130354e-02 -2.755063945463925856e-01 4.029295891026236087e-01 -1.532948823100577673e+00 1.841331555133876585e-01 4.701928982302282511e-01 -1.622216485732710156e+00 -9.519298029037349604e-03 4.607979731626542924e-02 5.009636946888346154e-01 -1.341182486862870338e+00 6.015106168794359665e-03 9.996396107211749094e-01 -9.200000000000000400e-01
9.855999749566241031e-02 -2.208068392610053887e-01 4.260601332469768909e-01 -1.523603060896441486e+00 1.910286147122855493e-01 3.424663947218566928e-01 -1.558861238256477932e+00 -8.685779203421643488e-03 1.025777702381078064e-02 5.288009552939901825e-01 -1.356835571861015222e+00 2.312267056512693191e-03 1.025989551725343452e+00 -9.200000000000000400e-01
1.677926971021272695e-01 -1.590646753471358643e-01 4.403476715903013039e-01 -1.503376808346498672e+00 1.850960786733713004e-01 2.314904650109363138e-01 -1.492619701966006129e+00 -8.781146367388761864e-03 -2.218762996658898978e-02 5.592413310374295676e-01 -1.371852459480508823e+00 -9.296395021205380166e-03 1.043760488030128331e+00 -9.200000000000000400e-01
2.307036063450987606e-01 -9.972733460022126240e-02 4.488563237980955356e-01 -1.476356744780694230e+00 1.721015245260300863e-01 1.368076269012284407e-01 -1.432841311905074466e+00 -1.038450845488839668e-02 -5.088112450789765429e-02 5.923891268684657874e-01 -1.388877448458130104e+00 -1.944428415716575181e-02 1.053247905383225769e+00 -9.200000000000000400e-01
2.882452364426222879e-01 -4.298256915386648030e-02 4.527435815378075823e-01 -1.446081413042093367e+00 1.460180575842996986e-01 6.756745101567725176e-02 -1.385341825315038689e+00 -1.170813294031508751e-02 -7.575025198978344032e-02 6.273354966829303159e-01 -1.404041295554761204e+00 -1.838347468946275112e-02 1.050644008450742906e+00 -9.200000000000000400e-01
3.363860060053603940e-01 7.135509719185396948e-03 4.555610028506517639e-01 -1.417760269836664033e+00 1.106798446404781422e-01 2.294619556774547472e-02 -1.351331992221884937e+00 6.603842920996122641e-04 -9.435935871463575764e-02 6.633002070817466400e-01 -1.386470071536002102e+00 6.630143232760458277e-03 1.097942477016061291e+00 -1.029703459301184454e+00
3.694564974114418754e-01 4.529261963057087947e-02 4.630583584869391589e-01 -1.398265417483772532e+00 7.592561100481511061e-02 1.577745282523486782e-03 -1.332470157218575535e+00 -7.617027666804565729e-03 -1.091362216483525160e-01 6.978694178537857562e-01 -1.412016039882480367e+00 5.154987514850876973e-02 1.158785327632794848e+00 -1.234297166855470751e+00
3.846127680530426196e-01 6.888502980809511900e-02 4.808138763085789136e-01 -1.392045359011668593e+00 5.562304743517896416e-02 4.294363527165578377e-03 -1.319869880999225975e+00 -6.942024279879238473e-04 -1.176213068301806691e-01 7.328906853277057376e-01 -1.402439955958164619e+00 1.116235976614106395e-01 1.191204484028778987e+00 -1.402151671903252073e+00
3.874069424094041536e-01 8.207654091226795900e-02 5.067516143375364601e-01 -1.395407566110906883e+00 6.013016741714765495e-02 2.479770008772543347e-02 -1.306881144990982291e+00 5.276733103268304095e-03 -1.220743631848188737e-01 7.680228373629937044e-01 -1.392779979071160135e+00 1.818496583449887571e-01 1.195721320686485178e+00 -1.553485438459649703e+00
3.857908946543757156e-01 9.121489344960957701e-02 5.348365254092276588e-01 -1.401299261699750609e+00 7.687140551145750511e-02 5.698174042344292950e-02 -1.295287886856617776e+00 6.595229057053462844e-03 -1.235001864040558422e-01 8.037441580307154165e-01 -1.390980691659491342e+00 2.553547097790557774e-01 1.168502499906633130e+00 -1.680874642221415360e+00
3.525394540821406575e-01 1.062906755177515233e-01 5.646881250756863313e-01 -1.401316938327021422e+00 8.706319639025260348e-02 8.092485715115296796e-02 -1.282681910833061156e+00 3.035029912310381172e-03 -1.246801167406018512e-01 8.394415423693190048e-01 -1.398866582910025747e+00 3.333817911230894104e-01 1.109945060810899387e+00 -1.777562842426786194e+00
3.108506185535837019e-01 1.176744145054140767e-01 6.009891882636929639e-01 -1.408857340409270353e+00 9.281597218091625079e-02 1.082346446716149907e-01 -1.291228844410496901e+00 4.756380181711065622e-03 -1.266527200939441267e-01 8.743076858425863351e-01 -1.393807043825117331e+00 4.032824452699573792e-01 1.023944727665394128e+00 -1.830461264060135207e+00
2.778281572021683576e-01 1.333438456992247501e-01 6.338831817827285109e-01 -1.418756282116406364e+00 9.911831676979360184e-02 1.383300450950372962e-01 -1.315867226203404128e+00 3.326224877682419385e-03 -1.277880501886904663e-01 9.075715926354921415e-01 -1.389572881946632199e+00 4.586407094413660901e-01 9.016866029052120757e-01 -1.845456607349089451e+00
2.541476389036016470e-01 1.364267048493898460e-01 6.757319116552180649e-01 -1.451056611257000695e+00 1.056131033410597636e-01 1.754630975280890848e-01 -1.347855934588103821e+00 4.068862374450347812e-03 -1.266555414850023542e-01 9.374819831402007031e-01 -1.370890826614450608e+00 5.046422243261970975e-01 7.514053743379157657e-01 -1.802539764504917930e+00
2.454396906697429437e-01 1.235533743055404060e-01 7.215482055444195630e-01 -1.505803000780561618e+00 1.182723275414207381e-01 2.211940819427132554e-01 -1.382879000027399607e+00 -2.102627471014741675e-03 -1.248127938684231580e-01 9.656424921350691415e-01 -1.356790715281068316e+00 5.474337308668165702e-01 5.889562579343540216e-01 -1.719670645493115879e+00
2.619223503313571899e-01 1.023222482687052154e-01 7.579067336555946888e-01 -1.578519076324852000e+00 1.429193558768741545e-01 2.788304066113886370e-01 -1.421147123987288596e+00 2.117602086353102733e-03 -1.227157888906692806e-01 9.876850964532020161e-01 -1.310684515247427129e+00 5.717484089125189906e-01 4.343516268522009116e-01 -1.575671839241802985e+00
2.861069955646489693e-01 5.460108992163507230e-02 7.911338143060588912e-01 -1.680262669027396516e+00 1.704061305344259925e-01 3.374277115073869293e-01 -1.453155643424631105e+00 -6.626111205323580687e-03 -1.236064053636375948e-01 1.008799227300372747e+00 -1.285875611057526902e+00 5.988141586675710393e-01 2.979967780419820467e-01 -1.457556116128374102e+00
2.963488852221555225e-01 3.081588675263651281e-02 7.875155223404354254e-01 -1.775008538537440117e+00 1.860759700232553493e-01 3.887721845521944219e-01 -1.474459114298148243e+00 -7.879576666703184962e-03 -1.271739578433904450e-01 1.024874579565637100e+00 -1.239935070201785505e+00 6.152891255242644020e-01 2.202812367815844830e-01 -1.360579550515986114e+00
2.975729416097433466e-01 9.864965570900215835e-03 7.424260365679642426e-01 -1.863663786406117850e+00 1.927195522043385623e-01 4.357630631764171092e-01 -1.489358952458600616e+00 -5.953144542579755054e-03 -1.332732668845280910e-01 1.035916951980095035e+00 -1.183802019981615494e+00 6.135342164306616386e-01 1.906132927204099159e-01 -1.286696159139375295e+00
2.826973490355481622e-01 -4.038065945395382522e-02 6.650598155588400839e-01 -1.941635822407089540e+00 1.870920827114565810e-01 4.773705503630785163e-01 -1.498012772900785494e+00 -8.733145317246129857e-03 -1.418974479391076349e-01 1.046024082928918464e+00 -1.139104577314712818e+00 5.937021499635799504e-01 2.032406530947755141e-01 -1.261769412730100903e+00
2.553461008894348239e-01 -1.108982536442422590e-01 5.490572684889436506e-01 -1.974402263980377104e+00 1.718173222286484836e-01 5.153169281338000340e-01 -1.502448054137515587e+00 4.915147174371664596e-03 -1.525528709778222747e-01 1.048467762447685248e+00 -1.059464724996751039e+00 5.556449237999672164e-01 2.465283239114144098e-01 -1.223363379804748741e+00
2.179113894931057616e-01 -1.873157076950742739e-01 4.157890593029498483e-01 -1.955641726446334827e+00 1.504399932523451111e-01 5.516901920671772874e-01 -1.504185300635235922e+00 2.111660853225992909e-03 -1.663336876199800474e-01 1.060052051564801090e+00 -1.030930000061512697e+00 5.289325992287466915e-01 2.936121630279892591e-01 -1.237569737429002892e+00
1.620407233473364905e-01 -2.643478638943674852e-01 2.868855965559652388e-01 -1.885610263724206703e+00 1.143922351364052431e-01 5.812460690759810866e-01 -1.498703301454609171e+00 2.858327110754137982e-03 -1.819146613975957116e-01 1.070769622175597346e+00 -1.003682758043318968e+00 4.960590737516061277e-01 3.430343674586850966e-01 -1.261048005061456978e+00
1.037280211896408622e-01 -3.207508958424969969e-01 1.583718265331589270e-01 -1.768226972243602813e+00 7.561154427819671842e-02 6.074348418533931371e-01 -1.488432733362693883e+00 -2.091000361439708435e-03 -1.962578558662341488e-01 1.085084434684541410e+00 -1.001668158369643846e+00 4.650925598629530033e-01 3.881191018683414207e-01 -1.302151436191544720e+00
4.033540164789152505e-02 -3.569963854951666571e-01 3.727074863130152432e-02 -1.618476990658877179e+00 3.122772540108475353e-02 6.265686543546107323e-01 -1.470315094120670851e+00 -9.168206658328990205e-03 -2.094225244588036328e-01 1.104763670310386248e+00 -1.023412044172951063e+00 4.330708952704070414e-01 4.347985191799034754e-01 -1.348766929568583794e+00
-1.958409240222103859e-02 -3.722031879628370787e-01 -7.154002461346596620e-02 -1.454549828214241503e+00 -1.017271585248032822e-02 6.430126138621189424e-01 -1.447844950228186711e+00 1.442910422343128074e-03 -2.175411483437812432e-01 1.117329626217652416e+00 -1.026200291778559537e+00 3.958480550877800375e-01 4.890212509678155683e-01 -1.353277040935650488e+00
-7.182766020498516923e-02 -3.737953576415639634e-01 -1.635494199089363165e-01 -1.297698091080201621e+00 -4.569735826144633029e-02 6.605223088349317928e-01 -1.426322269129476350e+00 1.942041200048212840e-03 -2.220574671949043233e-01 1.151335382794560713e+00 -1.106720286729579339e+00 3.678989410159741458e-01 5.391187758409448083e-01 -1.378634180440040158e+00
-1.145794843339457414e-01 -3.702705323667773718e-01 -2.388419766839488256e-01 -1.165088563768258423e+00 -7.337723615080857242e-02 6.826566593357052959e-01 -1.410145233705287771e+00 9.545008486711135812e-04 -2.196337146167194887e-01 1.188888189011161112e+00 -1.237293109864799012e+00 3.439243060743235048e-01 5.852377332974408874e-01 -1.403964272172657290e+00
-1.528921526354502514e-01 -3.681322996219992261e-01 -2.768275294666808772e-01 -1.085703920879337758e+00 -9.941923110899932026e-02 7.077168658228585318e-01 -1.394271130029117067e+00 -7.138709496843823055e-03 -2.098368187723001765e-01 1.215820966617279453e+00 -1.409601529680580168e+00 3.238008997076055606e-01 6.318271118663634223e-01 -1.440846396340338620e+00
-1.681290704132759328e-01 -3.679755309469360247e-01 -2.689690976963816094e-01 -1.076389323453763147e+00 -1.008941316238002039e-01 7.518564563799436939e-01 -1.400022819706459920e+00 -1.631176724269691987e-03 -1.947434191862672526e-01 1.215932118291215280e+00 -1.551737878718314700e+00 3.012260491444602728e-01 6.822126684122516993e-01 -1.443969976274239952e+00
-1.754298287481606822e-01 -3.714388264416982333e-01 -2.342056740099527357e-01 -1.109267951203666946e+00 -9.561449724938540784e-02 8.031664951458827861e-01 -1.415127090446045788e+00 -8.481972348434303061e-03 -1.761261464797955756e-01 1.182626774112233381e+00 -1.693051376859846968e+00 2.835253950416414259e-01 7.316189527695750039e-01 -1.469202820876046145e+00
-1.685929795311617851e-01 -3.747898706536856306e-01 -1.833815763350839234e-01 -1.165608758677371126e+00 -7.939821764978170771e-02 8.617806348628193058e-01 -1.441666116119295848e+00 -9.392381190405684269e-03 -1.536311576452840111e-01 1.108368278209392654e+00 -1.791272048525578864e+00 2.656477342770749983e-01 7.806709726802448790e-01 -1.475280797966076696e+00
-1.564266863560562215e-01 -3.775434225937266408e-01 -1.236967418153326614e-01 -1.231106173804296100e+00 -6.306006035491588946e-02 9.134349090295749152e-01 -1.470137110977655315e+00 -9.795281868618692031e-03 -1.346130614262077141e-01 9.917790609496059950e-01 -1.844802110748421597e+00 2.487507010753658154e-01 8.270277543451506341e-01 -1.472889071958696450e+00
-1.462702109823443841e-01 -3.781824420820446009e-01 -6.192462269421118715e-02 -1.284977676025613524e+00 -4.777719232613594769e-02 9.603605767502293444e-01 -1.502554090964594691e+00 -5.802285642416903436e-03 -1.256463463599828689e-01 8.545128513427683314e-01 -1.856335312894079381e+00 2.294121492457429912e-01 8.710020017291622008e-01 -1.454993430353152428e+00
-1.407173687999089817e-01 -3.806619165099509594e-01 -3.719570984418704707e-03 -1.336172926997734489e+00 -3.462733537010405371e-02 1.001889035936380790e+00 -1.539669367628646368e+00 3.300034808006030006e-03 -1.284155530986182958e-01 7.118779764460125836e-01 -1.834200522233088382e+00 2.078938068748210077e-01 9.109784840090920932e-01 -1.419222230438194288e+00
-1.413082748464452865e-01 -3.867859360135575408e-01 5.334126270825961802e-02 -1.388318049771233964e+00 -1.959773384125918991e-02 1.032909812539611893e+00 -1.587329281079793653e+00 -1.687035173322542223e-03 -1.485073229329776368e-01 5.657992718132982546e-01 -1.818277053772346052e+00 1.869352364391496379e-01 9.491204200954851400e-01 -1.405096918415533080e+00
-1.564420762624707251e-01 -4.006218295780899497e-01 1.145347542959711390e-01 -1.437934613035600995e+00 -1.091487964373256611e-02 1.040777753470644829e+00 -1.644218528038980720e+00 -4.607741364767947018e-03 -1.851833279971413226e-01 4.334718377495764829e-01 -1.767381545010365151e+00 1.644170915010166600e-01 9.827451726690149547e-01 -1.376986405977262073e+00
-1.749101463800992184e-01 -4.175316464130253147e-01 1.745446946734000027e-01 -1.480740434884349810e+00 7.383055421392800341e-03 1.028199334777568863e+00 -1.712835941583696675e+00 -9.765646336360150458e-04 -2.314716668196536431e-01 3.396097139964128764e-01 -1.689033609898221489e+00 1.426980689943946057e-01 1.009832442687170984e+00 -1.327024276068930364e+00
-1.766839508819596505e-01 -4.261480348971839471e-01 2.313149107540509175e-01 -1.519428440477865072e+00 6.268827012528037368e-02 1.003546217327379697e+00 -1.800736787465025968e+00 1.089076411581380759e-03 -2.828103670814224313e-01 2.957159918775913443e-01 -1.617659560346139891e+00 1.240137818869422315e-01 1.031826783457056917e+00 -1.275977146152744046e+00
-1.683528760084453957e-01 -4.282725553811116415e-01 2.858228292324407893e-01 -1.554091591569014330e+00 1.236618986015375482e-01 9.470249548734308576e-01 -1.877854666592250421e+00 1.524502135730395301e-03 -3.321558005385349399e-01 2.853368884358075119e-01 -1.561700058702979232e+00 1.080587552738803553e-01 1.048505460473479145e+00 -1.224558821409414078e+00
-1.525865939645380531e-01 -4.242292914745340315e-01 3.382795363616005746e-01 -1.584273804496050930e+00 1.661498277134161317e-01 8.556798295727952031e-01 -1.928085333182492089e+00 -6.652990649802841862e-03 -3.812391311615539458e-01 2.950856419760971572e-01 -1.545975361451802588e+00 9.552477606857841252e-02 1.062515671826242070e+00 -1.183909343626637689e+00
-1.222757647767692413e-01 -4.079041947237506682e-01 3.880525125730303060e-01 -1.610944507723176100e+00 2.233920405883733362e-01 7.428662682834058506e-01 -1.949081034146249669e+00 -7.039049217931502185e-03 -4.224498919034779809e-01 3.279747086592418870e-01 -1.534639705131185750e+00 8.692818236431645862e-02 1.068463239104197715e+00 -1.122519697395147231e+00
-8.951101358514824968e-02 -3.858081660832323734e-01 4.247943803056315470e-01 -1.627001202809769342e+00 2.756997859892969527e-01 6.075156925093523341e-01 -1.933825680642028422e+00 -1.650077326744134147e-03 -5.985557032249404497e-01 3.582986618421495906e-01 -1.441091657903504242e+00 4.784086605283024984e-02 1.050745926247235618e+00 -9.369905748494036235e-01
-3.520422224480938139e-02 -3.441779686091359647e-01 4.644732307525832327e-01 -1.641941053663040329e+00 3.340276042781394339e-01 4.627082460362350602e-01 -1.868071286392579911e+00 -8.480126552211534469e-03 -6.160462484581381570e-01 4.006862484707094940e-01 -1.455336265262023643e+00 4.774900730721096803e-02 1.058890695465133147e+00 -9.200000000000000400e-01
2.343740280736283932e-02 -2.945406925067832749e-01 4.968244029448275478e-01 -1.649135593498987307e+00 3.772529312846928939e-01 3.146208063863184523e-01 -1.765577407481849104e+00 -7.082126942362712389e-03 -6.262890005982973962e-01 4.429589522968734872e-01 -1.447518199994033417e+00 4.716231033379522652e-02 1.072744945811836326e+00 -9.200000000000000400e-01
8.213028127132604439e-02 -2.406304544358250086e-01 5.218719543079543000e-01 -1.647217036697314896e+00 4.024376232388092722e-01 1.716774177902196941e-01 -1.635648394495532676e+00 -8.873017443385176201e-03 -6.360519381769156322e-01 4.792852603076844242e-01 -1.438379722508885017e+00 4.806575390829503219e-02 1.087575903387469678e+00 -9.200000000000000400e-01
1.081490090841203955e-01 -2.122843074981742295e-01 5.508516990965289795e-01 -1.642178337921670117e+00 3.973381023570850545e-01 4.085244466917919981e-02 -1.490945792163523409e+00 4.641779799357213516e-04 -6.414610348418984254e-01 5.138545616908802849e-01 -1.397437778934482289e+00 4.005788851499058473e-02 1.178401832370399527e+00 -1.039028007991201985e+00
1.693857071694943872e-01 -1.320400189310656502e-01 5.530385761912031128e-01 -1.610763055941090593e+00 4.087299337940167865e-01 -5.542708892777235136e-02 -1.379745127452837838e+00 6.215266731792764079e-03 -6.487766831356682751e-01 5.438534343781927793e-01 -1.355637736808393834e+00 1.546235582541263288e-02 1.222299778857294017e+00 -1.156930879086019770e+00
1.994243018449880223e-01 -1.118002196880022309e-01 5.892671004394495204e-01 -1.593998908042820517e+00 4.043613857961650959e-01 -1.080624032792574657e-01 -1.293447123890647976e+00 -7.357574812735175572e-03 -5.595026880115067103e-01 5.871284649808884426e-01 -1.457826376195883178e+00 2.674846619896139796e-02 1.267290556240986632e+00 -1.431848753039375088e+00
2.111048901239655773e-01 -9.291437020110539236e-02 6.074646203886238105e-01 -1.568512846141701722e+00 3.955203281252128722e-01 -1.185641865854045324e-01 -1.233887638730323255e+00 -3.247752326320547858e-03 -5.617627267471183572e-01 6.133108846689308002e-01 -1.420338159222363839e+00 -2.523622883541381222e-03 1.270985886697958644e+00 -1.541378132368959486e+00
2.083911383623007763e-01 -8.805971604185713897e-02 6.306928656402462918e-01 -1.546501254441730033e+00 3.865397980726616445e-01 -1.081668102811082499e-01 -1.198800168863155324e+00 -1.706299495433641041e-03 -5.615642248085779276e-01 6.376564956479725543e-01 -1.388819228923199978e+00 -3.387246953967763818e-02 1.243783473961092678e+00 -1.618940976993977543e+00
1.975881514134975869e-01 -9.227590829276907658e-02 6.570280398199789262e-01 -1.531823326531120966e+00 3.788396678391094952e-01 -7.948276403783331723e-02 -1.186728277399332621e+00 7.493619579016299074e-04 -5.350654346038593578e-01 6.607147714302790131e-01 -1.378867171883682907e+00 -6.762098799761286083e-02 1.187453892777187825e+00 -1.660090196266638340e+00
1.933832460700845857e-01 -9.169826768032199316e-02 6.780443589152848061e-01 -1.523475828038590052e+00 3.735980766819045340e-01 -4.910758644357129943e-02 -1.173281234432262288e+00 2.240972106716164426e-04 -5.089807982382509310e-01 6.837245384320822517e-01 -1.379883081331074290e+00 -1.113224328831725757e-01 1.126218599043652624e+00 -1.684296539427179384e+00
1.915406278341112711e-01 -9.060440687917840907e-02 6.928555636209758894e-01 -1.520985851940657829e+00 3.707467705955224679e-01 -2.876613774550612970e-02 -1.163902096402955166e+00 -3.972797404749467583e-03 -4.847946406002269226e-01 7.068841676733246260e-01 -1.391308760653771959e+00 -1.794384428962822187e-01 1.055127480535729356e+00 -1.657445729830498315e+00
1.944700774431813994e-01 -8.592593158983991009e-02 7.036509905266002951e-01 -1.525850934234342260e+00 3.710206656125902280e-01 -7.747476989105866324e-03 -1.160374622055506677e+00 -8.452189312244699423e-03 -4.540463174097000842e-01 7.325498752602613850e-01 -1.409537519332157318e+00 -2.486222753659574347e-01 9.790721670455145853e-01 -1.599503101605393107e+00
1.744422760615992052e-01 -1.070830259078190128e-01 7.210392086417936053e-01 -1.542720955917390890e+00 3.628826260256240444e-01 1.493563229292093827e-02 -1.164314890367648792e+00 -9.620833021190490844e-03 -4.096754700836129914e-01 7.622366702579950193e-01 -1.426088775940184572e+00 -3.014940012314694107e-01 8.933770054987724141e-01 -1.514030880877896612e+00
1.642975034635437426e-01 -1.192596364437540496e-01 7.170004137579396586e-01 -1.545244157907196492e+00 3.598114454759124836e-01 4.099798681930035688e-02 -1.176692948138726713e+00 -1.179343078370750442e-03 -3.530230265299196812e-01 7.930828113483342490e-01 -1.420605036732577542e+00 -3.379439782361463585e-01 7.927817874348429550e-01 -1.384213907881304273e+00
1.618318134443841316e-01 -1.269425220739879845e-01 6.984346268798237167e-01 -1.562286905281084382e+00 3.615267376103982744e-01 7.059791014544980481e-02 -1.199050917722385812e+00 -7.470264166257567506e-03 -3.005198583355526698e-01 8.239567740691836617e-01 -1.440414195545210108e+00 -3.664267465990352912e-01 7.268238129915634005e-01 -1.302865922587844727e+00
1.511194366166388747e-01 -1.483891692997290346e-01 6.695979754131307082e-01 -1.606547967840108226e+00 3.602049299805165639e-01 1.008760522544829424e-01 -1.227909463948932967e+00 1.512026527295857016e-03 -2.472619484181528271e-01 8.529937785966481556e-01 -1.421324804587957624e+00 -3.646134758124568997e-01 6.779994499582813194e-01 -1.193515973813021214e+00
1.422119393444633284e-01 -1.723678351974617662e-01 6.249772521630013733e-01 -1.665614978886965858e+00 3.597953562225358892e-01 1.316399068861567878e-01 -1.258434318907141636e+00 2.544858623676691124e-03 -1.994984879084572560e-01 8.800891598118188996e-01 -1.412685171603377032e+00 -3.549954530022250143e-01 6.310385083413033724e-01 -1.091917670781686001e+00
1.292025748039048461e-01 -2.020332461203794006e-01 5.611195560532653559e-01 -1.712096987145629745e+00 3.568781208134653160e-01 1.624434312829723115e-01 -1.288295338555652370e+00 4.353135443258209056e-04 -1.573459982184309824e-01 9.053311108927207806e-01 -1.405070758968929745e+00 -3.360917711762058668e-01 5.866537194834869906e-01 -9.887026774878138191e-01
9.467345044262144571e-02 -1.976778618902261531e-01 4.694498182867498093e-01 -1.723417752380034473e+00 3.414137523884754333e-01 1.919998154813569446e-01 -1.318149224582138235e+00 -2.604639102591364396e-03 -1.190546648407317942e-01 9.299466212747373728e-01 -1.395905378382626072e+00 -3.163298869638814237e-01 5.503594431259207775e-01 -9.200020962670230062e-01
4.472762935748129942e-02 -1.925219682841717295e-01 3.713602632327551167e-01 -1.702830974786321283e+00 3.152708357927778704e-01 2.198600260042533061e-01 -1.346628774154829067e+00 -4.906035072669563506e-03 -7.960285873115788280e-02 9.529844566392530192e-01 -1.379129171064496395e+00 -2.893014344435318463e-01 5.442794057489135362e-01 -9.200000000000000400e-01
-1.545056045986398230e-02 -1.892885790988467487e-01 2.813934319005137463e-01 -1.648110525272339366e+00 2.800678606042452667e-01 2.447814438159430228e-01 -1.370186584811177832e+00 -8.052390644890039734e-05 -3.961045170167242641e-02 9.735350217905601733e-01 -1.341288740761274356e+00 -2.557995021381651024e-01 5.586395805672370596e-01 -9.458906654958215698e-01
-7.834084231399894571e-02 -1.834750837459609707e-01 2.066888306653404950e-01 -1.582360058006340608e+00 2.392894281253833133e-01 2.669223790230340065e-01 -1.385059349253155325e+00 -1.340252026360580712e-04 -7.341095396071827634e-04 9.928153058809869869e-01 -1.307667302801482023e+00 -2.164866162370416847e-01 5.877442713346026082e-01 -1.014166474618192426e+00
-1.384879385234740190e-01 -1.793831365134862521e-01 1.382501137529523749e-01 -1.524861464324018367e+00 1.961612954243584228e-01 2.875832764847487955e-01 -1.390971044259070588e+00 -1.068730050945666116e-02 3.446101574301565357e-02 1.012238551167364164e+00 -1.293633125702166486e+00 -1.700143314824898444e-01 6.250482307835417695e-01 -1.123171622047491436e+00
-1.868739835842848640e-01 -1.735875917013261771e-01 7.499021360461195773e-02 -1.473161409488102924e+00 1.574589315683847801e-01 3.085161456452075179e-01 -1.391172638897056224e+00 -2.680250772907058140e-03 5.947338552970769104e-02 1.024576566068539085e+00 -1.246606240676571886e+00 -1.166258906529618194e-01 6.560498049830484346e-01 -1.180217476055224424e+00
-2.300069851764098006e-01 -1.709399560302459209e-01 2.244050576513611714e-02 -1.439424846650668721e+00 1.199134716152390062e-01 3.274849264733465937e-01 -1.386096507749767115e+00 7.696573581066518425e-04 7.235405962511648470e-02 1.036813765212075245e+00 -1.222228928914247170e+00 -6.194824583249949196e-02 6.818934335740708397e-01 -1.231008619183466157e+00
-2.578891003454659159e-01 -1.700962107118262623e-01 -1.869613009966919828e-02 -1.416780106655068039e+00 9.170245798726373021e-02 3.504430651022943377e-01 -1.385577198411221067e+00 -8.375044111648459683e-04 7.341411391662289176e-02 1.051716936624482734e+00 -1.231488131105584527e+00 -8.195203891721838593e-03 7.037538723241921756e-01 -1.278805400578257867e+00
-2.763295744903619955e-01 -1.720176839481249442e-01 -4.787628431896798903e-02 -1.395485002923430473e+00 6.988515862577393545e-02 3.743918005131470772e-01 -1.387665224295144606e+00 -3.633801135203738267e-03 6.004053752897564600e-02 1.065172430342327559e+00 -1.272796305599179112e+00 4.138938672747305425e-02 7.228506881902914127e-01 -1.315989044845444544e+00
-2.956504247599563429e-01 -1.771907720140616094e-01 -5.613437914926665967e-02 -1.372683453839837586e+00 4.763420459756959047e-02 3.930282053219004701e-01 -1.387311391945712957e+00 -5.009313222349806582e-03 3.272765812040697581e-02 1.078581141426774304e+00 -1.347383753411253160e+00 8.575025309929094897e-02 7.403177394640644282e-01 -1.338296563870713829e+00
-3.019958121346155155e-01 -1.800772534352559351e-01 -4.854820853314458645e-02 -1.339457723912183429e+00 3.548944039448190257e-02 4.155587843777265866e-01 -1.391836500260900999e+00 -6.540123363824188775e-03 -4.273903591268778633e-03 1.086828749779914505e+00 -1.440270525220054942e+00 1.251082533155420951e-01 7.579876156684266508e-01 -1.353400952812736868e+00
-2.991480584712127855e-01 -1.878748583331396049e-01 -3.011890306502356188e-02 -1.306997364948254248e+00 3.096604955497361464e-02 4.404291652806390234e-01 -1.397437714816921916e+00 -4.065734726699550029e-03 -4.786037192167953008e-02 1.082920604945745602e+00 -1.529760288146918779e+00 1.582705153740822102e-01 7.750132158784084346e-01 -1.353318783034718864e+00
-2.895374808611178019e-01 -2.012804548767251067e-01 -5.671897150717552551e-03 -1.284260685151952242e+00 3.246366981526198348e-02 4.673860185818065061e-01 -1.403924907523788290e+00 -2.199754845737465249e-03 -9.701316370119335286e-02 1.061722593236444023e+00 -1.618234619989757928e+00 1.851957072941469440e-01 7.913021356196915379e-01 -1.349392749672347458e+00
-2.624298989387948700e-01 -2.131534625831122132e-01 1.737779846730248823e-02 -1.266438708516781864e+00 1.290893076618731053e-02 4.871624040751873497e-01 -1.397770476334324607e+00 -2.688225284438230597e-03 -1.500030664623321075e-01 1.018382926680577727e+00 -1.696890173956206782e+00 2.057250006686425214e-01 8.070491984409272623e-01 -1.345916172830738056e+00
-2.252797922016795129e-01 -2.202174188192034254e-01 3.893919677372886107e-02 -1.253910526902757949e+00 4.512472604200571530e-03 5.148180856795576688e-01 -1.397904593372747639e+00 -6.078667917377408685e-03 -2.081170967052728416e-01 9.544819951645711065e-01 -1.761607110276574684e+00 2.202666279844803232e-01 8.224237358067300052e-01 -1.345300137780498728e+00
-1.920572460547068094e-01 -2.248727627183652877e-01 6.249744437612739928e-02 -1.253023142328932638e+00 -1.726099009673981487e-03 5.429008877082291962e-01 -1.400280604420749642e+00 2.213513550181000437e-03 -2.671728440046983732e-01 8.775112699513126779e-01 -1.779008658766748407e+00 2.266381287911963527e-01 8.357902851807607059e-01 -1.314604636569292717e+00
-1.654880013536328964e-01 -2.294618560529401441e-01 8.664210734359660548e-02 -1.262839325627984177e+00 -5.607585961512545798e-03 5.713617724886798088e-01 -1.405135362691973144e+00 1.672357353842694261e-03 -2.740007915274277894e-01 7.889852833990961267e-01 -1.784411709588762163e+00 2.266166729431237925e-01 8.504584345511507770e-01 -1.299858860326986942e+00
-1.448112903308140798e-01 -2.328891532410334031e-01 1.089349864554303576e-01 -1.279011755940832940e+00 -3.240170816889158430e-03 6.036948163253355037e-01 -1.416170415234928814e+00 4.239958104011096011e-03 -2.972737937561133470e-01 6.967482365322914539e-01 -1.768394400613925832e+00 2.181098945499530539e-01 8.648902034555064899e-01 -1.273032673004111714e+00
-1.337465887989347790e-01 -2.363159885991377995e-01 1.368843336381509734e-01 -1.297981938338928165e+00 -7.467254027980687204e-04 6.369686668703743448e-01 -1.430630747894556576e+00 4.479264764427627263e-03 -3.370762685338601905e-01 6.068616517720402115e-01 -1.745071093618634883e+00 2.046637373026833351e-01 8.800667252462164303e-01 -1.246807221954120859e+00
-1.353574696237193065e-01 -2.421891135909195469e-01 1.697288685900542327e-01 -1.317923267045079561e+00 -3.935263869326154074e-03 6.680363788413344883e-01 -1.443847419613462524e+00 6.760874134012564117e-03 -3.894158960036884776e-01 5.191417844354335731e-01 -1.707239778498016891e+00 1.879694811914049413e-01 8.944544778227342396e-01 -1.210624518853520293e+00
-1.436920640448894060e-01 -2.484989699703948063e-01 2.028956166162205477e-01 -1.339544438709431295e+00 6.013511055248232234e-04 7.021691206496353255e-01 -1.471160597097713296e+00 4.873268807221916958e-03 -4.577070525164850801e-01 4.360065868513103293e-01 -1.668501292674772207e+00 1.698305054679241644e-01 9.089911567284254534e-01 -1.179100833705886364e+00
-1.639834016406629125e-01 -2.571099392348720203e-01 2.376614499591248875e-01 -1.363128720214822565e+00 1.689916525272246867e-02 7.331311643503513054e-01 -1.518093020863860110e+00 3.123323884587259677e-03 -5.371247170650219616e-01 3.656638841708037546e-01 -1.619642481970660741e+00 1.508688578525309576e-01 9.218917215941575538e-01 -1.140622188998688058e+00
-1.912954793764158334e-01 -2.679247590687214298e-01 2.744059974732849794e-01 -1.388009225891665643e+00 5.018692731424040376e-02 7.573295726542419448e-01 -1.582296694940693582e+00 -8.116315445871666442e-04 -6.169763600015638616e-01 3.093180799361523459e-01 -1.560457538222433493e+00 1.339039624516953908e-01 9.332340599478995413e-01 -1.101389157569378163e+00
-2.043348856462944563e-01 -2.685116973043170652e-01 3.081894030798970063e-01 -1.410872285106061330e+00 7.795154141024916716e-02 7.594827344682091308e-01 -1.641448372835256908e+00 2.660141531936610626e-03 -6.818122256355179100e-01 2.685237328172805915e-01 -1.467832528853548757e+00 1.189941520344237336e-01 9.385678619093220654e-01 -1.037725438222182550e+00
-2.086799526932887339e-01 -2.625765626131376096e-01 3.406553951278902814e-01 -1.432065629875863833e+00 8.532733540468022404e-02 7.224394567800760392e-01 -1.681047232512897116e+00 -2.051288427952324255e-04 -7.399728153857515478e-01 2.335539799277659978e-01 -1.373368110392414465e+00 1.078115296446617299e-01 9.433420944002668396e-01 -9.847164871748734782e-01
-2.004243754135902056e-01 -2.469269825423030251e-01 3.706429194928488879e-01 -1.450787314739790279e+00 1.117739469464403002e-01 6.563888597978981831e-01 -1.708549877689606866e+00 -2.007430455210075081e-03 -7.848957694943897723e-01 2.100245447150626554e-01 -1.271781947394931445e+00 1.004500799774679515e-01 9.443236048028416096e-01 -9.231486102348087641e-01
-1.897788997025235125e-01 -2.296232124600759150e-01 4.002208925574058940e-01 -1.466558591269245815e+00 1.422132601343849001e-01 5.626494260953297522e-01 -1.707718408308666502e+00 1.817874926065106466e-03 -7.850000000000000311e-01 1.910690972641511109e-01 -1.143927212053491127e+00 1.022891767773053129e-01 9.729430862009050829e-01 -9.200000000000000400e-01
-1.593978160194006455e-01 -1.987799542326316726e-01 4.236924613210237833e-01 -1.474438316597098231e+00 1.870892156308243681e-01 4.591666497381392542e-01 -1.674364348136490710e+00 2.596357506578840599e-03 -7.850000000000000311e-01 1.849966820735202133e-01 -1.043991358997057750e+00 1.087193821142030115e-01 1.001705071978358452e+00 -9.200000000000000400e-01
-1.263642627708428112e-01 -1.672438326191259261e-01 4.452912870920759381e-01 -1.475729041337346947e+00 2.274208730623001884e-01 3.494537200639160068e-01 -1.618383003822849053e+00 2.462115996752241905e-03 -7.850000000000000311e-01 1.977149263644631394e-01 -9.730628442121835864e-01 1.119948838088326709e-01 1.020934706636528855e+00 -9.200000000000000400e-01
-8.304131472387941970e-02 -1.290286834205812416e-01 4.612032122912424481e-01 -1.468015131386479322e+00 2.669224818762255813e-01 2.395820650693298859e-01 -1.543424726080000697e+00 3.639575942844156084e-04 -7.850000000000000311e-01 2.088341890831358350e-01 -9.270434716543166642e-01 1.231736179300089162e-01 1.040941748957451285e+00 -9.200000000000000400e-01
-4.196010064956879476e-02 -9.422043989348090343e-02 4.768773054758429497e-01 -1.456724388146464877e+00 2.968808721133709416e-01 1.232907088469328144e-01 -1.449434287058368520e+00 -4.737154762728922595e-04 -7.850000000000000311e-01 2.395750153966523244e-01 -9.200000000000000400e-01 1.379173561662387637e-01 1.058384270693202955e+00 -9.200000000000000400e-01
-2.297164900524261474e-03 -6.299916349866242771e-02 4.932309197201887874e-01 -1.444072273325007982e+00 3.183885698666141240e-01 1.362593001467083363e-02 -1.347780874091706993e+00 -3.118915809882377189e-03 -7.850000000000000311e-01 2.611118241453145861e-01 -9.200000000000000400e-01 1.585971147259579994e-01 1.072064635904597774e+00 -9.200000000000000400e-01
3.619953992344388666e-02 -3.550239324944354236e-02 5.104793983642234023e-01 -1.430798131816201968e+00 3.337177605003488479e-01 -7.927396235501643629e-02 -1.254704088813312302e+00 -3.856186519706614711e-03 -7.850000000000000311e-01 2.799933743233660177e-01 -9.200000000000000400e-01 1.733312738255166074e-01 1.083366120221240347e+00 -9.200000000000000400e-01
5.522197105011489998e-02 -2.694412583584774451e-02 5.407119961074720038e-01 -1.429389451336069650e+00 3.387313032827958259e-01 -1.503262986572447280e-01 -1.178350396678857326e+00 -2.059523750458566119e-03 -7.850000000000000311e-01 3.016695092452511551e-01 -9.200000000000000400e-01 1.871608529171745749e-01 1.112128715532140211e+00 -9.200000000000000400e-01
8.228289615744070751e-02 -1.384849267610843357e-02 5.673787262636991180e-01 -1.424431896346136206e+00 3.424254755983455190e-01 -1.917161834154207378e-01 -1.117155885109111457e+00 -3.352491211508586665e-03 -7.850000000000000311e-01 3.146367236013353219e-01 -9.200000000000000400e-01 1.893256196283484849e-01 1.112114722212717455e+00 -9.200000000000000400e-01
1.164424704332536614e-01 1.354061522715863369e-03 5.893851068892554945e-01 -1.422154972126233652e+00 3.475432572059822811e-01 -2.058868911353450848e-01 -1.083305087552342894e+00 -3.743982370090748277e-03 -7.809460273569285294e-01 3.363741848091316711e-01 -9.317059008702660572e-01 1.879684964797935787e-01 1.114347411092140305e+00 -9.200000000000000400e-01
1.499620412572475470e-01 1.247559877831872117e-02 6.130406039480676972e-01 -1.425427522470911645e+00 3.544082550670706877e-01 -1.883087331657898877e-01 -1.084512504699479907e+00 -1.384157098121256702e-02 -7.698183458508216503e-01 3.715873899169255812e-01 -9.895322745010712850e-01 1.972065205293826451e-01 1.133844809507977169e+00 -9.200000000000000400e-01
1.676406437739886846e-01 6.265832104724298503e-03 6.547852945049015272e-01 -1.443430711960668633e+00 3.583924456772623057e-01 -1.435855986031564224e-01 -1.103247381036041030e+00 -9.361237592565612581e-03 -7.486308466852626964e-01 4.081576054160893086e-01 -1.018198894279471522e+00 1.993354468687813519e-01 1.143222282421821667e+00 -9.200000000000000400e-01
1.763073288118822413e-01 -1.601736667507076481e-02 7.093248706753844113e-01 -1.474394091380480054e+00 3.650285554100427543e-01 -9.159187198778605266e-02 -1.147189657582037947e+00 -8.552647460121593631e-03 -7.272497123746279879e-01 4.502144226251346137e-01 -1.068037668009064856e+00 2.208120912174150186e-01 1.154982072757212652e+00 -9.200000000000000400e-01
1.773643560378392325e-01 -5.271582401724543565e-02 7.699198649423735219e-01 -1.514706353011620932e+00 3.708329167739708443e-01 -3.350059737590370401e-02 -1.196937351364476321e+00 -1.040065605014877347e-02 -7.055867896054164312e-01 4.950602151964160758e-01 -1.130395086923272840e+00 2.360197380831567937e-01 1.174766275106632563e+00 -9.200000000000000400e-01
1.790473087968548482e-01 -8.623848213876909863e-02 8.218402698676881002e-01 -1.553042992546924017e+00 3.780835068842896551e-01 2.628772330152657696e-02 -1.248095758670872524e+00 -5.427144146853919715e-03 -6.773564826364298908e-01 5.403138380998898649e-01 -1.180493165631379959e+00 2.124739987979936406e-01 1.158825315960818170e+00 -9.200000000000000400e-01
1.708974970991605502e-01 -9.392273176645961341e-02 8.569968954110275261e-01 -1.578741465805376443e+00 3.820491244214147541e-01 8.256943885166376229e-02 -1.300923318309471943e+00 4.438251927554234637e-03 -6.456656096319052240e-01 5.862061267218955374e-01 -1.221055777714839419e+00 1.755739168261367944e-01 1.156646266476831997e+00 -1.005934182985892988e+00
1.597993948601498793e-01 -1.066393926999679997e-01 8.839841054700332545e-01 -1.598728223712482022e+00 3.834034942663203660e-01 1.342242852206966819e-01 -1.346550296081276299e+00 -1.494474709898099916e-03 -6.186123191834659307e-01 6.307408239983139930e-01 -1.292296147969477449e+00 1.284350849135774408e-01 1.166352244682443029e+00 -1.184740273729843141e+00
1.570567936387927965e-01 -1.105457384595605747e-01 9.001096747557159050e-01 -1.619234215769917995e+00 3.885793464008224785e-01 1.834015904920312801e-01 -1.388090848434400337e+00 4.709698740714743891e-03 -5.855006927773194203e-01 6.720458855087968475e-01 -1.327825338543464406e+00 1.279058534041367656e-01 1.260819779468260293e+00 -1.569664947752348994e+00
1.502480327460386789e-01 -1.221055870088159356e-01 9.129020345360189248e-01 -1.653140248734866091e+00 3.909010076224103125e-01 2.285598273667573399e-01 -1.424913714774791007e+00 8.532043986245785999e-03 -5.496502045432388739e-01 7.101884689945835438e-01 -1.363054644501829449e+00 1.101527142810598964e-01 1.302981921986900993e+00 -1.827192960822346279e+00
1.758180967598707845e-01 -9.546764547723178562e-02 8.945934576784988490e-01 -1.689545482168217205e+00 4.123186190600364176e-01 2.716984779778615633e-01 -1.452882404609841416e+00 1.014802121494090548e-02 -5.032472479688513411e-01 7.463120475329678705e-01 -1.402768438243329197e+00 1.027095902352624240e-01 1.300548102232351289e+00 -2.031585055478187130e+00
1.536584224920733710e-01 -1.332471694139805707e-01 8.868671236835001803e-01 -1.746563303628510644e+00 4.035823250493567604e-01 3.094284887554473173e-01 -1.479754502978228636e+00 7.162017226220445711e-03 -4.578244625101101639e-01 7.796168985238317584e-01 -1.439461747515422774e+00 9.840667479120972228e-02 1.218089667275355836e+00 -2.164740363463204531e+00
1.324986689118684002e-01 -1.707398222630047702e-01 8.654416248464262829e-01 -1.800052535633904327e+00 3.931646615855005633e-01 3.432125485791954755e-01 -1.499312409648364763e+00 1.927425384866210054e-03 -4.157634236330556288e-01 8.093409732702511183e-01 -1.467328884234390118e+00 1.003821505036081863e-01 1.100739008188205359e+00 -2.274656263960360914e+00
1.187790541428851016e-01 -1.809142360326921606e-01 8.222502734587442408e-01 -1.831596822124387680e+00 3.857334375476607624e-01 3.740560970815423603e-01 -1.510491586665152708e+00 4.113049096147072640e-03 -3.756123291128456443e-01 8.354298288771898617e-01 -1.467038560074298337e+00 1.155499412479577964e-01 1.007896850650542575e+00 -2.371094054016752661e+00
8.848057704917845767e-02 -1.623395376756551767e-01 7.680100035023688099e-01 -1.839641338716136776e+00 3.641389215682454550e-01 4.001989998180719987e-01 -1.513642310051718454e+00 -1.812438850165378834e-03 -3.426327685740361284e-01 8.567296871700467165e-01 -1.471108297883906957e+00 1.371639728764727229e-01 9.494122616892926025e-01 -2.436363838962357420e+00
4.432325094246068742e-02 -1.505869182916721449e-01 7.155954711016685454e-01 -1.833066259646682461e+00 3.302075137871542942e-01 4.219483600168806858e-01 -1.511634203511780461e+00 -2.180666061371273022e-03 -3.099464126533857944e-01 8.748907837765749207e-01 -1.456777707287622903e+00 8.665160213369445252e-02 9.378905168562167161e-01 -2.374781122300276159e+00
1.385644148006715502e-02 -1.334994022689107995e-01 6.424694584231283034e-01 -1.805991965024301482e+00 3.046650409401365778e-01 4.424601849729550285e-01 -1.503753956974595241e+00 -1.019807910953177436e-03 -2.783681365582183487e-01 8.907870851353899555e-01 -1.433388940637021935e+00 2.206783949146868054e-02 8.991316924856095349e-01 -2.185633989141978706e+00
-2.083287424831418641e-02 -1.266145528407847387e-01 5.488052128948749386e-01 -1.762172704175556825e+00 2.742633977819680657e-01 4.597125934851175044e-01 -1.490200924591999820e+00 -1.920609549770841036e-03 -2.479245869074373221e-01 9.044906774529135607e-01 -1.409125660425525561e+00 -5.621123342483460433e-02 7.616193109045541476e-01 -1.878513872273296137e+00
-6.954208685416411739e-02 -1.287475192429840265e-01 4.588917359016000397e-01 -1.709449034587868788e+00 2.312722965286034271e-01 4.712251122378351975e-01 -1.471376670109766138e+00 -5.423560095982270213e-05 -2.173122431806953359e-01 9.157243385308792005e-01 -1.375637077857762902e+00 -1.151176020463527544e-01 7.633913266111117535e-01 -1.771865944905777868e+00
-1.119372167998849837e-01 -1.272409324921404128e-01 3.685742130672151062e-01 -1.645518212980273010e+00 1.920956025145474644e-01 4.815463261927901972e-01 -1.450460753377319501e+00 4.244931279462206379e-03 -1.866716244249217727e-01 9.238692686943270616e-01 -1.334127398642247941e+00 -1.236417017947029212e-01 7.578651405968422905e-01 -1.622687956895690897e+00
-1.554311264591382302e-01 -1.262613743854398285e-01 2.822898115667071273e-01 -1.574770903790528642e+00 1.508990479888330238e-01 4.901654742385642693e-01 -1.428944882358216262e+00 2.477995745025874690e-06 -1.567574257032939289e-01 9.329970610440652123e-01 -1.311671448891459590e+00 -1.239905094141370012e-01 7.429274811543797874e-01 -1.509204036815875005e+00
-2.020209037711798994e-01 -1.315507588643508308e-01 2.013215457110011652e-01 -1.502772835508480620e+00 1.058261967697835815e-01 4.956553878511691935e-01 -1.405511931923895785e+00 -1.162916901991585701e-04 -1.258769282256245181e-01 9.427509852537986346e-01 -1.282692660292794384e+00 -1.026687628459773960e-01 7.340183869367530312e-01 -1.421572976055776483e+00
-2.438338940891726092e-01 -1.373736882011524219e-01 1.192542375803697374e-01 -1.434764944273811293e+00 6.349051486859216831e-02 5.014975003722538238e-01 -1.383631720358214690e+00 1.103355751714949276e-03 -9.594476710533952901e-02 9.542118990591309524e-01 -1.257170771831771727e+00 -7.125486560095443955e-02 7.445749590431409715e-01 -1.383094012221517621e+00
-2.796809936831545773e-01 -1.421998489376575525e-01 4.963861430117182810e-02 -1.375171742826140520e+00 2.495851171659087611e-02 5.092392211743015373e-01 -1.365135781768235912e+00 -4.709686065000536458e-03 -7.329458407069953940e-02 9.718494704490416858e-01 -1.266137853571074556e+00 -3.705210866869981107e-02 7.620495274926650797e-01 -1.384450126169787687e+00
-2.996740398906477809e-01 -1.419783425976183233e-01 -2.588352253758711453e-03 -1.317538442672050003e+00 -1.229726035743318024e-03 5.275421147736054639e-01 -1.358152920351126225e+00 1.054301094822299644e-03 -6.229808163251304709e-02 9.991263732717681201e-01 -1.285026883076371362e+00 1.557896507158830577e-03 7.826932950676349643e-01 -1.378750402710424261e+00
-3.258727186056558645e-01 -1.535371460815860845e-01 -3.353507205729689550e-02 -1.275777459512981382e+00 -3.372450217677657597e-02 5.411826834660919960e-01 -1.350817398575500539e+00 2.153650414121877478e-04 -6.697437728512550814e-02 1.048628998662062939e+00 -1.377122897419718939e+00 4.240873504504247965e-02 8.055689256626477057e-01 -1.392878197643625082e+00
-3.466267079079002889e-01 -1.668418929223534075e-01 -4.787638367148881052e-02 -1.253888202352805958e+00 -6.213877518976963082e-02 5.574559775235918835e-01 -1.349325122942921507e+00 -7.014212423946093213e-03 -9.544624351107143523e-02 1.100532541775422590e+00 -1.515845146493730367e+00 8.268393929774092710e-02 8.297339797284134510e-01 -1.422984268164369848e+00
-3.521390502815439638e-01 -1.655980479075604694e-01 -3.935771642047764668e-02 -1.241716272876941973e+00 -7.754482028644507641e-02 5.865587675234050780e-01 -1.362277092718817473e+00 -3.473327118896091335e-03 -1.485074640193406736e-01 1.134599969084171933e+00 -1.643585650677005461e+00 1.195979871220253649e-01 8.568015083178022184e-01 -1.433850888827104875e+00
-3.371273819071330946e-01 -1.611858931350979574e-01 -8.488757353684425050e-03 -1.241811052939490345e+00 -7.354296284388456284e-02 6.328514422655980853e-01 -1.390372837659990868e+00 5.151799045052018848e-03 -2.181769696331072317e-01 1.135242674783410566e+00 -1.749502926477720877e+00 1.515490277769497296e-01 8.858469282961775049e-01 -1.431900315104378985e+00
-3.256071960581694014e-01 -1.645970625671821230e-01 4.049390527511301241e-02 -1.262895487204286127e+00 -7.195675790223614310e-02 6.771465195680165250e-01 -1.417970272492396822e+00 3.770653889622153400e-03 -3.043676500222167181e-01 1.102103474223913082e+00 -1.858768922841306903e+00 1.778790605238001477e-01 9.183440660668922284e-01 -1.446811709063044349e+00
-3.053461682755055917e-01 -1.696623416383223060e-01 8.590978680921780575e-02 -1.302322728264566409e+00 -5.933767544260797056e-02 7.294364218841450365e-01 -1.459204964931217541e+00 3.740562258991218889e-03 -3.643250300867032498e-01 1.028943573590401783e+00 -1.938990885576467926e+00 1.976728844191709134e-01 9.528237911855544917e-01 -1.453442459081011107e+00
-2.918282731172455735e-01 -1.829399733801036487e-01 1.297658052688375752e-01 -1.354884405559077853e+00 -4.722087651376973005e-02 7.600670376874578693e-01 -1.497444547055754471e+00 -1.041145839361340072e-02 -3.559759669924130177e-01 9.147611823843608825e-01 -1.987424190308482830e+00 2.134275069207951792e-01 9.849146343043865270e-01 -1.476694763269924104e+00
-2.812642212165520350e-01 -1.985212708810852600e-01 1.737849621868559624e-01 -1.398950094963045565e+00 -3.319180217147957301e-02 7.770230067021302034e-01 -1.543920835893833221e+00 -9.294484804995492566e-03 -3.399102842648552558e-01 7.978188405305611797e-01 -1.978913194863631819e+00 2.229880928808696539e-01 1.009552808681571046e+00 -1.454837004078723073e+00
-2.748653166758244226e-01 -2.140184646909069066e-01 2.185122886870100589e-01 -1.435533829958426155e+00 -1.985524044765167237e-02 7.834816866383345069e-01 -1.603050983979780852e+00 -2.984110669929555620e-04 -3.183504725889945708e-01 6.748256672907729792e-01 -1.917613580846429633e+00 2.312113440295410216e-01 1.035216845449296708e+00 -1.421217491019780343e+00
-2.765821318880349322e-01 -2.305346502183652502e-01 2.649550084710656783e-01 -1.467784516933988037e+00 -1.202821513074559499e-02 7.715861762318086958e-01 -1.661014327073019103e+00 3.113827537986071925e-03 -3.036127001880163934e-01 5.596653050670424845e-01 -1.841368391822512995e+00 2.422485670628966858e-01 1.072247238133517300e+00 -1.421501516891363837e+00
-2.937968938947582709e-01 -2.548270216106053310e-01 3.143097974245930848e-01 -1.495360601365515629e+00 -1.633233976501085455e-02 7.274165034512946049e-01 -1.703860142908770969e+00 8.747458361726740197e-03 -2.939958523653720679e-01 4.878961345154657625e-01 -1.767256628015177800e+00 2.562059463015817218e-01 1.116267545924291449e+00 -1.434096094018374901e+00
-2.557219405370816379e-01 -2.377058398934756289e-01 3.457089986273818027e-01 -1.503182478297413249e+00 4.844260186385539874e-02 6.848174903588764018e-01 -1.758079855590057861e+00 5.983285915881073752e-03 -2.865460389419167697e-01 4.524112619322437912e-01 -1.698568961299026681e+00 2.658598666270782784e-01 1.149771272454967797e+00 -1.443615405904580484e+00
-2.302872760357030091e-01 -2.273676504699823075e-01 3.797535931089215944e-01 -1.507941642900989976e+00 1.038210261170070120e-01 5.838782023244473152e-01 -1.768357809140953085e+00 5.595035040500962766e-03 -2.725584669382243308e-01 4.481973876216257535e-01 -1.622859919390815975e+00 2.687927662587115685e-01 1.164285326302300527e+00 -1.408350175204269528e+00
-1.800059215888009934e-01 -1.982239202910122955e-01 4.056472677010016792e-01 -1.504605014312970113e+00 1.777503354431473614e-01 4.689319501555227476e-01 -1.748021172939548062e+00 1.451682068718709688e-03 -2.567744457113119716e-01 4.639599201066881839e-01 -1.570772618162981082e+00 2.553483781488335991e-01 1.146750477625296138e+00 -1.308194268154603268e+00
-1.248661180577931989e-01 -1.640742865825822738e-01 4.286154479490280611e-01 -1.497282574946981359e+00 2.416849403828960352e-01 3.387265409360485924e-01 -1.681113562050940535e+00 -4.851652593542904630e-03 -2.435006906587003916e-01 4.973424287606367789e-01 -1.548482440412719985e+00 1.460312789057680583e-01 1.008785198938483729e+00 -1.002348557566231202e+00
-6.887692776220205593e-02 -1.308515231601719286e-01 4.510532550210966662e-01 -1.488972670458241110e+00 2.914559949199007072e-01 2.015490600586622161e-01 -1.583487235818353822e+00 -1.137394222164414374e-02 -2.242651696365134950e-01 5.332735869480624835e-01 -1.542650742237112960e+00 1.261447785339398497e-01 1.003011734922999221e+00 -9.677887250087222615e-01
-7.567779241192207872e-03 -9.475069487872507523e-02 4.697536129388037995e-01 -1.475011955338481284e+00 3.260391275368330621e-01 6.923085144535549851e-02 -1.451006757949253378e+00 -6.821217008516412481e-03 -1.992180334447209433e-01 5.732542419733556160e-01 -1.518202218587461072e+00 1.315885874820904022e-01 1.000509157873773702e+00 -9.222817539086544114e-01
4.857875497561892769e-02 -6.362781036471122642e-02 4.890223046724174183e-01 -1.459323367445840125e+00 3.456183382093875878e-01 -6.129221816395011985e-02 -1.305929294529786899e+00 -8.427922672334553500e-03 -1.737012228281854531e-01 6.138318052735119990e-01 -1.507647026413042601e+00 1.438469818166110692e-01 1.010089959839881368e+00 -9.200000000000000400e-01
1.038935134947702038e-01 -3.128744462446406832e-02 5.056411949049868237e-01 -1.436426497514284861e+00 3.551339161157365254e-01 -1.809869074969541192e-01 -1.159343285786926581e+00 2.273120294059702371e-03 -1.471693513561675160e-01 6.575562990608753156e-01 -1.468603900825039110e+00 1.522791319912723540e-01 1.022280327286935631e+00 -9.200624806824493351e-01
1.534695038969576819e-01 -9.741088225092595998e-04 5.220984998757551843e-01 -1.410163393710996971e+00 3.557634691194254684e-01 -2.800780515295799300e-01 -1.021807233779264523e+00 4.418692145222018544e-03 -1.234399457799218031e-01 6.982699231078863811e-01 -1.442776160437108990e+00 1.679881151177961551e-01 1.077783999060470066e+00 -1.019325750483428550e+00
1.960000234517388362e-01 2.804061249410271656e-02 5.387684191742315720e-01 -1.384525458521340457e+00 3.517791229056954072e-01 -3.485343141374148690e-01 -9.200000000000000400e-01 -3.934591155801918545e-03 -1.024056068137959435e-01 7.371145783996333467e-01 -1.435056172083429393e+00 1.833770742315623536e-01 1.166647758111943656e+00 -1.241460171567360327e+00
2.162030136816183445e-01 4.238436958667964050e-02 5.676016440780325967e-01 -1.372197112755450643e+00 3.495342470693338366e-01 -3.580471402275372528e-01 -9.200000000000000400e-01 -7.346518956842591069e-03 -8.353117757621432438e-02 7.756628707715077509e-01 -1.414551728897679661e+00 2.058063049766549468e-01 1.217746439137175951e+00 -1.445294625072036432e+00
2.485825347070762248e-01 7.206960712430647564e-02 5.830043575532427580e-01 -1.350466717859471144e+00 3.415765028144841509e-01 -3.554903204528119809e-01 -9.200000000000000400e-01 -1.221416892733590519e-03 -6.774620138147441351e-02 8.121266537128956076e-01 -1.372820343790487119e+00 2.454927125064035875e-01 1.231201565203633663e+00 -1.615968277972983813e+00
2.526592197969954046e-01 8.159984574058036511e-02 6.155489647119719576e-01 -1.349155890721625894e+00 3.446766380670615026e-01 -3.527060008241826305e-01 -9.200000000000000400e-01 -4.022524298145859975e-03 -5.757648217506752125e-02 8.461498296723550805e-01 -1.349677591771811569e+00 3.024158433848875283e-01 1.205485815057649512e+00 -1.768439984543084043e+00
2.170678973649082799e-01 5.538194483687299691e-02 6.773134318304584456e-01 -1.378502508091371537e+00 3.355921775005727414e-01 -3.283830931763677130e-01 -9.200000000000000400e-01 -6.195646485357416550e-03 -5.143500826340653004e-02 8.770368401736817754e-01 -1.323024608591660600e+00 3.680116061426695340e-01 1.140329521463057771e+00 -1.878857854817724382e+00
2.179848674290978117e-01 6.688295366657878716e-02 7.058692929341203737e-01 -1.382698522198071212e+00 3.424770744589228366e-01 -3.021683754129478316e-01 -9.200000000000000400e-01 2.296198245373332926e-04 -4.816905399035071450e-02 9.033409767010163183e-01 -1.274885563908882746e+00 4.341331595440753865e-01 1.048815744047199239e+00 -1.935561662463806565e+00
2.003472917493219485e-01 6.029345195506976424e-02 7.463047565499510982e-01 -1.401334392918865968e+00 3.463903340463579394e-01 -2.838003300703326182e-01 -9.200000000000000400e-01 -4.769297291489415971e-04 -4.784816527038302653e-02 9.265044128830174364e-01 -1.238993338556292789e+00 4.957162366619988769e-01 9.352067101752900014e-01 -1.963303113992486804e+00
1.990825243570596703e-01 7.005633163113117456e-02 7.729918801221128399e-01 -1.408324848786926653e+00 3.476985379878065330e-01 -2.570142309864482111e-01 -9.316615345491426892e-01 -4.211911068120546706e-05 -4.885074789091015807e-02 9.445133780877580376e-01 -1.194828272632847410e+00 5.443258325372489770e-01 8.094393352260583763e-01 -1.950535082124383202e+00
1.816719024369306545e-01 4.701742649170417843e-02 8.068668642968194193e-01 -1.440975869657766140e+00 3.469972335390307805e-01 -2.178352487679017790e-01 -9.731239480090565497e-01 -9.714360183308005936e-03 -4.999412745363800148e-02 9.603310376233066270e-01 -1.164965188095568926e+00 5.908131526620320484e-01 6.782793000851333742e-01 -1.909180232718115766e+00
1.832422260489653676e-01 3.519028515915462174e-02 8.113288103058713396e-01 -1.467035793663517218e+00 3.512183719546422278e-01 -1.717702390942610069e-01 -1.018108801838658373e+00 -2.320598971507066793e-04 -5.124217809526907669e-02 9.632531660681850072e-01 -1.080485754536950394e+00 6.090002653989630144e-01 5.555277770474880139e-01 -1.780435228954623028e+00
1.845184523357735473e-01 1.511585824058334776e-02 8.085668355573671917e-01 -1.499276481958161433e+00 3.549845470170711614e-01 -1.267061023171660306e-01 -1.056240212190267647e+00 -1.007162314715833590e-02 -5.326468294551179455e-02 9.685477183351272057e-01 -1.035201316385130577e+00 6.289307278867840578e-01 4.213876130472707371e-01 -1.640071087302951591e+00
1.864159418077216135e-01 -1.469645779112798561e-02 8.004095066610759091e-01 -1.537914185218866914e+00 3.586513309433086438e-01 -8.324690599042433581e-02 -1.087878313560253885e+00 1.306012382859120984e-03 -5.676041961477554937e-02 9.587430275478877606e-01 -9.301975589999454952e-01 6.253284042401164866e-01 3.296324797817735131e-01 -1.464678896135270358e+00
1.890696511770605381e-01 -5.172143852396875185e-02 7.837060370379520524e-01 -1.583975040132357792e+00 3.625072987792842816e-01 -4.121139001387502665e-02 -1.114527796151780992e+00 -6.668874604600872821e-03 -6.833033291642638674e-02 9.776343345471093516e-01 -9.200000000000000400e-01 6.258929719966080940e-01 2.553951084830041185e-01 -1.337384591782188048e+00
1.887982806738888186e-01 -9.603646552865961750e-02 7.509144560330442975e-01 -1.628011815137917040e+00 3.653815364161759338e-01 2.859116128959482612e-04 -1.138500715078539782e+00 -1.238386851430488614e-02 -7.994378829705356404e-02 9.975519536350632155e-01 -9.200000000000000400e-01 6.117742931597094369e-01 2.045889965676943589e-01 -1.228439957148236061e+00
1.777617701694118868e-01 -1.231850283786783962e-01 6.889389214454704202e-01 -1.655996729490151642e+00 3.636591568070549063e-01 4.089767444923983475e-02 -1.161232263390126862e+00 -1.297634330319039422e-02 -9.325542665780804652e-02 1.020972366365041406e+00 -9.200000000000000400e-01 5.979019894515582578e-01 1.777417854197564651e-01 -1.134892857009570211e+00
1.597718003088554883e-01 -1.569265961646073015e-01 6.131316914106528237e-01 -1.668032019771146679e+00 3.529250257091520182e-01 8.291178632298384921e-02 -1.184719268226690936e+00 -2.183223740930118409e-02 -1.160274646309137903e-01 1.041691529902416535e+00 -9.200000000000000400e-01 5.955545400906738784e-01 1.751203002913580553e-01 -1.093046662432278993e+00
1.438750086940475403e-01 -1.855916318641289975e-01 5.250311018048076095e-01 -1.654990913660270735e+00 3.380376400915880430e-01 1.258445658830946723e-01 -1.208296063648631735e+00 -1.366444106733371092e-02 -1.349710591158104211e-01 1.059921224715107524e+00 -9.200000000000000400e-01 5.839211873767025107e-01 1.982196711576258430e-01 -1.045795777072593635e+00
1.160771288927350264e-01 -2.212720547221706802e-01 4.311400843288187845e-01 -1.624415955587789950e+00 3.157022060029960886e-01 1.658337642798189127e-01 -1.228578414191619173e+00 -1.298653095641405519e-02 -1.519213310458735200e-01 1.081156055833602192e+00 -9.200000000000000400e-01 5.782525782728239472e-01 2.320211784629833962e-01 -1.038915348430627494e+00
8.907620371494145983e-02 -2.520386274529080595e-01 3.292657344223071103e-01 -1.577601020656394404e+00 2.928784880244633126e-01 2.041914922341842298e-01 -1.243631188932314169e+00 -1.219856511360741490e-02 -1.658687727157589498e-01 1.108361663574700673e+00 -9.200000000000000400e-01 5.731615717443747648e-01 2.711342412816334368e-01 -1.046720501729710318e+00
6.052962135268237509e-02 -2.772059306097749420e-01 2.268920648888989589e-01 -1.507636483353941959e+00 2.677020884554655589e-01 2.396846686232323165e-01 -1.252328924710071067e+00 -1.199273562773735952e-02 -1.783160352750310096e-01 1.115812202538056130e+00 -9.200000000000000400e-01 5.680001627113122620e-01 3.089559386870361912e-01 -1.061305255285534210e+00
2.702578599829811787e-02 -2.994425861618474349e-01 1.210258064853496629e-01 -1.418637041356296757e+00 2.375441033418824177e-01 2.714256697341680957e-01 -1.259949323522578268e+00 -1.214510208324266760e-02 -1.746678626717141913e-01 1.131700224120255394e+00 -9.200000000000000400e-01 5.621499072895995708e-01 3.457945019985397272e-01 -1.075719119248170319e+00
-7.875818459048385817e-03 -3.183831280799375718e-01 1.525080382974123086e-02 -1.326735697213903054e+00 2.039810342532006049e-01 2.987774721000480693e-01 -1.265355645948092134e+00 -1.826283482694077143e-02 -1.791213043511458436e-01 1.152572815677660456e+00 -9.200000000000000400e-01 5.589551935223975310e-01 3.818361598639871679e-01 -1.105585593022879953e+00
-4.212967404052799653e-02 -3.323724044245662257e-01 -7.816798101459998538e-02 -1.238744493905068689e+00 1.682048770127759496e-01 3.211264662693748551e-01 -1.266765913634819940e+00 -5.433308068116172616e-04 -1.677225556843342791e-01 1.185161741196399054e+00 -9.200000000000000400e-01 5.444689694855221473e-01 4.145114470728845646e-01 -1.071996796460220391e+00
-6.685761505177725827e-02 -3.374838795438969696e-01 -1.514817542554305341e-01 -1.153416735563896456e+00 1.372762038640570614e-01 3.421668547871528077e-01 -1.266717059558844838e+00 -4.260583723048298613e-04 -1.359597354585743989e-01 1.205523588982238437e+00 -9.203017449874130174e-01 5.381429751055671895e-01 4.473201197260794904e-01 -1.083781671377627154e+00
-7.623296399171401727e-02 -3.348359071253728114e-01 -2.106666355860248308e-01 -1.068975087443919669e+00 1.179726220068357395e-01 3.641410154681117839e-01 -1.270849479742852006e+00 5.240972318316531112e-03 -9.991599683972131329e-02 1.284205603940312690e+00 -1.055621654618765559e+00 5.273165028842737856e-01 4.772118943797495350e-01 -1.080574750029156039e+00
-1.128590851151830415e-01 -3.378078321566562736e-01 -2.464000900680319850e-01 -1.001672799088823451e+00 7.677219039307267567e-02 3.701254816049663332e-01 -1.258718974955455927e+00 8.129886907675838150e-04 -5.059635573622540961e-02 1.349742805299628312e+00 -1.182478936965859040e+00 5.210894404761031717e-01 5.076278203574017267e-01 -1.102422268422194707e+00
-1.148156046633312388e-01 -3.311213029014365983e-01 -2.627926174734648845e-01 -9.452654318330587779e-01 5.945500954586787484e-02 3.926407017346136841e-01 -1.259834842292752555e+00 5.346431733058774720e-03 8.876179136304750139e-03 1.383745570640010802e+00 -1.251211903565776051e+00 5.116592047850504477e-01 5.355997944060481020e-01 -1.097265096274176566e+00
-1.013769474989058006e-01 -3.218046096197516026e-01 -2.469792507963182449e-01 -9.200000000000000400e-01 5.367940598336051750e-02 4.234432426424757923e-01 -1.267633357540629113e+00 -1.502045977739678042e-04 8.725073764781468566e-02 1.379562277395565362e+00 -1.294388231287551649e+00 5.048322022059166247e-01 5.641369555289020843e-01 -1.115521331859873122e+00
-9.537046515385445844e-02 -3.165618948158859802e-01 -2.175149288367186351e-01 -9.200000000000000400e-01 4.255009074275117181e-02 4.499118553391196484e-01 -1.270589220497248428e+00 -4.087594165257646926e-03 1.739664200611231726e-01 1.341465778245939156e+00 -1.300005655836313334e+00 4.951180901198812268e-01 5.917641772240750386e-01 -1.128460668847921955e+00
-8.136447538342066188e-02 -3.093613040853517293e-01 -1.932621034362248802e-01 -9.200000000000000400e-01 4.073597876900818260e-02 4.828442036064564680e-01 -1.281826531455586116e+00 1.829241340179531359e-03 2.570045033151954761e-01 1.275031345110399394e+00 -1.259194173039640097e+00 4.792456723789252360e-01 6.171376925763060184e-01 -1.116097601847824583e+00
-8.005686645023184222e-02 -3.074561408700093312e-01 -1.640327086975846282e-01 -9.335140898065159565e-01 3.370416626949523931e-02 5.113825199430783730e-01 -1.293824142699680158e+00 1.139361765947472654e-02 3.312091185046415753e-01 1.188097595710281951e+00 -1.185292744894764549e+00 4.593544127548591094e-01 6.414244571007869933e-01 -1.095668262243411295e+00
-7.009293042808187324e-02 -3.046190752238621124e-01 -1.288463393264790702e-01 -9.660218295559095392e-01 3.859595906584173397e-02 5.435274653245314447e-01 -1.316112533929984396e+00 1.020867425090934109e-02 4.004280461764786470e-01 1.084113390560505152e+00 -1.099641165758354466e+00 4.405334650323077805e-01 6.678329938379496955e-01 -1.103210179310311068e+00
-7.490765100096774542e-02 -3.079644671631693864e-01 -8.888965883393395995e-02 -1.010052457177312402e+00 3.890852930534867415e-02 5.681652715177661905e-01 -1.341889655910015966e+00 7.744215633719199118e-03 4.449013750680939627e-01 9.751096678184790756e-01 -9.930845660505547290e-01 4.187997963040800964e-01 6.969596034560825437e-01 -1.119652498237332816e+00
-8.160961079087999948e-02 -3.119200474407051726e-01 -4.982549765903098588e-02 -1.048110565200052191e+00 4.706113360498809933e-02 5.946674294752990475e-01 -1.378766127663562768e+00 -3.886809331861398788e-03 4.650307000897312415e-01 8.875794634747677936e-01 -9.200000000000000400e-01 3.965475778620499159e-01 7.278679575993181050e-01 -1.158058415425504251e+00
-9.274051734028669614e-02 -3.184239676023953858e-01 -1.022034274786100608e-02 -1.086597004045054771e+00 5.860391366325749807e-02 6.185889473416356088e-01 -1.424703389436611234e+00 -8.422873808982416638e-03 4.561291950265584649e-01 8.477999841518886193e-01 -9.200000000000000400e-01 3.705570908205699232e-01 7.564871217035127327e-01 -1.176925493938459910e+00
-1.048012222551493733e-01 -3.268934550924481042e-01 2.963316764686647203e-02 -1.129518875070227191e+00 7.381280761889100206e-02 6.423733992529846448e-01 -1.490627526744763953e+00 -1.235680321472870137e-02 4.337276437709207122e-01 8.224140083334139373e-01 -9.200000000000000400e-01 3.422597898483796808e-01 7.847908979470968882e-01 -1.193717193987649861e+00
-1.242826411080680538e-01 -3.395088708196059568e-01 6.731726343257606049e-02 -1.168912376363206107e+00 8.557602057528254647e-02 6.525426882964137087e-01 -1.574518800969556764e+00 -1.179742146664687456e-02 3.895825302042442706e-01 8.124376317188908292e-01 -9.200000000000000400e-01 3.118678239387965290e-01 8.113439972799306732e-01 -1.198987748503413053e+00
-1.273543709692201154e-01 -3.443734135826981846e-01 9.854324953383125640e-02 -1.200068172716174608e+00 1.065064292006083074e-01 6.301898110028864020e-01 -1.666768529563843249e+00 -1.090776447533506506e-02 3.381087033299302602e-01 8.161005577217858020e-01 -9.200000000000000400e-01 2.818354460533028516e-01 8.366457247668985797e-01 -1.200966119551329259e+00
-1.281517896733783135e-01 -3.474239112246988448e-01 1.251353397606394802e-01 -1.223352699987434455e+00 1.182915419931141326e-01 5.709035270640581139e-01 -1.748991871603984505e+00 -1.398981079354600157e-02 3.007195790578129913e-01 8.133532553286162425e-01 -9.200000000000000400e-01 2.546240164676577544e-01 8.618968129422760471e-01 -1.211049620059724496e+00
-1.207850128783120036e-01 -3.455392753985315202e-01 1.475709453674310112e-01 -1.240579455548290744e+00 1.258031982328607912e-01 4.831027648936493391e-01 -1.813534941815621471e+00 -1.765525997215026607e-02 2.647299551637308235e-01 8.338759437066727287e-01 -9.200000000000000400e-01 2.304205311329781403e-01 8.857675599859015092e-01 -1.222141546430424608e+00
-9.916371477434884896e-02 -3.351673490968631319e-01 1.676029731217129615e-01 -1.253524696642890346e+00 1.327702057930877644e-01 3.754333256363086568e-01 -1.848957974269395343e+00 -1.192197047197573329e-02 2.524531026077293516e-01 8.479103225756620121e-01 -9.200000000000000400e-01 2.074021881533282263e-01 9.048328733591791684e-01 -1.210212452230130520e+00
-5.819424516961886618e-02 -3.126874151730352214e-01 1.835068265479077587e-01 -1.260417266598925279e+00 1.334708383886663852e-01 2.689655881700477869e-01 -1.844720797399306278e+00 -7.212468489784631780e-03 2.370522833553694864e-01 8.619364172513158673e-01 -9.200000000000000400e-01 1.883176917649679594e-01 9.215269817199360780e-01 -1.201036978107871800e+00
-6.302649683706404654e-04 -2.790111485712865602e-01 1.937909766892677854e-01 -1.259516097865165829e+00 1.232696950744551906e-01 1.794981322049492567e-01 -1.803348758991357048e+00 -8.283694131259230348e-03 2.203834092012886547e-01 8.719726352054109064e-01 -9.200000000000000400e-01 1.740755356926949049e-01 9.394684593727944399e-01 -1.209721137533464441e+00
8.591318692217524144e-02 -2.266927233165223488e-01 1.925363277860960010e-01 -1.245301138779911998e+00 1.080042615312549192e-01 1.200522620713197208e-01 -1.743349780826343842e+00 -1.440771969502561978e-02 2.027678297126159490e-01 8.934324361836045725e-01 -9.470568630084060802e-01 1.641603445957523777e-01 9.591313011680556722e-01 -1.232151098212906026e+00
1.574174257262190291e-01 -1.814137289779850226e-01 1.891909686267531088e-01 -1.224695541431449319e+00 6.464428235854539906e-02 7.445058465104525958e-02 -1.653764019295627330e+00 -1.159288758275073272e-02 1.899546227792104636e-01 8.820660113082098297e-01 -9.200000000000000400e-01 1.587560572651401936e-01 9.740036763515663720e-01 -1.231307445619643337e+00
2.160767921031510053e-01 -1.425436215395712858e-01 1.864978955352525058e-01 -1.203670747880382974e+00 1.161428901995805243e-02 4.049675296198431557e-02 -1.549180606949899897e+00 -1.972684477793049465e-02 1.780987622095372702e-01 8.921578617014096491e-01 -9.200000000000000400e-01 1.609773415863462176e-01 9.896654533664822617e-01 -1.253790555524026518e+00
2.804342892005804999e-01 -9.950571377888162150e-02 1.772235277299581968e-01 -1.175399041772637876e+00 -2.917098399230652617e-02 2.775756302708574930e-02 -1.447613600262233735e+00 -1.610559214225849856e-02 1.585929498888454525e-01 8.824684797397509550e-01 -9.200000000000000400e-01 1.712505902824186799e-01 1.000737888689957167e+00 -1.253553805212640038e+00
3.416192355133867431e-01 -5.781083271605875346e-02 1.640162458739148899e-01 -1.142183414687705678e+00 -6.277009214108150714e-02 2.315248393216552680e-02 -1.353426452322745277e+00 -1.344340150256048520e-02 1.531958513679665124e-01 9.049945078185822611e-01 -9.200000000000000400e-01 1.913910980333381751e-01 1.009494083114645280e+00 -1.259342624429882873e+00
3.888642671139646567e-01 -2.404512246688054675e-02 1.540145393715944833e-01 -1.113631508397063596e+00 -9.323572039944848233e-02 2.192578576043753211e-02 -1.269533667008466704e+00 -2.237213756180214327e-02 1.398983570359115525e-01 8.968508830635242290e-01 -9.200000000000000400e-01 2.235649854735873021e-01 1.018405927469579808e+00 -1.292790731269003901e+00
4.224479110319704911e-01 1.930864351143330142e-03 1.491899816254406985e-01 -1.092143766540816463e+00 -1.109152212798286269e-01 3.144574156742865195e-02 -1.208048632884495710e+00 -1.602712042594579833e-02 1.264576161577981861e-01 8.974340063446343274e-01 -9.200000000000000400e-01 2.623427036489435760e-01 1.020353191284666172e+00 -1.300231514644923037e+00
4.449420895919342089e-01 2.149878714432966464e-02 1.490117926965786044e-01 -1.076399079766227951e+00 -1.085195281587436750e-01 5.308291937466844829e-02 -1.168500908659767301e+00 -1.887586614666056026e-02 1.160169789725216255e-01 9.165116492730237541e-01 -9.200000000000000400e-01 3.093268677808998501e-01 1.023506112871243712e+00 -1.335064979157579490e+00
4.466598854649511674e-01 2.891912150503056153e-02 1.621408048306098859e-01 -1.077345107211649777e+00 -1.043315978345900480e-01 7.275443999805607243e-02 -1.136167517987256126e+00 -2.133968907284778879e-02 1.013596830127903858e-01 9.276379434139634395e-01 -9.200000000000000400e-01 3.641773921291362459e-01 1.027302348757737738e+00 -1.375636139147842885e+00
4.382975581059768144e-01 2.989606876746190439e-02 1.816620782583487359e-01 -1.087022653215613310e+00 -9.481494499582483748e-02 9.429637074397534402e-02 -1.116364309067398475e+00 -1.168979227422181980e-02 1.013620511131295004e-01 9.497466148580597789e-01 -9.200000000000000400e-01 4.221272122982274166e-01 1.024290453043345206e+00 -1.389060917735066569e+00
4.270094822257965994e-01 2.838972597382158347e-02 2.024900371653730602e-01 -1.099535470139573423e+00 -7.906470328461762120e-02 1.215665139925871246e-01 -1.100227135869396022e+00 -1.248961069624690036e-02 9.338087133562791853e-02 9.593007820194824342e-01 -9.200000000000000400e-01 4.853322322400461797e-01 1.011687036702286102e+00 -1.414624080602473688e+00
4.154114477065525279e-01 2.478896850202246677e-02 2.214958160187945058e-01 -1.116968744080679476e+00 -5.679283301352207325e-02 1.517743398370089147e-01 -1.094474089632879732e+00 -2.051025618265028480e-02 8.793777386401507856e-02 9.674759543873509005e-01 -9.200000000000000400e-01 5.511658366023299838e-01 9.920047229582521497e-01 -1.442100174411514057e+00
3.854289840055832306e-01 2.686394946649852886e-02 2.392973936036434379e-01 -1.134788245024039410e+00 -4.079769076606443862e-02 1.687441417264636534e-01 -1.092819476945371626e+00 -1.245666301143592836e-02 8.120117545042249141e-02 9.825430435624940007e-01 -9.200000000000000400e-01 6.116618166076877028e-01 9.581677507888960443e-01 -1.418856353139000381e+00
3.440121497768878767e-01 4.134392505777347016e-02 2.532474009896000244e-01 -1.149160111769796266e+00 -3.107157836841803467e-02 1.785389709026559135e-01 -1.094205668030113765e+00 -1.181362985098875426e-02 7.768296556043516321e-02 9.931183980043342130e-01 -9.200000000000000400e-01 6.731145830516741535e-01 9.142054461675442889e-01 -1.388314170605144948e+00
3.079377726100528401e-01 5.555283508395933434e-02 2.674974687622420078e-01 -1.168837581778972012e+00 -2.163787690691784324e-02 1.924510391436496659e-01 -1.106638198338799395e+00 -1.730861387527299691e-02 7.360551179411038702e-02 9.943223858493671630e-01 -9.200000000000000400e-01 7.323283227330842360e-01 8.594544403783466180e-01 -1.348511814971651512e+00
2.705173205565080674e-01 5.964604155234604077e-02 2.894092358333573145e-01 -1.205901834764510294e+00 -1.578737382894217917e-02 2.049142267345962776e-01 -1.120623761720639155e+00 -1.143776005348855727e-02 7.166587722315521936e-02 1.010515164645204855e+00 -9.200000000000000400e-01 7.798571123543153183e-01 7.873705659505005894e-01 -1.250048353748271390e+00
2.559785834613282351e-01 6.557601589813924492e-02 3.012260337085526651e-01 -1.243280822580294709e+00 3.620205977385528451e-03 2.334714351106554064e-01 -1.152948751527383520e+00 -5.457521935255942903e-03 6.091489936076434353e-02 1.020850896192790680e+00 -9.200000000000000400e-01 7.850000000000000311e-01 7.018721517085648731e-01 -1.120388344296156413e+00
2.462115767010415457e-01 5.535192340303061315e-02 3.211726106321829977e-01 -1.301991053612575389e+00 2.345700964147005851e-02 2.609799053680354475e-01 -1.181317381719139137e+00 -5.594443046348146834e-03 5.482317231477183694e-02 1.027768972612371767e+00 -9.200000000000000400e-01 7.850000000000000311e-01 5.821059610289389674e-01 -9.200000000000000400e-01
2.431484941420461454e-01 2.687188503796525407e-02 3.467384312140808778e-01 -1.378834032061642345e+00 4.526050570013222946e-02 2.894626043150699268e-01 -1.207609178551423357e+00 -7.899799849092056098e-03 5.900960752432515138e-02 1.030819758580673318e+00 -9.200000000000000400e-01 7.850000000000000311e-01 5.669293434434019563e-01 -9.200000000000000400e-01
2.633565220838211540e-01 -1.066037637230947757e-02 3.646708641726513767e-01 -1.463582321346001969e+00 8.083368814471933450e-02 3.279483579082190237e-01 -1.242568442154732722e+00 -9.497538943479207768e-03 6.079826598541478166e-02 1.032481360325095299e+00 -9.200000000000000400e-01 7.850000000000000311e-01 5.547482850015929001e-01 -9.200000000000000400e-01
2.870505703634923522e-01 -5.671206492257613307e-02 3.867291586319567820e-01 -1.552948482072447067e+00 1.187180614680678759e-01 3.647076050486383059e-01 -1.272788990831433598e+00 -1.089272994321561876e-02 4.986511823212116945e-02 1.045495529750670505e+00 -9.200000000000000400e-01 7.850000000000000311e-01 5.613496918941254243e-01 -9.200000000000000400e-01
2.915216327037458699e-01 -8.049441671103264861e-02 3.886104548707988715e-01 -1.620153502590385930e+00 1.423866103908431324e-01 3.896496518298794287e-01 -1.290549945702240242e+00 -1.105630527840732562e-02 4.317583178297742380e-02 1.050582498400320697e+00 -9.200000000000000400e-01 7.850000000000000311e-01 5.507738992747406304e-01 -9.200000000000000400e-01
2.813547722298092024e-01 -9.954331821573082772e-02 3.755166240548371559e-01 -1.667953490227171320e+00 1.569823922084977452e-01 4.077468892067247497e-01 -1.300947329134661601e+00 -1.301046714956793048e-02 3.695474632360448014e-02 1.057388316790758731e+00 -9.200000000000000400e-01 7.850000000000000311e-01 5.572908140934320631e-01 -9.200000000000000400e-01
2.651827776053944929e-01 -1.223447632933593460e-01 3.582583085137623913e-01 -1.691921758540521070e+00 1.672570804830247060e-01 4.227592748751312635e-01 -1.306755932312569479e+00 -1.410505224837512936e-02 2.131294634150995154e-02 1.058799808724214087e+00 -9.200000000000000400e-01 7.850000000000000311e-01 5.591807439226030851e-01 -9.200000000000000400e-01
2.375015972460703950e-01 -1.498004053648597234e-01 3.436617578602219059e-01 -1.685516011377426127e+00 1.692647807547147942e-01 4.326239293611332526e-01 -1.306499766512287053e+00 -1.665698133717568447e-02 2.596173171412135411e-02 1.050232986864874318e+00 -9.200000000000000400e-01 7.850000000000000311e-01 5.779916750687229543e-01 -9.200000000000000400e-01
2.081125657084188230e-01 -1.739844021405319574e-01 3.275377438705624478e-01 -1.653829404125557456e+00 1.711405184131971624e-01 4.410843775355631213e-01 -1.303839817533703371e+00 -1.694401180197343745e-02 1.929610233600740146e-02 1.058214035191764602e+00 -9.200000000000000400e-01 7.850000000000000311e-01 5.844350829122013646e-01 -9.200000000000000400e-01
1.709266182982971394e-01 -2.002008161563080535e-01 3.083826916402698237e-01 -1.604259275628202586e+00 1.676299471446540956e-01 4.470647986897369197e-01 -1.298853611971168664e+00 -1.852050779330603053e-02 1.381360092718146235e-02 1.051199979308438337e+00 -9.200000000000000400e-01 7.850000000000000311e-01 5.796428646574910415e-01 -9.200000000000000400e-01
1.365656565706373504e-01 -2.197489034200630631e-01 2.891798826515922793e-01 -1.541791223390126531e+00 1.662528055563468332e-01 4.546747355177025440e-01 -1.295181488296264005e+00 -1.859146370685707539e-02 4.973555414778220614e-03 1.058926754596340780e+00 -9.200000000000000400e-01 7.850000000000000311e-01 5.761439618942636454e-01 -9.200000000000000400e-01
1.061524606718355912e-01 -2.312942197717006709e-01 2.779150293824085294e-01 -1.467483253889745987e+00 1.669990460079546768e-01 4.635362264283726108e-01 -1.290159809908120181e+00 -2.052068607827624638e-02 -8.432472649494638511e-03 1.039550800862391045e+00 -9.200000000000000400e-01 7.850000000000000311e-01 5.759621191257469075e-01 -9.200000000000000400e-01
8.198352241359518899e-02 -2.390909254018449837e-01 2.765735283530219024e-01 -1.411082441509120766e+00 1.728252258973419497e-01 4.747639603030101574e-01 -1.287216103896998920e+00 -2.054282900669883796e-02 -1.756671283406914530e-02 1.064293830196121782e+00 -9.200000000000000400e-01 7.850000000000000311e-01 5.627383020810581282e-01 -9.200000000000000400e-01
5.509400859187058019e-02 -2.507299952417172961e-01 2.927407333786874455e-01 -1.384748081580180479e+00 1.766181078290529338e-01 4.845110537170483345e-01 -1.286284266229121398e+00 -2.244624786854781603e-02 -2.913233110312600863e-02 1.059048235454505660e+00 -9.200000000000000400e-01 7.850000000000000311e-01 5.554641376935102182e-01 -9.200000000000000400e-01
3.856504107172073481e-02 -2.566784637671601366e-01 3.126527743017787908e-01 -1.365281975770408218e+00 1.891205153730043664e-01 4.988825958802242111e-01 -1.289942427400075031e+00 -2.375767562447118897e-02 -4.073556498816854193e-02 1.045000288403304500e+00 -9.200000000000000400e-01 7.819512632468339497e-01 5.451658192676278603e-01 -9.200000000000000400e-01
1.849951920467549082e-02 -2.666540240520686722e-01 3.354130668259438508e-01 -1.354101350360464640e+00 1.965861408704307201e-01 5.130358025325334470e-01 -1.294657474331584845e+00 -2.487038316739346999e-02 -4.829493109712163640e-02 1.053621221507277772e+00 -9.200000000000000400e-01 7.559088518816625690e-01 5.403603337735310985e-01 -9.200000000000000400e-01
2.442818819373485974e-03 -2.743039167160008507e-01 3.571708012109858221e-01 -1.339381481729376322e+00 2.058521631823121700e-01 5.292890883376879518e-01 -1.301579126033567846e+00 -2.549832432736068646e-02 -5.749880171287803654e-02 1.056145235063808308e+00 -9.200000000000000400e-01 7.297508360469902033e-01 5.424274376999131952e-01 -9.200000000000000400e-01
-1.211106207618178193e-02 -2.814854215891230416e-01 3.746311063738029246e-01 -1.321608554177064132e+00 2.147887514286836441e-01 5.475457104652043938e-01 -1.314875461873638685e+00 -2.352198074102152675e-02 -6.379164365955093674e-02 1.053673015083392839e+00 -9.200000000000000400e-01 7.064064132941167973e-01 5.428112610567700225e-01 -9.200000000000000400e-01
-2.597343297475043083e-02 -2.893423739887897583e-01 3.891507619105839533e-01 -1.307819919323133906e+00 2.213221833700999286e-01 5.681100212450975739e-01 -1.338596565592239829e+00 -2.517797445937228901e-02 -6.820207244839227023e-02 1.042846749425511588e+00 -9.200000000000000400e-01 6.808009027804494684e-01 5.353614376380533280e-01 -9.200000000000000400e-01
-3.298117265314474272e-02 -2.936688264853238861e-01 4.029200703402400219e-01 -1.303308260282790565e+00 2.281064425269544449e-01 5.842156616527546253e-01 -1.372804685948391334e+00 -2.152835317270189452e-02 -7.646765883181344536e-02 1.053467187730905641e+00 -9.200000000000000400e-01 6.566006719679660097e-01 5.440211974171652587e-01 -9.200000000000000400e-01
-2.884033824349750350e-02 -2.909944004046762789e-01 4.180288006473654172e-01 -1.309135945842321735e+00 2.351567915425350486e-01 5.887575586917990211e-01 -1.420126401269617089e+00 -2.411578819832646894e-02 -6.783720043263227750e-02 1.050003472367854629e+00 -9.200000000000000400e-01 6.364423235753818853e-01 5.430749893128632433e-01 -9.200000000000000400e-01
-2.189778818180430561e-02 -2.868021918067714116e-01 4.351263788274049027e-01 -1.321378991341031872e+00 2.296621191739348367e-01 5.872305380493479943e-01 -1.475010097284920274e+00 -2.063364505407125696e-02 -6.385453007415575755e-02 1.050061412187595966e+00 -9.200000000000000400e-01 6.161686750639235877e-01 5.515723086107000572e-01 -9.200000000000000400e-01
-2.590659158883751138e-03 -2.731882698446055358e-01 4.516524855410590789e-01 -1.337046223573261639e+00 2.161148023125236406e-01 5.644275693266271876e-01 -1.523665281112269065e+00 -1.384688888953339650e-02 -4.861306970184453569e-02 1.051564489160360383e+00 -9.200000000000000400e-01 6.010568064973971225e-01 5.777045636807841555e-01 -9.506531784280105590e-01
3.437882523838933085e-02 -2.453304295471532559e-01 4.654492082859758573e-01 -1.355149980349195538e+00 1.998262306988098369e-01 5.114920276308166924e-01 -1.555877826553559551e+00 -1.331940602198836143e-02 -3.284986248195784914e-02 1.040392620232061249e+00 -9.200000000000000400e-01 5.915176741706335006e-01 6.062093343857615224e-01 -9.944863121853447785e-01
7.542012615036643164e-02 -2.130202155183607005e-01 4.762837556882792978e-01 -1.370946644105167866e+00 1.710652294295142706e-01 4.184554892022864792e-01 -1.563198978127675165e+00 -1.583848591673140890e-02 1.222249577342412498e-03 1.033234835850318056e+00 -9.200000000000000400e-01 5.863866801166175424e-01 6.339533439652011992e-01 -1.038798293912740922e+00
1.341351015010937842e-01 -1.647628149624214278e-01 4.782343193833451522e-01 -1.378488843935068209e+00 1.483197133116492816e-01 3.202743431398383245e-01 -1.531971229651247324e+00 -2.831393699463678575e-03 4.061791929566335724e-02 1.027482183984459230e+00 -9.206801734407258353e-01 5.782305483912641986e-01 6.556068981946485685e-01 -1.035530462852671585e+00
2.048365659179270937e-01 -1.049990471068597414e-01 4.685977141458138040e-01 -1.372300736671600907e+00 1.309610926488232741e-01 2.171259032357936436e-01 -1.470121989853259148e+00 2.360021531774869705e-03 8.940394912850863074e-02 1.036376669863193101e+00 -9.872495517031323331e-01 5.740286454321418264e-01 6.786429983970919677e-01 -1.047071112814319305e+00
2.788416565963099947e-01 -4.138322423973084252e-02 4.482577011033223036e-01 -1.349975179004853976e+00 1.050236196869298033e-01 1.200643189570317487e-01 -1.396143648092188938e+00 -6.770089797382960843e-03 1.476916533874428339e-01 1.032272570839509074e+00 -1.060257217703592936e+00 5.747082744672061816e-01 7.045432149648969133e-01 -1.088337868619192905e+00
3.460748329007781177e-01 1.718958225466006226e-02 4.236953480739531486e-01 -1.317950039340811452e+00 7.042781362344023577e-02 3.257993831707980958e-02 -1.315044652326992747e+00 5.802921634909223234e-03 2.077479729401178199e-01 1.001160048739699215e+00 -1.058584033483956910e+00 5.675214600090701111e-01 7.227310524612182707e-01 -1.069362765651796776e+00
4.104008688312168474e-01 7.332158777155842189e-02 3.931157036061778132e-01 -1.274276178236484869e+00 3.675971594246255081e-02 -3.197060569780091344e-02 -1.232628722803708055e+00 1.439752867403715567e-02 2.662460372838729716e-01 9.559152564141152331e-01 -1.042831602158215354e+00 5.595147755086481434e-01 7.420439230541915343e-01 -1.059112211913178170e+00
4.577690230025709406e-01 1.160530086401585087e-01 3.695631882577722349e-01 -1.234632051540258679e+00 1.150123605792141394e-02 -8.046066379099754695e-02 -1.154812678272909343e+00 8.132948229043363356e-03 3.211705750278608384e-01 8.989643597536570718e-01 -1.032823149418578890e+00 5.525104115006600480e-01 7.661534454473196698e-01 -1.084763935300101956e+00
4.867858641583859836e-01 1.450361223547306233e-01 3.585353684925554063e-01 -1.207272191379529458e+00 -3.101178754374992927e-04 -1.100257837148501117e-01 -1.093827412512844433e+00 7.760656762015213407e-03 3.708320221682271378e-01 8.182948258143036835e-01 -9.645563284697886708e-01 5.419590058192502724e-01 7.916633600632215773e-01 -1.099376466422808285e+00
4.914391020066616877e-01 1.561067300278496106e-01 3.695565856441138664e-01 -1.206480887284237413e+00 -3.549217406862565901e-04 -1.248684581553863304e-01 -1.054223222934208559e+00 -4.685779287924632212e-03 4.095265215327194008e-01 7.637922557543675994e-01 -9.746650197655301051e-01 5.312309714230544211e-01 8.211966209854217880e-01 -1.141562052124714288e+00
4.746949865900583210e-01 1.668999900005914416e-01 3.827643706853993688e-01 -1.209957281344315572e+00 2.972868476638610997e-03 -1.239850192693838643e-01 -1.046614498418868777e+00 -5.613603820560148470e-03 4.354423566101371379e-01 6.948980422295685244e-01 -9.349382729602941922e-01 5.139409521756230781e-01 8.480454621219054578e-01 -1.155119100057971027e+00
4.345527715382122014e-01 1.845978486669149488e-01 3.940696931789640645e-01 -1.207780496097484724e+00 6.234783744984978907e-03 -1.103472618797186888e-01 -1.049209258698026170e+00 -7.011389099231968812e-03 4.482451723520932685e-01 6.423223408665216239e-01 -9.200000000000000400e-01 4.939329423307042832e-01 8.751186665780147367e-01 -1.167237504216171340e+00
3.768886315813679833e-01 1.917941512429287843e-01 4.201886089356385856e-01 -1.224898680160179776e+00 7.837395901713241006e-03 -8.761033798681330809e-02 -1.055834911234222906e+00 -1.022809040520983835e-02 4.480657925183758050e-01 5.983021584157842687e-01 -9.260258391114798426e-01 4.713565201219746537e-01 9.028702178248151355e-01 -1.180396976158890832e+00
3.247256120769341226e-01 2.046857741009824039e-01 4.400774518818272862e-01 -1.237346986956513017e+00 7.871766598770436538e-03 -5.218021594648471206e-02 -1.080429386802030933e+00 -1.087100070319025127e-02 4.333211678951729984e-01 5.662644256971069989e-01 -9.481373553713619007e-01 4.466871150617718889e-01 9.295526189328865430e-01 -1.182734136436838668e+00
2.708924513362750974e-01 2.111883148110097752e-01 4.681599224598148035e-01 -1.263178396256858349e+00 8.608010845956137747e-03 -1.480560156448732824e-02 -1.114230232063460058e+00 -7.740420507650541855e-03 4.073099046271125290e-01 5.487590367486687715e-01 -9.711137661634956508e-01 4.227460893569882638e-01 9.530419821987472506e-01 -1.166137860072940624e+00
2.240616726546080795e-01 2.125630991491860300e-01 4.918694594611354720e-01 -1.296587993616123313e+00 1.457252705729250586e-02 2.503512166798529948e-02 -1.153429244183308722e+00 -4.242602777640758259e-04 3.711272861027132830e-01 5.489673741131143592e-01 -9.947381092240249467e-01 3.997157775142890501e-01 9.721344884503311246e-01 -1.130695043711204217e+00
1.937933894503894305e-01 2.046169993284920607e-01 5.129041642867000483e-01 -1.339124942534338558e+00 2.355239214369241052e-02 7.075672478150031586e-02 -1.195799612277696600e+00 1.597562021513625587e-03 3.372454343376071195e-01 5.624814085189091539e-01 -1.028143918104196475e+00 3.806147570748610875e-01 9.881246124952909327e-01 -1.098943748083900163e+00
1.887615448880269609e-01 1.825991866204243474e-01 5.372180147794048954e-01 -1.394118049381520397e+00 3.894578438363924255e-02 1.258095798822843892e-01 -1.243370831300792734e+00 1.849008731532726614e-03 3.098817471346800856e-01 5.833906258299842440e-01 -1.055793981141220472e+00 3.666965252525837271e-01 1.000899491647171846e+00 -1.066913481372744110e+00
2.049288715011917672e-01 1.521262055623011644e-01 5.629010830714866742e-01 -1.456853304916199576e+00 6.486315484726673519e-02 1.902609377538782565e-01 -1.296306620593325132e+00 -3.750117855820828561e-03 2.837355035796915170e-01 6.118424305298472143e-01 -1.096584810789072995e+00 3.555564212876157759e-01 1.013812533498729129e+00 -1.049843644498589912e+00
2.307225566628834934e-01 1.144055953813296750e-01 5.948841526550758818e-01 -1.532583279638845664e+00 9.756741031335866565e-02 2.565458288702197609e-01 -1.346461898309397665e+00 -9.366933574885260086e-03 2.583556014797924738e-01 6.407727673317655803e-01 -1.133390822139963117e+00 3.433133049390846847e-01 1.026338114717223027e+00 -1.039181929231656865e+00
2.562502224194417866e-01 6.754217077557493620e-02 6.359853972234833508e-01 -1.622754615019236901e+00 1.318331828764116309e-01 3.176665459389131918e-01 -1.387761693937354934e+00 -3.140626619124116219e-03 2.337876950780282681e-01 6.654557857463773152e-01 -1.135035175502851823e+00 3.300995079073449912e-01 1.030833008758342606e+00 -1.007970643479464412e+00
2.790685792501583218e-01 1.291452914579239997e-02 6.735303425151478729e-01 -1.718696829663427517e+00 1.662805414321410213e-01 3.729974642990019906e-01 -1.421257592465864361e+00 3.032077793096027971e-04 2.136869493585101254e-01 6.887531187912764308e-01 -1.136227977094266706e+00 3.239882354123531094e-01 1.037661137999875027e+00 -9.943230037123289566e-01
2.740822373719781768e-01 -2.951716145675615036e-02 6.890421279384995046e-01 -1.798647319262108635e+00 1.827885421496674434e-01 4.148110407657957244e-01 -1.441246198194015893e+00 1.087091285225724388e-02 1.943528989340022328e-01 7.090949546829844463e-01 -1.117786077048809945e+00 3.275864255295508065e-01 1.045580247332585699e+00 -9.852043372395726806e-01
2.601749635738128674e-01 -5.653436005975827350e-02 6.778310334497057443e-01 -1.860437161759527891e+00 1.942318202533484528e-01 4.535522585881389124e-01 -1.460052638138621850e+00 1.998129687183117231e-03 1.789340969436012396e-01 7.350594252584534694e-01 -1.145932760141628926e+00 3.533992293398698914e-01 1.102536248791481821e+00 -1.103728174510980597e+00
2.414676799983897226e-01 -9.131082909453154539e-02 6.555727885647644193e-01 -1.912449759101860769e+00 2.025355027368332395e-01 4.914502250103690573e-01 -1.480785447264985288e+00 1.479180360302798959e-03 1.632051044241739912e-01 7.601364551538387637e-01 -1.156885957545116250e+00 3.969870593063289932e-01 1.182556533992032088e+00 -1.295964688568441492e+00
2.113509268565220978e-01 -1.396516322170771596e-01 6.222367752973475552e-01 -1.945251675628545396e+00 2.020237238189718509e-01 5.267089720435185196e-01 -1.500628172535815708e+00 1.080899171546525865e-02 1.459985153371126110e-01 7.833293107579182291e-01 -1.148766608497826525e+00 4.406146546487848537e-01 1.220715138498081220e+00 -1.453045164230661657e+00
1.784690585840896238e-01 -1.917763064684101515e-01 5.609378918007845716e-01 -1.951881050444648213e+00 1.989091872183901266e-01 5.616687607956764028e-01 -1.519553072479705946e+00 8.608032873260805518e-03 1.293845395976080115e-01 8.101351713570235091e-01 -1.170263096397138325e+00 4.928367555453731508e-01 1.230623474379043625e+00 -1.609162734367214798e+00
1.348219433899801589e-01 -2.521549644554497149e-01 4.786623277430552825e-01 -1.936347914117395819e+00 1.847313637391319041e-01 5.919811972764070784e-01 -1.532735318902544330e+00 7.709488517619201425e-03 1.123489720013344934e-01 8.362892661381834403e-01 -1.189148551479641158e+00 5.509214020071506734e-01 1.210096582174636115e+00 -1.732558432364211143e+00
8.783890076144978964e-02 -3.052315298095262808e-01 3.913217275297670161e-01 -1.893764756052301435e+00 1.650628917104684235e-01 6.182125044872840425e-01 -1.539408760287512612e+00 5.630327305573587342e-03 9.530741372341879070e-02 8.612528963379769698e-01 -1.209197191339069999e+00 5.986373377683525954e-01 1.150221818784053163e+00 -1.818368606675436316e+00
4.793984269751464661e-02 -3.417086967903005812e-01 2.979459902330532928e-01 -1.827865279085959083e+00 1.495904556496007176e-01 6.435703040444292755e-01 -1.542498381621523640e+00 4.533948193003641165e-03 7.877110973831326357e-02 8.837916479712507600e-01 -1.223476618246402747e+00 6.317415977403942895e-01 1.051869494297937857e+00 -1.853170723942415332e+00
7.661644248307252370e-04 -3.734749400465546820e-01 2.062113499122905369e-01 -1.745950382740385276e+00 1.231360441220186869e-01 6.608218701909124304e-01 -1.538263841186279457e+00 3.936792020107462292e-03 6.341878118730329139e-02 9.036505919022831401e-01 -1.231319578226328426e+00 6.423752787236145512e-01 9.234647228864260038e-01 -1.832465125066740086e+00
-4.282169161160956361e-02 -3.914533874483802633e-01 1.162326056958236514e-01 -1.645953540648490199e+00 9.488450680439912410e-02 6.747912317511942648e-01 -1.527938162145086931e+00 8.271934637747366953e-03 4.910680470235129214e-02 9.198720919746647962e-01 -1.221991849291903076e+00 6.346172495714124118e-01 7.856428131420354344e-01 -1.763284463130515567e+00
-8.446068449687954560e-02 -4.001657877289164222e-01 2.776435846294166010e-02 -1.535709900051896781e+00 6.304341588749418079e-02 6.855362494865180345e-01 -1.510712005488160203e+00 6.849006270603980560e-03 3.577989810244544544e-02 9.354885659163885148e-01 -1.219919053976807444e+00 6.113631194581478079e-01 6.449030160815097945e-01 -1.676942098215898902e+00
-1.206327434717920782e-01 -3.993609444498817940e-01 -5.182938821358080983e-02 -1.420002588957840706e+00 3.121574761500164538e-02 6.953611017140036710e-01 -1.489360047923382613e+00 -2.190635416789486842e-03 2.388397762589493031e-02 9.524409257633379422e-01 -1.230033848509628491e+00 5.754807258342976573e-01 5.095032405489104965e-01 -1.611786188019190158e+00
-1.526437591252172432e-01 -3.922777448478339535e-01 -1.268061183121070856e-01 -1.298060490709315395e+00 -1.853854408786552834e-03 7.044762428683166711e-01 -1.465887751709527898e+00 -4.667360434203906075e-03 1.232228211883806997e-02 9.677270178031315284e-01 -1.224506986625163441e+00 5.404435713720522338e-01 4.517437285112819167e-01 -1.567354085871059288e+00
-1.749129782199180250e-01 -3.827286928634167640e-01 -1.899215125100281176e-01 -1.189843531938488574e+00 -2.803414135770828167e-02 7.182589666773677717e-01 -1.446118504870977262e+00 -4.595533861668013587e-04 4.268848962068145852e-04 9.814094835009699036e-01 -1.204982896700865114e+00 5.029620455701809822e-01 4.191233723859342786e-01 -1.477770346951286617e+00
-1.892545778233133136e-01 -3.760052285747945700e-01 -2.298187047058052046e-01 -1.118190203595109899e+00 -4.697467110252757233e-02 7.376259857879128301e-01 -1.430761314530694106e+00 2.258885920832971912e-03 -1.183022008178335506e-02 9.960421769721177210e-01 -1.190701951440605422e+00 4.756820660887950414e-01 4.071141193956412940e-01 -1.400322919435792457e+00
-1.910675681572644169e-01 -3.709085294504869679e-01 -2.372814116809346119e-01 -1.087026962171251832e+00 -5.356372008867107959e-02 7.671944811094414396e-01 -1.423515319839883553e+00 3.353385318131873669e-03 -2.340169586323270767e-02 1.011453775512001885e+00 -1.181967879585906323e+00 4.615699811052444979e-01 4.213300515061628726e-01 -1.372250384781144028e+00
-1.793366030559576385e-01 -3.643814215928894984e-01 -2.090835400341778672e-01 -1.084447429224506099e+00 -4.379807664689547991e-02 8.086909412338260106e-01 -1.427057653845356544e+00 -3.673446308852963520e-03 -3.491742002483624180e-02 1.030565686791025559e+00 -1.193462743557565542e+00 4.586516755442934246e-01 4.541713155979674732e-01 -1.388761430968844746e+00
-1.670192023161212180e-01 -3.603565693662236780e-01 -1.598937192788313366e-01 -1.107933809452685825e+00 -3.096876761274746509e-02 8.510382948705803585e-01 -1.431477163318217283e+00 -9.271549988657364766e-03 -4.817962829841773709e-02 1.050223058640454399e+00 -1.203762402720811808e+00 4.574427682240571613e-01 4.964455348005631374e-01 -1.411255466361034827e+00
-1.530354137721979535e-01 -3.593880313523581949e-01 -1.102399094037810751e-01 -1.152623796894580277e+00 -1.591706665804222195e-02 8.933076077756046951e-01 -1.435722423537070469e+00 -5.139295473122891880e-03 -6.412618754192495052e-02 1.067672011415610189e+00 -1.196560338285207248e+00 4.540028024029053033e-01 5.399078781091261048e-01 -1.412773892685428745e+00
-1.428750840326663274e-01 -3.608724630162655211e-01 -6.395662552996644878e-02 -1.203570801075207752e+00 -3.253863303942878746e-03 9.305685519181531307e-01 -1.440150212053962431e+00 -3.153545054295647191e-03 -8.273976099024463182e-02 1.087463738893573062e+00 -1.201657619565924762e+00 4.500224274642145028e-01 5.801097094859526404e-01 -1.414956254902269839e+00
-1.438060510015307936e-01 -3.664366917716557759e-01 -1.674677952033296405e-02 -1.253345008185721365e+00 -4.154157506314425617e-03 9.564377530304417618e-01 -1.443370717799890901e+00 -4.139229874644573259e-03 -9.665659213758476254e-02 1.106512414496011676e+00 -1.209946090313820832e+00 4.462973585838028723e-01 6.172710233382697753e-01 -1.420559174208487985e+00
-1.573663494234272264e-01 -3.764375392916254892e-01 2.911751161687483117e-02 -1.292918324569634958e+00 -1.983855328590406614e-02 9.690671451342617315e-01 -1.446702502845122584e+00 -4.313037568649881123e-03 -9.744275651292456930e-02 1.123098522716648784e+00 -1.211997765476606537e+00 4.424035996725010911e-01 6.529624367862615353e-01 -1.424659514725943321e+00
-1.331164847518768457e-01 -3.687862815202026523e-01 6.841399638354765667e-02 -1.324298957764589613e+00 2.531070786401976719e-02 1.006711821002984397e+00 -1.473958530791122046e+00 -5.286850084978976169e-03 -1.030025780101603838e-01 1.149549219458007032e+00 -1.255142377530638287e+00 4.362127920205136622e-01 6.860712927642999004e-01 -1.428398444482932739e+00
-1.339270190543099259e-01 -3.721950387163353025e-01 1.087786896337902126e-01 -1.353446290549562780e+00 4.665916012019753062e-02 1.019099350913030166e+00 -1.497649386605628408e+00 -1.662550126592077801e-03 -1.085304814164977510e-01 1.172497214715516378e+00 -1.306923343790844516e+00 4.261290297970377616e-01 7.159745465911472317e-01 -1.418580833141107611e+00
-1.405518106971722636e-01 -3.775892352619714121e-01 1.452748696412181628e-01 -1.373052237425598676e+00 7.214587127933334842e-02 1.016800138097360584e+00 -1.528841358543932438e+00 2.983201630986285352e-03 -1.139954762484398643e-01 1.186391600177514771e+00 -1.362595647909666363e+00 4.128063940474588356e-01 7.406716857455886149e-01 -1.400633283439318477e+00
-1.504278654081163125e-01 -3.840801022136379195e-01 1.772310103435605633e-01 -1.384040257024444109e+00 1.006257964948782113e-01 1.002200147820997644e+00 -1.571027245803446659e+00 5.770059049203664706e-03 -1.208756136343212689e-01 1.194465079377122985e+00 -1.431467318305696290e+00 3.991144924372758140e-01 7.605724066584285126e-01 -1.381892007265728806e+00
-1.532164889830129328e-01 -3.866408284002340046e-01 2.045919712135547408e-01 -1.391470451154460886e+00 1.066833068628587206e-01 9.715760284119335788e-01 -1.618253396899326013e+00 2.526310828077184007e-03 -1.285680531780729607e-01 1.194965233944388805e+00 -1.522488229310566599e+00 3.875287857060598640e-01 7.781601981401925494e-01 -1.375470819914981657e+00
-1.520505764724400521e-01 -3.872258584956958516e-01 2.287166633361071844e-01 -1.399158095261481716e+00 1.207354330452689722e-01 9.283239476542712865e-01 -1.675123285117156025e+00 2.436957353024235291e-03 -1.352610259000278092e-01 1.179881980898364713e+00 -1.616799284051429586e+00 3.769706087722456966e-01 7.941640487616170585e-01 -1.363374012727830209e+00
-1.531770230545137501e-01 -3.892836246933752964e-01 2.500893162825973959e-01 -1.406516920369401236e+00 1.351973925109332952e-01 8.602984777243032344e-01 -1.729200450626538155e+00 -6.211336103241792313e-03 -1.519675295301723128e-01 1.147582280550195843e+00 -1.724615890669702889e+00 3.686862460317212320e-01 8.098594053616106070e-01 -1.372153241642047661e+00
-1.488055508649283598e-01 -3.879880146648895800e-01 2.686820132289637897e-01 -1.413816689486428801e+00 1.613222354173706463e-01 7.574435876741940632e-01 -1.775221314257814154e+00 2.659988612864756623e-03 -1.612213983523098082e-01 1.092968451206373315e+00 -1.781909444657282071e+00 3.557179092440507229e-01 8.229003789924372869e-01 -1.342026192441605481e+00
-1.242222405540877317e-01 -3.737374482908935036e-01 2.843240083710638078e-01 -1.421876657649329356e+00 2.110432926074783111e-01 6.297686484325002443e-01 -1.801467533691444523e+00 -1.518875966700002252e-06 -1.758021636908044527e-01 1.019078397532803271e+00 -1.838344657240201574e+00 3.459633272932309267e-01 8.363931347998428967e-01 -1.337436961522924239e+00
-9.185201486386819492e-02 -3.512425857105781479e-01 2.978071598292261202e-01 -1.429163804904428181e+00 2.636470921605533202e-01 4.824520312491646368e-01 -1.793930834231950211e+00 5.222773887050354176e-03 -1.940102028015045776e-01 9.269661663875592428e-01 -1.851976059687279408e+00 3.356762374944580185e-01 8.472664343542396503e-01 -1.313513867920482303e+00
-6.400871441070694889e-02 -3.141480139186490494e-01 3.120501539595094687e-01 -1.436913165078264054e+00 3.016738259863784299e-01 3.212634892773154616e-01 -1.730329400926604810e+00 1.382974854214726653e-03 -2.266724961402949157e-01 8.140855619729125969e-01 -1.851037502576188265e+00 3.288039917609243967e-01 8.587247099762788105e-01 -1.309845231519344733e+00
-2.819231292493905999e-02 -2.726224665201468778e-01 3.215120098769969625e-01 -1.437548200192575010e+00 3.261144183898858073e-01 1.778108015347612814e-01 -1.603652427646926393e+00 -3.311153467375710455e-03 -2.626971482113860112e-01 7.136441544881186871e-01 -1.844664280932109435e+00 3.172320099063203891e-01 8.692138236293704967e-01 -1.306788602878454775e+00
2.730533320427060845e-02 -2.186636997696907725e-01 3.219883849655431618e-01 -1.427412940805167896e+00 3.395062822191239893e-01 5.309589347116201036e-02 -1.419058660485174705e+00 6.711764360911064327e-03 -2.962355131867765445e-01 6.276195028167785850e-01 -1.804928136710628461e+00 2.945103316542000416e-01 8.761624334586327612e-01 -1.268478088052743757e+00
7.404640054677184835e-02 -1.713095202704854880e-01 3.204759036209042233e-01 -1.410630367243924432e+00 3.354184745662929235e-01 -6.505546906185807887e-02 -1.202834862631534385e+00 -6.764869208189448931e-03 -3.413601652284659060e-01 5.378393858279962858e-01 -1.806333924024700943e+00 2.780007603644121250e-01 8.870730068638361665e-01 -1.279330809230109001e+00
1.034894291487241519e-01 -1.366474327860107141e-01 3.228506404122782891e-01 -1.393154158091171935e+00 3.288629660896560392e-01 -1.556372848462164726e-01 -1.036346954794070685e+00 -8.844205285897622365e-03 -3.846210234917709636e-01 4.649317477825420930e-01 -1.782779036813495033e+00 2.612152015482229750e-01 8.942377574430957488e-01 -1.258120712771243266e+00
6.455182220759482503e-02 -9.812017691796712238e-02 3.231142695510928475e-01 -1.368003290893523349e+00 3.094452752269017948e-01 -1.634624997075385666e-01 -9.813102342355335406e-01 -8.449420801637850739e-03 -5.179155901278487129e-01 3.987835761423173531e-01 -1.722682198044147794e+00 2.114384058611206429e-01 9.042265040137915655e-01 -1.207596025693915109e+00
5.107568772308103411e-02 -9.510593373421750985e-02 3.458265128942089595e-01 -1.365746703163372544e+00 3.038359438415104696e-01 -1.378682008890035338e-01 -9.965461329311895433e-01 -7.784346774373694655e-03 -5.555358895255053664e-01 3.595473537752430504e-01 -1.679127739367985095e+00 1.997539351185876333e-01 9.080907117960278496e-01 -1.167404707237746697e+00
3.621265962527726867e-02 -9.269705622750076812e-02 3.711362279766990957e-01 -1.366627772851074507e+00 3.009427243712611832e-01 -1.004533100500498016e-01 -1.047356256805224373e+00 -6.931458937498796193e-03 -5.881401119064458838e-01 3.289482507391833788e-01 -1.626758033737936149e+00 1.899086794364808761e-01 9.120176414647718222e-01 -1.123671071875317340e+00
2.791834528267006857e-02 -8.525867061335429264e-02 3.947584890522994328e-01 -1.366664450804680797e+00 2.973487291922893294e-01 -6.782220505216572659e-02 -1.075262838484686290e+00 2.197691949008572562e-04 -6.094609817361862358e-01 3.118566756514535299e-01 -1.555929323435053968e+00 1.813150180894453622e-01 9.120924750187388019e-01 -1.059735170331614018e+00
2.656872068216033222e-02 -7.263717752844207898e-02 4.156368160152043578e-01 -1.365854990218740683e+00 2.933115986426327315e-01 -4.463894998524693680e-02 -1.073250421347069716e+00 9.325938135009830335e-03 -6.226725890743725067e-01 3.059285034789103186e-01 -1.476815370497190694e+00 1.745739378455053448e-01 9.096087187422550180e-01 -9.858352116097427453e-01
2.132794907178700919e-02 -6.298189191819536514e-02 4.394089037297685407e-01 -1.371026532139072218e+00 2.890520715965109178e-01 -2.656742562589203133e-02 -1.075034848687508759e+00 6.925301306284803102e-03 -6.401839761322998257e-01 3.024651785675266935e-01 -1.418271569848347458e+00 1.705705090890336229e-01 9.117991010664450169e-01 -9.380260600295856621e-01
1.268119364657783500e-02 -5.624745279828183980e-02 4.659884447517483319e-01 -1.382373589180189599e+00 2.849153884599339714e-01 -2.149582847611846738e-03 -1.094358402713799139e+00 -8.062341541021032440e-03 -6.622734299455141915e-01 3.078998308722296073e-01 -1.389899799415196258e+00 1.694337043838650414e-01 9.206780726891470312e-01 -9.200000000000000400e-01
3.096967552391831878e-03 -4.919382864981715342e-02 4.963830357847618391e-01 -1.394725538226675665e+00 2.807494302290270971e-01 2.632681872826272973e-02 -1.121707020546350853e+00 -1.181289242583784781e-02 -6.725369369899129035e-01 3.253403674030152515e-01 -1.340517426294991488e+00 1.740589793086992354e-01 9.467902399531774593e-01 -9.200000000000000400e-01
7.151159896408079697e-02 -1.122485713796144147e-01 5.656502868852136823e-01 -1.441689099550563125e+00 3.134707082937874256e-01 6.690906243243827101e-02 -1.159586440228490778e+00 -1.218157340486305390e-02 -5.429099085762461030e-01 3.590012986471941558e-01 -1.413925448846399924e+00 2.101432876951696005e-01 9.513007284221394189e-01 -9.200000000000000400e-01
7.204962432833192376e-02 -1.108088525704805372e-01 6.002088039989341706e-01 -1.453493033752723873e+00 3.160253786771589635e-01 1.035910401820246685e-01 -1.194598993158147771e+00 -1.319659995662058986e-02 -5.477740366294813201e-01 3.760725081316631524e-01 -1.380771483833421520e+00 2.171819566617770314e-01 9.766230448737848180e-01 -9.200000000000000400e-01
7.246730096476579341e-02 -1.102071220298539433e-01 6.314372483726967689e-01 -1.467214350312033400e+00 3.186080019888284376e-01 1.404346491608734759e-01 -1.228016862065989034e+00 -1.176975172536667835e-02 -5.534498175644946283e-01 3.930769456567146380e-01 -1.351469983334861791e+00 2.267661982674298582e-01 1.002834131226983727e+00 -9.200000000000000400e-01
7.258401593055820167e-02 -1.129358974723111558e-01 6.598697148962381354e-01 -1.485721218888048423e+00 3.209710600511698764e-01 1.766344283260131154e-01 -1.258552015707644189e+00 -1.098195263737270638e-02 -5.590993683254663615e-01 4.166855563104785443e-01 -1.338710635579630326e+00 2.350453074046451596e-01 1.027955126025724475e+00 -9.200000000000000400e-01
7.452219266244557161e-02 -1.161753625851384142e-01 6.780476814744633707e-01 -1.510136748932839001e+00 3.242048920896191677e-01 2.112022685973466984e-01 -1.285151515666766775e+00 -9.043457799390978297e-03 -5.606362545838627920e-01 4.459552827763568206e-01 -1.336056598252122196e+00 2.428467807737628437e-01 1.047451427030942739e+00 -9.200000000000000400e-01
7.231822716139177376e-02 -1.200836034887753784e-01 6.790855721886360774e-01 -1.541011847865060957e+00 3.247342044649156878e-01 2.420781179878385980e-01 -1.306891381469882152e+00 -1.247715584582795301e-02 -5.585050046488250208e-01 4.753297662027495263e-01 -1.351049135299685178e+00 2.494396045351962576e-01 1.063270254863055930e+00 -9.200000000000000400e-01
6.844702585512034421e-02 -1.235889873115992438e-01 6.659220278447217645e-01 -1.581056457815252614e+00 3.238113554001436079e-01 2.691936430754211518e-01 -1.324142983131410212e+00 -1.060784128660010456e-02 -5.474158176324687153e-01 5.055576127895136107e-01 -1.358648002604164295e+00 2.502546760239838797e-01 1.065695606423089137e+00 -9.200000000000000400e-01
5.986002088838272839e-02 -1.317969743295270280e-01 6.414551141341722218e-01 -1.622618054902661866e+00 3.191710403574941624e-01 2.916976022844338101e-01 -1.335583727729275694e+00 -1.437221780743733190e-02 -5.348984307089017509e-01 5.340509648707010282e-01 -1.381389718708729841e+00 2.526840928665874952e-01 1.066581197040922246e+00 -9.200000000000000400e-01
4.741878869885960551e-02 -1.431930526886905641e-01 5.932498316839890373e-01 -1.644175973223801046e+00 3.109279677996646396e-01 3.085448680730476512e-01 -1.339243668050672742e+00 -5.038691264412457080e-04 -5.134975871650662160e-01 5.624219585239725872e-01 -1.364025192228487615e+00 2.483257912693468128e-01 1.100938080022103360e+00 -9.505025873650858603e-01
2.929685736464389054e-02 -1.591962770948900652e-01 5.222512552980723699e-01 -1.652465710676683797e+00 2.981657946900541645e-01 3.204963839462304231e-01 -1.338010595223654509e+00 1.605814803644745915e-03 -4.993975864107891849e-01 5.860840515500348458e-01 -1.368629558610288566e+00 2.436814242534849073e-01 1.181520346551495848e+00 -1.183191781756711913e+00
8.397572268223543052e-03 -1.711188052967246576e-01 4.297166605283568308e-01 -1.637806325140641839e+00 2.830264539284668146e-01 3.293850654864825533e-01 -1.334166667799125294e+00 8.542831283606748191e-03 -4.852425797897539916e-01 6.082332218098983612e-01 -1.359968134084665659e+00 2.326548149963029444e-01 1.227077796741575355e+00 -1.378620517553070135e+00
-3.850115191603369763e-02 -1.867063443076240614e-01 3.295706756215483479e-01 -1.596848246151954420e+00 2.496483291916506697e-01 3.317668179274829710e-01 -1.326298300296328225e+00 -1.091114730242633739e-03 -4.789405415391533860e-01 6.289627209377243178e-01 -1.387001862058729218e+00 2.192370475466898505e-01 1.240672700277862139e+00 -1.564727005333014898e+00
-8.872723191579240387e-02 -1.917384504910267518e-01 2.263270780142419558e-01 -1.511476213486631748e+00 2.132485831936015985e-01 3.309154858908914809e-01 -1.314613061242745351e+00 1.086297212111284223e-03 -4.700876709602948567e-01 6.503716967977490881e-01 -1.385739656608454329e+00 2.000078220500250969e-01 1.209859948981373057e+00 -1.668745851063974328e+00
-1.668672493063430573e-01 -1.994622619559524024e-01 1.324564265022676601e-01 -1.423309443886173531e+00 1.567776535769351276e-01 3.169228553683723915e-01 -1.288979321958497737e+00 5.033542476582167184e-03 -4.468872273449975840e-01 6.714034063714563461e-01 -1.388317834274286344e+00 1.755465236533656215e-01 1.153292910899669232e+00 -1.729415790378652229e+00
-2.243115408563269575e-01 -1.855669728794694107e-01 4.019977762321956527e-02 -1.339599089790969089e+00 1.140197583893683975e-01 3.056995256662307092e-01 -1.262763998536145182e+00 5.965917213864474142e-03 -4.203802967158921655e-01 6.916276796672670146e-01 -1.397229864933101195e+00 1.465328228645547681e-01 1.081334322129236636e+00 -1.765104469622564176e+00
-2.867096788284788089e-01 -1.734355066691624092e-01 -2.984824905710359300e-02 -1.266047281557185045e+00 6.763390462852143792e-02 2.872916669475389373e-01 -1.227273837310607352e+00 -3.276723092090218746e-03 -3.994389439178105405e-01 7.111975750702173027e-01 -1.424828974603010501e+00 4.077888442940633129e-02 1.001308829537692846e+00 -1.742308735668559372e+00
-3.263660747649571592e-01 -1.518631426607491841e-01 -9.381211029835608006e-02 -1.190170039459450768e+00 3.638524293207892613e-02 2.768137038226272661e-01 -1.197638218841475588e+00 -8.889985009150048328e-03 -3.769039845359483665e-01 7.298976867023575510e-01 -1.439859725204241103e+00 -6.216019426177785828e-02 9.231766181661672510e-01 -1.660307255549458461e+00
-3.666074668621100985e-01 -1.354756442436031716e-01 -1.359313365939746887e-01 -1.130252906649767519e+00 4.725457638425635890e-03 2.632628778908960854e-01 -1.164675398567252218e+00 4.736321232841933277e-05 -3.492832133562608354e-01 7.494173411923353845e-01 -1.422155748630798744e+00 -1.420389006550793198e-01 8.701146665410599557e-01 -1.531284048693338118e+00
-4.010347630517065998e-01 -1.300765768231318120e-01 -1.553087857822220696e-01 -1.093399456223998367e+00 -2.307365236664224439e-02 2.512695326072912905e-01 -1.134048851008727432e+00 -8.059887894590611612e-03 -3.252915266622193879e-01 7.695899536185395462e-01 -1.441300339217572501e+00 -2.350711650045732293e-01 7.891664482531672853e-01 -1.377979205382311223e+00
-4.018681187594816961e-01 -1.233098754359245458e-01 -1.651426568962851005e-01 -1.061200511222570864e+00 -2.897726685285888920e-02 2.634349379820520864e-01 -1.133487198949520103e+00 -2.287876285708722625e-03 -2.965411835942767249e-01 7.916360236030336450e-01 -1.431098467413700170e+00 -2.563633765703363654e-01 7.242439180915057895e-01 -1.207731040129338629e+00
-4.112078825184935504e-01 -1.252953791789154780e-01 -1.491606301525353895e-01 -1.043226493827932089e+00 -4.035581879750127499e-02 2.687242473155644351e-01 -1.125779409094488592e+00 3.332846359835659952e-03 -2.664107219220727685e-01 8.154107368862800742e-01 -1.421857073453011600e+00 -2.580613721071226552e-01 6.456866537782701698e-01 -1.028788379517645568e+00
-3.910178053023117828e-01 -1.213897261300596747e-01 -1.322121561761545050e-01 -1.024090577263087942e+00 -3.200103204209919783e-02 2.978689520749514541e-01 -1.147095475630051098e+00 -2.243528349938888472e-03 -2.373897561442319393e-01 8.419956090251233816e-01 -1.437443431041786290e+00 -2.498581134696047090e-01 5.978750114580601016e-01 -9.403211052086670740e-01
-3.747469831177093758e-01 -1.227145664927841023e-01 -9.744991733753705088e-02 -1.035555217958879837e+00 -3.133853442037023290e-02 3.217793740387753787e-01 -1.166739395391050316e+00 -7.521857740549788875e-03 -2.072338446768142994e-01 8.709907087343540244e-01 -1.452244060234983758e+00 -2.340741310074856141e-01 5.878083200243235940e-01 -9.348922853090971818e-01
-3.377272671199801901e-01 -1.186820601865930247e-01 -6.233697209232161307e-02 -1.060178460472061435e+00 -3.737535567636589978e-02 3.461601150288808881e-01 -1.188376183089952853e+00 -4.083348990369222060e-03 -1.760119454610201417e-01 9.003186071464233109e-01 -1.447543482649952473e+00 -2.117074082616569042e-01 5.921136978461274403e-01 -9.466208732122919356e-01
-3.040810618127817722e-01 -1.147609234231724978e-01 -2.217242442723473331e-02 -1.105231733988837339e+00 -4.126217259354235389e-02 3.730628026581959689e-01 -1.217340280217617643e+00 2.219771350537435173e-03 -1.502752513299003279e-01 9.286269372019927415e-01 -1.437566583747883486e+00 -1.869777364295733268e-01 6.085505848741404877e-01 -9.710690389573937154e-01
-2.695667722309516567e-01 -1.095618206992040877e-01 1.832120669199397214e-02 -1.155218381372149050e+00 -4.061590197749044562e-02 4.076599324843085959e-01 -1.256063840340525983e+00 1.425996423252287723e-03 -1.330317120402294828e-01 9.574889667439174801e-01 -1.445543938392951588e+00 -1.610958483676927511e-01 6.361343312611363876e-01 -1.024964897900612515e+00
-2.413438128600824961e-01 -1.066448081245202073e-01 5.895180782561328797e-02 -1.201490187016742039e+00 -4.341723513642112287e-02 4.435699741230492155e-01 -1.293168627732149467e+00 2.075411177238761957e-03 -1.245685560254807395e-01 9.846704229320999424e-01 -1.452692716968422504e+00 -1.373927965591147382e-01 6.676235877004539354e-01 -1.068904377834048569e+00
-2.201147531050670070e-01 -1.065870823792277738e-01 1.010540648392424384e-01 -1.246479822906754187e+00 -4.770916062478103986e-02 4.792356159382791247e-01 -1.331852982037571742e+00 5.401515495337739538e-03 -1.259678397828800922e-01 1.008795020415155230e+00 -1.457381690574032662e+00 -1.167995258021072430e-01 6.984645181572834982e-01 -1.097578510619378278e+00
-2.086800972579698210e-01 -1.110791971248089038e-01 1.451526073731677358e-01 -1.290703063567846920e+00 -5.121471633841163246e-02 5.127251291759518104e-01 -1.373174289828959171e+00 1.112715950243582316e-02 -1.401833079011240435e-01 1.029945596624653792e+00 -1.463126000865404119e+00 -1.017818962107653602e-01 7.239989186351867279e-01 -1.106820127543904908e+00
-1.969502977339507299e-01 -1.161461621609282818e-01 1.867545383144166293e-01 -1.329453562542753486e+00 -4.348259777936815812e-02 5.515554648188201181e-01 -1.425372101163244754e+00 3.445050322941685828e-04 -1.718462144690067195e-01 1.055748215518732547e+00 -1.518780569408299863e+00 -9.049417170100376717e-02 7.492441206083451100e-01 -1.147113435438321227e+00
-2.006429945413631954e-01 -1.317041609007582603e-01 2.340602245502705070e-01 -1.371580406301096788e+00 -3.714354389613058055e-02 5.823056363977998640e-01 -1.480950971526133753e+00 2.147685214997512883e-04 -2.200062942656002551e-01 1.076133885469234164e+00 -1.563637017575860488e+00 -7.936866446124576924e-02 7.696758771093920037e-01 -1.156428888189644955e+00
-2.063425581077743820e-01 -1.504917831400191253e-01 2.797328941098898847e-01 -1.407796234104345068e+00 -2.057141612361882213e-02 6.155925430734924264e-01 -1.551639397575368395e+00 9.369738807553327012e-03 -2.817244827203708168e-01 1.084805358399694830e+00 -1.594923529227920023e+00 -6.748601445793617204e-02 7.868545465642862169e-01 -1.142819641080128124e+00
-2.190044567036081857e-01 -1.749376351779024785e-01 3.247434497382914453e-01 -1.438516499979235252e+00 3.346856565861986658e-03 6.429052765581864115e-01 -1.633828131019075869e+00 3.538853296185825005e-04 -3.587502761375764293e-01 1.079718981382343124e+00 -1.661598902671093558e+00 -5.530917582768312551e-02 8.074526658537599655e-01 -1.171917666422919169e+00
-2.260232227461633769e-01 -1.953101039131749650e-01 3.639911199358009108e-01 -1.459651970108406305e+00 5.333242330816567733e-02 6.623171764563936526e-01 -1.725841379525539621e+00 5.991717061541213424e-05 -4.393672453387459376e-01 1.056591482532409643e+00 -1.703036473556241104e+00 -4.036058413363827202e-02 8.237974140614107155e-01 -1.179561192534310576e+00
-2.390223812790981950e-01 -2.198962977785020589e-01 4.018847978661199138e-01 -1.475981279579761107e+00 8.161749872786905335e-02 6.466453825402759259e-01 -1.791649062654727453e+00 9.506126260468416092e-03 -5.178636363005355570e-01 1.015897046079126564e+00 -1.708418859422759617e+00 -2.411729177276478869e-02 8.351995805768669401e-01 -1.161057788426393733e+00
-2.162102732999594545e-01 -2.166977364073824908e-01 4.264251736935555370e-01 -1.480715976815809132e+00 1.232469907909740092e-01 6.059098501977702167e-01 -1.839724618686566782e+00 -5.194169933532414348e-04 -6.019463843508304768e-01 9.571807276891187710e-01 -1.723702924762786859e+00 -7.709328095974603799e-03 8.504273876061049231e-01 -1.186036762613542628e+00
-2.009364805774845608e-01 -2.177818423125794933e-01 4.519563708084432530e-01 -1.486074975859754677e+00 1.582334597133098764e-01 5.292869535478016418e-01 -1.845020882649371918e+00 9.712055441756274610e-03 -6.586603210589220270e-01 8.734107292898133368e-01 -1.673748102975053831e+00 8.685928048188348155e-03 8.583888287683109075e-01 -1.160361226089438036e+00
-1.596824961248473063e-01 -1.942239648830892396e-01 4.655131177938275355e-01 -1.482274241150388416e+00 2.152048755228417043e-01 4.282490790713818218e-01 -1.807093192220910804e+00 8.874486060337435575e-03 -6.902591921778038486e-01 7.879460501235370229e-01 -1.644044647764866030e+00 2.371249418165500764e-02 8.671724620889750268e-01 -1.155764933413467865e+00
-1.180216977011617069e-01 -1.678061406640247444e-01 4.764215082832842230e-01 -1.474765165326006988e+00 2.568632417772190868e-01 3.165194671198893195e-01 -1.708403333072817665e+00 7.148915116960539821e-03 -7.196689741265239748e-01 7.002372202547152424e-01 -1.596918182316136914e+00 3.668259643048496499e-02 8.745404930182182346e-01 -1.147154307673516449e+00
-6.834932720717562527e-02 -1.337197513355777023e-01 4.819237255912954820e-01 -1.463476592093968298e+00 2.911877659605884849e-01 2.025631271414414236e-01 -1.581544736246127458e+00 8.615188960015781466e-03 -7.441597636476843247e-01 6.130433090920616168e-01 -1.524847203161127540e+00 3.558058248416239716e-02 8.774480720930634137e-01 -1.111936056129674277e+00
-2.262719750295980048e-02 -1.009336011152195262e-01 4.864544721374893799e-01 -1.449882233626321515e+00 3.115945492297666486e-01 8.840999483438288786e-02 -1.436878872507711513e+00 4.844046667565918523e-04 -7.757021757941379159e-01 5.274620877705087363e-01 -1.459717745112234288e+00 3.491790273327401162e-02 8.824973231760357972e-01 -1.095991358979867547e+00
2.019486352178663513e-02 -6.927227494070453684e-02 4.899950395941179981e-01 -1.433078377403040227e+00 3.216863025173615220e-01 -1.112372942039693662e-02 -1.290414497735509647e+00 1.812655870819310927e-02 -7.850000000000000311e-01 4.551947291344443092e-01 -1.339641588016116991e+00 3.502262418558067109e-02 8.753679331926996765e-01 -1.009534996969454035e+00
5.314893992191311450e-02 -4.610914694938742647e-02 4.976516223588089982e-01 -1.417979126277711499e+00 3.228400286219434423e-01 -8.829591146504039978e-02 -1.156081254845019446e+00 2.015370659703198675e-02 -7.850000000000000311e-01 3.847160943636763752e-01 -1.219237187533587230e+00 3.667339090875961632e-02 8.736687079279809032e-01 -9.587051144223764920e-01
7.087491902267102628e-02 -3.689048836963018663e-02 5.145366124086754311e-01 -1.410398306842155280e+00 3.183027648331699933e-01 -1.082976795980760409e-01 -1.074232256564948029e+00 1.609438037658408177e-02 -7.850000000000000311e-01 3.167306050395257699e-01 -1.116250902775739462e+00 4.020114502042549526e-02 8.748358341359296908e-01 -9.220876043253741772e-01
8.104828330080041110e-02 -3.462511018817474723e-02 5.360226759251104367e-01 -1.405445678600605541e+00 3.165135273829042251e-01 -8.922581992785638683e-02 -1.053877440656539655e+00 -2.102778006455259855e-04 -7.850000000000000311e-01 2.760002316630698616e-01 -1.067044790928599385e+00 4.542670079990301923e-02 8.837942572303455480e-01 -9.200000000000000400e-01
7.147295963283177567e-02 -5.168320090825513635e-02 5.710535951635122842e-01 -1.410771488160271980e+00 3.117540061101112259e-01 -5.329430592941961781e-02 -1.071916452296530764e+00 -3.877954692149934344e-04 -7.850000000000000311e-01 2.784598103336020092e-01 -1.058882150936707234e+00 5.600865639388331180e-02 9.060696532412166881e-01 -9.200000000000000400e-01
7.296067822858057217e-02 -6.080539717101421382e-02 6.002792998354705700e-01 -1.412797024869953733e+00 3.140392246836439250e-01 -1.238110053943229476e-02 -1.111974176929981128e+00 -4.205585865874664035e-03 -7.850000000000000311e-01 2.909318406025038217e-01 -1.054799240478058175e+00 6.897780507095532809e-02 9.226131173972514921e-01 -9.200000000000000400e-01
8.353803563383750685e-02 -6.486207404641192165e-02 6.286182603330885410e-01 -1.418638401327598331e+00 3.199961058922848323e-01 2.276986910721831223e-02 -1.143184935917107570e+00 -3.715512156059253435e-03 -7.850000000000000311e-01 2.961439713657935124e-01 -1.021573487497248856e+00 8.188672434463091510e-02 9.394216929498638846e-01 -9.200000000000000400e-01
9.658804441124958784e-02 -6.972759661061407599e-02 6.613921698279291439e-01 -1.437676734214194951e+00 3.272257126545495831e-01 5.704375943936935284e-02 -1.169234276242136383e+00 -3.246093331278503569e-03 -7.850000000000000311e-01 2.721156867830457626e-01 -9.200000000000000400e-01 9.761213808269691983e-02 9.628810328962988940e-01 -9.200000000000000400e-01
1.077443362931394949e-01 -7.887426182636739225e-02 6.969304767804691547e-01 -1.471401131636177917e+00 3.352845411455926405e-01 9.335479508854525876e-02 -1.201850514150313298e+00 -1.549764179005373591e-03 -7.850000000000000311e-01 2.927236647411483594e-01 -9.200000000000000400e-01 1.224884792841499787e-01 9.826569509519166301e-01 -9.200000000000000400e-01
1.165273736852019681e-01 -8.864718432653828639e-02 7.236578534644796390e-01 -1.513422754677973492e+00 3.424387455269320979e-01 1.274278256569131018e-01 -1.229926769290927702e+00 -2.496708100756033985e-03 -7.850000000000000311e-01 3.043933761064390175e-01 -9.206539530470542188e-01 1.358836008661410133e-01 1.002447096498344736e+00 -9.200000000000000400e-01
1.244727696217015761e-01 -9.470139578525667290e-02 7.342821677776253386e-01 -1.560406136521172771e+00 3.498848223757172193e-01 1.609005857104377490e-01 -1.258094053024997327e+00 -1.542676982333916237e-02 -7.847273147184131714e-01 3.329113257968241424e-01 -9.935931935930827352e-01 1.529990395392799296e-01 1.008255617524632886e+00 -9.200000000000000400e-01
1.200827430437053506e-01 -9.272956448507994887e-02 7.290071880815627292e-01 -1.607293071373045557e+00 3.506516721463481812e-01 1.909834268163674298e-01 -1.283498987848349149e+00 -1.361877340188218793e-02 -7.651800394953410800e-01 3.603326733664238835e-01 -1.036187598813221644e+00 1.784713190294149321e-01 1.032220854882126782e+00 -9.200000000000000400e-01
1.081141540783327887e-01 -9.168994532037033629e-02 7.060136051006514757e-01 -1.649608670983218284e+00 3.462660951829641398e-01 2.179499671575846065e-01 -1.303713949428487950e+00 -1.250507020704782861e-02 -7.427739817207595907e-01 3.901621476994116544e-01 -1.087959716187232528e+00 1.915133169772672284e-01 1.033420280194490948e+00 -9.200000000000000400e-01
8.527158678826313176e-02 -9.224433816149098242e-02 6.672825671924021984e-01 -1.676679621644628471e+00 3.339213146924429609e-01 2.394282009417353363e-01 -1.315819594046661489e+00 -1.147703823106673536e-02 -7.174444875644563346e-01 4.203653151269628463e-01 -1.140649607613908767e+00 2.030175053958271636e-01 1.049785604104406245e+00 -9.200000000000000400e-01
6.000243708260724618e-02 -8.606817710897157747e-02 6.116331012048500382e-01 -1.682546365815783540e+00 3.185591539925716753e-01 2.563569365297451719e-01 -1.320685974800504425e+00 -1.548280545289241680e-02 -6.920609187610508028e-01 4.493033926549275248e-01 -1.200837699755365362e+00 2.187331121489378971e-01 1.063038615605669257e+00 -9.200000000000000400e-01
2.568562554754379168e-02 -7.962659526140801469e-02 5.496340883902237628e-01 -1.650609922887352532e+00 2.965462092805652428e-01 2.688368393433240855e-01 -1.321426508212197648e+00 -1.199038413634699422e-02 -6.620768590789474217e-01 4.762146659895024614e-01 -1.235833272046253928e+00 2.220681909671732013e-01 1.060891018975223199e+00 -9.200000000000000400e-01
-2.457311962141915662e-02 -6.875034260306014944e-02 4.931956442991506373e-01 -1.584951033815419796e+00 2.638845524152035327e-01 2.757346579702316669e-01 -1.321048369103469788e+00 -1.659795016903787765e-02 -6.383760312926490821e-01 5.022034732224170961e-01 -1.284033122896842016e+00 2.367129375625944832e-01 1.068855539703992275e+00 -9.200000000000000400e-01
-7.926638956931708613e-02 -5.326745080852534481e-02 4.569064992098772482e-01 -1.501787087004645027e+00 2.272956095872691873e-01 2.772373328565825301e-01 -1.314981498944261196e+00 -1.132444633659325690e-02 -6.098917687048316383e-01 5.285016558562062317e-01 -1.306325726769446138e+00 2.435885783077640365e-01 1.080528118224359124e+00 -9.200000000000000400e-01
-1.135416703729710264e-01 -4.543752735356843681e-02 4.492124397820188575e-01 -1.432115715453652793e+00 2.033067460842191143e-01 2.819144734350702564e-01 -1.311487395978830905e+00 -1.144737748375412173e-02 -5.843198588064016930e-01 5.539018460169751190e-01 -1.336258958647874140e+00 2.495562495357759036e-01 1.078698155062759012e+00 -9.200000000000000400e-01
-1.235981962306061388e-01 -4.462712079163140555e-02 4.610074769346166890e-01 -1.396529227892359781e+00 1.946055170115850996e-01 2.953596736423609870e-01 -1.314862549104067524e+00 -1.221197686958920385e-02 -5.584997195784590085e-01 5.792997216699929952e-01 -1.363585248246088844e+00 2.474730106251727402e-01 1.073934669615011828e+00 -9.200000000000000400e-01
-1.172402837478441900e-01 -5.316428755338744455e-02 4.813839574302763991e-01 -1.385507610065184858e+00 1.967766790053492865e-01 3.146101357983367985e-01 -1.322837562423793134e+00 -1.160231650138237453e-02 -5.317706095716947523e-01 6.039651150076835728e-01 -1.382500954318346187e+00 2.416202814364157014e-01 1.066312575804039264e+00 -9.200000000000000400e-01
-1.014655049807064169e-01 -7.008169758725045495e-02 5.115455553770351660e-01 -1.386903672209827798e+00 2.052489255335184226e-01 3.365313795454523138e-01 -1.328871152183815463e+00 -4.378554739276523458e-03 -5.030901124789194379e-01 6.281612380386399908e-01 -1.381048444472152248e+00 2.411308239789806129e-01 1.095029535283887023e+00 -9.743475354568432723e-01
-8.285556935927823607e-02 -8.860590178611142675e-02 5.395711604439207276e-01 -1.394077414528523740e+00 2.157313419103759344e-01 3.571611487591803136e-01 -1.328713771994014525e+00 9.205223237831967669e-04 -4.781150426938491349e-01 6.503530485814259521e-01 -1.377591743167318583e+00 2.458077330765379431e-01 1.167964646030159814e+00 -1.154115524928388758e+00
-5.843525072773896739e-02 -9.375199768944995904e-02 5.611824170441048754e-01 -1.387397481385057585e+00 2.138933745099199368e-01 3.706186166707921004e-01 -1.341438646872050722e+00 6.554642507363055495e-04 -4.579214182704871572e-01 6.710462491585214018e-01 -1.381413948152252047e+00 2.493796037556963163e-01 1.227363898682770404e+00 -1.335098976940713555e+00
-4.273602267660325804e-02 -1.022834026439174149e-01 5.838405623054588878e-01 -1.379341745720460866e+00 2.128298801896293113e-01 3.827103587407337248e-01 -1.380076856257065998e+00 -4.984931220498142919e-03 -4.426912119273445079e-01 6.900767235562632607e-01 -1.392242620338905557e+00 2.529433257748658903e-01 1.268978485592873406e+00 -1.500256785403291326e+00
-3.716343368823129406e-02 -1.140504038762692185e-01 6.087502667897510822e-01 -1.378724652469108580e+00 2.181921101266154350e-01 3.851548552110419799e-01 -1.437638463234929498e+00 7.888752245468019135e-05 -4.283524477505665784e-01 7.077906570589048707e-01 -1.375093992253048514e+00 2.491809733068553190e-01 1.274997533685401585e+00 -1.605448706498280087e+00
-3.538644077494396828e-02 -1.230541671258882225e-01 6.339729260362221286e-01 -1.384198394279475997e+00 2.464119639625737546e-01 3.592002972139977657e-01 -1.504709994583345756e+00 -1.397485988185478718e-03 -4.194315486354926459e-01 7.249213241617867842e-01 -1.370891166647367765e+00 2.394729657880585449e-01 1.250318451217132809e+00 -1.685388080885045436e+00
-3.564750724601001980e-02 -1.258325899615582721e-01 6.564608494205096401e-01 -1.389735869216870201e+00 2.840362131172566862e-01 2.837283289899490413e-01 -1.539843874633296528e+00 -3.859081183763158653e-03 -4.154810350987420686e-01 7.411108115935870488e-01 -1.367152941600986660e+00 2.232740044932005619e-01 1.204119175559641652e+00 -1.742660193641289990e+00
-5.780872451647345658e-03 -9.241625859973003065e-02 6.609729887530473302e-01 -1.380514484297236333e+00 3.189319789492339741e-01 1.830861733513218514e-01 -1.510895487952828464e+00 -3.385598463353563063e-03 -4.135954822039337730e-01 7.559131977036008809e-01 -1.355790344953071713e+00 1.901376446548472543e-01 1.148394169068680526e+00 -1.781893714563856923e+00
1.915404110666229717e-02 -6.243143389636869600e-02 6.631978241706116828e-01 -1.368519370396152013e+00 3.282225758601909904e-01 5.287342269990697591e-02 -1.383329649998619404e+00 4.294038551083178244e-03 -4.096464244880711481e-01 7.690844703089110279e-01 -1.328483003970246212e+00 1.300390066531655897e-01 1.102799689951107220e+00 -1.797744877525018437e+00
6.352615235351054268e-02 -1.420637769704602427e-02 6.500004572783496526e-01 -1.340921831880863113e+00 3.320969321990234757e-01 -7.755971895819514794e-02 -1.195846345421833989e+00 -5.435300298537282899e-04 -4.076321891650026563e-01 7.829405316673050397e-01 -1.330897103549708138e+00 6.354089099749458958e-02 1.051468437275445700e+00 -1.803227468606753092e+00
9.771131074531196059e-02 2.140307761906759532e-02 6.403910335481790561e-01 -1.313332609713032006e+00 3.259747793465811450e-01 -1.899582585196933071e-01 -1.001768521402655265e+00 2.246372274614102731e-04 -4.020421944523361324e-01 7.961764457329211231e-01 -1.322224622772319558e+00 2.903033004369989789e-03 9.974267759612215345e-01 -1.770639073811127728e+00
1.251384754726819759e-01 4.760073117354760019e-02 6.346501913651431126e-01 -1.287231326348803995e+00 3.241692465671526246e-01 -2.330492638023596297e-01 -9.200000000000000400e-01 6.752714298066943787e-05 -3.951690904284071992e-01 8.095672599980405781e-01 -1.315854570389816791e+00 -4.265390507607361159e-02 9.413856088147595225e-01 -1.716871791650365298e+00
1.419679789707581075e-01 6.103593575668232740e-02 6.375573225732191762e-01 -1.268189911035343620e+00 3.257757153684671669e-01 -2.200847234778927908e-01 -9.200000000000000400e-01 9.780313921747359380e-05 -3.806726433824565992e-01 8.238751221720700402e-01 -1.312255473373332260e+00 -5.600842511980499289e-02 8.919858743102028198e-01 -1.676623433688341214e+00
1.225890407789419351e-01 3.530318797363533184e-02 6.729087805906524000e-01 -1.277256182876358892e+00 3.256504377872561085e-01 -2.129537724079512417e-01 -9.200000000000000400e-01 -2.475141378952473714e-03 -3.582518531664616868e-01 8.398827655420401106e-01 -1.317224451899288828e+00 -5.696172678398928046e-02 8.367550467846038842e-01 -1.663290220052171753e+00
1.176462597491690493e-01 2.053273591485748825e-02 6.996596389534534000e-01 -1.283242463118227983e+00 3.136896422128526152e-01 -2.006768958604565889e-01 -9.200000000000000400e-01 -1.048121842180886436e-02 -3.347900444384769303e-01 8.574999829139684504e-01 -1.332881997156803777e+00 -7.866098099880863836e-02 7.690942133223434007e-01 -1.613982262258403244e+00
1.280512957618315795e-01 2.478162096187724178e-02 7.147974299388778485e-01 -1.287400279363795308e+00 3.214637260675375363e-01 -1.899219196782286068e-01 -9.200000000000000400e-01 -2.898956468971731516e-03 -3.089275374947988428e-01 8.719966322721193208e-01 -1.310630511065934201e+00 -1.128729396411412705e-01 6.986554469194552475e-01 -1.455114785651427933e+00
1.373515815275106466e-01 3.490001637999013556e-02 7.263399737193383388e-01 -1.297921994168964810e+00 3.226093845900539492e-01 -1.786112617641535394e-01 -9.200000000000000400e-01 2.920358138724135112e-03 -2.853719346445862670e-01 8.858988664415293757e-01 -1.290925683036872496e+00 -2.014563439302727299e-01 5.845525083393608989e-01 -1.146040081572158531e+00
1.244543162544111958e-01 2.371776684958427917e-02 7.538554297289339345e-01 -1.328688862079552724e+00 3.196463036208287423e-01 -1.652456873862953035e-01 -9.200000000000000400e-01 4.464848121344429724e-03 -2.624265276710739947e-01 9.010866085236987066e-01 -1.279744191647270268e+00 -2.260078016014500091e-01 5.467889848215696791e-01 -1.046838779775450368e+00
1.297350903604241601e-01 2.967327324733967653e-02 7.672219449762509580e-01 -1.355200598477570573e+00 3.239576846375665786e-01 -1.348059237682270595e-01 -9.572991591875124051e-01 5.668067895299954556e-03 -2.369357758950099979e-01 9.162990941315241056e-01 -1.265813873956161295e+00 -2.212347833415393705e-01 5.291377468733993172e-01 -9.939969690128629409e-01
1.295697742019482901e-01 2.490014946088488917e-02 7.810906964298891531e-01 -1.394000620234294718e+00 3.268766559948521611e-01 -1.025829811389844803e-01 -9.964605566708711892e-01 1.019983610754609908e-02 -2.072592874743816316e-01 9.297622866181916024e-01 -1.238566281487506693e+00 -2.019042329286819537e-01 5.323863965089199457e-01 -9.870398004794253000e-01
1.304934826995101105e-01 2.193839459551958151e-02 7.788579546022408318e-01 -1.437506144526305540e+00 3.300160711848817985e-01 -7.092624850529763436e-02 -1.032092783758944643e+00 9.648983475042869490e-03 -1.770403107962684186e-01 9.422785236690648381e-01 -1.215520649361467420e+00 -1.720759513429421794e-01 5.588772057277437977e-01 -1.035836219761904875e+00
1.320481171922593400e-01 2.168102220849891723e-02 7.627973512220684871e-01 -1.482820523091640919e+00 3.329968667331910104e-01 -4.114802746473112532e-02 -1.061884300061985087e+00 7.388602720710690103e-03 -1.470944142619718675e-01 9.533195526868450953e-01 -1.190785328066997772e+00 -1.367164225333767635e-01 5.888708107598725761e-01 -1.095326031735291528e+00
1.269342787587106336e-01 1.419567953174800425e-02 7.398993118208161412e-01 -1.534276720591505105e+00 3.332269890099145426e-01 -1.347706541893446512e-02 -1.088960628592063662e+00 8.311829731913163502e-03 -1.183091430087571255e-01 9.613346517082723697e-01 -1.154466657664814377e+00 -9.841229925671839129e-02 6.125602353575486658e-01 -1.135147623426381758e+00
1.191096532603998226e-01 6.008467471528006719e-03 7.017492192790655281e-01 -1.577040365218236984e+00 3.319674369324182028e-01 1.212451431753398118e-02 -1.113161559800783351e+00 6.535601558147668098e-03 -9.216084329353936566e-02 9.679378840920128679e-01 -1.121279615974744903e+00 -6.115569489956242111e-02 6.325000025454330377e-01 -1.173131732700659846e+00
1.073186621668689167e-01 -5.761251261672527615e-03 6.504823554390326557e-01 -1.607144148761709301e+00 3.283792003577234997e-01 3.536432604750061603e-02 -1.133517068816968898e+00 4.144447404779138915e-03 -6.831908349711636463e-02 9.728290326965164381e-01 -1.085942650129169573e+00 -2.501393532536106551e-02 6.496237183120870951e-01 -1.205511952115247531e+00
8.927272271975998652e-02 -2.538070989647790016e-02 5.869928152787897702e-01 -1.619978182823392787e+00 3.211606717963564894e-01 5.599885060938903508e-02 -1.149584140163982138e+00 9.480043919314893805e-03 -4.630696065425575492e-02 9.719287794573406858e-01 -1.029960257787418509e+00 9.452591706478637515e-03 6.634067316153968719e-01 -1.212610915852301963e+00
6.450640080157456213e-02 -5.293550724474202496e-02 5.158462703883605061e-01 -1.612970525674043643e+00 3.099631560459262802e-01 7.452802015182830031e-02 -1.162495187536193297e+00 8.097654426954115428e-03 -2.532495271846257195e-02 9.717451203938891613e-01 -9.892267279748375719e-01 4.256102875897074117e-02 6.765776141190942283e-01 -1.230989638579108147e+00
3.851889168372959332e-02 -7.935254721457260518e-02 4.346088092786939416e-01 -1.583870894239936433e+00 2.972306304772500685e-01 9.191397498668282817e-02 -1.172652318890544887e+00 3.438280798126148226e-03 -5.171277733002811391e-03 9.716799616761193636e-01 -9.577942350864444565e-01 7.512642379803079196e-02 6.891372978549278328e-01 -1.253019136188513460e+00
4.121118285648817103e-03 -1.052647738759953933e-01 3.463901883484322153e-01 -1.536789464665296867e+00 2.792165057661014638e-01 1.064314131655941381e-01 -1.178254912133427590e+00 -2.234549589325577224e-03 1.186125336343813071e-02 9.717679513795486335e-01 -9.374593480497787068e-01 1.057753230209363682e-01 7.007002576847914943e-01 -1.272539021792457925e+00
-3.618832782928699254e-02 -1.270385658003972129e-01 2.554018849516216383e-01 -1.474250386430903559e+00 2.570565492397659524e-01 1.179518394283358695e-01 -1.179630528984962456e+00 -2.913020796456421320e-03 2.086662504334572260e-02 9.704760031841959123e-01 -9.223761259016642899e-01 1.319872781647209170e-01 7.107811373739735261e-01 -1.275272699287022915e+00
-8.098195540864756847e-02 -1.441154977615799193e-01 1.649799625034695516e-01 -1.402651537460636533e+00 2.316399022840067434e-01 1.271849731888125556e-01 -1.179342449885939947e+00 6.616187832818177638e-04 2.161146701556020469e-02 9.790457308435380757e-01 -9.365189844199699465e-01 1.545732820739343094e-01 7.204417505902244168e-01 -1.265903245484010675e+00
-1.303201474842772267e-01 -1.605024940007748480e-01 7.721061581990910916e-02 -1.333702408424196850e+00 2.028105552801422462e-01 1.333717868149635333e-01 -1.176374849992775751e+00 1.692057646688554552e-03 1.518713165870711965e-02 1.010073953344922337e+00 -1.015413751946965482e+00 1.746744991224359334e-01 7.305377571107994905e-01 -1.261004088055657224e+00
-1.796237792234063879e-01 -1.773839559247743503e-01 -1.539580866913676724e-03 -1.279372920151044868e+00 1.730074087530208415e-01 1.373847239371080442e-01 -1.171422493350175786e+00 -2.252915412524244664e-03 1.777510289823529700e-03 1.050064100542345447e+00 -1.135962252975109443e+00 1.926643000345595325e-01 7.418071747875291111e-01 -1.266860114183774977e+00
-2.137985975772494496e-01 -1.914350447460984039e-01 -6.212228120194915326e-02 -1.221719164508918043e+00 1.506086193737310452e-01 1.453869598462099455e-01 -1.170951460736356253e+00 -4.515112770105599027e-03 -1.889752064005216156e-02 1.086860110568025339e+00 -1.266428915674821631e+00 2.082302242045996343e-01 7.532384821351353343e-01 -1.267537264608164849e+00
-2.393685197926953834e-01 -2.108053345856700511e-01 -1.082622126152707059e-01 -1.161651239580719253e+00 1.321575638768084371e-01 1.561725518052781425e-01 -1.172906296111265068e+00 -7.365604616387752025e-03 -4.826895561202635548e-02 1.111601300543203275e+00 -1.407792983238868700e+00 2.215483885765429095e-01 7.647449548699134514e-01 -1.267960973037474126e+00
-2.460809723559819195e-01 -2.274042368608678866e-01 -1.400705329190290171e-01 -1.102681849653868396e+00 1.234517759157338912e-01 1.754533675139678117e-01 -1.181090012497386876e+00 -1.010013320274328122e-02 -8.165462137034840140e-02 1.114464607675604846e+00 -1.537376444571449063e+00 2.328194837345920754e-01 7.757859115429787122e-01 -1.266043314280751009e+00
-2.519480623794058682e-01 -2.461687674112690016e-01 -1.412811380165554243e-01 -1.070707149034660022e+00 1.146435858704587529e-01 1.943631152715202814e-01 -1.184829587398957607e+00 -2.676082410562554857e-04 -4.745147892037854948e-02 1.091500512261884381e+00 -1.574883106149019163e+00 2.402156808516607289e-01 7.843314861366389446e-01 -1.232246614540394303e+00
-2.297100809526022580e-01 -2.569798742359849508e-01 -1.250659556042841569e-01 -1.049859264717380114e+00 1.230967293631735210e-01 2.246033906810790959e-01 -1.199653525116479935e+00 -2.745857704603142419e-04 3.042736733595302438e-03 1.047347012486088191e+00 -1.596915868313308229e+00 2.470561529839170323e-01 7.938316891688714794e-01 -1.218962251601853231e+00
-2.080938308328741104e-01 -2.668792078911668697e-01 -1.092281657470451084e-01 -1.034191825110454266e+00 1.329816139470447467e-01 2.525250590561269881e-01 -1.217063202219722529e+00 -7.991204744609171212e-03 5.874665226700986204e-02 9.883351334333652094e-01 -1.607802720579736944e+00 2.530053383328423333e-01 8.042761349350536770e-01 -1.220767917746791387e+00
-1.885877080040191944e-01 -2.684194029908691381e-01 -8.938503621933446830e-02 -1.032183136499661646e+00 1.421942308095708318e-01 2.787048799625881923e-01 -1.231074864554112747e+00 3.062391123970771936e-04 1.152927061810233716e-01 9.192383616826690362e-01 -1.567957356929569057e+00 2.536612271012105291e-01 8.103745750758759581e-01 -1.179743401071296827e+00
-1.765333353328484844e-01 -2.725655704577056304e-01 -6.350752488349105385e-02 -1.044734297374068754e+00 1.460624355466516866e-01 3.050419522553764473e-01 -1.239180062396429083e+00 -5.192442092870024409e-03 1.718382401722338138e-01 8.435822677196693764e-01 -1.530462853815968804e+00 2.541224026715967477e-01 8.200167626650457509e-01 -1.170180956530225025e+00
-1.644634458344893524e-01 -2.801691827797893608e-01 -3.671611150813609142e-02 -1.062305092807524165e+00 1.497977673578467228e-01 3.342475924639625728e-01 -1.245993826959912898e+00 -1.333487191232737932e-03 2.195179651035164270e-01 7.661465698605604002e-01 -1.458369798458740041e+00 2.492344298623171417e-01 8.271264353075887810e-01 -1.133764268225737171e+00
-1.414178226948585582e-01 -2.827617646337584612e-01 -1.280852827053373215e-02 -1.077333408230989775e+00 1.619609015993890011e-01 3.694565505860189503e-01 -1.257073383362817598e+00 7.760839854626225970e-03 2.555530802987638350e-01 6.943646948053567858e-01 -1.362084418795930452e+00 2.411773215682799509e-01 8.319835923436801339e-01 -1.080188579436441421e+00
-1.192237345499768397e-01 -2.844938101734104108e-01 1.178241382476621392e-02 -1.093660998442535170e+00 1.750892588030827368e-01 4.050368196313814950e-01 -1.271102263660112364e+00 -7.694759586338031313e-04 2.717832186175122566e-01 6.306210535399394690e-01 -1.265831041435378612e+00 2.329114985064402732e-01 8.442141961751000734e-01 -1.070051310956937840e+00
-1.143808169028681238e-01 -2.930898432011031507e-01 4.142500194384774598e-02 -1.117334475333105370e+00 1.769122836297683798e-01 4.352673217364076419e-01 -1.289750892867577381e+00 2.584337336897630372e-03 2.718312407095855310e-01 5.768554218882269158e-01 -1.137815227304008303e+00 2.224339735652502981e-01 8.521416242622781301e-01 -1.026652155573694936e+00
-1.060296956681727742e-01 -2.989996191942722592e-01 7.045529506021606936e-02 -1.142056286537865839e+00 1.835429816359176736e-01 4.636779232210253010e-01 -1.320934954598876221e+00 7.363197792007026080e-03 2.625708855076435144e-01 5.459375656942376809e-01 -1.030951282488370424e+00 2.104393993916668648e-01 8.595838438015922511e-01 -9.785041744715524681e-01
-1.017915280940882850e-01 -3.057278908677105167e-01 1.001378216884414030e-01 -1.167548734756000517e+00 1.905390927220445008e-01 4.915147179283641532e-01 -1.379514965853158026e+00 7.519007730080686305e-03 2.498714746846925072e-01 5.373427910703232335e-01 -9.666918196370252181e-01 1.972446140624070643e-01 8.698462972593563602e-01 -9.444453227383479144e-01
-9.881330406708779823e-02 -3.131960333862477963e-01 1.303761813510172507e-01 -1.190904493128386310e+00 2.001741617026866760e-01 5.191579353359812021e-01 -1.463506512858563369e+00 -4.125869260011271952e-03 2.378994409604763272e-01 5.536032568132822629e-01 -9.646020306463793936e-01 1.847767840779244441e-01 8.880936392409145563e-01 -9.479875825790690103e-01
-1.031025868922523792e-01 -3.263932751618454642e-01 1.624586934548123696e-01 -1.214148964495918692e+00 2.086512458281957472e-01 5.348954254043160050e-01 -1.568876440281183227e+00 -8.588806872403983300e-03 2.261301216848726758e-01 5.825947023215848342e-01 -9.678302695497479347e-01 1.719503066092985255e-01 9.043910393582728080e-01 -9.375097918929100604e-01
-1.076046744914456454e-01 -3.367698179697454219e-01 1.950926942695886401e-01 -1.235039003930633372e+00 2.253252293235892822e-01 5.261619489930811078e-01 -1.696988790146791048e+00 -9.954616898956009791e-03 2.161052110847765106e-01 6.143616529787317981e-01 -9.663772139268352879e-01 1.591633943720836830e-01 9.187476988070046868e-01 -9.200000000000000400e-01
-1.175256862776582062e-01 -3.445279027416712214e-01 2.281859246652910567e-01 -1.251397943811643376e+00 2.468626403751884302e-01 4.555843204670250168e-01 -1.802862557211935890e+00 -1.378423027264234595e-02 2.076368596078456974e-01 6.459465676388980171e-01 -9.653627769631578648e-01 1.493603770453537372e-01 9.377592493312435495e-01 -9.200000000000000400e-01
-1.159441615656848085e-01 -3.454799240166731567e-01 2.593889910401612764e-01 -1.264420492392991591e+00 2.850625353196037937e-01 3.387758152725932059e-01 -1.861246148120222710e+00 -1.552301468334861198e-02 1.995149120934801845e-01 6.739020032262637017e-01 -9.502009630146223129e-01 1.432626142861984919e-01 9.557174939894886867e-01 -9.200000000000000400e-01
-8.956990019353024135e-02 -3.305662909901816993e-01 2.879076191035767618e-01 -1.277034972622571374e+00 3.376929594488664588e-01 2.050095840209708864e-01 -1.846547802625124302e+00 -1.496292477619360836e-02 1.909840187463900663e-01 6.974499669330839202e-01 -9.206906725330693542e-01 1.387086043541298774e-01 9.674657818254154273e-01 -9.200000000000000400e-01
-4.260839330336074759e-02 -3.007284512803589105e-01 3.124585821131772301e-01 -1.287145657655082820e+00 3.880958543089210733e-01 6.081878013448995673e-02 -1.755239417836282012e+00 -1.518407458071852414e-02 1.795068065662712153e-01 7.327560722859578490e-01 -9.200000000000000400e-01 1.372048216311904656e-01 9.768588444749807254e-01 -9.200023447764603679e-01
2.327516082737963662e-02 -2.557994052428354537e-01 3.298828234275504867e-01 -1.291499416791990429e+00 4.202824372936863062e-01 -6.205814397376217817e-02 -1.617196281428399329e+00 -1.071186037052639269e-02 1.609643033100885412e-01 7.762611834713982750e-01 -9.200000000000000400e-01 1.418519437478520107e-01 9.968555803893590639e-01 -9.451386793768205008e-01
9.405519617671344312e-02 -2.047993539241052263e-01 3.397457307606546739e-01 -1.287855438313475487e+00 4.247320247598991849e-01 -1.702067175745159422e-01 -1.441538403938352308e+00 -1.143832583580596529e-02 1.476361672904684119e-01 8.032539149988907612e-01 -9.200000000000000400e-01 1.542379585211004767e-01 1.024602567709367085e+00 -1.009119024028924061e+00
1.708337319360846707e-01 -1.471702195901243571e-01 3.394959150373653145e-01 -1.272589036840032328e+00 3.987722340988706926e-01 -2.645849927878723973e-01 -1.258204184935019621e+00 -1.177599376291660858e-02 1.264770912555485960e-01 8.344664227439860804e-01 -9.200000000000000400e-01 1.818725384503550313e-01 1.065128561426024856e+00 -1.120025486364489398e+00
2.590546623901372469e-01 -7.980887036753220309e-02 3.236871236472071978e-01 -1.239669879267241148e+00 3.604422313284403323e-01 -3.423063721153070671e-01 -1.089972102878326243e+00 -1.145235400922690883e-02 1.056444236989277086e-01 8.669429399443926432e-01 -9.200000000000000400e-01 2.253750786403254658e-01 1.108552975151011033e+00 -1.264153369612409650e+00
3.280459789555983940e-01 -2.510825095603459040e-02 3.074552361802309064e-01 -1.203401731035154354e+00 3.249104201549418147e-01 -4.132877015111209862e-01 -9.415186157170380987e-01 -1.309915548630133375e-02 8.470458860652485544e-02 8.900121972960216565e-01 -9.200000000000000400e-01 2.841509955379851737e-01 1.144386326765330253e+00 -1.424228472528084932e+00
4.142902066444975051e-01 4.175104732364275095e-02 2.696370291925869744e-01 -1.138603276675373088e+00 2.881008783419736208e-01 -4.274715596119261773e-01 -9.200000000000000400e-01 -1.182468249785678660e-02 6.097172106400059605e-02 9.146163980529020687e-01 -9.200000000000000400e-01 3.574447827036174030e-01 1.162272284031076408e+00 -1.563380433467111308e+00
4.052696615841668848e-01 4.593267858421885147e-02 3.000684015985689568e-01 -1.145172207979180623e+00 2.532732659477753279e-01 -4.275809744573434434e-01 -9.200000000000000400e-01 -1.188550023334750474e-02 2.975492008223633647e-02 9.417858273364327903e-01 -9.200000000000000400e-01 4.434104933751999433e-01 1.159388917626920534e+00 -1.668170871492942187e+00
4.364753940176033242e-01 7.755701813928522759e-02 2.964502245719003448e-01 -1.112243477398685343e+00 2.199932942526571511e-01 -4.097023958783160280e-01 -9.200000000000000400e-01 -1.081708981331986827e-02 1.041714844549338978e-02 9.734226154659102459e-01 -9.200000000000000400e-01 5.347417093940085575e-01 1.128103852817258890e+00 -1.723497459449422120e+00
4.363845256457352662e-01 8.684984965277751934e-02 3.149362211817672286e-01 -1.106514009105417529e+00 1.696092380212561868e-01 -3.827427481723476577e-01 -9.200000000000000400e-01 -1.334978423866725952e-02 -1.692602430860983345e-02 9.923819039909642648e-01 -9.200000000000000400e-01 6.232108835890942666e-01 1.073871920653761469e+00 -1.735291396001938269e+00
5.794556332735892878e-01 1.907811525249976103e-01 1.858018143721257565e-01 -9.200000246403240434e-01 1.536761845235656565e-01 -3.113592566622199187e-01 -9.200000000000000400e-01 -1.051250832043038042e-02 -5.008794816539648143e-02 1.027150884810825060e+00 -9.200000000000000400e-01 7.029041103512851940e-01 9.995418751642767274e-01 -1.688468084941748382e+00
4.053101088392407347e-01 1.017982068451508543e-01 3.599198872058640974e-01 -1.103614311109001322e+00 1.057702818884563717e-01 -2.983348264225252899e-01 -9.200000000000000400e-01 -1.186727844408403884e-02 -8.343843857598019775e-02 1.047998016533125520e+00 -9.200000000000000400e-01 7.755085730637554242e-01 9.126987301828116683e-01 -1.606415007067802492e+00
5.233137959368225900e-01 2.119176723452705080e-01 2.311712030608286117e-01 -9.200106726423606940e-01 1.169388206253616502e-01 -2.310147402903377778e-01 -9.200000000000000400e-01 -4.183551517823722032e-03 -1.029731889328506511e-01 1.071456272334432303e+00 -9.200000000000000400e-01 7.850000000000000311e-01 8.008419722457001955e-01 -1.440187138703015401e+00
5.065051104608288002e-01 2.276518634335321922e-01 2.457980797624237657e-01 -9.200000000000000400e-01 1.189894638729747101e-01 -1.987416846384237601e-01 -9.200000000000000400e-01 -1.462694102063780447e-03 -1.416893258547370360e-01 1.095604936124141560e+00 -9.200000000000000400e-01 7.850000000000000311e-01 6.632951282947168181e-01 -1.217651187482836184e+00
5.013780741684671360e-01 2.495284377383512886e-01 2.524340106531649530e-01 -9.200440114463745989e-01 1.256920272990927068e-01 -1.667380858842470726e-01 -9.200000000000000400e-01 -1.028508603318312002e-03 -1.617250364509904281e-01 1.114665370199160677e+00 -9.200000000000000400e-01 7.850000000000000311e-01 5.123069186228030869e-01 -9.668137476532773222e-01
5.102230264573981433e-01 2.807893149365727203e-01 2.474371326238418156e-01 -9.200000000000000400e-01 1.447711833521158342e-01 -1.360385420627964470e-01 -9.200000000000000400e-01 -3.603184217120052133e-03 -1.957983301326582104e-01 1.134339837495222270e+00 -9.200000000000000400e-01 7.850000000000000311e-01 4.633101096845729239e-01 -9.200000000000000400e-01
3.459153230233553700e-01 1.811600371173272273e-01 4.629575366435771944e-01 -1.200443997962912679e+00 1.106002528138398111e-01 -1.417918354509845047e-01 -9.200000000000000400e-01 -4.566906557313578884e-03 -2.123608737049260953e-01 1.158119339879553733e+00 -9.200000000000000400e-01 7.850000000000000311e-01 4.328647706055196442e-01 -9.200000000000000400e-01
3.418695199308516841e-01 1.820970337661194927e-01 4.952382469329759118e-01 -1.282156905387036527e+00 1.255347117280329050e-01 -1.042160226640213433e-01 -9.369102728819957981e-01 -9.060826599618957908e-03 -2.403466148980581141e-01 1.162655851059693157e+00 -9.200000000000000400e-01 7.850000000000000311e-01 4.001705559425335901e-01 -9.200000000000000400e-01
3.500941619334854704e-01 1.659841948992623883e-01 5.214717344338269944e-01 -1.384308156648426991e+00 1.501198057285148546e-01 -3.749868404440526160e-02 -1.016586400405804502e+00 -1.425922668277850545e-02 -2.689710362514307618e-01 1.178668066725034658e+00 -9.200000000000000400e-01 7.850000000000000311e-01 3.982448488380720963e-01 -9.200000000000000400e-01
3.651216654678691165e-01 1.241607989939882972e-01 5.437934727411781743e-01 -1.508639691995487198e+00 1.772554201473416635e-01 2.674773671380789239e-02 -1.087350885582606175e+00 -1.531548788794814646e-02 -3.067254588648843927e-01 1.159965262889594895e+00 -9.200000000000000400e-01 7.850000000000000311e-01 3.995701815284209424e-01 -9.200000000000000400e-01
3.974926584466949020e-01 8.453014938753919405e-02 5.411220089596998628e-01 -1.622373148441062396e+00 2.132022577540842179e-01 9.203058535895897174e-02 -1.152399145405554659e+00 -1.375139159169598557e-02 -3.312399040099385794e-01 1.200299542468156400e+00 -9.200000000000000400e-01 7.850000000000000311e-01 4.148022015618195169e-01 -9.200000000000000400e-01
3.844514022977156831e-01 5.397983130301665933e-02 5.195668194038554066e-01 -1.701797641915379744e+00 2.259115479198045284e-01 1.394503971865904135e-01 -1.190587327493678682e+00 -1.483094083807204484e-02 -3.555348792502817101e-01 1.209322936177890329e+00 -9.200000000000000400e-01 7.850000000000000311e-01 4.263466155677066993e-01 -9.200000000000000400e-01
3.721599358344550579e-01 1.775608169960830179e-02 4.720051151803276168e-01 -1.748195733572641464e+00 2.380781215074461721e-01 1.868274095751930042e-01 -1.222223788305145442e+00 -1.434031293231976742e-02 -3.734053649177477840e-01 1.218645010565067910e+00 -9.200000000000000400e-01 7.850000000000000311e-01 4.402312070706090874e-01 -9.200000000000000400e-01
3.421501575665992778e-01 -3.835537005841124780e-02 4.123659835073077429e-01 -1.764068447916858684e+00 2.412748606818997943e-01 2.288164199467398741e-01 -1.244844591226077712e+00 -1.570393665016959692e-02 -3.929788109666478291e-01 1.231049380883572519e+00 -9.200000000000000400e-01 7.850000000000000311e-01 4.532731751021873423e-01 -9.200000000000000400e-01
2.854252714395111856e-01 -1.134377051416394500e-01 3.565906566327895488e-01 -1.763680515778085045e+00 2.286860046622870568e-01 2.633301869393476213e-01 -1.259263335187450039e+00 -1.775018103434481548e-02 -4.097814377349692783e-01 1.224005220226848767e+00 -9.200000000000000400e-01 7.850000000000000311e-01 4.634029710776044197e-01 -9.200000000000000400e-01
2.361810931404622615e-01 -1.733639271253495928e-01 2.919069630353765543e-01 -1.733120155269351148e+00 2.207556351269848449e-01 2.968394066501425788e-01 -1.270481879469389730e+00 -2.126014480222906608e-02 -4.182211829035775152e-01 1.222711601276174731e+00 -9.200000000000000400e-01 7.850000000000000311e-01 4.787313950615305069e-01 -9.200000000000000400e-01
1.778742933291207196e-01 -2.310094797168202041e-01 2.257229069118775189e-01 -1.686726288639289750e+00 2.075757224251707500e-01 3.260454652376934548e-01 -1.276551406869074867e+00 -2.335580096470123504e-02 -4.169774855088932419e-01 1.227427730355255653e+00 -9.200000000000000400e-01 7.838470226632128224e-01 4.925750218875433739e-01 -9.200000000000000400e-01
1.350695281850251284e-01 -2.669304388943801731e-01 1.592326584012251356e-01 -1.621269664616063366e+00 2.046700634792617268e-01 3.570644018294104605e-01 -1.282250658321354431e+00 -2.550200089331453035e-02 -4.074178948987123294e-01 1.211632271688691809e+00 -9.200000000000000400e-01 7.539350361771366416e-01 5.009391528488493783e-01 -9.200000000000000400e-01
8.215918523184530253e-02 -2.962884342600382026e-01 1.104035787538118901e-01 -1.544365700045297274e+00 1.938138547417886381e-01 3.822568290946475877e-01 -1.283731108358142636e+00 -2.335983367826727219e-02 -3.784150401674772901e-01 1.209805975673882372e+00 -9.200000000000000400e-01 7.277943011314134125e-01 5.147328384799556567e-01 -9.200000000000000400e-01
3.004883605363263890e-02 -3.155523796497456956e-01 7.071691264242162267e-02 -1.457690879261709815e+00 1.815515896389453265e-01 4.044911119631650620e-01 -1.284783074279051807e+00 -2.597699308339749755e-02 -3.354974716544957825e-01 1.203312638609213225e+00 -9.200000000000000400e-01 7.003703792543066742e-01 5.220936178033408481e-01 -9.200000000000000400e-01
-1.844651117270573737e-02 -3.295830104749628564e-01 3.351104082406772267e-02 -1.375558626443626808e+00 1.688086384317230293e-01 4.247532393452929100e-01 -1.286935371456198629e+00 -2.478691413581607383e-02 -2.683515385289150790e-01 1.213657283182382418e+00 -9.200000000000000400e-01 6.690046814261163544e-01 5.343181421677102305e-01 -9.200000000000000400e-01
-5.676822350902878400e-02 -3.371328472549663391e-01 2.872980726973945690e-03 -1.302035582313940010e+00 1.610866684541802651e-01 4.463441312178189624e-01 -1.293865153236891885e+00 -2.296369962145428448e-02 -1.966849273586679381e-01 1.197704498941125406e+00 -9.200000000000000400e-01 6.422054425897743002e-01 5.463882137631448366e-01 -9.200000000000000400e-01
-8.998534183988847468e-02 -3.448285416920319202e-01 -1.511725629146911005e-02 -1.256253157903501450e+00 1.553014502042214251e-01 4.679915554720881499e-01 -1.307283298426828999e+00 -2.353347071926937054e-02 -1.210089861343730810e-01 1.175587331441147132e+00 -9.200000000000000400e-01 6.157421571540150351e-01 5.592764230361207956e-01 -9.200000000000000400e-01
-1.126070376434404885e-01 -3.501267687417922159e-01 -1.864330628700509168e-02 -1.232616447920570568e+00 1.573697441926300289e-01 4.958361771374458771e-01 -1.328866253807978737e+00 -2.752719024202428949e-02 -4.006986950519998703e-02 1.162996970134500874e+00 -9.200000000000000400e-01 5.915575780497366321e-01 5.681153965508495274e-01 -9.200000000000000400e-01
-1.213858346748223904e-01 -3.485185295882702872e-01 -2.885891847979881429e-03 -1.210680674837196547e+00 1.663751562916896687e-01 5.294394877882754313e-01 -1.358244762759138968e+00 -1.712056526766304182e-02 4.230294563074158548e-02 1.140337400293877979e+00 -9.200000000000000400e-01 5.648150914946389323e-01 5.904675427166239388e-01 -9.200000000000000400e-01
-1.212697755476327965e-01 -3.431177259873772201e-01 3.083741468148850501e-02 -1.191643931850070892e+00 1.665431946813342723e-01 5.615824855308723107e-01 -1.394444568458171219e+00 -1.068631251696392295e-02 1.222389490800599859e-01 1.111562199474144252e+00 -9.200000000000000400e-01 5.401006909897830832e-01 6.188303895501220397e-01 -9.414854090097654060e-01
-1.183383356870440634e-01 -3.377574529355017452e-01 6.852922241791507829e-02 -1.176777064639153547e+00 1.693208648442227071e-01 5.925837327413848721e-01 -1.427665298884523759e+00 -9.631726766380712540e-03 2.209553320531604803e-01 1.094873419362806022e+00 -9.200000000000000400e-01 5.180248324381027114e-01 6.506488820449544130e-01 -9.795587918374651926e-01
-1.139002065474065822e-01 -3.343309688348803932e-01 1.000746709530531131e-01 -1.175582050677340229e+00 1.729444942206276592e-01 6.121165628898541655e-01 -1.442000585086175901e+00 -7.963422319981238937e-03 2.881444462020538722e-01 1.056912565679482219e+00 -9.200000000000000400e-01 4.943468962334227612e-01 6.842074095541489376e-01 -1.020660109196511955e+00
-1.109684673426450247e-01 -3.328653070184891538e-01 1.298951955157617300e-01 -1.181850046516005337e+00 1.755723118871666266e-01 6.262875902346786150e-01 -1.453663651411965851e+00 -4.231262792233798919e-03 3.641010957762000899e-01 1.003289880971649062e+00 -9.200000000000000400e-01 4.669629351031175379e-01 7.183150155867055187e-01 -1.060015389355466464e+00
-1.007986686073767263e-01 -3.292405800651184711e-01 1.624307539378040677e-01 -1.201536100577151878e+00 1.632054458881765369e-01 6.385080456278966476e-01 -1.473078924801470402e+00 -6.692413419543362212e-03 3.953041694887624025e-01 9.683895367334786064e-01 -9.200000000000000400e-01 4.382544207668929159e-01 7.547821554936249289e-01 -1.114359868156100442e+00
-8.675770157293244411e-02 -3.248024141364880268e-01 1.993968743008295019e-01 -1.235153399127405516e+00 1.529899859340716761e-01 6.489552293226048540e-01 -1.504281942138550932e+00 -7.889282784279099195e-03 4.018561464957374763e-01 9.216108543423406907e-01 -9.200000000000000400e-01 4.061708801381084810e-01 7.899983014965429318e-01 -1.158572425486286805e+00
-7.015097469530363894e-02 -3.194851105349588716e-01 2.390297378360932978e-01 -1.278210319286750885e+00 1.440478992620632392e-01 6.408990134515707426e-01 -1.538376088967632338e+00 -9.712981800470543020e-03 3.969384117879927731e-01 8.776130884278510180e-01 -9.200000000000000400e-01 3.717881456111568617e-01 8.238430891480802432e-01 -1.194075758980197577e+00
-4.360807251065785400e-02 -3.076162385577319580e-01 2.759660668337417522e-01 -1.323382884314978636e+00 1.396302965400285090e-01 5.970879406582231264e-01 -1.571430755942838431e+00 -9.128074216171882388e-03 3.779072739856438323e-01 8.318769812609411174e-01 -9.200000000000000400e-01 3.365503952460559556e-01 8.562845365438036538e-01 -1.213749954504735218e+00
-1.782018395101760480e-02 -2.941362470505768378e-01 3.082631500244685241e-01 -1.360309601031469029e+00 1.246951787058824812e-01 5.468342638400208733e-01 -1.591995522681141972e+00 -9.727222439277710339e-03 3.655248561336817414e-01 8.183773520729599182e-01 -9.200000000000000400e-01 3.031207765256822562e-01 8.855927170314356056e-01 -1.222094450291705492e+00
2.133525255017166070e-02 -2.693615710430142252e-01 3.344852180800748642e-01 -1.387511070427157378e+00 1.084325633578484827e-01 4.909116384938147504e-01 -1.601036113245268844e+00 -1.089744035664617222e-02 3.514467123454778630e-01 7.922052522546048081e-01 -9.200000000000000400e-01 2.723652551588026660e-01 9.114391631163604179e-01 -1.218944774824201271e+00
6.497809886930258627e-02 -2.386193872065184851e-01 3.558617884787732555e-01 -1.404185755443001948e+00 9.397457232882720779e-02 4.307307264103532041e-01 -1.597202826678475684e+00 -1.366307908007999283e-02 3.236861737015765406e-01 7.869362527636368787e-01 -9.200000000000000400e-01 2.434708468341756638e-01 9.336475953948702999e-01 -1.208907682165618835e+00
1.172363922914244211e-01 -1.988391051141033261e-01 3.692227627164857418e-01 -1.407134524854689372e+00 8.679642780934647417e-02 3.587519786373095099e-01 -1.568271597967600073e+00 -1.482938520062977716e-02 3.064891561628877992e-01 7.798645362185320229e-01 -9.200000000000000400e-01 2.172681624856472871e-01 9.519994631949560970e-01 -1.185318131633859240e+00
1.763618585686642926e-01 -1.516304886825831644e-01 3.730342427722331267e-01 -1.395497333927371519e+00 8.016707917957882623e-02 2.829996729113157805e-01 -1.513503278149979314e+00 -1.563772206528621367e-02 2.871211360208149599e-01 7.787607176029986977e-01 -9.200000000000000400e-01 1.937191910990596067e-01 9.663325704672893757e-01 -1.153640971119554992e+00
2.353300321079344060e-01 -1.029149630177478708e-01 3.694167997896068423e-01 -1.372122819585057663e+00 7.325815630875208428e-02 2.092632026783728116e-01 -1.442986096329596402e+00 -5.115824724214667989e-03 2.702973541724624784e-01 7.926610290301030481e-01 -9.200000000000000400e-01 1.717745983759201289e-01 9.730126593959631531e-01 -1.089359061114981930e+00
2.886263581454747151e-01 -5.796794584325082322e-02 3.603736242341200047e-01 -1.341653652792644813e+00 7.180358724231879208e-02 1.323177367240859215e-01 -1.364873679897403713e+00 -6.310566227562009259e-03 2.384078413747280079e-01 7.947837917279295672e-01 -9.200000000000000400e-01 1.529725867234547898e-01 9.818459539127534219e-01 -1.051963382794882884e+00
3.370697177951174628e-01 -1.681839771157979391e-02 3.481258974918140514e-01 -1.309381741492222861e+00 7.253411385333111139e-02 6.046323686164422478e-02 -1.290286131808953796e+00 -1.172466459766518740e-02 2.216955404930066875e-01 7.936480823482950919e-01 -9.200000000000000400e-01 1.376093069773013655e-01 9.923877143761404840e-01 -1.027925879275625842e+00
3.788584039168248485e-01 1.952635270626990049e-02 3.372940635366443174e-01 -1.280960427918993894e+00 6.787078482676464630e-02 9.869555358277297061e-04 -1.228869533756796972e+00 -3.623815826371418625e-03 2.003733576514263315e-01 8.063113801387096213e-01 -9.200000000000000400e-01 1.273320219338091308e-01 9.996038590538607327e-01 -9.787376225009050135e-01
4.125505519481992289e-01 5.020938560247602267e-02 3.293006686055092169e-01 -1.255814240281220906e+00 5.533323657792794947e-02 -4.168967300059341768e-02 -1.182708147098543661e+00 -2.216187142794848967e-03 1.821877748402961072e-01 8.113802046409046564e-01 -9.200000000000000400e-01 1.221044406031769891e-01 1.002957614602582259e+00 -9.372884228933030526e-01
4.303194136192505792e-01 6.950924195213571688e-02 3.310889692654505057e-01 -1.242295502661836970e+00 4.005020430935272990e-02 -6.615013743940664770e-02 -1.149081550222485593e+00 -1.210586147425168554e-02 1.657987773998917114e-01 8.118739680827355976e-01 -9.200000000000000400e-01 1.305915265121015967e-01 1.030855417621300063e+00 -9.927342536728344102e-01
4.285433976128799061e-01 9.146496496156802936e-02 3.339547019703502095e-01 -1.229740531831003736e+00 3.461765295504586060e-02 -7.629636642925376189e-02 -1.129615671222613749e+00 -2.390228024818254974e-03 1.442348290377333531e-01 8.302487264058371341e-01 -9.200000000000000400e-01 1.508083563970558649e-01 1.041922172048116879e+00 -1.004158991789641853e+00
4.034722111693737068e-01 1.165480022005114108e-01 3.399856999304101124e-01 -1.220509648580438533e+00 3.595710523093730016e-02 -8.059933030525875952e-02 -1.108723599476991950e+00 -9.706905398090314233e-03 1.290880537674530260e-01 8.355258861323826558e-01 -9.202341171795310748e-01 1.923339047440494332e-01 1.092933872173950993e+00 -1.118418767173503969e+00
3.656597152256111927e-01 1.350236528605629205e-01 3.598975635707018506e-01 -1.236894174960518011e+00 3.891721647090364000e-02 -6.976360950430122998e-02 -1.106907951457286376e+00 -8.034828189335574064e-03 1.125793248897104942e-01 8.628316314049762070e-01 -9.513889098011218959e-01 2.598818787373941008e-01 1.163558104657125947e+00 -1.265316556420396754e+00
3.226448355833150816e-01 1.505894950600683291e-01 3.835121163778510422e-01 -1.265223355062595090e+00 4.420723973906458965e-02 -4.270103212207371907e-02 -1.117207595950729493e+00 -5.048462968857174264e-03 9.675362734550134458e-02 8.925141005286842955e-01 -9.836294080469851764e-01 3.438932004892621963e-01 1.213304106535782356e+00 -1.392407156832725423e+00
2.710392968491293075e-01 1.611980841382939789e-01 4.173559230652205687e-01 -1.302313082030746694e+00 5.221321075140836904e-02 -1.630407780483727684e-02 -1.134155521535669786e+00 1.200133236243416078e-02 8.029297517430768194e-02 9.137176556580842712e-01 -9.776656012995136313e-01 4.311727545824407537e-01 1.232822916851148864e+00 -1.486520896419943227e+00
2.363818487488053843e-01 1.844687337833297025e-01 4.382694049476676401e-01 -1.322608879508456070e+00 7.001328205301034224e-02 2.104780233727421637e-02 -1.188889421220497677e+00 3.684061541813292667e-04 6.481339516406051104e-02 9.458120731658882230e-01 -1.037998219047269854e+00 5.203970619099274053e-01 1.231338335968962250e+00 -1.608283355451983088e+00
1.741887027067449412e-01 1.795174620576052704e-01 4.969559939547626426e-01 -1.381793086274155646e+00 7.436058735787662299e-02 4.575882065598617376e-02 -1.228098187105526540e+00 1.258704946915933931e-02 5.080841581107193444e-02 9.614883404147718249e-01 -1.026241771401529057e+00 5.988294764705192064e-01 1.194283019844514682e+00 -1.662966633584267884e+00
1.471101705950500216e-01 1.782706679921907122e-01 5.401356023028353048e-01 -1.431081278440642146e+00 9.139124228904804692e-02 8.542695620736280582e-02 -1.272417973336095853e+00 4.057746011294116779e-03 3.928505126783732315e-02 9.845393532246443646e-01 -1.057522392833171843e+00 6.760597676641003639e-01 1.125806970585203404e+00 -1.716537974370359043e+00
1.518297068793287852e-01 1.657561951424293967e-01 5.809097691028294319e-01 -1.485988075462566727e+00 1.200253844771453637e-01 1.364765146060104850e-01 -1.320441324063360566e+00 9.369536959354661174e-03 2.991681331441012684e-02 9.944832884589680511e-01 -1.036368894339258606e+00 7.304951282913598742e-01 1.022017240496446933e+00 -1.696804321778065727e+00
1.745869070836184311e-01 1.404785344146431414e-01 6.197836604896650448e-01 -1.550660915736211676e+00 1.526830559087092309e-01 1.898854212161963928e-01 -1.360589856273928699e+00 2.481087584686022130e-03 2.067677432884489075e-02 1.003938770122795754e+00 -1.029608793600609973e+00 7.713655742839483631e-01 8.917053043848094385e-01 -1.655311309061035407e+00
2.120714206794974688e-01 1.066687884668472280e-01 6.560372238477322204e-01 -1.628210613568206400e+00 1.916996173166096162e-01 2.457583889822181344e-01 -1.395254477599224385e+00 7.312665971769360604e-03 9.178300216003508830e-03 1.005491872642477302e+00 -9.902515718530661148e-01 7.850000000000000311e-01 7.495158942701023452e-01 -1.566364038631222977e+00
2.501035996186645183e-01 5.755571028259454103e-02 6.936358123967103495e-01 -1.722238497566449977e+00 2.303926024113049642e-01 2.976439277422904262e-01 -1.417610451917433734e+00 5.667147128671706953e-03 -5.253403524769746126e-03 1.007256345061914526e+00 -9.649237616930491646e-01 7.850000000000000311e-01 6.067114319449559146e-01 -1.481933483931034967e+00
2.677498605823498967e-01 -1.419006748445644436e-02 7.347468376363017750e-01 -1.812076221534134834e+00 2.580743306783812585e-01 3.417924601688975828e-01 -1.431322277027410328e+00 -2.283025294608976696e-03 -2.107053571427784655e-02 1.013651703973920792e+00 -9.619737687688815209e-01 7.731076453066009213e-01 4.483230370047857627e-01 -1.403746999210225610e+00
2.615865174625399137e-01 -4.115050270766278107e-02 7.272577414215797287e-01 -1.856913591253793738e+00 2.718616972446701863e-01 3.802164865577891684e-01 -1.440463426215043974e+00 1.863715590091390194e-03 -3.907232864393566513e-02 1.015953929073006412e+00 -9.350661047444032148e-01 7.372602020092380304e-01 3.722631897615679697e-01 -1.358703073416418494e+00
2.384981066592259391e-01 -8.518815178332944660e-02 6.819645381245775795e-01 -1.887348835739043329e+00 2.726817586825007744e-01 4.146464414953305866e-01 -1.445623602190258872e+00 1.415180537409614029e-03 -5.754339986674208984e-02 1.020172008151233101e+00 -9.200812876969466370e-01 6.851699794543081312e-01 3.207539110263464277e-01 -1.307894731955027146e+00
2.058944719242309374e-01 -1.415950149252494794e-01 6.118698705876572941e-01 -1.899180626266618210e+00 2.669046211361117971e-01 4.490745646610262987e-01 -1.454443053122147056e+00 -1.657464999908902841e-03 -7.606520893516162396e-02 1.029843054597213037e+00 -9.201511793155939811e-01 6.234254513503648676e-01 2.932713917312965712e-01 -1.250992431152788242e+00
1.670019522686473634e-01 -2.003158388748527974e-01 5.258989707645234102e-01 -1.886787018568579333e+00 2.564269155271426404e-01 4.841856639308417254e-01 -1.467181112321022329e+00 -1.257999980850358929e-03 -9.454735713181959544e-02 1.041482064986596567e+00 -9.200010020519556742e-01 5.728337314066027641e-01 2.952880685070344846e-01 -1.201570810365992337e+00
1.190243404790287812e-01 -2.590600394321705968e-01 4.333032934545535952e-01 -1.850547064633969008e+00 2.380752995277475026e-01 5.180523679544482007e-01 -1.480709941132480889e+00 -5.071875164559217809e-03 -1.131036733837932073e-01 1.057673187291331862e+00 -9.362961944094998490e-01 5.401046849291107899e-01 3.201987507096519803e-01 -1.208637734120633356e+00
7.271434257722773908e-02 -3.062188166690620883e-01 3.391898032292092191e-01 -1.797677795196582551e+00 2.194831844893580519e-01 5.517534343888957915e-01 -1.491653161097129310e+00 -5.254309484410889415e-03 -1.301436610492244239e-01 1.071650966644716929e+00 -9.461662249590513385e-01 5.162232928181459402e-01 3.615319678542243675e-01 -1.248232692271160849e+00
2.013175783903660421e-02 -3.484665488607614492e-01 2.504545987987845113e-01 -1.735872800777702896e+00 1.931913455762104825e-01 5.820005009753892455e-01 -1.497224098634780454e+00 -6.274755855217526920e-03 -1.437293783013175452e-01 1.088450890417769878e+00 -9.697782933326037913e-01 5.003360576520130554e-01 4.069316997608733444e-01 -1.284912525869206013e+00
-2.920614141971455968e-02 -3.776936867549140486e-01 1.680884532197436942e-01 -1.662385702920144315e+00 1.665088546757021726e-01 6.105367599236016796e-01 -1.498678078915476330e+00 -1.033843999273324765e-02 -1.420807006060542665e-01 1.108378649264508908e+00 -1.000468068832945479e+00 4.918030755179733093e-01 4.534899666735971446e-01 -1.321247875196741584e+00
-7.590072306670839208e-02 -3.977145203379936489e-01 8.765270464948204943e-02 -1.582814125764624658e+00 1.376217905248258155e-01 6.383502854439722096e-01 -1.498329694506964849e+00 -4.583735809658864499e-03 -1.349414512261624677e-01 1.116373163840334470e+00 -9.986271274441584911e-01 4.800292640032928215e-01 5.012907860563436957e-01 -1.332860456877813515e+00
-1.188228631091952370e-01 -4.071352685330587584e-01 1.452672988674163362e-02 -1.493682212430480272e+00 1.085208860577939055e-01 6.654046744744571695e-01 -1.495403343810436603e+00 -6.727933161288132116e-04 -1.287377922227695148e-01 1.137249143218218350e+00 -1.041035074150811424e+00 4.687558496816957576e-01 5.456119592189901946e-01 -1.345692312678876901e+00
-1.551040223711597776e-01 -4.080716304024077368e-01 -4.855298945335779354e-02 -1.402957585683640263e+00 8.206594010549567164e-02 6.921950286426483689e-01 -1.490419504707743981e+00 2.952472447167335317e-04 -1.228438505197004121e-01 1.162141095815545366e+00 -1.112392381731925450e+00 4.600605239131125290e-01 5.868356719295230173e-01 -1.361856281281250469e+00
-1.827540471518557252e-01 -4.037112158439503107e-01 -1.038095409924993801e-01 -1.316612009604489986e+00 5.811181544985247888e-02 7.188657296612235292e-01 -1.483122136099606969e+00 -9.225346704060202220e-04 -1.160974270057907459e-01 1.185387898892503511e+00 -1.209178997918594956e+00 4.557024567701145612e-01 6.251099605891877742e-01 -1.377314335998503836e+00
-1.977497454379568698e-01 -3.966112685251188541e-01 -1.323945489144840171e-01 -1.252497814479055727e+00 4.278763583321390507e-02 7.480474592065480266e-01 -1.475702430461147019e+00 -5.844475293432197828e-03 -1.076234196509516239e-01 1.201374632491392536e+00 -1.336782737838016821e+00 4.542999523839754139e-01 6.605537400877152798e-01 -1.395140954696791002e+00
-2.028450438522951538e-01 -3.928935565361234561e-01 -1.408347091996534906e-01 -1.225323777998211128e+00 3.429559452220147520e-02 7.784278667794758411e-01 -1.469617115951313613e+00 -8.029010587224259723e-04 -1.013888164089782468e-01 1.201448257255090857e+00 -1.449667360220642243e+00 4.504284375544277963e-01 6.940325206645547862e-01 -1.385207265443562319e+00
-1.985644315623888712e-01 -3.882480519167975097e-01 -1.282027668132363629e-01 -1.215711631124665182e+00 3.519049425409512266e-02 8.130222917179873443e-01 -1.467823809249365619e+00 7.745586495021053171e-05 -8.045771131551621158e-02 1.186029893123848211e+00 -1.547274028350306807e+00 4.485353218006374321e-01 7.261531758817627580e-01 -1.380247155396473691e+00
-1.877645444312164014e-01 -3.815293450558295274e-01 -9.441670027042392555e-02 -1.214308019044934683e+00 4.536480035753790580e-02 8.524585823813340957e-01 -1.472403119427671436e+00 -7.945767063645449435e-03 -5.530724428546121563e-02 1.153145652875704252e+00 -1.641887586685626621e+00 4.475798010021002082e-01 7.582971808136779179e-01 -1.391786515750416342e+00
-1.836199794032188082e-01 -3.801386509038646722e-01 -4.892039567312102960e-02 -1.231036083264769987e+00 5.002769584250385537e-02 8.878295018768975755e-01 -1.476115016134039726e+00 -2.763190991125234839e-03 -3.550405500631476780e-02 1.101067102226388927e+00 -1.696252965896772658e+00 4.392431811540237763e-01 7.890193825007699724e-01 -1.369277851164819593e+00
-1.771628806127007461e-01 -3.826773716476108977e-01 -2.505035155803762327e-03 -1.271678930892069515e+00 5.886727596078964592e-02 9.252327842771533861e-01 -1.485593734423940271e+00 3.329557308370476639e-03 -2.356924841283320610e-02 1.035403818091851003e+00 -1.730799304558807705e+00 4.287974698431394338e-01 8.184234395797755912e-01 -1.340504565699425887e+00
-1.667621993636511368e-01 -3.832892101961919984e-01 4.363794461181760148e-02 -1.310927914574060882e+00 7.227219021682677880e-02 9.623606591638291796e-01 -1.501349047305905460e+00 8.852250451577273931e-04 -1.894906006180602231e-02 9.547864708241549092e-01 -1.758427272402705244e+00 4.199079811659149342e-01 8.471462446984054928e-01 -1.326726915060519429e+00
-1.606753321774762044e-01 -3.855029617475638215e-01 9.000665177388064708e-02 -1.348511896136815436e+00 8.238480735712301606e-02 9.900989872986513118e-01 -1.522857319538799992e+00 4.149272692746409572e-03 -3.166360761508211358e-02 8.536529302446189682e-01 -1.760200080007859658e+00 4.093046137448185240e-01 8.729136038230829175e-01 -1.297672456015158904e+00
-1.587232033601266024e-01 -3.888138388937855128e-01 1.356078656389496373e-01 -1.379632087299910603e+00 8.656482824744772542e-02 1.005382465054032171e+00 -1.551320504154417357e+00 4.274783178274847023e-03 -5.230823173140466270e-02 7.585303697342513640e-01 -1.766368850887946040e+00 3.981669668883304758e-01 8.961829028131413910e-01 -1.270855741712800135e+00
-1.587958761812825470e-01 -3.922916774306852150e-01 1.802080165900418196e-01 -1.403293570188469896e+00 9.082587883157791642e-02 1.012366188675813961e+00 -1.595439966191277259e+00 6.306497127170079689e-04 -8.818021509585993734e-02 6.552875651610421404e-01 -1.772566071268729448e+00 3.805467947837507525e-01 9.180068822082925184e-01 -1.251474580753564547e+00
-1.621186478825060173e-01 -3.974214380139950986e-01 2.232315581319062603e-01 -1.422298498201796324e+00 9.531853998562569985e-02 1.005551286905060682e+00 -1.664032926061119078e+00 -7.601593051086294938e-04 -1.398986571333387108e-01 5.532186949290417433e-01 -1.770818096807911024e+00 3.503739303000326655e-01 9.377330325937354161e-01 -1.225851634022387726e+00
-1.751140841298547413e-01 -4.085377298175162375e-01 2.639827338318779804e-01 -1.436579880449449176e+00 9.227027999493564447e-02 9.719276899235511635e-01 -1.748591847231343088e+00 -7.735024269832625927e-03 -2.077150176170198259e-01 4.567210320659502720e-01 -1.770699112923691976e+00 3.228597642726953598e-01 9.560194904511345459e-01 -1.202694825343245455e+00
-1.723941751951301449e-01 -4.101355899000184713e-01 3.020374742539066459e-01 -1.448904343273591744e+00 1.178767714181400833e-01 9.074432054289529592e-01 -1.835594958365391660e+00 -9.749033861692381342e-03 -2.830765795739333957e-01 3.777522172540688228e-01 -1.740720008674845554e+00 2.975983641649603828e-01 9.691718702746858760e-01 -1.157144691735819686e+00
-1.611882143322878880e-01 -4.060657322528488655e-01 3.389931068727395358e-01 -1.461140252300559883e+00 1.576506405303407798e-01 8.117575967624921507e-01 -1.904018564550455705e+00 -6.237854127230706147e-03 -3.542292800283293186e-01 3.195093728777000930e-01 -1.686534421057893418e+00 2.766441934300802319e-01 9.757901208484387467e-01 -1.089035262307237906e+00
-1.351394885921178568e-01 -3.913149401710186437e-01 3.751511579772833227e-01 -1.475281717997115605e+00 2.150908249946715534e-01 6.833489074830708665e-01 -1.939087379561239111e+00 -3.490016618845556261e-03 -4.206076013322252449e-01 2.758932167042505990e-01 -1.624623235587017378e+00 2.605887853654241804e-01 9.781010498632584094e-01 -1.014920363788851532e+00
-1.031178153836226630e-01 -3.558356032065917440e-01 4.138505437013360044e-01 -1.492755975703315974e+00 2.681872330870612720e-01 5.412622730205773891e-01 -1.916898962255483063e+00 -6.744321819395305249e-03 -4.801903774026376470e-01 2.438881609790885530e-01 -1.567551968680304997e+00 2.499419417480367445e-01 9.792668962715449510e-01 -9.514739652958852378e-01
-8.543170026149454754e-02 -2.743524342595023979e-01 4.436076469161388536e-01 -1.505365904744991434e+00 2.976805126173549532e-01 3.731571729571231399e-01 -1.835559986600801663e+00 -9.665262608697227156e-03 -6.031850392277059436e-01 2.288121789563796749e-01 -1.460899322382849030e+00 2.335045691960561387e-01 1.003780146956990915e+00 -9.200000000000000400e-01
-4.289582044111298759e-02 -2.247857533679651354e-01 4.743143261936308419e-01 -1.511933543188169082e+00 3.354688439469216132e-01 2.275332782573065704e-01 -1.728278921214613018e+00 -1.036695548400283669e-02 -6.279051285976815500e-01 2.335133480296266162e-01 -1.387799432087901907e+00 2.430118047255491742e-01 1.037862234332672440e+00 -9.200000000000000400e-01
1.005813852619379459e-02 -1.629311379744994293e-01 4.985267214673017033e-01 -1.509641383494871425e+00 3.622566723792258747e-01 9.501583625388335119e-02 -1.589264451692580904e+00 -1.102607256175539875e-02 -6.507087967300656528e-01 2.417946955678485499e-01 -1.316684366003230133e+00 2.481416407533447166e-01 1.067632271110364961e+00 -9.200000000000000400e-01
5.856930474566190981e-02 -1.006133499664379899e-01 5.179731201040964628e-01 -1.499050428881663954e+00 3.660222057235897331e-01 -2.748158632555959546e-02 -1.406939741221222784e+00 -1.347160278037374918e-02 -6.739806768925927782e-01 2.548435126432843090e-01 -1.259130616395498947e+00 2.556443575161706505e-01 1.097255203987951733e+00 -9.200000000000000400e-01
9.821864791806664274e-02 -4.293635395771627089e-02 5.363358804299755977e-01 -1.486717649607294023e+00 3.623088431574090773e-01 -1.343432831236441860e-01 -1.239418998743949896e+00 -1.020240401196632549e-02 -6.924022264142803973e-01 2.780350879542751175e-01 -1.206701458990271369e+00 2.751196233087944698e-01 1.127085918638889295e+00 -9.200000000000000400e-01
1.231861782719119031e-01 3.974894107770719082e-03 5.607106235282801610e-01 -1.480822373744774989e+00 3.561965079418880631e-01 -2.208535621465091414e-01 -1.106186017444971137e+00 -1.016498384868781343e-02 -7.114294340107107928e-01 3.090634898993668278e-01 -1.177618877070030656e+00 2.820236799081040080e-01 1.147448894049335477e+00 -9.200000000000000400e-01
1.357815501509883893e-01 4.180373085873993061e-02 5.903948423336538021e-01 -1.479719203979463549e+00 3.469402206950890633e-01 -2.545860599304287097e-01 -1.015303007732914375e+00 -1.068462336992130959e-02 -7.289639023199082635e-01 3.473312363446944273e-01 -1.164763981553923022e+00 2.892542231273676490e-01 1.166811714149555090e+00 -9.200000000000000400e-01
2.302115767121498957e-01 1.536834968609671233e-02 6.616514845729685179e-01 -1.519049133457444745e+00 3.709386960642096498e-01 -1.980999691862146694e-01 -1.051619778282780082e+00 -1.057354984835888294e-02 -6.369286231517345964e-01 4.102165178779939581e-01 -1.316972620558006346e+00 2.851663886067530851e-01 1.169938772560695561e+00 -9.200000000000000400e-01
2.220504963316717317e-01 1.086119084254894528e-02 7.153010418365822742e-01 -1.535072501874062301e+00 3.747345960052054226e-01 -1.599642038097384145e-01 -1.097275344125415053e+00 9.572414070273239928e-03 -6.262126288200129398e-01 4.603617720660277413e-01 -1.296414658003928855e+00 2.767854105711530233e-01 1.198749980980369889e+00 -9.501227911319243269e-01
2.106147782067080143e-01 2.267961325825027853e-04 7.675597404602053642e-01 -1.549451959918834110e+00 3.804289792096544054e-01 -1.140687354149641092e-01 -1.161371609500197355e+00 -4.351529112356320242e-03 -6.315569127950872996e-01 5.037625801132468162e-01 -1.349448752675794339e+00 2.692709677623481013e-01 1.273818883358562415e+00 -1.144264382421685156e+00
1.996340000055155384e-01 -1.194830327087408051e-02 8.142443080766035290e-01 -1.559787911360568380e+00 3.827710611976445909e-01 -6.888374868797410289e-02 -1.206870523668922557e+00 -1.436172665201015681e-03 -6.240266844149126024e-01 5.454279357637057402e-01 -1.360474096917180020e+00 2.513519695336300375e-01 1.324422203706719259e+00 -1.299600639618051723e+00
1.888919122175518883e-01 -2.238251737117871731e-02 8.545504648324385721e-01 -1.566056234334337161e+00 3.835968330226956491e-01 -2.595363343185621771e-02 -1.244357816968106878e+00 7.308479673720959767e-03 -6.136245531710285972e-01 5.852867820258821352e-01 -1.353884243539362320e+00 2.236442386215228284e-01 1.351739497152912195e+00 -1.429821456338556507e+00
1.774495813050711301e-01 -3.708046618687198259e-02 8.886580340416435631e-01 -1.575051104983317352e+00 3.832186057999474316e-01 1.215540958586658685e-02 -1.277070898846039970e+00 6.803120943914922093e-03 -6.069466978287640924e-01 6.223093748011658821e-01 -1.364874710001118929e+00 1.888429871205281885e-01 1.345348737756049129e+00 -1.533919099800005181e+00
1.680743482499863217e-01 -5.813718085677461317e-02 9.143415986618084190e-01 -1.591395365335248613e+00 3.826705448241850549e-01 5.212206152408856152e-02 -1.305884854007912876e+00 3.383476032403482953e-03 -5.974759310102534249e-01 6.584889767609874989e-01 -1.383588765861981873e+00 1.513949942332389886e-01 1.313047805364067733e+00 -1.621356257357068564e+00
1.721313472715729487e-01 -7.077852834386409719e-02 9.279538788357469814e-01 -1.606564154250969878e+00 3.882211358976154214e-01 9.490461365699089102e-02 -1.333288885415680358e+00 5.876892472029405894e-03 -5.789481928394731858e-01 6.941587899059272759e-01 -1.391784431880837891e+00 1.115599878361587111e-01 1.244324034633224940e+00 -1.681317204712709845e+00
1.737110739604409704e-01 -8.383649431004856767e-02 9.332572722114754749e-01 -1.622023624887777959e+00 3.931220365121262939e-01 1.382625296227052714e-01 -1.360076247629152579e+00 6.143524549433668734e-03 -5.552841358330757870e-01 7.286234408774325821e-01 -1.405170418725776971e+00 7.831326242836914031e-02 1.138008599905534934e+00 -1.706377056623061828e+00
1.672205551200942053e-01 -9.479532713420049661e-02 9.281702556262112491e-01 -1.632933148158250747e+00 3.935845543579282735e-01 1.811333701873743818e-01 -1.384013167347029505e+00 3.580089575799540159e-04 -5.308163658815765462e-01 7.613664017924309801e-01 -1.427549032709739540e+00 -3.696221764171987809e-03 1.011635712702192658e+00 -1.680596279737351262e+00
1.634421468874508732e-01 -1.057967854496349863e-01 8.991993945436976832e-01 -1.647487894983765466e+00 3.943664265726253837e-01 2.218454613776770779e-01 -1.400404453784281023e+00 -3.294177848767786219e-03 -5.048569496058492589e-01 7.914619104030232721e-01 -1.438725560295209149e+00 -7.236810721577358052e-02 9.309651258448914390e-01 -1.673407943551497024e+00
1.590489082619609418e-01 -1.207380473305323110e-01 8.542658200231152410e-01 -1.670770836297416961e+00 3.935238887161451871e-01 2.588680545881810735e-01 -1.408564984417366217e+00 -2.756345944403605554e-03 -4.685507410337024781e-01 8.190533273042507334e-01 -1.441306060231285047e+00 -1.220576602896038254e-01 8.564261142017520756e-01 -1.641729542486568549e+00
1.315620892962758859e-01 -1.651013215167916603e-01 8.108668071974450831e-01 -1.709260742818775602e+00 3.776230883660251503e-01 2.922160526913822332e-01 -1.415829401017115963e+00 -1.025724904446792540e-02 -4.271951728985590169e-01 8.452396504050463388e-01 -1.458904262582399358e+00 -1.466453071923412288e-01 7.721049817458014441e-01 -1.582040884941045222e+00
1.170492505232506725e-01 -1.931517514379456624e-01 7.466519107116694753e-01 -1.736488752295850757e+00 3.689650201847462507e-01 3.245168452467398490e-01 -1.420363801164559181e+00 -5.864074999342848860e-04 -3.839421862546736897e-01 8.690097247238610656e-01 -1.432676231214496942e+00 -1.227528334413827416e-01 7.399008903073247545e-01 -1.558032696606626244e+00
8.706923827197760035e-02 -1.950376940730654818e-01 6.664750175119669162e-01 -1.744180039885046885e+00 3.491525342708627910e-01 3.544648405491431786e-01 -1.425311277698962487e+00 -8.588413431533398082e-05 -3.482387316685574552e-01 8.915185234286826521e-01 -1.419456677150551238e+00 -1.358255787926987146e-01 6.892554581936298774e-01 -1.544225299428110265e+00
4.760079687280122096e-02 -1.859672116520131591e-01 5.749179905165662241e-01 -1.730698604464749435e+00 3.214569616707141919e-01 3.820973157148267463e-01 -1.430932953629313387e+00 -6.021923905081916304e-04 -3.178255238025226026e-01 9.136479676704838404e-01 -1.405743569973995966e+00 -1.539513936760033008e-01 6.464189045544788126e-01 -1.470464607962530090e+00
-5.146197785491367187e-03 -1.768148447455833439e-01 4.799333734962742404e-01 -1.696251883395877069e+00 2.822990280845538158e-01 4.056815643959876816e-01 -1.435860130141940250e+00 1.616967038063371002e-03 -2.902834159271298620e-01 9.342985480319663250e-01 -1.384189705145869809e+00 -1.440408301102457933e-01 6.359812921115797213e-01 -1.418921345466932493e+00
-5.632674312953968310e-02 -1.585213788425621773e-01 3.882701576611272687e-01 -1.643463424915363902e+00 2.418938173190498253e-01 4.259224738313865943e-01 -1.437509072617679351e+00 6.814116236765351518e-03 -2.645613347428332207e-01 9.527297063676012367e-01 -1.353664687717705206e+00 -1.201404703616580083e-01 6.406004061576980879e-01 -1.374678990210974172e+00
-1.165117037023784691e-01 -1.409973291090571568e-01 3.088285055222894093e-01 -1.584146042691778833e+00 1.919212159834714215e-01 4.390622532720264704e-01 -1.431433158703747210e+00 9.698840479863538033e-03 -2.395412712006598221e-01 9.701380917776663004e-01 -1.325717621967915871e+00 -8.800363849709180730e-02 6.496948591670885786e-01 -1.337164623868572821e+00
-1.793187987212871704e-01 -1.187307876055595374e-01 2.421619594719113255e-01 -1.530038552459512147e+00 1.373205815559260246e-01 4.457995435334939915e-01 -1.417503838053417509e+00 6.803149054774262905e-03 -2.144624771876363911e-01 9.891260513551560773e-01 -1.308373229667084026e+00 -5.261195538619486273e-02 6.698972868729952124e-01 -1.344643086434959001e+00
-2.326485536484497740e-01 -9.494517269054807140e-02 1.802638942781445153e-01 -1.476018775483359136e+00 8.816098714651530999e-02 4.508299421813258268e-01 -1.399495447025171035e+00 7.406358290656311558e-03 -1.915695867966708266e-01 1.006658723587490423e+00 -1.283249701182588076e+00 -1.414278738885421660e-02 7.001948655767887830e-01 -1.376152044010823916e+00
-2.841448387978978696e-01 -7.044059811881750455e-02 1.294340117312683391e-01 -1.424785443240527139e+00 3.893814440404565896e-02 4.511331928980610306e-01 -1.375803580375871915e+00 3.661539594606365126e-03 -1.742393586071883937e-01 1.024773584545531246e+00 -1.270658847286262105e+00 2.467065178270911804e-02 7.305020085199656066e-01 -1.420363905633145851e+00
-3.226239121590883663e-01 -5.536924587826769217e-02 9.420964292860437017e-02 -1.375651444756178954e+00 -7.752302557543482714e-04 4.546022701796514909e-01 -1.355381163505101183e+00 -8.850281848314003885e-03 -1.596792063735976153e-01 1.045712182175443594e+00 -1.280552144842901363e+00 6.337601426806455107e-02 7.562899628146125819e-01 -1.474301213736296523e+00
-3.473573202615745092e-01 -4.812776294239899666e-02 6.904566910351507547e-02 -1.338418556463870868e+00 -3.003198794585805464e-02 4.643539896693504310e-01 -1.341862701806960212e+00 -6.299709447316778795e-03 -1.460981927922105073e-01 1.060681459163203000e+00 -1.263014541179649175e+00 1.039696373498810306e-01 7.824686547145597304e-01 -1.492778283366409608e+00
-3.597951237364178656e-01 -4.605310574485771413e-02 5.770245052375070488e-02 -1.313973594642916520e+00 -4.903269794890100647e-02 4.802000144429384165e-01 -1.337553591428237487e+00 -1.122363231409470759e-02 -1.370410665542756701e-01 1.079180660812944392e+00 -1.275327592552439882e+00 1.466418957195937955e-01 8.067846561758685864e-01 -1.520011934935432185e+00
-3.642935915681190240e-01 -4.285794599369528030e-02 6.998974581205338885e-02 -1.301174645968325105e+00 -6.082401639471490123e-02 4.988750671176533924e-01 -1.337562373623484069e+00 1.816011919927637401e-04 -1.349646624643666137e-01 1.097937191315694117e+00 -1.275398347420266365e+00 1.632474052999465797e-01 8.303863231521692034e-01 -1.498351124659907718e+00
-3.559305447971688463e-01 -4.449699469236743921e-02 1.008792545595928042e-01 -1.298146021149210405e+00 -6.216400673772145419e-02 5.307091837165994752e-01 -1.351644531788881887e+00 -2.316377797952148473e-03 -1.447048209118829143e-01 1.127323149985419048e+00 -1.332026465476020993e+00 1.811357438381215323e-01 8.536541316545332991e-01 -1.503934064865990461e+00
-3.193749000902602608e-01 -5.211542719186052636e-02 1.347232345356740024e-01 -1.304702636027976093e+00 -6.890243818689680000e-02 5.671000972219145675e-01 -1.368759148607479714e+00 6.008336227844477632e-04 -1.659916501063363192e-01 1.156465891277538294e+00 -1.401116738969334197e+00 1.984864902435500567e-01 8.779369068591300618e-01 -1.499411971184786641e+00
-2.756700303896792437e-01 -6.230739574991624868e-02 1.737949049375935029e-01 -1.327844434302198673e+00 -8.423862279480207049e-02 6.014302864905051171e-01 -1.384653601576242732e+00 1.714808437692030363e-03 -2.027450315653121504e-01 1.179103156397303787e+00 -1.498275541132811695e+00 2.124227976030342580e-01 9.055852376267025106e-01 -1.502470895789999927e+00
-2.360894905971885616e-01 -7.250037406295266329e-02 2.154783003345453474e-01 -1.354300403084746307e+00 -9.586767345071681157e-02 6.375874067652261834e-01 -1.407410863546814106e+00 1.084334940143628044e-03 -2.502040382467091151e-01 1.185045213644567497e+00 -1.612018430644444944e+00 2.218006952924561070e-01 9.382097737153279882e-01 -1.515360590708366484e+00
-2.128874597473858488e-01 -8.812917157466353124e-02 2.635476948471959791e-01 -1.391165929759234920e+00 -1.073748356776900725e-01 6.678658651422509918e-01 -1.435117158992788688e+00 -3.302915806165160253e-03 -3.066553377845067652e-01 1.167694418002644507e+00 -1.725451603831890779e+00 2.254777462305471158e-01 9.752498256011254973e-01 -1.535514014235403346e+00
-1.994678981355469671e-01 -1.017856745311437605e-01 3.078864335927188334e-01 -1.430217713136052726e+00 -1.021352020250146236e-01 6.999825404718240662e-01 -1.481532620532777456e+00 -3.528415731370703173e-03 -3.736862997592807489e-01 1.120867454116771134e+00 -1.807019469858836214e+00 2.200179290860430625e-01 1.012640590868514767e+00 -1.536217466027529843e+00
-2.076642163075831937e-01 -1.171200089997350979e-01 3.548035390129059552e-01 -1.469363328474856401e+00 -7.356005942926684138e-02 7.288334567293754951e-01 -1.549595159062807426e+00 -5.485690536992051183e-03 -4.562423363647555852e-01 1.040270735596982243e+00 -1.856132384354852727e+00 2.074169399408360148e-01 1.046796049503261994e+00 -1.521731363705897122e+00
-2.188027244013115158e-01 -1.300443362378427836e-01 4.005894079758793302e-01 -1.501707919259884338e+00 -1.556860095204241727e-02 7.524222721260986901e-01 -1.639784994119333428e+00 1.788757904809556249e-03 -5.412059417569131670e-01 9.369206327842044546e-01 -1.847392486640423881e+00 1.941743531428280489e-01 1.074943312360394421e+00 -1.474623101754323429e+00
-2.395293561104834268e-01 -1.492392909452908978e-01 4.509497893447333428e-01 -1.532635675365148442e+00 5.106903693137929134e-02 7.382141809627212892e-01 -1.729010417994845561e+00 6.155629731394547492e-03 -5.916024668932052810e-01 8.071455909337775791e-01 -1.808811591383839179e+00 1.818269847641050263e-01 1.097737223526145334e+00 -1.418186269210405248e+00
-2.286101788306612870e-01 -1.417029334096511495e-01 4.851750752341951745e-01 -1.543397563680843909e+00 8.738011352877864124e-02 6.599839213978970776e-01 -1.768599486277522503e+00 3.823094664032662595e-03 -6.500603036466754414e-01 6.860030247668358339e-01 -1.761458162732030264e+00 1.731827910503365431e-01 1.105884824656270027e+00 -1.347392370988781174e+00
-2.050730320309019361e-01 -1.211929584443706825e-01 5.131549325440498688e-01 -1.544023017160400135e+00 1.366606189021276063e-01 5.507503816096382954e-01 -1.759239145910514113e+00 5.619756746955549553e-03 -7.029736188199851021e-01 5.750982894707049597e-01 -1.693162203720288472e+00 1.695116596350594307e-01 1.090100604837087817e+00 -1.233031510158112631e+00
-1.629959457821520408e-01 -8.343809729883164272e-02 5.307354392931989961e-01 -1.531373945614507681e+00 1.972564213830601265e-01 4.212849763118475255e-01 -1.708289809696976524e+00 6.554595902148079196e-03 -7.464152367823368994e-01 4.770167319574513121e-01 -1.612336217116669301e+00 1.731945976149481259e-01 1.102167320172238396e+00 -1.179944127810059307e+00
-1.205458969449273027e-01 -4.645067823724716854e-02 5.480413284114689088e-01 -1.514647212928926789e+00 2.474928824329301336e-01 2.726131498062404623e-01 -1.615706199417324074e+00 -9.779466450548218043e-05 -7.844404458460265683e-01 3.831810593722433378e-01 -1.536538666396849440e+00 1.837002974660368326e-01 1.146105001641588794e+00 -1.203028300176549381e+00
-6.768777518203332455e-02 -1.754800295654570857e-03 5.582817186152939648e-01 -1.488354806241956263e+00 2.935414160470917744e-01 1.229760443397553138e-01 -1.504939476679656662e+00 1.382034972288628469e-02 -7.850000000000000311e-01 3.125814242424233558e-01 -1.429039542559318088e+00 1.959798136256458156e-01 1.175552713021463802e+00 -1.176116594847816943e+00
-2.670735297321545632e-02 3.106681204792846943e-02 5.739531135047117871e-01 -1.465122383461137989e+00 3.182592555597001938e-01 -1.924045965011869641e-02 -1.365175189965987190e+00 8.925613927139749298e-03 -7.850000000000000311e-01 2.450977215364127937e-01 -1.352491908523699049e+00 2.105721058757789310e-01 1.191693431200105957e+00 -1.153405753511250520e+00
6.001310599992047516e-03 5.517360790125032388e-02 5.932103874877484584e-01 -1.445699450001336928e+00 3.274482003428493271e-01 -1.444624500089098929e-01 -1.206513359161574650e+00 1.321866787359643816e-02 -7.850000000000000311e-01 2.223290271994529943e-01 -1.296289373869522921e+00 2.217823375758093685e-01 1.160988973089581267e+00 -1.039937506088825181e+00
5.800753190181933555e-02 9.898598832506329270e-02 5.934646738654146825e-01 -1.407558909848753537e+00 3.338518424578822974e-01 -2.564528341016021895e-01 -1.039132552561959688e+00 5.288992046743876303e-03 -7.850000000000000311e-01 2.078756292702420294e-01 -1.252007321125833350e+00 2.264165301359477855e-01 1.071945957766900603e+00 -9.200000000000000400e-01
7.560737199683308096e-02 1.128659919159896025e-01 6.243137674687379013e-01 -1.394120333008148638e+00 3.305510095253294534e-01 -3.349375446111764743e-01 -9.200000000000000400e-01 -7.889643705372425403e-03 -7.724442992134663566e-01 2.056554147623849693e-01 -1.225511188747784752e+00 2.296181203305562302e-01 1.065115400645161969e+00 -9.200000000000000400e-01
8.376903112405954810e-02 1.178860906961707034e-01 6.655849820868003919e-01 -1.389889937096369765e+00 3.291974447463736353e-01 -3.366557330286971128e-01 -9.200000000000000400e-01 -8.044819318972929595e-03 -7.486494771248223268e-01 2.204414830109093226e-01 -1.190773733963998771e+00 2.528724294088040558e-01 1.092103219027840577e+00 -9.200000000000000400e-01
1.059668610955515483e-01 1.371018149032957323e-01 6.958831765730906227e-01 -1.378884976130069218e+00 3.294398224373825679e-01 -3.179135830413558073e-01 -9.200000000000000400e-01 -1.072857227984294441e-02 -7.311228544094217074e-01 2.498017960953631267e-01 -1.188829822296326499e+00 2.716130752201479370e-01 1.121587592154131618e+00 -9.200000000000000400e-01
1.114518607165768393e-01 1.391232416777537784e-01 7.446315929881389684e-01 -1.394230557318726138e+00 3.304440639157519288e-01 -2.919525938201191773e-01 -9.200000000000000400e-01 -1.125476827289222624e-02 -7.168880166462555659e-01 2.867929319326618653e-01 -1.202214746331468520e+00 2.935791428496962729e-01 1.140606878484625053e+00 -9.200000000000000400e-01
1.074180409585382551e-01 1.274380384848731729e-01 8.045653184284752291e-01 -1.430312154226198951e+00 3.358368788458037102e-01 -2.137525180716396134e-01 -1.025343865057489534e+00 -8.669959145896813379e-03 -7.008212471911032804e-01 3.304081651947243792e-01 -1.226878835711055826e+00 3.128092868209022548e-01 1.167064321532754301e+00 -9.200000000000000400e-01
1.208151298785598154e-01 1.342084884464025962e-01 8.444523423944731988e-01 -1.460757523183348061e+00 3.490468190424313999e-01 -1.359378628914346410e-01 -1.137100096245373004e+00 -9.210337825167913897e-03 -6.871714753630959738e-01 3.785766197476511663e-01 -1.271081497271145277e+00 3.261577568413897010e-01 1.185132210937228425e+00 -9.200000000000000400e-01
1.212283269757495202e-01 1.218293201645332946e-01 8.911224139116334930e-01 -1.511419306703884580e+00 3.570858219248511101e-01 -6.819450498493224988e-02 -1.222757812276647815e+00 -9.321490499667944157e-03 -6.703115149940337414e-01 4.309833961007230596e-01 -1.327272694368267558e+00 3.335666428995419097e-01 1.214190849828363117e+00 -9.200000000000000400e-01
1.287634673467399349e-01 1.140967646328881202e-01 9.196156904298572465e-01 -1.567661060394228700e+00 3.684541235340310639e-01 -1.394176490151345302e-03 -1.302129962089280113e+00 -9.625506529179544621e-03 -6.514549112477852066e-01 4.873578528963975476e-01 -1.391831615072933737e+00 3.272812541053473634e-01 1.231685018421650346e+00 -9.200000000000000400e-01
1.406352106509101696e-01 1.075696015072403616e-01 9.273064313836629768e-01 -1.629327687253869339e+00 3.835695194644275774e-01 6.519543099462790647e-02 -1.378741135774800064e+00 -2.603247350682529938e-04 -6.232701211473532510e-01 5.464151378867784237e-01 -1.438248986161530629e+00 3.181532694563053432e-01 1.247900943737905832e+00 -9.390257794894676380e-01
1.508548302900537541e-01 9.893677039610475343e-02 9.181634149392978728e-01 -1.691842061362569316e+00 3.997292715107182981e-01 1.317071891590949617e-01 -1.451190995499014313e+00 -4.168237104743295618e-03 -5.969485128676060848e-01 6.025431808288140845e-01 -1.509670263899180132e+00 3.105688918025500955e-01 1.326608670210141616e+00 -1.158085672847224412e+00
1.481069774501532488e-01 7.410687531064619193e-02 9.030240902264055070e-01 -1.759539408592937670e+00 4.093218214817695988e-01 1.957397702723400190e-01 -1.516027998779039487e+00 -9.009088471024757992e-04 -5.611436317666433915e-01 6.592755553809457325e-01 -1.559772891254719740e+00 2.920607368337965193e-01 1.346127510026816854e+00 -1.311367691276667635e+00
1.342951639256969587e-01 3.915846106583744518e-02 8.778935640446110522e-01 -1.827374962713005591e+00 4.106864343823369845e-01 2.551489085998850381e-01 -1.570780406216468306e+00 5.047019510734352191e-03 -5.212243257102393557e-01 7.141662595671345315e-01 -1.592653801047908768e+00 2.677965689731970356e-01 1.310602666263834593e+00 -1.414594283460479662e+00
1.131054946111811066e-01 -6.923460790872670509e-03 8.397418542631914784e-01 -1.884485882145638280e+00 4.041433524384622777e-01 3.103338404443437559e-01 -1.614255931549835932e+00 4.492507153327164084e-03 -4.812441509891971503e-01 7.641704411260739072e-01 -1.625127253809828920e+00 2.167796907199392165e-01 1.227483468942663469e+00 -1.479740953708325257e+00
9.063287860456126221e-02 -5.111923595772140116e-02 7.766964896171790755e-01 -1.904866127072972537e+00 3.926567832462269370e-01 3.606384442081562725e-01 -1.644366468181890806e+00 7.347450288192545510e-03 -4.394130763297935394e-01 8.093944728656291554e-01 -1.634922293227005996e+00 1.662562576032662331e-01 1.142094967105117931e+00 -1.551958372688181376e+00
4.875792020054168369e-02 -1.086525841307429963e-01 7.129346415048547492e-01 -1.907021843299570918e+00 3.625133392734812277e-01 4.036799238635206399e-01 -1.661866167666292471e+00 -1.900135650599002631e-04 -4.019045919506569753e-01 8.477625220950809615e-01 -1.650743430269921541e+00 1.096920615546880251e-01 1.050699050100349918e+00 -1.632695255677415247e+00
6.636287865127249615e-03 -1.502756667167081950e-01 6.278973427212960479e-01 -1.884536220690721464e+00 3.273224905167975707e-01 4.404992989568111694e-01 -1.665569739218941470e+00 3.303850001682337098e-03 -3.628180260784134581e-01 8.828685897023156315e-01 -1.633056291562020368e+00 4.453566796271610229e-02 9.425381326394713932e-01 -1.664283679614315226e+00
-2.953352851005790897e-02 -1.663373616295251711e-01 5.285230355307882766e-01 -1.834604908316848970e+00 2.930645012485195711e-01 4.726152147430452977e-01 -1.656579874600268010e+00 1.802930247737797404e-03 -3.287435865668713597e-01 9.131251445072200434e-01 -1.616036915052019962e+00 -9.417209823963872128e-03 8.257499214975270174e-01 -1.679475967151005333e+00
-7.015118471791227661e-02 -1.696206964093779634e-01 4.308432956735585573e-01 -1.765526717614863683e+00 2.527116821125396373e-01 4.972156306454817432e-01 -1.637789113668205454e+00 4.200533253246046747e-03 -2.989227615627763068e-01 9.394490019095381728e-01 -1.584502954714822387e+00 -4.294147473640854556e-02 7.152397800747584133e-01 -1.667094565070183831e+00
-1.287795115153189396e-01 -1.775470913898844760e-01 3.393045345151057823e-01 -1.697335663136762429e+00 1.952895928573708528e-01 5.100328767907404970e-01 -1.610044266660647594e+00 5.999507122437142299e-03 -2.741813821242433669e-01 9.614239630075053222e-01 -1.547861951225128152e+00 -5.350236766552735057e-02 6.019921559947274403e-01 -1.631549604515200702e+00
-1.867528355236625914e-01 -1.725388033452611714e-01 2.556407957494213901e-01 -1.619064470759216778e+00 1.370510231228809772e-01 5.158746381073072707e-01 -1.576579481468257216e+00 4.814545251977540331e-03 -2.478926217921010033e-01 9.800996781087343290e-01 -1.513203522739319684e+00 -1.850326766367670420e-02 5.239694661283472721e-01 -1.592521033314712176e+00
-2.506875149952540460e-01 -1.605039232488862377e-01 1.817691923329856629e-01 -1.542791863146672604e+00 7.274907592105003817e-02 5.115807495520968695e-01 -1.535744214331335566e+00 2.060628330718044209e-03 -2.142364730554222607e-01 9.963737279690462190e-01 -1.478617037456641858e+00 6.108480175452655342e-02 5.086075853167103533e-01 -1.706549821299582215e+00
-2.961742173922090049e-01 -1.387659614268429431e-01 1.075989249265520004e-01 -1.463763386331389471e+00 2.350719846189096296e-02 5.108091472214104645e-01 -1.494114171659635115e+00 -8.430784830856132136e-04 -1.854522830274079048e-01 1.011632459038365850e+00 -1.442452919869274597e+00 7.381213702086439343e-02 4.746474930150489935e-01 -1.657678897900276782e+00
-3.396302385918763544e-01 -1.148035336590810807e-01 5.570363442420665778e-02 -1.396366059258922654e+00 -2.458654153660077765e-02 5.064774215908084409e-01 -1.448344704256381066e+00 -6.888558539622704081e-04 -1.597152051432329523e-01 1.026519078888226133e+00 -1.398673226382000312e+00 8.613562164967752954e-02 4.629923585681121057e-01 -1.597092197829383053e+00
-3.732697181014973387e-01 -9.768148429277508094e-02 2.159552910666623013e-02 -1.352502728230552620e+00 -6.458090416371251030e-02 5.055075074630235310e-01 -1.407589062866680729e+00 -4.079978903756399308e-03 -1.377012450454778436e-01 1.041845539161826206e+00 -1.360540176584576599e+00 1.029054416161802460e-01 4.755527154211738883e-01 -1.569405731842335117e+00
-3.844212175119913755e-01 -8.963432520365981204e-02 6.833662594788966239e-03 -1.329625151554807427e+00 -8.528781704111904061e-02 5.198794121862584383e-01 -1.384551762067554703e+00 -7.361027422403203582e-03 -1.185401901235103583e-01 1.057353857210011627e+00 -1.320920108391105297e+00 1.262936512420733681e-01 4.968029588451807199e-01 -1.542695435000541293e+00
-3.676562588608733306e-01 -8.240325458963575211e-02 1.181529683262371420e-02 -1.315260772450163929e+00 -8.199760755087359687e-02 5.598277077088459341e-01 -1.387461571589135190e+00 -4.589465090048987835e-04 -1.022803737458595347e-01 1.069300352723645098e+00 -1.258134546475190296e+00 1.529728409592205907e-01 5.167605205715162242e-01 -1.508747182161180644e+00
-3.413496054468092011e-01 -7.965202662032044856e-02 3.878810188285533589e-02 -1.315100166332898057e+00 -9.341085141205801579e-02 5.921027521679204098e-01 -1.379970621168472800e+00 -9.241562227616533301e-03 -9.305878869523571961e-02 1.086592907692326637e+00 -1.234085737004344985e+00 1.883165376544378711e-01 5.369523002440189652e-01 -1.535718796105127737e+00
-3.021939349122933494e-01 -7.952500726059669178e-02 7.675801615562753699e-02 -1.332272619233215716e+00 -1.012256227841103612e-01 6.256683211451095072e-01 -1.382192281986523996e+00 -1.327893067690522153e-03 -9.006355861412385089e-02 1.100865306445032665e+00 -1.186981411472542547e+00 2.195345708285026953e-01 5.675281123190752952e-01 -1.531234642327724993e+00
-2.639035704435607199e-01 -8.607932733299122896e-02 1.214348477829064049e-01 -1.362026912243441856e+00 -1.030391444263399209e-01 6.635463516254547223e-01 -1.397181284975736126e+00 1.550282550413656108e-03 -9.530409134892561807e-02 1.118263706607896646e+00 -1.167754781745904857e+00 2.485458618648412332e-01 6.028628978143165673e-01 -1.542812659092123173e+00
-2.362122268762285593e-01 -9.693507671091929068e-02 1.684685144757830932e-01 -1.388956537077350450e+00 -1.045033980366119886e-01 6.974828614634605017e-01 -1.418998723450398902e+00 5.673507044858321427e-03 -1.062066398024192337e-01 1.137549333689188202e+00 -1.166474937050393290e+00 2.731000800941859041e-01 6.478152432967906327e-01 -1.566180991539425804e+00
-2.160836569741893254e-01 -1.085052267101420942e-01 2.153448879123094628e-01 -1.415753157417581232e+00 -1.022341839233636140e-01 7.282897763460856044e-01 -1.446628450262278820e+00 5.403035779659232617e-03 -1.231913081982023983e-01 1.167762339033488361e+00 -1.210099132007098621e+00 2.917871250462804045e-01 6.922450602731282654e-01 -1.592840822533166278e+00
-2.054339840277493445e-01 -1.216533557928860393e-01 2.619443315761774693e-01 -1.445330440532563099e+00 -9.604676204269362028e-02 7.544872068351027306e-01 -1.483601733870209438e+00 2.794915743835806130e-03 -1.473931831487071686e-01 1.201308910553215759e+00 -1.286070017441131030e+00 3.025477277211398586e-01 7.332442531055245460e-01 -1.611922071570071946e+00
-2.041395443233175733e-01 -1.354739496400823029e-01 3.090611221964035260e-01 -1.478529498540132270e+00 -7.697776098477437934e-02 7.756390383284147427e-01 -1.538208330680810532e+00 -4.329095412470017378e-04 -1.793262088091852613e-01 1.230789950883486306e+00 -1.381679046134976829e+00 3.025764950227242678e-01 7.722622176989062392e-01 -1.619265563410031472e+00
-2.095239091207236892e-01 -1.495125502789979577e-01 3.556006197768601940e-01 -1.512043727884740285e+00 -3.510825115030710014e-02 7.886475369082696085e-01 -1.611112710698468620e+00 4.191820176978388940e-04 -2.216825988689120341e-01 1.248034325149583568e+00 -1.491661651441548608e+00 2.958513376439381171e-01 8.094108418942916883e-01 -1.613039528497193453e+00
-2.209961905967500195e-01 -1.645798172408901028e-01 4.011503886736753066e-01 -1.541545655658731473e+00 2.845120966259024817e-02 7.856292831640951935e-01 -1.693599972002966636e+00 6.647001681176594769e-03 -2.707411187350667880e-01 1.246378996422069285e+00 -1.594346230745950388e+00 2.846364376804961793e-01 8.423364910181982967e-01 -1.588301066833358366e+00
-2.238067855956656638e-01 -1.712522524636232168e-01 4.401447876346919474e-01 -1.561735837246787773e+00 7.128595162234788174e-02 7.467186596154969935e-01 -1.753972547438214846e+00 7.610385758893192971e-03 -3.213464960416385074e-01 1.220884513203605692e+00 -1.699155845003390786e+00 2.745465317586240350e-01 8.683690120765591436e-01 -1.565226474330764672e+00
-2.181708445019943654e-01 -1.692937534812537226e-01 4.726828685001460695e-01 -1.573754830587529963e+00 9.628772872193319676e-02 6.832413810048408864e-01 -1.786548351370475407e+00 4.252251264378303398e-03 -3.405315922503890924e-01 1.169337486975496887e+00 -1.794773793917549209e+00 2.640941351443758522e-01 8.886807373914333841e-01 -1.543328359790375082e+00
-1.979137692495140100e-01 -1.543629273303282479e-01 4.974021934512458665e-01 -1.576828110862033228e+00 1.373862677661862042e-01 6.028006664300200601e-01 -1.793905768631022024e+00 5.399760579169296699e-04 -3.616553436643153430e-01 1.090055345444587598e+00 -1.868144343130350604e+00 2.551631181652218583e-01 9.044167388405249808e-01 -1.516072253174300499e+00
-1.742063667431389962e-01 -1.354911042243039376e-01 5.194010730511784413e-01 -1.574275335733005932e+00 1.800303532438256582e-01 4.910601255546969135e-01 -1.759202495660981302e+00 5.057601718176523570e-03 -3.785856835080390614e-01 9.880625447035755737e-01 -1.898095982602185039e+00 2.468612809522698071e-01 9.145260560404535610e-01 -1.464392125837065350e+00
-1.332098931117888241e-01 -9.805365181805326957e-02 5.309939728008177262e-01 -1.560608350298846370e+00 2.316196183227749172e-01 3.543639018054708378e-01 -1.680069210568388094e+00 -4.062302774286431252e-03 -4.058493060608283076e-01 8.591284697942201953e-01 -1.909976308857956218e+00 2.388415189349191170e-01 9.140359011228649244e-01 -1.425808217859604765e+00
-8.739898172512848562e-02 -5.371963209272510864e-02 5.349298788225901324e-01 -1.538288932170855938e+00 2.744473001579652016e-01 2.135019314198107754e-01 -1.570344320363429302e+00 -4.151774483879075266e-03 -4.311156238643460425e-01 7.431212687945567552e-01 -1.894960624712268116e+00 2.143211142248780954e-01 8.977505490203210314e-01 -1.348164251087194732e+00
-4.703064287737018789e-02 -1.239706561495024228e-02 5.377184906122886021e-01 -1.512936114198396131e+00 3.050726820273841344e-01 7.264295358365524535e-02 -1.450578791641172538e+00 -3.020336630953723931e-03 -4.545185080313330350e-01 6.249743628722960187e-01 -1.853495384897352993e+00 2.080092974415058971e-01 9.083288099708420882e-01 -1.308686263955269879e+00
-6.818420868886392906e-03 3.018806003318002737e-02 5.363958396333050604e-01 -1.479300558475258320e+00 3.262371791908419971e-01 -6.723853047328740007e-02 -1.310256056305018513e+00 -7.858374208055572338e-04 -4.774993659070987939e-01 5.214856794202653578e-01 -1.796950903911870512e+00 2.159379816924518747e-01 9.227711849479836026e-01 -1.272434236926128337e+00
1.817032496055049143e-02 6.119279298848090409e-02 5.440013748457602771e-01 -1.451497906437113627e+00 3.356571024680879423e-01 -2.052161886398370938e-01 -1.156600732362533579e+00 -9.463957451853723113e-03 -5.073365075410216640e-01 4.288096701757904694e-01 -1.754394378964838630e+00 2.259290676284734234e-01 9.634884696508777546e-01 -1.291935452854928501e+00
5.033149272407436148e-02 1.007807612085323407e-01 5.435388942775322141e-01 -1.415586105836014408e+00 3.387567905277803493e-01 -3.342037668961787555e-01 -9.797815457662196748e-01 -5.820814468158657350e-03 -5.286507959251780520e-01 3.636888458097052856e-01 -1.689402887270297748e+00 2.343315845071121395e-01 1.053802670055543622e+00 -1.367502962794581389e+00
7.515617728316002777e-02 1.360612910341025827e-01 5.454254003737508683e-01 -1.381640632486054843e+00 3.414925437721118007e-01 -3.952164367586897820e-01 -9.200000000000000400e-01 3.930871324448431507e-03 -5.443842353226669983e-01 3.205727150997730313e-01 -1.613327032897539981e+00 2.301169308494181165e-01 1.069900915016980703e+00 -1.317139392921774954e+00
6.149346044876071588e-02 1.372945666457519587e-01 5.822043839398655107e-01 -1.381817681880441295e+00 3.552831708283486489e-01 -4.188323573196945926e-01 -9.200000000000000400e-01 5.350257591738615329e-03 -5.638235566459381953e-01 2.917154877791195977e-01 -1.558953622566092712e+00 2.269434614361745262e-01 1.079431427795380927e+00 -1.268774612977577210e+00
8.024826182017125165e-02 1.681850073914841481e-01 5.860124563287146815e-01 -1.348218167183655058e+00 3.330487630101970353e-01 -4.047606808900337527e-01 -9.200000000000000400e-01 3.547354764830047778e-03 -5.847245781911017959e-01 2.770709373209238602e-01 -1.518884208677885095e+00 2.255313689010513822e-01 1.090938370067642271e+00 -1.228806775019543940e+00
7.748223603233679591e-02 1.785061354327532324e-01 6.108899645481411511e-01 -1.337091434089832109e+00 3.466893576244096109e-01 -4.176299073734198175e-01 -9.200000000000000400e-01 6.238399381005609382e-03 -5.984567475286936000e-01 2.824912831414063130e-01 -1.478828504841187996e+00 2.273187949123073592e-01 1.110621563894938379e+00 -1.191671934936852084e+00
6.689670618525761503e-02 1.811874854854317041e-01 6.472677183508805943e-01 -1.333168380683430465e+00 3.416429450470449547e-01 -3.943634574229262779e-01 -9.200000000000000400e-01 2.899558765721372156e-03 -6.118327153399681917e-01 3.029519228958396648e-01 -1.458173970324823321e+00 2.311104965395984201e-01 1.125802086775639310e+00 -1.152024773333625518e+00
4.078984645486490035e-02 1.671911904013152761e-01 7.018264836109688876e-01 -1.345231511687466686e+00 3.269014383699937465e-01 -3.739916569839445426e-01 -9.200000000000000400e-01 5.793752748880326778e-03 -6.175698125846211806e-01 3.352759021118751903e-01 -1.430998237397637096e+00 2.311022685100354024e-01 1.096690246232586929e+00 -1.030533190999078474e+00
6.139682930076727219e-02 2.000859150558302602e-01 7.050858885790439734e-01 -1.311656115813918833e+00 3.285920159190993117e-01 -3.398578741806382864e-01 -9.200000000000000400e-01 -7.375467301550965755e-03 -6.338481289525382811e-01 3.597473736858431970e-01 -1.432796048215500662e+00 2.201374189619882404e-01 1.026139544249778268e+00 -9.200000000000000400e-01
5.199242841904209295e-02 1.991561113399139826e-01 7.406971972724044617e-01 -1.313716066854466069e+00 3.238326960580270031e-01 -3.112466101783678551e-01 -9.200000000000000400e-01 -6.255262627938198115e-03 -6.352308525537195827e-01 3.914145059980474461e-01 -1.407025104104826063e+00 2.203817490883239194e-01 1.041019604003525112e+00 -9.200000000000000400e-01
6.071940821539212330e-02 2.118073239783430373e-01 7.576875460630294601e-01 -1.308593965069004383e+00 3.210060455414471270e-01 -2.678376756164063122e-01 -9.532041340297910947e-01 -5.827227527004788694e-03 -6.342790710561091450e-01 4.273109763988254262e-01 -1.395498235041643609e+00 2.297801943841309147e-01 1.059980043293308860e+00 -9.200000000000000400e-01
5.362937451241423653e-02 1.948723209187105676e-01 7.942249091553970075e-01 -1.335706216226388410e+00 3.200331840352219070e-01 -2.058347104004197847e-01 -1.024968917374964317e+00 -8.243702690716643924e-03 -6.282961694121376173e-01 4.649479590504859150e-01 -1.400838109267557696e+00 2.530814258777883685e-01 1.090407595433874555e+00 -9.200000000000000400e-01
6.114863810586038118e-02 1.840836424282487338e-01 8.116290923744525765e-01 -1.362577810394781208e+00 3.239675149813225352e-01 -1.411415722613446055e-01 -1.098850789893253355e+00 -1.321089900698700116e-02 -6.202370821109349786e-01 5.046734838561359737e-01 -1.419780233660374869e+00 2.721671921881413381e-01 1.112489802186293231e+00 -9.200000000000000400e-01
6.944887868287377697e-02 1.651457375172954989e-01 8.232949257761440487e-01 -1.403511427824609470e+00 3.302857677107653989e-01 -7.737995825448085174e-02 -1.174049534919845206e+00 -1.482200551414806361e-02 -6.074450615328785830e-01 5.465366782055702810e-01 -1.437233582731202830e+00 2.720337000290462548e-01 1.115099890333790755e+00 -9.200000000000000400e-01
7.394537025173890388e-02 1.349976173643417932e-01 8.302925293077603186e-01 -1.458377985182096603e+00 3.361845975421813848e-01 -1.736005716989971748e-02 -1.242817437988056994e+00 -1.532092214699996326e-02 -5.919101687096595121e-01 5.880209505446497564e-01 -1.454935580413722285e+00 2.790645300546056307e-01 1.126281717023775775e+00 -9.200000000000000400e-01
7.968331377598844578e-02 1.032495173108957109e-01 8.240431376112360429e-01 -1.517086012068432632e+00 3.427342196054976586e-01 4.011222834031392265e-02 -1.303075165000945557e+00 -1.389860952206534161e-02 -5.731755532590597779e-01 6.292342818199305743e-01 -1.470567696105349986e+00 2.861517012830747664e-01 1.148049563411377205e+00 -9.200000000000000400e-01
8.395298641081549995e-02 6.988982074685699819e-02 8.077037055710997171e-01 -1.577323080484050788e+00 3.488393359646385639e-01 9.557633658801756305e-02 -1.356436726852884966e+00 -1.072581723491573651e-02 -5.521997820657148504e-01 6.710793820348708305e-01 -1.484346790109231762e+00 2.872642208440484013e-01 1.173067565189285011e+00 -9.200000000000000400e-01
8.715359106052028570e-02 4.067183126314608682e-02 7.800102154608951066e-01 -1.632645591658620221e+00 3.543377370957453421e-01 1.486234923876677827e-01 -1.402345981161175814e+00 1.557540261183521261e-03 -5.256778793304953679e-01 7.132794110725673153e-01 -1.478544621653477220e+00 2.714118153202949579e-01 1.216971113971074381e+00 -1.056842090220454944e+00
8.409620358366959314e-02 9.458119093754057544e-03 7.451049927673162321e-01 -1.686769634487114589e+00 3.563088499417903510e-01 1.982854368884055807e-01 -1.442330617220383804e+00 -4.367782836031067033e-03 -5.056272328813140593e-01 7.529138914021025197e-01 -1.508544067567824554e+00 2.232630202035587597e-01 1.225143835921890245e+00 -1.192990390875824369e+00
1.169834169567994658e-01 -1.239103201003629584e-01 7.468826416895611997e-01 -1.776500955759268141e+00 3.818422989082445596e-01 2.730389867047330887e-01 -1.490701156012316897e+00 -9.557383845986098039e-03 -3.923120437227791690e-01 8.102668255960373545e-01 -1.567369901664778187e+00 2.130652509750240176e-01 1.181256451437138644e+00 -1.349575743869431799e+00
8.333533677919689742e-02 -1.312528214092638923e-01 6.663393213777578650e-01 -1.798048497318883276e+00 3.630844466207050480e-01 3.070242227873155039e-01 -1.514716827372887931e+00 -4.072408973016755185e-04 -3.957482834608041511e-01 8.416582048643039826e-01 -1.545118529810840080e+00 1.685547490766132195e-01 1.132055838055513242e+00 -1.433879889874688729e+00
4.192841229669444503e-02 -1.420820206091780169e-01 5.749236714609137211e-01 -1.801140614463152101e+00 3.366883461388935905e-01 3.373113756480117797e-01 -1.534536054899859447e+00 4.283913434155637960e-03 -3.991518221709341452e-01 8.698089965632219700e-01 -1.528745423759902744e+00 1.091112528945668153e-01 1.073022090507165238e+00 -1.521713238940673785e+00
-8.284440480171977386e-03 -1.556351240015168835e-01 4.799483066654702257e-01 -1.783118115168197848e+00 3.009522350022802994e-01 3.625124644914830552e-01 -1.546612669120299488e+00 3.359389771637070598e-03 -4.031180645560980547e-01 8.950088539768958906e-01 -1.519261652717012190e+00 2.916383991994840608e-02 1.001748545291331727e+00 -1.586614475843501015e+00
-6.079855944633482528e-02 -1.670723822709384299e-01 3.790805297402686236e-01 -1.740782774617651407e+00 2.600644307341740680e-01 3.815770810931143897e-01 -1.547517289925158135e+00 -1.405943424620674417e-05 -4.062169665507472938e-01 9.167743090218656299e-01 -1.509395646140461400e+00 -4.872869354127584707e-02 9.113743314661399975e-01 -1.609944591290437321e+00
-1.212019433908834015e-01 -1.849691303626563865e-01 2.740431004831778150e-01 -1.672233620608568616e+00 2.102717033674918745e-01 3.928038177921256424e-01 -1.536055656339492259e+00 3.618633420409657180e-03 -4.059800667141139074e-01 9.353409748006198399e-01 -1.480419760126575834e+00 -1.079902030112700334e-01 8.136249879472128299e-01 -1.587056339003698913e+00
-1.760583428114845250e-01 -1.942452593585053400e-01 1.658113311034416781e-01 -1.586735779961840898e+00 1.623927440991416449e-01 4.002148377005597113e-01 -1.516139477286835735e+00 -5.891111227506607827e-04 -4.072303982999149197e-01 9.520709477104903895e-01 -1.463455954183904728e+00 -1.468095398341101310e-01 7.236591563177202646e-01 -1.574611792017634349e+00
-1.915413898231520529e-01 -2.586633627650266054e-01 9.923222007220112995e-02 -1.527469407537070722e+00 1.385716999048445253e-01 4.512326589442005043e-01 -1.516792253183832262e+00 2.529321010215851342e-03 -3.213785564669273676e-01 9.846207683548786616e-01 -1.433241863273182037e+00 -7.906753354025099906e-03 6.122167316564813833e-01 -1.702444168977204741e+00
-2.468671570630605883e-01 -2.590922225597733219e-01 2.012467038535505071e-02 -1.442104592076912883e+00 8.475375947145696864e-02 4.574861694326076145e-01 -1.488466854172612264e+00 4.773680980808383059e-03 -3.060721907536148034e-01 1.000200350190912468e+00 -1.393994567627858450e+00 1.083898194866456978e-02 5.381957318594452477e-01 -1.719113126120780155e+00
-2.939689332080174244e-01 -2.458728629064799442e-01 -4.680352477720019916e-02 -1.366102395668579161e+00 3.609412295335350657e-02 4.627864292948603020e-01 -1.457748844771545427e+00 -4.938699079793870683e-03 -2.945380863797871784e-01 1.017295766596138185e+00 -1.377895849420934127e+00 2.594148020697683785e-02 4.793161291818379133e-01 -1.695787255891237910e+00
-3.292364248808262728e-01 -2.319534339931148548e-01 -9.604369192089506901e-02 -1.301808722080441072e+00 -4.235475662014692028e-03 4.721818869775042948e-01 -1.430357843635204018e+00 -2.518874265125545589e-04 -2.661613916509286137e-01 1.031759919021805638e+00 -1.329355243298854017e+00 3.074569513063618587e-02 4.450977010497648712e-01 -1.584253554571996681e+00
-3.509936003865659626e-01 -2.176842690507606315e-01 -1.255963231209606401e-01 -1.255038349340436010e+00 -3.437086547541996773e-02 4.887065525917470565e-01 -1.410424703532230595e+00 -7.416720316842249396e-03 -2.418061637079823301e-01 1.048829134522277773e+00 -1.302485039221977337e+00 -5.089197924006643586e-02 3.737486783472933616e-01 -1.362983922189685337e+00
-3.531282047973793303e-01 -2.003386977843216177e-01 -1.350199823335769267e-01 -1.228279357329043808e+00 -4.844700006174942897e-02 5.188865561398289250e-01 -1.403998053679874181e+00 -2.701999084715418775e-03 -2.192464056752575774e-01 1.061751727045085136e+00 -1.246204276500852082e+00 -3.986994976788041378e-02 3.636622837190571778e-01 -1.320550513893703037e+00
-3.532508021989196889e-01 -1.900683054051744147e-01 -1.167890305788838734e-01 -1.231648055919515983e+00 -6.058710065209641643e-02 5.498941462784140422e-01 -1.399558299838388864e+00 -6.624834363840113437e-05 -1.996900425017857639e-01 1.073979413646938719e+00 -1.192447014769082214e+00 -5.363646426109345416e-03 3.782110517670739247e-01 -1.319225462759161305e+00
-3.405322261183858501e-01 -1.848963088575527047e-01 -8.268538499906961936e-02 -1.247559268174703861e+00 -6.067100361926372476e-02 5.916253841837727512e-01 -1.406948763570145644e+00 -1.342710459707692049e-03 -1.851767630106962714e-01 1.087099808313233273e+00 -1.154473926811861784e+00 3.248919741159228547e-02 4.120784521027187619e-01 -1.355351598211195219e+00
-3.233744484563413901e-01 -1.881223251470328650e-01 -3.854881118882614449e-02 -1.269720988970463482e+00 -5.605742450235521451e-02 6.395148669851488110e-01 -1.419758549762144328e+00 -2.472180963848795519e-03 -1.772242469247685970e-01 1.101872478807073952e+00 -1.125306680454058350e+00 6.414977260633705769e-02 4.507342493293949315e-01 -1.393597065894612408e+00
-3.003885803368598895e-01 -1.971477121037563396e-01 1.045111013625066830e-02 -1.297418420358831925e+00 -4.408932426567954005e-02 6.927392773759227795e-01 -1.436837336137124943e+00 2.091088170902468399e-04 -1.747715017806844573e-01 1.116074989194327127e+00 -1.098876614766889359e+00 9.042072532500794457e-02 4.923160102335434885e-01 -1.419286079846774129e+00
-2.748475056590709009e-01 -2.084769084837049813e-01 6.261289041053248738e-02 -1.336893459968610198e+00 -3.042353303364375358e-02 7.443672000553990253e-01 -1.455211088399408270e+00 -7.076992380822850082e-04 -1.805536577911850127e-01 1.134010619670683395e+00 -1.100675183866976381e+00 1.119369169372927547e-01 5.343222713231186027e-01 -1.445768976248212878e+00
-2.442251019560265635e-01 -2.139439257426505869e-01 1.108909777210654590e-01 -1.370618975910567139e+00 -3.066644196965239225e-02 7.878530090399457064e-01 -1.467501616456660996e+00 -1.734552966320520228e-03 -1.971133915150037608e-01 1.161817706110939818e+00 -1.137498934933741657e+00 1.266744302194554583e-01 5.779465985359109048e-01 -1.468183880655224982e+00
-2.209447139739761090e-01 -2.184246986059290574e-01 1.590418627724932144e-01 -1.407355980470373247e+00 -3.110199355033220134e-02 8.307147254833850969e-01 -1.484919703311730732e+00 6.372065762846070708e-03 -2.234987086357477781e-01 1.199787055148190840e+00 -1.199982864284437012e+00 1.342158855466386580e-01 6.226922499164753155e-01 -1.467655498189911478e+00
-2.078274292890074648e-01 -2.265348601691286046e-01 2.077654946441743200e-01 -1.448953918657903239e+00 -3.209035426274355757e-02 8.692917115029852315e-01 -1.507991939794365743e+00 6.798789501537061408e-03 -2.505025831431390571e-01 1.232663338498174888e+00 -1.290115748479134128e+00 1.361301270750808201e-01 6.655047619429025341e-01 -1.480237236674508239e+00
-2.009050519502791621e-01 -2.345867126707713302e-01 2.543491069048801068e-01 -1.489113407156866575e+00 -2.257249329226746620e-02 9.042553193333877637e-01 -1.543824447446350279e+00 -8.503607424150615938e-04 -2.762809760951482341e-01 1.257323180381629157e+00 -1.409432265543560936e+00 1.320057276641407040e-01 7.069791763155419684e-01 -1.505004117778488526e+00
-2.003948334155762345e-01 -2.426083284722018452e-01 2.992777960488959277e-01 -1.525365971107059959e+00 -1.263868566124773385e-03 9.310132928433464405e-01 -1.592217932428046767e+00 -1.970691689270709804e-05 -3.075156226389864633e-01 1.266967627441396349e+00 -1.524821714504136727e+00 1.207399730115536057e-01 7.474386123990829356e-01 -1.505202556575664152e+00
-2.108841535996582583e-01 -2.552810043745322721e-01 3.441511482713253134e-01 -1.557390885992267160e+00 2.754550462279517498e-02 9.420714741753729582e-01 -1.651723501484818835e+00 4.704761666968438824e-04 -3.554022700895101416e-01 1.254763053605564060e+00 -1.640521380424992959e+00 1.056341683680689786e-01 7.846829159904464834e-01 -1.498886887398722889e+00
-2.180292567849938801e-01 -2.633402476695635430e-01 3.853519017508680866e-01 -1.581540715984662171e+00 3.268191300057839144e-02 9.323316979318524433e-01 -1.706354985505170063e+00 2.948410600202558602e-04 -3.887855903551553083e-01 1.215089768022290073e+00 -1.736073431429084213e+00 9.125707013987999217e-02 8.181135867423895425e-01 -1.487627218179236488e+00
-2.132615634926040560e-01 -2.602571609257589014e-01 4.204101414366527845e-01 -1.595715337695713609e+00 5.081653765959083524e-02 9.145013512631451347e-01 -1.767207953007820187e+00 4.583807449318060695e-03 -4.168339317083577522e-01 1.146650635089679016e+00 -1.794636029034057279e+00 7.732723302148362954e-02 8.465188211030589827e-01 -1.458867232585695506e+00
-2.371060343311182650e-01 -2.784062317939698938e-01 4.604625239696860661e-01 -1.608035571480039172e+00 3.626525393247256868e-02 8.535794776536076434e-01 -1.808312359445756634e+00 2.244429036568751541e-03 -4.503166427660137416e-01 1.054989288457205632e+00 -1.838099636433764728e+00 6.610494360642753253e-02 8.703245359985760654e-01 -1.438580853319846087e+00
-2.156351741931897548e-01 -2.583146217689065161e-01 4.862146102538267844e-01 -1.608130178908188324e+00 8.316995475589016029e-02 7.951382479508168899e-01 -1.849939902212347276e+00 -1.301768299707393257e-03 -4.889181906656119847e-01 9.500665004412033321e-01 -1.857600076240455644e+00 5.664755141188819454e-02 8.902046977289996832e-01 -1.415845222333768527e+00
-1.829651147240192177e-01 -2.270037243617882283e-01 5.068249405631171101e-01 -1.602354383609919219e+00 1.424186313445633123e-01 7.112891209340234111e-01 -1.865239374963679087e+00 8.065170105715301074e-03 -5.248087319840082365e-01 8.396937740691680085e-01 -1.829942950409551905e+00 4.934955548074809045e-02 9.057059715143795930e-01 -1.363031781086186944e+00
-1.610525042991788058e-01 -2.018055624996476505e-01 5.278161006531393307e-01 -1.595544531721967862e+00 1.855826658716280275e-01 5.864551457060385165e-01 -1.834406405696875186e+00 5.118816715077602157e-03 -5.735192561892077379e-01 7.216945190551431466e-01 -1.794831463511494807e+00 4.414640750705810940e-02 9.200391904801195064e-01 -1.334089328914571881e+00
-1.236535929287535251e-01 -1.615436171121260589e-01 5.405533970653191300e-01 -1.581698619414122930e+00 2.362823775737570020e-01 4.535260976358128637e-01 -1.773348413120387157e+00 2.784079082349160111e-03 -6.206836285804609998e-01 6.110343809764471334e-01 -1.744394631111303884e+00 4.101495106770548793e-02 9.319930529643407624e-01 -1.300777894838747173e+00
-8.260695359741027088e-02 -1.156451727030039373e-01 5.480646771255597294e-01 -1.561761293504867698e+00 2.802391696341840488e-01 3.104350782893887661e-01 -1.684597533092587973e+00 5.596942376876710111e-03 -6.638287348432303503e-01 5.095753802099497465e-01 -1.667402882280276000e+00 3.948702130599587856e-02 9.409120204797598586e-01 -1.253406974421350517e+00
-3.339383180512925375e-02 -6.037183745052759204e-02 5.464792207639269650e-01 -1.531772528895893437e+00 3.181978656080255430e-01 1.690584836900496102e-01 -1.574248700985828586e+00 7.089484057107848895e-03 -7.019915954172450956e-01 4.236820540096536969e-01 -1.577842729960151180e+00 3.954913630518993445e-02 9.476602288010683717e-01 -1.205100838471055980e+00
-1.836684146286792678e-03 -2.002110464177781282e-02 5.513106763431365742e-01 -1.506066866749517841e+00 3.349310829195866757e-01 2.653234851301482233e-02 -1.438034929628869696e+00 -1.564040560263155362e-03 -7.414993602683132012e-01 3.475095406402572418e-01 -1.496775098069710985e+00 4.183133786977214635e-02 9.571275355788039230e-01 -1.180224864869547030e+00
3.529729806516607171e-02 2.529361883985739579e-02 5.501550579569853827e-01 -1.474640164645363960e+00 3.459384387716954445e-01 -1.060930424844430814e-01 -1.287428816486231087e+00 3.229571695746665232e-03 -7.629223916519132231e-01 2.954072463335837284e-01 -1.395924676591180580e+00 4.569008849810112655e-02 9.608852317644824836e-01 -1.122493807688202283e+00
5.564543850201913305e-02 5.485844826417871078e-02 5.605045400898175378e-01 -1.454002194795160463e+00 3.473007282592980860e-01 -2.247427546405575127e-01 -1.141705812374371964e+00 4.643982584618178470e-04 -7.848253687446182791e-01 2.588771243505683106e-01 -1.321324618274336560e+00 5.143901053090221137e-02 9.670654696680669460e-01 -1.081826347295669288e+00
8.432481102650513094e-02 9.108875035127507458e-02 5.635195913512477395e-01 -1.425615075211956295e+00 3.461049502653257837e-01 -3.178787561268126560e-01 -1.004692738230916538e+00 1.123144483583260120e-02 -7.850000000000000311e-01 2.440467998997183086e-01 -1.229454728723837542e+00 5.861088147145298438e-02 9.658643728394838979e-01 -1.006213477102568588e+00
1.092551614086161166e-01 1.233554420485230840e-01 5.686080857721014237e-01 -1.399258953115826376e+00 3.440786074775845083e-01 -3.707862593172716603e-01 -9.200000000000000400e-01 7.609418976710097954e-03 -7.850000000000000311e-01 2.467944701454616308e-01 -1.179519867350476980e+00 6.753999558054225860e-02 9.703661846847290162e-01 -9.651543240359713449e-01
1.060447375111212148e-01 1.285433128964688365e-01 6.010673105345579748e-01 -1.401268413918778544e+00 3.357891521505211863e-01 -3.666012116417298183e-01 -9.200000000000000400e-01 4.701019689933491272e-03 -7.783138087223319124e-01 2.623253997670301763e-01 -1.143021403988667917e+00 7.786795237392253599e-02 9.741390349107185154e-01 -9.217793215131682150e-01
9.974208663639652639e-02 1.283417565156429740e-01 6.416777292615289952e-01 -1.404788674857569086e+00 3.377225360279333954e-01 -3.653364504887163799e-01 -9.200000000000000400e-01 -9.197521805063240199e-03 -7.810680944832968375e-01 2.847151067990952855e-01 -1.154326072160879679e+00 9.198325391537470752e-02 9.894449283562467556e-01 -9.200000000000000400e-01
1.067741696236632343e-01 1.381567895076812325e-01 6.745950911799312166e-01 -1.397688035815980889e+00 3.364812375060747818e-01 -3.388545758789044959e-01 -9.200000000000000400e-01 -1.019038697535323661e-02 -7.735797018670385050e-01 3.151073654576800331e-01 -1.154404069454620707e+00 1.071613811109773384e-01 1.013769394764511667e+00 -9.200000000000000400e-01
1.117774806904479890e-01 1.433429853568847501e-01 7.117628131933118052e-01 -1.397736157481682451e+00 3.336215657574773674e-01 -3.113158527079709081e-01 -9.200000000000000400e-01 -8.500591797853182877e-03 -7.641609164178707614e-01 3.468342938543378939e-01 -1.155350795232777728e+00 1.267593948972746964e-01 1.035215529687863345e+00 -9.200000000000000400e-01
1.160879091125489732e-01 1.451483227202630677e-01 7.482659859543673297e-01 -1.404673327775765923e+00 3.374300308817697047e-01 -2.591093919681246582e-01 -9.833214142627789700e-01 -5.649313925923445980e-03 -7.542173605235334977e-01 3.802398394922374414e-01 -1.159473150265284858e+00 1.424727247636517202e-01 1.066269555152723703e+00 -9.200000000000000400e-01
1.076113531725509526e-01 1.257850226653137449e-01 7.954109372667760303e-01 -1.431912056504996977e+00 3.401527838711695950e-01 -2.044408106211271781e-01 -1.057270552015253440e+00 -8.363137993818407431e-03 -7.454113406054381219e-01 4.160118850073377672e-01 -1.186758081428485934e+00 1.559800908924759144e-01 1.082458368897419865e+00 -9.200000000000000400e-01
1.184672234833088478e-01 1.208784017057628890e-01 8.198223728178170022e-01 -1.451284435918650972e+00 3.485098335048113505e-01 -1.434880094193498878e-01 -1.132899461664401697e+00 -5.463294315330722954e-03 -7.302684318251131401e-01 4.544684514456162616e-01 -1.209999467101497528e+00 1.808957864212333011e-01 1.105389314433768755e+00 -9.200000000000000400e-01
1.269846574492260738e-01 1.032844039822769927e-01 8.471965416689437589e-01 -1.483242536108956067e+00 3.573065542116760640e-01 -8.193759402356935728e-02 -1.204760890419773078e+00 -7.463561433927289566e-03 -7.129958210304264687e-01 4.950531363771804583e-01 -1.255382541079074876e+00 1.840531964544470933e-01 1.120673774656277821e+00 -9.200000000000000400e-01
1.326918094556722438e-01 7.644919217817527923e-02 8.737786571723535900e-01 -1.524931560625600424e+00 3.660190343121529355e-01 -2.325748005707221205e-02 -1.270807592991050505e+00 -9.759397680761935923e-03 -6.926813297849900852e-01 5.357889053561734061e-01 -1.306826964509635758e+00 1.837761799233500748e-01 1.114643158770286524e+00 -9.200000000000000400e-01
1.423535021549282575e-01 5.176255645756296792e-02 8.904954835370298971e-01 -1.566835084546396084e+00 3.771488796106151065e-01 3.333903708634324697e-02 -1.331457369866497986e+00 -1.995361540072746950e-02 -6.747970181024407488e-01 5.749721242814257449e-01 -1.376217784482133055e+00 1.748344290151975233e-01 1.121450408177401048e+00 -9.200000000000000400e-01
1.501969608296552516e-01 2.640485748490341289e-02 8.969796216868953787e-01 -1.608961738439001810e+00 3.878391966907169253e-01 8.599391306835824089e-02 -1.384126294646354172e+00 -1.650164925971412365e-03 -6.400828134406989500e-01 6.141733389711500068e-01 -1.383099230049911421e+00 1.942275107282438462e-01 1.264156674540310776e+00 -1.105768872888390542e+00
1.543734625336892763e-01 -2.220424953831262160e-03 8.902702557603824340e-01 -1.652204939750658852e+00 3.964761548574213812e-01 1.347186710319572822e-01 -1.428216592510426652e+00 7.027893286731489689e-05 -6.095498269380482670e-01 6.498538808238216724e-01 -1.422929088535148434e+00 1.778009399437378013e-01 1.324091924627381456e+00 -1.273937849730752525e+00
1.532492683759736074e-01 -3.039834277119779493e-02 8.713512421045361833e-01 -1.699722526620420560e+00 4.016790457092672129e-01 1.787124843226814419e-01 -1.464684839435248520e+00 3.526035982035197799e-03 -5.782445176064389125e-01 6.836550843545474709e-01 -1.452061613996014966e+00 1.557190085130511770e-01 1.364953966827228138e+00 -1.430705562794368113e+00
1.465942143767520744e-01 -5.671355910454794341e-02 8.405658807402403010e-01 -1.748984174976995876e+00 4.028102276987171049e-01 2.185061956570413522e-01 -1.494896679222728508e+00 3.847161620039753031e-03 -5.516441583644431379e-01 7.149035645650723136e-01 -1.478598500217088274e+00 1.239532295669804468e-01 1.367746618844792872e+00 -1.561972955791340656e+00
1.435833961737237596e-01 -6.620414295149268380e-02 7.930832939050606045e-01 -1.790019664003331679e+00 4.050385712747707201e-01 2.555183068650621059e-01 -1.519008202229255478e+00 3.539969165310258119e-03 -5.286943146379218250e-01 7.436420958664500258e-01 -1.497777717772699413e+00 8.430817142897949201e-02 1.335197891123198977e+00 -1.647013192459448661e+00
1.119763472124966353e-01 -9.409819803272695404e-02 7.492031670458634274e-01 -1.833431959959261004e+00 3.878731385542282806e-01 2.872428747650053737e-01 -1.539359307445852698e+00 8.448463210945566376e-03 -5.090704149002107659e-01 7.708109315598952183e-01 -1.498800775448389855e+00 3.512963624332710727e-02 1.286871409429750868e+00 -1.691707873981583621e+00
8.691107217407505192e-02 -1.030325183123420169e-01 6.872869723272071463e-01 -1.848943877621786802e+00 3.726936124400187511e-01 3.164890596682408686e-01 -1.553687511587963366e+00 5.257242974120467094e-03 -4.960829561342262606e-01 7.954156698509361467e-01 -1.510985366485271042e+00 -2.165628988528583293e-02 1.218511441582735610e+00 -1.709129327545452881e+00
3.915719894263575834e-02 -1.276301927518578849e-01 6.280828277180495745e-01 -1.852607628682446217e+00 3.397032593097522035e-01 3.395472759769599946e-01 -1.561891805694057833e+00 2.499411747242523494e-03 -4.850276091563013869e-01 8.170375871740431784e-01 -1.515473411024165440e+00 -8.725363135420380334e-02 1.128126427471116688e+00 -1.681155981218129369e+00
1.168876218119493590e-02 -1.223056873875877637e-01 5.510901295086548801e-01 -1.825251965935429599e+00 3.187317868872439619e-01 3.621221454291633779e-01 -1.564759930748822025e+00 5.635399419865541777e-03 -4.734061909491866782e-01 8.360471774977490389e-01 -1.502758827639945727e+00 -1.580264892257796649e-01 1.034032310810366395e+00 -1.609478426980039067e+00
-3.677855895181895290e-02 -1.252582455290748020e-01 4.763965482654707873e-01 -1.783450589426375243e+00 2.808338724759821825e-01 3.765346008400503042e-01 -1.560389198264904520e+00 3.020979223301730864e-03 -4.647755681089206781e-01 8.520811543738614491e-01 -1.497579417070676211e+00 -2.275096409588086011e-01 9.511572891809858543e-01 -1.536504607556592683e+00
-9.974781527670199821e-02 -1.314678685130068192e-01 4.001627916749954106e-01 -1.733728274931439772e+00 2.302918977720925520e-01 3.814647083233407288e-01 -1.546090371992829171e+00 4.453418028980910340e-03 -4.567357837263738563e-01 8.659452263801108440e-01 -1.481614567039944985e+00 -2.834347753928126434e-01 8.706238568318012128e-01 -1.424563520958406437e+00
-1.507579888338206331e-01 -1.207016481972559563e-01 3.217712654552865592e-01 -1.671196631755752060e+00 1.875871340635870965e-01 3.843556455044895293e-01 -1.528502129189105885e+00 9.793531305397380413e-03 -4.482552891284153351e-01 8.784027998992697261e-01 -1.457164278266436019e+00 -3.769218640349556448e-01 7.745320870403809010e-01 -1.279489355066398160e+00
-1.936441844010992896e-01 -1.035362386099118182e-01 2.480466546804890038e-01 -1.600189122310028411e+00 1.504700848410031044e-01 3.859654337254685430e-01 -1.509732943481054246e+00 5.092224619664240289e-05 -4.466165458528976728e-01 8.912365736110994252e-01 -1.463770723949965102e+00 -3.865402150531679903e-01 7.095653382089300854e-01 -1.128670715846786354e+00
-2.390951609009313306e-01 -8.866867483000674677e-02 1.878180643380270576e-01 -1.535687760267974822e+00 1.109813612744632583e-01 3.829508189584375777e-01 -1.486579136060174999e+00 -8.511976579492696107e-03 -4.444161594713393337e-01 9.047727903626847645e-01 -1.468245476823901274e+00 -3.830549781556993327e-01 6.459035297000566000e-01 -9.987696979111743145e-01
-2.853143310319696813e-01 -7.320971162391419484e-02 1.508108828616863129e-01 -1.487920674340265537e+00 7.060181999769107875e-02 3.762220745988222870e-01 -1.459672988032538976e+00 -1.220647135208726905e-02 -4.402300135150675753e-01 9.189312062189405328e-01 -1.462324978178387802e+00 -3.667878799638326082e-01 6.074607040275906700e-01 -9.200000000000000400e-01
-3.159697016613641218e-01 -5.523071187386024983e-02 1.245889160448682004e-01 -1.446161751413713281e+00 4.163334287915205351e-02 3.758398848439370998e-01 -1.439076147363965497e+00 -1.094329827900496037e-02 -4.208148861394567786e-01 9.335794899194111984e-01 -1.452896920286551152e+00 -3.698332974848385080e-01 6.008275282184702970e-01 -9.200000000000000400e-01
-3.368009882238996999e-01 -4.285061504144858230e-02 1.116516499676124957e-01 -1.412291205120731918e+00 1.979890295727415941e-02 3.801663407957595608e-01 -1.424080228123476788e+00 -1.260681621174660968e-02 -3.989800370966477550e-01 9.489065028772963872e-01 -1.450729712762098167e+00 -3.534245054239223971e-01 6.058460172819294387e-01 -9.200000000000000400e-01
-3.440177118624239139e-01 -4.077636234381992048e-02 1.094806418261368985e-01 -1.384778987022162289e+00 8.057722466298090219e-03 3.929296290266992564e-01 -1.418914724027514396e+00 -1.840091147793783638e-04 -3.741811011488497263e-01 9.625041646231394799e-01 -1.419303391111973234e+00 -3.289331259536661389e-01 6.174748567600641946e-01 -9.257050680462480807e-01
-3.418043752328898122e-01 -4.325528898973240305e-02 1.251136819104857467e-01 -1.374004217640090619e+00 3.482210819900125563e-03 4.125386835805704977e-01 -1.422142252973782606e+00 -1.075820089700646638e-02 -3.550383216440078926e-01 9.793820727783074664e-01 -1.436370763660769656e+00 -3.074712027284628446e-01 6.389214198501019792e-01 -1.000090793278186840e+00
-3.301836882544451623e-01 -4.421869125959439900e-02 1.552067210870121394e-01 -1.375978623554911184e+00 6.577273835851720103e-03 4.384603231824759639e-01 -1.431979499452251892e+00 -4.403810853108225745e-03 -3.330970639462392247e-01 9.927492025607272952e-01 -1.417583546160408492e+00 -2.828604850417368310e-01 6.544463574983010457e-01 -1.030886961127031709e+00
-3.161498440308589397e-01 -4.961495600361647690e-02 1.847466049578897207e-01 -1.383106781461835189e+00 1.229782961042199911e-02 4.650997884288018969e-01 -1.441993255721522038e+00 2.746004735353306265e-03 -3.125038785523623908e-01 1.004473381800377041e+00 -1.396571808868112052e+00 -2.589514189240494368e-01 6.665778806174221804e-01 -1.054617054422423594e+00
-3.013755177766435644e-01 -5.520676565294657667e-02 2.121726802692281977e-01 -1.395550832004535780e+00 1.942980062853606749e-02 4.912239919128182364e-01 -1.451399445299695889e+00 6.966691783602966051e-03 -2.951379841774802726e-01 1.015464224020314665e+00 -1.382553346368949221e+00 -2.370654554527522884e-01 6.770921790579742527e-01 -1.080373047157211497e+00
-2.867784357818246033e-01 -6.234536883137722224e-02 2.391438310804230305e-01 -1.410628313816645996e+00 2.718194268187213922e-02 5.169392265944823261e-01 -1.461396974960243789e+00 1.127023620849013433e-02 -2.816619301924749297e-01 1.025663272971997886e+00 -1.371218930186226981e+00 -2.180407355052241258e-01 6.863979744490061874e-01 -1.098989291454481210e+00
-2.722561362512074812e-01 -7.113768235980547083e-02 2.653207239088016811e-01 -1.423617448577161770e+00 3.574559954082994623e-02 5.419157473643271272e-01 -1.472094738838565453e+00 1.264588507339050802e-02 -2.729108414095586799e-01 1.035505226871556994e+00 -1.369898311147980774e+00 -2.010797956147984122e-01 6.958488875478102687e-01 -1.119632875432136743e+00
-2.608971594103495772e-01 -8.181421804909574935e-02 2.908354164044870127e-01 -1.434055652113615409e+00 4.229969738818051272e-02 5.642874879810760858e-01 -1.482235183838669590e+00 3.039005193601771663e-04 -2.716079424929272457e-01 1.045903077939291048e+00 -1.400442301030423664e+00 -1.890712032621132688e-01 7.085132921603388700e-01 -1.165975223694647012e+00
-2.485269541010588501e-01 -9.000398570520813657e-02 3.137626544589736111e-01 -1.443725969003859300e+00 5.062091331794525001e-02 5.871314400363605301e-01 -1.495836731509261108e+00 1.383742369291944031e-02 -2.715119282339568119e-01 1.047268956596911993e+00 -1.380274726796783424e+00 -1.776842035367770800e-01 7.147460217056879062e-01 -1.143086996620581441e+00
-2.388312853895916410e-01 -9.763332720918783958e-02 3.363765121338952446e-01 -1.455087249439576791e+00 5.717747017023341177e-02 6.086476429830260937e-01 -1.511316776358209157e+00 4.125204170950676186e-04 -2.839781408103612681e-01 1.062431903001479716e+00 -1.442770564748605544e+00 -1.724254240900827129e-01 7.308973152774491666e-01 -1.182788982196280037e+00
-2.320817788165148166e-01 -1.032650949298949683e-01 3.581799429155675396e-01 -1.467431777073237908e+00 6.054481194027314106e-02 6.317611953222870280e-01 -1.526175564746428570e+00 4.984907925104628735e-05 -3.273932133405602629e-01 1.110937141171674636e+00 -1.564011864435352894e+00 -1.688352993090602716e-01 7.431665736354108320e-01 -1.183545805191151823e+00
-2.254713978509068906e-01 -1.072601785128908664e-01 3.796917850253104243e-01 -1.479181896715306088e+00 6.298428918765355822e-02 6.587246860963013040e-01 -1.539135643001252163e+00 -2.195634671467128717e-04 -3.618053255245275435e-01 1.115692033796072069e+00 -1.624067195804531183e+00 -1.663062596718795638e-01 7.550143752694495891e-01 -1.180868621791707707e+00
-2.126966580139837693e-01 -1.074063753128587234e-01 3.989939590782518031e-01 -1.488421121651955392e+00 7.331929488367584791e-02 6.864621481942464465e-01 -1.559062822174254848e+00 6.191643661552001694e-03 -3.978177072098643685e-01 1.107627651655630929e+00 -1.671682482438851869e+00 -1.620817316130011565e-01 7.653856494042277081e-01 -1.164930674400073141e+00
-2.086357854056388739e-01 -1.143169571126199241e-01 4.236913131353781670e-01 -1.502003613465078269e+00 7.786734390736070599e-02 7.003583039748715322e-01 -1.583264662211781637e+00 9.362207682559981620e-03 -4.380439218215624320e-01 1.089268956986690684e+00 -1.722395410747886713e+00 -1.573156384379301997e-01 7.754995102083342973e-01 -1.155752895244641421e+00
-2.054672109736014884e-01 -1.209078166826667022e-01 4.483305183424797224e-01 -1.514801063500211820e+00 8.436089782280230265e-02 7.053410604614738233e-01 -1.615570576394918412e+00 8.640256738044105669e-03 -4.843945286964808639e-01 1.059961390023161698e+00 -1.774387094304822110e+00 -1.531019659866365568e-01 7.884220110112446500e-01 -1.157713852091195594e+00
-2.000337870297458631e-01 -1.239181218698043874e-01 4.706661965247721513e-01 -1.525090790853473655e+00 9.661706681766302207e-02 6.990454846860355564e-01 -1.654692620793189128e+00 6.955367558592858226e-03 -5.345857161521212486e-01 1.014420446213967875e+00 -1.807982760046086268e+00 -1.497091350696547474e-01 8.002384594482923053e-01 -1.157674461230252971e+00
-1.941838783154151704e-01 -1.253040386977167797e-01 4.924303459274502193e-01 -1.534496251597680327e+00 1.127424216661970513e-01 6.771142474892488661e-01 -1.695727417430263007e+00 4.370356392506392559e-03 -5.576010101568497079e-01 9.523326176840271051e-01 -1.829811957515551590e+00 -1.457264842334728694e-01 8.131713831697541250e-01 -1.160582588696730699e+00
-1.875200505333075862e-01 -1.247022843213786980e-01 5.130925293420134370e-01 -1.542699153855876970e+00 1.335832900680906099e-01 6.354033208973997038e-01 -1.735787261540906901e+00 6.209704215392548333e-03 -5.745401510030291314e-01 8.792240110580198387e-01 -1.823484314381361271e+00 -1.403536310668738740e-01 8.240069297028730366e-01 -1.151773361780031646e+00
-1.806590428592288189e-01 -1.218788894504582720e-01 5.315566098378767812e-01 -1.547653458823648132e+00 1.583956112865281263e-01 5.690607443950275179e-01 -1.766168718620523714e+00 8.329578685879374805e-03 -5.920613236093146270e-01 7.928753466640979797e-01 -1.794042645555198767e+00 -1.358324944342954865e-01 8.335146297962277018e-01 -1.139546609576595149e+00
-1.652603981369692721e-01 -1.086241422982367616e-01 5.433052472555019996e-01 -1.544650051312570715e+00 1.929641432005043122e-01 4.810042417396589998e-01 -1.774240853996868150e+00 8.705312904118927067e-03 -6.088274666403176161e-01 7.082612927674465375e-01 -1.750738138180787606e+00 -1.318904931382070822e-01 8.419834503300636097e-01 -1.126732456177617747e+00
-1.466170060870409519e-01 -8.943890097416881679e-02 5.506262621578337235e-01 -1.535490352490135990e+00 2.283164709566079531e-01 3.749615966969969683e-01 -1.748683446338135550e+00 9.329632771184055012e-03 -6.242626381340177222e-01 6.312093342520065375e-01 -1.696675954966938571e+00 -1.284572158643040307e-01 8.489550535699893485e-01 -1.108775390300843044e+00
-1.152258402382088653e-01 -5.736024308964982055e-02 5.487537835645186490e-01 -1.516439374173636612e+00 2.659858197709344951e-01 2.687902377182957436e-01 -1.688800770526659889e+00 8.268947060872592139e-03 -6.378148966653121033e-01 5.657811713053361169e-01 -1.641905360152683402e+00 -1.245513852550761275e-01 8.554964816894378155e-01 -1.093086773455277827e+00
-9.049937527996682052e-02 -3.007489336981730710e-02 5.484650344550699996e-01 -1.497420583094964730e+00 2.902734650268303240e-01 1.626245202958540859e-01 -1.600843359067330551e+00 7.234150159704408507e-03 -6.514194884791081330e-01 5.147161556665198479e-01 -1.595213265948350445e+00 -1.198154527649000073e-01 8.611702909734588740e-01 -1.075466886930428911e+00
-6.179124527952296886e-02 1.673036186571865737e-03 5.438212195059906051e-01 -1.472772270830065011e+00 3.105349074981985646e-01 5.173773528776816344e-02 -1.488724370996200586e+00 -5.413517635111900640e-04 -6.670137578080468366e-01 4.802888705763692645e-01 -1.571946144988153327e+00 -1.145723195557046548e-01 8.689469430239079584e-01 -1.072022221869206149e+00
-2.781891563749696455e-02 3.820182803305082614e-02 5.338591185478567258e-01 -1.441494336221852413e+00 3.240437747594300255e-01 -5.441683493166225155e-02 -1.353892196707145779e+00 -1.186889877934701500e-03 -6.703894980585004548e-01 4.613227192237163155e-01 -1.530502196253883396e+00 -1.083622574136461070e-01 8.742261306095648887e-01 -1.051787655834276469e+00
-3.574111081740063544e-03 6.580238749867535486e-02 5.303319187621793329e-01 -1.415099730927213750e+00 3.272009422605520190e-01 -1.577066501099753104e-01 -1.204441087973507019e+00 9.021894397327786044e-03 -6.588805693091372984e-01 4.542278964324303892e-01 -1.460570829938161452e+00 -1.010324164259593788e-01 8.743002450792658475e-01 -1.003478822686615368e+00
1.584197047448195408e-02 8.969720870351273467e-02 5.303064579694837244e-01 -1.390826911329961391e+00 3.250905999702986549e-01 -2.486582914446721915e-01 -1.055414083013635151e+00 9.415569782442869545e-03 -6.520366914047258655e-01 4.548967600205217066e-01 -1.414697777460649064e+00 -9.378313157658542398e-02 8.779900481405000789e-01 -9.767407797549702009e-01
3.334330396234071181e-02 1.133750733182514597e-01 5.306652470780988118e-01 -1.365692131247880470e+00 3.215594636846724752e-01 -3.096172101371788554e-01 -9.396144424230515879e-01 7.549370975434285987e-03 -6.484257432395059695e-01 4.640097546205019241e-01 -1.384263501202636082e+00 -8.781533180886848255e-02 8.833295271300201090e-01 -9.543824762376897919e-01
3.610210778873252507e-02 1.244615054667847498e-01 5.443805946415588570e-01 -1.353343850042132424e+00 3.190001857223748183e-01 -3.126896969496762990e-01 -9.200000000000000400e-01 -6.957020165372401928e-03 -6.550833700707303642e-01 4.766981133352208300e-01 -1.392753210355066606e+00 -8.130893605051171813e-02 8.951096670493778884e-01 -9.633596513800765093e-01
4.365927354461204141e-02 1.394194073862475847e-01 5.544325808926446886e-01 -1.337422251512199400e+00 3.174819306539758412e-01 -2.975597733858593164e-01 -9.200000000000000400e-01 -2.050396451523494278e-03 -6.510142457773866465e-01 4.930303595747909662e-01 -1.366339549537000098e+00 -7.271273271001553462e-02 8.966149379995317359e-01 -9.214572331667342242e-01
3.372197122959942617e-02 1.377274564308621774e-01 5.824070780614778453e-01 -1.339294680373233071e+00 3.127200766507292617e-01 -2.850626093400757677e-01 -9.200000000000000400e-01 -1.078691980787198704e-02 -6.548811342015670167e-01 5.081327800103202508e-01 -1.372229332529681267e+00 -6.302830818007201796e-02 9.064975995261013164e-01 -9.200000000000000400e-01
2.402767947887052974e-02 1.349275533696008000e-01 6.114171311177104551e-01 -1.341965352875859052e+00 3.076045962886136409e-01 -2.622630574771553369e-01 -9.321436111758931720e-01 -1.141608592415999102e-02 -6.531307042534200136e-01 5.258306824783507416e-01 -1.363352810442815422e+00 -5.128031491701003780e-02 9.214104099608788623e-01 -9.200000000000000400e-01
2.397674052964436295e-02 1.361586854723668694e-01 6.353907216957419557e-01 -1.339944136953330256e+00 3.055790619530855956e-01 -2.281753430415016104e-01 -9.618471955348507629e-01 -1.358516222484937308e-02 -6.492335767184794770e-01 5.443890833532804008e-01 -1.363491145566981144e+00 -3.920397460094752345e-02 9.331500045873704074e-01 -9.200000000000000400e-01
2.602175903313875063e-02 1.357667545102304030e-01 6.605924053628645654e-01 -1.338288720191350034e+00 3.048904615655416150e-01 -1.942417637823071475e-01 -9.940709010264399126e-01 -7.650443737226777716e-03 -6.384008329067049070e-01 5.641328772517173462e-01 -1.349648764169194326e+00 -2.592886147815109260e-02 9.490607927838944358e-01 -9.200000000000000400e-01
2.573598859454030371e-02 1.304029751414304550e-01 6.901338965300568562e-01 -1.341073259177777199e+00 3.043538630465977834e-01 -1.607692609901972824e-01 -1.028976113408730297e+00 -1.358388583126371452e-02 -6.311819859491367701e-01 5.840483304851664670e-01 -1.362671295269339389e+00 -1.713627887519366191e-02 9.601199800095204795e-01 -9.200000000000000400e-01
2.448208247300624404e-02 1.194562896455958201e-01 7.222198329571289932e-01 -1.347759394811056000e+00 3.033420164081617743e-01 -1.260605383318640915e-01 -1.062801542882224837e+00 -1.147705899945260406e-02 -6.165458904803543527e-01 6.052036138909417939e-01 -1.359622878153954550e+00 -1.634013964425453692e-03 9.678726085644557831e-01 -9.200000000000000400e-01
3.156542180004106440e-02 1.128717293907256364e-01 7.461500628678719993e-01 -1.351147524527285482e+00 3.051765067965960809e-01 -9.022004698243406284e-02 -1.095367578453489310e+00 -1.693329764819797786e-02 -6.038896945850810161e-01 6.253334634671671166e-01 -1.372632665895140436e+00 4.403915028763114720e-03 9.706784824543528423e-01 -9.200000000000000400e-01
3.516813425403568505e-02 9.939757113009764500e-02 7.718279788676201125e-01 -1.362022844427876800e+00 3.061925713385256209e-01 -5.613217603506115427e-02 -1.125599904535719675e+00 -1.828339606805997469e-02 -5.887620737658705306e-01 6.452798742698994117e-01 -1.377025168428759327e+00 9.250015046088869153e-03 9.652867551763433251e-01 -9.200000000000000400e-01
4.599322814382458130e-02 9.231210146757065638e-02 7.878104959631442306e-01 -1.372227104456974045e+00 3.105121338281852661e-01 -2.173169410184301598e-02 -1.155494509568181227e+00 -1.571299359225565573e-02 -5.718725850194381621e-01 6.651340838471966332e-01 -1.373070731359006036e+00 -5.414568668615755455e-03 9.607407354725342463e-01 -9.200000000000000400e-01
4.959456017066567884e-02 7.887742670731581751e-02 8.017317465087525630e-01 -1.391709353948295202e+00 3.123383035947372988e-01 9.729334865810351438e-03 -1.182216022457780236e+00 -5.590098364633908946e-03 -5.526047179117929975e-01 6.848454050649874780e-01 -1.353441258304493688e+00 -2.292100982465601275e-02 9.728236350951969813e-01 -9.553774424983978442e-01
5.619521589787052074e-02 6.939001276431400189e-02 8.083943775047229829e-01 -1.415159212699151903e+00 3.159955992508836631e-01 3.985173549111842989e-02 -1.208534074050353624e+00 -1.141795845026063148e-03 -5.397401207835913484e-01 7.036893042668052045e-01 -1.346341752379272894e+00 1.424254467486635138e-03 1.132172181374089481e+00 -1.215365968633407956e+00
6.056968276370952586e-02 5.598057740058130782e-02 8.141501136556866802e-01 -1.445679565737334471e+00 3.189789985851309018e-01 6.853573001699947431e-02 -1.233264564474636726e+00 -2.780833361476559972e-03 -5.254832833347362619e-01 7.246386979989404287e-01 -1.357627616876525778e+00 -1.476645881047824668e-02 1.184133086995930784e+00 -1.362350643780413151e+00
6.807786231916396202e-02 4.635745760903329377e-02 8.135646020697119285e-01 -1.481575874603376031e+00 3.242031608996310266e-01 9.680709048287979013e-02 -1.259777801288399779e+00 6.212961174597934552e-03 -5.092603028522090236e-01 7.455153657993892624e-01 -1.346928886502334555e+00 -3.813814948563966356e-02 1.208848110209410187e+00 -1.458645263696825234e+00
7.701932669541976251e-02 4.002625379657347160e-02 8.057943267694214207e-01 -1.522352124152409614e+00 3.249436898506434246e-01 9.868965172402156816e-02 -1.231705752724463032e+00 2.392637550270089019e-03 -4.985620576818362015e-01 7.676673109270113482e-01 -1.365742563321552083e+00 -6.877348404027122664e-02 1.214995817948682610e+00 -1.552130940714392615e+00
8.000351322076167115e-02 2.943474875221317733e-02 7.935463798132424973e-01 -1.566203373303849178e+00 3.346314107025336604e-01 1.505490976100968548e-01 -1.312423500536556764e+00 4.142853081242176341e-03 -4.866150243013485088e-01 7.890849029060948983e-01 -1.371483000125497176e+00 -1.153571702869324728e-01 1.181181373776662324e+00 -1.583676762702304952e+00
7.860203309588921494e-02 1.585323399569143685e-02 7.686901109112977970e-01 -1.606791956934667587e+00 3.359760584070745071e-01 1.753330006083144155e-01 -1.335561831995050408e+00 5.876993921278545266e-03 -4.746030839974681448e-01 8.098138445378828543e-01 -1.375013652064574377e+00 -1.653543282837136030e-01 1.122907713768230842e+00 -1.573014073096029142e+00
7.119039082742199820e-02 -2.109854550011690689e-03 7.288788694378973698e-01 -1.641522152358054543e+00 3.334715374847732061e-01 1.981434721508198160e-01 -1.354749845029276534e+00 5.277104782688341565e-03 -4.628828805076405928e-01 8.294301535710683071e-01 -1.380603328841859323e+00 -2.171058552069480840e-01 1.038192526350240952e+00 -1.515999863343384213e+00
6.046963710876686326e-02 -1.987044020122523055e-02 6.771876416565872914e-01 -1.661813014075811834e+00 3.284927200385532875e-01 2.200131000278599813e-01 -1.371418118382677687e+00 2.088051749770788914e-03 -4.513386920278177339e-01 8.485254630303239454e-01 -1.389517342291281432e+00 -2.678110338891288578e-01 9.430983952438750650e-01 -1.430032343666705508e+00
4.264606432702851280e-02 -4.167649039412389678e-02 6.179500968078835976e-01 -1.670646382798147478e+00 3.184328145858321135e-01 2.400966430758455783e-01 -1.384326627280469291e+00 2.646755818954018517e-03 -4.370011645464556005e-01 8.665860215153500246e-01 -1.387905376632471155e+00 -3.575144820676950386e-01 8.092496576151120280e-01 -1.270148475209717853e+00
2.159266038816593306e-02 -6.083249070493950555e-02 5.474277955587241173e-01 -1.663130414344299535e+00 3.051566344902846839e-01 2.587208422428108889e-01 -1.392112725440905585e+00 6.857992479362890782e-03 -4.208538902226117706e-01 8.827421981490779501e-01 -1.373775836321693422e+00 -3.833854347917001193e-01 7.519290784262487870e-01 -1.209293941902486624e+00
-1.046991751589729062e-02 -8.080428435920483654e-02 4.697082871163448803e-01 -1.640614270562690491e+00 2.841217290565188902e-01 2.748978771139008459e-01 -1.397756793550827936e+00 7.417221180816390824e-04 -4.074884242438412962e-01 8.999861800818359514e-01 -1.380263768229435639e+00 -3.851772882798032982e-01 6.883209181376238606e-01 -1.120525930098459133e+00
-5.570018524994536230e-02 -1.040931489086519973e-01 3.851426492727975659e-01 -1.601878210618012943e+00 2.532616168089035780e-01 2.870603630832270214e-01 -1.398744467296545224e+00 4.535438138753175000e-04 -3.929162322298986876e-01 9.162391105597674779e-01 -1.371432977466641612e+00 -3.771584381996436197e-01 6.255790059618051568e-01 -1.018018935042684703e+00
-1.047205590839123124e-01 -1.212968891861304355e-01 2.942333607965225695e-01 -1.553313686115373793e+00 2.184583396819534951e-01 2.966665520273401024e-01 -1.396455880445087505e+00 3.042079751384952572e-05 -3.700138505612188267e-01 9.337502010937641650e-01 -1.366036724103732558e+00 -3.632822333433072259e-01 5.734904017216980732e-01 -9.340529216597911466e-01
-1.564356382215927876e-01 -1.297936267918124720e-01 2.089074081030892205e-01 -1.494988251054919948e+00 1.802846688500978900e-01 3.032785311130598016e-01 -1.389868738567548778e+00 -1.339751632076295086e-02 -3.387998982553361293e-01 9.541764740318533500e-01 -1.389957819078894596e+00 -3.469780652785092179e-01 5.442010116691421429e-01 -9.200000000000000400e-01
-2.117869370379929783e-01 -1.310263795419389921e-01 1.327439370953646947e-01 -1.435385211047747855e+00 1.379773729891300704e-01 3.056372249289349696e-01 -1.376714634736625920e+00 -6.758463246734505367e-03 -3.031038047013875358e-01 9.705383942831719013e-01 -1.365769874204282530e+00 -3.317877826775456618e-01 5.426766849276368765e-01 -9.200000000000000400e-01
-2.627061849159752493e-01 -1.262789275789497623e-01 6.396904001958501895e-02 -1.388029312949919269e+00 9.713257207924654024e-02 3.067072018226518759e-01 -1.359500256997533185e+00 -2.455086353635067831e-04 -2.671649533037624979e-01 9.849525890200411249e-01 -1.336008112042851970e+00 -3.029679908507876274e-01 5.618176980555825706e-01 -9.547202378354132657e-01
-3.030856497619268120e-01 -1.174559566074953321e-01 5.180980925653165189e-03 -1.347870937134934000e+00 6.198032908402936747e-02 3.111332014083156294e-01 -1.342969061695845845e+00 -6.752983309242106477e-03 -2.324665000872111753e-01 1.000629519310526794e+00 -1.327743613314479321e+00 -2.677038370170258252e-01 5.958620366112695743e-01 -1.041790755193500173e+00
-3.383122315195923324e-01 -1.102203724386129902e-01 -4.108563212591777314e-02 -1.314132761049518372e+00 2.886852681432146295e-02 3.175447808940413119e-01 -1.326448003917866325e+00 -1.215044651048348618e-04 -1.960199700076024898e-01 1.011621718788275892e+00 -1.283640753012690539e+00 -2.223912551897884449e-01 6.230245795180292534e-01 -1.095417806049803433e+00
-3.612704417703473947e-01 -1.054529541523594599e-01 -7.663927408026431631e-02 -1.282063674366680894e+00 3.151826555366385625e-03 3.306134574041250107e-01 -1.316068308308976142e+00 2.095402141669991392e-03 -1.627237717120498528e-01 1.021933941334562501e+00 -1.243750982643087255e+00 -1.763446135060739994e-01 6.474218022419659935e-01 -1.150472926967612830e+00
-3.763553010030374901e-01 -1.065803723112293266e-01 -9.751873037322503213e-02 -1.253056575520837157e+00 -1.770070092446666965e-02 3.477617500734729861e-01 -1.309397427549392035e+00 3.112173923981553900e-04 -1.331955924271045200e-01 1.031138587293975561e+00 -1.207980328656223179e+00 -1.320489979416211990e-01 6.710036867593068832e-01 -1.204426794417432056e+00
-3.780998811365647305e-01 -1.121761045414461783e-01 -1.095794390685059377e-01 -1.225084332890226335e+00 -2.897202029919983962e-02 3.728842140668157668e-01 -1.311197348810236418e+00 1.526215668411379017e-03 -1.077889621628292521e-01 1.037170319805520213e+00 -1.163018533119495990e+00 -8.967189607078217273e-02 6.911653599328214659e-01 -1.239667627542021533e+00
-3.725283707443133308e-01 -1.236670228490676371e-01 -1.030478183150070753e-01 -1.198804458521972816e+00 -3.471276520817338784e-02 4.032698069608765534e-01 -1.318207646598169358e+00 1.313692634796788253e-03 -8.662248059144431189e-02 1.042810385412197061e+00 -1.123988622736372678e+00 -5.055163593280500439e-02 7.096096805207091629e-01 -1.267951943605189147e+00
-3.613531115751706380e-01 -1.355362636739569637e-01 -8.025032598613177082e-02 -1.191528480026806225e+00 -3.559320621237953286e-02 4.378418659687462466e-01 -1.330024100249479924e+00 4.245533521554032720e-03 -7.160757403607879990e-02 1.048719120494551182e+00 -1.091545772058895025e+00 -1.386945854027197417e-02 7.271114660059975199e-01 -1.284814332283143123e+00
-3.381744310449497637e-01 -1.417380680493101341e-01 -4.727716659623924095e-02 -1.199845768809131297e+00 -2.530015532463386271e-02 4.810791945415711646e-01 -1.354046468377101187e+00 4.366994855646689046e-04 -6.948828197881978808e-02 1.070852283494864610e+00 -1.128512849155191899e+00 2.080252423274389292e-02 7.452854283284691128e-01 -1.312144577305519588e+00
-3.265151486227803601e-01 -1.528401958487759504e-01 -1.160012579358857309e-03 -1.230619402579604227e+00 -2.302505600076194814e-02 5.148620704520726621e-01 -1.371045487725800927e+00 9.030721127833464534e-05 -8.025843105434403435e-02 1.126363564715781695e+00 -1.245533750995830635e+00 5.248013598252477402e-02 7.637167940199759419e-01 -1.327834366152626844e+00
-3.073534155966889947e-01 -1.650477741604834403e-01 4.146856495754380062e-02 -1.263498060641357279e+00 -1.310880662525922523e-02 5.540985815737192732e-01 -1.394713129805723817e+00 -2.911794028431306455e-03 -1.008308042317657832e-01 1.180409549290651228e+00 -1.393840977210656806e+00 8.214360440006172881e-02 7.831130010397533425e-01 -1.347345739109292673e+00
-2.807211461990150592e-01 -1.782067976638947171e-01 7.781393772740914649e-02 -1.294993095813219863e+00 5.880981337295258099e-03 5.978042464188414451e-01 -1.427846496505233542e+00 5.521550498714287818e-03 -1.303507512678888924e-01 1.209029059137666673e+00 -1.529536002450970988e+00 1.070022410012254760e-01 8.028564399461485257e-01 -1.339251791766272959e+00
-2.574181829454288417e-01 -1.906360468536998365e-01 1.125729488941989986e-01 -1.326508171316704843e+00 1.257402145698127303e-03 6.238916285004296736e-01 -1.451433717071979990e+00 3.866132361717891305e-03 -1.659639347607363702e-01 1.210276887547055091e+00 -1.687318518810533741e+00 1.231300045121818537e-01 8.249063267976025626e-01 -1.347658437567839540e+00
-2.450304018753991786e-01 -2.062245777665906721e-01 1.480547213148709629e-01 -1.359608494753118846e+00 -1.645764265464858944e-03 6.403849929866695101e-01 -1.482257796959802976e+00 2.853284380985352409e-03 -1.239186342510187333e-01 1.168329504608686564e+00 -1.778947330739757859e+00 1.321487323787181867e-01 8.473566225756907766e-01 -1.350546584966265673e+00
-2.337003125299702555e-01 -2.187064527449874285e-01 1.813194934935135338e-01 -1.389511460856337699e+00 8.533372653721992343e-03 6.558900831922634955e-01 -1.523423510140514692e+00 -4.427632645635655971e-03 -7.608263061086695256e-02 1.086683850969783371e+00 -1.842585453945940976e+00 1.371206050800379828e-01 8.704895957398153250e-01 -1.362006600007946266e+00
-2.292151841355782316e-01 -2.309964821205994223e-01 2.151431708422216760e-01 -1.419899316618202345e+00 2.522912469345015354e-02 6.689031285408585381e-01 -1.572713749743187339e+00 2.675170103576811342e-03 -2.605380738010718705e-02 9.828106569023670191e-01 -1.839717333318164005e+00 1.398567322867491636e-01 8.903761944085165636e-01 -1.338562656402900508e+00
-2.293786228459727961e-01 -2.425628265638994641e-01 2.482203223801638103e-01 -1.445877721135651051e+00 5.368523898228068358e-02 6.801424325934481985e-01 -1.628972865238446532e+00 6.153427024140306449e-03 1.757481644390352163e-02 8.706050864455847638e-01 -1.808954323485174598e+00 1.400378169211860258e-01 9.088065967715746041e-01 -1.318722677985883607e+00
-2.367568585844111728e-01 -2.556542584100001125e-01 2.819674028653084141e-01 -1.468769183559580194e+00 6.450704830158357495e-02 6.719829238557161188e-01 -1.681193547381244491e+00 2.754673359090846837e-05 5.267275612726495665e-02 7.537694588384117322e-01 -1.766293271060780379e+00 1.387120483039618324e-01 9.264509019226084829e-01 -1.311146990685518210e+00
-2.289165184546255727e-01 -2.559231091528951230e-01 3.106049376284092944e-01 -1.484563543525212470e+00 8.645937325212653402e-02 6.490911956302096719e-01 -1.743570726784275493e+00 -8.371127379528494478e-03 7.703482701021342749e-02 6.474320522079702878e-01 -1.705837333745153561e+00 1.349567052407644741e-01 9.425532958975411102e-01 -1.301484072152928828e+00
-2.282910201111816584e-01 -2.588287805786477769e-01 3.407422320009472205e-01 -1.498589556057019712e+00 1.051822947226576377e-01 6.010855285987052321e-01 -1.794839609258560120e+00 -9.418021798940712577e-03 8.600247004558875252e-02 5.758093382474716027e-01 -1.623073671197200918e+00 1.295635929635594596e-01 9.544514803540639081e-01 -1.267631123999209075e+00
-2.076918263759185146e-01 -2.466744080933554739e-01 3.652250221203554581e-01 -1.505190300688074023e+00 1.461298941869881574e-01 5.414697163884046871e-01 -1.829717996507078448e+00 -1.031178988520298732e-02 8.390725639794748003e-02 5.463165695746952100e-01 -1.556460858448131201e+00 1.227597935372146953e-01 9.696216481733623826e-01 -1.267406923260090856e+00
-1.845492005213030251e-01 -2.330837942362910253e-01 3.887141622695915455e-01 -1.508392118345796673e+00 1.904741805995558701e-01 4.597539533588542171e-01 -1.841487653083293319e+00 -6.160281298264093201e-03 7.986674523688733207e-02 5.348221584621669633e-01 -1.482135859384284160e+00 1.169981567678832074e-01 9.844102140838653092e-01 -1.262764669817246777e+00
-1.522770193980822750e-01 -2.141899516205038601e-01 4.095892819507707117e-01 -1.507833173582440844e+00 2.409313072750121909e-01 3.573797583247297349e-01 -1.820399352388321734e+00 -4.293258126983670424e-03 7.740902046568656769e-02 5.353326032612228946e-01 -1.422288825047814509e+00 1.141625393264969340e-01 1.001573976985293823e+00 -1.270220584164363453e+00
-1.165860450017752042e-01 -1.933356113672154153e-01 4.290723842207291305e-01 -1.504453773480585177e+00 2.883268874970120188e-01 2.416259553218869649e-01 -1.768372592472979843e+00 3.183434957842490396e-03 7.528767680671617779e-02 5.533209794011116900e-01 -1.373256606051339590e+00 1.138526740530318854e-01 1.017138058280635748e+00 -1.267874726042105937e+00
-6.909614797688660992e-02 -1.633188928024353337e-01 4.433879313043317394e-01 -1.494825384371816890e+00 3.347956058261392087e-01 1.270480494548182349e-01 -1.695789339235770798e+00 6.626198379180825437e-03 7.368178987159039461e-02 5.825138470181854267e-01 -1.344339169352083418e+00 1.167515474492487049e-01 1.032988543038599216e+00 -1.272907731374046891e+00
-1.670481506763340368e-02 -1.283069074054851988e-01 4.535133526795658288e-01 -1.479175615636370011e+00 3.679325354457874120e-01 1.656075787625690965e-02 -1.590245591248313772e+00 5.057720781917527178e-03 7.284989074146312749e-02 6.137329307633638820e-01 -1.330455557367178798e+00 1.207037431337011635e-01 1.049070616921402133e+00 -1.289126274548450413e+00
3.031473851517736684e-02 -9.588215263708947667e-02 4.632412327900205518e-01 -1.460626571656735928e+00 3.837258385970703234e-01 -8.930202784486628020e-02 -1.461952259479110117e+00 -2.734666478375932363e-03 7.190488500141480055e-02 6.460401814322626057e-01 -1.331771406820696724e+00 1.238680073587466873e-01 1.066451724388883138e+00 -1.327198937671342671e+00
8.003073578578054348e-02 -6.017323770796485088e-02 4.691534121594087003e-01 -1.436247082003542674e+00 3.889260408918049361e-01 -1.863677741595420323e-01 -1.322652514248055189e+00 -4.279134869774343236e-03 7.103219457820264537e-02 6.777133848873881927e-01 -1.315216234086047153e+00 1.306274975563122831e-01 1.077839072087495742e+00 -1.356049095556589368e+00
1.237177257329216268e-01 -2.587379730054528010e-02 4.739791130748611803e-01 -1.408888310537827593e+00 3.842547557525946567e-01 -2.756191086938316048e-01 -1.178747838066426024e+00 -6.597496295677702377e-03 6.828096033261248088e-02 7.069301092380273488e-01 -1.297332513452998271e+00 1.435592119516008180e-01 1.084647329748535061e+00 -1.389888752307470776e+00
1.702165292552660913e-01 1.342983040976068396e-02 4.715320864466178152e-01 -1.371886953888245220e+00 3.767863343069401960e-01 -3.593321622149610040e-01 -1.040207673344109240e+00 3.018909815423089903e-03 6.391436528502815462e-02 7.318133740304060275e-01 -1.247193565589989506e+00 1.615864032320707688e-01 1.086501491161005806e+00 -1.405722867827969402e+00
2.074610983587603097e-01 4.659739416280069685e-02 4.711975805766251413e-01 -1.336700253304751396e+00 3.673131223491312713e-01 -4.327376518278048811e-01 -9.200000000000000400e-01 -1.406588477114262443e-03 5.981224163552722323e-02 7.565491756084059549e-01 -1.225734239369772105e+00 1.915829083874083516e-01 1.091937347727957475e+00 -1.460148020005464842e+00
2.206599745539243318e-01 6.100924779966297035e-02 4.874025333703139728e-01 -1.320328228527806402e+00 3.617904252654368102e-01 -4.457226980623638091e-01 -9.200000000000000400e-01 -9.593007969739386197e-04 5.574054315640247781e-02 7.797407410613111933e-01 -1.190247138593365062e+00 2.355178635001124454e-01 1.109248442330120765e+00 -1.526373161973138659e+00
2.332722841105598355e-01 7.611841847786000870e-02 5.019746213304310256e-01 -1.303026830858061924e+00 3.406121909666182668e-01 -4.423319368283448738e-01 -9.200000000000000400e-01 -6.646355410727093453e-03 5.223906646617301058e-02 8.030253900530918143e-01 -1.165171418873449216e+00 2.897978967868118372e-01 1.126968372817908293e+00 -1.614988537411796932e+00
2.437346000883869324e-01 9.104933672068855899e-02 5.174351555949009418e-01 -1.284005443807276547e+00 3.634023911365336645e-01 -4.414511839950301386e-01 -9.200000000000000400e-01 6.124133931479203803e-04 4.881865103342523243e-02 8.204725265040092586e-01 -1.102538662169789907e+00 3.504144630550702910e-01 1.133523028816473266e+00 -1.682671022995499532e+00
2.348410565107384718e-01 9.068311245847791857e-02 5.501922846728134475e-01 -1.278580035699633966e+00 3.526687883371677490e-01 -4.179349165988763271e-01 -9.200000000000000400e-01 -7.770426103774751578e-04 4.547682948981732892e-02 8.379427152660042788e-01 -1.054932707037222528e+00 4.177043834144426038e-01 1.126051614817837443e+00 -1.751650728508898913e+00
2.249873136863693446e-01 8.760278490934692019e-02 5.859622853767924022e-01 -1.274837836861393958e+00 3.364217446078924811e-01 -3.820442739152818401e-01 -9.200000000000000400e-01 5.286286421882890451e-04 4.170523359432157240e-02 8.504139615445778233e-01 -9.928038291971041929e-01 5.343636652944500076e-01 1.118724440658818819e+00 -1.873419569155257980e+00
2.321600654697752730e-01 9.813576607141710761e-02 6.086382721345551250e-01 -1.260610060988984094e+00 3.392534787871340773e-01 -3.678521004486213219e-01 -9.200000000000000400e-01 -1.538883874166649878e-03 3.677665265583564963e-02 8.606494331960725663e-01 -9.329984000297648628e-01 6.821517686710681927e-01 1.146645032535140274e+00 -2.028339514023828283e+00
2.136570730368268500e-01 8.101530120618327668e-02 6.549547939848848754e-01 -1.272680607227526295e+00 3.332587758876776607e-01 -3.477839388099784879e-01 -9.200000000000000400e-01 -1.533884808463097972e-02 2.827802784406235545e-02 8.838036431576774543e-01 -9.200000000000000400e-01 6.515313893940778422e-01 1.103623679136687130e+00 -2.029277870600303846e+00
2.059392024368709717e-01 6.837342986655040034e-02 6.931403475462146746e-01 -1.283817533888811813e+00 3.300735183695356345e-01 -3.165689235768316401e-01 -9.200000000000000400e-01 -1.141883081462745711e-02 1.487058240816757811e-02 9.233286923558333692e-01 -9.200000000000000400e-01 7.203815949058746115e-01 9.965090806856927719e-01 -1.965176391706732417e+00
2.091482691114101566e-01 6.342070873775035311e-02 7.222176551189865013e-01 -1.295702615014971970e+00 3.372537113403631381e-01 -2.935249556926214920e-01 -9.200000000000000400e-01 -1.189672634634198270e-02 -9.996692117691505144e-04 9.539856611012387244e-01 -9.200000000000000400e-01 7.722134274960023026e-01 8.689027154694211053e-01 -1.855623018211611130e+00
2.135268583742641890e-01 5.617805341766599764e-02 7.491772282456009568e-01 -1.313970203363404865e+00 3.375620473981460479e-01 -2.688187462444064924e-01 -9.200000000000000400e-01 -2.362233336963216485e-03 -1.955345349259311402e-02 9.997149787993510062e-01 -9.200000000000000400e-01 7.850000000000000311e-01 7.547630184422629007e-01 -1.684892083417809161e+00
2.148235358870147771e-01 3.951942284204638944e-02 7.729667616735717006e-01 -1.342639636610943876e+00 3.397505130722441868e-01 -2.452865607092664102e-01 -9.200000000000000400e-01 -1.325849597419280317e-03 -4.419929688312249083e-02 1.032278185781728030e+00 -9.200000000000000400e-01 7.850000000000000311e-01 6.294958195399413814e-01 -1.492074997538985093e+00
2.161546047269570503e-01 1.382480219318123899e-02 7.874576519248217554e-01 -1.380281766274666477e+00 3.444779051611590037e-01 -2.212912300960197809e-01 -9.200000000000000400e-01 5.566766720488905851e-04 -7.250482669195690288e-02 1.067350833422774370e+00 -9.200000000000000400e-01 7.850000000000000311e-01 4.918710769798198545e-01 -1.262627034184582442e+00
2.303256076730999802e-01 -7.064422816488940583e-03 7.810876348969274519e-01 -1.420854501082279953e+00 3.489555719926335509e-01 -1.925652242879832277e-01 -9.200000000000000400e-01 2.927207327233552567e-03 -1.006006535868659846e-01 1.094298542454925638e+00 -9.200000000000000400e-01 7.850000000000000311e-01 3.968909948858348469e-01 -1.080489680768118577e+00
2.103445483556589390e-01 -4.750058763620633451e-02 7.742753693501556178e-01 -1.473390327092722663e+00 3.454405983206079722e-01 -1.684590724223045399e-01 -9.200000000000000400e-01 -7.313111309039107633e-04 -1.210669926096201304e-01 1.107605788549826942e+00 -9.200000000000000400e-01 7.850000000000000311e-01 3.241146802217277911e-01 -9.367044022752714083e-01
2.109636062319777128e-01 -5.914049599593659834e-02 7.375066553284913562e-01 -1.514309518787516851e+00 3.492168690566055389e-01 -1.294915418050888167e-01 -9.467341110459985831e-01 -9.329904725995439088e-03 -1.619371341359847893e-01 1.116158001204230921e+00 -9.200000000000000400e-01 7.850000000000000311e-01 3.019783070575079997e-01 -9.200000000000000400e-01
2.007370120234160116e-01 -8.590433541419843777e-02 6.885122318516218032e-01 -1.558653513052381756e+00 3.493974962679545215e-01 -8.899862988205946290e-02 -9.775181080228120267e-01 -1.394018486533261762e-02 -1.752445008351012079e-01 1.134952353472570952e+00 -9.200000000000000400e-01 7.850000000000000311e-01 3.080780574863857812e-01 -9.200000000000000400e-01
1.889371989693236775e-01 -1.162954707202432381e-01 6.185220751713609300e-01 -1.592265833167544109e+00 3.473700262166267150e-01 -4.920318311196340139e-02 -1.006933129809032046e+00 -1.683857198009700712e-02 -1.971015676507221204e-01 1.138648979332799405e+00 -9.200000000000000400e-01 7.850000000000000311e-01 3.097227688885662022e-01 -9.200000000000000400e-01
1.677297834622748784e-01 -1.545449941188347109e-01 5.374393092203462174e-01 -1.607939890111707459e+00 3.321488541836384312e-01 -8.263592543741671639e-03 -1.038761894603101643e+00 -1.992139396035198795e-02 -2.152346287805457781e-01 1.153838513520994535e+00 -9.200000000000000400e-01 7.850000000000000311e-01 3.259043849821190997e-01 -9.200000000000000400e-01
1.551724019375823604e-01 -1.834049957468398273e-01 4.363677633365780628e-01 -1.596017547798121994e+00 3.213275207902337449e-01 3.260522742569738064e-02 -1.066501494064329147e+00 -2.250172176476151684e-02 -2.426367789522323182e-01 1.168988398381087146e+00 -9.200000000000000400e-01 7.850000000000000311e-01 3.440654548861211692e-01 -9.200000000000000400e-01
1.342905771890389177e-01 -2.143934305718805944e-01 3.369122447236986839e-01 -1.560416930400537527e+00 3.093288720318281837e-01 7.198089335112051179e-02 -1.091205905276931176e+00 -2.336765182869835270e-02 -2.659677949876104175e-01 1.169734161115866478e+00 -9.200000000000000400e-01 7.822552721314889324e-01 3.646129622662527270e-01 -9.200000000000000400e-01
9.750201427703281132e-02 -2.528129250275689688e-01 2.323344836545761516e-01 -1.509708604286861044e+00 2.914352915852678749e-01 1.074032372795810791e-01 -1.111047288274529032e+00 -2.319088324493811387e-02 -2.832295826875558253e-01 1.178262654426762701e+00 -9.200000000000000400e-01 7.610908464856275257e-01 3.887197771019771375e-01 -9.200000000000000400e-01
5.812845857089478374e-02 -2.832569242212961691e-01 1.275307684156645194e-01 -1.429520167257234853e+00 2.729293456835144016e-01 1.396188313177169626e-01 -1.126219936987524983e+00 -2.200794899160110965e-02 -2.984802187501542914e-01 1.191204703260983822e+00 -9.200000000000000400e-01 7.318338466645021301e-01 4.072882316548414039e-01 -9.200000000000000400e-01
1.108854376377544151e-02 -3.052756316829458028e-01 3.337045647868783216e-02 -1.320861906793459717e+00 2.506728287876626715e-01 1.674632450834593334e-01 -1.136495808413911845e+00 -2.263876243884626119e-02 -2.961006562755679750e-01 1.204455454849556073e+00 -9.200000000000000400e-01 7.114657185298902675e-01 4.216135770981704334e-01 -9.200000000000000400e-01
-3.632880624157845684e-02 -3.173592639841844587e-01 -4.759278639979502151e-02 -1.198250558250050668e+00 2.278590436844731837e-01 1.919430657085544889e-01 -1.142959882643643565e+00 -2.361566958246130027e-02 -2.878215100521487324e-01 1.213731262387080845e+00 -9.200000000000000400e-01 6.849184804304230267e-01 4.379044661392570981e-01 -9.200000000000000400e-01
-7.169949090545206516e-02 -3.206405181422678496e-01 -1.116717428248287097e-01 -1.085147585964654660e+00 2.104525644673243823e-01 2.154393086080869102e-01 -1.147243687859971661e+00 -2.353335672833913386e-02 -2.591185076345193239e-01 1.230793765816468266e+00 -9.200000000000000400e-01 6.618917855787750382e-01 4.523152580354699581e-01 -9.200000000000000400e-01
-1.047245329967361471e-01 -3.244207664218323184e-01 -1.352068881769572795e-01 -1.020560912008493526e+00 1.929599665599978087e-01 2.363193208995433003e-01 -1.150018373350611078e+00 -2.432039256323215506e-02 -2.086529002427535417e-01 1.250373713798786701e+00 -9.200000000000000400e-01 6.405702909275814427e-01 4.660766348457605623e-01 -9.200000000000000400e-01
-1.092859147565070910e-01 -3.203368095981808383e-01 -1.198937891740098072e-01 -9.911195385817731518e-01 1.905874369597448104e-01 2.641277443448887263e-01 -1.163163964518053373e+00 -2.484047920202767448e-02 -1.285788531269846657e-01 1.248843079707985027e+00 -9.200000000000000400e-01 6.195121051704324255e-01 4.829174560217349144e-01 -9.200000000000000400e-01
-1.020994928198850626e-01 -3.148692547745843284e-01 -8.447604452603864333e-02 -9.900199900946239362e-01 1.931453285285020804e-01 2.943919350028886273e-01 -1.182302315730674458e+00 -1.699447473697021649e-02 -5.196219986595802115e-02 1.263116650584741985e+00 -9.597090057128548901e-01 5.993025595190820676e-01 5.074168234431790658e-01 -9.200000000000000400e-01
-9.305135731071760563e-02 -3.098807731705726654e-01 -4.433842018422453485e-02 -1.000281771135680620e+00 1.971685612019272449e-01 3.271032703050563151e-01 -1.201603190482516181e+00 -1.215197338979775825e-02 3.009321345441104065e-02 1.261013607185721197e+00 -9.996438349301802750e-01 5.806559762291495508e-01 5.293497049543013366e-01 -9.200000000000000400e-01
-8.706360087104218770e-02 -3.063803548983539127e-01 -1.522096515289730022e-02 -1.006947651023011536e+00 1.995918701053216449e-01 3.605504534865157096e-01 -1.221981110543386650e+00 -7.009037973769883384e-03 1.193601798647770107e-01 1.230372174509904548e+00 -1.005999758988371129e+00 5.602540361713851391e-01 5.516591881370659367e-01 -9.200000000000000400e-01
-9.168689362359686013e-02 -3.072644119430838483e-01 8.539361065312878890e-03 -1.008687701851604723e+00 1.953276693397190955e-01 3.877982511917060782e-01 -1.243687626336482888e+00 -2.722978647020020057e-03 2.089177343678798870e-01 1.171577756957676186e+00 -9.795398226464171465e-01 5.386498709054959866e-01 5.754994564583033601e-01 -9.272120978174801520e-01
-9.075491515409249421e-02 -3.067415259210509171e-01 3.067553937598344743e-02 -1.016779935019856751e+00 1.963298670907735743e-01 4.109233005780122405e-01 -1.270574289180248728e+00 -4.022649379899078878e-03 2.922690744946844221e-01 1.082775004712266176e+00 -9.211951337017920682e-01 5.172410742831223818e-01 6.024604151213258652e-01 -9.552626439266956870e-01
-8.907952088712070560e-02 -3.070074477411621205e-01 5.355288489230766724e-02 -1.034697288228261236e+00 1.993288295581152891e-01 4.260413638606267983e-01 -1.300776621967274282e+00 -1.000066707721550610e-02 3.626362619752967476e-01 1.012858441806091969e+00 -9.200000000000000400e-01 4.959500628991751481e-01 6.308236015105631589e-01 -9.978515823282845254e-01
-8.601247185805606377e-02 -3.067075691314095631e-01 7.607204734867822893e-02 -1.053345223696320110e+00 2.044101785333281851e-01 4.357503365785742044e-01 -1.333105576974036754e+00 -7.327227337427512539e-03 4.001098877501320095e-01 9.522438367371314216e-01 -9.200000000000000400e-01 4.721363268925198309e-01 6.551588700433496060e-01 -1.015203989909275295e+00
-8.243675059372766734e-02 -3.061981969732193165e-01 9.909564460472118641e-02 -1.072428101276737156e+00 2.111295106537309507e-01 4.403081078928612890e-01 -1.369622556432432248e+00 -2.688183848056758304e-03 4.331686079203228568e-01 8.939279986915822374e-01 -9.200000000000000400e-01 4.485980352193686960e-01 6.782927250576568090e-01 -1.025578881695415001e+00
-8.089846298781408485e-02 -3.068343401200692155e-01 1.222462904550226936e-01 -1.092308460581132401e+00 2.174455520910012485e-01 4.372779194231165012e-01 -1.407393557387114136e+00 -5.862179451227976339e-03 4.399218464283213281e-01 8.473400083504513125e-01 -9.200000000000000400e-01 4.268959736433291519e-01 7.050808896151256056e-01 -1.057811652997714180e+00
-6.599133226543082986e-02 -3.006169591889357173e-01 1.441469937948569868e-01 -1.114504971458142979e+00 2.244702910363621240e-01 4.178885179758059509e-01 -1.451870503520072297e+00 -4.648009668898145895e-03 4.220837380375971892e-01 8.145917640625356393e-01 -9.200000000000000400e-01 4.052066899697284175e-01 7.309206004353270281e-01 -1.076143620092908870e+00
-3.799278531757127597e-02 -2.869959713920555711e-01 1.646218015193454676e-01 -1.137821832592170290e+00 2.031976371750996158e-01 3.788529781117303541e-01 -1.475313090210809364e+00 -6.599889493224074706e-03 4.036357821866768947e-01 8.093200657603210058e-01 -9.200000000000000400e-01 3.856166853301058461e-01 7.588443029143387975e-01 -1.099120348014709148e+00
2.797209866701744381e-03 -2.652516801595838358e-01 1.826223372986439941e-01 -1.159287380171634796e+00 1.760109116081567671e-01 3.327028300365580393e-01 -1.471059500921965135e+00 -9.315117237407589609e-03 3.757468986882938622e-01 7.965318233063298781e-01 -9.200000000000000400e-01 3.681553489090718112e-01 7.873775100800121107e-01 -1.119583948880742863e+00
5.141031883902138361e-02 -2.377417663687574068e-01 1.982975169747875355e-01 -1.179247141934787191e+00 1.444831826984918355e-01 2.796768025694306714e-01 -1.440306809148223399e+00 -6.190113670887385268e-03 3.558741894085305502e-01 7.951267130592225563e-01 -9.200000000000000400e-01 3.521328132457179905e-01 8.143436888849384658e-01 -1.123493329253219875e+00
1.132553375803384971e-01 -2.005745630910353017e-01 2.064575697752990269e-01 -1.189622531287687579e+00 1.133169655733786280e-01 2.279645686572415453e-01 -1.392327361735497870e+00 -9.934215364987866032e-03 3.520791242916129216e-01 8.071967902701072672e-01 -9.200000000000000400e-01 3.386809894781804275e-01 8.412784036882232641e-01 -1.141774574074810644e+00
1.826535108612899194e-01 -1.570992262811834739e-01 2.065589178586339225e-01 -1.189576608327320484e+00 8.090633573610084284e-02 1.904687861330160159e-01 -1.348818024427172357e+00 -1.075078225912768672e-02 3.394132712709849176e-01 8.052815495571673532e-01 -9.200000000000000400e-01 3.261744892883623459e-01 8.669886569860718595e-01 -1.151326525407402102e+00
2.394255825975401264e-01 -1.199476253587531127e-01 2.051352123595444610e-01 -1.185968936460664036e+00 4.792484302519103845e-02 1.606514298203958191e-01 -1.304865589211469779e+00 -9.909787177160445798e-03 3.271346842762942186e-01 8.122895615557819138e-01 -9.200000000000000400e-01 3.158264428208456542e-01 8.916184901724816259e-01 -1.154088306367556660e+00
2.892940235606715205e-01 -8.623100430452937393e-02 2.015574381100891377e-01 -1.179103870776961660e+00 2.065243891831666095e-02 1.463313154577307318e-01 -1.249503731096303083e+00 -1.397217373328687486e-02 3.121580037216897252e-01 8.120767576008052213e-01 -9.200000000000000400e-01 3.084896642757437579e-01 9.175618034181272087e-01 -1.168954201946424520e+00
3.212165453038314245e-01 -6.281961253862568262e-02 2.036552498989399329e-01 -1.177603908039462466e+00 -2.261236722575886947e-03 1.505390963552204475e-01 -1.214801763598500228e+00 -1.897988745822911869e-02 2.960622702076104451e-01 8.045707551415691716e-01 -9.200000000000000400e-01 3.030716810903403835e-01 9.435980150675021827e-01 -1.187970741828986432e+00
3.358836993373633395e-01 -4.972971306961510712e-02 2.126569912320417088e-01 -1.183300614073145018e+00 -3.996803657392492166e-03 1.686305401992798658e-01 -1.195038389990821015e+00 -1.815479903865135219e-02 3.014587723660052121e-01 8.234221534642087725e-01 -9.200000000000000400e-01 2.994801848613089512e-01 9.670865176188575552e-01 -1.197534307636022533e+00
3.271512922451942917e-01 -5.158036425404708553e-02 2.328346420363744673e-01 -1.202414969650660970e+00 8.687312090988455471e-03 1.870616720758053186e-01 -1.187092276106577415e+00 -1.293884489344261819e-02 2.956625430160718104e-01 8.182231506435680979e-01 -9.200000000000000400e-01 2.972542738974026655e-01 9.884249014389567822e-01 -1.203749148199346752e+00
3.049694580845252467e-01 -6.316440856305265139e-02 2.587050842188631794e-01 -1.230733386861161849e+00 2.634841757594916581e-02 2.118710842811117046e-01 -1.203913536525081929e+00 -1.984235297754779331e-02 2.788244906184263461e-01 8.264017880927067017e-01 -9.200000000000000400e-01 3.017893069028791952e-01 1.013155147073928175e+00 -1.244920664705259306e+00
2.638876025368778744e-01 -6.135701634080627936e-02 2.775157510215349732e-01 -1.251072837499862977e+00 3.299825818973066427e-02 2.299025559463610813e-01 -1.221080910685613086e+00 -1.126602361457463078e-02 2.761599371961531157e-01 8.263664368661797210e-01 -9.200000000000000400e-01 3.081291837085408103e-01 1.031407328975370241e+00 -1.258807265951789711e+00
2.184682285550783032e-01 -5.317073350307296303e-02 2.926341270711251830e-01 -1.268355111289400705e+00 3.825254734578791005e-02 2.435189582972642208e-01 -1.231530967195525683e+00 -1.646287980432365600e-02 2.660467547032127622e-01 8.364286359612878030e-01 -9.200000000000000400e-01 3.202513337406480143e-01 1.051367902068209181e+00 -1.309211139803293067e+00
1.720298293723179495e-01 -4.441941538687990687e-02 3.066526156055812136e-01 -1.286367648397280572e+00 4.650516696611334266e-02 2.540905871893879842e-01 -1.241165437361386736e+00 -7.935848969842815986e-03 2.644337209542148015e-01 8.346013259237144988e-01 -9.200000000000000400e-01 3.339506476182936279e-01 1.065066630084817501e+00 -1.335864011633026038e+00
1.276743753014665528e-01 -3.430562073373639304e-02 3.190461199350286825e-01 -1.303039289367563525e+00 5.520178690918376568e-02 2.639642965296083443e-01 -1.252041673482053197e+00 -7.924456252329894687e-03 2.548185903061615520e-01 8.270975952322475733e-01 -9.200000000000000400e-01 3.523480136312840405e-01 1.077574056086841647e+00 -1.384367267615152830e+00
8.951886163526767692e-02 -2.605357344298427427e-02 3.320951524581656211e-01 -1.320519970503546858e+00 6.365028406847154929e-02 2.733728704365689377e-01 -1.258843268811584482e+00 -1.050451753204940594e-02 2.528691201540007594e-01 8.311578179300131985e-01 -9.200000000000000400e-01 3.779320038418340633e-01 1.088087337944914301e+00 -1.444150256712125602e+00
6.629039849669757234e-02 -1.960622707447732746e-02 3.457328595152895367e-01 -1.338074382912550986e+00 7.351439773660348176e-02 2.849192825149268748e-01 -1.263382910488640487e+00 -4.532873076910860256e-03 2.532556622531299539e-01 8.381109110204204571e-01 -9.200000000000000400e-01 4.097498960599995632e-01 1.084282929694701858e+00 -1.484442250982269673e+00
5.180620603913315553e-02 -1.739070044269230494e-02 3.627046141121174627e-01 -1.358051581425969934e+00 8.103619007007478725e-02 2.957795568590212976e-01 -1.264280907177198987e+00 -1.074908984444422448e-02 2.505155371232531403e-01 8.592605402085128352e-01 -9.200000000000000400e-01 4.507296745799721505e-01 1.061053091621299460e+00 -1.534143657714329700e+00
4.604737646558672293e-02 -1.394339083831575184e-02 3.795738462632853305e-01 -1.376794630414988951e+00 8.801469733254876915e-02 3.062778117138826306e-01 -1.262393505090660506e+00 -1.396418132314119348e-02 2.422295584448644901e-01 8.684387841034451050e-01 -9.200000000000000400e-01 4.973386264125171374e-01 1.018266511416062725e+00 -1.559464638910637913e+00
4.877299563025835200e-02 -2.121281467503173535e-02 3.956505710661305519e-01 -1.401477481749851428e+00 9.595820302794215440e-02 3.174173834609729239e-01 -1.259594306679827191e+00 -9.972523017378451607e-03 2.523444517403089504e-01 9.099101297772722585e-01 -9.200000000000000400e-01 5.470338423297168573e-01 9.635707284904079239e-01 -1.552846069086251335e+00
6.621289005223943147e-02 -3.251366647282158406e-02 4.042516895173315361e-01 -1.425052711967198515e+00 1.119895320150521428e-01 3.337239549337360778e-01 -1.260589875955827388e+00 -1.122213038440372963e-02 2.542232965481345253e-01 9.205582411228300233e-01 -9.200000000000000400e-01 6.011227622816983640e-01 9.133171576153720217e-01 -1.547477801995115199e+00
8.622134966169862913e-02 -5.642618391689654261e-02 4.128450573385299971e-01 -1.459517444500897820e+00 1.297237429422086752e-01 3.505104296265326158e-01 -1.260943198516915942e+00 -1.165701975770681506e-02 2.430889987479527836e-01 9.297230820585165034e-01 -9.200000000000000400e-01 6.508193818502296946e-01 8.629555628340147555e-01 -1.531272863301726295e+00
1.140433303489341021e-01 -9.082281134072221762e-02 4.173010876236040723e-01 -1.503319148577390463e+00 1.524415291868027877e-01 3.687431175270402539e-01 -1.261616830429736380e+00 -7.334309114625463429e-03 2.312127518066457721e-01 9.369181865817354238e-01 -9.200000000000000400e-01 6.933389390003384944e-01 8.121520285106226256e-01 -1.491238951264350909e+00
1.377321089543553922e-01 -1.272141036381600199e-01 4.136576500591094829e-01 -1.540137288027144447e+00 1.734091349578031904e-01 3.851002291493090812e-01 -1.261240552819345107e+00 -8.149921665324444051e-03 2.220319437567508658e-01 9.532799232383601939e-01 -9.200000000000000400e-01 7.292085285187059895e-01 7.674176259337039951e-01 -1.449077745558694286e+00
1.553555180423740190e-01 -1.607546332274645828e-01 3.956251384070380017e-01 -1.557459515302517694e+00 1.920661501115057679e-01 3.990029978569699654e-01 -1.259592989681965314e+00 -1.110864242591477064e-02 2.160955855074324639e-01 9.659996056163081546e-01 -9.200000000000000400e-01 7.579900798207700463e-01 7.276929017726143645e-01 -1.401072965661706471e+00
1.501576135757096975e-01 -1.942405178250676823e-01 3.667335436962128048e-01 -1.547361739672254100e+00 1.961390943377808727e-01 4.054120568632685329e-01 -1.252945042211760507e+00 -9.135272358419209079e-03 2.049470122997082699e-01 9.756614585129365080e-01 -9.200000000000000400e-01 7.783430570575704532e-01 6.882864912188364492e-01 -1.333816383818039464e+00
1.258050162821409412e-01 -2.121000391431067389e-01 3.255921446910674533e-01 -1.490612305846717556e+00 1.874411519629531064e-01 4.052747210160207447e-01 -1.241441355250819445e+00 -1.975484889393148979e-03 1.952623891650994981e-01 9.768364956940118748e-01 -9.200000000000000400e-01 7.850000000000000311e-01 6.439381076160742845e-01 -1.237264665853141432e+00
1.010716580514812724e-01 -2.244953171704834605e-01 2.868788690064637548e-01 -1.410410047235644004e+00 1.779685042404426931e-01 4.052316424403236139e-01 -1.231033351446943369e+00 -3.615488172469105439e-03 2.033323467294841091e-01 9.719298742129833801e-01 -9.200000000000000400e-01 7.850000000000000311e-01 5.907029327010874242e-01 -1.135394479169727688e+00
8.422516545004253563e-02 -2.291146436801766717e-01 2.659154511374172136e-01 -1.340585278121009249e+00 1.735199694427091988e-01 4.080588204766261162e-01 -1.222984339546918653e+00 -3.581530876064714132e-03 2.033148470363382032e-01 9.891874653102064041e-01 -9.200000000000000400e-01 7.850000000000000311e-01 5.387023376566340005e-01 -1.031428595841976881e+00
6.842591378458404150e-02 -2.330476183392464762e-01 2.693624782966310693e-01 -1.297674504690446540e+00 1.701599759384650190e-01 4.117229535004929275e-01 -1.215010491649029412e+00 -2.978699497667627611e-03 1.982857897095765543e-01 9.848177324649367570e-01 -9.200000000000000400e-01 7.850000000000000311e-01 4.877401825169724869e-01 -9.200000000000000400e-01
5.635779319955387667e-02 -2.362791267556562380e-01 2.793619232939442143e-01 -1.271854112733229458e+00 1.705654348959895483e-01 4.186336976430603540e-01 -1.210629020700489944e+00 -9.953150274622688323e-03 1.832859586758274761e-01 9.786701993764800322e-01 -9.200000000000000400e-01 7.850000000000000311e-01 4.795675746205819712e-01 -9.200000000000000400e-01
5.178815942633550190e-02 -2.357003705111503367e-01 2.911422427037683724e-01 -1.253970338006912710e+00 1.777632415347764616e-01 4.302549029420956184e-01 -1.210977978047096615e+00 -1.421063201151087640e-02 1.827535630371611985e-01 9.890517367011488759e-01 -9.200000000000000400e-01 7.850000000000000311e-01 4.847650675388490149e-01 -9.200000000000000400e-01
4.714129643022036548e-02 -2.359722542028932779e-01 3.046106844181087903e-01 -1.242350230159811053e+00 1.873777353128671663e-01 4.442513142339172272e-01 -1.214508893345092932e+00 -1.837083349607639832e-02 1.636866556330597300e-01 9.779279794382310653e-01 -9.200000000000000400e-01 7.850000000000000311e-01 4.774872924352749348e-01 -9.200000000000000400e-01
3.511255669724876877e-02 -2.416843212264812024e-01 3.179106365338647544e-01 -1.232279602323897327e+00 1.933227928303093979e-01 4.578947431225152132e-01 -1.219709534057008105e+00 -2.013620740214029994e-02 1.648343484051676411e-01 9.833989660734849814e-01 -9.200000000000000400e-01 7.850000000000000311e-01 4.762205155072468665e-01 -9.200000000000000400e-01
2.233117359950831729e-02 -2.497464781210322893e-01 3.332340074165978661e-01 -1.236816022018844441e+00 1.999460891561594400e-01 4.735868853126451450e-01 -1.229746034506201680e+00 -2.550037143160839570e-02 1.548447989847647754e-01 9.768796399293659949e-01 -9.200000000000000400e-01 7.850000000000000311e-01 4.753861788559658463e-01 -9.200000000000000400e-01
1.087167675509422698e-02 -2.582868795954979535e-01 3.480203164807185723e-01 -1.250618670357428908e+00 2.084394139113505684e-01 4.897875049762732691e-01 -1.241527018148504302e+00 -2.389212606978482339e-02 1.500126055719277485e-01 9.787985516247279527e-01 -9.200000000000000400e-01 7.837218861256534108e-01 4.723071175906879415e-01 -9.200000000000000400e-01
-2.426185765956423261e-03 -2.689391534949521212e-01 3.647071395185791931e-01 -1.269834990578480038e+00 2.173596449154616417e-01 5.053791070465653013e-01 -1.252308076746935894e+00 -2.466128820905874250e-02 1.410119980921605842e-01 9.849945712160530498e-01 -9.200000000000000400e-01 7.709253111607992093e-01 4.761200062443097791e-01 -9.200000000000000400e-01
-1.396798556452876275e-02 -2.787874351350492774e-01 3.816377555034451419e-01 -1.289852491270291113e+00 2.257707647869099110e-01 5.202868891027678799e-01 -1.262427789363082642e+00 -2.729863911398672932e-02 1.463782903762866350e-01 9.770090332372712849e-01 -9.200000000000000400e-01 7.537865919379626023e-01 4.766016043956037840e-01 -9.200000000000000400e-01
-2.684397638730337543e-02 -2.895029642795999836e-01 3.975524528538922353e-01 -1.305527002707286055e+00 2.312185028539958664e-01 5.337322270544778702e-01 -1.271293290216582772e+00 -2.598898514230748788e-02 1.218989005819922922e-01 9.944230539723010187e-01 -9.200000000000000400e-01 7.443294411791818721e-01 4.794046308083581009e-01 -9.200000000000000400e-01
-3.169251050060071379e-02 -2.938966966317833607e-01 4.109002614265352404e-01 -1.314830047617675524e+00 2.354733085903038536e-01 5.502139612948129255e-01 -1.278984620124056670e+00 -2.607893328460259702e-02 1.196257766477672319e-01 1.000969974542868179e+00 -9.200000000000000400e-01 7.385024070570270771e-01 4.880064927576567291e-01 -9.200000000000000400e-01
-3.432546719985644229e-02 -2.963211321250897590e-01 4.223894017052471361e-01 -1.320159572918660817e+00 2.336278857489136607e-01 5.684084636497526155e-01 -1.290475759451785054e+00 -2.408910445796840286e-02 1.135905902385226512e-01 1.001802286925726593e+00 -9.200000000000000400e-01 7.270714364847548072e-01 4.944054726420359369e-01 -9.200000000000000400e-01
-3.039159025475929657e-02 -2.918598794069142133e-01 4.330155700591400980e-01 -1.324195211991037180e+00 2.361641729357821518e-01 5.876643543556532290e-01 -1.308703922186689628e+00 -2.453971515607974996e-02 1.135621780281585447e-01 9.951707239741418576e-01 -9.200000000000000400e-01 7.190022776499994661e-01 5.016809821683546611e-01 -9.264603751598229353e-01
-3.540561748918467228e-02 -2.978869629933521557e-01 4.434059390898369979e-01 -1.328294112392378601e+00 2.370498108896374190e-01 5.992585945941220071e-01 -1.344984207150740074e+00 -2.740817726554156675e-02 9.683490713148718010e-02 1.018467082001483170e+00 -9.200000000000000400e-01 7.090339469344891787e-01 5.012351472981418921e-01 -9.200000000000000400e-01
-3.159462537543462901e-02 -2.944499273483913160e-01 4.506730983295424986e-01 -1.327930031275991629e+00 2.432381950252064107e-01 5.967150693055371935e-01 -1.375418356325986968e+00 -2.514111033336905235e-02 8.556788431083180158e-02 9.924086221342748315e-01 -9.200000000000000400e-01 6.944792756817387280e-01 5.132076869467965263e-01 -9.349337048523491678e-01
-3.239425513605891094e-02 -2.954559696129150925e-01 4.568799483820952245e-01 -1.328163763546921450e+00 2.504660191735054164e-01 5.948950409111459781e-01 -1.440186118544871663e+00 -1.947162911790538062e-02 7.402014007860500955e-02 1.040079159374882822e+00 -9.200000000000000400e-01 6.759260222106832083e-01 5.315465542174595548e-01 -9.624007671398731034e-01
-2.679931242324475049e-02 -2.909957959188301246e-01 4.599331904518970671e-01 -1.327818814284820181e+00 2.622057064831250228e-01 5.625963958216223526e-01 -1.482831302477947366e+00 -1.238360283038621168e-02 6.052814615890561578e-02 1.039968818455553112e+00 -9.200000000000000400e-01 6.544859394716920908e-01 5.503043476609131845e-01 -9.892665902958230895e-01
-8.427482935402408337e-03 -2.765199665216011571e-01 4.609031522602280995e-01 -1.328246438448513755e+00 2.691885833545722417e-01 5.023221943920680443e-01 -1.512708438098854691e+00 -1.355575657017602312e-02 4.659528143740881978e-02 1.031881189668189203e+00 -9.200000000000000400e-01 6.360486807741745352e-01 5.704519189687853320e-01 -1.033370576549689446e+00
1.615828141050708322e-02 -2.436175062422386850e-01 4.597587284153650256e-01 -1.327293938867824874e+00 2.510896809900536319e-01 4.159782351166687042e-01 -1.517921082872744742e+00 -1.417633235632418179e-02 3.886642012498901094e-02 1.042553775064577692e+00 -9.200000000000000400e-01 6.176275873018687301e-01 5.887809351562474092e-01 -1.070229243602471847e+00
5.047707649161495280e-02 -2.011984577675980379e-01 4.544482652332597072e-01 -1.322060846751348828e+00 2.328815546531517733e-01 3.123186325069435276e-01 -1.486062989158009051e+00 -1.692705719474178749e-02 2.440801642987268719e-02 1.043455279581678052e+00 -9.200000000000000400e-01 6.016532008048595115e-01 6.066111227318575772e-01 -1.106309290463815431e+00
1.008572044267819073e-01 -1.481097625646028426e-01 4.405314162720530002e-01 -1.308393028666434699e+00 2.181838418868304319e-01 1.963808777614503565e-01 -1.411149019664185156e+00 -1.260033788724103550e-02 2.023494421679806338e-02 1.044718587993416659e+00 -9.200000000000000400e-01 5.845492865036220342e-01 6.221761404250480965e-01 -1.118839035979338981e+00
1.602724953964706489e-01 -9.034391949168066316e-02 4.171894829414805050e-01 -1.283623567995325621e+00 1.982117850313969143e-01 8.426862195791058607e-02 -1.314367018741621873e+00 -9.909176088290953116e-03 1.685857259870134767e-02 1.044024149589843464e+00 -9.200000000000000400e-01 5.696438539335151319e-01 6.373858912752742301e-01 -1.129766131288782560e+00
2.290553033400497818e-01 -2.742716125152169782e-02 3.818422453065674071e-01 -1.241400243616904930e+00 1.722704800289598936e-01 -1.433073691712077186e-02 -1.193681160730982960e+00 -3.745090971743188051e-03 1.740670730624579651e-02 1.065811443142200554e+00 -9.200000000000000400e-01 5.549696680910933821e-01 6.512184352748398020e-01 -1.126767796612705874e+00
3.060253293363311977e-01 4.047891696320110588e-02 3.298093629330374754e-01 -1.174132800256367792e+00 1.443949697055779413e-01 -9.581148620695442708e-02 -1.074646246923040893e+00 -2.006304343648005872e-03 7.106090454082377404e-03 1.060305871780359954e+00 -9.200000000000000400e-01 5.422314623923188970e-01 6.660862889246037533e-01 -1.132598825925913655e+00
3.559330234583276686e-01 8.900631246723771095e-02 2.871910319035007597e-01 -1.111468649620714677e+00 1.106213087102798781e-01 -1.717687909523280265e-01 -9.515719511283431409e-01 -8.667572518678203376e-04 1.765713911039347439e-02 1.063956260208965166e+00 -9.200000000000000400e-01 5.288363473164088280e-01 6.806550273858652522e-01 -1.137734044214494089e+00
4.674103453798498231e-01 1.760643229856392322e-01 1.704986173697975449e-01 -9.503835891092170529e-01 1.145382543894701705e-01 -1.850102548677757253e-01 -9.200022204351344657e-01 -1.245736309354370137e-02 2.574532186810864556e-02 1.049456298394518816e+00 -9.200000000000000400e-01 5.196287172222129325e-01 6.999732159668654585e-01 -1.175893701523272217e+00
4.654734298658524394e-01 1.930348483088205336e-01 1.600017368356040359e-01 -9.200000000000000400e-01 1.097511037580418125e-01 -1.859088174898973489e-01 -9.200000000000000400e-01 -1.234043115193829074e-02 4.989384996156426971e-02 1.053270385712412383e+00 -9.200000000000000400e-01 5.055628867003416627e-01 7.163383580285377361e-01 -1.182456871761458084e+00
3.219809299965965543e-01 1.235078593408466680e-01 2.967330425338035593e-01 -1.077418496024025618e+00 8.962242704632843171e-02 -2.111658013539804979e-01 -9.200000000000000400e-01 -9.598528456168623976e-03 7.853781885479166336e-02 1.041992424220922642e+00 -9.200000000000000400e-01 4.884229471649261245e-01 7.326337204398877256e-01 -1.182290767543851873e+00
4.093082279615609664e-01 2.059122517274925845e-01 1.819373244565817282e-01 -9.200000000000000400e-01 1.082204303368884263e-01 -1.700680655230431826e-01 -9.200000000000000400e-01 -1.138341428634723554e-02 1.194942792947409349e-01 1.019555877655665466e+00 -9.200000000000000400e-01 4.682372967284283982e-01 7.508569181126162340e-01 -1.194001061763212190e+00
2.762042884772278328e-01 1.530504788812123151e-01 2.963141556845019786e-01 -1.053662710712092831e+00 8.202040231312653085e-02 -1.808987190884826790e-01 -9.200000000000000400e-01 -9.668164285380604489e-03 1.713972180164243797e-01 9.754408208581087925e-01 -9.200000000000000400e-01 4.405581977352659995e-01 7.698001436552287524e-01 -1.197650532547968272e+00
2.182000838819548316e-01 1.521306366390900722e-01 3.207749281624035498e-01 -1.075685835433588311e+00 7.657154920075855131e-02 -1.673908890097071667e-01 -9.200000000000000400e-01 8.251938212280950091e-03 2.224612624353073664e-01 9.372795680930382511e-01 -9.390642179295844993e-01 4.048616272710673925e-01 7.856482282086372226e-01 -1.158889689428455494e+00
2.024665279708053045e-01 1.836987729647016898e-01 2.977323755348131873e-01 -1.043174219819329229e+00 8.916135886825779511e-02 -1.359106743303271081e-01 -9.200000000000000400e-01 -3.494256982521434709e-03 2.715601798267288092e-01 9.091560853268355613e-01 -1.050975519476602171e+00 3.749519500876499767e-01 8.089238823111299936e-01 -1.187696910773865966e+00
1.125456845050293725e-01 1.603864927228881299e-01 3.560253445588960064e-01 -1.113113441118281477e+00 7.450117234548260525e-02 -1.345235943713702642e-01 -9.200000000000000400e-01 1.022833041214139815e-02 3.070361602920067545e-01 8.503823549556758232e-01 -1.067094455785891904e+00 3.419928354019990957e-01 8.233419700499605698e-01 -1.145160721762442879e+00
1.351106752416548762e-01 2.076763968034595897e-01 3.034714438459564234e-01 -1.058916236462174254e+00 9.705548503105285163e-02 -9.916468652431131847e-02 -9.200000000000000400e-01 -3.982261955420412017e-03 3.265647096638711888e-01 7.927936558996862004e-01 -1.096432292042702983e+00 3.192462156570505249e-01 8.444820602348751537e-01 -1.165280819893848685e+00
9.232153122100539289e-02 1.979288197535178928e-01 3.374984071687511245e-01 -1.117812848173030504e+00 9.630548210546023558e-02 -8.144361650390749552e-02 -9.200000000000000400e-01 8.645942873454022862e-03 3.172195142919873034e-01 7.292377441815871553e-01 -1.018654429321953714e+00 2.963220484711860947e-01 8.556943296183163739e-01 -1.113997867680747156e+00
6.228007545907959797e-02 1.825029575982972108e-01 3.757773085224400123e-01 -1.189423410019956773e+00 9.844462684046739742e-02 -5.179639209215863849e-02 -9.445969875852466835e-01 1.065952146735022615e-02 3.004092968141766629e-01 6.797604756861700404e-01 -9.518421087469904895e-01 2.778702947529199663e-01 8.698541186613112375e-01 -1.088552509690594805e+00
6.675451566856933916e-02 1.732327030623624364e-01 3.971391299496173088e-01 -1.249969537201755410e+00 1.117396216352458810e-01 -4.100598297515884762e-03 -9.934470490921085695e-01 -1.219553786817331514e-03 2.817081061059322211e-01 6.468870064704352885e-01 -9.200000000000000400e-01 2.631194713764073434e-01 8.893296975295712503e-01 -1.099498933427608627e+00
7.361775642297486988e-02 1.430910881625687692e-01 4.353819294450613220e-01 -1.338240112776988067e+00 1.242505648563177190e-01 4.287000042176961762e-02 -1.040293924641235934e+00 -2.874406706554072984e-03 2.583852860007824215e-01 6.450534028723811097e-01 -9.200000000000000400e-01 2.479481499310998427e-01 9.044399514706256138e-01 -1.085043179628770282e+00
1.030026941154070369e-01 1.175487632432875712e-01 4.592770429237328922e-01 -1.424753167122124964e+00 1.481266066357218858e-01 9.878096874717542941e-02 -1.096600991090984412e+00 -1.152060344472581859e-03 2.349527392858217212e-01 6.543639365366514804e-01 -9.200000062556876745e-01 2.327088173120817338e-01 9.179660948290354616e-01 -1.062661023036346242e+00
1.328398665370768839e-01 8.687495944732438746e-02 4.875794748685450819e-01 -1.529711761012390703e+00 1.741930242930896378e-01 1.525676390518245773e-01 -1.148167864267847893e+00 -2.660704428011047458e-03 2.100788926082662322e-01 6.841004080139460042e-01 -9.678414349242558945e-01 2.180013920851501252e-01 9.330312945513682399e-01 -1.048859939729543500e+00
1.696996131100024230e-01 5.635692654247077132e-02 5.161506834957166889e-01 -1.640338494186010854e+00 2.077229234178668005e-01 2.066492042849266131e-01 -1.197072418441529562e+00 -7.005842602920985679e-03 1.833124783674010549e-01 7.151015112701549770e-01 -1.025306621439128207e+00 2.027984172642806615e-01 9.492578464808530958e-01 -1.040166094115311690e+00
2.124981958332989307e-01 2.399502070315647287e-02 5.438329851927055092e-01 -1.752113424134639441e+00 2.487719046495869835e-01 2.582457615679142893e-01 -1.239125703202978990e+00 -8.082042219421867180e-03 1.577181452677835494e-01 7.342801988327246621e-01 -1.053526157242464123e+00 1.843309569384335989e-01 9.637333944639634442e-01 -1.020398079919075052e+00
2.569636774157472714e-01 -1.660524991411578555e-02 5.692837143374119835e-01 -1.871720554688987681e+00 2.930011782690333244e-01 3.038272242119328670e-01 -1.271445898839249855e+00 -1.114751433300012278e-04 1.324180352844966102e-01 7.523559484592300395e-01 -1.063453827429741594e+00 1.661720645332587787e-01 9.714567711747827961e-01 -9.848386342056270060e-01
2.834561312304880176e-01 -6.588469597067579675e-02 5.948500153397153767e-01 -2.000478548672183887e+00 3.271483409099891215e-01 3.419150510517727226e-01 -1.295965803435180419e+00 5.736767250177114523e-03 1.083022526303744210e-01 7.705562107984250675e-01 -1.075342736860464221e+00 1.521471358214632752e-01 9.790240170579850298e-01 -9.654554248821507478e-01
2.877688740511188392e-01 -7.149068544497434730e-02 5.877371023959022667e-01 -2.104489202519720603e+00 3.477963954440175254e-01 3.758177478545250971e-01 -1.317822972540132254e+00 3.248400098062799446e-03 8.570428894029716305e-02 7.915014630595655909e-01 -1.105223579143461254e+00 1.464151821160562805e-01 9.930151466649835834e-01 -9.783376887112019693e-01
2.725487176639591058e-01 -1.099809921146085862e-01 5.630629403455760240e-01 -2.214703579670223021e+00 3.550398884236953823e-01 4.083147639508639126e-01 -1.340892383724038739e+00 -1.420783438076750772e-03 6.392843480976673209e-02 8.134053658777653517e-01 -1.138022565256254115e+00 1.517404292127065013e-01 1.013443105448657677e+00 -1.016974514783535399e+00
2.769407812961933169e-01 -1.317728884211515072e-01 4.926161935215788157e-01 -2.292873861870625252e+00 3.761099410001028653e-01 4.404445498806539017e-01 -1.359395756764463670e+00 -3.146632785290848526e-04 4.334311732278957330e-02 8.338895893293878370e-01 -1.153710810106836515e+00 1.814775992757020062e-01 1.077415006653280383e+00 -1.126560047785257535e+00
2.507943129221112399e-01 -2.087831035174416427e-01 4.076119857998785068e-01 -2.365898928992613115e+00 3.735829054674627003e-01 4.720859763456030089e-01 -1.383210100850901902e+00 1.116178744915098794e-03 2.359860628560712242e-02 8.541009893578555001e-01 -1.166946681329073643e+00 2.307389673079743853e-01 1.154079983346641969e+00 -1.308708617453862466e+00
2.362551788256052610e-01 -2.733784104685647587e-01 3.041528221048522829e-01 -2.389745289647102311e+00 3.781930953758225744e-01 5.027853687474137523e-01 -1.402633823384002998e+00 2.176105119383335475e-03 5.976275922511447951e-03 8.740584568111701147e-01 -1.176947074230337398e+00 2.883561531997864691e-01 1.202646020747737188e+00 -1.477260210768098325e+00
2.007304029170042525e-01 -3.737054448743557522e-01 1.992266923845874838e-01 -2.388159403166933537e+00 3.657532365429755350e-01 5.334717941720493739e-01 -1.424937765483204721e+00 2.071834593020174028e-03 -1.105460105302778252e-02 8.938155964884680893e-01 -1.187423340227022228e+00 3.569403745045050536e-01 1.225475397466470717e+00 -1.634340284085941564e+00
1.858490582360409482e-01 -4.362535912105801050e-01 9.040281032167950259e-02 -2.337055491466963009e+00 3.699131240737375537e-01 5.637189465667101773e-01 -1.441158410704170167e+00 3.440917773830323972e-03 -2.769056823685516963e-02 9.129059124552967308e-01 -1.193125099112164911e+00 4.239943762033908659e-01 1.216610938128358965e+00 -1.757424070702397145e+00
1.609790792134263016e-01 -4.974485389790863077e-01 1.873144343703686586e-03 -2.262534634708738501e+00 3.641111922219028019e-01 5.923828843615231987e-01 -1.453593969386529183e+00 -7.111539384149678160e-05 -4.439009329964387768e-02 9.307217162650772702e-01 -1.205129833412506013e+00 4.847098825781399611e-01 1.174330957324784652e+00 -1.851166823453671784e+00
1.055680705194974034e-01 -5.555533925508855386e-01 -4.593881799821847300e-02 -2.171229042845516322e+00 3.289054774817224969e-01 6.187373715412625153e-01 -1.467097732003687982e+00 8.047156382426166876e-03 -6.038647230251195652e-02 9.431960210904513087e-01 -1.186288416383503463e+00 5.238967040200782632e-01 1.101289104315926082e+00 -1.885231829296341033e+00
4.047279168868352789e-02 -5.674921198326932092e-01 -6.592545599838608994e-02 -2.044442230197266674e+00 2.813718669040746190e-01 6.394806022656562838e-01 -1.474407261816330861e+00 8.442237055869366430e-03 -7.590653785356878125e-02 9.566191374342087883e-01 -1.181833272702706106e+00 5.409168355371729575e-01 1.000454139075118709e+00 -1.884051345808088973e+00
-3.250820551360657923e-02 -5.544806889154262342e-01 -8.577620075990236015e-02 -1.895291987467735195e+00 2.203794691313048504e-01 6.514102878085050730e-01 -1.471567170703358407e+00 7.188286326054360922e-03 -9.077016970795971640e-02 9.695161924668944664e-01 -1.177620053798196231e+00 5.377675473106416915e-01 8.857646265669248953e-01 -1.849491080539244159e+00
-9.566421840614602878e-02 -5.210030303888265601e-01 -1.135797492016068500e-01 -1.731493425420937537e+00 1.629377550150446219e-01 6.576351949427553523e-01 -1.457413817216058671e+00 7.356990186526765271e-03 -1.047278998465585448e-01 9.804708878978065645e-01 -1.165821456861056094e+00 5.199062390698493408e-01 7.701649482924074475e-01 -1.788787032775499775e+00
-1.435348551446939125e-01 -4.879702257127603859e-01 -1.539556244168767685e-01 -1.577685194695964244e+00 1.165095541301127552e-01 6.629480033706810493e-01 -1.436312828527862795e+00 4.773465479201869331e-03 -1.177716015479241818e-01 9.899283765563923199e-01 -1.154467685814836164e+00 4.743240190372893794e-01 6.319742659927534145e-01 -1.698202284188628619e+00
-1.807057889317792154e-01 -4.560660248987278287e-01 -1.925297525747672600e-01 -1.434443611525132001e+00 7.773921047089490943e-02 6.661898065378117906e-01 -1.414849472179438905e+00 -4.989388087585319188e-03 -1.301029365398568283e-01 1.000377354695145105e+00 -1.155766524419209684e+00 4.387323259749809079e-01 5.570279448445561998e-01 -1.681919642854127650e+00
-2.047763844018892498e-01 -4.257630758980145425e-01 -2.255403196699843626e-01 -1.300722434462816324e+00 4.741955154982782639e-02 6.750320395471706147e-01 -1.395259595836644717e+00 -4.141526099321023169e-03 -1.409590741068826314e-01 1.006668752159969316e+00 -1.130006381745881638e+00 3.885327653471953302e-01 5.233567586920983006e-01 -1.627135403491076326e+00
-2.152586996610264258e-01 -4.000812251776801887e-01 -2.468909085514922608e-01 -1.186157168230355330e+00 2.622539525855853773e-02 6.914101210815547516e-01 -1.379206309047509293e+00 -1.180003306790289568e-03 -1.506253398896140738e-01 1.011720245937505647e+00 -1.096173797765641833e+00 3.379855687151977484e-01 4.976610466596063098e-01 -1.524914285346635978e+00
-2.203070446804413496e-01 -3.824864352340111573e-01 -2.480356523517236733e-01 -1.105137558341656945e+00 8.246668836260719060e-03 7.111974457218136481e-01 -1.365240042321091307e+00 3.061808589997898258e-03 -1.607477708242983361e-01 1.016436117557642405e+00 -1.056546940709652160e+00 2.997210660167624607e-01 4.920664981952612149e-01 -1.453383189192219316e+00
-1.954066592809346470e-01 -3.672616145169556034e-01 -2.229813805412428351e-01 -1.070943454571472664e+00 2.294962416894728505e-02 7.534657181568664708e-01 -1.370434603130380236e+00 1.080725459142455221e-03 -1.726143809748043045e-01 1.024771268562886251e+00 -1.031227106083522305e+00 2.797425369715126342e-01 4.987545744557387306e-01 -1.416315386896346062e+00
-1.841481366329046632e-01 -3.619688159852022524e-01 -1.679481528919890831e-01 -1.084996864005332684e+00 2.396428784439693510e-02 7.887434033855168503e-01 -1.371430599007100737e+00 6.104818866564179491e-03 -1.855065407657426335e-01 1.030575186861323100e+00 -9.863253096353488125e-01 2.723257095758013224e-01 5.188786450512363757e-01 -1.377554355311249035e+00
-1.640276124198548346e-01 -3.566898835435444726e-01 -1.047021659278807304e-01 -1.118482896037223728e+00 3.695530996753206704e-02 8.316850782992327717e-01 -1.380745784577963153e+00 9.161711343216288189e-03 -1.986018980440658610e-01 1.037880800333006448e+00 -9.486096668759824713e-01 2.743035688560953589e-01 5.497320802556959762e-01 -1.352651374918657279e+00
-1.447705217951813228e-01 -3.530683868403576842e-01 -4.633923590623849342e-02 -1.162829819412979360e+00 5.088872217638037987e-02 8.747810687803529994e-01 -1.396594442422809168e+00 1.373969049654354905e-03 -2.107183523340684927e-01 1.053687921107465453e+00 -9.516192463789426847e-01 2.803690589107936670e-01 5.871961945222631263e-01 -1.360505131357231612e+00
-1.379853989747760190e-01 -3.555910246072245817e-01 5.299484700117945528e-03 -1.214773362003824575e+00 5.297995891416155262e-02 9.049954121842347377e-01 -1.417084595042492179e+00 2.598526572004123628e-03 -2.198389968415779827e-01 1.068439229063163909e+00 -9.537731256837349569e-01 2.821673651140501615e-01 6.321172881597033610e-01 -1.363320299679967373e+00
-1.353999292359379936e-01 -3.605054724876076699e-01 5.256005373040974205e-02 -1.266996316575695003e+00 5.534832727980315559e-02 9.318075924991884307e-01 -1.451000726064838542e+00 -3.317668587396870906e-03 -2.271091911060035273e-01 1.095273896630127197e+00 -1.005028890205616143e+00 2.854314451457305446e-01 6.762471441020320162e-01 -1.386213597508256790e+00
-1.393533573674822501e-01 -3.678592703974123967e-01 9.759958384799631570e-02 -1.311558217544761318e+00 6.376701611414621607e-02 9.595243963086111938e-01 -1.501523327377522810e+00 -4.894832961199025757e-03 -2.329438161121201167e-01 1.134473446631629301e+00 -1.091138856144221236e+00 2.866304620896415467e-01 7.166753757906310085e-01 -1.397835798991532652e+00
-1.513412170450419147e-01 -3.799293382039487521e-01 1.429233766046701659e-01 -1.353974507104319436e+00 7.812602019677218623e-02 9.852478307547226644e-01 -1.573538441755299555e+00 -3.166617528583410592e-03 -2.365445233680261716e-01 1.173739355921659788e+00 -1.194278833680971097e+00 2.854562578469909684e-01 7.558678983309854438e-01 -1.401695836674909712e+00
-1.648164396313226976e-01 -3.937924663863684449e-01 1.876093151531468273e-01 -1.393540770682287322e+00 9.176946964417535824e-02 9.980809466087737780e-01 -1.659092740427955626e+00 -2.336485713296661444e-03 -2.378886635572649844e-01 1.203587014674222244e+00 -1.307384031188700169e+00 2.827243567412950909e-01 7.929218397218057435e-01 -1.406442152941673962e+00
-1.691002035685880978e-01 -4.030952397689810396e-01 2.314174968890709005e-01 -1.430039442380753867e+00 9.940245421379864665e-02 9.797742087251407606e-01 -1.746019026618289782e+00 -4.293254563057676693e-03 -2.367110087864476575e-01 1.219515827548098397e+00 -1.445496752477144264e+00 2.783842806688792137e-01 8.287662816941256949e-01 -1.415703411345726526e+00
-1.680967196953274678e-01 -4.091841518257358645e-01 2.741185953035504830e-01 -1.463002520423860586e+00 1.179317157046576026e-01 9.425678104222723341e-01 -1.831268694566141164e+00 -3.636173367173527182e-03 -2.361011785735997737e-01 1.214464319463175679e+00 -1.587907756019656613e+00 2.720891941247742252e-01 8.629420027138170468e-01 -1.415914766101529665e+00
-1.579318010869575628e-01 -4.090748552779022162e-01 3.150295008685739528e-01 -1.493853345709231562e+00 1.527905213204643897e-01 8.891458235792327747e-01 -1.919076944764607662e+00 -5.113004461682627878e-03 -2.400573820434306060e-01 1.181017243323629673e+00 -1.717447972009608304e+00 2.650547714160439994e-01 8.953545525588716414e-01 -1.416092936533532187e+00
-1.595266015645903923e-01 -4.162499253490865025e-01 3.544489884100838206e-01 -1.520436944313172667e+00 1.782459825702754630e-01 7.997364790861615225e-01 -2.003628379000792048e+00 -4.594177480328884809e-03 -2.466799639705842262e-01 1.116152118918609437e+00 -1.813541064614519804e+00 2.592481304732185965e-01 9.243647586443514141e-01 -1.407068224406832213e+00
-1.523300690992279438e-01 -4.168089266367551171e-01 3.919169813469188801e-01 -1.544143819569143483e+00 2.195948085502574809e-01 6.837395013074971661e-01 -2.069527487553619594e+00 -3.519803663988253437e-03 -2.546045947003597321e-01 1.024339593702270124e+00 -1.873339025091677712e+00 2.561116736773580982e-01 9.491967058236082666e-01 -1.391567930649867613e+00
-1.228348331841047220e-01 -3.994996320701186820e-01 4.267932431239328528e-01 -1.565423743636537246e+00 2.847594617152610086e-01 5.476177800579207222e-01 -2.087267022065992350e+00 -6.272324736753348562e-03 -2.706131804312653655e-01 8.952306699416648916e-01 -1.889148452762794639e+00 2.548606523673317970e-01 9.699825262962867845e-01 -1.377091072294191809e+00
-7.451581129477180543e-02 -3.641118380730568593e-01 4.569109627808122243e-01 -1.577801308030815308e+00 3.570654074688728308e-01 4.000906388243965495e-01 -2.047049007475933546e+00 -4.788135097455561203e-04 -2.832335761929635765e-01 7.604614691268594129e-01 -1.862023342960056782e+00 2.529722006523223987e-01 9.826794176873290265e-01 -1.332709217747579000e+00
-2.251507390995415026e-02 -3.222180693126785456e-01 4.839003026471637159e-01 -1.582428253751260394e+00 4.112214380854689044e-01 2.602171590706585658e-01 -1.961364283267655662e+00 -4.750007950539653708e-04 -2.992627875452220643e-01 6.256684205138003385e-01 -1.820644116718739269e+00 2.524342081576913532e-01 9.932878596971580487e-01 -1.293701236724507764e+00
2.451656556875718776e-02 -2.811375410832495092e-01 5.091567881204767110e-01 -1.580025952864076322e+00 4.375012410083922720e-01 1.342273054915907038e-01 -1.838289230759692749e+00 6.194169683616899437e-03 -3.167041805707865310e-01 5.100787947564320302e-01 -1.750958973551976827e+00 2.506704414523305280e-01 9.987233184538626407e-01 -1.232433686109466686e+00
9.087031371813826530e-02 -2.205685898740286088e-01 5.259852477790489811e-01 -1.569444033974333630e+00 4.508577205292047529e-01 3.131485386072650062e-02 -1.686452903345402765e+00 7.328932933596790829e-03 -3.402858132507613487e-01 4.129860406199051814e-01 -1.680790183381111857e+00 2.481837615767054639e-01 1.002299403622157969e+00 -1.176795624001821361e+00
1.652481504014332858e-01 -1.497692805780380665e-01 5.339719134331617489e-01 -1.550372667075131217e+00 4.478220780860335815e-01 -5.541175284803592088e-02 -1.518162896223936853e+00 -2.073112596100541976e-03 -3.734870719714770693e-01 3.380415602221310545e-01 -1.627487620211799380e+00 2.458914573977877827e-01 1.008107972344521430e+00 -1.140116144623523731e+00
1.983321178658458694e-01 -1.130411006547161201e-01 5.563571837891071459e-01 -1.541063953755381633e+00 4.226027858122898828e-01 -1.386738296623400146e-01 -1.348728785542738340e+00 8.256443803270551232e-03 -3.993180537371501249e-01 3.075867524952184406e-01 -1.536148210919363599e+00 2.412189795358090638e-01 1.004166790018717226e+00 -1.047630635383496100e+00
2.282172679057085096e-01 -7.734161706271787395e-02 5.802250927935523883e-01 -1.533160240949476893e+00 4.030082121764128611e-01 -2.100696136738560982e-01 -1.205028790138941375e+00 2.704139116594668751e-03 -4.348988701908757526e-01 2.944750884984550510e-01 -1.477991912806176478e+00 2.374627687557952227e-01 1.005144559195846332e+00 -9.850251063248620653e-01
2.551482050570412774e-01 -4.268781735412208872e-02 6.050842610453142090e-01 -1.527354197623707721e+00 3.911232883634997437e-01 -2.570008960285914412e-01 -1.105776915540311212e+00 -6.804788923363090831e-03 -4.751432029305567295e-01 3.019785519005488417e-01 -1.444610385349378578e+00 2.336404132710267756e-01 1.006035479447055403e+00 -9.265433775365530256e-01
2.731220531728099643e-01 -1.582161002915119866e-02 6.326456632796232382e-01 -1.527521174128226189e+00 3.837416199796047089e-01 -2.687189707992009291e-01 -1.047818836293273215e+00 -1.289145625541123982e-02 -5.134708900413212929e-01 3.272734540736791375e-01 -1.421008641361467095e+00 2.345583399323089291e-01 1.030963160577908155e+00 -9.200000000000000400e-01
2.853198760376923215e-01 4.985399952320599716e-03 6.589633849696899803e-01 -1.531871720831437411e+00 3.823032725981975744e-01 -2.570552958584031433e-01 -1.029162505187112497e+00 -5.827581969617686569e-03 -5.458994484419020798e-01 3.623727512619198121e-01 -1.377896516414960137e+00 2.368836830321950915e-01 1.064433063399833790e+00 -9.200000000000000400e-01
2.719126827847633820e-01 6.904111351850426717e-04 6.991244433651269130e-01 -1.549886111951132905e+00 3.803595648646584948e-01 -2.247700836214351627e-01 -1.040021219255236939e+00 -1.328918474510576431e-02 -5.835618184850636103e-01 3.965254300046129332e-01 -1.372520386773199208e+00 2.394763497243079242e-01 1.089995004474292983e+00 -9.200000000000000400e-01
2.371082088770543606e-01 9.795058211913283512e-04 7.380773880455132607e-01 -1.560837598548355576e+00 3.756340944290301742e-01 -1.820041877694880406e-01 -1.072350537411861593e+00 -1.087028646079454298e-02 -6.055855559053877624e-01 4.372586614678714567e-01 -1.356403740491307186e+00 2.398102018761059662e-01 1.108977298547616508e+00 -9.200000000000000400e-01
2.163845850790493130e-01 1.216422703517327543e-02 7.680341564734106674e-01 -1.564624386229214625e+00 3.758569331684107340e-01 -1.346016450468867087e-01 -1.120200662679504466e+00 -1.438275887041611661e-02 -6.195734866921728257e-01 4.796230494114276932e-01 -1.363135710811995249e+00 2.309845360447311258e-01 1.125544323446642681e+00 -9.200000000000000400e-01
2.002219873417501461e-01 1.676934079522506699e-02 8.002105906046854678e-01 -1.581215087057868729e+00 3.773443275920544959e-01 -8.709756660771073022e-02 -1.171287726199333745e+00 -1.222881693953485789e-02 -6.186206183519795676e-01 5.233997067420727012e-01 -1.368946572575508114e+00 2.464032460477462438e-01 1.156382904145152102e+00 -9.200000000000000400e-01
1.945369005744052027e-01 1.552431248982500366e-02 8.332797632268852395e-01 -1.614114485862484738e+00 3.819120746447783321e-01 -4.024577855409965793e-02 -1.219902276288630905e+00 3.393158339109858534e-03 -5.990871358498074395e-01 5.667842712184185672e-01 -1.355326716445507174e+00 2.019262453553631598e-01 1.185885871257434943e+00 -9.453366795119795274e-01
1.959820196397027425e-01 5.933514261579985946e-03 8.648866728903177314e-01 -1.661509077927140421e+00 3.889259278705693990e-01 1.004360044241406867e-02 -1.264888086002140977e+00 -7.717297731392604165e-03 -5.866751427903078575e-01 6.056171204359649396e-01 -1.404482133517460429e+00 1.316742822503068899e-01 1.253853107570492842e+00 -1.165032741727201282e+00
2.022636188700333293e-01 -1.533506470654293248e-02 8.952873391655922219e-01 -1.728248211508135457e+00 3.987954807526848389e-01 6.192864936144788085e-02 -1.308800637276269496e+00 -9.656562422494135642e-03 -5.628988980831278743e-01 6.444621799663242667e-01 -1.437595779361838577e+00 4.997777007213677347e-02 1.264439976495273621e+00 -1.334248272777220468e+00
2.098772564314109190e-01 -4.001530013782511608e-02 9.127227452602846292e-01 -1.799982909863550695e+00 4.100939072314314648e-01 1.129678768960845764e-01 -1.349879123813047199e+00 -2.159812359373541987e-04 -5.302418501286636499e-01 6.827877592349884672e-01 -1.445691795753135667e+00 -2.737182127134924620e-02 1.224725042879659442e+00 -1.432094662692579012e+00
2.165331994586237874e-01 -5.968606239415591430e-02 9.112510367566946101e-01 -1.868363240519825386e+00 4.208916061662306696e-01 1.617767712464383001e-01 -1.384123167946670785e+00 -4.673488937818293457e-03 -5.039778204793121663e-01 7.178767057280415198e-01 -1.476816715179717576e+00 -1.022047585065961328e-01 1.142000236183090545e+00 -1.492430577988960394e+00
2.234942924695127731e-01 -6.312978874000732543e-02 8.848757429021031351e-01 -1.928371496411688479e+00 4.311553079326685411e-01 2.068486289790936739e-01 -1.409020349007108486e+00 -2.085406843661926930e-03 -4.785003434736052608e-01 7.505268021998320327e-01 -1.482724649002631567e+00 -1.467678520619644933e-01 1.052734328969834987e+00 -1.514070039933718359e+00
2.151370433569040341e-01 -7.162446897857330241e-02 8.445667800752961751e-01 -1.981576050604047401e+00 4.312564693298093221e-01 2.464429296302129146e-01 -1.426488509351288014e+00 -4.857149314031054474e-03 -4.604556727764168023e-01 7.783565187604820634e-01 -1.488694027971052103e+00 -1.687070902022450858e-01 9.745003624099715100e-01 -1.533465955768126721e+00
1.909404990576508976e-01 -7.987327854734786736e-02 7.900946067979048859e-01 -2.019706885838401078e+00 4.202410585257465581e-01 2.823612630126571821e-01 -1.441005264404866093e+00 -9.323054758857549822e-04 -4.358433334883337618e-01 8.036221642801772980e-01 -1.478387028822079508e+00 -1.871277843192429291e-01 8.950376267689384990e-01 -1.528885079579021866e+00
1.657061274945058060e-01 -7.203026446657549708e-02 7.148015731149043317e-01 -2.025608431032416945e+00 4.068357827109344571e-01 3.154120409096311528e-01 -1.452086737922666293e+00 -1.810691996180226567e-05 -4.092917527246711096e-01 8.270425268260951368e-01 -1.472862795959354543e+00 -2.077463342145741965e-01 8.260857519433947305e-01 -1.512963471729895870e+00
1.265959161691466717e-01 -7.077543637717932656e-02 6.353339919292495530e-01 -2.013457157303968792e+00 3.832053053966060774e-01 3.465969412296020513e-01 -1.465932773606254180e+00 -4.289662284631103051e-03 -3.867358009507522176e-01 8.497649270191837134e-01 -1.477427183132716593e+00 -2.286699806068571705e-01 7.620684895372321632e-01 -1.463523102323527780e+00
8.287147166536032450e-02 -6.977550892997157195e-02 5.584014965939124719e-01 -1.980391368639016658e+00 3.550109314078464529e-01 3.766988766562912594e-01 -1.482413095383478430e+00 -3.837459940944045866e-03 -3.631100272832896159e-01 8.728786063574160980e-01 -1.473646932402619569e+00 -2.441257650787941880e-01 6.998274024838460061e-01 -1.329443002418023045e+00
3.283124982051412871e-02 -7.201480733703287396e-02 4.894651307919163363e-01 -1.930788054352664984e+00 3.203722661004185235e-01 4.045575695598548349e-01 -1.500090478748265177e+00 -6.664806041682902471e-03 -3.403017025678540808e-01 8.971563169199932020e-01 -1.479176205735664551e+00 -3.091328300363926362e-01 5.910310106759285587e-01 -1.004626432160684368e+00
-2.637213323806922999e-02 -8.134884354184115929e-02 4.357645997938318638e-01 -1.866501158182006348e+00 2.761039199666414090e-01 4.282813556797418486e-01 -1.515145300368640369e+00 -1.445520723135468007e-03 -3.133089161161797254e-01 9.212982341802962161e-01 -1.468561029274922491e+00 -3.167376051843343032e-01 5.635834477704864121e-01 -9.200000187138921426e-01
-9.541855836285995096e-02 -8.537994169461836369e-02 3.885122605098164650e-01 -1.780317132084332732e+00 2.206734291197094411e-01 4.437375328519497231e-01 -1.521784053398541614e+00 -3.361531764398647745e-03 -2.859420998712132178e-01 9.451003486332418824e-01 -1.472424169620768275e+00 -3.028791222994423049e-01 5.703305435943250012e-01 -9.333325671812814361e-01
-1.573693588478613237e-01 -7.542382268160727210e-02 3.424157779180254102e-01 -1.684015548066497781e+00 1.674379808309990614e-01 4.550321156335183082e-01 -1.520415576220779164e+00 -9.117457790223333636e-03 -2.587754251479457146e-01 9.689998679087851174e-01 -1.482616129078407674e+00 -2.798496949030093717e-01 6.032930129464046942e-01 -1.015585761986473878e+00
-2.037609614553187454e-01 -5.512430183217478796e-02 2.969507710361933839e-01 -1.593300202576721558e+00 1.243598635964978244e-01 4.670345999748654608e-01 -1.516256107195805614e+00 1.666676371579035951e-03 -2.321010685650801153e-01 9.900867945164872896e-01 -1.457680639317627813e+00 -2.494639734877413251e-01 6.316453214420211237e-01 -1.048795123823893949e+00
-2.538587028150946501e-01 -5.433272277545834333e-02 2.568474815413254730e-01 -1.523706467303451717e+00 7.640848861883046961e-02 4.712833976298018146e-01 -1.502307830158459589e+00 6.316512261607566160e-03 -2.098149211222161969e-01 1.010041076839001795e+00 -1.444641767358726181e+00 -2.192425511189466103e-01 6.589939384764106345e-01 -1.087906814123482002e+00
-2.863169925137468153e-01 -4.976371838542646697e-02 2.273572342461652740e-01 -1.466233497896833882e+00 4.200779330354942331e-02 4.804033809380280906e-01 -1.491259229004348041e+00 9.317503243610215100e-04 -1.912985042034968108e-01 1.030792649894243906e+00 -1.453480964328983216e+00 -1.910946981672503042e-01 6.849785431466300922e-01 -1.145318211914521989e+00
-3.006191481980416969e-01 -4.075448547412759137e-02 2.306040999342813813e-01 -1.436262664475977058e+00 2.219409894239629186e-02 4.980433864968441537e-01 -1.486875591261231255e+00 6.314864560953879161e-04 -1.730593399893387563e-01 1.048974084917106753e+00 -1.452335849762106612e+00 -1.625116961108535041e-01 7.053807081406888724e-01 -1.186250194620121157e+00
-2.960469111239739104e-01 -4.623085496297184988e-02 2.548501505209906925e-01 -1.429385886945252260e+00 1.853793010471601818e-02 5.265791756989018912e-01 -1.491797763208280836e+00 -6.464551360658876591e-05 -1.576911089974691038e-01 1.065414678865751918e+00 -1.454735428101387562e+00 -1.346086916940448241e-01 7.228426373406130478e-01 -1.222115767595419289e+00
-2.836007209557347419e-01 -5.826868303425779272e-02 2.862409940837623568e-01 -1.439305901265258258e+00 2.263150941705591862e-02 5.586855064264839577e-01 -1.499805414671309123e+00 8.693000180448728215e-03 -1.478652651173235633e-01 1.078643698428501718e+00 -1.444621357875146339e+00 -1.087704759136164101e-01 7.355442208621862932e-01 -1.227683371342790819e+00
-2.675254569498318191e-01 -6.619788307206969646e-02 3.180531958874101006e-01 -1.450931377116346122e+00 3.081197777115651792e-02 5.918605215156708121e-01 -1.506351249994666519e+00 7.372254077492155014e-03 -1.504396796694889848e-01 1.092775483025865357e+00 -1.463940735553614703e+00 -8.895023999975283646e-02 7.482987811328669636e-01 -1.247627895621807648e+00
-2.528274531413612913e-01 -6.933136110805243613e-02 3.472556349902095607e-01 -1.459448510396858634e+00 3.881999620135096613e-02 6.222235056626757022e-01 -1.510076592200080725e+00 7.738448336583836525e-03 -1.662784059154461813e-01 1.105219520230518393e+00 -1.491899100703671710e+00 -7.513660782270738248e-02 7.589089022093220560e-01 -1.253223213151352100e+00
-2.366842208863892960e-01 -7.119881719767791328e-02 3.700557393244651716e-01 -1.464474248619878960e+00 4.943242057507081511e-02 6.519875483532759919e-01 -1.514657308961483206e+00 4.291042020708359626e-03 -1.949614262207353121e-01 1.115983393588651396e+00 -1.539368343025750097e+00 -6.563155234697484741e-02 7.693233023829452177e-01 -1.260495628214412189e+00
-2.240572149638940525e-01 -7.344298920504149786e-02 3.883719143968436538e-01 -1.465199387542351905e+00 5.768162653525100991e-02 6.761216621413020933e-01 -1.514511523397868764e+00 4.227225929831073502e-03 -2.321909307118507071e-01 1.118526797849016097e+00 -1.579821811568391299e+00 -5.999843702454072530e-02 7.770832132205280907e-01 -1.249720984043147798e+00
-2.207987719771657698e-01 -8.011088122284916457e-02 4.091341645343958833e-01 -1.466762762411601750e+00 5.711037283823105354e-02 6.919709463908818581e-01 -1.508783715572658224e+00 5.670515219365616921e-03 -2.744117463486280273e-01 1.112964125177018149e+00 -1.612032130225998117e+00 -5.737504739173049373e-02 7.828911822734231363e-01 -1.227358656032181194e+00
-2.145492182498318634e-01 -8.268483085838591873e-02 4.266145964086188735e-01 -1.464372879911936209e+00 5.984231984596329740e-02 7.096866063762566901e-01 -1.504702482482659365e+00 2.771196378749294156e-03 -3.209887197094378197e-01 1.099555989039119108e+00 -1.645391215406491137e+00 -5.746659173577504248e-02 7.881768661625048189e-01 -1.208227834145098711e+00
-2.089730313816065554e-01 -8.215877239046509573e-02 4.415655519453378641e-01 -1.459032702575993046e+00 6.163321918022048734e-02 7.278555676752898052e-01 -1.498029490674116504e+00 6.089550333239563545e-03 -3.705457592523535570e-01 1.074674815696711194e+00 -1.659604042913167321e+00 -6.161322174928417911e-02 7.901859669345772108e-01 -1.165375380017621643e+00
-2.063236753535540591e-01 -8.108447550265855674e-02 4.565326026680943117e-01 -1.452037689046349112e+00 6.023971350856869439e-02 7.430794438074403985e-01 -1.486363939225126440e+00 7.152847984970379935e-03 -4.229312512140301905e-01 1.039108125774373947e+00 -1.667286958523862106e+00 -6.906771636235745082e-02 7.907227025592529213e-01 -1.119658299800060597e+00
-2.022821896918895190e-01 -7.920798071862833467e-02 4.707749456762733153e-01 -1.443568213006799716e+00 6.087536474509027545e-02 7.565595829433331421e-01 -1.474198671684844530e+00 6.764440885485154854e-03 -4.774008561965498720e-01 9.978707854775478170e-01 -1.665110838227668477e+00 -7.675610302100931148e-02 7.900583447035574025e-01 -1.073982283338884791e+00
-2.011949342968009924e-01 -8.069221066131680720e-02 4.872568109486490884e-01 -1.436642257613446105e+00 5.938669349471115827e-02 7.653082188803886909e-01 -1.465003395571538691e+00 5.370925285060786092e-04 -5.359613308980708535e-01 9.542619595795900356e-01 -1.659159334603740321e+00 -8.360650640584001148e-02 7.908174760466680775e-01 -1.043114741445610560e+00
-1.979579267864418346e-01 -8.072655396613796774e-02 5.029918322342438186e-01 -1.429148913486864458e+00 6.217230144957783255e-02 7.721999249352857753e-01 -1.467214692667787812e+00 1.566277824914433583e-02 -5.796857264055979009e-01 9.034893692097590856e-01 -1.594990462187421354e+00 -8.933257886623879873e-02 7.716054254071241791e-01 -9.347520467731494920e-01
-1.979043731984593546e-01 -8.329002192808529492e-02 5.200495636218543938e-01 -1.424480353658051257e+00 6.455849655593159930e-02 7.698862590458184219e-01 -1.483384430912710661e+00 5.857763085886825635e-03 -6.269040649867859694e-01 8.431611481908436456e-01 -1.562714023173704891e+00 -9.193534769124961370e-02 7.859859469122533193e-01 -9.463818346841291751e-01
-1.996441816833296468e-01 -8.702056026811666456e-02 5.378413986960963733e-01 -1.420763511881085739e+00 6.901597322220189012e-02 7.542403402604475060e-01 -1.513433066732925436e+00 2.040879544279523578e-03 -6.594765722953426224e-01 7.976492376166144371e-01 -1.544904981499837460e+00 -9.374294821456512217e-02 7.876968858048700728e-01 -9.234915032149325631e-01
-2.046707585875282842e-01 -9.480602321610764882e-02 5.569846493467841553e-01 -1.421394934929276044e+00 7.591360765665185195e-02 7.166494521484552127e-01 -1.557659284517820097e+00 -5.580780304547516141e-03 -6.922001879299252147e-01 7.499101294170649190e-01 -1.529827030117254960e+00 -9.382788807561537325e-02 7.933500415365564162e-01 -9.200000000000000400e-01
-2.043246661327554892e-01 -9.886039802994510406e-02 5.728426164221974703e-01 -1.422442761892558805e+00 9.490913923855001655e-02 6.579597475979450660e-01 -1.612160298696980743e+00 -1.134755574968709761e-02 -7.222184376002650508e-01 6.994485431945461906e-01 -1.505450177658710142e+00 -9.209066668000372158e-02 7.999602224967031772e-01 -9.200000000000000400e-01
-1.916537541265161404e-01 -9.155873886108158166e-02 5.818873916969379279e-01 -1.419900861164622441e+00 1.306160209156089769e-01 5.807045013125711197e-01 -1.663973911304936104e+00 -1.203567003626498239e-02 -7.489535784423640985e-01 6.489063803909824735e-01 -1.466488627918097309e+00 -8.880694449363236986e-02 8.087136436936274153e-01 -9.200000000000000400e-01
-1.791918317121664050e-01 -8.344427122257971896e-02 5.907546534230420088e-01 -1.418426001502378186e+00 1.652618363243707478e-01 4.844102543899921343e-01 -1.682377273482236646e+00 -1.123457574851974804e-02 -7.755685238108954715e-01 6.012095222520641435e-01 -1.422036978970397936e+00 -8.402956221107009405e-02 8.186683268284150605e-01 -9.200000000000000400e-01
-1.548301138478208605e-01 -6.538939955597165843e-02 5.936640450430511473e-01 -1.411938011561899797e+00 2.063625655578888440e-01 3.714748279706845957e-01 -1.654647195353123879e+00 1.043854341158177132e-04 -7.850000000000000311e-01 5.582131361213511500e-01 -1.354380986624284189e+00 -7.662185943796451237e-02 8.343513830532992559e-01 -9.200000000000000400e-01
-1.233405779723577705e-01 -4.215830556254927808e-02 5.926917759905145910e-01 -1.399955154410027935e+00 2.455466250385031080e-01 2.487949314612822316e-01 -1.585849446851052225e+00 -4.061923535248405492e-06 -7.850000000000000311e-01 5.173219529981839537e-01 -1.300431926587712450e+00 -6.837907177178062512e-02 8.431372770042895315e-01 -9.200000000000000400e-01
-8.710905617298979331e-02 -1.587726035489464907e-02 5.889696837291812370e-01 -1.382914390933187576e+00 2.760497108858846471e-01 1.282417628680826427e-01 -1.477931995898661643e+00 -1.388287269085006215e-03 -7.850000000000000311e-01 4.882202133795499610e-01 -1.279405514270034905e+00 -6.121456823376854317e-02 8.485600852668853111e-01 -9.200000000000000400e-01
-4.903722242572564061e-02 1.108650791630979605e-02 5.837702517535172664e-01 -1.363031087883361359e+00 2.968552506243666844e-01 9.931198166403346420e-03 -1.342242153413744310e+00 -1.319139818048944545e-03 -7.850000000000000311e-01 4.616974558796069217e-01 -1.253808371535411581e+00 -5.062135464907197013e-02 8.568045748529579120e-01 -9.200000000000000400e-01
-1.446819160301691942e-02 3.464990005266811723e-02 5.802739438771994385e-01 -1.344203972744644870e+00 3.095927782412770113e-01 -1.038793650524973688e-01 -1.199833020684431428e+00 -1.659658601300325990e-03 -7.850000000000000311e-01 4.228055349612481750e-01 -1.182437362320740037e+00 -4.372937520986317633e-02 8.634704739685680197e-01 -9.200000000000000400e-01
1.446926171535214793e-02 5.307971279603840992e-02 5.808366742832982155e-01 -1.329126169723239270e+00 3.137956610697250071e-01 -2.041435962923795200e-01 -1.052925073122350508e+00 -7.197496259713796534e-04 -7.850000000000000311e-01 3.985965834791598827e-01 -1.123320044238739879e+00 -3.490226979730671336e-02 8.716224054992320891e-01 -9.200000000000000400e-01
4.256398892172794102e-02 7.067792687759916204e-02 5.823686596129068471e-01 -1.314792449813543485e+00 3.128616128245259587e-01 -2.717845494296928233e-01 -9.255595012504088670e-01 9.243166757734222515e-04 -7.850000000000000311e-01 3.649383053297097779e-01 -1.048800143420236308e+00 -2.445034288815614576e-02 8.825584897420528652e-01 -9.200000000000000400e-01
5.364179291419631651e-02 7.273313969549649594e-02 5.983840364673210788e-01 -1.314024943472778428e+00 3.128727715514748597e-01 -2.652237602735258992e-01 -9.200000000000000400e-01 9.221057848615182200e-04 -7.850000000000000311e-01 3.621864640573320138e-01 -1.038716566110117423e+00 -1.251001292676323304e-02 8.897174916342427409e-01 -9.200000000000000400e-01
7.107932786733979491e-02 8.192143554398496896e-02 6.086734666196136345e-01 -1.307889109111346260e+00 3.138164909137857728e-01 -2.470221523707882005e-01 -9.200000000000000400e-01 1.060009071381315783e-03 -7.850000000000000311e-01 3.380361007460813694e-01 -9.705594593986434093e-01 -1.673913284092365427e-04 9.021540490511191779e-01 -9.200000000000000400e-01
6.533047772057079539e-02 6.943089469200655617e-02 6.382902138964328120e-01 -1.320322623080061319e+00 3.092033713196921108e-01 -2.345568707699044186e-01 -9.200000000000000400e-01 2.540548155815860218e-04 -7.850000000000000311e-01 3.650951292637300005e-01 -9.955910411328525722e-01 1.075553456404745173e-02 9.111470140718552768e-01 -9.200000000000000400e-01
7.533185032345590670e-02 7.198249206315973647e-02 6.550324073880434694e-01 -1.321150286296925547e+00 3.105457852655244544e-01 -2.184660111798160109e-01 -9.200000000000000400e-01 3.643740947432517552e-04 -7.850000000000000311e-01 3.687089875635466418e-01 -9.815586456797222858e-01 2.577140720172101454e-02 9.185555170887034215e-01 -9.200000000000000400e-01
8.258311427797743187e-02 7.119552568367851220e-02 6.791741126934054407e-01 -1.340164746168589049e+00 3.114390768070771642e-01 -1.992606563960869215e-01 -9.269840061200503856e-01 1.687727198237951639e-03 -7.850000000000000311e-01 3.789325178833728436e-01 -9.820077830965161514e-01 3.671204568124275536e-02 9.274657062809852359e-01 -9.200000000000000400e-01
8.483824652674278044e-02 6.534388756417498778e-02 6.950646115593581698e-01 -1.341140476826377048e+00 3.124558707457408269e-01 -1.725590489333023170e-01 -9.510807052915185578e-01 -1.099700548055841925e-03 -7.850000000000000311e-01 3.646726284015189279e-01 -9.208254016532084751e-01 4.731927349661712440e-02 9.393484781966674468e-01 -9.200000000000000400e-01
8.689154674599933181e-02 5.326324667885241892e-02 7.195895956958264783e-01 -1.365888349836455573e+00 3.155464215388391058e-01 -1.367747427447025543e-01 -9.973047612860199695e-01 -1.360501674286633978e-03 -7.850000000000000311e-01 3.996658171212567612e-01 -9.739085559941828008e-01 5.296875927785831689e-02 9.533641857793627716e-01 -9.200000000000000400e-01
1.029289707636603518e-01 5.107953983635603323e-02 7.343780880214492157e-01 -1.388352137270454811e+00 3.244184399451744416e-01 -9.596011791252948009e-02 -1.050083672593671302e+00 7.309215799884816568e-04 -7.850000000000000311e-01 4.286419608394884118e-01 -9.984570236313713432e-01 7.246192715371524429e-02 9.663817299133047323e-01 -9.200000000000000400e-01
1.128310466202696594e-01 3.859151291239664577e-02 7.528286082967652337e-01 -1.420553996963980214e+00 3.315317782635408550e-01 -5.676450614786315851e-02 -1.096990173901041032e+00 -5.852096575518666351e-04 -7.850000000000000311e-01 4.607052249716046544e-01 -1.035020397879614196e+00 8.745704928233095921e-02 9.697224959152980217e-01 -9.200000000000000400e-01
1.189932437885142941e-01 2.572570776224917394e-02 7.665751617664489093e-01 -1.453481679429048157e+00 3.373733679506394911e-01 -1.854919687802951758e-02 -1.138869272695361090e+00 -1.214742476748760860e-02 -7.752120258059415070e-01 4.803062468459206591e-01 -1.075724483261654152e+00 9.741927865046615120e-02 9.740986124012759317e-01 -9.200000000000000400e-01
1.231932644332645321e-01 1.193757706460271857e-02 7.736374652369433225e-01 -1.486420061648275004e+00 3.424433152056404750e-01 1.882376180382728734e-02 -1.176321831683150076e+00 -1.030969285073544094e-02 -7.498001957753972491e-01 4.938119930181309458e-01 -1.081620936749727591e+00 1.077859655793014793e-01 9.773319222332671474e-01 -9.200000000000000400e-01
1.258838146324015306e-01 -1.877006340327715735e-03 7.737133005469513103e-01 -1.521186584052667268e+00 3.471845651047433812e-01 5.516196042873681982e-02 -1.212098268328624551e+00 -5.342931160995310381e-03 -7.253817672908322578e-01 5.086462674437777221e-01 -1.088899591074843576e+00 1.363046166315348695e-01 1.004934701408754627e+00 -9.200000000000000400e-01
1.265491688951589089e-01 -1.626084024664264938e-02 7.686177529131825725e-01 -1.560138135355737976e+00 3.514749291969043732e-01 9.082551404492605895e-02 -1.248092483221601823e+00 -1.204405979379858695e-02 -7.095261798695868816e-01 5.296868897319273461e-01 -1.136733628203033142e+00 1.325084725837047672e-01 9.918399948849753178e-01 -9.200000000000000400e-01
1.259949060069648352e-01 -2.971646113461912098e-02 7.579488029170379226e-01 -1.603291154000165086e+00 3.554806661290158543e-01 1.259641220116244353e-01 -1.283842935960153309e+00 -7.650000516097895872e-03 -6.892659727779015810e-01 5.525436224169446575e-01 -1.165723613014426174e+00 1.411554236560605136e-01 9.924106709573564666e-01 -9.200000000000000400e-01
1.226813001271103015e-01 -4.056718541576313092e-02 7.413037977676480983e-01 -1.648998242532417224e+00 3.580926448763272485e-01 1.593418642374286043e-01 -1.318053887523721102e+00 -1.061817853292258175e-02 -6.721895531048659445e-01 5.776844058071681776e-01 -1.212755326491299135e+00 1.445553829725477468e-01 1.001547976334247636e+00 -9.200000000000000400e-01
1.145834839668493366e-01 -4.553815057681367268e-02 7.158669089818708864e-01 -1.687671995140170411e+00 3.578563665300705798e-01 1.898516851407555106e-01 -1.350140893965977806e+00 1.758982017144595286e-03 -6.475892932680860081e-01 6.007095705885793224e-01 -1.220037031928648874e+00 1.519186748750329663e-01 1.065402233623650829e+00 -9.851453495729504128e-01
9.997592718813190504e-02 -5.235574014203037141e-02 6.848589696869512577e-01 -1.720257655455107004e+00 3.532714314950196055e-01 2.175026739533458819e-01 -1.379409684591585528e+00 -9.126024524200666756e-04 -6.322425059243367285e-01 6.240858974758968225e-01 -1.257804622662685778e+00 1.474081540787444133e-01 1.138776657030548867e+00 -1.166666198721352021e+00
8.131170808479677714e-02 -5.834127240439728607e-02 6.500601401234518129e-01 -1.745854366337781682e+00 3.453319617077694192e-01 2.429386627648291441e-01 -1.405574182592150168e+00 2.227757666181786732e-03 -6.155019742850683651e-01 6.466505296501575684e-01 -1.279382974976648768e+00 1.279917301079534497e-01 1.164618551982187444e+00 -1.301730652277021338e+00
6.036646179513371901e-02 -6.364843032122323441e-02 6.090323779768417323e-01 -1.759308032918727838e+00 3.346732496695823955e-01 2.663250588997193580e-01 -1.427172851249850050e+00 3.473522278167164370e-03 -5.994349845375165353e-01 6.684194944019424822e-01 -1.301027821959882091e+00 1.005716664849708730e-01 1.147864790870771312e+00 -1.401418477763561876e+00
3.742911635556266797e-02 -6.682346923365925506e-02 5.620704120277493221e-01 -1.756387881553581387e+00 3.210750794150365461e-01 2.873264740752573543e-01 -1.442149516644562590e+00 -4.906667250583964142e-04 -5.840852547523573968e-01 6.889629380017499027e-01 -1.328114450443244943e+00 4.486109378083056459e-02 1.094064092571603641e+00 -1.452121512221998589e+00
1.423817041103279078e-02 -6.848934928923894327e-02 5.123268936192633127e-01 -1.739081983920539587e+00 3.058700694034805490e-01 3.066733549464716324e-01 -1.451999284188291162e+00 1.933867199556712005e-03 -5.645828684663938279e-01 7.079322451456095955e-01 -1.336666939909515683e+00 -4.067330853004655355e-02 1.025357385858241432e+00 -1.447725923569070261e+00
-2.525576229492095329e-02 -8.450564492737294708e-02 4.697385351036915679e-01 -1.718815339349897275e+00 2.782131629236672676e-01 3.211277252988787856e-01 -1.455230653901812499e+00 8.068102364843377904e-04 -5.456113055745686058e-01 7.259938346796468434e-01 -1.348766884837087510e+00 -1.036675788435988260e-01 9.737624372290099029e-01 -1.445814786096336402e+00
-6.315698161129131016e-02 -9.599777592029475060e-02 4.197081726910945054e-01 -1.682539150661390703e+00 2.499714263762567446e-01 3.334046438995005857e-01 -1.452806934257948823e+00 2.770804657811239916e-03 -5.254585241837996801e-01 7.428921865847368800e-01 -1.349577443723162018e+00 -1.459837706604900920e-01 9.147934423633823364e-01 -1.424758000991256379e+00
-9.151290243142920500e-02 -9.931140377847816336e-02 3.602870962010410461e-01 -1.633686112249875588e+00 2.270118289287372526e-01 3.463380961817271730e-01 -1.446937903208313170e+00 4.201220744994873385e-03 -5.053775828855237018e-01 7.591830847512246461e-01 -1.347841361215736722e+00 -1.696373895201161164e-01 8.691236798672289376e-01 -1.444377456212364574e+00
-1.380454847832061349e-01 -1.173062318424310940e-01 3.034280226002134540e-01 -1.584517058114589538e+00 1.900061060346352471e-01 3.514032122471295594e-01 -1.432267225376742115e+00 2.842000657221638998e-03 -4.860094518139926878e-01 7.755299159159871891e-01 -1.349833216737333030e+00 -2.048978468489525695e-01 8.372337621316152667e-01 -1.490158118626838002e+00
-1.704991807774736134e-01 -1.249787984296788779e-01 2.356674661974211271e-01 -1.523931974961010294e+00 1.621754298522549431e-01 3.597076615651984000e-01 -1.419244733626928934e+00 1.035581473583260977e-03 -4.659973863005833494e-01 7.928604264778370547e-01 -1.352882617293990064e+00 -2.510821673662657072e-01 7.972003864408683249e-01 -1.489014561511531332e+00
-2.065573790130095511e-01 -1.326210219611473895e-01 1.738183033163308300e-01 -1.465290090554880686e+00 1.309703040233134996e-01 3.655576093850257946e-01 -1.404136389888292147e+00 9.230470997971954375e-03 -4.430700053225766211e-01 8.104255169738434628e-01 -1.334239467123413236e+00 -2.807810922845404566e-01 7.515566262165338518e-01 -1.426077794956974953e+00
-2.397225970459318511e-01 -1.335479155528394579e-01 1.196638581779430749e-01 -1.408028127901693072e+00 1.012791716956706750e-01 3.711450921704170791e-01 -1.389867063677332260e+00 7.830065740663583185e-03 -4.176623343876617045e-01 8.302555628617038774e-01 -1.340541504070112966e+00 -2.823181708495878794e-01 7.096580264600662602e-01 -1.368746047794537679e+00
-2.823834788700275156e-01 -1.376029808696407064e-01 7.535822737454922482e-02 -1.367443332767757092e+00 6.411548267855982086e-02 3.699410990749334993e-01 -1.371440050634231023e+00 2.631626625534549263e-03 -3.809464506515526372e-01 8.520314378401013800e-01 -1.360952356491427429e+00 -2.650275953745296897e-01 6.919161988307976907e-01 -1.356032595947563424e+00
-3.125695774518226222e-01 -1.378033940550570102e-01 3.330970890280248592e-02 -1.331426423600446940e+00 3.574679746343999154e-02 3.734236817573086120e-01 -1.359357972460151220e+00 -4.192778245644908364e-03 -3.441738167595252418e-01 8.735254711563720242e-01 -1.379815139032832816e+00 -2.330001137649428955e-01 6.885822537147393563e-01 -1.372788619534842214e+00
-3.314559941375934127e-01 -1.366260667889570013e-01 -7.580186528609613968e-05 -1.297997485578352928e+00 1.566030839540398859e-02 3.821286123975348725e-01 -1.355279463563930031e+00 -8.205956479675296372e-03 -3.065308664316983012e-01 8.946856314358434537e-01 -1.387603635989094197e+00 -1.907867023853453137e-01 6.895928939270875579e-01 -1.393169286687409025e+00
-3.350623067802470656e-01 -1.417473376502568494e-01 -2.292674241477348981e-02 -1.262675531933382667e+00 7.194148118365503199e-03 3.998245018042828058e-01 -1.363108877455782908e+00 -4.048021912329628248e-03 -2.677668725951790618e-01 9.148234877565403211e-01 -1.373151898776421964e+00 -1.450063848066039940e-01 6.917434624718071801e-01 -1.399723604595438653e+00
-3.370831122553159531e-01 -1.487682802866923115e-01 -2.931677906748090048e-02 -1.241995680085323128e+00 -8.545432938329921516e-04 4.190317059446985182e-01 -1.367599807996531247e+00 -1.205991748510674917e-04 -2.310332839922455417e-01 9.347772964466314338e-01 -1.354371856385340411e+00 -9.653694715059772669e-02 7.000481711966535237e-01 -1.415035353566332477e+00
-3.331083134781224198e-01 -1.516028294308178481e-01 -1.986685464597938086e-02 -1.232810968669860285e+00 -4.751496579888600698e-03 4.426752833730115966e-01 -1.372247016199094949e+00 -4.720898156223738112e-04 -1.985627551910291999e-01 9.551383853638538701e-01 -1.341943796963443569e+00 -4.699524541183505710e-02 7.160251223244734620e-01 -1.450571068538268005e+00
-3.248896223955620166e-01 -1.526334816018685148e-01 2.491434982861260965e-03 -1.233519102258574751e+00 -4.901475411360755111e-03 4.692283217988500454e-01 -1.380115950935325131e+00 1.711379553967107498e-03 -1.704533707272202214e-01 9.737679113144539489e-01 -1.323552310731819226e+00 5.618439995358099357e-04 7.354466159898770394e-01 -1.484123588434574481e+00
-3.223328899778961643e-01 -1.592725994049154215e-01 3.975112989874581698e-02 -1.254858378354417603e+00 -9.356997950028820080e-03 4.926296959019819677e-01 -1.387275951738807356e+00 -1.030265559123423494e-04 -1.483976699985724568e-01 9.926078947291755439e-01 -1.316737143441014224e+00 4.353562492543486956e-02 7.551339944206664212e-01 -1.522582271480263261e+00
-3.023402883051621304e-01 -1.607144233065017358e-01 7.744218444682639257e-02 -1.283536325398819677e+00 1.633965685164403539e-03 5.294195009768544180e-01 -1.409685338683461131e+00 7.457934671252192766e-04 -1.338904538366876840e-01 1.010119059798516572e+00 -1.311062502691103804e+00 8.128607947744663498e-02 7.755525846174164961e-01 -1.546936450133771235e+00
-2.853942546915053668e-01 -1.663068492517862096e-01 1.188125556708833214e-01 -1.312816434480029715e+00 1.135978664483900530e-02 5.638649668563731066e-01 -1.432501829863806586e+00 -7.197268059212652731e-03 -1.273840055497395540e-01 1.028525292452884266e+00 -1.333097358628405171e+00 1.148991357361272142e-01 7.962821894089977537e-01 -1.580666915338561962e+00
-2.653940260554472630e-01 -1.708548524878648056e-01 1.569497925143301664e-01 -1.341446946166475973e+00 2.562511036689365043e-02 5.994446268686023371e-01 -1.460686459269329385e+00 4.102451977877620039e-03 -1.262087986013558372e-01 1.048985722753869698e+00 -1.341351650746855029e+00 1.403563679791598739e-01 8.197690184297219407e-01 -1.568876711459797457e+00
-2.566828995368703459e-01 -1.822358784916080221e-01 1.948008599485293035e-01 -1.375093010527472348e+00 3.106760676396179768e-02 6.246916312616553890e-01 -1.484911461196279259e+00 2.947741938181468960e-03 -1.395291724386543974e-01 1.093126855308274248e+00 -1.440178064171139027e+00 1.604259735784639429e-01 8.428446355653460564e-01 -1.576478125976679578e+00
-2.460056174708824261e-01 -1.903091239360656106e-01 2.287169573239843656e-01 -1.405611656130490328e+00 3.991076462670358621e-02 6.486629307068074723e-01 -1.513372782396285698e+00 -3.009258702287343195e-03 -1.624519321754316903e-01 1.119616676884287898e+00 -1.538897150451915108e+00 1.760863162650237457e-01 8.661767117240775082e-01 -1.588974805679434388e+00
-2.381013391190291983e-01 -1.976165933287748477e-01 2.638940666678070146e-01 -1.437802274554776272e+00 4.661953918749028175e-02 6.720203530106764189e-01 -1.544510661566598664e+00 -5.990863996526851407e-03 -1.956589507917047277e-01 1.133443368400577134e+00 -1.638220579336908456e+00 1.886193610176782332e-01 8.908739450205064303e-01 -1.592915211610960613e+00
-2.426232368084962898e-01 -2.132672707558392333e-01 3.031029796885480465e-01 -1.470837652926825445e+00 4.192153723696653150e-02 6.856507778518624585e-01 -1.575668108086669461e+00 -3.864677209731436167e-03 -2.418412622396905187e-01 1.124643229680150291e+00 -1.733671960185027672e+00 1.975442111804866507e-01 9.163901815106512139e-01 -1.585386699234533348e+00
-2.309432444645278248e-01 -2.191504381479111030e-01 3.359700127046498230e-01 -1.495419647474662606e+00 5.636958644257898665e-02 7.051839646822842811e-01 -1.623718033030614016e+00 -4.892927780418236151e-03 -2.978933163690880015e-01 1.083645830761505779e+00 -1.822024520503591205e+00 2.055938799016829577e-01 9.416131537481415847e-01 -1.582987311503232020e+00
-2.185944580608779886e-01 -2.249304997115496030e-01 3.678401386143064777e-01 -1.518012847472086868e+00 7.516746148053890519e-02 7.155135738466659179e-01 -1.679884526672408063e+00 -2.390394354783475280e-03 -2.915954902510048408e-01 1.018221909000976089e+00 -1.877280948449085329e+00 2.129267046733122615e-01 9.661994695167993585e-01 -1.572447609573118132e+00
-2.171724326847010722e-01 -2.367908465773217730e-01 4.017722882146416707e-01 -1.541254795197114280e+00 8.621275740390742237e-02 7.034934277996781615e-01 -1.733911705000642511e+00 4.118153693968025671e-03 -2.831357175571982410e-01 9.332173621663478746e-01 -1.907372730668063898e+00 2.180804239587814941e-01 9.902106694696555245e-01 -1.552086695309842224e+00
-1.942508732434007623e-01 -2.290187261279539310e-01 4.279433822003443355e-01 -1.557110239388226569e+00 1.243652621071596881e-01 6.829560333946064210e-01 -1.791399144076200489e+00 5.003707136159349887e-03 -2.742394058064183127e-01 8.221577810604343561e-01 -1.917839423941671839e+00 2.226848617742468728e-01 1.013952137301645129e+00 -1.540506571521337076e+00
-1.829175281141615650e-01 -2.270045702600323179e-01 4.564736043254303821e-01 -1.571988823018633408e+00 1.518699195911474287e-01 6.302014637913364581e-01 -1.821928144794348281e+00 6.444243428774291786e-03 -2.634523999727814147e-01 7.055237131278597751e-01 -1.892946076852646486e+00 2.264197058297181264e-01 1.035737509031966486e+00 -1.523875178442347211e+00
-1.600473677023658559e-01 -2.124906435646376768e-01 4.796660694479597531e-01 -1.580125358324606877e+00 1.910840786194011320e-01 5.532862957840767315e-01 -1.822432507215297814e+00 5.385099698250257923e-03 -2.520752762241027511e-01 5.960506722626605081e-01 -1.840964370981723386e+00 2.297284678527034552e-01 1.055184170133678379e+00 -1.507162726041886724e+00
-1.414087506689868934e-01 -1.991159935012414839e-01 5.035250228175157661e-01 -1.585867514040221415e+00 2.241434529387971997e-01 4.500356497286132074e-01 -1.790641347120773830e+00 1.657337060987136991e-04 -2.386798022820234011e-01 5.099582881323312389e-01 -1.764629378549733119e+00 2.334994703792037107e-01 1.073505282621291634e+00 -1.494945545663885600e+00
-1.087286715541300047e-01 -1.717271675526028385e-01 5.213877108394444626e-01 -1.585468355697511766e+00 2.646190205371521387e-01 3.352758797621585019e-01 -1.731977690269468795e+00 2.550141627167580149e-03 -2.242213426382407004e-01 4.579391492965447230e-01 -1.673091895154228625e+00 2.366692447486205830e-01 1.090819957365126269e+00 -1.469863646857726858e+00
-5.540787833845688126e-02 -1.240749880298696040e-01 5.281289607169772360e-01 -1.574290986830324091e+00 3.128598815013545198e-01 2.193420839128609190e-01 -1.660707904786017819e+00 -4.115726729821971193e-03 -2.191469587269305463e-01 4.264939788100779450e-01 -1.619093693017275681e+00 2.407991042506932855e-01 1.113559548088327356e+00 -1.467416500957698267e+00
-1.528156983675497613e-02 -8.591222444600403463e-02 5.379572205080230818e-01 -1.563028410891459385e+00 3.417482142450902205e-01 9.971316381909425819e-02 -1.567281303588436758e+00 1.570339644637930515e-03 -2.146295323319625248e-01 4.243966326141641598e-01 -1.557201255358737990e+00 2.419417303253937890e-01 1.131918385855984699e+00 -1.431611023586123244e+00
2.758779607091496264e-02 -4.330526039111896874e-02 5.436701355308533046e-01 -1.543979665061263162e+00 3.617823982478429179e-01 -1.300229703695495419e-02 -1.457228127717383748e+00 8.110493746884453459e-03 -2.121926154877069870e-01 4.498555796209550151e-01 -1.514588857421884427e+00 2.400076652308680281e-01 1.139820938846509923e+00 -1.372115219656731222e+00
6.503635751811641386e-02 -4.162294742978779605e-03 5.499415563350297242e-01 -1.521794851667271020e+00 3.706838100779979994e-01 -1.141789899217793697e-01 -1.340034628546765250e+00 -9.050550241248551606e-03 -2.174907358484990672e-01 4.751903494092292179e-01 -1.547815054838596049e+00 2.338596755173199260e-01 1.140504954136511540e+00 -1.334916622421126187e+00
9.256955343101107292e-02 2.627291593298305972e-02 5.608066038055231628e-01 -1.501440477998476020e+00 3.696687522520136215e-01 -2.032543631759834990e-01 -1.218304630093468122e+00 -1.779101431620965911e-03 -2.164936358141663353e-01 5.145423427754863832e-01 -1.540582996974842356e+00 2.147768020684567847e-01 1.113623386871416043e+00 -1.218291082202792586e+00
1.265071904138252434e-01 6.263007420194742492e-02 5.645745180093034721e-01 -1.471970209182998257e+00 3.662685888643438248e-01 -2.769585232762580840e-01 -1.100941543870422645e+00 3.183360885450015054e-03 -2.161031171684651697e-01 5.532357037440849279e-01 -1.537581488214507575e+00 1.452656867104326899e-01 1.032127711953513716e+00 -1.039358482430281283e+00
1.459149655517233690e-01 8.633141484069703497e-02 5.774419754609323441e-01 -1.450270116329548609e+00 3.620801883163175527e-01 -3.398314703899451561e-01 -1.008461250147758781e+00 1.039624052999456229e-03 -2.156633119317615810e-01 5.898553035553177892e-01 -1.546752453652104231e+00 1.058758524085840202e-01 1.033132658082615229e+00 -1.040008891688730452e+00
1.596281118010688949e-01 1.050945988043875678e-01 5.937326067402448615e-01 -1.431214801524720803e+00 3.576946479746033747e-01 -3.851713750156544047e-01 -9.366045006695207231e-01 1.611160461550029035e-03 -2.124220243764325389e-01 6.259151207366792091e-01 -1.545110187287746406e+00 8.482047383395593942e-02 1.040636270091204629e+00 -1.051761954083881623e+00
1.638387603070694531e-01 1.152069261021945595e-01 6.171379595569216336e-01 -1.420096833971423944e+00 3.553121821584207529e-01 -3.916687298619105362e-01 -9.200000000000000400e-01 -6.496020303341139019e-04 -2.085863316946199586e-01 6.601944930972732939e-01 -1.546646697002532989e+00 7.833923472728171467e-02 1.055566090012379554e+00 -1.076193376113963485e+00
1.675526100939916663e-01 1.247435851562915254e-01 6.400201183487331802e-01 -1.409228431449088381e+00 3.512805450057770451e-01 -3.725130362353313851e-01 -9.200000000000000400e-01 3.205731377056362554e-03 -2.023521827012823293e-01 6.949792882943940375e-01 -1.532727895074240676e+00 8.008163876776548673e-02 1.072588576230234736e+00 -1.103709650196872394e+00
1.627587362624423051e-01 1.257075211994029273e-01 6.701093312865195051e-01 -1.405686585732076388e+00 3.475868320376309106e-01 -3.469669976086632857e-01 -9.200000000000000400e-01 -5.463325224149191174e-03 -1.978542315997674772e-01 7.273207113402340163e-01 -1.543229416641017426e+00 1.042891523618158234e-01 1.177669161303034562e+00 -1.281234583516106307e+00
1.485000364314066068e-01 1.176913484790286374e-01 7.086484500499311556e-01 -1.408460370964397912e+00 3.430949950505598478e-01 -3.226025365536552281e-01 -9.235887366538851895e-01 4.552975174875720579e-03 -1.878338857076957691e-01 7.613449916613045376e-01 -1.512128257284245381e+00 1.071129661657604926e-01 1.215871540636431769e+00 -1.386974221517949246e+00
1.433719310637744382e-01 1.193578643423132135e-01 7.394038705221888108e-01 -1.403619921814555749e+00 3.411201584365310402e-01 -2.886443730471237035e-01 -9.456889868294036106e-01 2.072290088669772982e-03 -1.788080406906313591e-01 7.927916629359470502e-01 -1.504549606502566750e+00 1.099784637512212504e-01 1.235567999112609616e+00 -1.507573397831119877e+00
1.402605761719318278e-01 1.222499204000639800e-01 7.683983649240483382e-01 -1.398227874929546699e+00 3.410004251141638409e-01 -2.571023976420956925e-01 -9.736600031997753035e-01 -6.555238893529027368e-03 -1.697466065115434963e-01 8.232004848218975601e-01 -1.507043697841158325e+00 1.133817550280441511e-01 1.223585422361425312e+00 -1.613998557305358572e+00
1.293750544673265279e-01 1.136312820725267070e-01 8.051523209018852656e-01 -1.401308275770789757e+00 3.399065308006768982e-01 -2.270225828654306166e-01 -1.005594637816027870e+00 -3.400170484923292595e-04 -1.577135548342576687e-01 8.524962335880430508e-01 -1.474653222642371420e+00 1.185250453705792434e-01 1.169503932822830272e+00 -1.660911523952632196e+00
1.291956716212841749e-01 1.125958037419989566e-01 8.319119635474928609e-01 -1.399886911548413604e+00 3.420173040713289647e-01 -1.920200285382955840e-01 -1.044192631783531278e+00 -3.703150799500559286e-04 -1.446540169049167213e-01 8.805568857854547682e-01 -1.449941845413599717e+00 1.343883386100341304e-01 1.109953347961072589e+00 -1.722122745151494438e+00
1.186864293417877053e-01 9.331903036966469889e-02 8.670469258985822325e-01 -1.411510365937070244e+00 3.409437754507752549e-01 -1.563217484786496581e-01 -1.081063740560062492e+00 -5.257621395356554218e-04 -1.309262064461348685e-01 9.059681306406538459e-01 -1.419253397588833066e+00 1.618957254682739100e-01 1.038562124768778405e+00 -1.779089098655866952e+00
1.232348521153166926e-01 8.600442083420367645e-02 8.882206563523044052e-01 -1.419404864758803786e+00 3.445657190844632067e-01 -1.165214683919882227e-01 -1.120384467910939819e+00 -3.581205561800843758e-03 -1.175665433148660038e-01 9.288205646563439943e-01 -1.389466964040474872e+00 1.928656547172244162e-01 9.448545452295589175e-01 -1.823528558881088779e+00
1.234350648991203031e-01 6.427657583504201022e-02 9.112178274297746405e-01 -1.439553580390078524e+00 3.467755457694678412e-01 -7.773294372361205795e-02 -1.156153626044566174e+00 -3.100169355946949274e-03 -1.043446797697683837e-01 9.480069827489492340e-01 -1.346439144322720383e+00 2.331304251824935780e-01 8.413628829952130017e-01 -1.839792050614311947e+00
1.345869761025589029e-01 4.728703438232210315e-02 9.184930007843150612e-01 -1.465249657905723035e+00 3.533760141876955418e-01 -3.840622723596704563e-02 -1.190653897667846906e+00 -2.842997368062545605e-03 -9.223579603224572876e-02 9.642931514008501459e-01 -1.299257173756683592e+00 2.871740049266836570e-01 7.384642244254279175e-01 -1.836905083843785702e+00
1.480979069673316328e-01 2.767236686326449840e-02 9.184780092238630234e-01 -1.500630259479838635e+00 3.617622885532245092e-01 1.855507738832146288e-04 -1.223435320563520001e+00 -1.164851158106865008e-03 -8.142170176348545452e-02 9.770360179757482388e-01 -1.245187307723141013e+00 3.454303977801611580e-01 6.364628205864742982e-01 -1.802784638452799237e+00
1.506321552620352722e-01 -6.923402100231399077e-03 9.178374705747138762e-01 -1.545495633912170597e+00 3.659567695092554862e-01 3.616113637976874767e-02 -1.252832270575699125e+00 1.325623812879986741e-04 -7.227015552875373783e-02 9.863915824901521301e-01 -1.188309207664790312e+00 4.026364860288560998e-01 5.283584848701887715e-01 -1.737569148194195279e+00
1.609684297778397888e-01 -3.149545423937363114e-02 9.013995788423446731e-01 -1.588430240797231052e+00 3.736055258800211054e-01 7.149717437716711366e-02 -1.277964023317672337e+00 -1.889108751199227625e-03 -6.435611491566574360e-02 9.922648088970424940e-01 -1.133503296977002917e+00 4.554053338537195073e-01 3.942043590740849091e-01 -1.638733798632199257e+00
1.685156666902523637e-01 -6.240628073747082200e-02 8.751018062591361391e-01 -1.641415845204164503e+00 3.799369122051064473e-01 1.039612102973438285e-01 -1.298049808149613238e+00 -1.474295662547840408e-03 -5.890356014858291744e-02 9.933778850919450232e-01 -1.068856106711980392e+00 5.111981692427259860e-01 2.984023298476695119e-01 -1.556293889833075594e+00
1.736080426226397633e-01 -1.008106374431905483e-01 8.303125474649786231e-01 -1.693174182974646724e+00 3.848398625070583723e-01 1.323951769110457422e-01 -1.313281644031976780e+00 9.895737664254338536e-04 -5.490808583716993291e-02 9.892986674618556853e-01 -9.856607726928273694e-01 5.498438879833484894e-01 2.345206872005688725e-01 -1.451052983083919390e+00
1.760397567623229464e-01 -1.223539586228430814e-01 7.588633078896898088e-01 -1.727168757817065137e+00 3.892904316820486876e-01 1.603657031648138553e-01 -1.331770625962949373e+00 -1.103605561950797738e-02 -5.088161851165956540e-02 9.914301798488073247e-01 -9.200000000000000400e-01 6.004774650759427956e-01 1.903571232054658557e-01 -1.381167328357058688e+00
1.583195526467196523e-01 -1.592858497736035495e-01 6.760912601892076212e-01 -1.748878693789642780e+00 3.830537287941591651e-01 1.883601601106743573e-01 -1.352688832808074615e+00 -1.058481274112654455e-02 -5.712038604987516865e-02 1.034808833381954507e+00 -9.200000000000000400e-01 6.423226920373782400e-01 1.762180847237414527e-01 -1.296584306724540614e+00
1.279810798578442932e-01 -2.050851396841456009e-01 5.851917243174095118e-01 -1.747810507952237025e+00 3.678012556845922099e-01 2.167671626177448962e-01 -1.367568191543232059e+00 -2.077748898629956653e-02 -7.303701722314472067e-02 1.052796986768931964e+00 -9.200000000000000400e-01 6.855004385843739279e-01 1.602519521447217099e-01 -1.226523438724214765e+00
9.780176330726486622e-02 -2.441736180759036257e-01 4.883050154363623996e-01 -1.723283235400832059e+00 3.510704852951902488e-01 2.455405356831315555e-01 -1.379887786334482280e+00 -2.155105523356951047e-02 -7.840379811379086239e-02 1.067605327598716736e+00 -9.200000000000000400e-01 7.072314792680133300e-01 1.551961893110629098e-01 -1.148531565911926400e+00
6.146492070396106927e-02 -2.814371198706703825e-01 3.887796324732236686e-01 -1.678110532324863735e+00 3.288177840976322930e-01 2.733226774328346154e-01 -1.389063013534348690e+00 -1.483773477807742193e-02 -8.902859118738354338e-02 1.086400072770954850e+00 -9.200000000000000400e-01 7.164545812301029715e-01 1.615981696408911317e-01 -1.072048620070781499e+00
2.338101269338259749e-02 -3.131598771791939129e-01 2.866196191737027110e-01 -1.618202077573727804e+00 3.033754335494667220e-01 3.002539823904750715e-01 -1.394028071488801812e+00 -9.698700006702335938e-03 -9.898653181820663005e-02 1.108810598144654325e+00 -9.200000000000000400e-01 7.208299831133683222e-01 1.766080805660293629e-01 -1.018771874715179937e+00
-1.593454848769316687e-02 -3.388555969322851191e-01 1.861118695454863914e-01 -1.547362203726156293e+00 2.752369436013282766e-01 3.260346299344398791e-01 -1.396289672106322932e+00 -1.606679586760128425e-02 -1.104035524299476628e-01 1.102095830181007097e+00 -9.200000000000000400e-01 7.271805637093068375e-01 1.976660333367840638e-01 -1.012353220713568369e+00
-5.149403370085799819e-02 -3.552991148903776319e-01 9.065096073408930588e-02 -1.465491326620798285e+00 2.480158701539043054e-01 3.514147710520847401e-01 -1.397663122971295246e+00 -1.170195158057934018e-02 -1.287360333090462050e-01 1.125207517201515239e+00 -9.200000000000000400e-01 7.233262838338883061e-01 2.216063965717264550e-01 -9.886626784591172612e-01
-8.655740325560623560e-02 -3.672094921619360464e-01 5.146400491170259606e-03 -1.385678438368137977e+00 2.195729785380360899e-01 3.746643509034175978e-01 -1.396774068331288365e+00 -1.264740831467181352e-02 -1.359259410836898552e-01 1.130031507629439158e+00 -9.200000000000000400e-01 7.229417971410239119e-01 2.460435620053023353e-01 -9.832215782972462126e-01
-1.202732594092599805e-01 -3.763720467290751492e-01 -7.046377429389305558e-02 -1.315444433022754600e+00 1.906606390175270560e-01 3.962062096955217827e-01 -1.394259525560158863e+00 -8.773769144886671076e-03 -1.452351690154836672e-01 1.158808241343626699e+00 -9.200000000000000400e-01 7.204410928618470988e-01 2.683318029994058440e-01 -9.663228246830315449e-01
-1.552552721032219862e-01 -3.860207608356743259e-01 -1.332081648220019565e-01 -1.264567118000198498e+00 1.596722262172105000e-01 4.153962284809539218e-01 -1.392104947221750155e+00 -1.142424617189878588e-02 -1.460316164040507958e-01 1.167878241916878501e+00 -9.200000000000000400e-01 7.242726702763705449e-01 2.922017762373996241e-01 -9.696735545645884802e-01
-1.896173983609831526e-01 -3.944021597724003958e-01 -1.830920552581219163e-01 -1.226644881256355069e+00 1.282009527184928832e-01 4.310420666976098047e-01 -1.389278274176206640e+00 -1.222927820443782052e-02 -1.417522164027382181e-01 1.193297566128788123e+00 -9.200000000000000400e-01 7.287776014068216845e-01 3.165352539328641912e-01 -9.684579362543742631e-01
-2.210955803297283140e-01 -4.004001127670449578e-01 -2.189065617929534802e-01 -1.197725915250911877e+00 9.820415696228966540e-02 4.449120059218703571e-01 -1.387612413176638748e+00 -5.966983737330222408e-03 -1.454559028117818620e-01 1.223250940777246942e+00 -9.200000000000000400e-01 7.306190084110283367e-01 3.396371825547043755e-01 -9.464028470025163120e-01
-2.331165527739050836e-01 -4.004839185522989231e-01 -2.361421770956076971e-01 -1.177521398984098022e+00 8.345846203647211414e-02 4.668771982192653214e-01 -1.396670300294800882e+00 -8.823905849318769770e-03 -1.427980561519197611e-01 1.247774072756088204e+00 -9.200000000000000400e-01 7.382388145481160180e-01 3.658160194274094890e-01 -9.493961868064744181e-01
-1.443510053858675368e-01 -3.699194266625829286e-01 -2.537106413284158091e-01 -1.120777646275656458e+00 3.837247405506617054e-02 4.703649554764256502e-01 -1.387032413645332474e+00 -1.590031906814605087e-02 -1.516168031077645140e-01 1.300034843736180390e+00 -9.200000000000000400e-01 7.850000000000000311e-01 4.245777641825553284e-01 -9.200000000000000400e-01
-1.359160243536080004e-01 -3.588904025073307302e-01 -2.358684526274639759e-01 -1.092659379950199794e+00 3.298534679326876884e-02 4.996403599129432549e-01 -1.400411497849809450e+00 -1.601310810417527070e-02 -1.409802655586673836e-01 1.328121217935867460e+00 -9.200000000000000400e-01 7.850000000000000311e-01 4.442277183324475076e-01 -9.200000000000000400e-01
-1.225995272731563168e-01 -3.481797970644840978e-01 -2.083553829019405834e-01 -1.076879434372283173e+00 3.154755131569617760e-02 5.308845173824108254e-01 -1.412642147418206928e+00 -1.574607209749135164e-02 -1.258589661950507699e-01 1.356842502128031924e+00 -9.200000000000000400e-01 7.850000000000000311e-01 4.661948719192434143e-01 -9.200000000000000400e-01
-1.162346703990776164e-01 -3.412950397791964519e-01 -1.754349030822208722e-01 -1.074071555297371194e+00 2.396601017870240644e-02 5.567451026395350278e-01 -1.416904786431636198e+00 -1.778033733214428452e-03 -9.445888465666057998e-02 1.388492937263288596e+00 -9.379044360651308532e-01 7.850000000000000311e-01 5.040937705314637585e-01 -9.200000000000000400e-01
-1.003259938685070879e-01 -3.345292869898435772e-01 -1.440991310862854424e-01 -1.086451168935083533e+00 2.564373376053310713e-02 5.906712717866804407e-01 -1.428876823748378877e+00 -5.216787914264079014e-03 -5.056782100220408305e-02 1.402632375114904795e+00 -9.550026625916681056e-01 7.850000000000000311e-01 5.191562846673253295e-01 -9.200000000000000400e-01
-9.306122841118681654e-02 -3.326329071446075258e-01 -1.149060700635976262e-01 -1.111362192339252264e+00 1.983821608089444619e-02 6.182363482397807974e-01 -1.437143568093626422e+00 -1.263291340646220499e-02 3.346471554188157121e-04 1.402278413922567690e+00 -9.537777460847864930e-01 7.850000000000000311e-01 5.452752837349849058e-01 -9.200000000000000400e-01
-8.700667568254152884e-02 -3.315559350874832112e-01 -8.893977835207515781e-02 -1.136770569454147450e+00 1.224426888564825178e-02 6.394503688285986254e-01 -1.442267904717966731e+00 -1.634060336067843719e-02 5.803012374225244296e-02 1.383034837854817622e+00 -9.200000000000000400e-01 7.850000000000000311e-01 5.631903460333108624e-01 -9.200000000000000400e-01
-7.298952602194454242e-02 -3.270336331991751111e-01 -6.518400617610710379e-02 -1.158227498987587811e+00 1.047271965764985484e-02 6.606897477495647930e-01 -1.445264757436961922e+00 -2.136722819739293039e-02 1.182874238596740707e-01 1.369212638052587305e+00 -9.200000000000000400e-01 7.834253489387983382e-01 5.803816620019757178e-01 -9.200000000000000400e-01
-1.510584025800827124e-01 -3.612769012518187162e-01 8.201899200897498632e-03 -1.216700138109082507e+00 8.470715010457147143e-02 7.183753087729800590e-01 -1.475180570578662920e+00 -5.941467448394592045e-03 2.018092539269442098e-01 1.338239098541341932e+00 -1.002068093827259476e+00 6.909495314824000145e-01 5.919030126268260972e-01 -9.714433979633892990e-01
-1.532323965160241885e-01 -3.622383271755477141e-01 4.336241998646360452e-02 -1.226256784845629388e+00 1.085040765728427087e-01 7.425795341459666687e-01 -1.464670662351026165e+00 -3.988384943214528383e-03 2.711980850946103527e-01 1.268821223497284656e+00 -9.775793656723813507e-01 6.541105176283961153e-01 6.089416589614871089e-01 -9.767509637606569539e-01
-1.440802952859227826e-01 -3.582011531800327608e-01 7.787215198540990702e-02 -1.234835753998174024e+00 1.242209331192177801e-01 7.659055827524655635e-01 -1.452088633605271850e+00 -1.360574361056018445e-03 3.353307241268100314e-01 1.174855393182013819e+00 -9.414840941927332674e-01 6.123569712464482784e-01 6.257740585079158979e-01 -9.811270263608318221e-01
-1.353480075305210639e-01 -3.549704954987163985e-01 1.091475631533304486e-01 -1.247440473816235018e+00 1.323947760988812283e-01 7.844727506061260902e-01 -1.455287027725152837e+00 -1.292304866033104800e-02 3.919622054037114611e-01 1.082326228681775637e+00 -9.200000000000000400e-01 5.797344112682906170e-01 6.518383390552550116e-01 -1.030280903474554810e+00
-1.339834222062028235e-01 -3.568001424391122334e-01 1.380913110204217698e-01 -1.268657198913482720e+00 1.358983281696480028e-01 8.017062248920368006e-01 -1.489519470640621401e+00 -1.002938076601447674e-02 4.348324309769320828e-01 1.017162457756553673e+00 -9.200000000000000400e-01 5.503788079504228214e-01 6.775926627910157096e-01 -1.049634900061147347e+00
-1.402026170609025624e-01 -3.632637728826974555e-01 1.656356397346431253e-01 -1.292075924608115489e+00 1.331295310349910888e-01 8.211023391403509120e-01 -1.548316121986192506e+00 -4.286791571652278331e-03 4.600191558759196830e-01 9.649959196073626400e-01 -9.200000000000000400e-01 5.259463740281231647e-01 7.048554906897821493e-01 -1.063729436858972477e+00
-1.490084952401316276e-01 -3.709478737898899148e-01 1.911973018627265708e-01 -1.310910198532031057e+00 1.291368307129197590e-01 8.371021469640145263e-01 -1.619334645449860277e+00 -5.359985000960409106e-03 4.751600703589037300e-01 9.305286992269929947e-01 -9.200000000000000400e-01 5.062855089611517645e-01 7.330141046023437301e-01 -1.090002394868285096e+00
-1.565854430986989287e-01 -3.775279449627995665e-01 2.145567826077569296e-01 -1.324025767505563111e+00 1.292308627307437452e-01 8.438529266430230269e-01 -1.699888978210856383e+00 -9.586669709936419467e-03 4.855970679488255115e-01 8.824055472847506243e-01 -9.200000000000000400e-01 4.893617067233168583e-01 7.615430521147110721e-01 -1.121949789129729647e+00
-1.689456651780043839e-01 -3.869489759779691784e-01 2.366203577402700153e-01 -1.334236837344648041e+00 1.276917841660672182e-01 8.306101520883683031e-01 -1.788012643940838142e+00 -8.667129140822283501e-03 4.813296993205495866e-01 8.687595563593670800e-01 -9.200000000000000400e-01 4.726682378100384718e-01 7.879623415781520368e-01 -1.139138320721186703e+00
-1.779206463620771339e-01 -3.948754659119807497e-01 2.584701715972051450e-01 -1.344689931731998689e+00 1.370251209080524391e-01 7.883237103045088734e-01 -1.882269428662963318e+00 -1.055513653116768591e-02 4.517903297729636281e-01 8.458695165838567842e-01 -9.200000000000000400e-01 4.572034042072288251e-01 8.145995397128719118e-01 -1.160063528352781592e+00
-1.924878048314381529e-01 -4.067783051448004006e-01 2.798430340945332606e-01 -1.354822072822361889e+00 1.459048081692305432e-01 7.233979518743858250e-01 -1.980249668795642792e+00 -1.275421495569618695e-02 4.337846601619275710e-01 8.462080187557928790e-01 -9.200000000000000400e-01 4.428838314116407271e-01 8.405484004809766763e-01 -1.178214654741592815e+00
-1.904903946458632868e-01 -4.089000575377016444e-01 3.012146374421096895e-01 -1.368283635927468156e+00 1.816952366935202789e-01 6.347171682943774096e-01 -2.068582138669206483e+00 -1.091622516836607965e-02 4.157284388092166716e-01 8.483959390867176209e-01 -9.200000000000000400e-01 4.275984050144345239e-01 8.647143001545128937e-01 -1.182632074086730434e+00
-1.730911274918562892e-01 -4.006567960413887630e-01 3.220656897097768923e-01 -1.382020130156216497e+00 2.397350272741614052e-01 5.185390729193616322e-01 -2.119494694105526378e+00 -3.542361469234439012e-03 3.922868245244346963e-01 8.395778525584192131e-01 -9.200000000000000400e-01 4.106981701735367141e-01 8.848127748154649419e-01 -1.168324200073838526e+00
-1.441404438299466462e-01 -3.837173078289237704e-01 3.418848288514287348e-01 -1.394293255329171366e+00 2.626434331554442503e-01 3.790337177569083615e-01 -2.099705637557424343e+00 -8.777253047068304601e-03 3.722911172724408524e-01 8.473596424892413381e-01 -9.200000000000000400e-01 3.964649695905724802e-01 9.063144795116935271e-01 -1.179301143074510394e+00
-7.794475279754464747e-02 -3.396571204529234000e-01 3.577011933868533000e-01 -1.405436888754156399e+00 2.356415266992148427e-01 2.768988850709415694e-01 -2.018800667553357187e+00 -1.147927828620765034e-02 3.556397385913978582e-01 8.662603930824666065e-01 -9.200000000000000400e-01 3.833172013028024461e-01 9.242998482752586842e-01 -1.177126502138572839e+00
2.136612003852636499e-03 -2.828163177422289842e-01 3.659432553540951094e-01 -1.405594132296351217e+00 1.977246425393854590e-01 2.036494086394625980e-01 -1.903371763119522164e+00 -1.164587498111196301e-02 3.470238920042095221e-01 8.751173252416778459e-01 -9.200000000000000400e-01 3.703063465497212214e-01 9.395498903575706384e-01 -1.163471680938840125e+00
9.110335894480790786e-02 -2.165240538418784222e-01 3.635086399121632561e-01 -1.388505104823265501e+00 1.537758515535179449e-01 1.488448129193313541e-01 -1.769706543453305692e+00 -1.022964658959235086e-02 3.361050270072292179e-01 8.932493169463328053e-01 -9.200000000000000400e-01 3.575181142401173684e-01 9.519848031393943755e-01 -1.140620496535121431e+00
1.830140141836222867e-01 -1.460426332271092253e-01 3.485153548391489720e-01 -1.351308217461912209e+00 1.052551156737286941e-01 1.045059499094765088e-01 -1.630939903541255065e+00 -9.367948360132301658e-03 3.220256080095328377e-01 9.150238561038589458e-01 -9.200000000000000400e-01 3.459753174478007454e-01 9.622698891254962694e-01 -1.116315906714287598e+00
2.675163740172076254e-01 -8.060347267049886022e-02 3.251650576796332182e-01 -1.302067444577905242e+00 5.048967834244732361e-02 7.337222162128016756e-02 -1.485460999646592395e+00 -9.537936048743615378e-03 3.064977167191432206e-01 9.265840783119707602e-01 -9.200000000000000400e-01 3.367088540947075215e-01 9.729545848447023193e-01 -1.097672058826128838e+00
3.433684631126815434e-01 -2.235267488558699903e-02 2.962543164955831476e-01 -1.248783251215785484e+00 1.071375300506501732e-02 4.427504865150047597e-02 -1.337673716314113914e+00 -9.653910461027403675e-03 2.941838843609559939e-01 9.211094749351194100e-01 -9.200000000000000400e-01 3.281513612702908200e-01 9.861172413669117010e-01 -1.087866736609852225e+00
3.999886447614423024e-01 2.168126524094099797e-02 2.718203655998004953e-01 -1.201664348102466029e+00 -1.395622058759531624e-02 3.230803946039013941e-02 -1.215052111119974132e+00 -1.000640662208995314e-02 2.840343138499247799e-01 9.249530064116235906e-01 -9.200000000000000400e-01 3.220000975975079172e-01 1.002782222158817405e+00 -1.084560426329001626e+00
4.311202041826191489e-01 4.814026455787973058e-02 2.617058674678053309e-01 -1.173278780730021564e+00 -2.699005290349010613e-02 3.550348120001397406e-02 -1.139271319662222393e+00 -8.418578521417911797e-03 2.701207604938617446e-01 9.256696685817266124e-01 -9.200000000000000400e-01 3.217971020313026287e-01 1.021572122019410278e+00 -1.087455457161932815e+00
4.403025490332903025e-01 5.988626090356253401e-02 2.674762728070965156e-01 -1.166633560328686814e+00 -2.741691609906161606e-02 5.416427813453180556e-02 -1.110434270320428407e+00 -1.046653632498780601e-02 2.648803794958617397e-01 9.369828778595922225e-01 -9.200000000000000400e-01 3.296470736002186652e-01 1.040632096315850630e+00 -1.110498742473517320e+00
4.048523052785137910e-01 7.317299249666538163e-02 2.817446456745740790e-01 -1.168955464389022092e+00 -2.369186301228223823e-02 6.843189264076951495e-02 -1.094767558872361546e+00 -1.186548835362260731e-02 2.484066435102581794e-01 9.382539207780902224e-01 -9.200000000000000400e-01 3.457360026417342636e-01 1.054883645585576346e+00 -1.140944165388455334e+00
3.565847898486440570e-01 8.251731878801907283e-02 3.017429431967235676e-01 -1.182991978690845825e+00 -2.159714460505555989e-02 8.549806224487699335e-02 -1.107240831990778052e+00 -1.189780127467420130e-02 2.415528372633046206e-01 9.468194780177437986e-01 -9.200000000000000400e-01 3.693677613935759108e-01 1.066157151266873715e+00 -1.177662037238739856e+00
3.051775737862958415e-01 9.367810510481923425e-02 3.204601880160216076e-01 -1.202424239127571681e+00 -1.865375776487269641e-02 1.050951935832076661e-01 -1.120653139091242201e+00 -1.483401861184235719e-02 2.338178255060320010e-01 9.484086063849924697e-01 -9.200000000000000400e-01 3.992830108031814595e-01 1.078635230956647595e+00 -1.233386052325267546e+00
2.515588086685987546e-01 1.062685665757104603e-01 3.432136865782348667e-01 -1.231844223812568417e+00 -1.280955607779864745e-02 1.259461522849096571e-01 -1.138890424741613394e+00 -1.224926718597508547e-02 2.271716741787469518e-01 9.500647193726111661e-01 -9.200000000000000400e-01 4.325781863160121365e-01 1.088937069138076197e+00 -1.288371935648735978e+00
1.988274934786673498e-01 1.129863699513434794e-01 3.723023330845335321e-01 -1.273214109346693990e+00 -4.800063355204347952e-03 1.465497546951084751e-01 -1.160437894133232950e+00 -1.023137659803381380e-02 2.119411104155613235e-01 9.552670526974703646e-01 -9.200000000000000400e-01 4.688830395771901860e-01 1.096468248778249110e+00 -1.347611894488178530e+00
1.668576363872094070e-01 1.167289154929017636e-01 3.944357286281315877e-01 -1.315139865008555509e+00 1.181600445880662091e-02 1.783551759648145385e-01 -1.193387670023062341e+00 -1.112223380305527899e-02 2.056578909482684459e-01 9.638083409112614408e-01 -9.200000000000000400e-01 5.062569565429769769e-01 1.089055526394642870e+00 -1.404480715413404912e+00
1.508147931247776352e-01 1.050654424727572589e-01 4.195032498380079078e-01 -1.368020477482244424e+00 3.048207783130814363e-02 2.118730481297622648e-01 -1.224300277821741112e+00 -1.093424613147266425e-02 2.097355880487589419e-01 9.783602178864213572e-01 -9.200000000000000400e-01 5.455135612585536586e-01 1.065718419882959456e+00 -1.445303948794148363e+00
1.561292023668326701e-01 8.376892430766946784e-02 4.449724783031823727e-01 -1.419253173963981318e+00 5.542206246519365553e-02 2.488156601054486439e-01 -1.254361403965362332e+00 -4.682339889612575218e-03 2.019794731307562319e-01 9.959592913349264443e-01 -9.200000000000000400e-01 5.828636008624511478e-01 1.020585379671003157e+00 -1.447987231742960068e+00
1.755432051578584007e-01 5.270134282557804167e-02 4.700614279902650683e-01 -1.469049051612167256e+00 8.563574451718389269e-02 2.872957040531218253e-01 -1.282248023533784975e+00 -1.152237212188822642e-02 1.867216252165751489e-01 9.917592358350880710e-01 -9.200000000000000400e-01 6.235893137188832647e-01 9.575349730950281080e-01 -1.444464443252943209e+00
2.017816303408253020e-01 1.298480052553073645e-02 4.927194792077432273e-01 -1.519079401032321863e+00 1.175442143022335795e-01 3.244048427004248003e-01 -1.305640888522756393e+00 -5.104372225751173213e-03 1.804699376041626890e-01 1.011137579632638506e+00 -9.200000000000000400e-01 6.610580422556242564e-01 8.969664160890244986e-01 -1.410372903814564260e+00
2.323737126666988728e-01 -3.172299184172862330e-02 5.067741081368938305e-01 -1.567352030261541573e+00 1.489361798401644676e-01 3.579178856941302445e-01 -1.320020301906414062e+00 -1.124700815436604877e-02 1.726808726456129373e-01 1.026053244911180773e+00 -9.200000000000000400e-01 6.972753415305812386e-01 8.469539933138877652e-01 -1.387527949732409338e+00
2.470189148723294092e-01 -8.405552235056806820e-02 5.155255135466479954e-01 -1.609047797465787744e+00 1.687942450327121757e-01 3.821555947442917822e-01 -1.321200029131140541e+00 -1.066834381348232517e-02 1.610931598251568730e-01 1.033191358690607631e+00 -9.200000000000000400e-01 7.211133262624438434e-01 7.958106860025917495e-01 -1.333290936704243368e+00
2.440158536183242299e-01 -9.369991467698081389e-02 4.951576191438251118e-01 -1.620403637165890975e+00 1.786818575940752607e-01 3.993716435955080302e-01 -1.314794601039002142e+00 -1.054565477812857525e-02 1.544758342280930230e-01 1.040469161528114750e+00 -9.200000000000000400e-01 7.360539332659115086e-01 7.449159229217162670e-01 -1.268993031838006935e+00
2.246814029701317827e-01 -1.194085340676203227e-01 4.731508910792023292e-01 -1.635286087681139700e+00 1.786178347030119851e-01 4.114688781486876001e-01 -1.305635336700801119e+00 -1.177374298277928007e-02 1.347538786411487388e-01 1.030902931752740059e+00 -9.200000000000000400e-01 7.449535276338299372e-01 6.963529415397640143e-01 -1.199816729555825745e+00
2.112724833098397204e-01 -1.412184382501555091e-01 4.354058087462510107e-01 -1.637776389356769613e+00 1.846477991254878714e-01 4.262375861634112861e-01 -1.300750486415592766e+00 -1.702488686900726841e-02 1.317636080838270884e-01 1.030020077399033340e+00 -9.200000000000000400e-01 7.488796120308793824e-01 6.523029904902281073e-01 -1.133641252808719857e+00
1.872429155212459173e-01 -1.713681846198208958e-01 3.867180774396689058e-01 -1.622801379684990053e+00 1.829783078922059270e-01 4.380007672597283630e-01 -1.296770573998071274e+00 -1.153875651871897473e-02 1.274800527447300658e-01 1.031278070651831635e+00 -9.200000000000000400e-01 7.353147437803922992e-01 6.058267128563918913e-01 -1.026468874269926168e+00
1.579012077767878997e-01 -2.008886535619319180e-01 3.341549805687185626e-01 -1.584173049163188907e+00 1.770695897405066277e-01 4.483523536484314009e-01 -1.294969452514056041e+00 -1.472404930936554654e-02 1.215952957802594325e-01 1.015919235608496063e+00 -9.200000000000000400e-01 7.181402605017378482e-01 5.769151854900379517e-01 -9.658483238961500517e-01
1.218862959804354190e-01 -2.292524536441329641e-01 2.821735893423554242e-01 -1.527608950690840350e+00 1.658261794131942191e-01 4.569242949143168531e-01 -1.294989698713775006e+00 -1.210832598725721833e-02 1.139906985063382644e-01 1.050885205858987703e+00 -9.200000000000000400e-01 7.002106163637770164e-01 5.668963503234217827e-01 -9.355443184280755053e-01
8.754839302192148065e-02 -2.511284622985430204e-01 2.260549698957680098e-01 -1.454439591964861167e+00 1.560926352262359540e-01 4.668188661615582657e-01 -1.296272522669316807e+00 -8.835188170442829017e-03 1.080848622711165913e-01 1.046476329480791945e+00 -9.200000000000000400e-01 6.808886060750678482e-01 5.672628318450915197e-01 -9.202967697130173264e-01
5.118260175493612868e-02 -2.697207495531142030e-01 1.777631604360842832e-01 -1.381881479622736109e+00 1.453409231677010305e-01 4.771251024914754946e-01 -1.297986348251420230e+00 -9.590512660916339707e-03 1.004727264423126154e-01 1.045689661418556016e+00 -9.200000000000000400e-01 6.641705137577752494e-01 5.772585861036063637e-01 -9.224710685350994144e-01
1.829466722732907280e-02 -2.817591979120074863e-01 1.457260772631347179e-01 -1.311089189471092986e+00 1.369997084389266429e-01 4.886456895902915876e-01 -1.300084979482973191e+00 -1.243144269537972343e-02 8.649951933297779505e-02 1.053100407149459850e+00 -9.200000000000000400e-01 6.512977007939951823e-01 5.911896589275820180e-01 -9.323442376570922896e-01
-3.567558223099927175e-03 -2.856226320798047058e-01 1.341088384743958639e-01 -1.249172734333865220e+00 1.381045034540274719e-01 5.049833391765212731e-01 -1.305542534083539152e+00 -1.329705712490739968e-02 7.579870703744610860e-02 1.053883990425343864e+00 -9.200000000000000400e-01 6.399050224735127745e-01 6.064138714296465338e-01 -9.400690820174874007e-01
-2.454172431736407686e-02 -2.903077410998898267e-01 1.405670312380122022e-01 -1.207998628149931752e+00 1.418890188756358750e-01 5.233072928024041781e-01 -1.312666223442283897e+00 -1.287978969612351907e-02 6.753520135740848085e-02 1.058788036818158140e+00 -9.200000000000000400e-01 6.295254178539818612e-01 6.223839781855378117e-01 -9.487210838843805893e-01
-3.783799396834543888e-02 -2.940723218583110032e-01 1.601411305874946289e-01 -1.194129169725350881e+00 1.537117164393698721e-01 5.458522399718748197e-01 -1.325659098197500718e+00 -2.002168140568251833e-02 5.985296351557504307e-02 1.070988590216786607e+00 -9.200000000000000400e-01 6.210793234952765030e-01 6.433888403077334672e-01 -9.855796983356134300e-01
-5.266246540825744032e-02 -3.019276754426525877e-01 1.904104588679078058e-01 -1.205480421539030012e+00 1.664334600937064645e-01 5.675542942832523252e-01 -1.341794084927161235e+00 -2.324872321515994780e-02 4.871505746154149163e-02 1.060313926192946177e+00 -9.200000000000000400e-01 6.086062928811355466e-01 6.642249683957927031e-01 -1.017391118892719382e+00
-6.426910174808528331e-02 -3.091868802366062319e-01 2.225852387367980578e-01 -1.220760327548229052e+00 1.840130459358408355e-01 5.864957511125504785e-01 -1.361340378921948924e+00 -1.898778872600926856e-02 4.090655822671988157e-02 1.062193333259728201e+00 -9.200000000000000400e-01 5.912506977922429297e-01 6.824201478696488854e-01 -1.031092583217592118e+00
-7.526348398079048263e-02 -3.161072764675916802e-01 2.483168795344099511e-01 -1.228735359139482952e+00 2.030786193183725108e-01 6.013463396395998251e-01 -1.384225447734972025e+00 -1.867388250510581757e-02 3.266558978976509542e-02 1.055712567891576636e+00 -9.200000000000000400e-01 5.733415885248651644e-01 7.010082329432173465e-01 -1.054435095051377225e+00
-7.543544491395431928e-02 -3.167686458884133582e-01 2.659966468999989120e-01 -1.235720512353646994e+00 2.060134729368931217e-01 6.152281865350418544e-01 -1.412824517807610425e+00 -1.727902036513699613e-02 2.793461951888004391e-02 1.062331012372536465e+00 -9.200000000000000400e-01 5.538578371378920506e-01 7.184386323870083357e-01 -1.073505141636068139e+00
-7.565137947890507308e-02 -3.178335757828617547e-01 2.812062670195860092e-01 -1.245056266336465267e+00 2.095135017050129278e-01 6.248245041075063400e-01 -1.451135260668936722e+00 -1.715386316848538373e-02 2.085657695829673530e-02 1.054228245289592802e+00 -9.200000000000000400e-01 5.346925876710092451e-01 7.365510082791155710e-01 -1.096782397825541100e+00
-7.500012132788370922e-02 -3.185588223359016036e-01 2.949167237137489961e-01 -1.255757582473574274e+00 2.162646069628173517e-01 6.154236051122620177e-01 -1.495576426061205000e+00 -1.627993272346852857e-02 1.378619995193305046e-02 1.052791385137203051e+00 -9.200000000000000400e-01 5.158729657365874743e-01 7.544104815522774121e-01 -1.117942753309580040e+00
-7.060313771885735890e-02 -3.168997003690144365e-01 3.081642110493141296e-01 -1.266945329231464967e+00 2.289311333207441901e-01 5.868241595197782878e-01 -1.542780388180311490e+00 -1.000161589847221519e-02 1.196058982029037619e-02 1.055359780926004465e+00 -9.200000000000000400e-01 4.967571467235548099e-01 7.702020231673165629e-01 -1.123943706925287334e+00
-6.444453013450589240e-02 -3.140907042964545814e-01 3.191692616720319120e-01 -1.278634459286591696e+00 2.447916920102096994e-01 5.363141828178543680e-01 -1.582450744393200326e+00 -1.361366985090501670e-02 1.090217785515244266e-02 1.062617521643041130e+00 -9.200000000000000400e-01 4.824310009066628546e-01 7.882774320023145931e-01 -1.152418615416607173e+00
-5.412595871229022859e-02 -3.079337531456675658e-01 3.254625929244174820e-01 -1.284042841954142089e+00 2.647674792972781743e-01 4.678369092769414928e-01 -1.608156354468702975e+00 -1.176985809111837089e-02 8.385924791376994647e-03 1.072051369955685285e+00 -9.200000000000000400e-01 4.697790005351508147e-01 8.036340082351781655e-01 -1.163020742407427033e+00
-3.193140122147213739e-02 -2.945095511672358168e-01 3.355117513395732276e-01 -1.301617026235792229e+00 2.718054960071151771e-01 3.872465035821516799e-01 -1.592676347475078247e+00 -1.259920460055921794e-02 7.422653247722136617e-03 1.077506774470750495e+00 -9.329875439471834175e-01 4.612932200463416010e-01 8.188361741037180064e-01 -1.177121109246678010e+00
1.227581990295946619e-02 -2.651910555270500236e-01 3.377538488078944412e-01 -1.311062922395805685e+00 2.595457237961768526e-01 2.905841942670044920e-01 -1.546569260329659912e+00 -1.089932935727958366e-02 9.688360501383308163e-03 1.056486910110261856e+00 -9.200000000000000400e-01 4.555113275694591679e-01 8.322317345080638695e-01 -1.182078836576892833e+00
6.750070945367962760e-02 -2.274964563407234908e-01 3.336046899488567252e-01 -1.313273026932114895e+00 2.513722456500039337e-01 1.898339853554629753e-01 -1.466406750838357143e+00 -1.034897109205990505e-02 2.896827519700611361e-03 1.069854502711496069e+00 -9.200000000000000400e-01 4.503582330019064717e-01 8.445690071433558099e-01 -1.186996706469509499e+00
1.355218776041203221e-01 -1.803592833682106933e-01 3.193516148489050632e-01 -1.302661727565055383e+00 2.412338985235198963e-01 8.778838116250767265e-02 -1.361262255640589780e+00 -1.143006662867386905e-02 1.310730079451371925e-02 1.058466788941518244e+00 -9.200000000000000400e-01 4.449794230596593736e-01 8.553254247259902687e-01 -1.191685874583662041e+00
2.075298587107752557e-01 -1.308552956480380780e-01 2.954240275233207536e-01 -1.279659346400341624e+00 2.239285419114295239e-01 -4.606664500887535339e-03 -1.264978080992898990e+00 -1.068493622365827150e-02 1.698425841114701434e-02 1.041107207383054511e+00 -9.200000000000000400e-01 4.381916703734402008e-01 8.645993764628633338e-01 -1.190769471527100665e+00
2.838611171789170440e-01 -7.721763995491730259e-02 2.596375717781980730e-01 -1.241346206571125821e+00 1.960257005308782552e-01 -7.979390296314514686e-02 -1.172665739553415243e+00 -1.385390621238841678e-02 2.442141188511630367e-02 1.057502824462639213e+00 -9.200000000000000400e-01 4.306671864755994839e-01 8.746369644191669401e-01 -1.199403602269438318e+00
3.427456643670034331e-01 -1.432425180819255940e-02 2.106956988736368164e-01 -1.181688330981794710e+00 1.532698464804748140e-01 -1.422628324365887709e-01 -1.081594274676379142e+00 -1.434686253379221892e-02 8.758525281978443711e-03 1.043361644108261155e+00 -9.200000000000000400e-01 4.213959744830464982e-01 8.842443572639233640e-01 -1.203239080386607984e+00
3.940556491247209636e-01 4.207660218781009154e-02 1.546804775994917724e-01 -1.108499834151253305e+00 1.118517069570073991e-01 -1.794735979727559438e-01 -9.962833340036358898e-01 -1.186670033758290867e-02 8.983798954692834640e-03 1.047519075445799253e+00 -9.200000000000000400e-01 4.116958462378477179e-01 8.941623208238961285e-01 -1.203649552376172549e+00
4.231813713983086367e-01 8.526806245273087226e-02 1.060126800031791772e-01 -1.039426884521710059e+00 7.631459625214230547e-02 -2.033799621481713615e-01 -9.200001096205835394e-01 -1.160388716753462703e-02 1.039818974066269476e-02 1.042058182761004481e+00 -9.200000000000000400e-01 4.035880763258479775e-01 9.049858575283037387e-01 -1.211012258745404191e+00
4.721406196910191144e-01 1.376158786982416005e-01 2.800080412603874608e-02 -9.260913347363871617e-01 6.773456582262431247e-02 -1.851061484083424968e-01 -9.200000733489646088e-01 -1.126462983361811894e-02 4.618044579146559671e-03 1.037184923093591449e+00 -9.200000000000000400e-01 3.957110528366353241e-01 9.164114759374470953e-01 -1.221132147470197049e+00
4.322687454764211346e-01 1.463488893407186298e-01 3.121175225886674634e-02 -9.201212312058588694e-01 5.373324930789095261e-02 -1.833349987592511887e-01 -9.200000000000000400e-01 -1.448467386953080846e-02 -4.538911801963776277e-03 1.021071384743437838e+00 -9.200000000000000400e-01 3.903886852024949228e-01 9.279483934087777719e-01 -1.243020079605155814e+00
3.856510621908170178e-01 1.533314563898015292e-01 3.862182987966422676e-02 -9.200000000000000400e-01 6.046990543142109070e-02 -1.790511324772897650e-01 -9.200000000000000400e-01 -7.859846960700699742e-03 -1.121479120395752795e-02 1.035474699909997298e+00 -9.200000000000000400e-01 3.949095761914931946e-01 9.304429198484039931e-01 -1.253315619533143632e+00
3.109208590770131675e-01 1.464648237466592562e-01 9.773575122857283692e-02 -1.014700623283157022e+00 6.282037891530760365e-02 -1.788398509308811446e-01 -9.249517154019530896e-01 -2.094791186282988354e-02 -8.632281670025929166e-03 1.023017034647166534e+00 -9.200000000000000400e-01 4.155284375643579220e-01 9.477235093889967432e-01 -1.347688189956190552e+00
2.405826947745402788e-01 1.418756624109525355e-01 1.076964956347407076e-01 -9.985313097622350309e-01 6.236710473702815338e-02 -1.897442873594835377e-01 -9.200000000000000400e-01 -1.074423791832086750e-02 -2.018505231404999281e-02 1.017424069785315632e+00 -9.200000000000000400e-01 4.569876245431824802e-01 9.957224914743236788e-01 -1.415049193422362350e+00
2.590273711418115687e-01 1.804526208738170268e-01 5.203083246525373740e-02 -9.200000000000000400e-01 8.005609415101216930e-02 -1.730265396117018628e-01 -9.200000000000000400e-01 -1.179180803056775577e-02 -2.285305903333630789e-02 1.013647234171532574e+00 -9.200000000000000400e-01 5.152301790191913256e-01 1.035632582381978528e+00 -1.546839364621572788e+00
2.304211823341310028e-01 1.905723971066273503e-01 5.050103710511905097e-02 -9.200000012134390559e-01 9.238911053849335753e-02 -1.698205303464790095e-01 -9.200000000000000400e-01 -1.124750342678544276e-02 -2.771601457047711756e-02 1.010778715305738817e+00 -9.200000000000000400e-01 5.691986469767316148e-01 1.034037678297857532e+00 -1.628021177306567591e+00
1.049667713139505326e-01 1.436713754096104467e-01 1.580403147133843667e-01 -1.071095357592307673e+00 7.944635775890467044e-02 -1.906541024309920118e-01 -9.200000000000000400e-01 -1.199293470694174149e-02 -3.426959629929148682e-02 1.000950125473379249e+00 -9.200000000000000400e-01 6.181527589619150165e-01 9.892485902094252381e-01 -1.655174375730259273e+00
8.584459830215641907e-02 1.474796785287905143e-01 1.624971547124436921e-01 -1.087354570258002084e+00 8.989632901683830557e-02 -1.840626447702998492e-01 -9.200000000000000400e-01 -8.798643419022948373e-03 -3.055085153783251850e-02 1.005802015069404698e+00 -9.200000000000000400e-01 6.515476915776203803e-01 9.263976648228735566e-01 -1.641809818738957150e+00
7.488023568049356760e-02 1.487330974814166651e-01 1.684704894053730695e-01 -1.110471226267700562e+00 9.715210876776439464e-02 -1.773601243732356447e-01 -9.200000000000000400e-01 -1.167102133399380848e-02 -3.483494895778257994e-02 9.968590919711669551e-01 -9.200000000000000400e-01 6.784872700387931665e-01 8.534859397639675826e-01 -1.616092959580232469e+00
7.870043310641895717e-02 1.501103268464655527e-01 1.661669981527488515e-01 -1.130944040024037145e+00 1.108953240825116399e-01 -1.641054363625501222e-01 -9.200000000000000400e-01 -1.124161592874252553e-02 -3.419548211469232435e-02 9.964247014245375400e-01 -9.200000000000000400e-01 6.924020206155804269e-01 7.604955458985076522e-01 -1.551183453405238000e+00
7.211895996397788000e-02 1.320833759783850703e-01 1.798404673026146872e-01 -1.178479468383091255e+00 1.210279792214317557e-01 -1.566072722055067423e-01 -9.200000000000000400e-01 -1.142304178008737153e-02 -3.582342453526603243e-02 9.997361760983262124e-01 -9.200000000000000400e-01 7.065275013458101050e-01 6.374707880484896672e-01 -1.469329244946483204e+00
5.328282318789608063e-02 9.173186522706922030e-02 2.176972033676438933e-01 -1.264524333518133092e+00 1.455345205019730748e-01 -1.269599834340515154e-01 -1.041184723275457413e+00 -2.803382930680881763e-02 -4.029851798605887242e-02 9.979880937905113436e-01 -9.200000000000000400e-01 7.260247979553373643e-01 6.043964043056695434e-01 -1.508820005940785247e+00
7.813911787254541885e-02 6.609315464975094867e-02 1.793214491750546313e-01 -1.259662597205168266e+00 1.442340673453871847e-01 -1.144268495509040279e-01 -9.680802269616411992e-01 -1.263455049771847367e-02 -4.146670195612358473e-02 1.003638666373595001e+00 -9.200000000000000400e-01 6.901742381454673003e-01 5.393727077968272221e-01 -1.400289804502489854e+00
8.744226833569866686e-02 2.470908277773473452e-02 1.607102620793370296e-01 -1.277686625911528706e+00 1.571417357327665465e-01 -9.128818883285386154e-02 -9.928921949047067042e-01 -1.582506592207333709e-02 -3.958776776412492593e-02 9.976652613318012230e-01 -9.200000000000000400e-01 6.597759315326364726e-01 4.938487367232972658e-01 -1.337357209460658725e+00
9.591246933402053365e-02 -2.006079103924543472e-02 1.323422129903431554e-01 -1.276986344699684972e+00 1.694280937827399025e-01 -6.882588352659362030e-02 -1.016792643390071360e+00 -1.020650265462050982e-02 -5.015161466656925526e-02 1.013479023715793126e+00 -9.200000000000000400e-01 6.274373460356926779e-01 4.581143003143530734e-01 -1.258330522656669448e+00
9.505427085701965983e-02 -7.014827968987810691e-02 9.251765624110831754e-02 -1.263622907315703925e+00 1.775347260556436879e-01 -5.038882990655061539e-02 -1.034113878985444046e+00 -8.612507016729121709e-03 -5.444712553438542380e-02 1.014738707657574235e+00 -9.200000000000000400e-01 6.070250648979954589e-01 4.387855388107206323e-01 -1.219841147560483785e+00
8.627394880560104728e-02 -1.160027953740735002e-01 4.473179227823360915e-02 -1.239505173753798539e+00 1.817696283399697910e-01 -3.491261039705680774e-02 -1.047464365150371668e+00 -4.394877872492278237e-03 -6.359840086946344506e-02 1.010043812205412728e+00 -9.200000000000000400e-01 5.889516560474618023e-01 4.364676054409853401e-01 -1.194810828347478759e+00
7.640686646922820180e-02 -1.560702068615028304e-01 5.467084304424855642e-03 -1.211641325694267746e+00 1.848981446150360641e-01 -1.966827949884566648e-02 -1.060794850580653703e+00 -4.417033041031197434e-03 -6.342396946814223002e-02 1.018992683307011315e+00 -9.200000000000000400e-01 5.796143880807698157e-01 4.434821410913384332e-01 -1.192404441282501892e+00
7.258567401867163649e-02 -1.918733661877202457e-01 -2.047192651660596774e-02 -1.185879450471425400e+00 1.900664957418801426e-01 -1.968673817424341534e-03 -1.076876333801378705e+00 -8.559905518675251651e-03 -6.736821824614784571e-02 1.021761146031202383e+00 -9.200000000000000400e-01 5.739838898917550836e-01 4.565532420616033593e-01 -1.210160656971067228e+00
7.120789680761870077e-02 -2.213247859971915199e-01 -3.756601447988045656e-02 -1.163497741043499900e+00 1.956606455087485097e-01 1.678390443645873947e-02 -1.093679072991325718e+00 -1.118784868756441363e-02 -7.364864349536304200e-02 1.020539555456331904e+00 -9.200000000000000400e-01 5.675610120822724980e-01 4.729591331697424184e-01 -1.231554514998455474e+00
6.857930444625950916e-02 -2.400096153339510707e-01 -4.384588245395162898e-02 -1.146047484960977414e+00 2.001137455070612359e-01 3.502797498507835561e-02 -1.109540890196169416e+00 -9.381047798738962121e-03 -8.749245472570744975e-02 1.031875456110116218e+00 -9.200000000000000400e-01 5.594994105392863126e-01 4.904953450022702666e-01 -1.245105112350832099e+00
5.567188741495296411e-02 -2.408148283833575765e-01 -3.349434924871996094e-02 -1.137447783960454650e+00 1.988704914898564158e-01 4.923986062595484686e-02 -1.120793142258842856e+00 -1.247786914738516911e-02 -8.914437328326439702e-02 1.020879907343205772e+00 -9.200000000000000400e-01 5.543861869016157851e-01 5.074038880520693739e-01 -1.269003731737233132e+00
4.106488991735889743e-02 -2.346413979415387652e-01 -1.476701224082607559e-02 -1.139670773124085379e+00 1.954872359973741924e-01 6.195318634934274954e-02 -1.130395816626601935e+00 -9.886861697062083662e-03 -1.004397869337023824e-01 1.043350815163159861e+00 -9.200000000000000400e-01 5.467337906150570026e-01 5.229955292736103711e-01 -1.275246330517628035e+00
3.496959939072856460e-02 -2.331589610918089750e-01 2.102385094354441378e-03 -1.150587518520253649e+00 1.955546205491706102e-01 7.719891073783846647e-02 -1.142845320148079935e+00 -1.187270985051798455e-02 -1.014194129826145041e-01 1.042527106731006903e+00 -9.200000000000000400e-01 5.402061592678283342e-01 5.361264154169501639e-01 -1.286233675631076823e+00
2.826077951553500681e-02 -2.327894997437797153e-01 1.841047906041936785e-02 -1.164206019425897631e+00 1.950634523558462952e-01 9.234061161726803135e-02 -1.156456871643711359e+00 -1.196679086628363309e-02 -1.090915298049138643e-01 1.043661092318372674e+00 -9.200000000000000400e-01 5.321249496957309866e-01 5.489184196312913988e-01 -1.292911902093738741e+00
2.319734317357632566e-02 -2.314680961115233582e-01 3.353908034868978427e-02 -1.177253423859240922e+00 1.952885869879606995e-01 1.079594358523766756e-01 -1.171225813435969876e+00 -1.341836579284783407e-02 -1.189966583667105560e-01 1.052430569586867648e+00 -9.200000000000000400e-01 5.248388443550040527e-01 5.616134876047623736e-01 -1.303672339110841571e+00
1.679150808039957254e-02 -2.304718635776530355e-01 4.742528760534680393e-02 -1.188393316452970305e+00 1.945396574905334519e-01 1.224315111492728370e-01 -1.185025369542244800e+00 -1.453730181911417306e-02 -1.240584437417543567e-01 1.053112947816977174e+00 -9.200000000000000400e-01 5.177693172400281707e-01 5.740459771767777442e-01 -1.313824075456491380e+00
1.044389456517528375e-02 -2.295180110128827722e-01 5.938463389980724177e-02 -1.197236661144020387e+00 1.934173139539045461e-01 1.360757312700325850e-01 -1.198060908705111505e+00 -1.499177053906845629e-02 -1.289305652619510689e-01 1.060213245505189361e+00 -9.200000000000000400e-01 5.109720340703098884e-01 5.861659667132619322e-01 -1.322228794525650786e+00
6.461336819177177296e-03 -2.294436686274157755e-01 7.040974983536850418e-02 -1.207524778517684805e+00 1.930542563840115522e-01 1.494797874286744599e-01 -1.210976066279554342e+00 -1.924800105131867570e-02 -1.395329268158663205e-01 1.058378350568309312e+00 -9.200000000000000400e-01 5.067197362411777206e-01 5.974329040284236392e-01 -1.338637832369493630e+00
3.542969541593586364e-03 -2.298297727912416433e-01 8.169402940008987923e-02 -1.218527376089956649e+00 1.926866444273690748e-01 1.624649499437766376e-01 -1.223542497062920287e+00 -1.493570037812192754e-02 -1.433840833115637425e-01 1.065263745268212769e+00 -9.200000000000000400e-01 4.997259474461696049e-01 6.084052763139885522e-01 -1.335021798237349344e+00
2.217299192279510289e-03 -2.300293734638583776e-01 9.222171825787170429e-02 -1.227828252815654775e+00 1.925979936805375103e-01 1.752572815994518918e-01 -1.235821260144061240e+00 -1.828529909425657615e-02 -1.477826651572874128e-01 1.069608655700385214e+00 -9.200000000000000400e-01 4.965919180171648462e-01 6.185430640593851948e-01 -1.347999499177403360e+00
1.434403269997116571e-03 -2.305838333603728585e-01 1.028050816049448785e-01 -1.235767333999146844e+00 1.920211507332345025e-01 1.873404647636706666e-01 -1.246981543721337848e+00 -1.831499669672175673e-02 -1.575548005230604787e-01 1.072725789921123107e+00 -9.200000000000000400e-01 4.927689222644796585e-01 6.282083858450965286e-01 -1.352397897115980241e+00
2.643320699627780841e-03 -2.313132325679187473e-01 1.127060054534607531e-01 -1.243100046526081970e+00 1.915673643652105462e-01 1.990609647228296364e-01 -1.257625359048769820e+00 -1.714916531490918647e-02 -1.571747713845492722e-01 1.079010361511403726e+00 -9.200000000000000400e-01 4.893580695799884528e-01 6.370628421729321866e-01 -1.352792267138503091e+00
4.714552342926425429e-03 -2.325199936182536231e-01 1.218467576447133521e-01 -1.249819226423656726e+00 1.907678334041485180e-01 2.099421353263691281e-01 -1.267363143315926477e+00 -1.486417250723149480e-02 -1.664533458873440064e-01 1.080126768268892201e+00 -9.200000000000000400e-01 4.860178654834352296e-01 6.449433374809215858e-01 -1.349634609309349198e+00
6.461194676824687406e-03 -2.333467707161411553e-01 1.302431160400019106e-01 -1.255542522453910737e+00 1.905042536920072693e-01 2.205524158536798784e-01 -1.276551821770355311e+00 -1.652734578036138199e-02 -1.661170023557088371e-01 1.087336365281799111e+00 -9.200000000000000400e-01 4.832930244720659019e-01 6.524166759148177785e-01 -1.355324358246017269e+00
6.586475391635422498e-03 -2.345689637071863010e-01 1.382274981930749214e-01 -1.260879921815475146e+00 1.899613933373291708e-01 2.302790140198602287e-01 -1.284823083203383787e+00 -1.489652914403015969e-02 -1.716193979480762077e-01 1.090733356914283414e+00 -9.200000000000000400e-01 4.785613894690536330e-01 6.595502022665360453e-01 -1.353820882898442823e+00
6.755599565613111188e-03 -2.354852391661035604e-01 1.454516320921309946e-01 -1.265532762496786479e+00 1.898457475871289379e-01 2.394835116074921222e-01 -1.292507479721521690e+00 -1.407416502226415192e-02 -1.751243950834744656e-01 1.092368324450184947e+00 -9.200000000000000400e-01 4.736165531306309462e-01 6.662942462063476956e-01 -1.354130373610314964e+00
6.264208284407021647e-03 -2.366900379490946560e-01 1.523039182992147189e-01 -1.270054990557614394e+00 1.895234026200140753e-01 2.478859450782261442e-01 -1.299174719937999711e+00 -1.609843517904899907e-02 -1.796054185212395127e-01 1.096254371327769706e+00 -9.200000000000000400e-01 4.693265050467043120e-01 6.726481897312017733e-01 -1.360693047828936075e+00
6.333393066166520709e-03 -2.375675711309860327e-01 1.586933453707267128e-01 -1.274165831408129002e+00 1.896074442803293847e-01 2.559699276701257742e-01 -1.305499269065868218e+00 -1.711106870274938310e-02 -1.848678822832763580e-01 1.093614250113359221e+00 -9.200000000000000400e-01 4.645958141302863331e-01 6.788014133281566886e-01 -1.364940418663096677e+00
6.389353974289828028e-03 -2.385600191205283771e-01 1.647090658860167756e-01 -1.277992858915794283e+00 1.895917893633246032e-01 2.636996246771055596e-01 -1.311722579714719172e+00 -1.558627408975889542e-02 -1.896026049159363625e-01 1.094864698154262905e+00 -9.200000000000000400e-01 4.586472482948351637e-01 6.848663948792182987e-01 -1.363871161040462798e+00
6.480327805348469472e-03 -2.395425065355015759e-01 1.703137051179091088e-01 -1.281903884577131336e+00 1.896649643397334273e-01 2.712303012465687169e-01 -1.317652680682052324e+00 -1.315111227358396750e-02 -1.911780718700173687e-01 1.103937954470961769e+00 -9.200000000000000400e-01 4.519822356769264138e-01 6.907765922678027470e-01 -1.361127905552812711e+00
6.187759796164765333e-03 -2.407412174439875485e-01 1.757537078091075122e-01 -1.286180015565640211e+00 1.895173377066428633e-01 2.788552088181920907e-01 -1.324020270378017949e+00 -1.423859142965839056e-02 -1.954245929789049929e-01 1.100343291281942637e+00 -9.200000000000000400e-01 4.463119937797183079e-01 6.967079740643115082e-01 -1.366747880390691394e+00
5.589220132980122352e-03 -2.419591333347617945e-01 1.810697825369692315e-01 -1.290744424471677476e+00 1.895529396150329449e-01 2.866636848743372434e-01 -1.331196348307317923e+00 -1.454074666294218401e-02 -1.983466502602499737e-01 1.106357696527777268e+00 -9.200000000000000400e-01 4.401000638797513687e-01 7.026668232590254082e-01 -1.371139911662105249e+00
4.805478728563302750e-03 -2.433093750123292709e-01 1.862492981255287616e-01 -1.295235810707309865e+00 1.894980761527524649e-01 2.946649770314378469e-01 -1.339591662452816578e+00 -1.441170501680012067e-02 -2.005347172942837652e-01 1.107860717366649039e+00 -9.200000000000000400e-01 4.337258156261834530e-01 7.085487526161421412e-01 -1.374887693962131285e+00
3.980108826988514557e-03 -2.449432017215690816e-01 1.912629372148785534e-01 -1.299481320631244552e+00 1.893609608738188455e-01 3.026088895202268536e-01 -1.348209912110578390e+00 -1.297098445999411882e-02 -2.026593988851685124e-01 1.108164062355199375e+00 -9.200000000000000400e-01 4.267579811588688155e-01 7.144138088569516043e-01 -1.376150407736670189e+00
2.373009516220096326e-03 -2.464179259432382751e-01 1.963278818536693116e-01 -1.303923412126719139e+00 1.894848054710459029e-01 3.101748333361246113e-01 -1.355826706739281295e+00 -1.355843270726448530e-02 -2.046490490217036662e-01 1.111192032762592596e+00 -9.200000000000000400e-01 4.199274052876915686e-01 7.206090835366117942e-01 -1.382553549801665671e+00
7.251899638324137273e-04 -2.473536086999535422e-01 2.016301763005591274e-01 -1.308811165257880660e+00 1.901285918582444612e-01 3.176622633883685598e-01 -1.363283925222195991e+00 -1.360662544016871638e-02 -2.053076436281977002e-01 1.110902218768407890e+00 -9.200000000000000400e-01 4.135464992291894570e-01 7.269308988005259708e-01 -1.387567938743018647e+00
-1.656505810199868306e-03 -2.482980639186895266e-01 2.075151265606775264e-01 -1.314593344251795193e+00 1.907018362096203346e-01 3.247411969325621484e-01 -1.370185220329657616e+00 -1.019709597809171329e-02 -2.078325766146557063e-01 1.112494097820358574e+00 -9.200000000000000400e-01 4.069941575723657889e-01 7.332688116772522191e-01 -1.384474127220483686e+00
-4.518261411031567268e-03 -2.489559971686260420e-01 2.135730878019730106e-01 -1.320931480413245485e+00 1.914039008427259325e-01 3.320185553832468162e-01 -1.376962482139814758e+00 -1.182870380885627827e-02 -2.059676665907026472e-01 1.109460389492510135e+00 -9.200000000000000400e-01 4.021911233733482804e-01 7.398687776278577433e-01 -1.392675912591549103e+00
-8.350392904782181352e-03 -2.493975406639010184e-01 2.199902367429919792e-01 -1.328136719309488178e+00 1.923075177519335266e-01 3.394813759349374349e-01 -1.383878983261099593e+00 -1.036278578342102359e-02 -2.042740524073953789e-01 1.107339896809574231e+00 -9.200000000000000400e-01 3.960838543845999205e-01 7.467778447294844968e-01 -1.394165777331623390e+00
-1.259900902638411667e-02 -2.495335336527366166e-01 2.265572548260416930e-01 -1.335918430234615206e+00 1.933126552877402204e-01 3.470991048523727751e-01 -1.391437341110622672e+00 -1.046086165434465497e-02 -2.040675197599962631e-01 1.104898440078478705e+00 -9.200000000000000400e-01 3.903592473711352540e-01 7.538603900152701653e-01 -1.399138524189690980e+00
-1.636499700591769954e-02 -2.489922064920049305e-01 2.330595843775187526e-01 -1.344054849823174802e+00 1.949918727538461904e-01 3.550669204421967873e-01 -1.399331377739969184e+00 -6.804046620544373057e-03 -1.992997136419166759e-01 1.101148245754268062e+00 -9.200000000000000400e-01 3.835230969349109342e-01 7.609752416311961198e-01 -1.395785673170959695e+00
-2.139170266159359096e-02 -2.490341781515477970e-01 2.399796294326665691e-01 -1.352787909446089731e+00 1.964687816486603567e-01 3.624829666829091357e-01 -1.405763255521345290e+00 -4.716677792012107656e-03 -1.953345780739653703e-01 1.107354943966104566e+00 -9.469790912121712756e-01 3.773341052157433984e-01 7.681466140419461741e-01 -1.395781462676500384e+00
-2.647640193916753551e-02 -2.490828581163941624e-01 2.470222091819821164e-01 -1.361712917868839856e+00 1.983313611973719914e-01 3.696100917181494583e-01 -1.410943530449686900e+00 3.829912048522920911e-03 -1.901030278062817158e-01 1.113069854135074310e+00 -9.696835642649397347e-01 3.697544979691065881e-01 7.749155272522656457e-01 -1.381050911882139465e+00
-3.070593320178956198e-02 -2.486616212459543673e-01 2.539877184348219852e-01 -1.370566261137872388e+00 2.003762866910459017e-01 3.768173673600739848e-01 -1.416060717892701826e+00 8.388993086865892054e-03 -1.832561658252184755e-01 1.120778509248381072e+00 -1.007973621158509303e+00 3.637709856395464625e-01 7.816909031709236011e-01 -1.374773716840474558e+00
-3.424697667602875223e-02 -2.479504637844817116e-01 2.608605359464973850e-01 -1.379215214636698494e+00 2.022156236855219835e-01 3.840260860968724987e-01 -1.420776671110251854e+00 3.009944809529725758e-05 -1.752553204011569055e-01 1.133098412483676043e+00 -1.079574463470148071e+00 3.616682947649825786e-01 7.891293261728007380e-01 -1.396936176135046725e+00
-3.848087952747446250e-02 -2.478284080604752915e-01 2.681409995902197529e-01 -1.387868244591968558e+00 2.031399706860525511e-01 3.907171977391676876e-01 -1.425509951516605645e+00 7.114168148463739273e-03 -1.651615307179454539e-01 1.137142062462924486e+00 -1.119957384614177931e+00 3.561682096955175458e-01 7.955597701183945158e-01 -1.384496498785516394e+00
-4.196242058403368280e-02 -2.474856591722985888e-01 2.753485270454006373e-01 -1.396454434606555939e+00 2.041657780252728871e-01 3.975128842155943309e-01 -1.430758481448949793e+00 6.649735821591641442e-03 -1.540109702803568181e-01 1.141410181936185930e+00 -1.178040136069117061e+00 3.531048474585654073e-01 8.023826783195515677e-01 -1.388582397606626717e+00
-4.560752060930285678e-02 -2.474481026789852323e-01 2.829341661052357515e-01 -1.405239857537872616e+00 2.046639079068231781e-01 4.042759874641185247e-01 -1.436457803884837681e+00 5.292565859124397434e-04 -1.411077058770945636e-01 1.138426010227843399e+00 -1.241554511511461012e+00 3.520664586345988445e-01 8.095722764549082573e-01 -1.405078901315859774e+00
-4.828440276321516872e-02 -2.466855757959977302e-01 2.903550588195517035e-01 -1.413585358129166414e+00 2.056917421025918069e-01 4.108948467232632629e-01 -1.441998241901681910e+00 -3.778625164383556437e-05 -1.289442649469830782e-01 1.135007317521667947e+00 -1.297884042579179997e+00 3.505924695787622780e-01 8.160179125273807621e-01 -1.408879158909837503e+00
-5.126359900234178646e-02 -2.466534645956040273e-01 2.977951769859515929e-01 -1.421403542829285271e+00 2.057638104588418448e-01 4.172072840496005020e-01 -1.446879041881540928e+00 -1.987633279342212490e-03 -1.187145819854745349e-01 1.135063620029497233e+00 -1.356352026698207425e+00 3.494588470923686851e-01 8.224047965378646907e-01 -1.414954485142468021e+00
-5.184273119185380668e-02 -2.451499334638925498e-01 3.046531594679067201e-01 -1.428652230624521291e+00 2.072206112428835734e-01 4.249720870738951106e-01 -1.451971290171303774e+00 -3.594760879139644559e-03 -1.095129948316958951e-01 1.133939071089086204e+00 -1.410881868422984908e+00 3.483129234301739485e-01 8.287252771413297081e-01 -1.419878900027728541e+00
-5.431417399497677490e-02 -2.450129814548156759e-01 3.120895334991958259e-01 -1.436184222271102540e+00 2.071243325169409844e-01 4.326825239387560584e-01 -1.455916241011806278e+00 -2.879315283126899442e-03 -1.014167214081775625e-01 1.131780821471433773e+00 -1.457634527688464354e+00 3.465111352805949618e-01 8.348279986993921709e-01 -1.419168088674461758e+00
-5.329984757179594135e-02 -2.424141708057318545e-01 3.185450565640792209e-01 -1.442527975259541240e+00 2.098994125304853020e-01 4.412538398070922629e-01 -1.460148764258353715e+00 -5.550717481539182811e-03 -9.502659657426608397e-02 1.130372708942334770e+00 -1.509132667944279360e+00 3.449414438886100331e-01 8.410725470013948879e-01 -1.425037764410868268e+00
-5.740205262426727878e-02 -2.432010636373641843e-01 3.263956514709657752e-01 -1.449167717679597178e+00 2.078072923521758486e-01 4.482481774575646227e-01 -1.462957189906749278e+00 -4.033637588035684889e-03 -8.988259378847250625e-02 1.128920625945963208e+00 -1.552933675610973285e+00 3.414300660959105893e-01 8.470204661805897928e-01 -1.420969219334745626e+00
-6.139687660796908780e-02 -2.435222649499316216e-01 3.343344747137685924e-01 -1.455039455431970108e+00 2.054352002385618214e-01 4.550415925584776478e-01 -1.465008179951633238e+00 -5.162693509536828845e-03 -8.562024882025298655e-02 1.128224056614830273e+00 -1.605443104363289297e+00 3.374938867807385501e-01 8.531443822240364350e-01 -1.421667518723376267e+00
-6.262710350473350840e-02 -2.413604510537037395e-01 3.412954470898783566e-01 -1.459090337374592927e+00 2.062664500994104144e-01 4.621890068728166101e-01 -1.466739590586503938e+00 1.738160990693666088e-03 -8.131317613763407171e-02 1.126865552402341653e+00 -1.650991526194597991e+00 3.304614524849767143e-01 8.585788551265186586e-01 -1.403878332017181485e+00
-6.733187643755113305e-02 -2.410618564948656117e-01 3.490291605965767929e-01 -1.462620959976175250e+00 2.060506294946867212e-01 4.679298625081452778e-01 -1.468106492099071625e+00 -7.364352242549553583e-03 -7.952234021715867684e-02 1.126061818749650723e+00 -1.730270738544933851e+00 3.256925155213979406e-01 8.654072585098803172e-01 -1.419856466585391219e+00
-9.212111068554071358e-02 -2.545851544522546028e-01 3.620358205964495646e-01 -1.469168604341984263e+00 1.908677958300843136e-01 4.687633358970700881e-01 -1.466544867379464545e+00 -2.803770642463194324e-03 -7.870934826620593072e-02 1.113900796072857080e+00 -1.776130691162039810e+00 3.167123382518235442e-01 8.710404355974922241e-01 -1.405111647199175584e+00
-8.336366491959495972e-02 -2.432942370227764439e-01 3.658245007889856515e-01 -1.468905869864786329e+00 2.036238258600470696e-01 4.831153309762750148e-01 -1.475099019097642294e+00 -4.201200519624853115e-03 -8.016004772813573043e-02 1.092138678436012755e+00 -1.825308621035488965e+00 3.077540757661214599e-01 8.773449065923030199e-01 -1.401930988494570318e+00
-8.512855591564980062e-02 -2.387825639180820025e-01 3.723603279206284533e-01 -1.469352769627244815e+00 2.082795581135941376e-01 4.945260729521155918e-01 -1.486135741154520407e+00 -5.015501818171113659e-03 -8.267229836154393885e-02 1.057719164661142131e+00 -1.865187347409345442e+00 2.977734120733124823e-01 8.834453628416522042e-01 -1.396096038100864023e+00
-9.066900164520605432e-02 -2.365336940339395622e-01 3.800939865564629816e-01 -1.469792896496378454e+00 2.105693352117984918e-01 5.045170405976846517e-01 -1.504137014606133693e+00 -7.222512639198459296e-03 -8.594003193451844880e-02 1.007571294780588600e+00 -1.897854515266797382e+00 2.876757272965771994e-01 8.895796960107836826e-01 -1.392270454251906653e+00
-9.485708142856649761e-02 -2.327177568594045454e-01 3.876102607341019302e-01 -1.469391910449294070e+00 2.134169743713467404e-01 5.125567296776958326e-01 -1.531009170210208437e+00 -7.768236852958199275e-03 -8.922826188668732394e-02 9.394449651403712354e-01 -1.917551271800771007e+00 2.772021924520768899e-01 8.953501820267819600e-01 -1.383575893329173301e+00
-1.050058168170749234e-01 -2.324793823682503868e-01 3.967805499743782827e-01 -1.469147031103215317e+00 2.097934613542074278e-01 5.127373991307960788e-01 -1.568093520767518401e+00 -6.863784075388920311e-03 -9.312615922565437021e-02 8.541371850437333713e-01 -1.922778835738136349e+00 2.665658379176550907e-01 9.003315500232346169e-01 -1.369866571540818700e+00
-1.135058374729077252e-01 -2.310461467992452889e-01 4.059698001990670879e-01 -1.469471881540476810e+00 2.109177998134397491e-01 5.008055807433405837e-01 -1.614717884361651867e+00 -8.139103387491412184e-03 -9.821449469753691652e-02 7.576453191083463157e-01 -1.912950440344217906e+00 2.569689789696067983e-01 9.060021351555895830e-01 -1.361065229420126643e+00
-1.152860820867140645e-01 -2.250071932493727112e-01 4.140790555181749211e-01 -1.470380856856993379e+00 2.232800075647010385e-01 4.506143868229871008e-01 -1.652416578796454871e+00 -6.520065258731728985e-03 -1.043340281802373204e-01 6.638508785323823380e-01 -1.886799529122342056e+00 2.480443620144739403e-01 9.120256583538982609e-01 -1.346870124715648709e+00
-1.092549197181773291e-01 -2.137590368742330882e-01 4.203404737437039240e-01 -1.470238477614980610e+00 2.422725301241949736e-01 3.758461797995481524e-01 -1.657271268468173187e+00 -5.667185194681376853e-03 -1.102106342741942246e-01 5.773280209025183352e-01 -1.849115304675980509e+00 2.408728443029411748e-01 9.183162572619855135e-01 -1.334584630284865181e+00
-9.531830349021680471e-02 -1.973077450640493002e-01 4.245658207275587182e-01 -1.467894810796406935e+00 2.661136022997538930e-01 2.854059445358728131e-01 -1.633935583007217085e+00 -6.732137868952417850e-03 -1.158392793422320100e-01 5.054222147272854349e-01 -1.805291611306218513e+00 2.355504431584184155e-01 9.249286361085811148e-01 -1.326498878156465944e+00
-7.479876358986742302e-02 -1.772233526102723611e-01 4.271631847240825453e-01 -1.463993417341996617e+00 2.934393381463188399e-01 1.833478595822574664e-01 -1.592192987355045775e+00 -6.118171944357672296e-03 -1.201182449118167600e-01 4.546457256346168596e-01 -1.758458237263631263e+00 2.315921412073540242e-01 9.311353682131038312e-01 -1.314789115387733354e+00
-3.681679660399023862e-02 -1.448978337565171581e-01 4.228949612865322005e-01 -1.454202692332673852e+00 3.050793565874762026e-01 8.208035417676322332e-02 -1.530765253747290888e+00 -1.712731132906549587e-03 -1.228234085551456606e-01 4.218250396377711264e-01 -1.707457892923226916e+00 2.282913319608322888e-01 9.364404005180669843e-01 -1.294645834263432826e+00
1.515184358934666339e-02 -1.017842707629056237e-01 4.101721044135726579e-01 -1.435399729740317820e+00 3.038209388943166056e-01 -5.621097492817059976e-03 -1.428458977123119089e+00 1.601562471717914030e-03 -1.267024391793352966e-01 4.006456796077446092e-01 -1.659746100560133275e+00 2.253533002323769574e-01 9.419994853832122095e-01 -1.276548712068465541e+00
6.504049394592512079e-02 -5.943570012586752577e-02 3.951808463759367007e-01 -1.412834769836684767e+00 2.924015102476030248e-01 -7.430768578988795892e-02 -1.281779770451101363e+00 -2.326024447502607773e-03 -1.333033033173465498e-01 3.840174344062940448e-01 -1.628166820359688183e+00 2.230805295464131921e-01 9.499068114797823981e-01 -1.274127645552703969e+00
1.030943178547859829e-01 -2.501026523184570263e-02 3.842106153874873531e-01 -1.393023507544747686e+00 2.758358350421155625e-01 -1.233785249865833183e-01 -1.161698109737954177e+00 -4.248863512475340234e-03 -1.428385927751995021e-01 3.751321345649752947e-01 -1.597190304447665854e+00 2.196343998325396285e-01 9.579754999972689422e-01 -1.266172549891076970e+00
1.269752741695799880e-01 -5.778808418916818197e-04 3.813604379634834007e-01 -1.380515579461822240e+00 2.604649972040352646e-01 -1.412330043929950762e-01 -1.105748241234554730e+00 -1.084557591509427606e-02 -1.563769038359672514e-01 3.711008287711008991e-01 -1.583540020344328392e+00 2.158511067286173757e-01 9.680277403312110840e-01 -1.267438773230871174e+00
1.240984735918069098e-01 3.795987479009144214e-03 3.980533767739373174e-01 -1.387889106355215896e+00 2.447186197338971914e-01 -1.399931615387710881e-01 -1.091158904518734873e+00 -4.419131031345100748e-03 -1.691103328171823239e-01 3.796503807080937598e-01 -1.551696905135761417e+00 2.101524397503827524e-01 9.752168692613624179e-01 -1.237784497808283923e+00
1.369045235844237318e-01 2.061002172376929023e-02 4.046488587090520395e-01 -1.384044550444172961e+00 2.437242749568596101e-01 -1.166130149805459648e-01 -1.110837297440288696e+00 -1.074785909816593915e-02 -1.866930818765727695e-01 3.843194626019705296e-01 -1.549980725131859804e+00 2.048593572658821971e-01 9.864729426953260383e-01 -1.235053483358788506e+00
