9.995482041769525594e-01 -3.005640575034218900e-02 0.000000000000000000e+00 3.005640575034218900e-02 9.995482041769525594e-01 0.000000000000000000e+00 0.000000000000000000e+00 0.000000000000000000e+00 1.000000000000000000e+00
9.995482041769525594e-01 -3.005640575034218900e-02 0.000000000000000000e+00 3.005640575034218900e-02 9.995482041769525594e-01 0.000000000000000000e+00 0.000000000000000000e+00 0.000000000000000000e+00 1.000000000000000000e+00
9.926758640612535212e-01 -1.208082319639019880e-01 0.000000000000000000e+00 1.208082319639019880e-01 9.926758640612535212e-01 0.000000000000000000e+00 0.000000000000000000e+00 0.000000000000000000e+00 1.000000000000000222e+00
9.933968556369980885e-01 -1.147287549419283570e-01 0.000000000000000000e+00 1.147287549419283570e-01 9.933968556369980885e-01 0.000000000000000000e+00 0.000000000000000000e+00 0.000000000000000000e+00 1.000000000000000000e+00
9.939688421476218227e-01 -1.096628507732500951e-01 0.000000000000000000e+00 1.096628507732500951e-01 9.939688421476218227e-01 0.000000000000000000e+00 0.000000000000000000e+00 0.000000000000000000e+00 1.000000000000000000e+00
9.944531415295250198e-01 -1.051805557223312593e-01 0.000000000000000000e+00 1.051805557223312593e-01 9.944531415295250198e-01 0.000000000000000000e+00 0.000000000000000000e+00 0.000000000000000000e+00 1.000000000000000000e+00
9.948377565375655651e-01 -1.014782645067590916e-01 0.000000000000000000e+00 1.014782645067590916e-01 9.948377565375655651e-01 0.000000000000000000e+00 0.000000000000000000e+00 0.000000000000000000e+00 1.000000000000000222e+00
9.950949724799579288e-01 -9.892419191033000048e-02 0.000000000000000000e+00 9.892419191033000048e-02 9.950949724799579288e-01 0.000000000000000000e+00 0.000000000000000000e+00 0.000000000000000000e+00 1.000000000000000000e+00
9.952005943137728350e-01 -9.785589955395343487e-02 0.000000000000000000e+00 9.785589955395343487e-02 9.952005943137728350e-01 0.000000000000000000e+00 0.000000000000000000e+00 0.000000000000000000e+00 1.000000000000000000e+00
9.951223878507289289e-01 -9.864802683411089124e-02 0.000000000000000000e+00 9.864802683411089124e-02 9.951223878507289289e-01 0.000000000000000000e+00 0.000000000000000000e+00 0.000000000000000000e+00 1.000000000000000000e+00
9.948069925577731620e-01 -1.017794063558969675e-01 0.000000000000000000e+00 1.017794063558969675e-01 9.948069925577731620e-01 0.000000000000000000e+00 0.000000000000000000e+00 0.000000000000000000e+00 1.000000000000000000e+00
9.942684113025949122e-01 -1.069127040431291226e-01 0.000000000000000000e+00 1.069127040431291226e-01 9.942684113025949122e-01 0.000000000000000000e+00 0.000000000000000000e+00 0.000000000000000000e+00 9.999999999999998890e-01
9.935026424579338489e-01 -1.138090480985715219e-01 0.000000000000000000e+00 1.138090480985715219e-01 9.935026424579338489e-01 0.000000000000000000e+00 0.000000000000000000e+00 0.000000000000000000e+00 1.000000000000000000e+00
9.925908542868185913e-01 -1.215047159009222250e-01 0.000000000000000000e+00 1.215047159009222250e-01 9.925908542868185913e-01 0.000000000000000000e+00 0.000000000000000000e+00 0.000000000000000000e+00 1.000000000000000000e+00
9.915630260438244026e-01 -1.296254812250046962e-01 0.000000000000000000e+00 1.296254812250046962e-01 9.915630260438244026e-01 0.000000000000000000e+00 0.000000000000000000e+00 0.000000000000000000e+00 1.000000000000000000e+00
9.904340107631864898e-01 -1.379872107245739277e-01 0.000000000000000000e+00 1.379872107245739277e-01 9.904340107631864898e-01 0.000000000000000000e+00 0.000000000000000000e+00 0.000000000000000000e+00 9.999999999999998890e-01
9.892563838507509866e-01 -1.461909949707416445e-01 0.000000000000000000e+00 1.461909949707416445e-01 9.892563838507509866e-01 0.000000000000000000e+00 0.000000000000000000e+00 0.000000000000000000e+00 9.999999999999998890e-01
9.881459409734154598e-01 -1.535174235641132146e-01 0.000000000000000000e+00 1.535174235641132146e-01 9.881459409734154598e-01 0.000000000000000000e+00 0.000000000000000000e+00 0.000000000000000000e+00 1.000000000000000000e+00
9.872019705190543393e-01 -1.594749804931668291e-01 0.000000000000000000e+00 1.594749804931668291e-01 9.872019705190543393e-01 0.000000000000000000e+00 0.000000000000000000e+00 0.000000000000000000e+00 9.999999999999998890e-01
9.864476544104668898e-01 -1.640762783222728671e-01 0.000000000000000000e+00 1.640762783222728671e-01 9.864476544104668898e-01 0.000000000000000000e+00 0.000000000000000000e+00 0.000000000000000000e+00 9.999999999999998890e-01
9.859244044618098446e-01 -1.671917123742254763e-01 0.000000000000000000e+00 1.671917123742254763e-01 9.859244044618098446e-01 0.000000000000000000e+00 0.000000000000000000e+00 0.000000000000000000e+00 1.000000000000000000e+00
9.858450823137904218e-01 -1.676588013726559301e-01 0.000000000000000000e+00 1.676588013726559301e-01 9.858450823137904218e-01 0.000000000000000000e+00 0.000000000000000000e+00 0.000000000000000000e+00 9.999999999999998890e-01
9.862723337901320164e-01 -1.651268712238146419e-01 0.000000000000000000e+00 1.651268712238146419e-01 9.862723337901320164e-01 0.000000000000000000e+00 0.000000000000000000e+00 0.000000000000000000e+00 1.000000000000000000e+00
9.870231670553177850e-01 -1.605779178345829450e-01 0.000000000000000000e+00 1.605779178345829450e-01 9.870231670553177850e-01 0.000000000000000000e+00 0.000000000000000000e+00 0.000000000000000000e+00 1.000000000000000000e+00
9.880220959039484052e-01 -1.543124687300703457e-01 0.000000000000000000e+00 1.543124687300703457e-01 9.880220959039484052e-01 0.000000000000000000e+00 0.000000000000000000e+00 0.000000000000000000e+00 9.999999999999998890e-01
9.891381383514111780e-01 -1.469889222312494304e-01 0.000000000000000000e+00 1.469889222312494304e-01 9.891381383514111780e-01 0.000000000000000000e+00 0.000000000000000000e+00 0.000000000000000000e+00 9.999999999999998890e-01
9.902914113785219463e-01 -1.390069082813326640e-01 0.000000000000000000e+00 1.390069082813326640e-01 9.902914113785219463e-01 0.000000000000000000e+00 0.000000000000000000e+00 0.000000000000000000e+00 1.000000000000000000e+00
9.914067050467241238e-01 -1.308156916749589616e-01 0.000000000000000000e+00 1.308156916749589616e-01 9.914067050467241238e-01 0.000000000000000000e+00 0.000000000000000000e+00 0.000000000000000000e+00 1.000000000000000000e+00
9.925205315989008570e-01 -1.220778208956696254e-01 0.000000000000000000e+00 1.220778208956696254e-01 9.925205315989008570e-01 0.000000000000000000e+00 0.000000000000000000e+00 0.000000000000000000e+00 9.999999999999998890e-01
9.936407891472984755e-01 -1.125965458739025538e-01 0.000000000000000000e+00 1.125965458739025538e-01 9.936407891472984755e-01 0.000000000000000000e+00 0.000000000000000000e+00 0.000000000000000000e+00 1.000000000000000000e+00
9.947011122039277620e-01 -1.028090335538140304e-01 0.000000000000000000e+00 1.028090335538140304e-01 9.947011122039277620e-01 0.000000000000000000e+00 0.000000000000000000e+00 0.000000000000000000e+00 1.000000000000000000e+00
9.957052104514636515e-01 -9.258041844691755617e-02 0.000000000000000000e+00 9.258041844691755617e-02 9.957052104514636515e-01 0.000000000000000000e+00 0.000000000000000000e+00 0.000000000000000000e+00 1.000000000000000000e+00
9.966214355355800247e-01 -8.213229712481884270e-02 0.000000000000000000e+00 8.213229712481884270e-02 9.966214355355800247e-01 0.000000000000000000e+00 0.000000000000000000e+00 0.000000000000000000e+00 1.000000000000000000e+00
9.974259547207924292e-01 -7.170400860004715049e-02 0.000000000000000000e+00 7.170400860004715049e-02 9.974259547207924292e-01 0.000000000000000000e+00 0.000000000000000000e+00 0.000000000000000000e+00 1.000000000000000000e+00
9.981140049258495628e-01 -6.138756527898033000e-02 0.000000000000000000e+00 6.138756527898033000e-02 9.981140049258495628e-01 0.000000000000000000e+00 0.000000000000000000e+00 0.000000000000000000e+00 9.999999999999998890e-01
9.986833228132042661e-01 -5.129932489591929740e-02 0.000000000000000000e+00 5.129932489591929740e-02 9.986833228132042661e-01 0.000000000000000000e+00 0.000000000000000000e+00 0.000000000000000000e+00 9.999999999999998890e-01
9.990724936580722693e-01 -4.305987013265508839e-02 0.000000000000000000e+00 4.305987013265508839e-02 9.990724936580722693e-01 0.000000000000000000e+00 0.000000000000000000e+00 0.000000000000000000e+00 9.999999999999998890e-01
9.993595233088462537e-01 -3.578467789313229813e-02 0.000000000000000000e+00 3.578467789313229813e-02 9.993595233088462537e-01 0.000000000000000000e+00 0.000000000000000000e+00 0.000000000000000000e+00 9.999999999999998890e-01
9.995722328013264546e-01 -2.924639144528856649e-02 0.000000000000000000e+00 2.924639144528856649e-02 9.995722328013264546e-01 0.000000000000000000e+00 0.000000000000000000e+00 0.000000000000000000e+00 1.000000000000000000e+00
9.997200680364612957e-01 -2.365978793592660168e-02 0.000000000000000000e+00 2.365978793592660168e-02 9.997200680364612957e-01 0.000000000000000000e+00 0.000000000000000000e+00 0.000000000000000000e+00 1.000000000000000000e+00
9.998172556553446277e-01 -1.911688504477224160e-02 0.000000000000000000e+00 1.911688504477224160e-02 9.998172556553446277e-01 0.000000000000000000e+00 0.000000000000000000e+00 0.000000000000000000e+00 1.000000000000000000e+00
9.998675611753455872e-01 -1.627452331917658701e-02 0.000000000000000000e+00 1.627452331917658701e-02 9.998675611753455872e-01 0.000000000000000000e+00 0.000000000000000000e+00 0.000000000000000000e+00 1.000000000000000000e+00
9.998779405562907563e-01 -1.562382760115468665e-02 0.000000000000000000e+00 1.562382760115468665e-02 9.998779405562907563e-01 0.000000000000000000e+00 0.000000000000000000e+00 0.000000000000000000e+00 1.000000000000000000e+00
9.998424905837292043e-01 -1.774807097476171699e-02 0.000000000000000000e+00 1.774807097476171699e-02 9.998424905837292043e-01 0.000000000000000000e+00 0.000000000000000000e+00 0.000000000000000000e+00 9.999999999999998890e-01
9.997444870198400890e-01 -2.260443924181966199e-02 0.000000000000000000e+00 2.260443924181966199e-02 9.997444870198400890e-01 0.000000000000000000e+00 0.000000000000000000e+00 0.000000000000000000e+00 1.000000000000000222e+00
9.995694947943454256e-01 -2.933982066368382574e-02 0.000000000000000000e+00 2.933982066368382574e-02 9.995694947943454256e-01 0.000000000000000000e+00 0.000000000000000000e+00 0.000000000000000000e+00 1.000000000000000000e+00
9.993103761787187622e-01 -3.713182006779892214e-02 0.000000000000000000e+00 3.713182006779892214e-02 9.993103761787187622e-01 0.000000000000000000e+00 0.000000000000000000e+00 0.000000000000000000e+00 1.000000000000000000e+00
9.989809712574224676e-01 -4.513334759994020590e-02 0.000000000000000000e+00 4.513334759994020590e-02 9.989809712574224676e-01 0.000000000000000000e+00 0.000000000000000000e+00 0.000000000000000000e+00 1.000000000000000000e+00
9.985238590480052245e-01 -5.431484982838021003e-02 0.000000000000000000e+00 5.431484982838021003e-02 9.985238590480052245e-01 0.000000000000000000e+00 0.000000000000000000e+00 0.000000000000000000e+00 1.000000000000000000e+00
9.979300869824776488e-01 -6.430817595877259818e-02 0.000000000000000000e+00 6.430817595877259818e-02 9.979300869824776488e-01 0.000000000000000000e+00 0.000000000000000000e+00 0.000000000000000000e+00 1.000000000000000000e+00
9.973382093875627907e-01 -7.291430652217692487e-02 0.000000000000000000e+00 7.291430652217692487e-02 9.973382093875627907e-01 0.000000000000000000e+00 0.000000000000000000e+00 0.000000000000000000e+00 1.000000000000000000e+00
9.968137666247193218e-01 -7.976411892223123079e-02 0.000000000000000000e+00 7.976411892223123079e-02 9.968137666247193218e-01 0.000000000000000000e+00 0.000000000000000000e+00 0.000000000000000000e+00 1.000000000000000222e+00
9.962977927874351325e-01 -8.596922755780211922e-02 0.000000000000000000e+00 8.596922755780211922e-02 9.962977927874351325e-01 0.000000000000000000e+00 0.000000000000000000e+00 0.000000000000000000e+00 1.000000000000000000e+00
9.958457219369839519e-01 -9.105656538551723522e-02 0.000000000000000000e+00 9.105656538551723522e-02 9.958457219369839519e-01 0.000000000000000000e+00 0.000000000000000000e+00 0.000000000000000000e+00 9.999999999999998890e-01
9.955040678595189485e-01 -9.471879895327149634e-02 0.000000000000000000e+00 9.471879895327149634e-02 9.955040678595189485e-01 0.000000000000000000e+00 0.000000000000000000e+00 0.000000000000000000e+00 9.999999999999998890e-01
9.953424202291559775e-01 -9.640262699930060575e-02 0.000000000000000000e+00 9.640262699930060575e-02 9.953424202291559775e-01 0.000000000000000000e+00 0.000000000000000000e+00 0.000000000000000000e+00 1.000000000000000000e+00
9.953751106279267180e-01 -9.606450511215214316e-02 0.000000000000000000e+00 9.606450511215214316e-02 9.953751106279267180e-01 0.000000000000000000e+00 0.000000000000000000e+00 0.000000000000000000e+00 1.000000000000000000e+00
9.955781204839828646e-01 -9.393724508191696188e-02 0.000000000000000000e+00 9.393724508191696188e-02 9.955781204839828646e-01 0.000000000000000000e+00 0.000000000000000000e+00 0.000000000000000000e+00 1.000000000000000000e+00
9.959198247275150573e-01 -9.024246624907814041e-02 0.000000000000000000e+00 9.024246624907814041e-02 9.959198247275150573e-01 0.000000000000000000e+00 0.000000000000000000e+00 0.000000000000000000e+00 1.000000000000000222e+00
9.963668161724349437e-01 -8.516553076453677040e-02 0.000000000000000000e+00 8.516553076453677040e-02 9.963668161724349437e-01 0.000000000000000000e+00 0.000000000000000000e+00 0.000000000000000000e+00 1.000000000000000000e+00
9.968739595084222804e-01 -7.900828345180317680e-02 0.000000000000000000e+00 7.900828345180317680e-02 9.968739595084222804e-01 0.000000000000000000e+00 0.000000000000000000e+00 0.000000000000000000e+00 1.000000000000000000e+00
9.974025343870330795e-01 -7.202905246026349018e-02 0.000000000000000000e+00 7.202905246026349018e-02 9.974025343870330795e-01 0.000000000000000000e+00 0.000000000000000000e+00 0.000000000000000000e+00 1.000000000000000000e+00
9.979952719351281587e-01 -6.328852340772224416e-02 0.000000000000000000e+00 6.328852340772224416e-02 9.979952719351281587e-01 0.000000000000000000e+00 0.000000000000000000e+00 0.000000000000000000e+00 1.000000000000000000e+00
9.986057887156710722e-01 -5.278710773998197131e-02 0.000000000000000000e+00 5.278710773998197131e-02 9.986057887156710722e-01 0.000000000000000000e+00 0.000000000000000000e+00 0.000000000000000000e+00 9.999999999999998890e-01
9.991233382051508682e-01 -4.186352892191427116e-02 0.000000000000000000e+00 4.186352892191427116e-02 9.991233382051508682e-01 0.000000000000000000e+00 0.000000000000000000e+00 0.000000000000000000e+00 1.000000000000000222e+00
9.995621070692791710e-01 -2.959043952399327201e-02 0.000000000000000000e+00 2.959043952399327201e-02 9.995621070692791710e-01 0.000000000000000000e+00 0.000000000000000000e+00 0.000000000000000000e+00 1.000000000000000000e+00
9.998549854318383723e-01 -1.702962439686283441e-02 0.000000000000000000e+00 1.702962439686283441e-02 9.998549854318383723e-01 0.000000000000000000e+00 0.000000000000000000e+00 0.000000000000000000e+00 1.000000000000000000e+00
9.999859006624012281e-01 -5.310223762342309271e-03 0.000000000000000000e+00 5.310223762342309271e-03 9.999859006624012281e-01 0.000000000000000000e+00 0.000000000000000000e+00 0.000000000000000000e+00 1.000000000000000000e+00
9.999907401872460966e-01 4.303433485469034502e-03 0.000000000000000000e+00 -4.303433485469034502e-03 9.999907401872460966e-01 -0.000000000000000000e+00 -0.000000000000000000e+00 0.000000000000000000e+00 1.000000000000000000e+00
9.999258233538645957e-01 1.217981075781327145e-02 0.000000000000000000e+00 -1.217981075781327145e-02 9.999258233538645957e-01 -0.000000000000000000e+00 -0.000000000000000000e+00 0.000000000000000000e+00 1.000000000000000000e+00
9.998254908856137879e-01 1.868121450392592683e-02 0.000000000000000000e+00 -1.868121450392592683e-02 9.998254908856137879e-01 -0.000000000000000000e+00 -0.000000000000000000e+00 0.000000000000000000e+00 1.000000000000000222e+00
9.997326934014748590e-01 2.312015882802171199e-02 0.000000000000000000e+00 -2.312015882802171199e-02 9.997326934014748590e-01 -0.000000000000000000e+00 -0.000000000000000000e+00 0.000000000000000000e+00 1.000000000000000222e+00
9.996805160844743909e-01 2.527579397524104890e-02 0.000000000000000000e+00 -2.527579397524104890e-02 9.996805160844743909e-01 -0.000000000000000000e+00 -0.000000000000000000e+00 0.000000000000000000e+00 1.000000000000000000e+00
9.996734608126500721e-01 2.555331185695452687e-02 0.000000000000000000e+00 -2.555331185695452687e-02 9.996734608126500721e-01 -0.000000000000000000e+00 -0.000000000000000000e+00 0.000000000000000000e+00 1.000000000000000000e+00
9.997106080984500265e-01 2.405618538811352125e-02 0.000000000000000000e+00 -2.405618538811352125e-02 9.997106080984500265e-01 -0.000000000000000000e+00 -0.000000000000000000e+00 0.000000000000000000e+00 1.000000000000000000e+00
9.998217462926083376e-01 1.888056250218247620e-02 0.000000000000000000e+00 -1.888056250218247620e-02 9.998217462926083376e-01 -0.000000000000000000e+00 -0.000000000000000000e+00 0.000000000000000000e+00 9.999999999999998890e-01
9.999615069257538069e-01 8.774090652334660262e-03 0.000000000000000000e+00 -8.774090652334660262e-03 9.999615069257538069e-01 -0.000000000000000000e+00 -0.000000000000000000e+00 0.000000000000000000e+00 9.999999999999998890e-01
9.999947650861641391e-01 -3.235707073761368967e-03 0.000000000000000000e+00 3.235707073761368967e-03 9.999947650861641391e-01 0.000000000000000000e+00 0.000000000000000000e+00 0.000000000000000000e+00 9.999999999999998890e-01
9.998747349059121658e-01 -1.582764975705751656e-02 0.000000000000000000e+00 1.582764975705751656e-02 9.998747349059121658e-01 0.000000000000000000e+00 0.000000000000000000e+00 0.000000000000000000e+00 1.000000000000000000e+00
9.995470537376714981e-01 -3.009464012644922151e-02 0.000000000000000000e+00 3.009464012644922151e-02 9.995470537376714981e-01 0.000000000000000000e+00 0.000000000000000000e+00 0.000000000000000000e+00 1.000000000000000000e+00
9.989795105747291126e-01 -4.516566673785131492e-02 0.000000000000000000e+00 4.516566673785131492e-02 9.989795105747291126e-01 0.000000000000000000e+00 0.000000000000000000e+00 0.000000000000000000e+00 9.999999999999998890e-01
9.981329767022043553e-01 -6.107831709859760927e-02 0.000000000000000000e+00 6.107831709859760927e-02 9.981329767022043553e-01 0.000000000000000000e+00 0.000000000000000000e+00 0.000000000000000000e+00 1.000000000000000000e+00
9.969794463260911455e-01 -7.766584579672405897e-02 0.000000000000000000e+00 7.766584579672405897e-02 9.969794463260911455e-01 0.000000000000000000e+00 0.000000000000000000e+00 0.000000000000000000e+00 9.999999999999998890e-01
9.953929156540907153e-01 -9.587983868180253999e-02 0.000000000000000000e+00 9.587983868180253999e-02 9.953929156540907153e-01 0.000000000000000000e+00 0.000000000000000000e+00 0.000000000000000000e+00 1.000000000000000222e+00
9.934439319840833171e-01 -1.143204006466222444e-01 0.000000000000000000e+00 1.143204006466222444e-01 9.934439319840833171e-01 0.000000000000000000e+00 0.000000000000000000e+00 0.000000000000000000e+00 1.000000000000000000e+00
9.914026146917883642e-01 -1.308466873187291712e-01 0.000000000000000000e+00 1.308466873187291712e-01 9.914026146917883642e-01 0.000000000000000000e+00 0.000000000000000000e+00 0.000000000000000000e+00 9.999999999999998890e-01
9.899592212872511121e-01 -1.413532461188619638e-01 0.000000000000000000e+00 1.413532461188619638e-01 9.899592212872511121e-01 0.000000000000000000e+00 0.000000000000000000e+00 0.000000000000000000e+00 1.000000000000000000e+00
9.891472482497243313e-01 -1.469276055749842436e-01 0.000000000000000000e+00 1.469276055749842436e-01 9.891472482497243313e-01 0.000000000000000000e+00 0.000000000000000000e+00 0.000000000000000000e+00 1.000000000000000000e+00
9.884756830959360308e-01 -1.513797342051519390e-01 0.000000000000000000e+00 1.513797342051519390e-01 9.884756830959360308e-01 0.000000000000000000e+00 0.000000000000000000e+00 0.000000000000000000e+00 1.000000000000000000e+00
9.883008198705861558e-01 -1.525171775346220449e-01 0.000000000000000000e+00 1.525171775346220449e-01 9.883008198705861558e-01 0.000000000000000000e+00 0.000000000000000000e+00 0.000000000000000000e+00 1.000000000000000000e+00
9.890321636622935175e-01 -1.477003021035571129e-01 0.000000000000000000e+00 1.477003021035571129e-01 9.890321636622935175e-01 0.000000000000000000e+00 0.000000000000000000e+00 0.000000000000000000e+00 9.999999999999998890e-01
9.902653195909754125e-01 -1.391926607813185890e-01 0.000000000000000000e+00 1.391926607813185890e-01 9.902653195909754125e-01 0.000000000000000000e+00 0.000000000000000000e+00 0.000000000000000000e+00 1.000000000000000000e+00
9.918652729251118405e-01 -1.272921064528096113e-01 0.000000000000000000e+00 1.272921064528096113e-01 9.918652729251118405e-01 0.000000000000000000e+00 0.000000000000000000e+00 0.000000000000000000e+00 1.000000000000000000e+00
9.939674282621159263e-01 -1.096756652771957719e-01 0.000000000000000000e+00 1.096756652771957719e-01 9.939674282621159263e-01 0.000000000000000000e+00 0.000000000000000000e+00 0.000000000000000000e+00 1.000000000000000000e+00
9.961767087051974778e-01 -8.736111854412270672e-02 0.000000000000000000e+00 8.736111854412270672e-02 9.961767087051974778e-01 0.000000000000000000e+00 0.000000000000000000e+00 0.000000000000000000e+00 1.000000000000000000e+00
9.981780046395103412e-01 -6.033797356462564793e-02 0.000000000000000000e+00 6.033797356462564793e-02 9.981780046395103412e-01 0.000000000000000000e+00 0.000000000000000000e+00 0.000000000000000000e+00 1.000000000000000000e+00
9.996906203841577909e-01 -2.487294747185313584e-02 0.000000000000000000e+00 2.487294747185313584e-02 9.996906203841577909e-01 0.000000000000000000e+00 0.000000000000000000e+00 0.000000000000000000e+00 1.000000000000000000e+00
9.998657041412326585e-01 1.638821778465139947e-02 0.000000000000000000e+00 -1.638821778465139947e-02 9.998657041412326585e-01 -0.000000000000000000e+00 -0.000000000000000000e+00 0.000000000000000000e+00 1.000000000000000000e+00
9.981908053519472634e-01 6.012583563519992291e-02 0.000000000000000000e+00 -6.012583563519992291e-02 9.981908053519472634e-01 -0.000000000000000000e+00 -0.000000000000000000e+00 0.000000000000000000e+00 1.000000000000000000e+00
9.945125695565859569e-01 1.046171543961933181e-01 0.000000000000000000e+00 -1.046171543961933181e-01 9.945125695565859569e-01 -0.000000000000000000e+00 -0.000000000000000000e+00 0.000000000000000000e+00 1.000000000000000000e+00
9.888452010679357196e-01 1.489468640989582426e-01 0.000000000000000000e+00 -1.489468640989582426e-01 9.888452010679357196e-01 -0.000000000000000000e+00 -0.000000000000000000e+00 0.000000000000000000e+00 9.999999999999998890e-01
9.826794821718523032e-01 1.853133436060671047e-01 0.000000000000000000e+00 -1.853133436060671047e-01 9.826794821718523032e-01 -0.000000000000000000e+00 -0.000000000000000000e+00 0.000000000000000000e+00 1.000000000000000000e+00
9.767438669176519150e-01 2.144094644337150857e-01 0.000000000000000000e+00 -2.144094644337150857e-01 9.767438669176519150e-01 -0.000000000000000000e+00 -0.000000000000000000e+00 0.000000000000000000e+00 1.000000000000000222e+00
9.715298840180338624e-01 2.369170413032916922e-01 0.000000000000000000e+00 -2.369170413032916922e-01 9.715298840180338624e-01 -0.000000000000000000e+00 -0.000000000000000000e+00 0.000000000000000000e+00 9.999999999999998890e-01
9.688543033859049469e-01 2.476314576353591534e-01 0.000000000000000000e+00 -2.476314576353591534e-01 9.688543033859049469e-01 -0.000000000000000000e+00 -0.000000000000000000e+00 0.000000000000000000e+00 1.000000000000000000e+00
9.662317519955426759e-01 2.576746037847429394e-01 0.000000000000000000e+00 -2.576746037847429394e-01 9.662317519955426759e-01 -0.000000000000000000e+00 -0.000000000000000000e+00 0.000000000000000000e+00 1.000000000000000000e+00
9.634626818267676418e-01 2.678426043914085009e-01 0.000000000000000000e+00 -2.678426043914085009e-01 9.634626818267676418e-01 -0.000000000000000000e+00 -0.000000000000000000e+00 0.000000000000000000e+00 9.999999999999998890e-01
9.610398832189482876e-01 2.764097372787545082e-01 0.000000000000000000e+00 -2.764097372787545082e-01 9.610398832189482876e-01 -0.000000000000000000e+00 -0.000000000000000000e+00 0.000000000000000000e+00 9.999999999999998890e-01
9.591035202302532481e-01 2.830555378047500681e-01 0.000000000000000000e+00 -2.830555378047500681e-01 9.591035202302532481e-01 -0.000000000000000000e+00 -0.000000000000000000e+00 0.000000000000000000e+00 1.000000000000000000e+00
9.579082483356821109e-01 2.870745334760034240e-01 0.000000000000000000e+00 -2.870745334760034240e-01 9.579082483356821109e-01 -0.000000000000000000e+00 -0.000000000000000000e+00 0.000000000000000000e+00 9.999999999999998890e-01
9.570967532807059808e-01 2.897685366970184084e-01 0.000000000000000000e+00 -2.897685366970184084e-01 9.570967532807059808e-01 -0.000000000000000000e+00 -0.000000000000000000e+00 0.000000000000000000e+00 1.000000000000000000e+00
9.567036627621922085e-01 2.910637415711648246e-01 0.000000000000000000e+00 -2.910637415711648246e-01 9.567036627621922085e-01 -0.000000000000000000e+00 -0.000000000000000000e+00 0.000000000000000000e+00 1.000000000000000000e+00
9.574613070482770327e-01 2.885616840562950647e-01 0.000000000000000000e+00 -2.885616840562950647e-01 9.574613070482770327e-01 -0.000000000000000000e+00 -0.000000000000000000e+00 0.000000000000000000e+00 1.000000000000000000e+00
9.587718651540430015e-01 2.841769001679016471e-01 0.000000000000000000e+00 -2.841769001679016471e-01 9.587718651540430015e-01 -0.000000000000000000e+00 -0.000000000000000000e+00 0.000000000000000000e+00 9.999999999999998890e-01
9.603552539270059363e-01 2.787790993865859601e-01 0.000000000000000000e+00 -2.787790993865859601e-01 9.603552539270059363e-01 -0.000000000000000000e+00 -0.000000000000000000e+00 0.000000000000000000e+00 1.000000000000000000e+00
9.622642607650714330e-01 2.721166890402914040e-01 0.000000000000000000e+00 -2.721166890402914040e-01 9.622642607650714330e-01 -0.000000000000000000e+00 -0.000000000000000000e+00 0.000000000000000000e+00 1.000000000000000000e+00
9.641633118151656801e-01 2.653094573316443494e-01 0.000000000000000000e+00 -2.653094573316443494e-01 9.641633118151656801e-01 -0.000000000000000000e+00 -0.000000000000000000e+00 0.000000000000000000e+00 1.000000000000000000e+00
9.659415002351333657e-01 2.587605420528790723e-01 0.000000000000000000e+00 -2.587605420528790723e-01 9.659415002351333657e-01 -0.000000000000000000e+00 -0.000000000000000000e+00 0.000000000000000000e+00 9.999999999999998890e-01
9.668405558159072211e-01 2.553807738056794174e-01 0.000000000000000000e+00 -2.553807738056794174e-01 9.668405558159072211e-01 -0.000000000000000000e+00 -0.000000000000000000e+00 0.000000000000000000e+00 1.000000000000000000e+00
9.670495399009317872e-01 2.545882703059909047e-01 0.000000000000000000e+00 -2.545882703059909047e-01 9.670495399009317872e-01 -0.000000000000000000e+00 -0.000000000000000000e+00 0.000000000000000000e+00 1.000000000000000000e+00
9.666427032677191722e-01 2.561286477910587611e-01 0.000000000000000000e+00 -2.561286477910587611e-01 9.666427032677191722e-01 -0.000000000000000000e+00 -0.000000000000000000e+00 0.000000000000000000e+00 1.000000000000000000e+00
9.655722124226002734e-01 2.601351621702169270e-01 0.000000000000000000e+00 -2.601351621702169270e-01 9.655722124226002734e-01 -0.000000000000000000e+00 -0.000000000000000000e+00 0.000000000000000000e+00 1.000000000000000000e+00
9.641074031787723042e-01 2.655125517482818109e-01 0.000000000000000000e+00 -2.655125517482818109e-01 9.641074031787723042e-01 -0.000000000000000000e+00 -0.000000000000000000e+00 0.000000000000000000e+00 9.999999999999998890e-01
9.629658636343852995e-01 2.696233400039442785e-01 0.000000000000000000e+00 -2.696233400039442785e-01 9.629658636343852995e-01 -0.000000000000000000e+00 -0.000000000000000000e+00 0.000000000000000000e+00 1.000000000000000000e+00
9.626604705326022859e-01 2.707116888387876008e-01 0.000000000000000000e+00 -2.707116888387876008e-01 9.626604705326022859e-01 -0.000000000000000000e+00 -0.000000000000000000e+00 0.000000000000000000e+00 1.000000000000000000e+00
9.635892435221116159e-01 2.673869289409723238e-01 0.000000000000000000e+00 -2.673869289409723238e-01 9.635892435221116159e-01 -0.000000000000000000e+00 -0.000000000000000000e+00 0.000000000000000000e+00 1.000000000000000000e+00
9.662741222369036764e-01 2.575156707761717123e-01 0.000000000000000000e+00 -2.575156707761717123e-01 9.662741222369036764e-01 -0.000000000000000000e+00 -0.000000000000000000e+00 0.000000000000000000e+00 1.000000000000000222e+00
9.703317540045821588e-01 2.417773504081617841e-01 0.000000000000000000e+00 -2.417773504081617841e-01 9.703317540045821588e-01 -0.000000000000000000e+00 -0.000000000000000000e+00 0.000000000000000000e+00 1.000000000000000000e+00
9.750255122924091911e-01 2.220928868264918643e-01 0.000000000000000000e+00 -2.220928868264918643e-01 9.750255122924091911e-01 -0.000000000000000000e+00 -0.000000000000000000e+00 0.000000000000000000e+00 1.000000000000000000e+00
9.796263034264459657e-01 2.008290457952648933e-01 0.000000000000000000e+00 -2.008290457952648933e-01 9.796263034264459657e-01 -0.000000000000000000e+00 -0.000000000000000000e+00 0.000000000000000000e+00 9.999999999999998890e-01
9.838985641327853138e-01 1.787277692398231699e-01 0.000000000000000000e+00 -1.787277692398231699e-01 9.838985641327853138e-01 -0.000000000000000000e+00 -0.000000000000000000e+00 0.000000000000000000e+00 1.000000000000000000e+00
9.874511513714659960e-01 1.579247404783880038e-01 0.000000000000000000e+00 -1.579247404783880038e-01 9.874511513714659960e-01 -0.000000000000000000e+00 -0.000000000000000000e+00 0.000000000000000000e+00 1.000000000000000000e+00
9.901630644821655114e-01 1.399182108779521427e-01 0.000000000000000000e+00 -1.399182108779521427e-01 9.901630644821655114e-01 -0.000000000000000000e+00 -0.000000000000000000e+00 0.000000000000000000e+00 1.000000000000000000e+00
9.921175320032336042e-01 1.253108243202179506e-01 0.000000000000000000e+00 -1.253108243202179506e-01 9.921175320032336042e-01 -0.000000000000000000e+00 -0.000000000000000000e+00 0.000000000000000000e+00 1.000000000000000000e+00
9.936303850516761127e-01 1.126883219417965237e-01 0.000000000000000000e+00 -1.126883219417965237e-01 9.936303850516761127e-01 -0.000000000000000000e+00 -0.000000000000000000e+00 0.000000000000000000e+00 1.000000000000000000e+00
9.947078133119184873e-01 1.027441781135136623e-01 0.000000000000000000e+00 -1.027441781135136623e-01 9.947078133119184873e-01 -0.000000000000000000e+00 -0.000000000000000000e+00 0.000000000000000000e+00 1.000000000000000000e+00
9.955089745560151693e-01 9.466721490796729810e-02 0.000000000000000000e+00 -9.466721490796729810e-02 9.955089745560151693e-01 -0.000000000000000000e+00 -0.000000000000000000e+00 0.000000000000000000e+00 1.000000000000000000e+00
9.961979554551050331e-01 8.711850289730965757e-02 0.000000000000000000e+00 -8.711850289730965757e-02 9.961979554551050331e-01 -0.000000000000000000e+00 -0.000000000000000000e+00 0.000000000000000000e+00 1.000000000000000000e+00
9.968088272416468776e-01 7.982582247075693804e-02 0.000000000000000000e+00 -7.982582247075693804e-02 9.968088272416468776e-01 -0.000000000000000000e+00 -0.000000000000000000e+00 0.000000000000000000e+00 1.000000000000000000e+00
9.972300580776700674e-01 7.437883614581905500e-02 0.000000000000000000e+00 -7.437883614581905500e-02 9.972300580776700674e-01 -0.000000000000000000e+00 -0.000000000000000000e+00 0.000000000000000000e+00 1.000000000000000000e+00
9.974243255327659430e-01 7.172666753381772009e-02 0.000000000000000000e+00 -7.172666753381772009e-02 9.974243255327659430e-01 -0.000000000000000000e+00 -0.000000000000000000e+00 0.000000000000000000e+00 1.000000000000000000e+00
9.975758846381078682e-01 6.958702744403331975e-02 0.000000000000000000e+00 -6.958702744403331975e-02 9.975758846381078682e-01 -0.000000000000000000e+00 -0.000000000000000000e+00 0.000000000000000000e+00 1.000000000000000000e+00
9.977174202635652467e-01 6.752739668176337140e-02 0.000000000000000000e+00 -6.752739668176337140e-02 9.977174202635652467e-01 -0.000000000000000000e+00 -0.000000000000000000e+00 0.000000000000000000e+00 1.000000000000000000e+00
9.977170908669316107e-01 6.753226334150826127e-02 0.000000000000000000e+00 -6.753226334150826127e-02 9.977170908669316107e-01 -0.000000000000000000e+00 -0.000000000000000000e+00 0.000000000000000000e+00 9.999999999999998890e-01
9.976478680270307597e-01 6.854729331724278285e-02 0.000000000000000000e+00 -6.854729331724278285e-02 9.976478680270307597e-01 -0.000000000000000000e+00 -0.000000000000000000e+00 0.000000000000000000e+00 9.999999999999998890e-01
9.975001682837537631e-01 7.066409465834048997e-02 0.000000000000000000e+00 -7.066409465834048997e-02 9.975001682837537631e-01 -0.000000000000000000e+00 -0.000000000000000000e+00 0.000000000000000000e+00 9.999999999999998890e-01
9.971750206195827415e-01 7.511310306687322969e-02 0.000000000000000000e+00 -7.511310306687322969e-02 9.971750206195827415e-01 -0.000000000000000000e+00 -0.000000000000000000e+00 0.000000000000000000e+00 9.999999999999998890e-01
9.965394656905773862e-01 8.312095596862610625e-02 0.000000000000000000e+00 -8.312095596862610625e-02 9.965394656905773862e-01 -0.000000000000000000e+00 -0.000000000000000000e+00 0.000000000000000000e+00 9.999999999999998890e-01
9.956488391942803773e-01 9.318470373984240329e-02 0.000000000000000000e+00 -9.318470373984240329e-02 9.956488391942803773e-01 -0.000000000000000000e+00 -0.000000000000000000e+00 0.000000000000000000e+00 1.000000000000000000e+00
9.941885546352582370e-01 1.076527650934065439e-01 0.000000000000000000e+00 -1.076527650934065439e-01 9.941885546352582370e-01 -0.000000000000000000e+00 -0.000000000000000000e+00 0.000000000000000000e+00 1.000000000000000000e+00
9.914801587653154780e-01 1.302578012047828360e-01 0.000000000000000000e+00 -1.302578012047828360e-01 9.914801587653154780e-01 -0.000000000000000000e+00 -0.000000000000000000e+00 0.000000000000000000e+00 1.000000000000000000e+00
9.870912678713418265e-01 1.601587615216444049e-01 0.000000000000000000e+00 -1.601587615216444049e-01 9.870912678713418265e-01 -0.000000000000000000e+00 -0.000000000000000000e+00 0.000000000000000000e+00 1.000000000000000000e+00
9.806954096226281337e-01 1.955415903205909300e-01 0.000000000000000000e+00 -1.955415903205909300e-01 9.806954096226281337e-01 -0.000000000000000000e+00 -0.000000000000000000e+00 0.000000000000000000e+00 1.000000000000000000e+00
9.728579701224557841e-01 2.314030465858543384e-01 0.000000000000000000e+00 -2.314030465858543384e-01 9.728579701224557841e-01 -0.000000000000000000e+00 -0.000000000000000000e+00 0.000000000000000000e+00 1.000000000000000000e+00
9.641536115663562612e-01 2.653447065677999595e-01 0.000000000000000000e+00 -2.653447065677999595e-01 9.641536115663562612e-01 -0.000000000000000000e+00 -0.000000000000000000e+00 0.000000000000000000e+00 1.000000000000000000e+00
9.550313274067859792e-01 2.965049134021766064e-01 0.000000000000000000e+00 -2.965049134021766064e-01 9.550313274067859792e-01 -0.000000000000000000e+00 -0.000000000000000000e+00 0.000000000000000000e+00 9.999999999999998890e-01
9.455534820352764491e-01 3.254667611461484200e-01 0.000000000000000000e+00 -3.254667611461484200e-01 9.455534820352764491e-01 -0.000000000000000000e+00 -0.000000000000000000e+00 0.000000000000000000e+00 1.000000000000000000e+00
9.357711438422096073e-01 3.526079499277388618e-01 0.000000000000000000e+00 -3.526079499277388618e-01 9.357711438422096073e-01 -0.000000000000000000e+00 -0.000000000000000000e+00 0.000000000000000000e+00 1.000000000000000000e+00
9.266222774893940750e-01 3.759935569399668887e-01 0.000000000000000000e+00 -3.759935569399668887e-01 9.266222774893940750e-01 -0.000000000000000000e+00 -0.000000000000000000e+00 0.000000000000000000e+00 9.999999999999998890e-01
9.198535552019186934e-01 3.922619494449987032e-01 0.000000000000000000e+00 -3.922619494449987032e-01 9.198535552019186934e-01 -0.000000000000000000e+00 -0.000000000000000000e+00 0.000000000000000000e+00 1.000000000000000000e+00
9.165729867243497253e-01 3.998674280398503145e-01 0.000000000000000000e+00 -3.998674280398503145e-01 9.165729867243497253e-01 -0.000000000000000000e+00 -0.000000000000000000e+00 0.000000000000000000e+00 1.000000000000000000e+00
9.151981256269891007e-01 4.030042069865351073e-01 0.000000000000000000e+00 -4.030042069865351073e-01 9.151981256269891007e-01 -0.000000000000000000e+00 -0.000000000000000000e+00 0.000000000000000000e+00 1.000000000000000000e+00
9.153984182979441053e-01 4.025490476670166573e-01 0.000000000000000000e+00 -4.025490476670166573e-01 9.153984182979441053e-01 -0.000000000000000000e+00 -0.000000000000000000e+00 0.000000000000000000e+00 9.999999999999998890e-01
9.181970277784683443e-01 3.961239934399161111e-01 0.000000000000000000e+00 -3.961239934399161111e-01 9.181970277784683443e-01 -0.000000000000000000e+00 -0.000000000000000000e+00 0.000000000000000000e+00 1.000000000000000000e+00
9.232388836827827294e-01 3.842264484079268572e-01 0.000000000000000000e+00 -3.842264484079268572e-01 9.232388836827827294e-01 -0.000000000000000000e+00 -0.000000000000000000e+00 0.000000000000000000e+00 1.000000000000000000e+00
9.297345292248861970e-01 3.682305054812534117e-01 0.000000000000000000e+00 -3.682305054812534117e-01 9.297345292248861970e-01 -0.000000000000000000e+00 -0.000000000000000000e+00 0.000000000000000000e+00 1.000000000000000000e+00
9.376009962544095133e-01 3.477130596091246861e-01 0.000000000000000000e+00 -3.477130596091246861e-01 9.376009962544095133e-01 -0.000000000000000000e+00 -0.000000000000000000e+00 0.000000000000000000e+00 9.999999999999998890e-01
9.461399165591676264e-01 3.237580242919257945e-01 0.000000000000000000e+00 -3.237580242919257945e-01 9.461399165591676264e-01 -0.000000000000000000e+00 -0.000000000000000000e+00 0.000000000000000000e+00 9.999999999999998890e-01
9.546947355141612856e-01 2.975868982020977715e-01 0.000000000000000000e+00 -2.975868982020977715e-01 9.546947355141612856e-01 -0.000000000000000000e+00 -0.000000000000000000e+00 0.000000000000000000e+00 1.000000000000000000e+00
9.626946101944870993e-01 2.705902575897448648e-01 0.000000000000000000e+00 -2.705902575897448648e-01 9.626946101944870993e-01 -0.000000000000000000e+00 -0.000000000000000000e+00 0.000000000000000000e+00 1.000000000000000000e+00
9.704487375205446131e-01 2.413073721310254049e-01 0.000000000000000000e+00 -2.413073721310254049e-01 9.704487375205446131e-01 -0.000000000000000000e+00 -0.000000000000000000e+00 0.000000000000000000e+00 1.000000000000000000e+00
9.780637662441027391e-01 2.083057108204215968e-01 0.000000000000000000e+00 -2.083057108204215968e-01 9.780637662441027391e-01 -0.000000000000000000e+00 -0.000000000000000000e+00 0.000000000000000000e+00 1.000000000000000000e+00
9.856225727314325002e-01 1.689619605777355205e-01 0.000000000000000000e+00 -1.689619605777355205e-01 9.856225727314325002e-01 -0.000000000000000000e+00 -0.000000000000000000e+00 0.000000000000000000e+00 1.000000000000000000e+00
9.921606980942181409e-01 1.249685926830959998e-01 0.000000000000000000e+00 -1.249685926830959998e-01 9.921606980942181409e-01 -0.000000000000000000e+00 -0.000000000000000000e+00 0.000000000000000000e+00 1.000000000000000000e+00
9.968772668156179462e-01 7.896654295474049567e-02 0.000000000000000000e+00 -7.896654295474049567e-02 9.968772668156179462e-01 -0.000000000000000000e+00 -0.000000000000000000e+00 0.000000000000000000e+00 9.999999999999998890e-01
9.994124742066916589e-01 3.427399013915406745e-02 0.000000000000000000e+00 -3.427399013915406745e-02 9.994124742066916589e-01 -0.000000000000000000e+00 -0.000000000000000000e+00 0.000000000000000000e+00 1.000000000000000000e+00
9.999824734685727190e-01 -5.920536772552768834e-03 0.000000000000000000e+00 5.920536772552768834e-03 9.999824734685727190e-01 0.000000000000000000e+00 0.000000000000000000e+00 0.000000000000000000e+00 1.000000000000000000e+00
9.992387785858427574e-01 -3.901106727933950635e-02 0.000000000000000000e+00 3.901106727933950635e-02 9.992387785858427574e-01 0.000000000000000000e+00 0.000000000000000000e+00 0.000000000000000000e+00 1.000000000000000000e+00
9.979932300674957402e-01 -6.332071335231809206e-02 0.000000000000000000e+00 6.332071335231809206e-02 9.979932300674957402e-01 0.000000000000000000e+00 0.000000000000000000e+00 0.000000000000000000e+00 9.999999999999998890e-01
9.968814242471514264e-01 -7.891404178579830564e-02 0.000000000000000000e+00 7.891404178579830564e-02 9.968814242471514264e-01 0.000000000000000000e+00 0.000000000000000000e+00 0.000000000000000000e+00 9.999999999999998890e-01
9.962274837343986222e-01 -8.678018582734652042e-02 0.000000000000000000e+00 8.678018582734652042e-02 9.962274837343986222e-01 0.000000000000000000e+00 0.000000000000000000e+00 0.000000000000000000e+00 1.000000000000000222e+00
9.960909238114904474e-01 -8.833386383698771382e-02 0.000000000000000000e+00 8.833386383698771382e-02 9.960909238114904474e-01 0.000000000000000000e+00 0.000000000000000000e+00 0.000000000000000000e+00 9.999999999999998890e-01
9.960393079169310715e-01 -8.891398700070130001e-02 0.000000000000000000e+00 8.891398700070130001e-02 9.960393079169310715e-01 0.000000000000000000e+00 0.000000000000000000e+00 0.000000000000000000e+00 9.999999999999998890e-01
9.962356998519578122e-01 -8.668581395176420956e-02 0.000000000000000000e+00 8.668581395176420956e-02 9.962356998519578122e-01 0.000000000000000000e+00 0.000000000000000000e+00 0.000000000000000000e+00 1.000000000000000000e+00
9.967918864157256920e-01 -8.003708625243047270e-02 0.000000000000000000e+00 8.003708625243047270e-02 9.967918864157256920e-01 0.000000000000000000e+00 0.000000000000000000e+00 0.000000000000000000e+00 1.000000000000000000e+00
9.974249556663916660e-01 -7.171790441651672288e-02 0.000000000000000000e+00 7.171790441651672288e-02 9.974249556663916660e-01 0.000000000000000000e+00 0.000000000000000000e+00 0.000000000000000000e+00 1.000000000000000000e+00
9.981281214862425255e-01 -6.115760867091294545e-02 0.000000000000000000e+00 6.115760867091294545e-02 9.981281214862425255e-01 0.000000000000000000e+00 0.000000000000000000e+00 0.000000000000000000e+00 1.000000000000000000e+00
9.987787174567207549e-01 -4.940722169387799095e-02 0.000000000000000000e+00 4.940722169387799095e-02 9.987787174567207549e-01 0.000000000000000000e+00 0.000000000000000000e+00 0.000000000000000000e+00 1.000000000000000000e+00
9.992283260659854394e-01 -3.927788674774667504e-02 0.000000000000000000e+00 3.927788674774667504e-02 9.992283260659854394e-01 0.000000000000000000e+00 0.000000000000000000e+00 0.000000000000000000e+00 1.000000000000000000e+00
9.995275719353584609e-01 -3.073488150305581784e-02 0.000000000000000000e+00 3.073488150305581784e-02 9.995275719353584609e-01 0.000000000000000000e+00 0.000000000000000000e+00 0.000000000000000000e+00 1.000000000000000000e+00
9.997872378712059360e-01 -2.062714206730079797e-02 0.000000000000000000e+00 2.062714206730079797e-02 9.997872378712059360e-01 0.000000000000000000e+00 0.000000000000000000e+00 0.000000000000000000e+00 9.999999999999998890e-01
9.999672698909721769e-01 -8.090682715052194621e-03 0.000000000000000000e+00 8.090682715052194621e-03 9.999672698909721769e-01 0.000000000000000000e+00 0.000000000000000000e+00 0.000000000000000000e+00 1.000000000000000000e+00
9.999762572274476513e-01 6.890934725086665658e-03 0.000000000000000000e+00 -6.890934725086665658e-03 9.999762572274476513e-01 -0.000000000000000000e+00 -0.000000000000000000e+00 0.000000000000000000e+00 9.999999999999998890e-01
9.997368975806062430e-01 2.293764625902695170e-02 0.000000000000000000e+00 -2.293764625902695170e-02 9.997368975806062430e-01 -0.000000000000000000e+00 -0.000000000000000000e+00 0.000000000000000000e+00 1.000000000000000000e+00
9.992166637611891167e-01 3.957346158675851405e-02 0.000000000000000000e+00 -3.957346158675851405e-02 9.992166637611891167e-01 -0.000000000000000000e+00 -0.000000000000000000e+00 0.000000000000000000e+00 9.999999999999998890e-01
9.983035425097771531e-01 5.822402435790263037e-02 0.000000000000000000e+00 -5.822402435790263037e-02 9.983035425097771531e-01 -0.000000000000000000e+00 -0.000000000000000000e+00 0.000000000000000000e+00 1.000000000000000000e+00
9.969994429697167648e-01 7.740872507718145334e-02 0.000000000000000000e+00 -7.740872507718145334e-02 9.969994429697167648e-01 -0.000000000000000000e+00 -0.000000000000000000e+00 0.000000000000000000e+00 1.000000000000000000e+00
9.956976521909427502e-01 9.266167180363339695e-02 0.000000000000000000e+00 -9.266167180363339695e-02 9.956976521909427502e-01 -0.000000000000000000e+00 -0.000000000000000000e+00 0.000000000000000000e+00 9.999999999999998890e-01
9.946974478903570782e-01 1.028444804567096166e-01 0.000000000000000000e+00 -1.028444804567096166e-01 9.946974478903570782e-01 -0.000000000000000000e+00 -0.000000000000000000e+00 0.000000000000000000e+00 1.000000000000000000e+00
9.944562643858877449e-01 1.051510257851323848e-01 0.000000000000000000e+00 -1.051510257851323848e-01 9.944562643858877449e-01 -0.000000000000000000e+00 -0.000000000000000000e+00 0.000000000000000000e+00 1.000000000000000222e+00
9.948307498790711634e-01 1.015469305052832116e-01 0.000000000000000000e+00 -1.015469305052832116e-01 9.948307498790711634e-01 -0.000000000000000000e+00 -0.000000000000000000e+00 0.000000000000000000e+00 1.000000000000000000e+00
9.956238494854183774e-01 9.345132602503210262e-02 0.000000000000000000e+00 -9.345132602503210262e-02 9.956238494854183774e-01 -0.000000000000000000e+00 -0.000000000000000000e+00 0.000000000000000000e+00 1.000000000000000000e+00
9.966784595459090568e-01 8.143738869336300534e-02 0.000000000000000000e+00 -8.143738869336300534e-02 9.966784595459090568e-01 -0.000000000000000000e+00 -0.000000000000000000e+00 0.000000000000000000e+00 1.000000000000000000e+00
9.977233995279388701e-01 6.743899490956956067e-02 0.000000000000000000e+00 -6.743899490956956067e-02 9.977233995279388701e-01 -0.000000000000000000e+00 -0.000000000000000000e+00 0.000000000000000000e+00 1.000000000000000000e+00
9.984883157243553686e-01 5.496438266677807633e-02 0.000000000000000000e+00 -5.496438266677807633e-02 9.984883157243553686e-01 -0.000000000000000000e+00 -0.000000000000000000e+00 0.000000000000000000e+00 1.000000000000000000e+00
9.989813092293103880e-01 4.512586631293724615e-02 0.000000000000000000e+00 -4.512586631293724615e-02 9.989813092293103880e-01 -0.000000000000000000e+00 -0.000000000000000000e+00 0.000000000000000000e+00 1.000000000000000000e+00
9.993308319234142090e-01 3.657715635826619405e-02 0.000000000000000000e+00 -3.657715635826619405e-02 9.993308319234142090e-01 -0.000000000000000000e+00 -0.000000000000000000e+00 0.000000000000000000e+00 1.000000000000000000e+00
9.996355980141182762e-01 2.699391010869189519e-02 0.000000000000000000e+00 -2.699391010869189519e-02 9.996355980141182762e-01 -0.000000000000000000e+00 -0.000000000000000000e+00 0.000000000000000000e+00 1.000000000000000000e+00
9.998693345853659764e-01 1.616520200360988327e-02 0.000000000000000000e+00 -1.616520200360988327e-02 9.998693345853659764e-01 -0.000000000000000000e+00 -0.000000000000000000e+00 0.000000000000000000e+00 1.000000000000000000e+00
9.999889577577069089e-01 4.699400244169764547e-03 0.000000000000000000e+00 -4.699400244169764547e-03 9.999889577577069089e-01 -0.000000000000000000e+00 -0.000000000000000000e+00 0.000000000000000000e+00 9.999999999999998890e-01
9.999817323042224926e-01 -6.044423698454078585e-03 0.000000000000000000e+00 6.044423698454078585e-03 9.999817323042224926e-01 0.000000000000000000e+00 0.000000000000000000e+00 0.000000000000000000e+00 1.000000000000000000e+00
9.998500891541336477e-01 -1.731471104208893302e-02 0.000000000000000000e+00 1.731471104208893302e-02 9.998500891541336477e-01 0.000000000000000000e+00 0.000000000000000000e+00 0.000000000000000000e+00 1.000000000000000000e+00
9.995702300084802205e-01 -2.931476216505753130e-02 0.000000000000000000e+00 2.931476216505753130e-02 9.995702300084802205e-01 0.000000000000000000e+00 0.000000000000000000e+00 0.000000000000000000e+00 9.999999999999998890e-01
9.991093246692043239e-01 -4.219665104064897893e-02 0.000000000000000000e+00 4.219665104064897893e-02 9.991093246692043239e-01 0.000000000000000000e+00 0.000000000000000000e+00 0.000000000000000000e+00 9.999999999999998890e-01
9.983917863734553810e-01 -5.669074794021281699e-02 0.000000000000000000e+00 5.669074794021281699e-02 9.983917863734553810e-01 0.000000000000000000e+00 0.000000000000000000e+00 0.000000000000000000e+00 1.000000000000000000e+00
9.970964837833772298e-01 -7.614855236198138366e-02 0.000000000000000000e+00 7.614855236198138366e-02 9.970964837833772298e-01 0.000000000000000000e+00 0.000000000000000000e+00 0.000000000000000000e+00 1.000000000000000000e+00
9.948532519709410993e-01 -1.013262406429989576e-01 0.000000000000000000e+00 1.013262406429989576e-01 9.948532519709410993e-01 0.000000000000000000e+00 0.000000000000000000e+00 0.000000000000000000e+00 9.999999999999998890e-01
9.911852244687618940e-01 -1.324833981856228249e-01 0.000000000000000000e+00 1.324833981856228249e-01 9.911852244687618940e-01 0.000000000000000000e+00 0.000000000000000000e+00 0.000000000000000000e+00 1.000000000000000000e+00
9.858038810443229272e-01 -1.679008877819012646e-01 0.000000000000000000e+00 1.679008877819012646e-01 9.858038810443229272e-01 0.000000000000000000e+00 0.000000000000000000e+00 0.000000000000000000e+00 1.000000000000000000e+00
9.780380719271221102e-01 -2.084263175826829850e-01 0.000000000000000000e+00 2.084263175826829850e-01 9.780380719271221102e-01 0.000000000000000000e+00 0.000000000000000000e+00 0.000000000000000000e+00 9.999999999999998890e-01
9.679475697229910081e-01 -2.511523487195672644e-01 0.000000000000000000e+00 2.511523487195672644e-01 9.679475697229910081e-01 0.000000000000000000e+00 0.000000000000000000e+00 0.000000000000000000e+00 9.999999999999998890e-01
9.556540456266899852e-01 -2.944916723395419322e-01 0.000000000000000000e+00 2.944916723395419322e-01 9.556540456266899852e-01 0.000000000000000000e+00 0.000000000000000000e+00 0.000000000000000000e+00 1.000000000000000000e+00
9.410205210032080991e-01 -3.383494924643020707e-01 0.000000000000000000e+00 3.383494924643020707e-01 9.410205210032080991e-01 0.000000000000000000e+00 0.000000000000000000e+00 0.000000000000000000e+00 1.000000000000000000e+00
9.239979048225563929e-01 -3.823975312204905830e-01 0.000000000000000000e+00 3.823975312204905830e-01 9.239979048225563929e-01 0.000000000000000000e+00 0.000000000000000000e+00 0.000000000000000000e+00 1.000000000000000000e+00
9.056096732945715377e-01 -4.241121545479442090e-01 0.000000000000000000e+00 4.241121545479442090e-01 9.056096732945715377e-01 0.000000000000000000e+00 0.000000000000000000e+00 0.000000000000000000e+00 1.000000000000000000e+00
8.854314615681023737e-01 -4.647699719919245465e-01 0.000000000000000000e+00 4.647699719919245465e-01 8.854314615681023737e-01 0.000000000000000000e+00 0.000000000000000000e+00 0.000000000000000000e+00 1.000000000000000222e+00
8.635862214278633431e-01 -5.042011881778396543e-01 0.000000000000000000e+00 5.042011881778396543e-01 8.635862214278633431e-01 0.000000000000000000e+00 0.000000000000000000e+00 0.000000000000000000e+00 1.000000000000000000e+00
8.402167349387061890e-01 -5.422507153789101197e-01 0.000000000000000000e+00 5.422507153789101197e-01 8.402167349387061890e-01 0.000000000000000000e+00 0.000000000000000000e+00 0.000000000000000000e+00 1.000000000000000000e+00
8.149575499506460652e-01 -5.795206569039970113e-01 0.000000000000000000e+00 5.795206569039970113e-01 8.149575499506460652e-01 0.000000000000000000e+00 0.000000000000000000e+00 0.000000000000000000e+00 1.000000000000000000e+00
7.881427298847283325e-01 -6.154925160632322978e-01 0.000000000000000000e+00 6.154925160632322978e-01 7.881427298847283325e-01 0.000000000000000000e+00 0.000000000000000000e+00 0.000000000000000000e+00 1.000000000000000000e+00
7.609799993703343368e-01 -6.487753390491394212e-01 0.000000000000000000e+00 6.487753390491394212e-01 7.609799993703343368e-01 0.000000000000000000e+00 0.000000000000000000e+00 0.000000000000000000e+00 1.000000000000000000e+00
7.338460663976682508e-01 -6.793157961012455948e-01 0.000000000000000000e+00 6.793157961012455948e-01 7.338460663976682508e-01 0.000000000000000000e+00 0.000000000000000000e+00 0.000000000000000000e+00 1.000000000000000000e+00
7.070262813648953149e-01 -7.071872718448261042e-01 0.000000000000000000e+00 7.071872718448261042e-01 7.070262813648953149e-01 0.000000000000000000e+00 0.000000000000000000e+00 0.000000000000000000e+00 1.000000000000000000e+00
6.813535844146283438e-01 -7.319544336947060303e-01 0.000000000000000000e+00 7.319544336947060303e-01 6.813535844146283438e-01 0.000000000000000000e+00 0.000000000000000000e+00 0.000000000000000000e+00 1.000000000000000000e+00
6.570150012566466913e-01 -7.538775020676294902e-01 0.000000000000000000e+00 7.538775020676294902e-01 6.570150012566466913e-01 0.000000000000000000e+00 0.000000000000000000e+00 0.000000000000000000e+00 1.000000000000000000e+00
6.340198182437450924e-01 -7.733167980033592848e-01 0.000000000000000000e+00 7.733167980033592848e-01 6.340198182437450924e-01 0.000000000000000000e+00 0.000000000000000000e+00 0.000000000000000000e+00 1.000000000000000000e+00
6.111780101371422358e-01 -7.914931711169739259e-01 0.000000000000000000e+00 7.914931711169739259e-01 6.111780101371422358e-01 0.000000000000000000e+00 0.000000000000000000e+00 0.000000000000000000e+00 1.000000000000000000e+00
5.877346340588176510e-01 -8.090537682550819065e-01 0.000000000000000000e+00 8.090537682550819065e-01 5.877346340588176510e-01 0.000000000000000000e+00 0.000000000000000000e+00 0.000000000000000000e+00 1.000000000000000000e+00
5.673487301301796126e-01 -8.234776368667656721e-01 0.000000000000000000e+00 8.234776368667656721e-01 5.673487301301796126e-01 0.000000000000000000e+00 0.000000000000000000e+00 0.000000000000000000e+00 1.000000000000000000e+00
5.530797086591505707e-01 -8.331283429757441183e-01 0.000000000000000000e+00 8.331283429757441183e-01 5.530797086591505707e-01 0.000000000000000000e+00 0.000000000000000000e+00 0.000000000000000000e+00 1.000000000000000000e+00
5.458170869794892743e-01 -8.379043546618101246e-01 0.000000000000000000e+00 8.379043546618101246e-01 5.458170869794892743e-01 0.000000000000000000e+00 0.000000000000000000e+00 0.000000000000000000e+00 9.999999999999998890e-01
5.440702851357192005e-01 -8.390396443746489519e-01 0.000000000000000000e+00 8.390396443746489519e-01 5.440702851357192005e-01 0.000000000000000000e+00 0.000000000000000000e+00 0.000000000000000000e+00 1.000000000000000000e+00
5.454752724123753671e-01 -8.381269159182546113e-01 0.000000000000000000e+00 8.381269159182546113e-01 5.454752724123753671e-01 0.000000000000000000e+00 0.000000000000000000e+00 0.000000000000000000e+00 1.000000000000000000e+00
5.481572724011560815e-01 -8.363752774405307511e-01 0.000000000000000000e+00 8.363752774405307511e-01 5.481572724011560815e-01 0.000000000000000000e+00 0.000000000000000000e+00 0.000000000000000000e+00 1.000000000000000000e+00
5.505284160522843084e-01 -8.348164248018620226e-01 0.000000000000000000e+00 8.348164248018620226e-01 5.505284160522843084e-01 0.000000000000000000e+00 0.000000000000000000e+00 0.000000000000000000e+00 1.000000000000000000e+00
5.493702747766551209e-01 -8.355790215125211695e-01 0.000000000000000000e+00 8.355790215125211695e-01 5.493702747766551209e-01 0.000000000000000000e+00 0.000000000000000000e+00 0.000000000000000000e+00 1.000000000000000000e+00
5.441565601159483734e-01 -8.389836935738250734e-01 0.000000000000000000e+00 8.389836935738250734e-01 5.441565601159483734e-01 0.000000000000000000e+00 0.000000000000000000e+00 0.000000000000000000e+00 1.000000000000000000e+00
5.336243027842531017e-01 -8.457216465705603703e-01 0.000000000000000000e+00 8.457216465705603703e-01 5.336243027842531017e-01 0.000000000000000000e+00 0.000000000000000000e+00 0.000000000000000000e+00 1.000000000000000000e+00
5.181775099762080394e-01 -8.552730956570869791e-01 0.000000000000000000e+00 8.552730956570869791e-01 5.181775099762080394e-01 0.000000000000000000e+00 0.000000000000000000e+00 0.000000000000000000e+00 1.000000000000000000e+00
4.996838755972247137e-01 -8.662078413799643162e-01 0.000000000000000000e+00 8.662078413799643162e-01 4.996838755972247137e-01 0.000000000000000000e+00 0.000000000000000000e+00 0.000000000000000000e+00 1.000000000000000000e+00
4.787309806502893506e-01 -8.779616439034294562e-01 0.000000000000000000e+00 8.779616439034294562e-01 4.787309806502893506e-01 0.000000000000000000e+00 0.000000000000000000e+00 0.000000000000000000e+00 1.000000000000000000e+00
4.559178927689679917e-01 -8.900218396495132023e-01 0.000000000000000000e+00 8.900218396495132023e-01 4.559178927689679917e-01 0.000000000000000000e+00 0.000000000000000000e+00 0.000000000000000000e+00 1.000000000000000000e+00
4.330695155714087696e-01 -9.013605242536115725e-01 0.000000000000000000e+00 9.013605242536115725e-01 4.330695155714087696e-01 0.000000000000000000e+00 0.000000000000000000e+00 0.000000000000000000e+00 1.000000000000000000e+00
4.104163791191590693e-01 -9.118982376069814100e-01 0.000000000000000000e+00 9.118982376069814100e-01 4.104163791191590693e-01 0.000000000000000000e+00 0.000000000000000000e+00 0.000000000000000000e+00 1.000000000000000000e+00
3.877381044667764787e-01 -9.217695820238976934e-01 0.000000000000000000e+00 9.217695820238976934e-01 3.877381044667764787e-01 0.000000000000000000e+00 0.000000000000000000e+00 0.000000000000000000e+00 1.000000000000000000e+00
3.660527431585697267e-01 -9.305941055186659483e-01 0.000000000000000000e+00 9.305941055186659483e-01 3.660527431585697267e-01 0.000000000000000000e+00 0.000000000000000000e+00 0.000000000000000000e+00 9.999999999999998890e-01
3.465420895150906344e-01 -9.380344237790608775e-01 0.000000000000000000e+00 9.380344237790608775e-01 3.465420895150906344e-01 0.000000000000000000e+00 0.000000000000000000e+00 0.000000000000000000e+00 1.000000000000000000e+00
3.298623067689281374e-01 -9.440290560004398479e-01 0.000000000000000000e+00 9.440290560004398479e-01 3.298623067689281374e-01 0.000000000000000000e+00 0.000000000000000000e+00 0.000000000000000000e+00 1.000000000000000000e+00
3.165892672648408790e-01 -9.485627210958225142e-01 0.000000000000000000e+00 9.485627210958225142e-01 3.165892672648408790e-01 0.000000000000000000e+00 0.000000000000000000e+00 0.000000000000000000e+00 1.000000000000000000e+00
3.025578818596069142e-01 -9.531310130955912285e-01 0.000000000000000000e+00 9.531310130955912285e-01 3.025578818596069142e-01 0.000000000000000000e+00 0.000000000000000000e+00 0.000000000000000000e+00 1.000000000000000000e+00
2.869994136904839288e-01 -9.579307576966711313e-01 0.000000000000000000e+00 9.579307576966711313e-01 2.869994136904839288e-01 0.000000000000000000e+00 0.000000000000000000e+00 0.000000000000000000e+00 1.000000000000000000e+00
2.691575668542088295e-01 -9.630961552228946010e-01 0.000000000000000000e+00 9.630961552228946010e-01 2.691575668542088295e-01 0.000000000000000000e+00 0.000000000000000000e+00 0.000000000000000000e+00 1.000000000000000000e+00
2.484190107011950421e-01 -9.686526700124454825e-01 0.000000000000000000e+00 9.686526700124454825e-01 2.484190107011950421e-01 0.000000000000000000e+00 0.000000000000000000e+00 0.000000000000000000e+00 1.000000000000000000e+00
2.255861864867936828e-01 -9.742232149083420722e-01 0.000000000000000000e+00 9.742232149083420722e-01 2.255861864867936828e-01 0.000000000000000000e+00 0.000000000000000000e+00 0.000000000000000000e+00 1.000000000000000222e+00
2.023434407858627493e-01 -9.793146235867908889e-01 0.000000000000000000e+00 9.793146235867908889e-01 2.023434407858627493e-01 0.000000000000000000e+00 0.000000000000000000e+00 0.000000000000000000e+00 9.999999999999998890e-01
1.802047081976397291e-01 -9.836291288607730277e-01 0.000000000000000000e+00 9.836291288607730277e-01 1.802047081976397291e-01 0.000000000000000000e+00 0.000000000000000000e+00 0.000000000000000000e+00 1.000000000000000000e+00
1.604841764535808735e-01 -9.870384131876610567e-01 0.000000000000000000e+00 9.870384131876610567e-01 1.604841764535808735e-01 0.000000000000000000e+00 0.000000000000000000e+00 0.000000000000000000e+00 1.000000000000000000e+00
1.432993922316579960e-01 -9.896793845412955593e-01 0.000000000000000000e+00 9.896793845412955593e-01 1.432993922316579960e-01 0.000000000000000000e+00 0.000000000000000000e+00 0.000000000000000000e+00 1.000000000000000000e+00
2.220446049250313081e-16 -1.000000000000000000e+00 0.000000000000000000e+00 1.000000000000000000e+00 2.220446049250313081e-16 0.000000000000000000e+00 0.000000000000000000e+00 0.000000000000000000e+00 1.000000000000000000e+00
2.220446049250313081e-16 -1.000000000000000000e+00 0.000000000000000000e+00 1.000000000000000000e+00 2.220446049250313081e-16 0.000000000000000000e+00 0.000000000000000000e+00 0.000000000000000000e+00 1.000000000000000000e+00
2.220446049250313081e-16 -1.000000000000000000e+00 0.000000000000000000e+00 1.000000000000000000e+00 2.220446049250313081e-16 0.000000000000000000e+00 0.000000000000000000e+00 0.000000000000000000e+00 1.000000000000000000e+00
2.220446049250313081e-16 -1.000000000000000000e+00 0.000000000000000000e+00 1.000000000000000000e+00 2.220446049250313081e-16 0.000000000000000000e+00 0.000000000000000000e+00 0.000000000000000000e+00 1.000000000000000000e+00
2.220446049250313081e-16 -1.000000000000000000e+00 0.000000000000000000e+00 1.000000000000000000e+00 2.220446049250313081e-16 0.000000000000000000e+00 0.000000000000000000e+00 0.000000000000000000e+00 1.000000000000000000e+00
2.220446049250313081e-16 -1.000000000000000000e+00 0.000000000000000000e+00 1.000000000000000000e+00 2.220446049250313081e-16 0.000000000000000000e+00 0.000000000000000000e+00 0.000000000000000000e+00 1.000000000000000000e+00
1.382953525996791777e-01 -9.903910315876909287e-01 0.000000000000000000e+00 9.903910315876909287e-01 1.382953525996791777e-01 0.000000000000000000e+00 0.000000000000000000e+00 0.000000000000000000e+00 1.000000000000000000e+00
1.526398889045412766e-01 -9.882818749300268379e-01 0.000000000000000000e+00 9.882818749300268379e-01 1.526398889045412766e-01 0.000000000000000000e+00 0.000000000000000000e+00 0.000000000000000000e+00 1.000000000000000000e+00
1.716511858114735944e-01 -9.851577895999782397e-01 0.000000000000000000e+00 9.851577895999782397e-01 1.716511858114735944e-01 0.000000000000000000e+00 0.000000000000000000e+00 0.000000000000000000e+00 1.000000000000000000e+00
1.925685748312556678e-01 -9.812835186567944179e-01 0.000000000000000000e+00 9.812835186567944179e-01 1.925685748312556678e-01 0.000000000000000000e+00 0.000000000000000000e+00 0.000000000000000000e+00 1.000000000000000000e+00
2.100886483820047501e-01 -9.776823409579527002e-01 0.000000000000000000e+00 9.776823409579527002e-01 2.100886483820047501e-01 0.000000000000000000e+00 0.000000000000000000e+00 0.000000000000000000e+00 1.000000000000000000e+00
2.264557002332442393e-01 -9.740214657962477096e-01 0.000000000000000000e+00 9.740214657962477096e-01 2.264557002332442393e-01 0.000000000000000000e+00 0.000000000000000000e+00 0.000000000000000000e+00 9.999999999999998890e-01
2.519400005611482918e-01 -9.677428564020756907e-01 0.000000000000000000e+00 9.677428564020756907e-01 2.519400005611482918e-01 0.000000000000000000e+00 0.000000000000000000e+00 0.000000000000000000e+00 1.000000000000000000e+00
2.942941649865136178e-01 -9.557148865926965442e-01 0.000000000000000000e+00 9.557148865926965442e-01 2.942941649865136178e-01 0.000000000000000000e+00 0.000000000000000000e+00 0.000000000000000000e+00 1.000000000000000000e+00
3.470824443297220174e-01 -9.378346212622487021e-01 0.000000000000000000e+00 9.378346212622487021e-01 3.470824443297220174e-01 0.000000000000000000e+00 0.000000000000000000e+00 0.000000000000000000e+00 1.000000000000000000e+00
3.974809238280320733e-01 -9.176104376001911200e-01 0.000000000000000000e+00 9.176104376001911200e-01 3.974809238280320733e-01 0.000000000000000000e+00 0.000000000000000000e+00 0.000000000000000000e+00 1.000000000000000000e+00
4.449906631584557015e-01 -8.955352085215845248e-01 0.000000000000000000e+00 8.955352085215845248e-01 4.449906631584557015e-01 0.000000000000000000e+00 0.000000000000000000e+00 0.000000000000000000e+00 1.000000000000000000e+00
4.888596804812265773e-01 -8.723624320199677706e-01 0.000000000000000000e+00 8.723624320199677706e-01 4.888596804812265773e-01 0.000000000000000000e+00 0.000000000000000000e+00 0.000000000000000000e+00 9.999999999999997780e-01
5.279619039352519971e-01 -8.492680542638254559e-01 0.000000000000000000e+00 8.492680542638254559e-01 5.279619039352519971e-01 0.000000000000000000e+00 0.000000000000000000e+00 0.000000000000000000e+00 1.000000000000000000e+00
5.630096814905338753e-01 -8.264503001075912403e-01 0.000000000000000000e+00 8.264503001075912403e-01 5.630096814905338753e-01 0.000000000000000000e+00 0.000000000000000000e+00 0.000000000000000000e+00 1.000000000000000000e+00
5.965936452554730929e-01 -8.025434707483370955e-01 0.000000000000000000e+00 8.025434707483370955e-01 5.965936452554730929e-01 0.000000000000000000e+00 0.000000000000000000e+00 0.000000000000000000e+00 1.000000000000000222e+00
6.294940234089210218e-01 -7.770053246229711164e-01 0.000000000000000000e+00 7.770053246229711164e-01 6.294940234089210218e-01 0.000000000000000000e+00 0.000000000000000000e+00 0.000000000000000000e+00 1.000000000000000000e+00
6.636769758795839635e-01 -7.480192990072715986e-01 0.000000000000000000e+00 7.480192990072715986e-01 6.636769758795839635e-01 0.000000000000000000e+00 0.000000000000000000e+00 0.000000000000000000e+00 1.000000000000000000e+00
7.006235990922853318e-01 -7.135310591662933355e-01 0.000000000000000000e+00 7.135310591662933355e-01 7.006235990922853318e-01 0.000000000000000000e+00 0.000000000000000000e+00 0.000000000000000000e+00 1.000000000000000000e+00
7.383971418156181077e-01 -6.743661178903680442e-01 0.000000000000000000e+00 6.743661178903680442e-01 7.383971418156181077e-01 0.000000000000000000e+00 0.000000000000000000e+00 0.000000000000000000e+00 1.000000000000000000e+00
7.755187033370996019e-01 -6.313245922458142756e-01 0.000000000000000000e+00 6.313245922458142756e-01 7.755187033370996019e-01 0.000000000000000000e+00 0.000000000000000000e+00 0.000000000000000000e+00 1.000000000000000000e+00
8.113714684778920994e-01 -5.845308718451309726e-01 0.000000000000000000e+00 5.845308718451309726e-01 8.113714684778920994e-01 0.000000000000000000e+00 0.000000000000000000e+00 0.000000000000000000e+00 1.000000000000000000e+00
8.442760476402477732e-01 -5.359085326629554613e-01 0.000000000000000000e+00 5.359085326629554613e-01 8.442760476402477732e-01 0.000000000000000000e+00 0.000000000000000000e+00 0.000000000000000000e+00 1.000000000000000000e+00
8.733234686902047184e-01 -4.871407589546467021e-01 0.000000000000000000e+00 4.871407589546467021e-01 8.733234686902047184e-01 0.000000000000000000e+00 0.000000000000000000e+00 0.000000000000000000e+00 1.000000000000000000e+00
8.981923083654309581e-01 -4.396027493012052978e-01 0.000000000000000000e+00 4.396027493012052978e-01 8.981923083654309581e-01 0.000000000000000000e+00 0.000000000000000000e+00 0.000000000000000000e+00 9.999999999999998890e-01
9.190269564524952139e-01 -3.941946896061175321e-01 0.000000000000000000e+00 3.941946896061175321e-01 9.190269564524952139e-01 0.000000000000000000e+00 0.000000000000000000e+00 0.000000000000000000e+00 9.999999999999998890e-01
9.361217216083644876e-01 -3.516761611667638121e-01 0.000000000000000000e+00 3.516761611667638121e-01 9.361217216083644876e-01 0.000000000000000000e+00 0.000000000000000000e+00 0.000000000000000000e+00 9.999999999999998890e-01
9.495021237545434589e-01 -3.137606045787320608e-01 0.000000000000000000e+00 3.137606045787320608e-01 9.495021237545434589e-01 0.000000000000000000e+00 0.000000000000000000e+00 0.000000000000000000e+00 9.999999999999998890e-01
9.596206284471520132e-01 -2.812974394812243206e-01 0.000000000000000000e+00 2.812974394812243206e-01 9.596206284471520132e-01 0.000000000000000000e+00 0.000000000000000000e+00 0.000000000000000000e+00 1.000000000000000000e+00
9.670757077213111286e-01 -2.544888514951594294e-01 0.000000000000000000e+00 2.544888514951594294e-01 9.670757077213111286e-01 0.000000000000000000e+00 0.000000000000000000e+00 0.000000000000000000e+00 1.000000000000000000e+00
9.717618866415865808e-01 -2.359636320935585840e-01 0.000000000000000000e+00 2.359636320935585840e-01 9.717618866415865808e-01 0.000000000000000000e+00 0.000000000000000000e+00 0.000000000000000000e+00 1.000000000000000000e+00
9.735947765529304743e-01 -2.282831817476913272e-01 0.000000000000000000e+00 2.282831817476913272e-01 9.735947765529304743e-01 0.000000000000000000e+00 0.000000000000000000e+00 0.000000000000000000e+00 1.000000000000000000e+00
9.735427023436911131e-01 -2.285051568637858355e-01 0.000000000000000000e+00 2.285051568637858355e-01 9.735427023436911131e-01 0.000000000000000000e+00 0.000000000000000000e+00 0.000000000000000000e+00 1.000000000000000000e+00
9.717927365236403991e-01 -2.358365477187415460e-01 0.000000000000000000e+00 2.358365477187415460e-01 9.717927365236403991e-01 0.000000000000000000e+00 0.000000000000000000e+00 0.000000000000000000e+00 9.999999999999998890e-01
9.684185686187323228e-01 -2.493300542542870313e-01 0.000000000000000000e+00 2.493300542542870313e-01 9.684185686187323228e-01 0.000000000000000000e+00 0.000000000000000000e+00 0.000000000000000000e+00 1.000000000000000000e+00
9.630858449719437164e-01 -2.691944561365951505e-01 0.000000000000000000e+00 2.691944561365951505e-01 9.630858449719437164e-01 0.000000000000000000e+00 0.000000000000000000e+00 0.000000000000000000e+00 1.000000000000000000e+00
9.567707009777104421e-01 -2.908433010241435746e-01 0.000000000000000000e+00 2.908433010241435746e-01 9.567707009777104421e-01 0.000000000000000000e+00 0.000000000000000000e+00 0.000000000000000000e+00 1.000000000000000000e+00
9.498508392197181349e-01 -3.127033470137431381e-01 0.000000000000000000e+00 3.127033470137431381e-01 9.498508392197181349e-01 0.000000000000000000e+00 0.000000000000000000e+00 0.000000000000000000e+00 1.000000000000000222e+00
9.429449813407830838e-01 -3.329485878694040113e-01 0.000000000000000000e+00 3.329485878694040113e-01 9.429449813407830838e-01 0.000000000000000000e+00 0.000000000000000000e+00 0.000000000000000000e+00 1.000000000000000000e+00
9.364415186317730511e-01 -3.508237195268000819e-01 0.000000000000000000e+00 3.508237195268000819e-01 9.364415186317730511e-01 0.000000000000000000e+00 0.000000000000000000e+00 0.000000000000000000e+00 1.000000000000000222e+00
9.313251187473323700e-01 -3.641888564883161150e-01 0.000000000000000000e+00 3.641888564883161150e-01 9.313251187473323700e-01 0.000000000000000000e+00 0.000000000000000000e+00 0.000000000000000000e+00 1.000000000000000000e+00
9.287123631898481779e-01 -3.708009526124864119e-01 0.000000000000000000e+00 3.708009526124864119e-01 9.287123631898481779e-01 0.000000000000000000e+00 0.000000000000000000e+00 0.000000000000000000e+00 1.000000000000000000e+00
9.288670755773563714e-01 -3.704132231823936694e-01 0.000000000000000000e+00 3.704132231823936694e-01 9.288670755773563714e-01 0.000000000000000000e+00 0.000000000000000000e+00 0.000000000000000000e+00 1.000000000000000000e+00
9.316318517702688595e-01 -3.634034848031867382e-01 0.000000000000000000e+00 3.634034848031867382e-01 9.316318517702688595e-01 0.000000000000000000e+00 0.000000000000000000e+00 0.000000000000000000e+00 1.000000000000000000e+00
9.362389548849024967e-01 -3.513639414567540920e-01 0.000000000000000000e+00 3.513639414567540920e-01 9.362389548849024967e-01 0.000000000000000000e+00 0.000000000000000000e+00 0.000000000000000000e+00 9.999999999999998890e-01
9.424711579449766008e-01 -3.342874757478284664e-01 0.000000000000000000e+00 3.342874757478284664e-01 9.424711579449766008e-01 0.000000000000000000e+00 0.000000000000000000e+00 0.000000000000000000e+00 1.000000000000000000e+00
9.500538933111215556e-01 -3.120858853014343293e-01 0.000000000000000000e+00 3.120858853014343293e-01 9.500538933111215556e-01 0.000000000000000000e+00 0.000000000000000000e+00 0.000000000000000000e+00 1.000000000000000000e+00
9.582090910187870403e-01 -2.860687642664783148e-01 0.000000000000000000e+00 2.860687642664783148e-01 9.582090910187870403e-01 0.000000000000000000e+00 0.000000000000000000e+00 0.000000000000000000e+00 1.000000000000000000e+00
9.667941451344794768e-01 -2.555564143857304571e-01 0.000000000000000000e+00 2.555564143857304571e-01 9.667941451344794768e-01 0.000000000000000000e+00 0.000000000000000000e+00 0.000000000000000000e+00 1.000000000000000000e+00
9.752012901332803851e-01 -2.213197770701607059e-01 0.000000000000000000e+00 2.213197770701607059e-01 9.752012901332803851e-01 0.000000000000000000e+00 0.000000000000000000e+00 0.000000000000000000e+00 1.000000000000000000e+00
9.830511852462633371e-01 -1.833313044352128107e-01 0.000000000000000000e+00 1.833313044352128107e-01 9.830511852462633371e-01 0.000000000000000000e+00 0.000000000000000000e+00 0.000000000000000000e+00 1.000000000000000000e+00
9.898275627223942497e-01 -1.422722603849558287e-01 0.000000000000000000e+00 1.422722603849558287e-01 9.898275627223942497e-01 0.000000000000000000e+00 0.000000000000000000e+00 0.000000000000000000e+00 1.000000000000000000e+00
9.953822657516516736e-01 -9.599033819665600542e-02 0.000000000000000000e+00 9.599033819665600542e-02 9.953822657516516736e-01 0.000000000000000000e+00 0.000000000000000000e+00 0.000000000000000000e+00 1.000000000000000000e+00
9.989982665751682145e-01 -4.474889249812797481e-02 0.000000000000000000e+00 4.474889249812797481e-02 9.989982665751682145e-01 0.000000000000000000e+00 0.000000000000000000e+00 0.000000000000000000e+00 1.000000000000000000e+00
9.999470140116037964e-01 1.029413275984793034e-02 0.000000000000000000e+00 -1.029413275984793034e-02 9.999470140116037964e-01 -0.000000000000000000e+00 -0.000000000000000000e+00 0.000000000000000000e+00 1.000000000000000000e+00
9.976680863162756818e-01 6.825239589948782493e-02 0.000000000000000000e+00 -6.825239589948782493e-02 9.976680863162756818e-01 -0.000000000000000000e+00 -0.000000000000000000e+00 0.000000000000000000e+00 1.000000000000000000e+00
9.915921989639125966e-01 1.294021288615936627e-01 0.000000000000000000e+00 -1.294021288615936627e-01 9.915921989639125966e-01 -0.000000000000000000e+00 -0.000000000000000000e+00 0.000000000000000000e+00 1.000000000000000000e+00
9.817297035588193888e-01 1.902808165588761591e-01 0.000000000000000000e+00 -1.902808165588761591e-01 9.817297035588193888e-01 -0.000000000000000000e+00 -0.000000000000000000e+00 0.000000000000000000e+00 1.000000000000000000e+00
9.689053364464587093e-01 2.474317057403405962e-01 0.000000000000000000e+00 -2.474317057403405962e-01 9.689053364464587093e-01 -0.000000000000000000e+00 -0.000000000000000000e+00 0.000000000000000000e+00 9.999999999999998890e-01
9.532248479743665737e-01 3.022621200287027854e-01 0.000000000000000000e+00 -3.022621200287027854e-01 9.532248479743665737e-01 -0.000000000000000000e+00 -0.000000000000000000e+00 0.000000000000000000e+00 1.000000000000000000e+00
9.352081074300421237e-01 3.540985679117027440e-01 0.000000000000000000e+00 -3.540985679117027440e-01 9.352081074300421237e-01 -0.000000000000000000e+00 -0.000000000000000000e+00 0.000000000000000000e+00 9.999999999999998890e-01
9.167557526334157991e-01 3.994482319569573336e-01 0.000000000000000000e+00 -3.994482319569573336e-01 9.167557526334157991e-01 -0.000000000000000000e+00 -0.000000000000000000e+00 0.000000000000000000e+00 1.000000000000000000e+00
8.994063436019706925e-01 4.371135196817114155e-01 0.000000000000000000e+00 -4.371135196817114155e-01 8.994063436019706925e-01 -0.000000000000000000e+00 -0.000000000000000000e+00 0.000000000000000000e+00 1.000000000000000000e+00
8.846833932047497573e-01 4.661923356166746135e-01 0.000000000000000000e+00 -4.661923356166746135e-01 8.846833932047497573e-01 -0.000000000000000000e+00 -0.000000000000000000e+00 0.000000000000000000e+00 1.000000000000000000e+00
8.712054377072836475e-01 4.909186137327250510e-01 0.000000000000000000e+00 -4.909186137327250510e-01 8.712054377072836475e-01 -0.000000000000000000e+00 -0.000000000000000000e+00 0.000000000000000000e+00 1.000000000000000000e+00
8.589676207938639063e-01 5.120299077473196014e-01 0.000000000000000000e+00 -5.120299077473196014e-01 8.589676207938639063e-01 -0.000000000000000000e+00 -0.000000000000000000e+00 0.000000000000000000e+00 1.000000000000000000e+00
8.472592616854686121e-01 5.311795774389248548e-01 0.000000000000000000e+00 -5.311795774389248548e-01 8.472592616854686121e-01 -0.000000000000000000e+00 -0.000000000000000000e+00 0.000000000000000000e+00 1.000000000000000000e+00
8.348881264558247750e-01 5.504196728888628432e-01 0.000000000000000000e+00 -5.504196728888628432e-01 8.348881264558247750e-01 -0.000000000000000000e+00 -0.000000000000000000e+00 0.000000000000000000e+00 1.000000000000000000e+00
8.212455888635864509e-01 5.705748704351610856e-01 0.000000000000000000e+00 -5.705748704351610856e-01 8.212455888635864509e-01 -0.000000000000000000e+00 -0.000000000000000000e+00 0.000000000000000000e+00 9.999999999999998890e-01
8.052811094517703383e-01 5.928931900099089214e-01 0.000000000000000000e+00 -5.928931900099089214e-01 8.052811094517703383e-01 -0.000000000000000000e+00 -0.000000000000000000e+00 0.000000000000000000e+00 1.000000000000000000e+00
7.876272839008329196e-01 6.161519793484371288e-01 0.000000000000000000e+00 -6.161519793484371288e-01 7.876272839008329196e-01 -0.000000000000000000e+00 -0.000000000000000000e+00 0.000000000000000000e+00 1.000000000000000222e+00
7.689092470172005367e-01 6.393579356287381055e-01 0.000000000000000000e+00 -6.393579356287381055e-01 7.689092470172005367e-01 -0.000000000000000000e+00 -0.000000000000000000e+00 0.000000000000000000e+00 1.000000000000000000e+00
7.491594807371889653e-01 6.623896681120450269e-01 0.000000000000000000e+00 -6.623896681120450269e-01 7.491594807371889653e-01 -0.000000000000000000e+00 -0.000000000000000000e+00 0.000000000000000000e+00 9.999999999999998890e-01
7.271886379242733511e-01 6.864376773413883859e-01 0.000000000000000000e+00 -6.864376773413883859e-01 7.271886379242733511e-01 -0.000000000000000000e+00 -0.000000000000000000e+00 0.000000000000000000e+00 1.000000000000000000e+00
7.024050522704726740e-01 7.117774529618891011e-01 0.000000000000000000e+00 -7.117774529618891011e-01 7.024050522704726740e-01 -0.000000000000000000e+00 -0.000000000000000000e+00 0.000000000000000000e+00 9.999999999999998890e-01
6.759828029355703372e-01 7.369173970909969063e-01 0.000000000000000000e+00 -7.369173970909969063e-01 6.759828029355703372e-01 -0.000000000000000000e+00 -0.000000000000000000e+00 0.000000000000000000e+00 1.000000000000000000e+00
6.493215813715713658e-01 7.605139604012025600e-01 0.000000000000000000e+00 -7.605139604012025600e-01 6.493215813715713658e-01 -0.000000000000000000e+00 -0.000000000000000000e+00 0.000000000000000000e+00 1.000000000000000000e+00
6.232850399471012715e-01 7.819947307866852437e-01 0.000000000000000000e+00 -7.819947307866852437e-01 6.232850399471012715e-01 -0.000000000000000000e+00 -0.000000000000000000e+00 0.000000000000000000e+00 1.000000000000000000e+00
5.987236540557346887e-01 8.009556704800514515e-01 0.000000000000000000e+00 -8.009556704800514515e-01 5.987236540557346887e-01 -0.000000000000000000e+00 -0.000000000000000000e+00 0.000000000000000000e+00 9.999999999999998890e-01
5.763150536171149918e-01 8.172276053672575813e-01 0.000000000000000000e+00 -8.172276053672575813e-01 5.763150536171149918e-01 -0.000000000000000000e+00 -0.000000000000000000e+00 0.000000000000000000e+00 1.000000000000000000e+00
5.559994315573100199e-01 8.311826707216338761e-01 0.000000000000000000e+00 -8.311826707216338761e-01 5.559994315573100199e-01 -0.000000000000000000e+00 -0.000000000000000000e+00 0.000000000000000000e+00 1.000000000000000000e+00
5.376780303283902329e-01 8.431502450347638788e-01 0.000000000000000000e+00 -8.431502450347638788e-01 5.376780303283902329e-01 -0.000000000000000000e+00 -0.000000000000000000e+00 0.000000000000000000e+00 9.999999999999998890e-01
5.226508912901359771e-01 8.525467997908539042e-01 0.000000000000000000e+00 -8.525467997908539042e-01 5.226508912901359771e-01 -0.000000000000000000e+00 -0.000000000000000000e+00 0.000000000000000000e+00 1.000000000000000000e+00
5.119392889621099396e-01 8.590216321007110301e-01 0.000000000000000000e+00 -8.590216321007110301e-01 5.119392889621099396e-01 -0.000000000000000000e+00 -0.000000000000000000e+00 0.000000000000000000e+00 1.000000000000000000e+00
5.045946718638645301e-01 8.633563673979587350e-01 0.000000000000000000e+00 -8.633563673979587350e-01 5.045946718638645301e-01 -0.000000000000000000e+00 -0.000000000000000000e+00 0.000000000000000000e+00 1.000000000000000000e+00
4.994139765432161204e-01 8.663634803206400337e-01 0.000000000000000000e+00 -8.663634803206400337e-01 4.994139765432161204e-01 -0.000000000000000000e+00 -0.000000000000000000e+00 0.000000000000000000e+00 1.000000000000000000e+00
4.931734877452462751e-01 8.699309805870747425e-01 0.000000000000000000e+00 -8.699309805870747425e-01 4.931734877452462751e-01 -0.000000000000000000e+00 -0.000000000000000000e+00 0.000000000000000000e+00 1.000000000000000000e+00
4.843773351228087831e-01 8.748591870805989545e-01 0.000000000000000000e+00 -8.748591870805989545e-01 4.843773351228087831e-01 -0.000000000000000000e+00 -0.000000000000000000e+00 0.000000000000000000e+00 1.000000000000000000e+00
4.726299813914445758e-01 8.812609719543482711e-01 0.000000000000000000e+00 -8.812609719543482711e-01 4.726299813914445758e-01 -0.000000000000000000e+00 -0.000000000000000000e+00 0.000000000000000000e+00 1.000000000000000000e+00
4.569902694335912785e-01 8.894716935591674423e-01 0.000000000000000000e+00 -8.894716935591674423e-01 4.569902694335912785e-01 -0.000000000000000000e+00 -0.000000000000000000e+00 0.000000000000000000e+00 1.000000000000000000e+00
4.376045945617358934e-01 8.991675143255892788e-01 0.000000000000000000e+00 -8.991675143255892788e-01 4.376045945617358934e-01 -0.000000000000000000e+00 -0.000000000000000000e+00 0.000000000000000000e+00 1.000000000000000000e+00
4.157485502548487477e-01 9.094796000796233626e-01 0.000000000000000000e+00 -9.094796000796233626e-01 4.157485502548487477e-01 -0.000000000000000000e+00 -0.000000000000000000e+00 0.000000000000000000e+00 1.000000000000000000e+00
3.938230627546184248e-01 9.191862679797668800e-01 0.000000000000000000e+00 -9.191862679797668800e-01 3.938230627546184248e-01 -0.000000000000000000e+00 -0.000000000000000000e+00 0.000000000000000000e+00 1.000000000000000000e+00
3.725928440442765055e-01 9.279949205502137088e-01 0.000000000000000000e+00 -9.279949205502137088e-01 3.725928440442765055e-01 -0.000000000000000000e+00 -0.000000000000000000e+00 0.000000000000000000e+00 1.000000000000000000e+00
3.529613725061749863e-01 9.356378944434419198e-01 0.000000000000000000e+00 -9.356378944434419198e-01 3.529613725061749863e-01 -0.000000000000000000e+00 -0.000000000000000000e+00 0.000000000000000000e+00 1.000000000000000000e+00
3.360662207458622319e-01 9.418383594192760722e-01 0.000000000000000000e+00 -9.418383594192760722e-01 3.360662207458622319e-01 -0.000000000000000000e+00 -0.000000000000000000e+00 0.000000000000000000e+00 1.000000000000000000e+00
3.220120851193198908e-01 9.467355581349568006e-01 0.000000000000000000e+00 -9.467355581349568006e-01 3.220120851193198908e-01 -0.000000000000000000e+00 -0.000000000000000000e+00 0.000000000000000000e+00 1.000000000000000000e+00
3.129863598426904647e-01 9.497576209499042355e-01 0.000000000000000000e+00 -9.497576209499042355e-01 3.129863598426904647e-01 -0.000000000000000000e+00 -0.000000000000000000e+00 0.000000000000000000e+00 1.000000000000000000e+00
3.072473582710330553e-01 9.516296868191278513e-01 0.000000000000000000e+00 -9.516296868191278513e-01 3.072473582710330553e-01 -0.000000000000000000e+00 -0.000000000000000000e+00 0.000000000000000000e+00 1.000000000000000000e+00
3.032824819072943989e-01 9.529006958587823428e-01 0.000000000000000000e+00 -9.529006958587823428e-01 3.032824819072943989e-01 -0.000000000000000000e+00 -0.000000000000000000e+00 0.000000000000000000e+00 1.000000000000000000e+00
3.009678460685461521e-01 9.536342882011216160e-01 0.000000000000000000e+00 -9.536342882011216160e-01 3.009678460685461521e-01 -0.000000000000000000e+00 -0.000000000000000000e+00 0.000000000000000000e+00 1.000000000000000000e+00
2.974823627749699217e-01 9.547273138639226220e-01 0.000000000000000000e+00 -9.547273138639226220e-01 2.974823627749699217e-01 -0.000000000000000000e+00 -0.000000000000000000e+00 0.000000000000000000e+00 1.000000000000000000e+00
2.896255996952180056e-01 9.571400169260426694e-01 0.000000000000000000e+00 -9.571400169260426694e-01 2.896255996952180056e-01 -0.000000000000000000e+00 -0.000000000000000000e+00 0.000000000000000000e+00 1.000000000000000000e+00
2.777058054464576764e-01 9.606661676260562777e-01 0.000000000000000000e+00 -9.606661676260562777e-01 2.777058054464576764e-01 -0.000000000000000000e+00 -0.000000000000000000e+00 0.000000000000000000e+00 1.000000000000000000e+00
2.613615185264432927e-01 9.652409837100535128e-01 0.000000000000000000e+00 -9.652409837100535128e-01 2.613615185264432927e-01 -0.000000000000000000e+00 -0.000000000000000000e+00 0.000000000000000000e+00 1.000000000000000000e+00
2.430866346034694092e-01 9.700045814722523252e-01 0.000000000000000000e+00 -9.700045814722523252e-01 2.430866346034694092e-01 -0.000000000000000000e+00 -0.000000000000000000e+00 0.000000000000000000e+00 1.000000000000000000e+00
2.249392048626435159e-01 9.743728003776386259e-01 0.000000000000000000e+00 -9.743728003776386259e-01 2.249392048626435159e-01 -0.000000000000000000e+00 -0.000000000000000000e+00 0.000000000000000000e+00 1.000000000000000000e+00
2.099425973990877159e-01 9.777137136183191579e-01 0.000000000000000000e+00 -9.777137136183191579e-01 2.099425973990877159e-01 -0.000000000000000000e+00 -0.000000000000000000e+00 0.000000000000000000e+00 1.000000000000000000e+00
1.972248539022826153e-01 9.803582799177161800e-01 0.000000000000000000e+00 -9.803582799177161800e-01 1.972248539022826153e-01 -0.000000000000000000e+00 -0.000000000000000000e+00 0.000000000000000000e+00 9.999999999999998890e-01
1.869091335725482361e-01 9.823772064676373761e-01 0.000000000000000000e+00 -9.823772064676373761e-01 1.869091335725482361e-01 -0.000000000000000000e+00 -0.000000000000000000e+00 0.000000000000000000e+00 9.999999999999998890e-01
1.783281874448394144e-01 9.839710654092621578e-01 0.000000000000000000e+00 -9.839710654092621578e-01 1.783281874448394144e-01 -0.000000000000000000e+00 -0.000000000000000000e+00 0.000000000000000000e+00 1.000000000000000000e+00
1.718016603386738339e-01 9.851315594908504059e-01 0.000000000000000000e+00 -9.851315594908504059e-01 1.718016603386738339e-01 -0.000000000000000000e+00 -0.000000000000000000e+00 0.000000000000000000e+00 1.000000000000000000e+00
1.681442557715165376e-01 9.857623999986216967e-01 0.000000000000000000e+00 -9.857623999986216967e-01 1.681442557715165376e-01 -0.000000000000000000e+00 -0.000000000000000000e+00 0.000000000000000000e+00 1.000000000000000000e+00
1.665729103782777609e-01 9.860291403037286795e-01 0.000000000000000000e+00 -9.860291403037286795e-01 1.665729103782777609e-01 -0.000000000000000000e+00 -0.000000000000000000e+00 0.000000000000000000e+00 1.000000000000000000e+00
1.659650391668331393e-01 9.861316371430091099e-01 0.000000000000000000e+00 -9.861316371430091099e-01 1.659650391668331393e-01 -0.000000000000000000e+00 -0.000000000000000000e+00 0.000000000000000000e+00 9.999999999999998890e-01
1.656118356463553432e-01 9.861910159263491682e-01 0.000000000000000000e+00 -9.861910159263491682e-01 1.656118356463553432e-01 -0.000000000000000000e+00 -0.000000000000000000e+00 0.000000000000000000e+00 1.000000000000000000e+00
1.649218574400936332e-01 9.863066363654406921e-01 0.000000000000000000e+00 -9.863066363654406921e-01 1.649218574400936332e-01 -0.000000000000000000e+00 -0.000000000000000000e+00 0.000000000000000000e+00 1.000000000000000000e+00
1.640639258631987341e-01 9.864497089210146896e-01 0.000000000000000000e+00 -9.864497089210146896e-01 1.640639258631987341e-01 -0.000000000000000000e+00 -0.000000000000000000e+00 0.000000000000000000e+00 9.999999999999998890e-01
1.650284097162187935e-01 9.862888136780907367e-01 0.000000000000000000e+00 -9.862888136780907367e-01 1.650284097162187935e-01 -0.000000000000000000e+00 -0.000000000000000000e+00 0.000000000000000000e+00 9.999999999999998890e-01
1.650228493344908509e-01 9.862897440395119730e-01 0.000000000000000000e+00 -9.862897440395119730e-01 1.650228493344908509e-01 -0.000000000000000000e+00 -0.000000000000000000e+00 0.000000000000000000e+00 1.000000000000000000e+00
1.645448267738753301e-01 9.863696061730387044e-01 0.000000000000000000e+00 -9.863696061730387044e-01 1.645448267738753301e-01 -0.000000000000000000e+00 -0.000000000000000000e+00 0.000000000000000000e+00 1.000000000000000000e+00
1.645852699456186730e-01 9.863628586463136783e-01 0.000000000000000000e+00 -9.863628586463136783e-01 1.645852699456186730e-01 -0.000000000000000000e+00 -0.000000000000000000e+00 0.000000000000000000e+00 1.000000000000000000e+00
1.667360087324281093e-01 9.860015737269284264e-01 0.000000000000000000e+00 -9.860015737269284264e-01 1.667360087324281093e-01 -0.000000000000000000e+00 -0.000000000000000000e+00 0.000000000000000000e+00 1.000000000000000000e+00
1.725694534454945139e-01 9.849973521474680860e-01 0.000000000000000000e+00 -9.849973521474680860e-01 1.725694534454945139e-01 -0.000000000000000000e+00 -0.000000000000000000e+00 0.000000000000000000e+00 1.000000000000000000e+00
1.835767471511306481e-01 9.830053804051175348e-01 0.000000000000000000e+00 -9.830053804051175348e-01 1.835767471511306481e-01 -0.000000000000000000e+00 -0.000000000000000000e+00 0.000000000000000000e+00 1.000000000000000000e+00
1.989144621599243101e-01 9.800168553364927426e-01 0.000000000000000000e+00 -9.800168553364927426e-01 1.989144621599243101e-01 -0.000000000000000000e+00 -0.000000000000000000e+00 0.000000000000000000e+00 1.000000000000000000e+00
2.213460823465833727e-01 9.751953198358878083e-01 0.000000000000000000e+00 -9.751953198358878083e-01 2.213460823465833727e-01 -0.000000000000000000e+00 -0.000000000000000000e+00 0.000000000000000000e+00 1.000000000000000000e+00
2.499953122513603465e-01 9.682470469112440803e-01 0.000000000000000000e+00 -9.682470469112440803e-01 2.499953122513603465e-01 -0.000000000000000000e+00 -0.000000000000000000e+00 0.000000000000000000e+00 1.000000000000000000e+00
2.835591310272470023e-01 9.589547534743609880e-01 0.000000000000000000e+00 -9.589547534743609880e-01 2.835591310272470023e-01 -0.000000000000000000e+00 -0.000000000000000000e+00 0.000000000000000000e+00 1.000000000000000000e+00
3.208112486616079284e-01 9.471431479624291550e-01 0.000000000000000000e+00 -9.471431479624291550e-01 3.208112486616079284e-01 -0.000000000000000000e+00 -0.000000000000000000e+00 0.000000000000000000e+00 1.000000000000000000e+00
3.595557038114187698e-01 9.331236230300222756e-01 0.000000000000000000e+00 -9.331236230300222756e-01 3.595557038114187698e-01 -0.000000000000000000e+00 -0.000000000000000000e+00 0.000000000000000000e+00 1.000000000000000000e+00
3.962857573643019382e-01 9.181272234882273953e-01 0.000000000000000000e+00 -9.181272234882273953e-01 3.962857573643019382e-01 -0.000000000000000000e+00 -0.000000000000000000e+00 0.000000000000000000e+00 1.000000000000000000e+00
4.301612717635394101e-01 9.027520591362693247e-01 0.000000000000000000e+00 -9.027520591362693247e-01 4.301612717635394101e-01 -0.000000000000000000e+00 -0.000000000000000000e+00 0.000000000000000000e+00 1.000000000000000000e+00
4.604489612084716188e-01 8.876861799769327765e-01 0.000000000000000000e+00 -8.876861799769327765e-01 4.604489612084716188e-01 -0.000000000000000000e+00 -0.000000000000000000e+00 0.000000000000000000e+00 1.000000000000000000e+00
4.892465427256214583e-01 8.721455270945477345e-01 0.000000000000000000e+00 -8.721455270945477345e-01 4.892465427256214583e-01 -0.000000000000000000e+00 -0.000000000000000000e+00 0.000000000000000000e+00 1.000000000000000000e+00
5.165781323767897337e-01 8.562400557963331105e-01 0.000000000000000000e+00 -8.562400557963331105e-01 5.165781323767897337e-01 -0.000000000000000000e+00 -0.000000000000000000e+00 0.000000000000000000e+00 1.000000000000000000e+00
5.438540186993114922e-01 8.391798414789342075e-01 0.000000000000000000e+00 -8.391798414789342075e-01 5.438540186993114922e-01 -0.000000000000000000e+00 -0.000000000000000000e+00 0.000000000000000000e+00 1.000000000000000000e+00
5.715523545034546515e-01 8.205656013150668393e-01 0.000000000000000000e+00 -8.205656013150668393e-01 5.715523545034546515e-01 -0.000000000000000000e+00 -0.000000000000000000e+00 0.000000000000000000e+00 1.000000000000000000e+00
6.000191136860772989e-01 7.999856643786651400e-01 0.000000000000000000e+00 -7.999856643786651400e-01 6.000191136860772989e-01 -0.000000000000000000e+00 -0.000000000000000000e+00 0.000000000000000000e+00 1.000000000000000000e+00
6.295368760291362165e-01 7.769706054410784324e-01 0.000000000000000000e+00 -7.769706054410784324e-01 6.295368760291362165e-01 -0.000000000000000000e+00 -0.000000000000000000e+00 0.000000000000000000e+00 1.000000000000000000e+00
6.594430953617022029e-01 7.517544838441448940e-01 0.000000000000000000e+00 -7.517544838441448940e-01 6.594430953617022029e-01 -0.000000000000000000e+00 -0.000000000000000000e+00 0.000000000000000000e+00 9.999999999999998890e-01
6.884310470142329663e-01 7.253017947771031038e-01 0.000000000000000000e+00 -7.253017947771031038e-01 6.884310470142329663e-01 -0.000000000000000000e+00 -0.000000000000000000e+00 0.000000000000000000e+00 1.000000000000000000e+00
7.160826725534755743e-01 6.980154769549682392e-01 0.000000000000000000e+00 -6.980154769549682392e-01 7.160826725534755743e-01 -0.000000000000000000e+00 -0.000000000000000000e+00 0.000000000000000000e+00 9.999999999999998890e-01
7.411630184064017524e-01 6.713250927432339310e-01 0.000000000000000000e+00 -6.713250927432339310e-01 7.411630184064017524e-01 -0.000000000000000000e+00 -0.000000000000000000e+00 0.000000000000000000e+00 1.000000000000000000e+00
7.646075002972650969e-01 6.444962144878494392e-01 0.000000000000000000e+00 -6.444962144878494392e-01 7.646075002972650969e-01 -0.000000000000000000e+00 -0.000000000000000000e+00 0.000000000000000000e+00 1.000000000000000222e+00
7.871949718292792220e-01 6.167042048881296035e-01 0.000000000000000000e+00 -6.167042048881296035e-01 7.871949718292792220e-01 -0.000000000000000000e+00 -0.000000000000000000e+00 0.000000000000000000e+00 1.000000000000000000e+00
8.094698318658037905e-01 5.871614695287380448e-01 0.000000000000000000e+00 -5.871614695287380448e-01 8.094698318658037905e-01 -0.000000000000000000e+00 -0.000000000000000000e+00 0.000000000000000000e+00 1.000000000000000000e+00
8.312350069448738443e-01 5.559211843682121401e-01 0.000000000000000000e+00 -5.559211843682121401e-01 8.312350069448738443e-01 -0.000000000000000000e+00 -0.000000000000000000e+00 0.000000000000000000e+00 1.000000000000000000e+00
8.524360611961209200e-01 5.228314848710271523e-01 0.000000000000000000e+00 -5.228314848710271523e-01 8.524360611961209200e-01 -0.000000000000000000e+00 -0.000000000000000000e+00 0.000000000000000000e+00 9.999999999999998890e-01
8.726212215657578319e-01 4.883975877019505751e-01 0.000000000000000000e+00 -4.883975877019505751e-01 8.726212215657578319e-01 -0.000000000000000000e+00 -0.000000000000000000e+00 0.000000000000000000e+00 1.000000000000000000e+00
8.912084269625263344e-01 4.535940252152573793e-01 0.000000000000000000e+00 -4.535940252152573793e-01 8.912084269625263344e-01 -0.000000000000000000e+00 -0.000000000000000000e+00 0.000000000000000000e+00 1.000000000000000000e+00
9.080446432663394907e-01 4.188734007254530378e-01 0.000000000000000000e+00 -4.188734007254530378e-01 9.080446432663394907e-01 -0.000000000000000000e+00 -0.000000000000000000e+00 0.000000000000000000e+00 9.999999999999998890e-01
9.227506088488681701e-01 3.853976049082856736e-01 0.000000000000000000e+00 -3.853976049082856736e-01 9.227506088488681701e-01 -0.000000000000000000e+00 -0.000000000000000000e+00 0.000000000000000000e+00 1.000000000000000000e+00
9.349429682327614621e-01 3.547980357218927794e-01 0.000000000000000000e+00 -3.547980357218927794e-01 9.349429682327614621e-01 -0.000000000000000000e+00 -0.000000000000000000e+00 0.000000000000000000e+00 1.000000000000000000e+00
9.439066750218283453e-01 3.302123390323818963e-01 0.000000000000000000e+00 -3.302123390323818963e-01 9.439066750218283453e-01 -0.000000000000000000e+00 -0.000000000000000000e+00 0.000000000000000000e+00 1.000000000000000000e+00
9.508296116022042499e-01 3.097144647903963266e-01 0.000000000000000000e+00 -3.097144647903963266e-01 9.508296116022042499e-01 -0.000000000000000000e+00 -0.000000000000000000e+00 0.000000000000000000e+00 1.000000000000000000e+00
9.565773027613463375e-01 2.914787536713918104e-01 0.000000000000000000e+00 -2.914787536713918104e-01 9.565773027613463375e-01 -0.000000000000000000e+00 -0.000000000000000000e+00 0.000000000000000000e+00 1.000000000000000222e+00
9.620605168488586267e-01 2.728361448204888462e-01 0.000000000000000000e+00 -2.728361448204888462e-01 9.620605168488586267e-01 -0.000000000000000000e+00 -0.000000000000000000e+00 0.000000000000000000e+00 9.999999999999998890e-01
9.673797675405050311e-01 2.533305851121783192e-01 0.000000000000000000e+00 -2.533305851121783192e-01 9.673797675405050311e-01 -0.000000000000000000e+00 -0.000000000000000000e+00 0.000000000000000000e+00 1.000000000000000000e+00
9.730607920144617173e-01 2.305486825904420611e-01 0.000000000000000000e+00 -2.305486825904420611e-01 9.730607920144617173e-01 -0.000000000000000000e+00 -0.000000000000000000e+00 0.000000000000000000e+00 9.999999999999998890e-01
9.787552652244287943e-01 2.050320238291037656e-01 0.000000000000000000e+00 -2.050320238291037656e-01 9.787552652244287943e-01 -0.000000000000000000e+00 -0.000000000000000000e+00 0.000000000000000000e+00 1.000000000000000000e+00
9.841260403057889850e-01 1.774709463322055869e-01 0.000000000000000000e+00 -1.774709463322055869e-01 9.841260403057889850e-01 -0.000000000000000000e+00 -0.000000000000000000e+00 0.000000000000000000e+00 1.000000000000000000e+00
9.889105364767716289e-01 1.485124602355760159e-01 0.000000000000000000e+00 -1.485124602355760159e-01 9.889105364767716289e-01 -0.000000000000000000e+00 -0.000000000000000000e+00 0.000000000000000000e+00 1.000000000000000000e+00
9.929414804443507103e-01 1.186052967324030816e-01 0.000000000000000000e+00 -1.186052967324030816e-01 9.929414804443507103e-01 -0.000000000000000000e+00 -0.000000000000000000e+00 0.000000000000000000e+00 1.000000000000000222e+00
9.961232478656247835e-01 8.796860270368725421e-02 0.000000000000000000e+00 -8.796860270368725421e-02 9.961232478656247835e-01 -0.000000000000000000e+00 -0.000000000000000000e+00 0.000000000000000000e+00 1.000000000000000000e+00
9.984572240636603313e-01 5.552631551876709148e-02 0.000000000000000000e+00 -5.552631551876709148e-02 9.984572240636603313e-01 -0.000000000000000000e+00 -0.000000000000000000e+00 0.000000000000000000e+00 1.000000000000000000e+00
9.997992562226718505e-01 2.003614874650996511e-02 0.000000000000000000e+00 -2.003614874650996511e-02 9.997992562226718505e-01 -0.000000000000000000e+00 -0.000000000000000000e+00 0.000000000000000000e+00 1.000000000000000000e+00
9.998409876058944601e-01 -1.783254057249634289e-02 0.000000000000000000e+00 1.783254057249634289e-02 9.998409876058944601e-01 0.000000000000000000e+00 0.000000000000000000e+00 0.000000000000000000e+00 1.000000000000000000e+00
9.983859829178961531e-01 -5.679286146221806247e-02 0.000000000000000000e+00 5.679286146221806247e-02 9.983859829178961531e-01 0.000000000000000000e+00 0.000000000000000000e+00 0.000000000000000000e+00 1.000000000000000222e+00
9.953871610150979432e-01 -9.593956267517379788e-02 0.000000000000000000e+00 9.593956267517379788e-02 9.953871610150979432e-01 0.000000000000000000e+00 0.000000000000000000e+00 0.000000000000000000e+00 1.000000000000000000e+00
9.908366298286126472e-01 -1.350658098479285418e-01 0.000000000000000000e+00 1.350658098479285418e-01 9.908366298286126472e-01 0.000000000000000000e+00 0.000000000000000000e+00 0.000000000000000000e+00 1.000000000000000000e+00
9.850055747138058981e-01 -1.725225138430483973e-01 0.000000000000000000e+00 1.725225138430483973e-01 9.850055747138058981e-01 0.000000000000000000e+00 0.000000000000000000e+00 0.000000000000000000e+00 9.999999999999998890e-01
9.780485894029177230e-01 -2.083769583398389635e-01 0.000000000000000000e+00 2.083769583398389635e-01 9.780485894029177230e-01 0.000000000000000000e+00 0.000000000000000000e+00 0.000000000000000000e+00 1.000000000000000000e+00
9.703078470090880092e-01 -2.418732768054134563e-01 0.000000000000000000e+00 2.418732768054134563e-01 9.703078470090880092e-01 0.000000000000000000e+00 0.000000000000000000e+00 0.000000000000000000e+00 1.000000000000000000e+00
9.619795135632414063e-01 -2.731216129943390136e-01 0.000000000000000000e+00 2.731216129943390136e-01 9.619795135632414063e-01 0.000000000000000000e+00 0.000000000000000000e+00 0.000000000000000000e+00 1.000000000000000000e+00
9.534846671860220946e-01 -3.014415191063773980e-01 0.000000000000000000e+00 3.014415191063773980e-01 9.534846671860220946e-01 0.000000000000000000e+00 0.000000000000000000e+00 0.000000000000000000e+00 9.999999999999998890e-01
9.451584236556387353e-01 -3.266122382777288391e-01 0.000000000000000000e+00 3.266122382777288391e-01 9.451584236556387353e-01 0.000000000000000000e+00 0.000000000000000000e+00 0.000000000000000000e+00 1.000000000000000000e+00
9.374824158616077430e-01 -3.480326420758312334e-01 0.000000000000000000e+00 3.480326420758312334e-01 9.374824158616077430e-01 0.000000000000000000e+00 0.000000000000000000e+00 0.000000000000000000e+00 1.000000000000000000e+00
9.307512614217201552e-01 -3.656529630153113608e-01 0.000000000000000000e+00 3.656529630153113608e-01 9.307512614217201552e-01 0.000000000000000000e+00 0.000000000000000000e+00 0.000000000000000000e+00 1.000000000000000000e+00
9.250063560017586228e-01 -3.799516302851557170e-01 0.000000000000000000e+00 3.799516302851557170e-01 9.250063560017586228e-01 0.000000000000000000e+00 0.000000000000000000e+00 0.000000000000000000e+00 9.999999999999998890e-01
9.198737830260166337e-01 -3.922145118444811951e-01 0.000000000000000000e+00 3.922145118444811951e-01 9.198737830260166337e-01 0.000000000000000000e+00 0.000000000000000000e+00 0.000000000000000000e+00 1.000000000000000000e+00
9.148083139495954974e-01 -4.038882874368832088e-01 0.000000000000000000e+00 4.038882874368832088e-01 9.148083139495954974e-01 0.000000000000000000e+00 0.000000000000000000e+00 0.000000000000000000e+00 1.000000000000000000e+00
9.087978522737708564e-01 -4.172366998510333436e-01 0.000000000000000000e+00 4.172366998510333436e-01 9.087978522737708564e-01 0.000000000000000000e+00 0.000000000000000000e+00 0.000000000000000000e+00 9.999999999999998890e-01
9.007296819106144214e-01 -4.343800641433762100e-01 0.000000000000000000e+00 4.343800641433762100e-01 9.007296819106144214e-01 0.000000000000000000e+00 0.000000000000000000e+00 0.000000000000000000e+00 1.000000000000000222e+00
8.894721333456907519e-01 -4.569894134457229695e-01 0.000000000000000000e+00 4.569894134457229695e-01 8.894721333456907519e-01 0.000000000000000000e+00 0.000000000000000000e+00 0.000000000000000000e+00 1.000000000000000000e+00
8.752189191970544124e-01 -4.837270340590236195e-01 0.000000000000000000e+00 4.837270340590236195e-01 8.752189191970544124e-01 0.000000000000000000e+00 0.000000000000000000e+00 0.000000000000000000e+00 9.999999999999998890e-01
8.568080979777144002e-01 -5.156354169758041728e-01 0.000000000000000000e+00 5.156354169758041728e-01 8.568080979777144002e-01 0.000000000000000000e+00 0.000000000000000000e+00 0.000000000000000000e+00 1.000000000000000000e+00
8.330243920093337584e-01 -5.532362626559105268e-01 0.000000000000000000e+00 5.532362626559105268e-01 8.330243920093337584e-01 0.000000000000000000e+00 0.000000000000000000e+00 0.000000000000000000e+00 9.999999999999998890e-01
8.040405470220642892e-01 -5.945744686281605462e-01 0.000000000000000000e+00 5.945744686281605462e-01 8.040405470220642892e-01 0.000000000000000000e+00 0.000000000000000000e+00 0.000000000000000000e+00 9.999999999999998890e-01
7.686230014910835351e-01 -6.397020256172694097e-01 0.000000000000000000e+00 6.397020256172694097e-01 7.686230014910835351e-01 0.000000000000000000e+00 0.000000000000000000e+00 0.000000000000000000e+00 1.000000000000000000e+00
7.279719477204689149e-01 -6.856069160474294044e-01 0.000000000000000000e+00 6.856069160474294044e-01 7.279719477204689149e-01 0.000000000000000000e+00 0.000000000000000000e+00 0.000000000000000000e+00 1.000000000000000000e+00
6.867189767498698139e-01 -7.269229993414790814e-01 0.000000000000000000e+00 7.269229993414790814e-01 6.867189767498698139e-01 0.000000000000000000e+00 0.000000000000000000e+00 0.000000000000000000e+00 1.000000000000000000e+00
6.461850600582610404e-01 -7.631807571981236160e-01 0.000000000000000000e+00 7.631807571981236160e-01 6.461850600582610404e-01 0.000000000000000000e+00 0.000000000000000000e+00 0.000000000000000000e+00 1.000000000000000000e+00
6.102504470647625023e-01 -7.922085532593408086e-01 0.000000000000000000e+00 7.922085532593408086e-01 6.102504470647625023e-01 0.000000000000000000e+00 0.000000000000000000e+00 0.000000000000000000e+00 1.000000000000000000e+00
5.823427975323777206e-01 -8.129433351483754677e-01 0.000000000000000000e+00 8.129433351483754677e-01 5.823427975323777206e-01 0.000000000000000000e+00 0.000000000000000000e+00 0.000000000000000000e+00 9.999999999999998890e-01
5.569106740826970103e-01 -8.305723936495578164e-01 0.000000000000000000e+00 8.305723936495578164e-01 5.569106740826970103e-01 0.000000000000000000e+00 0.000000000000000000e+00 0.000000000000000000e+00 1.000000000000000000e+00
5.330627750258382092e-01 -8.460756927614410117e-01 0.000000000000000000e+00 8.460756927614410117e-01 5.330627750258382092e-01 0.000000000000000000e+00 0.000000000000000000e+00 0.000000000000000000e+00 9.999999999999998890e-01
5.110731269919432940e-01 -8.595372352997145970e-01 0.000000000000000000e+00 8.595372352997145970e-01 5.110731269919432940e-01 0.000000000000000000e+00 0.000000000000000000e+00 0.000000000000000000e+00 1.000000000000000000e+00
4.909776214176836406e-01 -8.711721846265718661e-01 0.000000000000000000e+00 8.711721846265718661e-01 4.909776214176836406e-01 0.000000000000000000e+00 0.000000000000000000e+00 0.000000000000000000e+00 1.000000000000000000e+00
4.709663054256692516e-01 -8.821511997122121196e-01 0.000000000000000000e+00 8.821511997122121196e-01 4.709663054256692516e-01 0.000000000000000000e+00 0.000000000000000000e+00 0.000000000000000000e+00 1.000000000000000000e+00
4.506687167993491672e-01 -8.926912723323936483e-01 0.000000000000000000e+00 8.926912723323936483e-01 4.506687167993491672e-01 0.000000000000000000e+00 0.000000000000000000e+00 0.000000000000000000e+00 9.999999999999998890e-01
4.301841653551692346e-01 -9.027411499857954658e-01 0.000000000000000000e+00 9.027411499857954658e-01 4.301841653551692346e-01 0.000000000000000000e+00 0.000000000000000000e+00 0.000000000000000000e+00 1.000000000000000000e+00
4.084794608944786187e-01 -9.127675114876493412e-01 0.000000000000000000e+00 9.127675114876493412e-01 4.084794608944786187e-01 0.000000000000000000e+00 0.000000000000000000e+00 0.000000000000000000e+00 1.000000000000000000e+00
3.859970188886121534e-01 -9.225000278640127505e-01 0.000000000000000000e+00 9.225000278640127505e-01 3.859970188886121534e-01 0.000000000000000000e+00 0.000000000000000000e+00 0.000000000000000000e+00 1.000000000000000000e+00
3.636471378806214183e-01 -9.315367728174944739e-01 0.000000000000000000e+00 9.315367728174944739e-01 3.636471378806214183e-01 0.000000000000000000e+00 0.000000000000000000e+00 0.000000000000000000e+00 1.000000000000000000e+00
3.423704400213587462e-01 -9.395650492645951646e-01 0.000000000000000000e+00 9.395650492645951646e-01 3.423704400213587462e-01 0.000000000000000000e+00 0.000000000000000000e+00 0.000000000000000000e+00 1.000000000000000000e+00
3.229848727996293412e-01 -9.464041271796141963e-01 0.000000000000000000e+00 9.464041271796141963e-01 3.229848727996293412e-01 0.000000000000000000e+00 0.000000000000000000e+00 0.000000000000000000e+00 1.000000000000000000e+00
3.065177756457933000e-01 -9.518649343332041823e-01 0.000000000000000000e+00 9.518649343332041823e-01 3.065177756457933000e-01 0.000000000000000000e+00 0.000000000000000000e+00 0.000000000000000000e+00 1.000000000000000000e+00
2.936614718789049561e-01 -9.559094831279346671e-01 0.000000000000000000e+00 9.559094831279346671e-01 2.936614718789049561e-01 0.000000000000000000e+00 0.000000000000000000e+00 0.000000000000000000e+00 1.000000000000000000e+00
2.841013899815548749e-01 -9.587942428960178898e-01 0.000000000000000000e+00 9.587942428960178898e-01 2.841013899815548749e-01 0.000000000000000000e+00 0.000000000000000000e+00 0.000000000000000000e+00 9.999999999999998890e-01
2.776607410690845601e-01 -9.606791935235022839e-01 0.000000000000000000e+00 9.606791935235022839e-01 2.776607410690845601e-01 0.000000000000000000e+00 0.000000000000000000e+00 0.000000000000000000e+00 1.000000000000000000e+00
2.743800570705237640e-01 -9.616213310248353796e-01 0.000000000000000000e+00 9.616213310248353796e-01 2.743800570705237640e-01 0.000000000000000000e+00 0.000000000000000000e+00 0.000000000000000000e+00 1.000000000000000000e+00
2.727806214384033145e-01 -9.620762613055571233e-01 0.000000000000000000e+00 9.620762613055571233e-01 2.727806214384033145e-01 0.000000000000000000e+00 0.000000000000000000e+00 0.000000000000000000e+00 1.000000000000000000e+00
2.717272934643938931e-01 -9.623742920436493264e-01 0.000000000000000000e+00 9.623742920436493264e-01 2.717272934643938931e-01 0.000000000000000000e+00 0.000000000000000000e+00 0.000000000000000000e+00 1.000000000000000000e+00
2.715092893773840554e-01 -9.624358190455027939e-01 0.000000000000000000e+00 9.624358190455027939e-01 2.715092893773840554e-01 0.000000000000000000e+00 0.000000000000000000e+00 0.000000000000000000e+00 1.000000000000000000e+00
2.711561685061585902e-01 -9.625353667689616755e-01 0.000000000000000000e+00 9.625353667689616755e-01 2.711561685061585902e-01 0.000000000000000000e+00 0.000000000000000000e+00 0.000000000000000000e+00 1.000000000000000000e+00
2.699018704679657099e-01 -9.628878337157934508e-01 0.000000000000000000e+00 9.628878337157934508e-01 2.699018704679657099e-01 0.000000000000000000e+00 0.000000000000000000e+00 0.000000000000000000e+00 1.000000000000000000e+00
2.681077790666929195e-01 -9.633889239574666696e-01 0.000000000000000000e+00 9.633889239574666696e-01 2.681077790666929195e-01 0.000000000000000000e+00 0.000000000000000000e+00 0.000000000000000000e+00 1.000000000000000000e+00
2.650944728754676682e-01 -9.642224434490610507e-01 0.000000000000000000e+00 9.642224434490610507e-01 2.650944728754676682e-01 0.000000000000000000e+00 0.000000000000000000e+00 0.000000000000000000e+00 1.000000000000000000e+00
2.621494946457325059e-01 -9.650272754989814850e-01 0.000000000000000000e+00 9.650272754989814850e-01 2.621494946457325059e-01 0.000000000000000000e+00 0.000000000000000000e+00 0.000000000000000000e+00 1.000000000000000000e+00
2.587730318398952511e-01 -9.659381543310050500e-01 0.000000000000000000e+00 9.659381543310050500e-01 2.587730318398952511e-01 0.000000000000000000e+00 0.000000000000000000e+00 0.000000000000000000e+00 1.000000000000000000e+00
2.531090165285861393e-01 -9.674377632447122011e-01 0.000000000000000000e+00 9.674377632447122011e-01 2.531090165285861393e-01 0.000000000000000000e+00 0.000000000000000000e+00 0.000000000000000000e+00 1.000000000000000000e+00
2.453327740149420788e-01 -9.694389253553485908e-01 0.000000000000000000e+00 9.694389253553485908e-01 2.453327740149420788e-01 0.000000000000000000e+00 0.000000000000000000e+00 0.000000000000000000e+00 1.000000000000000000e+00
2.340341771292364093e-01 -9.722283702584701981e-01 0.000000000000000000e+00 9.722283702584701981e-01 2.340341771292364093e-01 0.000000000000000000e+00 0.000000000000000000e+00 0.000000000000000000e+00 9.999999999999997780e-01
2.208680559282100719e-01 -9.753036972504990354e-01 0.000000000000000000e+00 9.753036972504990354e-01 2.208680559282100719e-01 0.000000000000000000e+00 0.000000000000000000e+00 0.000000000000000000e+00 1.000000000000000000e+00
2.062739042292535685e-01 -9.784942904452844648e-01 0.000000000000000000e+00 9.784942904452844648e-01 2.062739042292535685e-01 0.000000000000000000e+00 0.000000000000000000e+00 0.000000000000000000e+00 1.000000000000000000e+00
1.913530517885900228e-01 -9.815212731118939660e-01 0.000000000000000000e+00 9.815212731118939660e-01 1.913530517885900228e-01 0.000000000000000000e+00 0.000000000000000000e+00 0.000000000000000000e+00 1.000000000000000000e+00
1.742989885818831963e-01 -9.846927757322749830e-01 0.000000000000000000e+00 9.846927757322749830e-01 1.742989885818831963e-01 0.000000000000000000e+00 0.000000000000000000e+00 0.000000000000000000e+00 9.999999999999998890e-01
1.548490292063316454e-01 -9.879381449027345719e-01 0.000000000000000000e+00 9.879381449027345719e-01 1.548490292063316454e-01 0.000000000000000000e+00 0.000000000000000000e+00 0.000000000000000000e+00 1.000000000000000000e+00
1.352799415015881190e-01 -9.908074169218390459e-01 0.000000000000000000e+00 9.908074169218390459e-01 1.352799415015881190e-01 0.000000000000000000e+00 0.000000000000000000e+00 0.000000000000000000e+00 1.000000000000000000e+00
1.171485582314525375e-01 -9.931144019216980867e-01 0.000000000000000000e+00 9.931144019216980867e-01 1.171485582314525375e-01 0.000000000000000000e+00 0.000000000000000000e+00 0.000000000000000000e+00 1.000000000000000000e+00
1.014844377118152563e-01 -9.948371268214293295e-01 0.000000000000000000e+00 9.948371268214293295e-01 1.014844377118152563e-01 0.000000000000000000e+00 0.000000000000000000e+00 0.000000000000000000e+00 9.999999999999998890e-01
8.889489792807925284e-02 -9.960410117672647834e-01 0.000000000000000000e+00 9.960410117672647834e-01 8.889489792807925284e-02 0.000000000000000000e+00 0.000000000000000000e+00 0.000000000000000000e+00 1.000000000000000000e+00
8.015706748549972227e-02 -9.967822452933864374e-01 0.000000000000000000e+00 9.967822452933864374e-01 8.015706748549972227e-02 0.000000000000000000e+00 0.000000000000000000e+00 0.000000000000000000e+00 1.000000000000000000e+00
7.452556469903848235e-02 -9.972191034102233509e-01 0.000000000000000000e+00 9.972191034102233509e-01 7.452556469903848235e-02 0.000000000000000000e+00 0.000000000000000000e+00 0.000000000000000000e+00 1.000000000000000000e+00
7.121942447357082484e-02 -9.974606726972514714e-01 0.000000000000000000e+00 9.974606726972514714e-01 7.121942447357082484e-02 0.000000000000000000e+00 0.000000000000000000e+00 0.000000000000000000e+00 1.000000000000000000e+00
2.220446049250313081e-16 -1.000000000000000000e+00 0.000000000000000000e+00 1.000000000000000000e+00 2.220446049250313081e-16 0.000000000000000000e+00 0.000000000000000000e+00 0.000000000000000000e+00 1.000000000000000000e+00
2.220446049250313081e-16 -1.000000000000000000e+00 0.000000000000000000e+00 1.000000000000000000e+00 2.220446049250313081e-16 0.000000000000000000e+00 0.000000000000000000e+00 0.000000000000000000e+00 1.000000000000000000e+00
2.220446049250313081e-16 -1.000000000000000000e+00 0.000000000000000000e+00 1.000000000000000000e+00 2.220446049250313081e-16 0.000000000000000000e+00 0.000000000000000000e+00 0.000000000000000000e+00 1.000000000000000000e+00
2.220446049250313081e-16 -1.000000000000000000e+00 0.000000000000000000e+00 1.000000000000000000e+00 2.220446049250313081e-16 0.000000000000000000e+00 0.000000000000000000e+00 0.000000000000000000e+00 1.000000000000000000e+00
2.220446049250313081e-16 -1.000000000000000000e+00 0.000000000000000000e+00 1.000000000000000000e+00 2.220446049250313081e-16 0.000000000000000000e+00 0.000000000000000000e+00 0.000000000000000000e+00 1.000000000000000000e+00
2.220446049250313081e-16 -1.000000000000000000e+00 0.000000000000000000e+00 1.000000000000000000e+00 2.220446049250313081e-16 0.000000000000000000e+00 0.000000000000000000e+00 0.000000000000000000e+00 1.000000000000000000e+00
2.220446049250313081e-16 -1.000000000000000000e+00 0.000000000000000000e+00 1.000000000000000000e+00 2.220446049250313081e-16 0.000000000000000000e+00 0.000000000000000000e+00 0.000000000000000000e+00 1.000000000000000000e+00
2.220446049250313081e-16 -1.000000000000000000e+00 0.000000000000000000e+00 1.000000000000000000e+00 2.220446049250313081e-16 0.000000000000000000e+00 0.000000000000000000e+00 0.000000000000000000e+00 1.000000000000000000e+00
1.477975805401873788e-01 -9.890176313830137955e-01 0.000000000000000000e+00 9.890176313830137955e-01 1.477975805401873788e-01 0.000000000000000000e+00 0.000000000000000000e+00 0.000000000000000000e+00 1.000000000000000000e+00
1.641939538261064091e-01 -9.864280741782192052e-01 0.000000000000000000e+00 9.864280741782192052e-01 1.641939538261064091e-01 0.000000000000000000e+00 0.000000000000000000e+00 0.000000000000000000e+00 1.000000000000000000e+00
1.824362448514795787e-01 -9.832176852378576859e-01 0.000000000000000000e+00 9.832176852378576859e-01 1.824362448514795787e-01 0.000000000000000000e+00 0.000000000000000000e+00 0.000000000000000000e+00 1.000000000000000000e+00
2.030738690460462403e-01 -9.791634203291448291e-01 0.000000000000000000e+00 9.791634203291448291e-01 2.030738690460462403e-01 0.000000000000000000e+00 0.000000000000000000e+00 0.000000000000000000e+00 1.000000000000000000e+00
2.264459865353001811e-01 -9.740237241371765275e-01 0.000000000000000000e+00 9.740237241371765275e-01 2.264459865353001811e-01 0.000000000000000000e+00 0.000000000000000000e+00 0.000000000000000000e+00 1.000000000000000000e+00
2.522844027935485789e-01 -9.676531300559629845e-01 0.000000000000000000e+00 9.676531300559629845e-01 2.522844027935485789e-01 0.000000000000000000e+00 0.000000000000000000e+00 0.000000000000000000e+00 9.999999999999998890e-01
2.794687988742034501e-01 -9.601547742191411938e-01 0.000000000000000000e+00 9.601547742191411938e-01 2.794687988742034501e-01 0.000000000000000000e+00 0.000000000000000000e+00 0.000000000000000000e+00 1.000000000000000000e+00
3.076319506397231507e-01 -9.515054298035292568e-01 0.000000000000000000e+00 9.515054298035292568e-01 3.076319506397231507e-01 0.000000000000000000e+00 0.000000000000000000e+00 0.000000000000000000e+00 1.000000000000000000e+00
3.363130207932786830e-01 -9.417502599123080964e-01 0.000000000000000000e+00 9.417502599123080964e-01 3.363130207932786830e-01 0.000000000000000000e+00 0.000000000000000000e+00 0.000000000000000000e+00 1.000000000000000000e+00
3.652505048291215251e-01 -9.309092698657972509e-01 0.000000000000000000e+00 9.309092698657972509e-01 3.652505048291215251e-01 0.000000000000000000e+00 0.000000000000000000e+00 0.000000000000000000e+00 1.000000000000000000e+00
3.946392953783603996e-01 -9.188361260547340814e-01 0.000000000000000000e+00 9.188361260547340814e-01 3.946392953783603996e-01 0.000000000000000000e+00 0.000000000000000000e+00 0.000000000000000000e+00 1.000000000000000000e+00
4.244138518454459441e-01 -9.054683221193946530e-01 0.000000000000000000e+00 9.054683221193946530e-01 4.244138518454459441e-01 0.000000000000000000e+00 0.000000000000000000e+00 0.000000000000000000e+00 1.000000000000000000e+00
4.522812025991879148e-01 -8.918753913946904088e-01 0.000000000000000000e+00 8.918753913946904088e-01 4.522812025991879148e-01 0.000000000000000000e+00 0.000000000000000000e+00 0.000000000000000000e+00 9.999999999999998890e-01
4.760438144157563833e-01 -8.794215637318071321e-01 0.000000000000000000e+00 8.794215637318071321e-01 4.760438144157563833e-01 0.000000000000000000e+00 0.000000000000000000e+00 0.000000000000000000e+00 1.000000000000000000e+00
4.960760226700056674e-01 -8.682790909217542596e-01 0.000000000000000000e+00 8.682790909217542596e-01 4.960760226700056674e-01 0.000000000000000000e+00 0.000000000000000000e+00 0.000000000000000000e+00 1.000000000000000000e+00
5.144114979464010640e-01 -8.575434745717208651e-01 0.000000000000000000e+00 8.575434745717208651e-01 5.144114979464010640e-01 0.000000000000000000e+00 0.000000000000000000e+00 0.000000000000000000e+00 9.999999999999998890e-01
5.334737580663597711e-01 -8.458166169179670568e-01 0.000000000000000000e+00 8.458166169179670568e-01 5.334737580663597711e-01 0.000000000000000000e+00 0.000000000000000000e+00 0.000000000000000000e+00 1.000000000000000000e+00
5.544888399892722308e-01 -8.321911597267488414e-01 0.000000000000000000e+00 8.321911597267488414e-01 5.544888399892722308e-01 0.000000000000000000e+00 0.000000000000000000e+00 0.000000000000000000e+00 1.000000000000000000e+00
5.775804052232803576e-01 -8.163338015187852070e-01 0.000000000000000000e+00 8.163338015187852070e-01 5.775804052232803576e-01 0.000000000000000000e+00 0.000000000000000000e+00 0.000000000000000000e+00 1.000000000000000000e+00
6.031010096555304845e-01 -7.976648244422462897e-01 0.000000000000000000e+00 7.976648244422462897e-01 6.031010096555304845e-01 0.000000000000000000e+00 0.000000000000000000e+00 0.000000000000000000e+00 1.000000000000000000e+00
6.316344570551568616e-01 -7.752663494958601520e-01 0.000000000000000000e+00 7.752663494958601520e-01 6.316344570551568616e-01 0.000000000000000000e+00 0.000000000000000000e+00 0.000000000000000000e+00 1.000000000000000000e+00
6.629190540494558359e-01 -7.486910763313362471e-01 0.000000000000000000e+00 7.486910763313362471e-01 6.629190540494558359e-01 0.000000000000000000e+00 0.000000000000000000e+00 0.000000000000000000e+00 1.000000000000000000e+00
6.967805053718558739e-01 -7.172844117459553637e-01 0.000000000000000000e+00 7.172844117459553637e-01 6.967805053718558739e-01 0.000000000000000000e+00 0.000000000000000000e+00 0.000000000000000000e+00 1.000000000000000000e+00
7.307957469578310050e-01 -6.825962029108759710e-01 0.000000000000000000e+00 6.825962029108759710e-01 7.307957469578310050e-01 0.000000000000000000e+00 0.000000000000000000e+00 0.000000000000000000e+00 1.000000000000000000e+00
7.602839786503926556e-01 -6.495908495411009120e-01 0.000000000000000000e+00 6.495908495411009120e-01 7.602839786503926556e-01 0.000000000000000000e+00 0.000000000000000000e+00 0.000000000000000000e+00 9.999999999999998890e-01
7.846025202944306720e-01 -6.199991009248543294e-01 0.000000000000000000e+00 6.199991009248543294e-01 7.846025202944306720e-01 0.000000000000000000e+00 0.000000000000000000e+00 0.000000000000000000e+00 1.000000000000000000e+00
8.043387914497488467e-01 -5.941709422120518003e-01 0.000000000000000000e+00 5.941709422120518003e-01 8.043387914497488467e-01 0.000000000000000000e+00 0.000000000000000000e+00 0.000000000000000000e+00 1.000000000000000000e+00
8.208476237730863989e-01 -5.711472476919393637e-01 0.000000000000000000e+00 5.711472476919393637e-01 8.208476237730863989e-01 0.000000000000000000e+00 0.000000000000000000e+00 0.000000000000000000e+00 1.000000000000000000e+00
8.339904384133252080e-01 -5.517788946989091725e-01 0.000000000000000000e+00 5.517788946989091725e-01 8.339904384133252080e-01 0.000000000000000000e+00 0.000000000000000000e+00 0.000000000000000000e+00 1.000000000000000000e+00
8.458373935015857104e-01 -5.334408156060460593e-01 0.000000000000000000e+00 5.334408156060460593e-01 8.458373935015857104e-01 0.000000000000000000e+00 0.000000000000000000e+00 0.000000000000000000e+00 1.000000000000000000e+00
8.573479171153745027e-01 -5.147373592599712167e-01 0.000000000000000000e+00 5.147373592599712167e-01 8.573479171153745027e-01 0.000000000000000000e+00 0.000000000000000000e+00 0.000000000000000000e+00 9.999999999999998890e-01
8.689075899276570425e-01 -4.949743429371975534e-01 0.000000000000000000e+00 4.949743429371975534e-01 8.689075899276570425e-01 0.000000000000000000e+00 0.000000000000000000e+00 0.000000000000000000e+00 1.000000000000000000e+00
8.802447690031645067e-01 -4.745199117450876192e-01 0.000000000000000000e+00 4.745199117450876192e-01 8.802447690031645067e-01 0.000000000000000000e+00 0.000000000000000000e+00 0.000000000000000000e+00 1.000000000000000000e+00
8.915450045427985026e-01 -4.529321195000212130e-01 0.000000000000000000e+00 4.529321195000212130e-01 8.915450045427985026e-01 0.000000000000000000e+00 0.000000000000000000e+00 0.000000000000000000e+00 1.000000000000000000e+00
9.024228892846490879e-01 -4.308514000153021439e-01 0.000000000000000000e+00 4.308514000153021439e-01 9.024228892846490879e-01 0.000000000000000000e+00 0.000000000000000000e+00 0.000000000000000000e+00 1.000000000000000000e+00
9.126925894257943428e-01 -4.086468367762542409e-01 0.000000000000000000e+00 4.086468367762542409e-01 9.126925894257943428e-01 0.000000000000000000e+00 0.000000000000000000e+00 0.000000000000000000e+00 1.000000000000000000e+00
9.223685107363269742e-01 -3.863111833768859693e-01 0.000000000000000000e+00 3.863111833768859693e-01 9.223685107363269742e-01 0.000000000000000000e+00 0.000000000000000000e+00 0.000000000000000000e+00 9.999999999999998890e-01
9.304630499298433000e-01 -3.663857430567599716e-01 0.000000000000000000e+00 3.663857430567599716e-01 9.304630499298433000e-01 0.000000000000000000e+00 0.000000000000000000e+00 0.000000000000000000e+00 1.000000000000000000e+00
9.376940805618199093e-01 -3.474619565928377396e-01 0.000000000000000000e+00 3.474619565928377396e-01 9.376940805618199093e-01 0.000000000000000000e+00 0.000000000000000000e+00 0.000000000000000000e+00 1.000000000000000000e+00
9.444673698928822692e-01 -3.286052148211004442e-01 0.000000000000000000e+00 3.286052148211004442e-01 9.444673698928822692e-01 0.000000000000000000e+00 0.000000000000000000e+00 0.000000000000000000e+00 1.000000000000000000e+00
9.506812825567871883e-01 -3.101694681882501969e-01 0.000000000000000000e+00 3.101694681882501969e-01 9.506812825567871883e-01 0.000000000000000000e+00 0.000000000000000000e+00 0.000000000000000000e+00 1.000000000000000000e+00
9.565273605908738430e-01 -2.916426039539767867e-01 0.000000000000000000e+00 2.916426039539767867e-01 9.565273605908738430e-01 0.000000000000000000e+00 0.000000000000000000e+00 0.000000000000000000e+00 9.999999999999998890e-01
9.621885819797607597e-01 -2.723841638344217109e-01 0.000000000000000000e+00 2.723841638344217109e-01 9.621885819797607597e-01 0.000000000000000000e+00 0.000000000000000000e+00 0.000000000000000000e+00 9.999999999999998890e-01
9.676612828186474946e-01 -2.522531302754629778e-01 0.000000000000000000e+00 2.522531302754629778e-01 9.676612828186474946e-01 0.000000000000000000e+00 0.000000000000000000e+00 0.000000000000000000e+00 1.000000000000000000e+00
9.726887448320714613e-01 -2.321133466154176872e-01 0.000000000000000000e+00 2.321133466154176872e-01 9.726887448320714613e-01 0.000000000000000000e+00 0.000000000000000000e+00 0.000000000000000000e+00 9.999999999999998890e-01
9.775944353868391001e-01 -2.104973156614765584e-01 0.000000000000000000e+00 2.104973156614765584e-01 9.775944353868391001e-01 0.000000000000000000e+00 0.000000000000000000e+00 0.000000000000000000e+00 1.000000000000000000e+00
9.824607853401827740e-01 -1.864693145500118110e-01 0.000000000000000000e+00 1.864693145500118110e-01 9.824607853401827740e-01 0.000000000000000000e+00 0.000000000000000000e+00 0.000000000000000000e+00 1.000000000000000000e+00
9.873717756748101593e-01 -1.584202531268404379e-01 0.000000000000000000e+00 1.584202531268404379e-01 9.873717756748101593e-01 0.000000000000000000e+00 0.000000000000000000e+00 0.000000000000000000e+00 1.000000000000000000e+00
9.921014245143712218e-01 -1.254382855294007282e-01 0.000000000000000000e+00 1.254382855294007282e-01 9.921014245143712218e-01 0.000000000000000000e+00 0.000000000000000000e+00 0.000000000000000000e+00 1.000000000000000000e+00
9.961715651506257707e-01 -8.741975054501370523e-02 0.000000000000000000e+00 8.741975054501370523e-02 9.961715651506257707e-01 0.000000000000000000e+00 0.000000000000000000e+00 0.000000000000000000e+00 1.000000000000000000e+00
9.988964358092842222e-01 -4.696712177160451002e-02 0.000000000000000000e+00 4.696712177160451002e-02 9.988964358092842222e-01 0.000000000000000000e+00 0.000000000000000000e+00 0.000000000000000000e+00 1.000000000000000000e+00
9.999965617126728157e-01 -2.622320123985116477e-03 0.000000000000000000e+00 2.622320123985116477e-03 9.999965617126728157e-01 0.000000000000000000e+00 0.000000000000000000e+00 0.000000000000000000e+00 1.000000000000000000e+00
9.990597617531929986e-01 4.335426675257154916e-02 0.000000000000000000e+00 -4.335426675257154916e-02 9.990597617531929986e-01 -0.000000000000000000e+00 -0.000000000000000000e+00 0.000000000000000000e+00 9.999999999999998890e-01
9.957816932286756018e-01 9.175412486984849125e-02 0.000000000000000000e+00 -9.175412486984849125e-02 9.957816932286756018e-01 -0.000000000000000000e+00 -0.000000000000000000e+00 0.000000000000000000e+00 1.000000000000000000e+00
9.899664012595068563e-01 1.413029524719882357e-01 0.000000000000000000e+00 -1.413029524719882357e-01 9.899664012595068563e-01 -0.000000000000000000e+00 -0.000000000000000000e+00 0.000000000000000000e+00 1.000000000000000000e+00
9.815883698156824266e-01 1.910085658880013304e-01 0.000000000000000000e+00 -1.910085658880013304e-01 9.815883698156824266e-01 -0.000000000000000000e+00 -0.000000000000000000e+00 0.000000000000000000e+00 1.000000000000000000e+00
9.715717667159359250e-01 2.367452261830740867e-01 0.000000000000000000e+00 -2.367452261830740867e-01 9.715717667159359250e-01 -0.000000000000000000e+00 -0.000000000000000000e+00 0.000000000000000000e+00 9.999999999999998890e-01
9.607756366093123113e-01 2.773268398442000904e-01 0.000000000000000000e+00 -2.773268398442000904e-01 9.607756366093123113e-01 -0.000000000000000000e+00 -0.000000000000000000e+00 0.000000000000000000e+00 1.000000000000000000e+00
9.489536140131322739e-01 3.154156598068894035e-01 0.000000000000000000e+00 -3.154156598068894035e-01 9.489536140131322739e-01 -0.000000000000000000e+00 -0.000000000000000000e+00 0.000000000000000000e+00 1.000000000000000000e+00
9.358155782577438631e-01 3.524900048088238647e-01 0.000000000000000000e+00 -3.524900048088238647e-01 9.358155782577438631e-01 -0.000000000000000000e+00 -0.000000000000000000e+00 0.000000000000000000e+00 1.000000000000000000e+00
9.211887062898032053e-01 3.891161361394806506e-01 0.000000000000000000e+00 -3.891161361394806506e-01 9.211887062898032053e-01 -0.000000000000000000e+00 -0.000000000000000000e+00 0.000000000000000000e+00 1.000000000000000000e+00
9.051629864010138915e-01 4.250646633744067926e-01 0.000000000000000000e+00 -4.250646633744067926e-01 9.051629864010138915e-01 -0.000000000000000000e+00 -0.000000000000000000e+00 0.000000000000000000e+00 9.999999999999998890e-01
8.878543332393173948e-01 4.601246384928403543e-01 0.000000000000000000e+00 -4.601246384928403543e-01 8.878543332393173948e-01 -0.000000000000000000e+00 -0.000000000000000000e+00 0.000000000000000000e+00 1.000000000000000000e+00
8.709673513830568092e-01 4.913408926852951275e-01 0.000000000000000000e+00 -4.913408926852951275e-01 8.709673513830568092e-01 -0.000000000000000000e+00 -0.000000000000000000e+00 0.000000000000000000e+00 9.999999999999998890e-01
8.548709399039300383e-01 5.188407039812615862e-01 0.000000000000000000e+00 -5.188407039812615862e-01 8.548709399039300383e-01 -0.000000000000000000e+00 -0.000000000000000000e+00 0.000000000000000000e+00 1.000000000000000000e+00
8.400413694540435072e-01 5.425223475634668446e-01 0.000000000000000000e+00 -5.425223475634668446e-01 8.400413694540435072e-01 -0.000000000000000000e+00 -0.000000000000000000e+00 0.000000000000000000e+00 9.999999999999998890e-01
8.280086031166425942e-01 5.607153940858287111e-01 0.000000000000000000e+00 -5.607153940858287111e-01 8.280086031166425942e-01 -0.000000000000000000e+00 -0.000000000000000000e+00 0.000000000000000000e+00 9.999999999999998890e-01
8.183775933635710764e-01 5.746808807333418923e-01 0.000000000000000000e+00 -5.746808807333418923e-01 8.183775933635710764e-01 -0.000000000000000000e+00 -0.000000000000000000e+00 0.000000000000000000e+00 1.000000000000000000e+00
8.126074776093694663e-01 5.828113651374154935e-01 0.000000000000000000e+00 -5.828113651374154935e-01 8.126074776093694663e-01 -0.000000000000000000e+00 -0.000000000000000000e+00 0.000000000000000000e+00 1.000000000000000000e+00
8.094146219038568235e-01 5.872375753034170254e-01 0.000000000000000000e+00 -5.872375753034170254e-01 8.094146219038568235e-01 -0.000000000000000000e+00 -0.000000000000000000e+00 0.000000000000000000e+00 9.999999999999998890e-01
8.062212165291845478e-01 5.916141901765049615e-01 0.000000000000000000e+00 -5.916141901765049615e-01 8.062212165291845478e-01 -0.000000000000000000e+00 -0.000000000000000000e+00 0.000000000000000000e+00 1.000000000000000000e+00
8.018212138396965116e-01 5.975640058074410677e-01 0.000000000000000000e+00 -5.975640058074410677e-01 8.018212138396965116e-01 -0.000000000000000000e+00 -0.000000000000000000e+00 0.000000000000000000e+00 1.000000000000000000e+00
7.954001511229072952e-01 6.060846472182381817e-01 0.000000000000000000e+00 -6.060846472182381817e-01 7.954001511229072952e-01 -0.000000000000000000e+00 -0.000000000000000000e+00 0.000000000000000000e+00 9.999999999999998890e-01
7.873907735807736952e-01 6.164541910635944477e-01 0.000000000000000000e+00 -6.164541910635944477e-01 7.873907735807736952e-01 -0.000000000000000000e+00 -0.000000000000000000e+00 0.000000000000000000e+00 1.000000000000000000e+00
7.771326106963136748e-01 6.293368775086455313e-01 0.000000000000000000e+00 -6.293368775086455313e-01 7.771326106963136748e-01 -0.000000000000000000e+00 -0.000000000000000000e+00 0.000000000000000000e+00 1.000000000000000000e+00
7.645031255738881093e-01 6.446200206228130947e-01 0.000000000000000000e+00 -6.446200206228130947e-01 7.645031255738881093e-01 -0.000000000000000000e+00 -0.000000000000000000e+00 0.000000000000000000e+00 1.000000000000000000e+00
7.495770765005651537e-01 6.619170691143005936e-01 0.000000000000000000e+00 -6.619170691143005936e-01 7.495770765005651537e-01 -0.000000000000000000e+00 -0.000000000000000000e+00 0.000000000000000000e+00 1.000000000000000000e+00
7.359052493317520538e-01 6.770845323930917425e-01 0.000000000000000000e+00 -6.770845323930917425e-01 7.359052493317520538e-01 -0.000000000000000000e+00 -0.000000000000000000e+00 0.000000000000000000e+00 9.999999999999998890e-01
7.253400229575805991e-01 6.883907691826615105e-01 0.000000000000000000e+00 -6.883907691826615105e-01 7.253400229575805991e-01 -0.000000000000000000e+00 -0.000000000000000000e+00 0.000000000000000000e+00 1.000000000000000000e+00
7.157572207367663975e-01 6.983491970090462964e-01 0.000000000000000000e+00 -6.983491970090462964e-01 7.157572207367663975e-01 -0.000000000000000000e+00 -0.000000000000000000e+00 0.000000000000000000e+00 1.000000000000000000e+00
7.041105161440819327e-01 7.100904034384034613e-01 0.000000000000000000e+00 -7.100904034384034613e-01 7.041105161440819327e-01 -0.000000000000000000e+00 -0.000000000000000000e+00 0.000000000000000000e+00 1.000000000000000000e+00
6.882545603451799554e-01 7.254692689315399567e-01 0.000000000000000000e+00 -7.254692689315399567e-01 6.882545603451799554e-01 -0.000000000000000000e+00 -0.000000000000000000e+00 0.000000000000000000e+00 1.000000000000000000e+00
6.699542821341188947e-01 7.424023571151681100e-01 0.000000000000000000e+00 -7.424023571151681100e-01 6.699542821341188947e-01 -0.000000000000000000e+00 -0.000000000000000000e+00 0.000000000000000000e+00 1.000000000000000000e+00
6.494510063882994455e-01 7.604034391697773732e-01 0.000000000000000000e+00 -7.604034391697773732e-01 6.494510063882994455e-01 -0.000000000000000000e+00 -0.000000000000000000e+00 0.000000000000000000e+00 1.000000000000000000e+00
6.272549492406875871e-01 7.788139884806014601e-01 0.000000000000000000e+00 -7.788139884806014601e-01 6.272549492406875871e-01 -0.000000000000000000e+00 -0.000000000000000000e+00 0.000000000000000000e+00 1.000000000000000000e+00
6.039777845430973624e-01 7.970011516794766049e-01 0.000000000000000000e+00 -7.970011516794766049e-01 6.039777845430973624e-01 -0.000000000000000000e+00 -0.000000000000000000e+00 0.000000000000000000e+00 1.000000000000000000e+00
5.801262395463491206e-01 8.145265779517645299e-01 0.000000000000000000e+00 -8.145265779517645299e-01 5.801262395463491206e-01 -0.000000000000000000e+00 -0.000000000000000000e+00 0.000000000000000000e+00 1.000000000000000000e+00
5.562279883316670892e-01 8.310297377329567414e-01 0.000000000000000000e+00 -8.310297377329567414e-01 5.562279883316670892e-01 -0.000000000000000000e+00 -0.000000000000000000e+00 0.000000000000000000e+00 1.000000000000000000e+00
5.325328928963635189e-01 8.464093087764514856e-01 0.000000000000000000e+00 -8.464093087764514856e-01 5.325328928963635189e-01 -0.000000000000000000e+00 -0.000000000000000000e+00 0.000000000000000000e+00 1.000000000000000000e+00
5.088960333282424031e-01 8.608279893583736797e-01 0.000000000000000000e+00 -8.608279893583736797e-01 5.088960333282424031e-01 -0.000000000000000000e+00 -0.000000000000000000e+00 0.000000000000000000e+00 1.000000000000000000e+00
4.861256936656354610e-01 8.738889002373841919e-01 0.000000000000000000e+00 -8.738889002373841919e-01 4.861256936656354610e-01 -0.000000000000000000e+00 -0.000000000000000000e+00 0.000000000000000000e+00 1.000000000000000000e+00
4.657178659156729350e-01 8.849332570126129394e-01 0.000000000000000000e+00 -8.849332570126129394e-01 4.657178659156729350e-01 -0.000000000000000000e+00 -0.000000000000000000e+00 0.000000000000000000e+00 1.000000000000000000e+00
4.471915293822000814e-01 8.944382237185579676e-01 0.000000000000000000e+00 -8.944382237185579676e-01 4.471915293822000814e-01 -0.000000000000000000e+00 -0.000000000000000000e+00 0.000000000000000000e+00 1.000000000000000000e+00
4.302097852672024936e-01 9.027289408567487072e-01 0.000000000000000000e+00 -9.027289408567487072e-01 4.302097852672024936e-01 -0.000000000000000000e+00 -0.000000000000000000e+00 0.000000000000000000e+00 1.000000000000000000e+00
4.146529888516346518e-01 9.099796145169440909e-01 0.000000000000000000e+00 -9.099796145169440909e-01 4.146529888516346518e-01 -0.000000000000000000e+00 -0.000000000000000000e+00 0.000000000000000000e+00 1.000000000000000000e+00
3.997927491252499244e-01 9.166055627950744356e-01 0.000000000000000000e+00 -9.166055627950744356e-01 3.997927491252499244e-01 -0.000000000000000000e+00 -0.000000000000000000e+00 0.000000000000000000e+00 1.000000000000000000e+00
3.851382055511742286e-01 9.228589072143268401e-01 0.000000000000000000e+00 -9.228589072143268401e-01 3.851382055511742286e-01 -0.000000000000000000e+00 -0.000000000000000000e+00 0.000000000000000000e+00 1.000000000000000000e+00
3.701508588287667489e-01 9.289716581835670839e-01 0.000000000000000000e+00 -9.289716581835670839e-01 3.701508588287667489e-01 -0.000000000000000000e+00 -0.000000000000000000e+00 0.000000000000000000e+00 1.000000000000000000e+00
3.550251823981100396e-01 9.348567376144800711e-01 0.000000000000000000e+00 -9.348567376144800711e-01 3.550251823981100396e-01 -0.000000000000000000e+00 -0.000000000000000000e+00 0.000000000000000000e+00 1.000000000000000000e+00
3.393306726379138327e-01 9.406671539960884676e-01 0.000000000000000000e+00 -9.406671539960884676e-01 3.393306726379138327e-01 -0.000000000000000000e+00 -0.000000000000000000e+00 0.000000000000000000e+00 9.999999999999998890e-01
3.231163980840854322e-01 9.463592305721790776e-01 0.000000000000000000e+00 -9.463592305721790776e-01 3.231163980840854322e-01 -0.000000000000000000e+00 -0.000000000000000000e+00 0.000000000000000000e+00 1.000000000000000000e+00
3.081495152299864038e-01 9.513379400946461173e-01 0.000000000000000000e+00 -9.513379400946461173e-01 3.081495152299864038e-01 -0.000000000000000000e+00 -0.000000000000000000e+00 0.000000000000000000e+00 1.000000000000000000e+00
2.948148895780682843e-01 9.555543840530853483e-01 0.000000000000000000e+00 -9.555543840530853483e-01 2.948148895780682843e-01 -0.000000000000000000e+00 -0.000000000000000000e+00 0.000000000000000000e+00 1.000000000000000000e+00
2.869422827512977392e-01 9.579478724698302639e-01 0.000000000000000000e+00 -9.579478724698302639e-01 2.869422827512977392e-01 -0.000000000000000000e+00 -0.000000000000000000e+00 0.000000000000000000e+00 1.000000000000000000e+00
2.831861246621886763e-01 9.590649711040496461e-01 0.000000000000000000e+00 -9.590649711040496461e-01 2.831861246621886763e-01 -0.000000000000000000e+00 -0.000000000000000000e+00 0.000000000000000000e+00 1.000000000000000000e+00
2.837671809114496457e-01 9.588932094021569430e-01 0.000000000000000000e+00 -9.588932094021569430e-01 2.837671809114496457e-01 -0.000000000000000000e+00 -0.000000000000000000e+00 0.000000000000000000e+00 1.000000000000000000e+00
2.879083492161217950e-01 9.576579673618591526e-01 0.000000000000000000e+00 -9.576579673618591526e-01 2.879083492161217950e-01 -0.000000000000000000e+00 -0.000000000000000000e+00 0.000000000000000000e+00 1.000000000000000000e+00
2.950445394627325690e-01 9.554835005028731176e-01 0.000000000000000000e+00 -9.554835005028731176e-01 2.950445394627325690e-01 -0.000000000000000000e+00 -0.000000000000000000e+00 0.000000000000000000e+00 1.000000000000000000e+00
3.034971282467128773e-01 9.528323531167474103e-01 0.000000000000000000e+00 -9.528323531167474103e-01 3.034971282467128773e-01 -0.000000000000000000e+00 -0.000000000000000000e+00 0.000000000000000000e+00 9.999999999999997780e-01
3.098380607081343552e-01 9.507893437226894173e-01 0.000000000000000000e+00 -9.507893437226894173e-01 3.098380607081343552e-01 -0.000000000000000000e+00 -0.000000000000000000e+00 0.000000000000000000e+00 1.000000000000000000e+00
3.132592825831503891e-01 9.496676375845867213e-01 0.000000000000000000e+00 -9.496676375845867213e-01 3.132592825831503891e-01 -0.000000000000000000e+00 -0.000000000000000000e+00 0.000000000000000000e+00 1.000000000000000000e+00
3.140206342097846548e-01 9.494161581153359730e-01 0.000000000000000000e+00 -9.494161581153359730e-01 3.140206342097846548e-01 -0.000000000000000000e+00 -0.000000000000000000e+00 0.000000000000000000e+00 1.000000000000000000e+00
3.125487495382516245e-01 9.499017207911959471e-01 0.000000000000000000e+00 -9.499017207911959471e-01 3.125487495382516245e-01 -0.000000000000000000e+00 -0.000000000000000000e+00 0.000000000000000000e+00 9.999999999999998890e-01
3.102274876982025198e-01 9.506623511407515936e-01 0.000000000000000000e+00 -9.506623511407515936e-01 3.102274876982025198e-01 -0.000000000000000000e+00 -0.000000000000000000e+00 0.000000000000000000e+00 1.000000000000000000e+00
3.083581286984575787e-01 9.512703424713636613e-01 0.000000000000000000e+00 -9.512703424713636613e-01 3.083581286984575787e-01 -0.000000000000000000e+00 -0.000000000000000000e+00 0.000000000000000000e+00 1.000000000000000000e+00
3.072979810589498428e-01 9.516133410356820699e-01 0.000000000000000000e+00 -9.516133410356820699e-01 3.072979810589498428e-01 -0.000000000000000000e+00 -0.000000000000000000e+00 0.000000000000000000e+00 1.000000000000000000e+00
3.090317537502382250e-01 9.510517205568013166e-01 0.000000000000000000e+00 -9.510517205568013166e-01 3.090317537502382250e-01 -0.000000000000000000e+00 -0.000000000000000000e+00 0.000000000000000000e+00 1.000000000000000000e+00
3.150330883150085914e-01 9.490806884910828467e-01 0.000000000000000000e+00 -9.490806884910828467e-01 3.150330883150085914e-01 -0.000000000000000000e+00 -0.000000000000000000e+00 0.000000000000000000e+00 1.000000000000000000e+00
3.255753437486600399e-01 9.455161000971594731e-01 0.000000000000000000e+00 -9.455161000971594731e-01 3.255753437486600399e-01 -0.000000000000000000e+00 -0.000000000000000000e+00 0.000000000000000000e+00 9.999999999999998890e-01
3.407860790340746515e-01 9.401408662198348365e-01 0.000000000000000000e+00 -9.401408662198348365e-01 3.407860790340746515e-01 -0.000000000000000000e+00 -0.000000000000000000e+00 0.000000000000000000e+00 1.000000000000000000e+00
3.603974049461866613e-01 9.327988585477869909e-01 0.000000000000000000e+00 -9.327988585477869909e-01 3.603974049461866613e-01 -0.000000000000000000e+00 -0.000000000000000000e+00 0.000000000000000000e+00 1.000000000000000000e+00
3.816266829669525684e-01 9.243165447224457321e-01 0.000000000000000000e+00 -9.243165447224457321e-01 3.816266829669525684e-01 -0.000000000000000000e+00 -0.000000000000000000e+00 0.000000000000000000e+00 1.000000000000000000e+00
4.031433807215651921e-01 9.151368283379196500e-01 0.000000000000000000e+00 -9.151368283379196500e-01 4.031433807215651921e-01 -0.000000000000000000e+00 -0.000000000000000000e+00 0.000000000000000000e+00 1.000000000000000000e+00
4.252067180078374364e-01 9.050962639194812809e-01 0.000000000000000000e+00 -9.050962639194812809e-01 4.252067180078374364e-01 -0.000000000000000000e+00 -0.000000000000000000e+00 0.000000000000000000e+00 1.000000000000000000e+00
4.477200350742859825e-01 8.941737919404036949e-01 0.000000000000000000e+00 -8.941737919404036949e-01 4.477200350742859825e-01 -0.000000000000000000e+00 -0.000000000000000000e+00 0.000000000000000000e+00 1.000000000000000000e+00
4.699157632522217853e-01 8.827112639176424302e-01 0.000000000000000000e+00 -8.827112639176424302e-01 4.699157632522217853e-01 -0.000000000000000000e+00 -0.000000000000000000e+00 0.000000000000000000e+00 1.000000000000000000e+00
4.931684678893986096e-01 8.699338263796984050e-01 0.000000000000000000e+00 -8.699338263796984050e-01 4.931684678893986096e-01 -0.000000000000000000e+00 -0.000000000000000000e+00 0.000000000000000000e+00 1.000000000000000000e+00
5.162362911971389856e-01 8.564461989237985851e-01 0.000000000000000000e+00 -8.564461989237985851e-01 5.162362911971389856e-01 -0.000000000000000000e+00 -0.000000000000000000e+00 0.000000000000000000e+00 1.000000000000000000e+00
5.390084118221272202e-01 8.423003810903731958e-01 0.000000000000000000e+00 -8.423003810903731958e-01 5.390084118221272202e-01 -0.000000000000000000e+00 -0.000000000000000000e+00 0.000000000000000000e+00 1.000000000000000000e+00
5.605565140485178066e-01 8.281161721387729768e-01 0.000000000000000000e+00 -8.281161721387729768e-01 5.605565140485178066e-01 -0.000000000000000000e+00 -0.000000000000000000e+00 0.000000000000000000e+00 1.000000000000000000e+00
5.821455906673931313e-01 8.130845658764603856e-01 0.000000000000000000e+00 -8.130845658764603856e-01 5.821455906673931313e-01 -0.000000000000000000e+00 -0.000000000000000000e+00 0.000000000000000000e+00 1.000000000000000000e+00
6.040128014274983581e-01 7.969746142203686379e-01 0.000000000000000000e+00 -7.969746142203686379e-01 6.040128014274983581e-01 -0.000000000000000000e+00 -0.000000000000000000e+00 0.000000000000000000e+00 1.000000000000000000e+00
6.266808316789036493e-01 7.792760327420815702e-01 0.000000000000000000e+00 -7.792760327420815702e-01 6.266808316789036493e-01 -0.000000000000000000e+00 -0.000000000000000000e+00 0.000000000000000000e+00 1.000000000000000000e+00
6.497848671822578082e-01 7.601181660642872817e-01 0.000000000000000000e+00 -7.601181660642872817e-01 6.497848671822578082e-01 -0.000000000000000000e+00 -0.000000000000000000e+00 0.000000000000000000e+00 9.999999999999998890e-01
6.723672251669554623e-01 7.402177480453225877e-01 0.000000000000000000e+00 -7.402177480453225877e-01 6.723672251669554623e-01 -0.000000000000000000e+00 -0.000000000000000000e+00 0.000000000000000000e+00 1.000000000000000000e+00
6.936244282275587647e-01 7.203368327150794226e-01 0.000000000000000000e+00 -7.203368327150794226e-01 6.936244282275587647e-01 -0.000000000000000000e+00 -0.000000000000000000e+00 0.000000000000000000e+00 1.000000000000000000e+00
7.135551715965939845e-01 7.005990415977996211e-01 0.000000000000000000e+00 -7.005990415977996211e-01 7.135551715965939845e-01 -0.000000000000000000e+00 -0.000000000000000000e+00 0.000000000000000000e+00 1.000000000000000000e+00
7.328352010762462232e-01 6.804061787370377923e-01 0.000000000000000000e+00 -6.804061787370377923e-01 7.328352010762462232e-01 -0.000000000000000000e+00 -0.000000000000000000e+00 0.000000000000000000e+00 1.000000000000000000e+00
7.537965535070609846e-01 6.571078723625800588e-01 0.000000000000000000e+00 -6.571078723625800588e-01 7.537965535070609846e-01 -0.000000000000000000e+00 -0.000000000000000000e+00 0.000000000000000000e+00 1.000000000000000000e+00
7.766066353753294793e-01 6.299858203888482056e-01 0.000000000000000000e+00 -6.299858203888482056e-01 7.766066353753294793e-01 -0.000000000000000000e+00 -0.000000000000000000e+00 0.000000000000000000e+00 1.000000000000000000e+00
8.003814534382693857e-01 5.994910583086652256e-01 0.000000000000000000e+00 -5.994910583086652256e-01 8.003814534382693857e-01 -0.000000000000000000e+00 -0.000000000000000000e+00 0.000000000000000000e+00 1.000000000000000000e+00
8.249358272072325748e-01 5.652263979945725270e-01 0.000000000000000000e+00 -5.652263979945725270e-01 8.249358272072325748e-01 -0.000000000000000000e+00 -0.000000000000000000e+00 0.000000000000000000e+00 9.999999999999998890e-01
8.486459067216843843e-01 5.289613643779005336e-01 0.000000000000000000e+00 -5.289613643779005336e-01 8.486459067216843843e-01 -0.000000000000000000e+00 -0.000000000000000000e+00 0.000000000000000000e+00 9.999999999999998890e-01
8.710210231828509064e-01 4.912457401072292118e-01 0.000000000000000000e+00 -4.912457401072292118e-01 8.710210231828509064e-01 -0.000000000000000000e+00 -0.000000000000000000e+00 0.000000000000000000e+00 9.999999999999998890e-01
8.918796733934107879e-01 4.522727586176987780e-01 0.000000000000000000e+00 -4.522727586176987780e-01 8.918796733934107879e-01 -0.000000000000000000e+00 -0.000000000000000000e+00 0.000000000000000000e+00 1.000000000000000222e+00
9.105971228514837534e-01 4.132951485979475814e-01 0.000000000000000000e+00 -4.132951485979475814e-01 9.105971228514837534e-01 -0.000000000000000000e+00 -0.000000000000000000e+00 0.000000000000000000e+00 1.000000000000000000e+00
9.268007071574051459e-01 3.755535237652997682e-01 0.000000000000000000e+00 -3.755535237652997682e-01 9.268007071574051459e-01 -0.000000000000000000e+00 -0.000000000000000000e+00 0.000000000000000000e+00 1.000000000000000000e+00
9.407303586124415862e-01 3.391554103724528368e-01 0.000000000000000000e+00 -3.391554103724528368e-01 9.407303586124415862e-01 -0.000000000000000000e+00 -0.000000000000000000e+00 0.000000000000000000e+00 1.000000000000000000e+00
9.530648893183428783e-01 3.027661089828495578e-01 0.000000000000000000e+00 -3.027661089828495578e-01 9.530648893183428783e-01 -0.000000000000000000e+00 -0.000000000000000000e+00 0.000000000000000000e+00 1.000000000000000000e+00
9.640768450249885824e-01 2.656234870764713762e-01 0.000000000000000000e+00 -2.656234870764713762e-01 9.640768450249885824e-01 -0.000000000000000000e+00 -0.000000000000000000e+00 0.000000000000000000e+00 1.000000000000000000e+00
9.737129848451017144e-01 2.277784518870100972e-01 0.000000000000000000e+00 -2.277784518870100972e-01 9.737129848451017144e-01 -0.000000000000000000e+00 -0.000000000000000000e+00 0.000000000000000000e+00 1.000000000000000222e+00
9.818597590136028952e-01 1.896085800530921683e-01 0.000000000000000000e+00 -1.896085800530921683e-01 9.818597590136028952e-01 -0.000000000000000000e+00 -0.000000000000000000e+00 0.000000000000000000e+00 1.000000000000000000e+00
9.890828966850988557e-01 1.473601828344891229e-01 0.000000000000000000e+00 -1.473601828344891229e-01 9.890828966850988557e-01 -0.000000000000000000e+00 -0.000000000000000000e+00 0.000000000000000000e+00 1.000000000000000000e+00
9.952606493353539641e-01 9.724319968290727478e-02 0.000000000000000000e+00 -9.724319968290727478e-02 9.952606493353539641e-01 -0.000000000000000000e+00 -0.000000000000000000e+00 0.000000000000000000e+00 1.000000000000000000e+00
9.992244787541127993e-01 3.937564042109832629e-02 0.000000000000000000e+00 -3.937564042109832629e-02 9.992244787541127993e-01 -0.000000000000000000e+00 -0.000000000000000000e+00 0.000000000000000000e+00 1.000000000000000000e+00
9.996962750394731145e-01 -2.464462765395490640e-02 0.000000000000000000e+00 2.464462765395490640e-02 9.996962750394731145e-01 0.000000000000000000e+00 0.000000000000000000e+00 0.000000000000000000e+00 1.000000000000000000e+00
9.956980829969154234e-01 -9.265704245370377790e-02 0.000000000000000000e+00 9.265704245370377790e-02 9.956980829969154234e-01 0.000000000000000000e+00 0.000000000000000000e+00 0.000000000000000000e+00 9.999999999999998890e-01
9.869501705844119233e-01 -1.610259630724197033e-01 0.000000000000000000e+00 1.610259630724197033e-01 9.869501705844119233e-01 0.000000000000000000e+00 0.000000000000000000e+00 0.000000000000000000e+00 1.000000000000000000e+00
9.743933072798853789e-01 -2.248503562998437066e-01 0.000000000000000000e+00 2.248503562998437066e-01 9.743933072798853789e-01 0.000000000000000000e+00 0.000000000000000000e+00 0.000000000000000000e+00 1.000000000000000000e+00
9.594065315767831281e-01 -2.820267844865216866e-01 0.000000000000000000e+00 2.820267844865216866e-01 9.594065315767831281e-01 0.000000000000000000e+00 0.000000000000000000e+00 0.000000000000000000e+00 9.999999999999998890e-01
9.427131560144010880e-01 -3.336044146550932732e-01 0.000000000000000000e+00 3.336044146550932732e-01 9.427131560144010880e-01 0.000000000000000000e+00 0.000000000000000000e+00 0.000000000000000000e+00 1.000000000000000000e+00
9.249636551394363471e-01 -3.800555705039646015e-01 0.000000000000000000e+00 3.800555705039646015e-01 9.249636551394363471e-01 0.000000000000000000e+00 0.000000000000000000e+00 0.000000000000000000e+00 1.000000000000000000e+00
9.063182315211223417e-01 -4.225958627488272112e-01 0.000000000000000000e+00 4.225958627488272112e-01 9.063182315211223417e-01 0.000000000000000000e+00 0.000000000000000000e+00 0.000000000000000000e+00 1.000000000000000222e+00
8.857964275416861932e-01 -4.640740123669783723e-01 0.000000000000000000e+00 4.640740123669783723e-01 8.857964275416861932e-01 0.000000000000000000e+00 0.000000000000000000e+00 0.000000000000000000e+00 1.000000000000000000e+00
8.627038237930123588e-01 -5.057095138643475929e-01 0.000000000000000000e+00 5.057095138643475929e-01 8.627038237930123588e-01 0.000000000000000000e+00 0.000000000000000000e+00 0.000000000000000000e+00 9.999999999999998890e-01
8.366890842387741944e-01 -5.476781685585807580e-01 0.000000000000000000e+00 5.476781685585807580e-01 8.366890842387741944e-01 0.000000000000000000e+00 0.000000000000000000e+00 0.000000000000000000e+00 1.000000000000000000e+00
8.088196646797591871e-01 -5.880567574880184445e-01 0.000000000000000000e+00 5.880567574880184445e-01 8.088196646797591871e-01 0.000000000000000000e+00 0.000000000000000000e+00 0.000000000000000000e+00 1.000000000000000000e+00
7.797877529745251834e-01 -6.260439763394749502e-01 0.000000000000000000e+00 6.260439763394749502e-01 7.797877529745251834e-01 0.000000000000000000e+00 0.000000000000000000e+00 0.000000000000000000e+00 1.000000000000000000e+00
7.499173528465578054e-01 -6.615315290291245987e-01 0.000000000000000000e+00 6.615315290291245987e-01 7.499173528465578054e-01 0.000000000000000000e+00 0.000000000000000000e+00 0.000000000000000000e+00 1.000000000000000000e+00
7.196626788063484881e-01 -6.943238644417103478e-01 0.000000000000000000e+00 6.943238644417103478e-01 7.196626788063484881e-01 0.000000000000000000e+00 0.000000000000000000e+00 0.000000000000000000e+00 1.000000000000000000e+00
6.878999996354800972e-01 -7.258054770401682898e-01 0.000000000000000000e+00 7.258054770401682898e-01 6.878999996354800972e-01 0.000000000000000000e+00 0.000000000000000000e+00 0.000000000000000000e+00 9.999999999999998890e-01
6.534559029958924015e-01 -7.569645849310406849e-01 0.000000000000000000e+00 7.569645849310406849e-01 6.534559029958924015e-01 0.000000000000000000e+00 0.000000000000000000e+00 0.000000000000000000e+00 1.000000000000000000e+00
6.169533324337814761e-01 -7.869997367209546901e-01 0.000000000000000000e+00 7.869997367209546901e-01 6.169533324337814761e-01 0.000000000000000000e+00 0.000000000000000000e+00 0.000000000000000000e+00 1.000000000000000000e+00
5.781850733181015389e-01 -8.159056446625072567e-01 0.000000000000000000e+00 8.159056446625072567e-01 5.781850733181015389e-01 0.000000000000000000e+00 0.000000000000000000e+00 0.000000000000000000e+00 1.000000000000000000e+00
5.381185392882309459e-01 -8.428691699631092327e-01 0.000000000000000000e+00 8.428691699631092327e-01 5.381185392882309459e-01 0.000000000000000000e+00 0.000000000000000000e+00 0.000000000000000000e+00 1.000000000000000000e+00
5.000439415515683939e-01 -8.660000326313916919e-01 0.000000000000000000e+00 8.660000326313916919e-01 5.000439415515683939e-01 0.000000000000000000e+00 0.000000000000000000e+00 0.000000000000000000e+00 9.999999999999998890e-01
4.690288575373881552e-01 -8.831828410907747173e-01 0.000000000000000000e+00 8.831828410907747173e-01 4.690288575373881552e-01 0.000000000000000000e+00 0.000000000000000000e+00 0.000000000000000000e+00 1.000000000000000000e+00
4.476279119489747771e-01 -8.942199127978536222e-01 0.000000000000000000e+00 8.942199127978536222e-01 4.476279119489747771e-01 0.000000000000000000e+00 0.000000000000000000e+00 0.000000000000000000e+00 1.000000000000000000e+00
4.358685913599741890e-01 -9.000103171996818308e-01 0.000000000000000000e+00 9.000103171996818308e-01 4.358685913599741890e-01 0.000000000000000000e+00 0.000000000000000000e+00 0.000000000000000000e+00 1.000000000000000000e+00
4.280835600461796453e-01 -9.037391579533272656e-01 0.000000000000000000e+00 9.037391579533272656e-01 4.280835600461796453e-01 0.000000000000000000e+00 0.000000000000000000e+00 0.000000000000000000e+00 1.000000000000000000e+00
4.216322884960924666e-01 -9.067669013023953450e-01 0.000000000000000000e+00 9.067669013023953450e-01 4.216322884960924666e-01 0.000000000000000000e+00 0.000000000000000000e+00 0.000000000000000000e+00 1.000000000000000000e+00
4.122415920624354357e-01 -9.110745687230153989e-01 0.000000000000000000e+00 9.110745687230153989e-01 4.122415920624354357e-01 0.000000000000000000e+00 0.000000000000000000e+00 0.000000000000000000e+00 1.000000000000000000e+00
3.991209559017338537e-01 -9.168982836498746902e-01 0.000000000000000000e+00 9.168982836498746902e-01 3.991209559017338537e-01 0.000000000000000000e+00 0.000000000000000000e+00 0.000000000000000000e+00 9.999999999999997780e-01
3.851171960306168374e-01 -9.228676748708426469e-01 0.000000000000000000e+00 9.228676748708426469e-01 3.851171960306168374e-01 0.000000000000000000e+00 0.000000000000000000e+00 0.000000000000000000e+00 1.000000000000000000e+00
3.696280156938951400e-01 -9.291798157591423246e-01 0.000000000000000000e+00 9.291798157591423246e-01 3.696280156938951400e-01 0.000000000000000000e+00 0.000000000000000000e+00 0.000000000000000000e+00 1.000000000000000000e+00
3.530506857228382089e-01 -9.356041969287194338e-01 0.000000000000000000e+00 9.356041969287194338e-01 3.530506857228382089e-01 0.000000000000000000e+00 0.000000000000000000e+00 0.000000000000000000e+00 1.000000000000000222e+00
3.357010177597664069e-01 -9.419685911297981384e-01 0.000000000000000000e+00 9.419685911297981384e-01 3.357010177597664069e-01 0.000000000000000000e+00 0.000000000000000000e+00 0.000000000000000000e+00 1.000000000000000000e+00
3.181803584639597560e-01 -9.480301996707415357e-01 0.000000000000000000e+00 9.480301996707415357e-01 3.181803584639597560e-01 0.000000000000000000e+00 0.000000000000000000e+00 0.000000000000000000e+00 1.000000000000000000e+00
3.010216456504792304e-01 -9.536173073355356244e-01 0.000000000000000000e+00 9.536173073355356244e-01 3.010216456504792304e-01 0.000000000000000000e+00 0.000000000000000000e+00 0.000000000000000000e+00 1.000000000000000000e+00
2.851409136267478717e-01 -9.584856072868824794e-01 0.000000000000000000e+00 9.584856072868824794e-01 2.851409136267478717e-01 0.000000000000000000e+00 0.000000000000000000e+00 0.000000000000000000e+00 1.000000000000000000e+00
2.712835641144787369e-01 -9.624994690083448212e-01 0.000000000000000000e+00 9.624994690083448212e-01 2.712835641144787369e-01 0.000000000000000000e+00 0.000000000000000000e+00 0.000000000000000000e+00 1.000000000000000000e+00
2.584298365367971861e-01 -9.660300303756422791e-01 0.000000000000000000e+00 9.660300303756422791e-01 2.584298365367971861e-01 0.000000000000000000e+00 0.000000000000000000e+00 0.000000000000000000e+00 1.000000000000000000e+00
2.473807559183741622e-01 -9.689183461991281998e-01 0.000000000000000000e+00 9.689183461991281998e-01 2.473807559183741622e-01 0.000000000000000000e+00 0.000000000000000000e+00 0.000000000000000000e+00 9.999999999999998890e-01
2.402235462073210592e-01 -9.707175942814568748e-01 0.000000000000000000e+00 9.707175942814568748e-01 2.402235462073210592e-01 0.000000000000000000e+00 0.000000000000000000e+00 0.000000000000000000e+00 1.000000000000000000e+00
2.353876257583313314e-01 -9.719015719916579421e-01 0.000000000000000000e+00 9.719015719916579421e-01 2.353876257583313314e-01 0.000000000000000000e+00 0.000000000000000000e+00 0.000000000000000000e+00 1.000000000000000000e+00
2.328982009824601684e-01 -9.725011197829717124e-01 0.000000000000000000e+00 9.725011197829717124e-01 2.328982009824601684e-01 0.000000000000000000e+00 0.000000000000000000e+00 0.000000000000000000e+00 1.000000000000000000e+00
2.316976273443299150e-01 -9.727878543048364968e-01 0.000000000000000000e+00 9.727878543048364968e-01 2.316976273443299150e-01 0.000000000000000000e+00 0.000000000000000000e+00 0.000000000000000000e+00 1.000000000000000000e+00
2.294981143905263088e-01 -9.733091058297939080e-01 0.000000000000000000e+00 9.733091058297939080e-01 2.294981143905263088e-01 0.000000000000000000e+00 0.000000000000000000e+00 0.000000000000000000e+00 1.000000000000000000e+00
2.249737466135185993e-01 -9.743648255836601102e-01 0.000000000000000000e+00 9.743648255836601102e-01 2.249737466135185993e-01 0.000000000000000000e+00 0.000000000000000000e+00 0.000000000000000000e+00 1.000000000000000000e+00
2.183166110974393836e-01 -9.758779930498121535e-01 0.000000000000000000e+00 9.758779930498121535e-01 2.183166110974393836e-01 0.000000000000000000e+00 0.000000000000000000e+00 0.000000000000000000e+00 9.999999999999998890e-01
2.101163036485457214e-01 -9.776763978643815411e-01 0.000000000000000000e+00 9.776763978643815411e-01 2.101163036485457214e-01 0.000000000000000000e+00 0.000000000000000000e+00 0.000000000000000000e+00 1.000000000000000000e+00
2.004851539048935205e-01 -9.796967403557751419e-01 0.000000000000000000e+00 9.796967403557751419e-01 2.004851539048935205e-01 0.000000000000000000e+00 0.000000000000000000e+00 0.000000000000000000e+00 1.000000000000000000e+00
1.862685044560000169e-01 -9.824988774791170165e-01 0.000000000000000000e+00 9.824988774791170165e-01 1.862685044560000169e-01 0.000000000000000000e+00 0.000000000000000000e+00 0.000000000000000000e+00 1.000000000000000000e+00
1.685735740326199106e-01 -9.856890737640693345e-01 0.000000000000000000e+00 9.856890737640693345e-01 1.685735740326199106e-01 0.000000000000000000e+00 0.000000000000000000e+00 0.000000000000000000e+00 1.000000000000000000e+00
1.486804432669968645e-01 -9.888852945564158281e-01 0.000000000000000000e+00 9.888852945564158281e-01 1.486804432669968645e-01 0.000000000000000000e+00 0.000000000000000000e+00 0.000000000000000000e+00 1.000000000000000000e+00
1.278483992985274265e-01 -9.917937218982605385e-01 0.000000000000000000e+00 9.917937218982605385e-01 1.278483992985274265e-01 0.000000000000000000e+00 0.000000000000000000e+00 0.000000000000000000e+00 9.999999999999998890e-01
1.072849767160861667e-01 -9.942283106867501052e-01 0.000000000000000000e+00 9.942283106867501052e-01 1.072849767160861667e-01 0.000000000000000000e+00 0.000000000000000000e+00 0.000000000000000000e+00 1.000000000000000000e+00
9.030187299319464289e-02 -9.959144399665670333e-01 0.000000000000000000e+00 9.959144399665670333e-01 9.030187299319464289e-02 0.000000000000000000e+00 0.000000000000000000e+00 0.000000000000000000e+00 1.000000000000000000e+00
7.655290249541280012e-02 -9.970655209761932758e-01 0.000000000000000000e+00 9.970655209761932758e-01 7.655290249541280012e-02 0.000000000000000000e+00 0.000000000000000000e+00 0.000000000000000000e+00 1.000000000000000000e+00
6.775989873347842973e-02 -9.977016568712455680e-01 0.000000000000000000e+00 9.977016568712455680e-01 6.775989873347842973e-02 0.000000000000000000e+00 0.000000000000000000e+00 0.000000000000000000e+00 1.000000000000000000e+00
2.220446049250313081e-16 -1.000000000000000000e+00 0.000000000000000000e+00 1.000000000000000000e+00 2.220446049250313081e-16 0.000000000000000000e+00 0.000000000000000000e+00 0.000000000000000000e+00 1.000000000000000000e+00
2.220446049250313081e-16 -1.000000000000000000e+00 0.000000000000000000e+00 1.000000000000000000e+00 2.220446049250313081e-16 0.000000000000000000e+00 0.000000000000000000e+00 0.000000000000000000e+00 1.000000000000000000e+00
2.220446049250313081e-16 -1.000000000000000000e+00 0.000000000000000000e+00 1.000000000000000000e+00 2.220446049250313081e-16 0.000000000000000000e+00 0.000000000000000000e+00 0.000000000000000000e+00 1.000000000000000000e+00
2.220446049250313081e-16 -1.000000000000000000e+00 0.000000000000000000e+00 1.000000000000000000e+00 2.220446049250313081e-16 0.000000000000000000e+00 0.000000000000000000e+00 0.000000000000000000e+00 1.000000000000000000e+00
2.220446049250313081e-16 -1.000000000000000000e+00 0.000000000000000000e+00 1.000000000000000000e+00 2.220446049250313081e-16 0.000000000000000000e+00 0.000000000000000000e+00 0.000000000000000000e+00 1.000000000000000000e+00
2.220446049250313081e-16 -1.000000000000000000e+00 0.000000000000000000e+00 1.000000000000000000e+00 2.220446049250313081e-16 0.000000000000000000e+00 0.000000000000000000e+00 0.000000000000000000e+00 1.000000000000000000e+00
2.220446049250313081e-16 -1.000000000000000000e+00 0.000000000000000000e+00 1.000000000000000000e+00 2.220446049250313081e-16 0.000000000000000000e+00 0.000000000000000000e+00 0.000000000000000000e+00 1.000000000000000000e+00
1.385135341936227227e-01 -9.903605408361099149e-01 0.000000000000000000e+00 9.903605408361099149e-01 1.385135341936227227e-01 0.000000000000000000e+00 0.000000000000000000e+00 0.000000000000000000e+00 1.000000000000000000e+00
1.590372076662439627e-01 -9.872725898037095771e-01 0.000000000000000000e+00 9.872725898037095771e-01 1.590372076662439627e-01 0.000000000000000000e+00 0.000000000000000000e+00 0.000000000000000000e+00 9.999999999999998890e-01
1.812556254152053459e-01 -9.834360163505009300e-01 0.000000000000000000e+00 9.834360163505009300e-01 1.812556254152053459e-01 0.000000000000000000e+00 0.000000000000000000e+00 0.000000000000000000e+00 1.000000000000000000e+00
2.046990819999874867e-01 -9.788249515763083330e-01 0.000000000000000000e+00 9.788249515763083330e-01 2.046990819999874867e-01 0.000000000000000000e+00 0.000000000000000000e+00 0.000000000000000000e+00 1.000000000000000000e+00
2.276589039876332765e-01 -9.737409426716890914e-01 0.000000000000000000e+00 9.737409426716890914e-01 2.276589039876332765e-01 0.000000000000000000e+00 0.000000000000000000e+00 0.000000000000000000e+00 1.000000000000000000e+00
2.531998680607491226e-01 -9.674139893623717734e-01 0.000000000000000000e+00 9.674139893623717734e-01 2.531998680607491226e-01 0.000000000000000000e+00 0.000000000000000000e+00 0.000000000000000000e+00 9.999999999999998890e-01
2.842911745135322521e-01 -9.587379871965625577e-01 0.000000000000000000e+00 9.587379871965625577e-01 2.842911745135322521e-01 0.000000000000000000e+00 0.000000000000000000e+00 0.000000000000000000e+00 9.999999999999998890e-01
3.233971836729553351e-01 -9.462633151466884884e-01 0.000000000000000000e+00 9.462633151466884884e-01 3.233971836729553351e-01 0.000000000000000000e+00 0.000000000000000000e+00 0.000000000000000000e+00 1.000000000000000000e+00
3.699956636404443944e-01 -9.290334810367529839e-01 0.000000000000000000e+00 9.290334810367529839e-01 3.699956636404443944e-01 0.000000000000000000e+00 0.000000000000000000e+00 0.000000000000000000e+00 9.999999999999997780e-01
4.199024168181669237e-01 -9.075692592580811846e-01 0.000000000000000000e+00 9.075692592580811846e-01 4.199024168181669237e-01 0.000000000000000000e+00 0.000000000000000000e+00 0.000000000000000000e+00 1.000000000000000000e+00
4.697191810842125670e-01 -8.828158873296156894e-01 0.000000000000000000e+00 8.828158873296156894e-01 4.697191810842125670e-01 0.000000000000000000e+00 0.000000000000000000e+00 0.000000000000000000e+00 1.000000000000000000e+00
5.166131223925849447e-01 -8.562189449970049049e-01 0.000000000000000000e+00 8.562189449970049049e-01 5.166131223925849447e-01 0.000000000000000000e+00 0.000000000000000000e+00 0.000000000000000000e+00 1.000000000000000000e+00
5.594501526944951619e-01 -8.288639976800210585e-01 0.000000000000000000e+00 8.288639976800210585e-01 5.594501526944951619e-01 0.000000000000000000e+00 0.000000000000000000e+00 0.000000000000000000e+00 9.999999999999998890e-01
5.976402863066669902e-01 -8.017643595117490696e-01 0.000000000000000000e+00 8.017643595117490696e-01 5.976402863066669902e-01 0.000000000000000000e+00 0.000000000000000000e+00 0.000000000000000000e+00 1.000000000000000000e+00
6.301334870011860989e-01 -7.764868244598396307e-01 0.000000000000000000e+00 7.764868244598396307e-01 6.301334870011860989e-01 0.000000000000000000e+00 0.000000000000000000e+00 0.000000000000000000e+00 1.000000000000000000e+00
6.572899846129862667e-01 -7.536377618773226761e-01 0.000000000000000000e+00 7.536377618773226761e-01 6.572899846129862667e-01 0.000000000000000000e+00 0.000000000000000000e+00 0.000000000000000000e+00 1.000000000000000000e+00
6.810380345060963458e-01 -7.322480423709395447e-01 0.000000000000000000e+00 7.322480423709395447e-01 6.810380345060963458e-01 0.000000000000000000e+00 0.000000000000000000e+00 0.000000000000000000e+00 1.000000000000000000e+00
7.027489836948015434e-01 -7.114378861966260681e-01 0.000000000000000000e+00 7.114378861966260681e-01 7.027489836948015434e-01 0.000000000000000000e+00 0.000000000000000000e+00 0.000000000000000000e+00 1.000000000000000000e+00
7.238443688099519546e-01 -6.899632814448333207e-01 0.000000000000000000e+00 6.899632814448333207e-01 7.238443688099519546e-01 0.000000000000000000e+00 0.000000000000000000e+00 0.000000000000000000e+00 1.000000000000000000e+00
7.455205227289380954e-01 -6.664826705848930777e-01 0.000000000000000000e+00 6.664826705848930777e-01 7.455205227289380954e-01 0.000000000000000000e+00 0.000000000000000000e+00 0.000000000000000000e+00 1.000000000000000000e+00
7.672786178281718605e-01 -6.413139033450702131e-01 0.000000000000000000e+00 6.413139033450702131e-01 7.672786178281718605e-01 0.000000000000000000e+00 0.000000000000000000e+00 0.000000000000000000e+00 1.000000000000000000e+00
7.887442171078908881e-01 -6.147215304337895203e-01 0.000000000000000000e+00 6.147215304337895203e-01 7.887442171078908881e-01 0.000000000000000000e+00 0.000000000000000000e+00 0.000000000000000000e+00 1.000000000000000000e+00
8.110548784518510912e-01 -5.849700711484758786e-01 0.000000000000000000e+00 5.849700711484758786e-01 8.110548784518510912e-01 0.000000000000000000e+00 0.000000000000000000e+00 0.000000000000000000e+00 9.999999999999998890e-01
8.347148656129030897e-01 -5.506823886096534615e-01 0.000000000000000000e+00 5.506823886096534615e-01 8.347148656129030897e-01 0.000000000000000000e+00 0.000000000000000000e+00 0.000000000000000000e+00 1.000000000000000000e+00
8.589090389329641084e-01 -5.121281703238476091e-01 0.000000000000000000e+00 5.121281703238476091e-01 8.589090389329641084e-01 0.000000000000000000e+00 0.000000000000000000e+00 0.000000000000000000e+00 1.000000000000000000e+00
8.819268196411126359e-01 -4.713863434569487976e-01 0.000000000000000000e+00 4.713863434569487976e-01 8.819268196411126359e-01 0.000000000000000000e+00 0.000000000000000000e+00 0.000000000000000000e+00 1.000000000000000000e+00
9.037010156055501620e-01 -4.281640741508996317e-01 0.000000000000000000e+00 4.281640741508996317e-01 9.037010156055501620e-01 0.000000000000000000e+00 0.000000000000000000e+00 0.000000000000000000e+00 9.999999999999998890e-01
9.243613552594012184e-01 -3.815181318142075728e-01 0.000000000000000000e+00 3.815181318142075728e-01 9.243613552594012184e-01 0.000000000000000000e+00 0.000000000000000000e+00 0.000000000000000000e+00 1.000000000000000000e+00
9.419921122431447191e-01 -3.356350107955050066e-01 0.000000000000000000e+00 3.356350107955050066e-01 9.419921122431447191e-01 0.000000000000000000e+00 0.000000000000000000e+00 0.000000000000000000e+00 1.000000000000000000e+00
9.560980042177246174e-01 -2.930471059930197519e-01 0.000000000000000000e+00 2.930471059930197519e-01 9.560980042177246174e-01 0.000000000000000000e+00 0.000000000000000000e+00 0.000000000000000000e+00 1.000000000000000222e+00
9.658229252586599811e-01 -2.592027720623465981e-01 0.000000000000000000e+00 2.592027720623465981e-01 9.658229252586599811e-01 0.000000000000000000e+00 0.000000000000000000e+00 0.000000000000000000e+00 9.999999999999998890e-01
9.711428379289503976e-01 -2.384986128666253535e-01 0.000000000000000000e+00 2.384986128666253535e-01 9.711428379289503976e-01 0.000000000000000000e+00 0.000000000000000000e+00 0.000000000000000000e+00 1.000000000000000000e+00
9.727355022367141224e-01 -2.319173186467274050e-01 0.000000000000000000e+00 2.319173186467274050e-01 9.727355022367141224e-01 0.000000000000000000e+00 0.000000000000000000e+00 0.000000000000000000e+00 1.000000000000000000e+00
9.729359716964883775e-01 -2.310748687741920326e-01 0.000000000000000000e+00 2.310748687741920326e-01 9.729359716964883775e-01 0.000000000000000000e+00 0.000000000000000000e+00 0.000000000000000000e+00 1.000000000000000000e+00
9.730167038303612070e-01 -2.307346832773500556e-01 0.000000000000000000e+00 2.307346832773500556e-01 9.730167038303612070e-01 0.000000000000000000e+00 0.000000000000000000e+00 0.000000000000000000e+00 1.000000000000000000e+00
9.733330870877098251e-01 -2.293963852816968407e-01 0.000000000000000000e+00 2.293963852816968407e-01 9.733330870877098251e-01 0.000000000000000000e+00 0.000000000000000000e+00 0.000000000000000000e+00 1.000000000000000000e+00
9.738360317305060354e-01 -2.272518059408563107e-01 0.000000000000000000e+00 2.272518059408563107e-01 9.738360317305060354e-01 0.000000000000000000e+00 0.000000000000000000e+00 0.000000000000000000e+00 9.999999999999998890e-01
9.752196018713856773e-01 -2.212390745908509593e-01 0.000000000000000000e+00 2.212390745908509593e-01 9.752196018713856773e-01 0.000000000000000000e+00 0.000000000000000000e+00 0.000000000000000000e+00 1.000000000000000000e+00
9.778468466074327070e-01 -2.093216295080372324e-01 0.000000000000000000e+00 2.093216295080372324e-01 9.778468466074327070e-01 0.000000000000000000e+00 0.000000000000000000e+00 0.000000000000000000e+00 1.000000000000000000e+00
9.814593358396427325e-01 -1.916704778864173619e-01 0.000000000000000000e+00 1.916704778864173619e-01 9.814593358396427325e-01 0.000000000000000000e+00 0.000000000000000000e+00 0.000000000000000000e+00 1.000000000000000222e+00
9.853383223134315472e-01 -1.706118125469400226e-01 0.000000000000000000e+00 1.706118125469400226e-01 9.853383223134315472e-01 0.000000000000000000e+00 0.000000000000000000e+00 0.000000000000000000e+00 1.000000000000000000e+00
9.891298355696273026e-01 -1.470447836069079250e-01 0.000000000000000000e+00 1.470447836069079250e-01 9.891298355696273026e-01 0.000000000000000000e+00 0.000000000000000000e+00 0.000000000000000000e+00 1.000000000000000222e+00
9.924263916981833633e-01 -1.228407793077033044e-01 0.000000000000000000e+00 1.228407793077033044e-01 9.924263916981833633e-01 0.000000000000000000e+00 0.000000000000000000e+00 0.000000000000000000e+00 9.999999999999998890e-01
9.951352886214962501e-01 -9.851780214870321795e-02 0.000000000000000000e+00 9.851780214870321795e-02 9.951352886214962501e-01 0.000000000000000000e+00 0.000000000000000000e+00 0.000000000000000000e+00 9.999999999999998890e-01
9.973050642955437750e-01 -7.336626425313538813e-02 0.000000000000000000e+00 7.336626425313538813e-02 9.973050642955437750e-01 0.000000000000000000e+00 0.000000000000000000e+00 0.000000000000000000e+00 9.999999999999998890e-01
9.989194549083785235e-01 -4.647496751529685971e-02 0.000000000000000000e+00 4.647496751529685971e-02 9.989194549083785235e-01 0.000000000000000000e+00 0.000000000000000000e+00 0.000000000000000000e+00 9.999999999999998890e-01
9.998410322228969971e-01 -1.783003879557607321e-02 0.000000000000000000e+00 1.783003879557607321e-02 9.998410322228969971e-01 0.000000000000000000e+00 0.000000000000000000e+00 0.000000000000000000e+00 1.000000000000000000e+00
9.999078837571031553e-01 1.357291421881910536e-02 0.000000000000000000e+00 -1.357291421881910536e-02 9.999078837571031553e-01 -0.000000000000000000e+00 -0.000000000000000000e+00 0.000000000000000000e+00 1.000000000000000000e+00
9.989252757149816864e-01 4.634968756903988518e-02 0.000000000000000000e+00 -4.634968756903988518e-02 9.989252757149816864e-01 -0.000000000000000000e+00 -0.000000000000000000e+00 0.000000000000000000e+00 9.999999999999998890e-01
9.965834876658468122e-01 8.259147723450033229e-02 0.000000000000000000e+00 -8.259147723450033229e-02 9.965834876658468122e-01 -0.000000000000000000e+00 -0.000000000000000000e+00 0.000000000000000000e+00 1.000000000000000000e+00
9.924679456666312127e-01 1.225045991963434749e-01 0.000000000000000000e+00 -1.225045991963434749e-01 9.924679456666312127e-01 -0.000000000000000000e+00 -0.000000000000000000e+00 0.000000000000000000e+00 1.000000000000000000e+00
9.859269790486628882e-01 1.671765294052289241e-01 0.000000000000000000e+00 -1.671765294052289241e-01 9.859269790486628882e-01 -0.000000000000000000e+00 -0.000000000000000000e+00 0.000000000000000000e+00 1.000000000000000000e+00
9.758982568534303459e-01 2.182260119015048128e-01 0.000000000000000000e+00 -2.182260119015048128e-01 9.758982568534303459e-01 -0.000000000000000000e+00 -0.000000000000000000e+00 0.000000000000000000e+00 9.999999999999998890e-01
9.617704634231938332e-01 2.738568525466090198e-01 0.000000000000000000e+00 -2.738568525466090198e-01 9.617704634231938332e-01 -0.000000000000000000e+00 -0.000000000000000000e+00 0.000000000000000000e+00 1.000000000000000000e+00
9.439976143924807550e-01 3.299522753691888632e-01 0.000000000000000000e+00 -3.299522753691888632e-01 9.439976143924807550e-01 -0.000000000000000000e+00 -0.000000000000000000e+00 0.000000000000000000e+00 9.999999999999998890e-01
9.224525640092411383e-01 3.861104338822985427e-01 0.000000000000000000e+00 -3.861104338822985427e-01 9.224525640092411383e-01 -0.000000000000000000e+00 -0.000000000000000000e+00 0.000000000000000000e+00 1.000000000000000000e+00
8.983536597088949138e-01 4.392729243734868616e-01 0.000000000000000000e+00 -4.392729243734868616e-01 8.983536597088949138e-01 -0.000000000000000000e+00 -0.000000000000000000e+00 0.000000000000000000e+00 1.000000000000000000e+00
8.716690862799010286e-01 4.900948928768412149e-01 0.000000000000000000e+00 -4.900948928768412149e-01 8.716690862799010286e-01 -0.000000000000000000e+00 -0.000000000000000000e+00 0.000000000000000000e+00 1.000000000000000000e+00
8.428802920288653855e-01 5.381011181082366868e-01 0.000000000000000000e+00 -5.381011181082366868e-01 8.428802920288653855e-01 -0.000000000000000000e+00 -0.000000000000000000e+00 0.000000000000000000e+00 1.000000000000000000e+00
8.127727395602313276e-01 5.825808732079662544e-01 0.000000000000000000e+00 -5.825808732079662544e-01 8.127727395602313276e-01 -0.000000000000000000e+00 -0.000000000000000000e+00 0.000000000000000000e+00 1.000000000000000000e+00
7.819800036962185619e-01 6.233035166106972724e-01 0.000000000000000000e+00 -6.233035166106972724e-01 7.819800036962185619e-01 -0.000000000000000000e+00 -0.000000000000000000e+00 0.000000000000000000e+00 1.000000000000000000e+00
7.512308433475569647e-01 6.600395594230078489e-01 0.000000000000000000e+00 -6.600395594230078489e-01 7.512308433475569647e-01 -0.000000000000000000e+00 -0.000000000000000000e+00 0.000000000000000000e+00 1.000000000000000000e+00
7.213458510279283642e-01 6.925750235207691619e-01 0.000000000000000000e+00 -6.925750235207691619e-01 7.213458510279283642e-01 -0.000000000000000000e+00 -0.000000000000000000e+00 0.000000000000000000e+00 1.000000000000000000e+00
6.937964204659952117e-01 7.201711789210757386e-01 0.000000000000000000e+00 -7.201711789210757386e-01 6.937964204659952117e-01 -0.000000000000000000e+00 -0.000000000000000000e+00 0.000000000000000000e+00 1.000000000000000000e+00
6.681370473355956463e-01 7.440382288415507972e-01 0.000000000000000000e+00 -7.440382288415507972e-01 6.681370473355956463e-01 -0.000000000000000000e+00 -0.000000000000000000e+00 0.000000000000000000e+00 1.000000000000000000e+00
6.428679228773083176e-01 7.659770451752553333e-01 0.000000000000000000e+00 -7.659770451752553333e-01 6.428679228773083176e-01 -0.000000000000000000e+00 -0.000000000000000000e+00 0.000000000000000000e+00 9.999999999999998890e-01
6.174076479799198713e-01 7.866433729561974619e-01 0.000000000000000000e+00 -7.866433729561974619e-01 6.174076479799198713e-01 -0.000000000000000000e+00 -0.000000000000000000e+00 0.000000000000000000e+00 9.999999999999998890e-01
5.904006786276727592e-01 8.071103014309650714e-01 0.000000000000000000e+00 -8.071103014309650714e-01 5.904006786276727592e-01 -0.000000000000000000e+00 -0.000000000000000000e+00 0.000000000000000000e+00 1.000000000000000000e+00
5.623090681387203915e-01 8.269271502913444483e-01 0.000000000000000000e+00 -8.269271502913444483e-01 5.623090681387203915e-01 -0.000000000000000000e+00 -0.000000000000000000e+00 0.000000000000000000e+00 1.000000000000000000e+00
5.346277511565143969e-01 8.450876686435129237e-01 0.000000000000000000e+00 -8.450876686435129237e-01 5.346277511565143969e-01 -0.000000000000000000e+00 -0.000000000000000000e+00 0.000000000000000000e+00 9.999999999999998890e-01
5.061174394745620031e-01 8.624645717127823463e-01 0.000000000000000000e+00 -8.624645717127823463e-01 5.061174394745620031e-01 -0.000000000000000000e+00 -0.000000000000000000e+00 0.000000000000000000e+00 1.000000000000000000e+00
4.790020680023281963e-01 8.778137723056598229e-01 0.000000000000000000e+00 -8.778137723056598229e-01 4.790020680023281963e-01 -0.000000000000000000e+00 -0.000000000000000000e+00 0.000000000000000000e+00 1.000000000000000000e+00
4.549834459172637513e-01 8.904998955312978248e-01 0.000000000000000000e+00 -8.904998955312978248e-01 4.549834459172637513e-01 -0.000000000000000000e+00 -0.000000000000000000e+00 0.000000000000000000e+00 1.000000000000000000e+00
4.346091470528968270e-01 9.006191699591750144e-01 0.000000000000000000e+00 -9.006191699591750144e-01 4.346091470528968270e-01 -0.000000000000000000e+00 -0.000000000000000000e+00 0.000000000000000000e+00 1.000000000000000000e+00
4.190430641871043527e-01 9.079663597054036250e-01 0.000000000000000000e+00 -9.079663597054036250e-01 4.190430641871043527e-01 -0.000000000000000000e+00 -0.000000000000000000e+00 0.000000000000000000e+00 1.000000000000000000e+00
4.103330713334362723e-01 9.119357272144068549e-01 0.000000000000000000e+00 -9.119357272144068549e-01 4.103330713334362723e-01 -0.000000000000000000e+00 -0.000000000000000000e+00 0.000000000000000000e+00 1.000000000000000000e+00
4.075813032756059884e-01 9.131689226096989520e-01 0.000000000000000000e+00 -9.131689226096989520e-01 4.075813032756059884e-01 -0.000000000000000000e+00 -0.000000000000000000e+00 0.000000000000000000e+00 1.000000000000000000e+00
4.088154832374933934e-01 9.126170613490055539e-01 0.000000000000000000e+00 -9.126170613490055539e-01 4.088154832374933934e-01 -0.000000000000000000e+00 -0.000000000000000000e+00 0.000000000000000000e+00 9.999999999999998890e-01
4.110660158093527583e-01 9.116055784420282748e-01 0.000000000000000000e+00 -9.116055784420282748e-01 4.110660158093527583e-01 -0.000000000000000000e+00 -0.000000000000000000e+00 0.000000000000000000e+00 1.000000000000000000e+00
4.144716998282205744e-01 9.100622011936905231e-01 0.000000000000000000e+00 -9.100622011936905231e-01 4.144716998282205744e-01 -0.000000000000000000e+00 -0.000000000000000000e+00 0.000000000000000000e+00 1.000000000000000000e+00
4.167472390960251794e-01 9.090224082528661764e-01 0.000000000000000000e+00 -9.090224082528661764e-01 4.167472390960251794e-01 -0.000000000000000000e+00 -0.000000000000000000e+00 0.000000000000000000e+00 1.000000000000000000e+00
4.173746785685228944e-01 9.087344924067877194e-01 0.000000000000000000e+00 -9.087344924067877194e-01 4.173746785685228944e-01 -0.000000000000000000e+00 -0.000000000000000000e+00 0.000000000000000000e+00 1.000000000000000000e+00
4.167862966981359940e-01 9.090045010255193292e-01 0.000000000000000000e+00 -9.090045010255193292e-01 4.167862966981359940e-01 -0.000000000000000000e+00 -0.000000000000000000e+00 0.000000000000000000e+00 1.000000000000000000e+00
4.162562165775599565e-01 9.092473602714145064e-01 0.000000000000000000e+00 -9.092473602714145064e-01 4.162562165775599565e-01 -0.000000000000000000e+00 -0.000000000000000000e+00 0.000000000000000000e+00 9.999999999999998890e-01
4.154207973130882303e-01 9.096293537258778317e-01 0.000000000000000000e+00 -9.096293537258778317e-01 4.154207973130882303e-01 -0.000000000000000000e+00 -0.000000000000000000e+00 0.000000000000000000e+00 1.000000000000000000e+00
4.138779646057048067e-01 9.103323735943036343e-01 0.000000000000000000e+00 -9.103323735943036343e-01 4.138779646057048067e-01 -0.000000000000000000e+00 -0.000000000000000000e+00 0.000000000000000000e+00 9.999999999999998890e-01
4.123027823459693431e-01 9.110468789638501708e-01 0.000000000000000000e+00 -9.110468789638501708e-01 4.123027823459693431e-01 -0.000000000000000000e+00 -0.000000000000000000e+00 0.000000000000000000e+00 1.000000000000000000e+00
4.111631698147512060e-01 9.115617630132836213e-01 0.000000000000000000e+00 -9.115617630132836213e-01 4.111631698147512060e-01 -0.000000000000000000e+00 -0.000000000000000000e+00 0.000000000000000000e+00 9.999999999999998890e-01
4.109055872835284395e-01 9.116779027371337829e-01 0.000000000000000000e+00 -9.116779027371337829e-01 4.109055872835284395e-01 -0.000000000000000000e+00 -0.000000000000000000e+00 0.000000000000000000e+00 1.000000000000000000e+00
4.106282375428286779e-01 9.118028572736929238e-01 0.000000000000000000e+00 -9.118028572736929238e-01 4.106282375428286779e-01 -0.000000000000000000e+00 -0.000000000000000000e+00 0.000000000000000000e+00 1.000000000000000000e+00
4.104291633829162400e-01 9.118924837089070756e-01 0.000000000000000000e+00 -9.118924837089070756e-01 4.104291633829162400e-01 -0.000000000000000000e+00 -0.000000000000000000e+00 0.000000000000000000e+00 1.000000000000000000e+00
4.096814741203899102e-01 9.122286389730066558e-01 0.000000000000000000e+00 -9.122286389730066558e-01 4.096814741203899102e-01 -0.000000000000000000e+00 -0.000000000000000000e+00 0.000000000000000000e+00 9.999999999999998890e-01
4.077729454582637580e-01 9.130833614475141191e-01 0.000000000000000000e+00 -9.130833614475141191e-01 4.077729454582637580e-01 -0.000000000000000000e+00 -0.000000000000000000e+00 0.000000000000000000e+00 1.000000000000000000e+00
4.042130576453522584e-01 9.146648588576009598e-01 0.000000000000000000e+00 -9.146648588576009598e-01 4.042130576453522584e-01 -0.000000000000000000e+00 -0.000000000000000000e+00 0.000000000000000000e+00 1.000000000000000000e+00
3.990292152697008654e-01 9.169382124010574397e-01 0.000000000000000000e+00 -9.169382124010574397e-01 3.990292152697008654e-01 -0.000000000000000000e+00 -0.000000000000000000e+00 0.000000000000000000e+00 1.000000000000000000e+00
3.929531632901052118e-01 9.195584872428180789e-01 0.000000000000000000e+00 -9.195584872428180789e-01 3.929531632901052118e-01 -0.000000000000000000e+00 -0.000000000000000000e+00 0.000000000000000000e+00 1.000000000000000000e+00
3.838872539906278969e-01 9.233799739129798789e-01 0.000000000000000000e+00 -9.233799739129798789e-01 3.838872539906278969e-01 -0.000000000000000000e+00 -0.000000000000000000e+00 0.000000000000000000e+00 1.000000000000000000e+00
3.681843096145880345e-01 9.297528242246049235e-01 0.000000000000000000e+00 -9.297528242246049235e-01 3.681843096145880345e-01 -0.000000000000000000e+00 -0.000000000000000000e+00 0.000000000000000000e+00 1.000000000000000000e+00
3.477826359366925635e-01 9.375751906598882579e-01 0.000000000000000000e+00 -9.375751906598882579e-01 3.477826359366925635e-01 -0.000000000000000000e+00 -0.000000000000000000e+00 0.000000000000000000e+00 9.999999999999998890e-01
3.233889928492332810e-01 9.462661144223428744e-01 0.000000000000000000e+00 -9.462661144223428744e-01 3.233889928492332810e-01 -0.000000000000000000e+00 -0.000000000000000000e+00 0.000000000000000000e+00 1.000000000000000000e+00
2.956230685877455078e-01 9.553046641353558632e-01 0.000000000000000000e+00 -9.553046641353558632e-01 2.956230685877455078e-01 -0.000000000000000000e+00 -0.000000000000000000e+00 0.000000000000000000e+00 1.000000000000000000e+00
2.648838412076873206e-01 9.642803278440665871e-01 0.000000000000000000e+00 -9.642803278440665871e-01 2.648838412076873206e-01 -0.000000000000000000e+00 -0.000000000000000000e+00 0.000000000000000000e+00 1.000000000000000000e+00
2.311742647651237048e-01 9.729123595218145404e-01 0.000000000000000000e+00 -9.729123595218145404e-01 2.311742647651237048e-01 -0.000000000000000000e+00 -0.000000000000000000e+00 0.000000000000000000e+00 1.000000000000000000e+00
1.957971597449280621e-01 9.806444168177470555e-01 0.000000000000000000e+00 -9.806444168177470555e-01 1.957971597449280621e-01 -0.000000000000000000e+00 -0.000000000000000000e+00 0.000000000000000000e+00 1.000000000000000000e+00
1.587669299162329239e-01 9.873160901985614801e-01 0.000000000000000000e+00 -9.873160901985614801e-01 1.587669299162329239e-01 -0.000000000000000000e+00 -0.000000000000000000e+00 0.000000000000000000e+00 1.000000000000000000e+00
2.220446049250313081e-16 1.000000000000000000e+00 0.000000000000000000e+00 -1.000000000000000000e+00 2.220446049250313081e-16 -0.000000000000000000e+00 -0.000000000000000000e+00 0.000000000000000000e+00 1.000000000000000000e+00
2.220446049250313081e-16 1.000000000000000000e+00 0.000000000000000000e+00 -1.000000000000000000e+00 2.220446049250313081e-16 -0.000000000000000000e+00 -0.000000000000000000e+00 0.000000000000000000e+00 1.000000000000000000e+00
2.220446049250313081e-16 1.000000000000000000e+00 0.000000000000000000e+00 -1.000000000000000000e+00 2.220446049250313081e-16 -0.000000000000000000e+00 -0.000000000000000000e+00 0.000000000000000000e+00 1.000000000000000000e+00
2.220446049250313081e-16 1.000000000000000000e+00 0.000000000000000000e+00 -1.000000000000000000e+00 2.220446049250313081e-16 -0.000000000000000000e+00 -0.000000000000000000e+00 0.000000000000000000e+00 1.000000000000000000e+00
2.220446049250313081e-16 1.000000000000000000e+00 0.000000000000000000e+00 -1.000000000000000000e+00 2.220446049250313081e-16 -0.000000000000000000e+00 -0.000000000000000000e+00 0.000000000000000000e+00 1.000000000000000000e+00
2.220446049250313081e-16 1.000000000000000000e+00 0.000000000000000000e+00 -1.000000000000000000e+00 2.220446049250313081e-16 -0.000000000000000000e+00 -0.000000000000000000e+00 0.000000000000000000e+00 1.000000000000000000e+00
2.220446049250313081e-16 1.000000000000000000e+00 0.000000000000000000e+00 -1.000000000000000000e+00 2.220446049250313081e-16 -0.000000000000000000e+00 -0.000000000000000000e+00 0.000000000000000000e+00 1.000000000000000000e+00
-1.492673222309468528e-01 9.887968782889652308e-01 0.000000000000000000e+00 -9.887968782889652308e-01 -1.492673222309468528e-01 -0.000000000000000000e+00 -0.000000000000000000e+00 0.000000000000000000e+00 1.000000000000000000e+00
-1.853025505470017320e-01 9.826815174616728710e-01 0.000000000000000000e+00 -9.826815174616728710e-01 -1.853025505470017320e-01 -0.000000000000000000e+00 -0.000000000000000000e+00 0.000000000000000000e+00 1.000000000000000000e+00
-2.217435810230574678e-01 9.751050119218293011e-01 0.000000000000000000e+00 -9.751050119218293011e-01 -2.217435810230574678e-01 -0.000000000000000000e+00 -0.000000000000000000e+00 0.000000000000000000e+00 1.000000000000000000e+00
-2.582231233921699065e-01 9.660853060395817593e-01 0.000000000000000000e+00 -9.660853060395817593e-01 -2.582231233921699065e-01 -0.000000000000000000e+00 -0.000000000000000000e+00 0.000000000000000000e+00 1.000000000000000000e+00
-2.940461916805329756e-01 9.557912100234940977e-01 0.000000000000000000e+00 -9.557912100234940977e-01 -2.940461916805329756e-01 -0.000000000000000000e+00 -0.000000000000000000e+00 0.000000000000000000e+00 9.999999999999997780e-01
-3.303908381933473026e-01 9.438442106819839861e-01 0.000000000000000000e+00 -9.438442106819839861e-01 -3.303908381933473026e-01 -0.000000000000000000e+00 -0.000000000000000000e+00 0.000000000000000000e+00 1.000000000000000000e+00
-3.667690843733009132e-01 9.303120115036517257e-01 0.000000000000000000e+00 -9.303120115036517257e-01 -3.667690843733009132e-01 -0.000000000000000000e+00 -0.000000000000000000e+00 0.000000000000000000e+00 1.000000000000000000e+00
-4.006567643134413825e-01 9.162282233209602111e-01 0.000000000000000000e+00 -9.162282233209602111e-01 -4.006567643134413825e-01 -0.000000000000000000e+00 -0.000000000000000000e+00 0.000000000000000000e+00 1.000000000000000000e+00
-4.307819289037624344e-01 9.024560541821157189e-01 0.000000000000000000e+00 -9.024560541821157189e-01 -4.307819289037624344e-01 -0.000000000000000000e+00 -0.000000000000000000e+00 0.000000000000000000e+00 1.000000000000000000e+00
-4.568320275588416690e-01 8.895529768352630207e-01 0.000000000000000000e+00 -8.895529768352630207e-01 -4.568320275588416690e-01 -0.000000000000000000e+00 -0.000000000000000000e+00 0.000000000000000000e+00 1.000000000000000000e+00
-4.785552005801515518e-01 8.780574696440379689e-01 0.000000000000000000e+00 -8.780574696440379689e-01 -4.785552005801515518e-01 -0.000000000000000000e+00 -0.000000000000000000e+00 0.000000000000000000e+00 9.999999999999998890e-01
-4.952629934589761196e-01 8.687430962661252254e-01 0.000000000000000000e+00 -8.687430962661252254e-01 -4.952629934589761196e-01 -0.000000000000000000e+00 -0.000000000000000000e+00 0.000000000000000000e+00 1.000000000000000000e+00
-5.079110986085733082e-01 8.614094937428030674e-01 0.000000000000000000e+00 -8.614094937428030674e-01 -5.079110986085733082e-01 -0.000000000000000000e+00 -0.000000000000000000e+00 0.000000000000000000e+00 1.000000000000000000e+00
-5.159265836583806220e-01 8.566328036414390112e-01 0.000000000000000000e+00 -8.566328036414390112e-01 -5.159265836583806220e-01 -0.000000000000000000e+00 -0.000000000000000000e+00 0.000000000000000000e+00 1.000000000000000000e+00
-5.178188777744110460e-01 8.554902745329426850e-01 0.000000000000000000e+00 -8.554902745329426850e-01 -5.178188777744110460e-01 -0.000000000000000000e+00 -0.000000000000000000e+00 0.000000000000000000e+00 1.000000000000000000e+00
-5.141890622606103411e-01 8.576768670376707648e-01 0.000000000000000000e+00 -8.576768670376707648e-01 -5.141890622606103411e-01 -0.000000000000000000e+00 -0.000000000000000000e+00 0.000000000000000000e+00 1.000000000000000000e+00
-5.068232403873824676e-01 8.620500002918817239e-01 0.000000000000000000e+00 -8.620500002918817239e-01 -5.068232403873824676e-01 -0.000000000000000000e+00 -0.000000000000000000e+00 0.000000000000000000e+00 1.000000000000000000e+00
-4.984791026138598036e-01 8.669017154541113213e-01 0.000000000000000000e+00 -8.669017154541113213e-01 -4.984791026138598036e-01 -0.000000000000000000e+00 -0.000000000000000000e+00 0.000000000000000000e+00 1.000000000000000000e+00
-4.896871210169040922e-01 8.718982300189490608e-01 0.000000000000000000e+00 -8.718982300189490608e-01 -4.896871210169040922e-01 -0.000000000000000000e+00 -0.000000000000000000e+00 0.000000000000000000e+00 1.000000000000000222e+00
-4.815334108353703790e-01 8.764277347558407927e-01 0.000000000000000000e+00 -8.764277347558407927e-01 -4.815334108353703790e-01 -0.000000000000000000e+00 -0.000000000000000000e+00 0.000000000000000000e+00 1.000000000000000000e+00
-4.738639706809146812e-01 8.805980566016013977e-01 0.000000000000000000e+00 -8.805980566016013977e-01 -4.738639706809146812e-01 -0.000000000000000000e+00 -0.000000000000000000e+00 0.000000000000000000e+00 1.000000000000000000e+00
-4.674840329286146789e-01 8.840015152457590952e-01 0.000000000000000000e+00 -8.840015152457590952e-01 -4.674840329286146789e-01 -0.000000000000000000e+00 -0.000000000000000000e+00 0.000000000000000000e+00 1.000000000000000000e+00
-4.616002355023859915e-01 8.870880579650149977e-01 0.000000000000000000e+00 -8.870880579650149977e-01 -4.616002355023859915e-01 -0.000000000000000000e+00 -0.000000000000000000e+00 0.000000000000000000e+00 1.000000000000000000e+00
-4.563258957265274862e-01 8.898127201211399884e-01 0.000000000000000000e+00 -8.898127201211399884e-01 -4.563258957265274862e-01 -0.000000000000000000e+00 -0.000000000000000000e+00 0.000000000000000000e+00 1.000000000000000000e+00
-4.513631963953281812e-01 8.923403302214869548e-01 0.000000000000000000e+00 -8.923403302214869548e-01 -4.513631963953281812e-01 -0.000000000000000000e+00 -0.000000000000000000e+00 0.000000000000000000e+00 1.000000000000000000e+00
-4.464337851588418560e-01 8.948166714298235735e-01 0.000000000000000000e+00 -8.948166714298235735e-01 -4.464337851588418560e-01 -0.000000000000000000e+00 -0.000000000000000000e+00 0.000000000000000000e+00 1.000000000000000000e+00
-4.421194505603670000e-01 8.969561814471201933e-01 0.000000000000000000e+00 -8.969561814471201933e-01 -4.421194505603670000e-01 -0.000000000000000000e+00 -0.000000000000000000e+00 0.000000000000000000e+00 1.000000000000000000e+00
-4.392355413348949522e-01 8.983719381348918009e-01 0.000000000000000000e+00 -8.983719381348918009e-01 -4.392355413348949522e-01 -0.000000000000000000e+00 -0.000000000000000000e+00 0.000000000000000000e+00 1.000000000000000000e+00
-4.380926215172685767e-01 8.989298387372215426e-01 0.000000000000000000e+00 -8.989298387372215426e-01 -4.380926215172685767e-01 -0.000000000000000000e+00 -0.000000000000000000e+00 0.000000000000000000e+00 9.999999999999998890e-01
-4.392874282025487909e-01 8.983465675468409462e-01 0.000000000000000000e+00 -8.983465675468409462e-01 -4.392874282025487909e-01 -0.000000000000000000e+00 -0.000000000000000000e+00 0.000000000000000000e+00 1.000000000000000222e+00
-4.426115844053105097e-01 8.967134354687793518e-01 0.000000000000000000e+00 -8.967134354687793518e-01 -4.426115844053105097e-01 -0.000000000000000000e+00 -0.000000000000000000e+00 0.000000000000000000e+00 1.000000000000000000e+00
-4.486070750208990821e-01 8.937290933169812490e-01 0.000000000000000000e+00 -8.937290933169812490e-01 -4.486070750208990821e-01 -0.000000000000000000e+00 -0.000000000000000000e+00 0.000000000000000000e+00 1.000000000000000000e+00
-4.577140729264265739e-01 8.890994474439299911e-01 0.000000000000000000e+00 -8.890994474439299911e-01 -4.577140729264265739e-01 -0.000000000000000000e+00 -0.000000000000000000e+00 0.000000000000000000e+00 9.999999999999997780e-01
-4.699512309191397064e-01 8.826923816129745859e-01 0.000000000000000000e+00 -8.826923816129745859e-01 -4.699512309191397064e-01 -0.000000000000000000e+00 -0.000000000000000000e+00 0.000000000000000000e+00 9.999999999999998890e-01
-4.842136327395084039e-01 8.749498030568430007e-01 0.000000000000000000e+00 -8.749498030568430007e-01 -4.842136327395084039e-01 -0.000000000000000000e+00 -0.000000000000000000e+00 0.000000000000000000e+00 1.000000000000000000e+00
-4.995972284190436929e-01 8.662578192178180814e-01 0.000000000000000000e+00 -8.662578192178180814e-01 -4.995972284190436929e-01 -0.000000000000000000e+00 -0.000000000000000000e+00 0.000000000000000000e+00 1.000000000000000000e+00
-5.185034746902983382e-01 8.550755210705585085e-01 0.000000000000000000e+00 -8.550755210705585085e-01 -5.185034746902983382e-01 -0.000000000000000000e+00 -0.000000000000000000e+00 0.000000000000000000e+00 1.000000000000000000e+00
-5.415072265538705132e-01 8.406960946679454816e-01 0.000000000000000000e+00 -8.406960946679454816e-01 -5.415072265538705132e-01 -0.000000000000000000e+00 -0.000000000000000000e+00 0.000000000000000000e+00 1.000000000000000000e+00
-5.698406449898757442e-01 8.217552186128923575e-01 0.000000000000000000e+00 -8.217552186128923575e-01 -5.698406449898757442e-01 -0.000000000000000000e+00 -0.000000000000000000e+00 0.000000000000000000e+00 1.000000000000000000e+00
-6.008413260132238198e-01 7.993683137044343967e-01 0.000000000000000000e+00 -7.993683137044343967e-01 -6.008413260132238198e-01 -0.000000000000000000e+00 -0.000000000000000000e+00 0.000000000000000000e+00 1.000000000000000000e+00
-6.339934082328947396e-01 7.733384500445052989e-01 0.000000000000000000e+00 -7.733384500445052989e-01 -6.339934082328947396e-01 -0.000000000000000000e+00 -0.000000000000000000e+00 0.000000000000000000e+00 9.999999999999998890e-01
-6.685378625798261698e-01 7.436781066410368402e-01 0.000000000000000000e+00 -7.436781066410368402e-01 -6.685378625798261698e-01 -0.000000000000000000e+00 -0.000000000000000000e+00 0.000000000000000000e+00 1.000000000000000000e+00
-7.044022834172453118e-01 7.098009742995362581e-01 0.000000000000000000e+00 -7.098009742995362581e-01 -7.044022834172453118e-01 -0.000000000000000000e+00 -0.000000000000000000e+00 0.000000000000000000e+00 1.000000000000000000e+00
-7.376562595920078680e-01 6.751764529993093955e-01 0.000000000000000000e+00 -6.751764529993093955e-01 -7.376562595920078680e-01 -0.000000000000000000e+00 -0.000000000000000000e+00 0.000000000000000000e+00 1.000000000000000222e+00
-7.665068531360850201e-01 6.422361279898665121e-01 0.000000000000000000e+00 -6.422361279898665121e-01 -7.665068531360850201e-01 -0.000000000000000000e+00 -0.000000000000000000e+00 0.000000000000000000e+00 1.000000000000000000e+00
-7.914676943586709257e-01 6.112110018533449818e-01 0.000000000000000000e+00 -6.112110018533449818e-01 -7.914676943586709257e-01 -0.000000000000000000e+00 -0.000000000000000000e+00 0.000000000000000000e+00 1.000000000000000000e+00
-8.116745130861735547e-01 5.841099937565896738e-01 0.000000000000000000e+00 -5.841099937565896738e-01 -8.116745130861735547e-01 -0.000000000000000000e+00 -0.000000000000000000e+00 0.000000000000000000e+00 1.000000000000000000e+00
-8.290124176739722683e-01 5.592301953063296693e-01 0.000000000000000000e+00 -5.592301953063296693e-01 -8.290124176739722683e-01 -0.000000000000000000e+00 -0.000000000000000000e+00 0.000000000000000000e+00 1.000000000000000000e+00
-8.442298609633590578e-01 5.359812887198465159e-01 0.000000000000000000e+00 -5.359812887198465159e-01 -8.442298609633590578e-01 -0.000000000000000000e+00 -0.000000000000000000e+00 0.000000000000000000e+00 1.000000000000000000e+00
-8.579028995001791724e-01 5.138118478871281924e-01 0.000000000000000000e+00 -5.138118478871281924e-01 -8.579028995001791724e-01 -0.000000000000000000e+00 -0.000000000000000000e+00 0.000000000000000000e+00 1.000000000000000000e+00
-8.702796861047027432e-01 4.925578828457628511e-01 0.000000000000000000e+00 -4.925578828457628511e-01 -8.702796861047027432e-01 -0.000000000000000000e+00 -0.000000000000000000e+00 0.000000000000000000e+00 1.000000000000000000e+00
-8.809924582624516498e-01 4.731303081442598812e-01 0.000000000000000000e+00 -4.731303081442598812e-01 -8.809924582624516498e-01 -0.000000000000000000e+00 -0.000000000000000000e+00 0.000000000000000000e+00 9.999999999999998890e-01
-8.906858548081949545e-01 4.546193001232957664e-01 0.000000000000000000e+00 -4.546193001232957664e-01 -8.906858548081949545e-01 -0.000000000000000000e+00 -0.000000000000000000e+00 0.000000000000000000e+00 1.000000000000000222e+00
-8.993789775988806356e-01 4.371698235848309189e-01 0.000000000000000000e+00 -4.371698235848309189e-01 -8.993789775988806356e-01 -0.000000000000000000e+00 -0.000000000000000000e+00 0.000000000000000000e+00 1.000000000000000000e+00
-9.078504969857883466e-01 4.192940198985162237e-01 0.000000000000000000e+00 -4.192940198985162237e-01 -9.078504969857883466e-01 -0.000000000000000000e+00 -0.000000000000000000e+00 0.000000000000000000e+00 1.000000000000000000e+00
-9.163032696476870465e-01 4.004851033845807096e-01 0.000000000000000000e+00 -4.004851033845807096e-01 -9.163032696476870465e-01 -0.000000000000000000e+00 -0.000000000000000000e+00 0.000000000000000000e+00 1.000000000000000000e+00
-9.250541723465683930e-01 3.798351987694209564e-01 0.000000000000000000e+00 -3.798351987694209564e-01 -9.250541723465683930e-01 -0.000000000000000000e+00 -0.000000000000000000e+00 0.000000000000000000e+00 1.000000000000000000e+00
-9.341940598936353535e-01 3.567652708146449303e-01 0.000000000000000000e+00 -3.567652708146449303e-01 -9.341940598936353535e-01 -0.000000000000000000e+00 -0.000000000000000000e+00 0.000000000000000000e+00 1.000000000000000000e+00
-9.433545345585382380e-01 3.317864104026018168e-01 0.000000000000000000e+00 -3.317864104026018168e-01 -9.433545345585382380e-01 -0.000000000000000000e+00 -0.000000000000000000e+00 0.000000000000000000e+00 1.000000000000000000e+00
-9.527622285127753665e-01 3.037171972730059455e-01 0.000000000000000000e+00 -3.037171972730059455e-01 -9.527622285127753665e-01 -0.000000000000000000e+00 -0.000000000000000000e+00 0.000000000000000000e+00 9.999999999999998890e-01
-9.620258048299757947e-01 2.729585148722005750e-01 0.000000000000000000e+00 -2.729585148722005750e-01 -9.620258048299757947e-01 -0.000000000000000000e+00 -0.000000000000000000e+00 0.000000000000000000e+00 1.000000000000000000e+00
-9.705035000762455288e-01 2.410870306336637958e-01 0.000000000000000000e+00 -2.410870306336637958e-01 -9.705035000762455288e-01 -0.000000000000000000e+00 -0.000000000000000000e+00 0.000000000000000000e+00 1.000000000000000222e+00
-9.779065838570784042e-01 2.090423718985669199e-01 0.000000000000000000e+00 -2.090423718985669199e-01 -9.779065838570784042e-01 -0.000000000000000000e+00 -0.000000000000000000e+00 0.000000000000000000e+00 1.000000000000000000e+00
-9.837650712492080896e-01 1.794610949204328565e-01 0.000000000000000000e+00 -1.794610949204328565e-01 -9.837650712492080896e-01 -0.000000000000000000e+00 -0.000000000000000000e+00 0.000000000000000000e+00 1.000000000000000000e+00
-9.884432669086239409e-01 1.515912533855665600e-01 0.000000000000000000e+00 -1.515912533855665600e-01 -9.884432669086239409e-01 -0.000000000000000000e+00 -0.000000000000000000e+00 0.000000000000000000e+00 1.000000000000000222e+00
-9.918392037429267782e-01 1.274950740954211292e-01 0.000000000000000000e+00 -1.274950740954211292e-01 -9.918392037429267782e-01 -0.000000000000000000e+00 -0.000000000000000000e+00 0.000000000000000000e+00 9.999999999999998890e-01
-9.941254441606532932e-01 1.082340116247377804e-01 0.000000000000000000e+00 -1.082340116247377804e-01 -9.941254441606532932e-01 -0.000000000000000000e+00 -0.000000000000000000e+00 0.000000000000000000e+00 1.000000000000000000e+00
-9.955410723060942324e-01 9.432906949414907039e-02 0.000000000000000000e+00 -9.432906949414907039e-02 -9.955410723060942324e-01 -0.000000000000000000e+00 -0.000000000000000000e+00 0.000000000000000000e+00 1.000000000000000000e+00
-9.963409768394557720e-01 8.546729123237244152e-02 0.000000000000000000e+00 -8.546729123237244152e-02 -9.963409768394557720e-01 -0.000000000000000000e+00 -0.000000000000000000e+00 0.000000000000000000e+00 1.000000000000000000e+00
-9.969150345511771372e-01 7.848830413396266914e-02 0.000000000000000000e+00 -7.848830413396266914e-02 -9.969150345511771372e-01 -0.000000000000000000e+00 -0.000000000000000000e+00 0.000000000000000000e+00 1.000000000000000000e+00
-9.975601498717293625e-01 6.981222950094816138e-02 0.000000000000000000e+00 -6.981222950094816138e-02 -9.975601498717293625e-01 -0.000000000000000000e+00 -0.000000000000000000e+00 0.000000000000000000e+00 1.000000000000000000e+00
-9.981924485561245453e-01 6.009854944612625510e-02 0.000000000000000000e+00 -6.009854944612625510e-02 -9.981924485561245453e-01 -0.000000000000000000e+00 -0.000000000000000000e+00 0.000000000000000000e+00 9.999999999999998890e-01
-9.986911538023777180e-01 5.114664521623734500e-02 0.000000000000000000e+00 -5.114664521623734500e-02 -9.986911538023777180e-01 -0.000000000000000000e+00 -0.000000000000000000e+00 0.000000000000000000e+00 1.000000000000000000e+00
-9.990348344376578371e-01 4.392493119085648379e-02 0.000000000000000000e+00 -4.392493119085648379e-02 -9.990348344376578371e-01 -0.000000000000000000e+00 -0.000000000000000000e+00 0.000000000000000000e+00 1.000000000000000000e+00
-9.992992399628242151e-01 3.743032206275822421e-02 0.000000000000000000e+00 -3.743032206275822421e-02 -9.992992399628242151e-01 -0.000000000000000000e+00 -0.000000000000000000e+00 0.000000000000000000e+00 1.000000000000000000e+00
-9.995147049439322418e-01 3.115051525808256588e-02 0.000000000000000000e+00 -3.115051525808256588e-02 -9.995147049439322418e-01 -0.000000000000000000e+00 -0.000000000000000000e+00 0.000000000000000000e+00 9.999999999999998890e-01
-9.996551125136041716e-01 2.626130281257104890e-02 0.000000000000000000e+00 -2.626130281257104890e-02 -9.996551125136041716e-01 -0.000000000000000000e+00 -0.000000000000000000e+00 0.000000000000000000e+00 1.000000000000000000e+00
-9.997264162470966831e-01 2.339001192254908101e-02 0.000000000000000000e+00 -2.339001192254908101e-02 -9.997264162470966831e-01 -0.000000000000000000e+00 -0.000000000000000000e+00 0.000000000000000000e+00 1.000000000000000000e+00
-9.997443280646206576e-01 2.261146838708956094e-02 0.000000000000000000e+00 -2.261146838708956094e-02 -9.997443280646206576e-01 -0.000000000000000000e+00 -0.000000000000000000e+00 0.000000000000000000e+00 1.000000000000000000e+00
-9.997573766352233493e-01 2.202698035265937548e-02 0.000000000000000000e+00 -2.202698035265937548e-02 -9.997573766352233493e-01 -0.000000000000000000e+00 -0.000000000000000000e+00 0.000000000000000000e+00 1.000000000000000222e+00
-9.997632789021182464e-01 2.175743916193957975e-02 0.000000000000000000e+00 -2.175743916193957975e-02 -9.997632789021182464e-01 -0.000000000000000000e+00 -0.000000000000000000e+00 0.000000000000000000e+00 1.000000000000000000e+00
-9.997621924413844230e-01 2.180730530800017303e-02 0.000000000000000000e+00 -2.180730530800017303e-02 -9.997621924413844230e-01 -0.000000000000000000e+00 -0.000000000000000000e+00 0.000000000000000000e+00 1.000000000000000000e+00
-9.997763399109229621e-01 2.114876247723615835e-02 0.000000000000000000e+00 -2.114876247723615835e-02 -9.997763399109229621e-01 -0.000000000000000000e+00 -0.000000000000000000e+00 0.000000000000000000e+00 1.000000000000000000e+00
-9.998079836815975119e-01 1.959580992300073363e-02 0.000000000000000000e+00 -1.959580992300073363e-02 -9.998079836815975119e-01 -0.000000000000000000e+00 -0.000000000000000000e+00 0.000000000000000000e+00 9.999999999999998890e-01
-9.998448140609428325e-01 1.761669081974663251e-02 0.000000000000000000e+00 -1.761669081974663251e-02 -9.998448140609428325e-01 -0.000000000000000000e+00 -0.000000000000000000e+00 0.000000000000000000e+00 1.000000000000000000e+00
-9.998644445952005189e-01 1.646488488666738789e-02 0.000000000000000000e+00 -1.646488488666738789e-02 -9.998644445952005189e-01 -0.000000000000000000e+00 -0.000000000000000000e+00 0.000000000000000000e+00 1.000000000000000000e+00
-9.998878414603782350e-01 1.497679871352934622e-02 0.000000000000000000e+00 -1.497679871352934622e-02 -9.998878414603782350e-01 -0.000000000000000000e+00 -0.000000000000000000e+00 0.000000000000000000e+00 1.000000000000000000e+00
-9.999237522280121082e-01 1.234867321831914846e-02 0.000000000000000000e+00 -1.234867321831914846e-02 -9.999237522280121082e-01 -0.000000000000000000e+00 -0.000000000000000000e+00 0.000000000000000000e+00 9.999999999999998890e-01
-9.999681099308916910e-01 7.986183145924606597e-03 0.000000000000000000e+00 -7.986183145924606597e-03 -9.999681099308916910e-01 -0.000000000000000000e+00 -0.000000000000000000e+00 0.000000000000000000e+00 1.000000000000000000e+00
-9.999978337539308093e-01 2.081462813915976352e-03 0.000000000000000000e+00 -2.081462813915976352e-03 -9.999978337539308093e-01 -0.000000000000000000e+00 -0.000000000000000000e+00 0.000000000000000000e+00 1.000000000000000000e+00
-9.999623169899285458e-01 -8.681278715359752943e-03 -0.000000000000000000e+00 8.681278715359752943e-03 -9.999623169899285458e-01 0.000000000000000000e+00 0.000000000000000000e+00 -0.000000000000000000e+00 1.000000000000000000e+00
-9.997453262413639186e-01 -2.256729178587746354e-02 -0.000000000000000000e+00 2.256729178587746354e-02 -9.997453262413639186e-01 0.000000000000000000e+00 0.000000000000000000e+00 -0.000000000000000000e+00 1.000000000000000000e+00
-9.992512882852688794e-01 -3.868931196377650011e-02 -0.000000000000000000e+00 3.868931196377650011e-02 -9.992512882852688794e-01 0.000000000000000000e+00 0.000000000000000000e+00 -0.000000000000000000e+00 1.000000000000000000e+00
-9.983126950202912964e-01 -5.806688351653755548e-02 -0.000000000000000000e+00 5.806688351653755548e-02 -9.983126950202912964e-01 0.000000000000000000e+00 0.000000000000000000e+00 -0.000000000000000000e+00 1.000000000000000222e+00
-9.967494267970288258e-01 -8.056413705734348507e-02 -0.000000000000000000e+00 8.056413705734348507e-02 -9.967494267970288258e-01 0.000000000000000000e+00 0.000000000000000000e+00 -0.000000000000000000e+00 9.999999999999998890e-01
-9.944335717023318200e-01 -1.053654187641441253e-01 -0.000000000000000000e+00 1.053654187641441253e-01 -9.944335717023318200e-01 0.000000000000000000e+00 0.000000000000000000e+00 -0.000000000000000000e+00 1.000000000000000000e+00
-9.913509445512627138e-01 -1.312375888886988251e-01 -0.000000000000000000e+00 1.312375888886988251e-01 -9.913509445512627138e-01 0.000000000000000000e+00 0.000000000000000000e+00 -0.000000000000000000e+00 1.000000000000000000e+00
-9.874789226849208790e-01 -1.577509976292640892e-01 -0.000000000000000000e+00 1.577509976292640892e-01 -9.874789226849208790e-01 0.000000000000000000e+00 0.000000000000000000e+00 -0.000000000000000000e+00 1.000000000000000000e+00
-9.828494237448259785e-01 -1.844098973603740255e-01 -0.000000000000000000e+00 1.844098973603740255e-01 -9.828494237448259785e-01 0.000000000000000000e+00 0.000000000000000000e+00 -0.000000000000000000e+00 1.000000000000000000e+00
-9.771704342840157320e-01 -2.124569188357681992e-01 -0.000000000000000000e+00 2.124569188357681992e-01 -9.771704342840157320e-01 0.000000000000000000e+00 0.000000000000000000e+00 -0.000000000000000000e+00 1.000000000000000000e+00
-9.706221839825116549e-01 -2.406087611892371025e-01 -0.000000000000000000e+00 2.406087611892371025e-01 -9.706221839825116549e-01 0.000000000000000000e+00 0.000000000000000000e+00 -0.000000000000000000e+00 1.000000000000000000e+00
-9.632149258404727465e-01 -2.687322210642640319e-01 -0.000000000000000000e+00 2.687322210642640319e-01 -9.632149258404727465e-01 0.000000000000000000e+00 0.000000000000000000e+00 -0.000000000000000000e+00 1.000000000000000000e+00
-9.549517430714595800e-01 -2.967611302121307970e-01 -0.000000000000000000e+00 2.967611302121307970e-01 -9.549517430714595800e-01 0.000000000000000000e+00 0.000000000000000000e+00 -0.000000000000000000e+00 1.000000000000000000e+00
-9.458659120918249119e-01 -3.245576625850948860e-01 -0.000000000000000000e+00 3.245576625850948860e-01 -9.458659120918249119e-01 0.000000000000000000e+00 0.000000000000000000e+00 -0.000000000000000000e+00 1.000000000000000000e+00
-9.359497472766941106e-01 -3.521335976198413653e-01 -0.000000000000000000e+00 3.521335976198413653e-01 -9.359497472766941106e-01 0.000000000000000000e+00 0.000000000000000000e+00 -0.000000000000000000e+00 9.999999999999998890e-01
-9.250355701453520929e-01 -3.798804995862034573e-01 -0.000000000000000000e+00 3.798804995862034573e-01 -9.250355701453520929e-01 0.000000000000000000e+00 0.000000000000000000e+00 -0.000000000000000000e+00 1.000000000000000000e+00
-9.131291736511246704e-01 -4.076703474956377415e-01 -0.000000000000000000e+00 4.076703474956377415e-01 -9.131291736511246704e-01 0.000000000000000000e+00 0.000000000000000000e+00 -0.000000000000000000e+00 1.000000000000000000e+00
-9.001243426197368391e-01 -4.356330655762792881e-01 -0.000000000000000000e+00 4.356330655762792881e-01 -9.001243426197368391e-01 0.000000000000000000e+00 0.000000000000000000e+00 -0.000000000000000000e+00 1.000000000000000222e+00
-8.862022133453745232e-01 -4.632986478091205007e-01 -0.000000000000000000e+00 4.632986478091205007e-01 -8.862022133453745232e-01 0.000000000000000000e+00 0.000000000000000000e+00 -0.000000000000000000e+00 1.000000000000000000e+00
-8.716387609088612765e-01 -4.901488248290158389e-01 -0.000000000000000000e+00 4.901488248290158389e-01 -8.716387609088612765e-01 0.000000000000000000e+00 0.000000000000000000e+00 -0.000000000000000000e+00 1.000000000000000222e+00
-8.564792778192977796e-01 -5.161814086792879674e-01 -0.000000000000000000e+00 5.161814086792879674e-01 -8.564792778192977796e-01 0.000000000000000000e+00 0.000000000000000000e+00 -0.000000000000000000e+00 1.000000000000000000e+00
-8.404123871602398044e-01 -5.419474324209193616e-01 -0.000000000000000000e+00 5.419474324209193616e-01 -8.404123871602398044e-01 0.000000000000000000e+00 0.000000000000000000e+00 -0.000000000000000000e+00 1.000000000000000000e+00
-8.230152904700811511e-01 -5.680192176788106950e-01 -0.000000000000000000e+00 5.680192176788106950e-01 -8.230152904700811511e-01 0.000000000000000000e+00 0.000000000000000000e+00 -0.000000000000000000e+00 1.000000000000000000e+00
-8.038889926120751372e-01 -5.947793603994199207e-01 -0.000000000000000000e+00 5.947793603994199207e-01 -8.038889926120751372e-01 0.000000000000000000e+00 0.000000000000000000e+00 -0.000000000000000000e+00 1.000000000000000000e+00
-7.823570549377067973e-01 -6.228301843915386993e-01 -0.000000000000000000e+00 6.228301843915386993e-01 -7.823570549377067973e-01 0.000000000000000000e+00 0.000000000000000000e+00 -0.000000000000000000e+00 1.000000000000000000e+00
-7.576277110339032506e-01 -6.526869475280843158e-01 -0.000000000000000000e+00 6.526869475280843158e-01 -7.576277110339032506e-01 0.000000000000000000e+00 0.000000000000000000e+00 -0.000000000000000000e+00 9.999999999999998890e-01
-7.306196464727935380e-01 -6.827846894797583444e-01 -0.000000000000000000e+00 6.827846894797583444e-01 -7.306196464727935380e-01 0.000000000000000000e+00 0.000000000000000000e+00 -0.000000000000000000e+00 9.999999999999998890e-01
-7.019839294992176182e-01 -7.121927848025685348e-01 -0.000000000000000000e+00 7.121927848025685348e-01 -7.019839294992176182e-01 0.000000000000000000e+00 0.000000000000000000e+00 -0.000000000000000000e+00 1.000000000000000000e+00
-6.719455843093762315e-01 -7.406005210146229256e-01 -0.000000000000000000e+00 7.406005210146229256e-01 -6.719455843093762315e-01 0.000000000000000000e+00 0.000000000000000000e+00 -0.000000000000000000e+00 1.000000000000000000e+00
-6.403685491143517039e-01 -7.680677843167100782e-01 -0.000000000000000000e+00 7.680677843167100782e-01 -6.403685491143517039e-01 0.000000000000000000e+00 0.000000000000000000e+00 -0.000000000000000000e+00 1.000000000000000000e+00
-6.075009881039035164e-01 -7.943189217516984924e-01 -0.000000000000000000e+00 7.943189217516984924e-01 -6.075009881039035164e-01 0.000000000000000000e+00 0.000000000000000000e+00 -0.000000000000000000e+00 1.000000000000000000e+00
-5.737628271540571312e-01 -8.190215004358454287e-01 -0.000000000000000000e+00 8.190215004358454287e-01 -5.737628271540571312e-01 0.000000000000000000e+00 0.000000000000000000e+00 -0.000000000000000000e+00 1.000000000000000000e+00
-5.399356301900292143e-01 -8.417063117568360786e-01 -0.000000000000000000e+00 8.417063117568360786e-01 -5.399356301900292143e-01 0.000000000000000000e+00 0.000000000000000000e+00 -0.000000000000000000e+00 1.000000000000000000e+00
-5.048131482753264176e-01 -8.632286402386991631e-01 -0.000000000000000000e+00 8.632286402386991631e-01 -5.048131482753264176e-01 0.000000000000000000e+00 0.000000000000000000e+00 -0.000000000000000000e+00 1.000000000000000000e+00
-4.709570182673117889e-01 -8.821561579135310804e-01 -0.000000000000000000e+00 8.821561579135310804e-01 -4.709570182673117889e-01 0.000000000000000000e+00 0.000000000000000000e+00 -0.000000000000000000e+00 1.000000000000000000e+00
-4.457200133440415435e-01 -8.951724245666794477e-01 -0.000000000000000000e+00 8.951724245666794477e-01 -4.457200133440415435e-01 0.000000000000000000e+00 0.000000000000000000e+00 -0.000000000000000000e+00 1.000000000000000000e+00
-4.277248667406298721e-01 -9.039089768177493989e-01 -0.000000000000000000e+00 9.039089768177493989e-01 -4.277248667406298721e-01 0.000000000000000000e+00 0.000000000000000000e+00 -0.000000000000000000e+00 1.000000000000000000e+00
-4.166350266071960351e-01 -9.090738444175044952e-01 -0.000000000000000000e+00 9.090738444175044952e-01 -4.166350266071960351e-01 0.000000000000000000e+00 0.000000000000000000e+00 -0.000000000000000000e+00 1.000000000000000000e+00
-4.094525086850706597e-01 -9.123314327214107067e-01 -0.000000000000000000e+00 9.123314327214107067e-01 -4.094525086850706597e-01 0.000000000000000000e+00 0.000000000000000000e+00 -0.000000000000000000e+00 1.000000000000000000e+00
-4.060510757498746459e-01 -9.138503837512842454e-01 -0.000000000000000000e+00 9.138503837512842454e-01 -4.060510757498746459e-01 0.000000000000000000e+00 0.000000000000000000e+00 -0.000000000000000000e+00 9.999999999999998890e-01
-4.067644885166951663e-01 -9.135330595450563695e-01 -0.000000000000000000e+00 9.135330595450563695e-01 -4.067644885166951663e-01 0.000000000000000000e+00 0.000000000000000000e+00 -0.000000000000000000e+00 1.000000000000000000e+00
-4.107951776207548478e-01 -9.117276578252588859e-01 -0.000000000000000000e+00 9.117276578252588859e-01 -4.107951776207548478e-01 0.000000000000000000e+00 0.000000000000000000e+00 -0.000000000000000000e+00 1.000000000000000000e+00
-4.170404106443462156e-01 -9.088879446277164931e-01 -0.000000000000000000e+00 9.088879446277164931e-01 -4.170404106443462156e-01 0.000000000000000000e+00 0.000000000000000000e+00 -0.000000000000000000e+00 1.000000000000000000e+00
-4.230234189500240438e-01 -9.061187488512927324e-01 -0.000000000000000000e+00 9.061187488512927324e-01 -4.230234189500240438e-01 0.000000000000000000e+00 0.000000000000000000e+00 -0.000000000000000000e+00 9.999999999999998890e-01
-4.270288645455173060e-01 -9.042379934757034388e-01 -0.000000000000000000e+00 9.042379934757034388e-01 -4.270288645455173060e-01 0.000000000000000000e+00 0.000000000000000000e+00 -0.000000000000000000e+00 1.000000000000000000e+00
-4.283618210588730491e-01 -9.036072986973523458e-01 -0.000000000000000000e+00 9.036072986973523458e-01 -4.283618210588730491e-01 0.000000000000000000e+00 0.000000000000000000e+00 -0.000000000000000000e+00 1.000000000000000000e+00
-4.277477861413687688e-01 -9.038981311249392192e-01 -0.000000000000000000e+00 9.038981311249392192e-01 -4.277477861413687688e-01 0.000000000000000000e+00 0.000000000000000000e+00 -0.000000000000000000e+00 1.000000000000000000e+00
-4.256296819289006605e-01 -9.048974383106093144e-01 -0.000000000000000000e+00 9.048974383106093144e-01 -4.256296819289006605e-01 0.000000000000000000e+00 0.000000000000000000e+00 -0.000000000000000000e+00 1.000000000000000000e+00
-4.234878430224658930e-01 -9.059017865156131499e-01 -0.000000000000000000e+00 9.059017865156131499e-01 -4.234878430224658930e-01 0.000000000000000000e+00 0.000000000000000000e+00 -0.000000000000000000e+00 1.000000000000000000e+00
-4.218074511843104557e-01 -9.066854328406271923e-01 -0.000000000000000000e+00 9.066854328406271923e-01 -4.218074511843104557e-01 0.000000000000000000e+00 0.000000000000000000e+00 -0.000000000000000000e+00 1.000000000000000000e+00
-4.195626606891360577e-01 -9.077263760382050517e-01 -0.000000000000000000e+00 9.077263760382050517e-01 -4.195626606891360577e-01 0.000000000000000000e+00 0.000000000000000000e+00 -0.000000000000000000e+00 1.000000000000000000e+00
-4.191156691344812280e-01 -9.079328476742959397e-01 -0.000000000000000000e+00 9.079328476742959397e-01 -4.191156691344812280e-01 0.000000000000000000e+00 0.000000000000000000e+00 -0.000000000000000000e+00 1.000000000000000000e+00
-4.197300700328367995e-01 -9.076489785760957218e-01 -0.000000000000000000e+00 9.076489785760957218e-01 -4.197300700328367995e-01 0.000000000000000000e+00 0.000000000000000000e+00 -0.000000000000000000e+00 1.000000000000000000e+00
-4.207379148898542365e-01 -9.071822347103903894e-01 -0.000000000000000000e+00 9.071822347103903894e-01 -4.207379148898542365e-01 0.000000000000000000e+00 0.000000000000000000e+00 -0.000000000000000000e+00 1.000000000000000000e+00
-4.215744674486484045e-01 -9.067937849342531109e-01 -0.000000000000000000e+00 9.067937849342531109e-01 -4.215744674486484045e-01 0.000000000000000000e+00 0.000000000000000000e+00 -0.000000000000000000e+00 1.000000000000000000e+00
-4.220866328289248348e-01 -9.065554998934926001e-01 -0.000000000000000000e+00 9.065554998934926001e-01 -4.220866328289248348e-01 0.000000000000000000e+00 0.000000000000000000e+00 -0.000000000000000000e+00 1.000000000000000000e+00
-4.216576179339315833e-01 -9.067551230835603215e-01 -0.000000000000000000e+00 9.067551230835603215e-01 -4.216576179339315833e-01 0.000000000000000000e+00 0.000000000000000000e+00 -0.000000000000000000e+00 1.000000000000000000e+00
-4.201262850249607994e-01 -9.074656492843821143e-01 -0.000000000000000000e+00 9.074656492843821143e-01 -4.201262850249607994e-01 0.000000000000000000e+00 0.000000000000000000e+00 -0.000000000000000000e+00 1.000000000000000000e+00
-4.159720964371584895e-01 -9.093773776522457997e-01 -0.000000000000000000e+00 9.093773776522457997e-01 -4.159720964371584895e-01 0.000000000000000000e+00 0.000000000000000000e+00 -0.000000000000000000e+00 1.000000000000000000e+00
-4.093977982122852799e-01 -9.123559847005625612e-01 -0.000000000000000000e+00 9.123559847005625612e-01 -4.093977982122852799e-01 0.000000000000000000e+00 0.000000000000000000e+00 -0.000000000000000000e+00 1.000000000000000000e+00
-4.011101417808287106e-01 -9.160298325712779022e-01 -0.000000000000000000e+00 9.160298325712779022e-01 -4.011101417808287106e-01 0.000000000000000000e+00 0.000000000000000000e+00 -0.000000000000000000e+00 1.000000000000000000e+00
-3.896328682228676343e-01 -9.209702644496299273e-01 -0.000000000000000000e+00 9.209702644496299273e-01 -3.896328682228676343e-01 0.000000000000000000e+00 0.000000000000000000e+00 -0.000000000000000000e+00 1.000000000000000000e+00
-3.767624901969762741e-01 -9.263098973780716783e-01 -0.000000000000000000e+00 9.263098973780716783e-01 -3.767624901969762741e-01 0.000000000000000000e+00 0.000000000000000000e+00 -0.000000000000000000e+00 1.000000000000000000e+00
-3.632651700795305194e-01 -9.316857926399272349e-01 -0.000000000000000000e+00 9.316857926399272349e-01 -3.632651700795305194e-01 0.000000000000000000e+00 0.000000000000000000e+00 -0.000000000000000000e+00 9.999999999999998890e-01
-3.498671286933788815e-01 -9.367993340411012726e-01 -0.000000000000000000e+00 9.367993340411012726e-01 -3.498671286933788815e-01 0.000000000000000000e+00 0.000000000000000000e+00 -0.000000000000000000e+00 1.000000000000000000e+00
-3.367540370494075952e-01 -9.415926499983556797e-01 -0.000000000000000000e+00 9.415926499983556797e-01 -3.367540370494075952e-01 0.000000000000000000e+00 0.000000000000000000e+00 -0.000000000000000000e+00 1.000000000000000000e+00
-3.257242084781504787e-01 -9.454648274850219192e-01 -0.000000000000000000e+00 9.454648274850219192e-01 -3.257242084781504787e-01 0.000000000000000000e+00 0.000000000000000000e+00 -0.000000000000000000e+00 1.000000000000000000e+00
-3.176464962587279839e-01 -9.482092086742006654e-01 -0.000000000000000000e+00 9.482092086742006654e-01 -3.176464962587279839e-01 0.000000000000000000e+00 0.000000000000000000e+00 -0.000000000000000000e+00 1.000000000000000000e+00
-3.129555519182276591e-01 -9.497677729442906003e-01 -0.000000000000000000e+00 9.497677729442906003e-01 -3.129555519182276591e-01 0.000000000000000000e+00 0.000000000000000000e+00 -0.000000000000000000e+00 1.000000000000000000e+00
-3.123848243809718705e-01 -9.499556418572761007e-01 -0.000000000000000000e+00 9.499556418572761007e-01 -3.123848243809718705e-01 0.000000000000000000e+00 0.000000000000000000e+00 -0.000000000000000000e+00 1.000000000000000000e+00
-3.150235520087615315e-01 -9.490838538716077633e-01 -0.000000000000000000e+00 9.490838538716077633e-01 -3.150235520087615315e-01 0.000000000000000000e+00 0.000000000000000000e+00 -0.000000000000000000e+00 1.000000000000000000e+00
-3.205054071267720017e-01 -9.472466859284871532e-01 -0.000000000000000000e+00 9.472466859284871532e-01 -3.205054071267720017e-01 0.000000000000000000e+00 0.000000000000000000e+00 -0.000000000000000000e+00 9.999999999999998890e-01
-3.293377006433833576e-01 -9.442122001620869565e-01 -0.000000000000000000e+00 9.442122001620869565e-01 -3.293377006433833576e-01 0.000000000000000000e+00 0.000000000000000000e+00 -0.000000000000000000e+00 1.000000000000000000e+00
-3.441852380301100300e-01 -9.389017637229980506e-01 -0.000000000000000000e+00 9.389017637229980506e-01 -3.441852380301100300e-01 0.000000000000000000e+00 0.000000000000000000e+00 -0.000000000000000000e+00 1.000000000000000000e+00
-3.629337868826505997e-01 -9.318149313780170750e-01 -0.000000000000000000e+00 9.318149313780170750e-01 -3.629337868826505997e-01 0.000000000000000000e+00 0.000000000000000000e+00 -0.000000000000000000e+00 1.000000000000000000e+00
-3.840537385665193093e-01 -9.233107417836530217e-01 -0.000000000000000000e+00 9.233107417836530217e-01 -3.840537385665193093e-01 0.000000000000000000e+00 0.000000000000000000e+00 -0.000000000000000000e+00 1.000000000000000000e+00
-4.068227135705384523e-01 -9.135071317308385286e-01 -0.000000000000000000e+00 9.135071317308385286e-01 -4.068227135705384523e-01 0.000000000000000000e+00 0.000000000000000000e+00 -0.000000000000000000e+00 1.000000000000000000e+00
-4.309920852981084516e-01 -9.023557072520724809e-01 -0.000000000000000000e+00 9.023557072520724809e-01 -4.309920852981084516e-01 0.000000000000000000e+00 0.000000000000000000e+00 -0.000000000000000000e+00 1.000000000000000000e+00
-4.543079075985020920e-01 -8.908447255798683795e-01 -0.000000000000000000e+00 8.908447255798683795e-01 -4.543079075985020920e-01 0.000000000000000000e+00 0.000000000000000000e+00 -0.000000000000000000e+00 1.000000000000000000e+00
-4.753618176005302565e-01 -8.797903968375195838e-01 -0.000000000000000000e+00 8.797903968375195838e-01 -4.753618176005302565e-01 0.000000000000000000e+00 0.000000000000000000e+00 -0.000000000000000000e+00 1.000000000000000000e+00
-4.941156372975210043e-01 -8.693961910303408258e-01 -0.000000000000000000e+00 8.693961910303408258e-01 -4.941156372975210043e-01 0.000000000000000000e+00 0.000000000000000000e+00 -0.000000000000000000e+00 1.000000000000000000e+00
-5.102492315092507225e-01 -8.600265819986142590e-01 -0.000000000000000000e+00 8.600265819986142590e-01 -5.102492315092507225e-01 0.000000000000000000e+00 0.000000000000000000e+00 -0.000000000000000000e+00 1.000000000000000000e+00
-5.259684160894185778e-01 -8.505041006817004590e-01 -0.000000000000000000e+00 8.505041006817004590e-01 -5.259684160894185778e-01 0.000000000000000000e+00 0.000000000000000000e+00 -0.000000000000000000e+00 9.999999999999998890e-01
-5.447055535112221847e-01 -8.386273665782874032e-01 -0.000000000000000000e+00 8.386273665782874032e-01 -5.447055535112221847e-01 0.000000000000000000e+00 0.000000000000000000e+00 -0.000000000000000000e+00 1.000000000000000000e+00
-5.668415864885458788e-01 -8.238268117918646771e-01 -0.000000000000000000e+00 8.238268117918646771e-01 -5.668415864885458788e-01 0.000000000000000000e+00 0.000000000000000000e+00 -0.000000000000000000e+00 1.000000000000000000e+00
-5.925781815771917760e-01 -8.055129413725572451e-01 -0.000000000000000000e+00 8.055129413725572451e-01 -5.925781815771917760e-01 0.000000000000000000e+00 0.000000000000000000e+00 -0.000000000000000000e+00 1.000000000000000000e+00
-6.208854205384477520e-01 -7.839013296090234784e-01 -0.000000000000000000e+00 7.839013296090234784e-01 -6.208854205384477520e-01 0.000000000000000000e+00 0.000000000000000000e+00 -0.000000000000000000e+00 1.000000000000000000e+00
-6.500266086055574988e-01 -7.599114475415917891e-01 -0.000000000000000000e+00 7.599114475415917891e-01 -6.500266086055574988e-01 0.000000000000000000e+00 0.000000000000000000e+00 -0.000000000000000000e+00 1.000000000000000000e+00
-6.786204972807008406e-01 -7.344890881902155222e-01 -0.000000000000000000e+00 7.344890881902155222e-01 -6.786204972807008406e-01 0.000000000000000000e+00 0.000000000000000000e+00 -0.000000000000000000e+00 1.000000000000000000e+00
-7.073588235645160704e-01 -7.068546489381136722e-01 -0.000000000000000000e+00 7.068546489381136722e-01 -7.073588235645160704e-01 0.000000000000000000e+00 0.000000000000000000e+00 -0.000000000000000000e+00 1.000000000000000000e+00
-7.344560450266444107e-01 -6.786562590323762523e-01 -0.000000000000000000e+00 6.786562590323762523e-01 -7.344560450266444107e-01 0.000000000000000000e+00 0.000000000000000000e+00 -0.000000000000000000e+00 1.000000000000000000e+00
-7.592975400337115266e-01 -6.507436098024740323e-01 -0.000000000000000000e+00 6.507436098024740323e-01 -7.592975400337115266e-01 0.000000000000000000e+00 0.000000000000000000e+00 -0.000000000000000000e+00 1.000000000000000222e+00
-7.814545724900987533e-01 -6.239621391833938269e-01 -0.000000000000000000e+00 6.239621391833938269e-01 -7.814545724900987533e-01 0.000000000000000000e+00 0.000000000000000000e+00 -0.000000000000000000e+00 1.000000000000000000e+00
-8.011593870407207607e-01 -5.984510310430891655e-01 -0.000000000000000000e+00 5.984510310430891655e-01 -8.011593870407207607e-01 0.000000000000000000e+00 0.000000000000000000e+00 -0.000000000000000000e+00 1.000000000000000000e+00
-8.194183459614380327e-01 -5.731959301162393716e-01 -0.000000000000000000e+00 5.731959301162393716e-01 -8.194183459614380327e-01 0.000000000000000000e+00 0.000000000000000000e+00 -0.000000000000000000e+00 9.999999999999998890e-01
-8.367667082812140222e-01 -5.475595638030823498e-01 -0.000000000000000000e+00 5.475595638030823498e-01 -8.367667082812140222e-01 0.000000000000000000e+00 0.000000000000000000e+00 -0.000000000000000000e+00 1.000000000000000000e+00
-8.530393825303497213e-01 -5.218465405195664708e-01 -0.000000000000000000e+00 5.218465405195664708e-01 -8.530393825303497213e-01 0.000000000000000000e+00 0.000000000000000000e+00 -0.000000000000000000e+00 1.000000000000000000e+00
-8.690526786152764638e-01 -4.947195587316241538e-01 -0.000000000000000000e+00 4.947195587316241538e-01 -8.690526786152764638e-01 0.000000000000000000e+00 0.000000000000000000e+00 -0.000000000000000000e+00 9.999999999999998890e-01
-8.853937556748019411e-01 -4.648417982626659728e-01 -0.000000000000000000e+00 4.648417982626659728e-01 -8.853937556748019411e-01 0.000000000000000000e+00 0.000000000000000000e+00 -0.000000000000000000e+00 1.000000000000000000e+00
-9.014031839363541021e-01 -4.329807154936617941e-01 -0.000000000000000000e+00 4.329807154936617941e-01 -9.014031839363541021e-01 0.000000000000000000e+00 0.000000000000000000e+00 -0.000000000000000000e+00 1.000000000000000000e+00
-9.175197605195415385e-01 -3.976901923057231669e-01 -0.000000000000000000e+00 3.976901923057231669e-01 -9.175197605195415385e-01 0.000000000000000000e+00 0.000000000000000000e+00 -0.000000000000000000e+00 1.000000000000000000e+00
-9.332795207499484658e-01 -3.591508543060236702e-01 -0.000000000000000000e+00 3.591508543060236702e-01 -9.332795207499484658e-01 0.000000000000000000e+00 0.000000000000000000e+00 -0.000000000000000000e+00 1.000000000000000000e+00
-9.482140346308050027e-01 -3.176320898920171332e-01 -0.000000000000000000e+00 3.176320898920171332e-01 -9.482140346308050027e-01 0.000000000000000000e+00 0.000000000000000000e+00 -0.000000000000000000e+00 1.000000000000000000e+00
-9.614133380068649037e-01 -2.751079669920477588e-01 -0.000000000000000000e+00 2.751079669920477588e-01 -9.614133380068649037e-01 0.000000000000000000e+00 0.000000000000000000e+00 -0.000000000000000000e+00 9.999999999999998890e-01
-9.730256456414068111e-01 -2.306969720740248420e-01 -0.000000000000000000e+00 2.306969720740248420e-01 -9.730256456414068111e-01 0.000000000000000000e+00 0.000000000000000000e+00 -0.000000000000000000e+00 1.000000000000000000e+00
-9.825589017234349631e-01 -1.859516190949600800e-01 -0.000000000000000000e+00 1.859516190949600800e-01 -9.825589017234349631e-01 0.000000000000000000e+00 0.000000000000000000e+00 -0.000000000000000000e+00 9.999999999999998890e-01
-9.889908271657675831e-01 -1.479768352884023308e-01 -0.000000000000000000e+00 1.479768352884023308e-01 -9.889908271657675831e-01 0.000000000000000000e+00 0.000000000000000000e+00 -0.000000000000000000e+00 1.000000000000000000e+00
-9.923762141723916352e-01 -1.232454848863502178e-01 -0.000000000000000000e+00 1.232454848863502178e-01 -9.923762141723916352e-01 0.000000000000000000e+00 0.000000000000000000e+00 -0.000000000000000000e+00 1.000000000000000000e+00
-9.939776829600104335e-01 -1.095826892234769423e-01 -0.000000000000000000e+00 1.095826892234769423e-01 -9.939776829600104335e-01 0.000000000000000000e+00 0.000000000000000000e+00 -0.000000000000000000e+00 1.000000000000000000e+00
-9.945661065945305968e-01 -1.041069623675414529e-01 -0.000000000000000000e+00 1.041069623675414529e-01 -9.945661065945305968e-01 0.000000000000000000e+00 0.000000000000000000e+00 -0.000000000000000000e+00 1.000000000000000000e+00
-9.945033667772604780e-01 -1.047046009910428954e-01 -0.000000000000000000e+00 1.047046009910428954e-01 -9.945033667772604780e-01 0.000000000000000000e+00 0.000000000000000000e+00 -0.000000000000000000e+00 1.000000000000000000e+00
-9.942062874783148541e-01 -1.074888735571556675e-01 -0.000000000000000000e+00 1.074888735571556675e-01 -9.942062874783148541e-01 0.000000000000000000e+00 0.000000000000000000e+00 -0.000000000000000000e+00 1.000000000000000000e+00
-9.941098438015808503e-01 -1.083772045072037837e-01 -0.000000000000000000e+00 1.083772045072037837e-01 -9.941098438015808503e-01 0.000000000000000000e+00 0.000000000000000000e+00 -0.000000000000000000e+00 9.999999999999998890e-01
-9.941730777765142024e-01 -1.077956002087879506e-01 -0.000000000000000000e+00 1.077956002087879506e-01 -9.941730777765142024e-01 0.000000000000000000e+00 0.000000000000000000e+00 -0.000000000000000000e+00 9.999999999999998890e-01
-9.945207773300684950e-01 -1.045391001434229084e-01 -0.000000000000000000e+00 1.045391001434229084e-01 -9.945207773300684950e-01 0.000000000000000000e+00 0.000000000000000000e+00 -0.000000000000000000e+00 1.000000000000000222e+00
-9.952340790649739644e-01 -9.751475717906890606e-02 -0.000000000000000000e+00 9.751475717906890606e-02 -9.952340790649739644e-01 0.000000000000000000e+00 0.000000000000000000e+00 -0.000000000000000000e+00 9.999999999999998890e-01
-9.962054402896144412e-01 -8.703287159099902526e-02 -0.000000000000000000e+00 8.703287159099902526e-02 -9.962054402896144412e-01 0.000000000000000000e+00 0.000000000000000000e+00 -0.000000000000000000e+00 9.999999999999998890e-01
-9.972300196565961894e-01 -7.437935127241052102e-02 -0.000000000000000000e+00 7.437935127241052102e-02 -9.972300196565961894e-01 0.000000000000000000e+00 0.000000000000000000e+00 -0.000000000000000000e+00 1.000000000000000000e+00
-9.980618549837682041e-01 -6.222968444689066375e-02 -0.000000000000000000e+00 6.222968444689066375e-02 -9.980618549837682041e-01 0.000000000000000000e+00 0.000000000000000000e+00 -0.000000000000000000e+00 9.999999999999998890e-01
-9.987117128879974270e-01 -5.074361575924788564e-02 -0.000000000000000000e+00 5.074361575924788564e-02 -9.987117128879974270e-01 0.000000000000000000e+00 0.000000000000000000e+00 -0.000000000000000000e+00 1.000000000000000000e+00
-9.992616194937458118e-01 -3.842155393442865663e-02 -0.000000000000000000e+00 3.842155393442865663e-02 -9.992616194937458118e-01 0.000000000000000000e+00 0.000000000000000000e+00 -0.000000000000000000e+00 1.000000000000000000e+00
-9.996862937838704166e-01 -2.504623765496699975e-02 -0.000000000000000000e+00 2.504623765496699975e-02 -9.996862937838704166e-01 0.000000000000000000e+00 0.000000000000000000e+00 -0.000000000000000000e+00 1.000000000000000000e+00
-9.999455837035042816e-01 -1.043214416397450321e-02 -0.000000000000000000e+00 1.043214416397450321e-02 -9.999455837035042816e-01 0.000000000000000000e+00 0.000000000000000000e+00 -0.000000000000000000e+00 1.000000000000000000e+00
-9.999749729252381814e-01 7.074851459138903169e-03 0.000000000000000000e+00 -7.074851459138903169e-03 -9.999749729252381814e-01 -0.000000000000000000e+00 -0.000000000000000000e+00 0.000000000000000000e+00 9.999999999999998890e-01
-9.996266131754942830e-01 2.732460852950766711e-02 0.000000000000000000e+00 -2.732460852950766711e-02 -9.996266131754942830e-01 -0.000000000000000000e+00 -0.000000000000000000e+00 0.000000000000000000e+00 1.000000000000000000e+00
-9.987836656171206196e-01 4.930709174579406273e-02 0.000000000000000000e+00 -4.930709174579406273e-02 -9.987836656171206196e-01 -0.000000000000000000e+00 -0.000000000000000000e+00 0.000000000000000000e+00 1.000000000000000222e+00
-9.973775073603837749e-01 7.237477330940438047e-02 0.000000000000000000e+00 -7.237477330940438047e-02 -9.973775073603837749e-01 -0.000000000000000000e+00 -0.000000000000000000e+00 0.000000000000000000e+00 1.000000000000000000e+00
-9.952542984760766043e-01 9.730817727659085703e-02 0.000000000000000000e+00 -9.730817727659085703e-02 -9.952542984760766043e-01 -0.000000000000000000e+00 -0.000000000000000000e+00 0.000000000000000000e+00 1.000000000000000000e+00
-9.928173265389694802e-01 1.196401108492175791e-01 0.000000000000000000e+00 -1.196401108492175791e-01 -9.928173265389694802e-01 -0.000000000000000000e+00 -0.000000000000000000e+00 0.000000000000000000e+00 1.000000000000000000e+00
-9.901214598250576149e-01 1.402123204069343210e-01 0.000000000000000000e+00 -1.402123204069343210e-01 -9.901214598250576149e-01 -0.000000000000000000e+00 -0.000000000000000000e+00 0.000000000000000000e+00 1.000000000000000000e+00
-9.873373104084296470e-01 1.586349125364539814e-01 0.000000000000000000e+00 -1.586349125364539814e-01 -9.873373104084296470e-01 -0.000000000000000000e+00 -0.000000000000000000e+00 0.000000000000000000e+00 1.000000000000000000e+00
-9.844374720689181846e-01 1.757352087276710939e-01 0.000000000000000000e+00 -1.757352087276710939e-01 -9.844374720689181846e-01 -0.000000000000000000e+00 -0.000000000000000000e+00 0.000000000000000000e+00 1.000000000000000000e+00
-9.815799083030255501e-01 1.910520442597356539e-01 0.000000000000000000e+00 -1.910520442597356539e-01 -9.815799083030255501e-01 -0.000000000000000000e+00 -0.000000000000000000e+00 0.000000000000000000e+00 1.000000000000000000e+00
-9.785716956536543165e-01 2.059063779136811045e-01 0.000000000000000000e+00 -2.059063779136811045e-01 -9.785716956536543165e-01 -0.000000000000000000e+00 -0.000000000000000000e+00 0.000000000000000000e+00 1.000000000000000000e+00
-9.743847661390311332e-01 2.248873662885174096e-01 0.000000000000000000e+00 -2.248873662885174096e-01 -9.743847661390311332e-01 -0.000000000000000000e+00 -0.000000000000000000e+00 0.000000000000000000e+00 1.000000000000000000e+00
-9.684637008170776662e-01 2.491546913058023671e-01 0.000000000000000000e+00 -2.491546913058023671e-01 -9.684637008170776662e-01 -0.000000000000000000e+00 -0.000000000000000000e+00 0.000000000000000000e+00 9.999999999999998890e-01
-9.609327896223792687e-01 2.767818162895681611e-01 0.000000000000000000e+00 -2.767818162895681611e-01 -9.609327896223792687e-01 -0.000000000000000000e+00 -0.000000000000000000e+00 0.000000000000000000e+00 1.000000000000000000e+00
-9.525734359964640463e-01 3.043088053834301920e-01 0.000000000000000000e+00 -3.043088053834301920e-01 -9.525734359964640463e-01 -0.000000000000000000e+00 -0.000000000000000000e+00 0.000000000000000000e+00 9.999999999999998890e-01
-9.436791453278616792e-01 3.308620115293935404e-01 0.000000000000000000e+00 -3.308620115293935404e-01 -9.436791453278616792e-01 -0.000000000000000000e+00 -0.000000000000000000e+00 0.000000000000000000e+00 1.000000000000000000e+00
-9.351259340312784163e-01 3.543155197026077174e-01 0.000000000000000000e+00 -3.543155197026077174e-01 -9.351259340312784163e-01 -0.000000000000000000e+00 -0.000000000000000000e+00 0.000000000000000000e+00 9.999999999999998890e-01
-9.271674849170589150e-01 3.746471071723035395e-01 0.000000000000000000e+00 -3.746471071723035395e-01 -9.271674849170589150e-01 -0.000000000000000000e+00 -0.000000000000000000e+00 0.000000000000000000e+00 1.000000000000000000e+00
-9.198987289691619162e-01 3.921560001337737189e-01 0.000000000000000000e+00 -3.921560001337737189e-01 -9.198987289691619162e-01 -0.000000000000000000e+00 -0.000000000000000000e+00 0.000000000000000000e+00 9.999999999999998890e-01
-9.133092769036288416e-01 4.072666997457199400e-01 0.000000000000000000e+00 -4.072666997457199400e-01 -9.133092769036288416e-01 -0.000000000000000000e+00 -0.000000000000000000e+00 0.000000000000000000e+00 1.000000000000000000e+00
-9.064314682207975649e-01 4.223529251930064898e-01 0.000000000000000000e+00 -4.223529251930064898e-01 -9.064314682207975649e-01 -0.000000000000000000e+00 -0.000000000000000000e+00 0.000000000000000000e+00 1.000000000000000000e+00
-8.983873819597483212e-01 4.392039525499621400e-01 0.000000000000000000e+00 -4.392039525499621400e-01 -8.983873819597483212e-01 -0.000000000000000000e+00 -0.000000000000000000e+00 0.000000000000000000e+00 1.000000000000000000e+00
-8.889368814086567872e-01 4.580297161445439080e-01 0.000000000000000000e+00 -4.580297161445439080e-01 -8.889368814086567872e-01 -0.000000000000000000e+00 -0.000000000000000000e+00 0.000000000000000000e+00 9.999999999999998890e-01
-8.778638632099774464e-01 4.789102605604245722e-01 0.000000000000000000e+00 -4.789102605604245722e-01 -8.778638632099774464e-01 -0.000000000000000000e+00 -0.000000000000000000e+00 0.000000000000000000e+00 9.999999999999998890e-01
-8.639800601865639251e-01 5.035260227634928976e-01 0.000000000000000000e+00 -5.035260227634928976e-01 -8.639800601865639251e-01 -0.000000000000000000e+00 -0.000000000000000000e+00 0.000000000000000000e+00 1.000000000000000000e+00
-8.455199399690482842e-01 5.339438464059088618e-01 0.000000000000000000e+00 -5.339438464059088618e-01 -8.455199399690482842e-01 -0.000000000000000000e+00 -0.000000000000000000e+00 0.000000000000000000e+00 1.000000000000000000e+00
-8.196059226756008398e-01 5.729276843678239306e-01 0.000000000000000000e+00 -5.729276843678239306e-01 -8.196059226756008398e-01 -0.000000000000000000e+00 -0.000000000000000000e+00 0.000000000000000000e+00 9.999999999999998890e-01
-7.868945284851569522e-01 6.170875148956770362e-01 0.000000000000000000e+00 -6.170875148956770362e-01 -7.868945284851569522e-01 -0.000000000000000000e+00 -0.000000000000000000e+00 0.000000000000000000e+00 1.000000000000000000e+00
-7.496059194655164681e-01 6.618844049396068741e-01 0.000000000000000000e+00 -6.618844049396068741e-01 -7.496059194655164681e-01 -0.000000000000000000e+00 -0.000000000000000000e+00 0.000000000000000000e+00 1.000000000000000000e+00
-7.107707876511842882e-01 7.034236898354471190e-01 0.000000000000000000e+00 -7.034236898354471190e-01 -7.107707876511842882e-01 -0.000000000000000000e+00 -0.000000000000000000e+00 0.000000000000000000e+00 1.000000000000000000e+00
-6.748301125828966018e-01 7.379731154665155612e-01 0.000000000000000000e+00 -7.379731154665155612e-01 -6.748301125828966018e-01 -0.000000000000000000e+00 -0.000000000000000000e+00 0.000000000000000000e+00 1.000000000000000000e+00
-6.422314398020902981e-01 7.665107812221130246e-01 0.000000000000000000e+00 -7.665107812221130246e-01 -6.422314398020902981e-01 -0.000000000000000000e+00 -0.000000000000000000e+00 0.000000000000000000e+00 1.000000000000000000e+00
-6.130354354693353658e-01 7.900554125242875703e-01 0.000000000000000000e+00 -7.900554125242875703e-01 -6.130354354693353658e-01 -0.000000000000000000e+00 -0.000000000000000000e+00 0.000000000000000000e+00 9.999999999999998890e-01
-5.875855909141729505e-01 8.091620192211459450e-01 0.000000000000000000e+00 -8.091620192211459450e-01 -5.875855909141729505e-01 -0.000000000000000000e+00 -0.000000000000000000e+00 0.000000000000000000e+00 1.000000000000000000e+00
-5.643709767170611569e-01 8.255212902399492458e-01 0.000000000000000000e+00 -8.255212902399492458e-01 -5.643709767170611569e-01 -0.000000000000000000e+00 -0.000000000000000000e+00 0.000000000000000000e+00 1.000000000000000000e+00
-5.413352025958922953e-01 8.408068734438748359e-01 0.000000000000000000e+00 -8.408068734438748359e-01 -5.413352025958922953e-01 -0.000000000000000000e+00 -0.000000000000000000e+00 0.000000000000000000e+00 9.999999999999998890e-01
-5.176906376233898488e-01 8.555678837573837958e-01 0.000000000000000000e+00 -8.555678837573837958e-01 -5.176906376233898488e-01 -0.000000000000000000e+00 -0.000000000000000000e+00 0.000000000000000000e+00 1.000000000000000000e+00
-4.920697330945648651e-01 8.705557867088379309e-01 0.000000000000000000e+00 -8.705557867088379309e-01 -4.920697330945648651e-01 -0.000000000000000000e+00 -0.000000000000000000e+00 0.000000000000000000e+00 1.000000000000000000e+00
-4.650756478753614309e-01 8.852709425669142984e-01 0.000000000000000000e+00 -8.852709425669142984e-01 -4.650756478753614309e-01 -0.000000000000000000e+00 -0.000000000000000000e+00 0.000000000000000000e+00 1.000000000000000000e+00
-4.392691478239896807e-01 8.983555063392143492e-01 0.000000000000000000e+00 -8.983555063392143492e-01 -4.392691478239896807e-01 -0.000000000000000000e+00 -0.000000000000000000e+00 0.000000000000000000e+00 1.000000000000000222e+00
-4.143430817052706217e-01 9.101207670649975601e-01 0.000000000000000000e+00 -9.101207670649975601e-01 -4.143430817052706217e-01 -0.000000000000000000e+00 -0.000000000000000000e+00 0.000000000000000000e+00 1.000000000000000000e+00
-3.900388439300363497e-01 9.207984036833039010e-01 0.000000000000000000e+00 -9.207984036833039010e-01 -3.900388439300363497e-01 -0.000000000000000000e+00 -0.000000000000000000e+00 0.000000000000000000e+00 1.000000000000000000e+00
-3.664121076839931823e-01 9.304526679754182572e-01 0.000000000000000000e+00 -9.304526679754182572e-01 -3.664121076839931823e-01 -0.000000000000000000e+00 -0.000000000000000000e+00 0.000000000000000000e+00 1.000000000000000000e+00
-3.446651748127664838e-01 9.387256879788072883e-01 0.000000000000000000e+00 -9.387256879788072883e-01 -3.446651748127664838e-01 -0.000000000000000000e+00 -0.000000000000000000e+00 0.000000000000000000e+00 1.000000000000000000e+00
-3.252222710326198585e-01 9.456376020571437557e-01 0.000000000000000000e+00 -9.456376020571437557e-01 -3.252222710326198585e-01 -0.000000000000000000e+00 -0.000000000000000000e+00 0.000000000000000000e+00 1.000000000000000000e+00
-3.087410995866629038e-01 9.511461157077908402e-01 0.000000000000000000e+00 -9.511461157077908402e-01 -3.087410995866629038e-01 -0.000000000000000000e+00 -0.000000000000000000e+00 0.000000000000000000e+00 1.000000000000000000e+00
-2.930440785148192284e-01 9.560989321442631139e-01 0.000000000000000000e+00 -9.560989321442631139e-01 -2.930440785148192284e-01 -0.000000000000000000e+00 -0.000000000000000000e+00 0.000000000000000000e+00 1.000000000000000000e+00
-2.781823666563893460e-01 9.605282769817087285e-01 0.000000000000000000e+00 -9.605282769817087285e-01 -2.781823666563893460e-01 -0.000000000000000000e+00 -0.000000000000000000e+00 0.000000000000000000e+00 1.000000000000000000e+00
-2.644707840812301480e-01 9.643936978057557896e-01 0.000000000000000000e+00 -9.643936978057557896e-01 -2.644707840812301480e-01 -0.000000000000000000e+00 -0.000000000000000000e+00 0.000000000000000000e+00 1.000000000000000000e+00
-2.522086853574517229e-01 9.676728677762261865e-01 0.000000000000000000e+00 -9.676728677762261865e-01 -2.522086853574517229e-01 -0.000000000000000000e+00 -0.000000000000000000e+00 0.000000000000000000e+00 1.000000000000000000e+00
-2.413263279743856904e-01 9.704440238501131910e-01 0.000000000000000000e+00 -9.704440238501131910e-01 -2.413263279743856904e-01 -0.000000000000000000e+00 -0.000000000000000000e+00 0.000000000000000000e+00 9.999999999999998890e-01
-2.326175656093386612e-01 9.725682845795378118e-01 0.000000000000000000e+00 -9.725682845795378118e-01 -2.326175656093386612e-01 -0.000000000000000000e+00 -0.000000000000000000e+00 0.000000000000000000e+00 9.999999999999998890e-01
-2.263948689756201116e-01 9.740356067934641260e-01 0.000000000000000000e+00 -9.740356067934641260e-01 -2.263948689756201116e-01 -0.000000000000000000e+00 -0.000000000000000000e+00 0.000000000000000000e+00 1.000000000000000000e+00
-2.223536732853793607e-01 9.749660732438328870e-01 0.000000000000000000e+00 -9.749660732438328870e-01 -2.223536732853793607e-01 -0.000000000000000000e+00 -0.000000000000000000e+00 0.000000000000000000e+00 1.000000000000000000e+00
-2.209708404541159132e-01 9.752804148905080961e-01 0.000000000000000000e+00 -9.752804148905080961e-01 -2.209708404541159132e-01 -0.000000000000000000e+00 -0.000000000000000000e+00 0.000000000000000000e+00 1.000000000000000000e+00
-2.217934118681720856e-01 9.750936788082853468e-01 0.000000000000000000e+00 -9.750936788082853468e-01 -2.217934118681720856e-01 -0.000000000000000000e+00 -0.000000000000000000e+00 0.000000000000000000e+00 1.000000000000000000e+00
-2.256846128074236901e-01 9.742004185699999486e-01 0.000000000000000000e+00 -9.742004185699999486e-01 -2.256846128074236901e-01 -0.000000000000000000e+00 -0.000000000000000000e+00 0.000000000000000000e+00 1.000000000000000000e+00
-2.311070820034679674e-01 9.729283204058983836e-01 0.000000000000000000e+00 -9.729283204058983836e-01 -2.311070820034679674e-01 -0.000000000000000000e+00 -0.000000000000000000e+00 0.000000000000000000e+00 1.000000000000000000e+00
-2.366386852774150507e-01 9.715977216061062460e-01 0.000000000000000000e+00 -9.715977216061062460e-01 -2.366386852774150507e-01 -0.000000000000000000e+00 -0.000000000000000000e+00 0.000000000000000000e+00 1.000000000000000000e+00
-2.419756575624890660e-01 9.702823203311502498e-01 0.000000000000000000e+00 -9.702823203311502498e-01 -2.419756575624890660e-01 -0.000000000000000000e+00 -0.000000000000000000e+00 0.000000000000000000e+00 9.999999999999998890e-01
-2.467785473818601139e-01 9.690719006101140565e-01 0.000000000000000000e+00 -9.690719006101140565e-01 -2.467785473818601139e-01 -0.000000000000000000e+00 -0.000000000000000000e+00 0.000000000000000000e+00 9.999999999999998890e-01
-2.514071683343475083e-01 9.678814161404820648e-01 0.000000000000000000e+00 -9.678814161404820648e-01 -2.514071683343475083e-01 -0.000000000000000000e+00 -0.000000000000000000e+00 0.000000000000000000e+00 1.000000000000000000e+00
-2.549336690498414937e-01 9.669585432606643272e-01 0.000000000000000000e+00 -9.669585432606643272e-01 -2.549336690498414937e-01 -0.000000000000000000e+00 -0.000000000000000000e+00 0.000000000000000000e+00 1.000000000000000000e+00
-2.571982949592921397e-01 9.663586482616238760e-01 0.000000000000000000e+00 -9.663586482616238760e-01 -2.571982949592921397e-01 -0.000000000000000000e+00 -0.000000000000000000e+00 0.000000000000000000e+00 1.000000000000000000e+00
-2.576798577927523759e-01 9.662303508418201847e-01 0.000000000000000000e+00 -9.662303508418201847e-01 -2.576798577927523759e-01 -0.000000000000000000e+00 -0.000000000000000000e+00 0.000000000000000000e+00 1.000000000000000000e+00
-2.564277617490932637e-01 9.665633983367828419e-01 0.000000000000000000e+00 -9.665633983367828419e-01 -2.564277617490932637e-01 -0.000000000000000000e+00 -0.000000000000000000e+00 0.000000000000000000e+00 1.000000000000000000e+00
-2.535408698708069841e-01 9.673246752281028371e-01 0.000000000000000000e+00 -9.673246752281028371e-01 -2.535408698708069841e-01 -0.000000000000000000e+00 -0.000000000000000000e+00 0.000000000000000000e+00 1.000000000000000000e+00
-2.472006805810724184e-01 9.689643045645461861e-01 0.000000000000000000e+00 -9.689643045645461861e-01 -2.472006805810724184e-01 -0.000000000000000000e+00 -0.000000000000000000e+00 0.000000000000000000e+00 1.000000000000000000e+00
-2.381596801772601357e-01 9.712260121814412228e-01 0.000000000000000000e+00 -9.712260121814412228e-01 -2.381596801772601357e-01 -0.000000000000000000e+00 -0.000000000000000000e+00 0.000000000000000000e+00 1.000000000000000000e+00
-2.271628422106507506e-01 9.738567877869819256e-01 0.000000000000000000e+00 -9.738567877869819256e-01 -2.271628422106507506e-01 -0.000000000000000000e+00 -0.000000000000000000e+00 0.000000000000000000e+00 9.999999999999998890e-01
-2.175748333718863781e-01 9.760436424070370043e-01 0.000000000000000000e+00 -9.760436424070370043e-01 -2.175748333718863781e-01 -0.000000000000000000e+00 -0.000000000000000000e+00 0.000000000000000000e+00 1.000000000000000000e+00
-2.111924011110282162e-01 9.774445097871072852e-01 0.000000000000000000e+00 -9.774445097871072852e-01 -2.111924011110282162e-01 -0.000000000000000000e+00 -0.000000000000000000e+00 0.000000000000000000e+00 1.000000000000000000e+00
-2.071760182112796778e-01 9.783036836678677961e-01 0.000000000000000000e+00 -9.783036836678677961e-01 -2.071760182112796778e-01 -0.000000000000000000e+00 -0.000000000000000000e+00 0.000000000000000000e+00 1.000000000000000000e+00
-2.056998958219937723e-01 9.786151198805488338e-01 0.000000000000000000e+00 -9.786151198805488338e-01 -2.056998958219937723e-01 -0.000000000000000000e+00 -0.000000000000000000e+00 0.000000000000000000e+00 1.000000000000000000e+00
-2.067951042287721197e-01 9.783842725979456922e-01 0.000000000000000000e+00 -9.783842725979456922e-01 -2.067951042287721197e-01 -0.000000000000000000e+00 -0.000000000000000000e+00 0.000000000000000000e+00 1.000000000000000000e+00
-2.094253910565441190e-01 9.778246292566031839e-01 0.000000000000000000e+00 -9.778246292566031839e-01 -2.094253910565441190e-01 -0.000000000000000000e+00 -0.000000000000000000e+00 0.000000000000000000e+00 9.999999999999998890e-01
-2.124868759043861965e-01 9.771639205212162560e-01 0.000000000000000000e+00 -9.771639205212162560e-01 -2.124868759043861965e-01 -0.000000000000000000e+00 -0.000000000000000000e+00 0.000000000000000000e+00 9.999999999999998890e-01
-2.140377510767423885e-01 9.768253892656612036e-01 0.000000000000000000e+00 -9.768253892656612036e-01 -2.140377510767423885e-01 -0.000000000000000000e+00 -0.000000000000000000e+00 0.000000000000000000e+00 1.000000000000000000e+00
-2.123308022946758800e-01 9.771978460869114036e-01 0.000000000000000000e+00 -9.771978460869114036e-01 -2.123308022946758800e-01 -0.000000000000000000e+00 -0.000000000000000000e+00 0.000000000000000000e+00 9.999999999999997780e-01
-2.066765213023654679e-01 9.784093292392265218e-01 0.000000000000000000e+00 -9.784093292392265218e-01 -2.066765213023654679e-01 -0.000000000000000000e+00 -0.000000000000000000e+00 0.000000000000000000e+00 1.000000000000000000e+00
-1.973433067634923765e-01 9.803344425631745906e-01 0.000000000000000000e+00 -9.803344425631745906e-01 -1.973433067634923765e-01 -0.000000000000000000e+00 -0.000000000000000000e+00 0.000000000000000000e+00 1.000000000000000000e+00
-1.858123540440628774e-01 9.825852477442370558e-01 0.000000000000000000e+00 -9.825852477442370558e-01 -1.858123540440628774e-01 -0.000000000000000000e+00 -0.000000000000000000e+00 0.000000000000000000e+00 1.000000000000000000e+00
-1.708773931533316137e-01 9.852923000354371075e-01 0.000000000000000000e+00 -9.852923000354371075e-01 -1.708773931533316137e-01 -0.000000000000000000e+00 -0.000000000000000000e+00 0.000000000000000000e+00 1.000000000000000000e+00
-1.570822793509292770e-01 9.875855190888112034e-01 0.000000000000000000e+00 -9.875855190888112034e-01 -1.570822793509292770e-01 -0.000000000000000000e+00 -0.000000000000000000e+00 0.000000000000000000e+00 1.000000000000000000e+00
-1.470768157091498218e-01 9.891250731231397975e-01 0.000000000000000000e+00 -9.891250731231397975e-01 -1.470768157091498218e-01 -0.000000000000000000e+00 -0.000000000000000000e+00 0.000000000000000000e+00 1.000000000000000000e+00
-1.434321393201143935e-01 9.896601545025722757e-01 0.000000000000000000e+00 -9.896601545025722757e-01 -1.434321393201143935e-01 -0.000000000000000000e+00 -0.000000000000000000e+00 0.000000000000000000e+00 1.000000000000000000e+00
-1.510251833086074802e-01 9.885299155850577613e-01 0.000000000000000000e+00 -9.885299155850577613e-01 -1.510251833086074802e-01 -0.000000000000000000e+00 -0.000000000000000000e+00 0.000000000000000000e+00 9.999999999999998890e-01
-1.727350912635640112e-01 9.849683183971799094e-01 0.000000000000000000e+00 -9.849683183971799094e-01 -1.727350912635640112e-01 -0.000000000000000000e+00 -0.000000000000000000e+00 0.000000000000000000e+00 1.000000000000000000e+00
-2.059607967805174855e-01 9.785602435157143564e-01 0.000000000000000000e+00 -9.785602435157143564e-01 -2.059607967805174855e-01 -0.000000000000000000e+00 -0.000000000000000000e+00 0.000000000000000000e+00 1.000000000000000000e+00
-2.503383901794196675e-01 9.681584015037912883e-01 0.000000000000000000e+00 -9.681584015037912883e-01 -2.503383901794196675e-01 -0.000000000000000000e+00 -0.000000000000000000e+00 0.000000000000000000e+00 1.000000000000000000e+00
-3.004335128527939047e-01 9.538027596704311550e-01 0.000000000000000000e+00 -9.538027596704311550e-01 -3.004335128527939047e-01 -0.000000000000000000e+00 -0.000000000000000000e+00 0.000000000000000000e+00 1.000000000000000000e+00
-3.501978942793087524e-01 9.366757362301736389e-01 0.000000000000000000e+00 -9.366757362301736389e-01 -3.501978942793087524e-01 -0.000000000000000000e+00 -0.000000000000000000e+00 0.000000000000000000e+00 1.000000000000000000e+00
-3.941954455045122985e-01 9.190266322275426614e-01 0.000000000000000000e+00 -9.190266322275426614e-01 -3.941954455045122985e-01 -0.000000000000000000e+00 -0.000000000000000000e+00 0.000000000000000000e+00 1.000000000000000000e+00
-4.293723752105024216e-01 9.031275454807539127e-01 0.000000000000000000e+00 -9.031275454807539127e-01 -4.293723752105024216e-01 -0.000000000000000000e+00 -0.000000000000000000e+00 0.000000000000000000e+00 9.999999999999998890e-01
-4.565880139349384192e-01 8.896782483184292323e-01 0.000000000000000000e+00 -8.896782483184292323e-01 -4.565880139349384192e-01 -0.000000000000000000e+00 -0.000000000000000000e+00 0.000000000000000000e+00 1.000000000000000000e+00
-4.774166568058291760e-01 8.786770372579136845e-01 0.000000000000000000e+00 -8.786770372579136845e-01 -4.774166568058291760e-01 -0.000000000000000000e+00 -0.000000000000000000e+00 0.000000000000000000e+00 1.000000000000000000e+00
-4.956855857641968011e-01 8.685020437889626743e-01 0.000000000000000000e+00 -8.685020437889626743e-01 -4.956855857641968011e-01 -0.000000000000000000e+00 -0.000000000000000000e+00 0.000000000000000000e+00 1.000000000000000000e+00
-5.140319123547542057e-01 8.577710609952485799e-01 0.000000000000000000e+00 -8.577710609952485799e-01 -5.140319123547542057e-01 -0.000000000000000000e+00 -0.000000000000000000e+00 0.000000000000000000e+00 1.000000000000000000e+00
-5.335778826423340782e-01 8.457509344688444175e-01 0.000000000000000000e+00 -8.457509344688444175e-01 -5.335778826423340782e-01 -0.000000000000000000e+00 -0.000000000000000000e+00 0.000000000000000000e+00 1.000000000000000000e+00
-5.545473683490875771e-01 8.321521593176944842e-01 0.000000000000000000e+00 -8.321521593176944842e-01 -5.545473683490875771e-01 -0.000000000000000000e+00 -0.000000000000000000e+00 0.000000000000000000e+00 1.000000000000000000e+00
-5.766024145690691327e-01 8.170248805961293215e-01 0.000000000000000000e+00 -8.170248805961293215e-01 -5.766024145690691327e-01 -0.000000000000000000e+00 -0.000000000000000000e+00 0.000000000000000000e+00 1.000000000000000000e+00
-5.991097945582822826e-01 8.006668808339288956e-01 0.000000000000000000e+00 -8.006668808339288956e-01 -5.991097945582822826e-01 -0.000000000000000000e+00 -0.000000000000000000e+00 0.000000000000000000e+00 1.000000000000000000e+00
-6.215225872300856880e-01 7.833962430104068897e-01 0.000000000000000000e+00 -7.833962430104068897e-01 -6.215225872300856880e-01 -0.000000000000000000e+00 -0.000000000000000000e+00 0.000000000000000000e+00 9.999999999999998890e-01
-6.439232153184932805e-01 7.650901206876830063e-01 0.000000000000000000e+00 -7.650901206876830063e-01 -6.439232153184932805e-01 -0.000000000000000000e+00 -0.000000000000000000e+00 0.000000000000000000e+00 1.000000000000000000e+00
-6.668037381638511896e-01 7.452333693352131139e-01 0.000000000000000000e+00 -7.452333693352131139e-01 -6.668037381638511896e-01 -0.000000000000000000e+00 -0.000000000000000000e+00 0.000000000000000000e+00 1.000000000000000000e+00
-6.904302914324133011e-01 7.233989305165946515e-01 0.000000000000000000e+00 -7.233989305165946515e-01 -6.904302914324133011e-01 -0.000000000000000000e+00 -0.000000000000000000e+00 0.000000000000000000e+00 1.000000000000000000e+00
-7.133956737702554785e-01 7.007614520262106517e-01 0.000000000000000000e+00 -7.007614520262106517e-01 -7.133956737702554785e-01 -0.000000000000000000e+00 -0.000000000000000000e+00 0.000000000000000000e+00 9.999999999999998890e-01
-7.345642914737340323e-01 6.785390937091917429e-01 0.000000000000000000e+00 -6.785390937091917429e-01 -7.345642914737340323e-01 -0.000000000000000000e+00 -0.000000000000000000e+00 0.000000000000000000e+00 1.000000000000000000e+00
-7.524566790405327055e-01 6.586417434138933658e-01 0.000000000000000000e+00 -6.586417434138933658e-01 -7.524566790405327055e-01 -0.000000000000000000e+00 -0.000000000000000000e+00 0.000000000000000000e+00 1.000000000000000000e+00
-7.664329630145420014e-01 6.423243053199448882e-01 0.000000000000000000e+00 -6.423243053199448882e-01 -7.664329630145420014e-01 -0.000000000000000000e+00 -0.000000000000000000e+00 0.000000000000000000e+00 1.000000000000000000e+00
-7.776096503560695483e-01 6.287473512255229435e-01 0.000000000000000000e+00 -6.287473512255229435e-01 -7.776096503560695483e-01 -0.000000000000000000e+00 -0.000000000000000000e+00 0.000000000000000000e+00 9.999999999999998890e-01
-7.858205888172828946e-01 6.184545271811493494e-01 0.000000000000000000e+00 -6.184545271811493494e-01 -7.858205888172828946e-01 -0.000000000000000000e+00 -0.000000000000000000e+00 0.000000000000000000e+00 1.000000000000000000e+00
-7.916952725546368974e-01 6.109161934460727306e-01 0.000000000000000000e+00 -6.109161934460727306e-01 -7.916952725546368974e-01 -0.000000000000000000e+00 -0.000000000000000000e+00 0.000000000000000000e+00 1.000000000000000000e+00
-7.954790468604158171e-01 6.059810937694709576e-01 0.000000000000000000e+00 -6.059810937694709576e-01 -7.954790468604158171e-01 -0.000000000000000000e+00 -0.000000000000000000e+00 0.000000000000000000e+00 1.000000000000000000e+00
-7.958814491861314622e-01 6.054524909861908055e-01 0.000000000000000000e+00 -6.054524909861908055e-01 -7.958814491861314622e-01 -0.000000000000000000e+00 -0.000000000000000000e+00 0.000000000000000000e+00 1.000000000000000000e+00
-7.937389368038736404e-01 6.082585800475456272e-01 0.000000000000000000e+00 -6.082585800475456272e-01 -7.937389368038736404e-01 -0.000000000000000000e+00 -0.000000000000000000e+00 0.000000000000000000e+00 1.000000000000000000e+00
-7.915649636463277794e-01 6.110850254486587252e-01 0.000000000000000000e+00 -6.110850254486587252e-01 -7.915649636463277794e-01 -0.000000000000000000e+00 -0.000000000000000000e+00 0.000000000000000000e+00 1.000000000000000000e+00
-7.901494591948762247e-01 6.129142127035762666e-01 0.000000000000000000e+00 -6.129142127035762666e-01 -7.901494591948762247e-01 -0.000000000000000000e+00 -0.000000000000000000e+00 0.000000000000000000e+00 1.000000000000000000e+00
-7.895719899402500186e-01 6.136579443809017098e-01 0.000000000000000000e+00 -6.136579443809017098e-01 -7.895719899402500186e-01 -0.000000000000000000e+00 -0.000000000000000000e+00 0.000000000000000000e+00 1.000000000000000000e+00
-7.901883931140589734e-01 6.128640170444185076e-01 0.000000000000000000e+00 -6.128640170444185076e-01 -7.901883931140589734e-01 -0.000000000000000000e+00 -0.000000000000000000e+00 0.000000000000000000e+00 1.000000000000000000e+00
-7.911422902030343929e-01 6.116321416115225729e-01 0.000000000000000000e+00 -6.116321416115225729e-01 -7.911422902030343929e-01 -0.000000000000000000e+00 -0.000000000000000000e+00 0.000000000000000000e+00 9.999999999999998890e-01
-7.933766420020126331e-01 6.087310604245607104e-01 0.000000000000000000e+00 -6.087310604245607104e-01 -7.933766420020126331e-01 -0.000000000000000000e+00 -0.000000000000000000e+00 0.000000000000000000e+00 9.999999999999998890e-01
-7.967555952584138845e-01 6.043016808055479139e-01 0.000000000000000000e+00 -6.043016808055479139e-01 -7.967555952584138845e-01 -0.000000000000000000e+00 -0.000000000000000000e+00 0.000000000000000000e+00 9.999999999999998890e-01
-8.006641689609699242e-01 5.991134187631249608e-01 0.000000000000000000e+00 -5.991134187631249608e-01 -8.006641689609699242e-01 -0.000000000000000000e+00 -0.000000000000000000e+00 0.000000000000000000e+00 1.000000000000000000e+00
-8.045013540272420993e-01 5.939508156138302297e-01 0.000000000000000000e+00 -5.939508156138302297e-01 -8.045013540272420993e-01 -0.000000000000000000e+00 -0.000000000000000000e+00 0.000000000000000000e+00 1.000000000000000000e+00
-8.096232425489280349e-01 5.869499170496230711e-01 0.000000000000000000e+00 -5.869499170496230711e-01 -8.096232425489280349e-01 -0.000000000000000000e+00 -0.000000000000000000e+00 0.000000000000000000e+00 1.000000000000000000e+00
-8.159074674757760270e-01 5.781825010472607662e-01 0.000000000000000000e+00 -5.781825010472607662e-01 -8.159074674757760270e-01 -0.000000000000000000e+00 -0.000000000000000000e+00 0.000000000000000000e+00 1.000000000000000000e+00
-8.231779844018194403e-01 5.677834146892262179e-01 0.000000000000000000e+00 -5.677834146892262179e-01 -8.231779844018194403e-01 -0.000000000000000000e+00 -0.000000000000000000e+00 0.000000000000000000e+00 1.000000000000000000e+00
-8.311844655343045840e-01 5.559967484207553046e-01 0.000000000000000000e+00 -5.559967484207553046e-01 -8.311844655343045840e-01 -0.000000000000000000e+00 -0.000000000000000000e+00 0.000000000000000000e+00 1.000000000000000222e+00
-8.394731177672339895e-01 5.434012187566013008e-01 0.000000000000000000e+00 -5.434012187566013008e-01 -8.394731177672339895e-01 -0.000000000000000000e+00 -0.000000000000000000e+00 0.000000000000000000e+00 9.999999999999998890e-01
-8.477779267836614840e-01 5.303513805566989481e-01 0.000000000000000000e+00 -5.303513805566989481e-01 -8.477779267836614840e-01 -0.000000000000000000e+00 -0.000000000000000000e+00 0.000000000000000000e+00 9.999999999999998890e-01
-8.561244009434155755e-01 5.167697844391423434e-01 0.000000000000000000e+00 -5.167697844391423434e-01 -8.561244009434155755e-01 -0.000000000000000000e+00 -0.000000000000000000e+00 0.000000000000000000e+00 9.999999999999998890e-01
-8.645268957806074850e-01 5.025865561989765196e-01 0.000000000000000000e+00 -5.025865561989765196e-01 -8.645268957806074850e-01 -0.000000000000000000e+00 -0.000000000000000000e+00 0.000000000000000000e+00 1.000000000000000222e+00
-8.728372001405908520e-01 4.880114978673493753e-01 0.000000000000000000e+00 -4.880114978673493753e-01 -8.728372001405908520e-01 -0.000000000000000000e+00 -0.000000000000000000e+00 0.000000000000000000e+00 1.000000000000000000e+00
-8.814736111737246915e-01 4.722332821862019747e-01 0.000000000000000000e+00 -4.722332821862019747e-01 -8.814736111737246915e-01 -0.000000000000000000e+00 -0.000000000000000000e+00 0.000000000000000000e+00 1.000000000000000000e+00
-8.907512891597969551e-01 4.544910789665290718e-01 0.000000000000000000e+00 -4.544910789665290718e-01 -8.907512891597969551e-01 -0.000000000000000000e+00 -0.000000000000000000e+00 0.000000000000000000e+00 9.999999999999998890e-01
-8.998672169296795254e-01 4.361639507057329945e-01 0.000000000000000000e+00 -4.361639507057329945e-01 -8.998672169296795254e-01 -0.000000000000000000e+00 -0.000000000000000000e+00 0.000000000000000000e+00 1.000000000000000000e+00
-9.090138054354209851e-01 4.167660033253846041e-01 0.000000000000000000e+00 -4.167660033253846041e-01 -9.090138054354209851e-01 -0.000000000000000000e+00 -0.000000000000000000e+00 0.000000000000000000e+00 9.999999999999998890e-01
-9.195424447560195391e-01 3.929907025517558328e-01 0.000000000000000000e+00 -3.929907025517558328e-01 -9.195424447560195391e-01 -0.000000000000000000e+00 -0.000000000000000000e+00 0.000000000000000000e+00 9.999999999999998890e-01
-9.312776257350582343e-01 3.643102850665521641e-01 0.000000000000000000e+00 -3.643102850665521641e-01 -9.312776257350582343e-01 -0.000000000000000000e+00 -0.000000000000000000e+00 0.000000000000000000e+00 9.999999999999998890e-01
-9.435532295485152821e-01 3.312209277937713248e-01 0.000000000000000000e+00 -3.312209277937713248e-01 -9.435532295485152821e-01 -0.000000000000000000e+00 -0.000000000000000000e+00 0.000000000000000000e+00 9.999999999999998890e-01
-9.557121229636096338e-01 2.943031396713098324e-01 0.000000000000000000e+00 -2.943031396713098324e-01 -9.557121229636096338e-01 -0.000000000000000000e+00 -0.000000000000000000e+00 0.000000000000000000e+00 1.000000000000000000e+00
-9.673193362911921556e-01 2.535612384359400284e-01 0.000000000000000000e+00 -2.535612384359400284e-01 -9.673193362911921556e-01 -0.000000000000000000e+00 -0.000000000000000000e+00 0.000000000000000000e+00 1.000000000000000000e+00
-9.776578583125375976e-01 2.102025501266388263e-01 0.000000000000000000e+00 -2.102025501266388263e-01 -9.776578583125375976e-01 -0.000000000000000000e+00 -0.000000000000000000e+00 0.000000000000000000e+00 9.999999999999998890e-01
-9.863717905704034727e-01 1.645317317934025525e-01 0.000000000000000000e+00 -1.645317317934025525e-01 -9.863717905704034727e-01 -0.000000000000000000e+00 -0.000000000000000000e+00 0.000000000000000000e+00 1.000000000000000000e+00
-9.931010929180288382e-01 1.172613288557511901e-01 0.000000000000000000e+00 -1.172613288557511901e-01 -9.931010929180288382e-01 -0.000000000000000000e+00 -0.000000000000000000e+00 0.000000000000000000e+00 1.000000000000000000e+00
-9.975369937082195770e-01 7.014232804496436935e-02 0.000000000000000000e+00 -7.014232804496436935e-02 -9.975369937082195770e-01 -0.000000000000000000e+00 -0.000000000000000000e+00 0.000000000000000000e+00 9.999999999999998890e-01
-9.997000992053953761e-01 2.448901077468543241e-02 0.000000000000000000e+00 -2.448901077468543241e-02 -9.997000992053953761e-01 -0.000000000000000000e+00 -0.000000000000000000e+00 0.000000000000000000e+00 1.000000000000000000e+00
-9.998349258533465456e-01 -1.816923344098216389e-02 -0.000000000000000000e+00 1.816923344098216389e-02 -9.998349258533465456e-01 0.000000000000000000e+00 0.000000000000000000e+00 -0.000000000000000000e+00 1.000000000000000000e+00
-9.982982606519498203e-01 -5.831451602552716745e-02 -0.000000000000000000e+00 5.831451602552716745e-02 -9.982982606519498203e-01 0.000000000000000000e+00 0.000000000000000000e+00 -0.000000000000000000e+00 9.999999999999998890e-01
-9.952946903976430670e-01 -9.689416528491008596e-02 -0.000000000000000000e+00 9.689416528491008596e-02 -9.952946903976430670e-01 0.000000000000000000e+00 0.000000000000000000e+00 -0.000000000000000000e+00 9.999999999999998890e-01
-9.909404878666148164e-01 -1.343017107362206031e-01 -0.000000000000000000e+00 1.343017107362206031e-01 -9.909404878666148164e-01 0.000000000000000000e+00 0.000000000000000000e+00 -0.000000000000000000e+00 1.000000000000000000e+00
-9.852076546924569689e-01 -1.713647488119662832e-01 -0.000000000000000000e+00 1.713647488119662832e-01 -9.852076546924569689e-01 0.000000000000000000e+00 0.000000000000000000e+00 -0.000000000000000000e+00 9.999999999999998890e-01
-9.780446612042750232e-01 -2.083953950782374553e-01 -0.000000000000000000e+00 2.083953950782374553e-01 -9.780446612042750232e-01 0.000000000000000000e+00 0.000000000000000000e+00 -0.000000000000000000e+00 1.000000000000000000e+00
-9.697411362148619096e-01 -2.441354720902080000e-01 -0.000000000000000000e+00 2.441354720902080000e-01 -9.697411362148619096e-01 0.000000000000000000e+00 0.000000000000000000e+00 -0.000000000000000000e+00 1.000000000000000000e+00
-9.601335166711536528e-01 -2.795418218526222742e-01 -0.000000000000000000e+00 2.795418218526222742e-01 -9.601335166711536528e-01 0.000000000000000000e+00 0.000000000000000000e+00 -0.000000000000000000e+00 9.999999999999998890e-01
-9.492135054523082038e-01 -3.146326764132117426e-01 -0.000000000000000000e+00 3.146326764132117426e-01 -9.492135054523082038e-01 0.000000000000000000e+00 0.000000000000000000e+00 -0.000000000000000000e+00 9.999999999999998890e-01
-9.364178220400205532e-01 -3.508869655114367769e-01 -0.000000000000000000e+00 3.508869655114367769e-01 -9.364178220400205532e-01 0.000000000000000000e+00 0.000000000000000000e+00 -0.000000000000000000e+00 1.000000000000000000e+00
-9.216046006668029422e-01 -3.881300813255564308e-01 -0.000000000000000000e+00 3.881300813255564308e-01 -9.216046006668029422e-01 0.000000000000000000e+00 0.000000000000000000e+00 -0.000000000000000000e+00 1.000000000000000222e+00
-9.048564698136146722e-01 -4.257167709128256150e-01 -0.000000000000000000e+00 4.257167709128256150e-01 -9.048564698136146722e-01 0.000000000000000000e+00 0.000000000000000000e+00 -0.000000000000000000e+00 1.000000000000000000e+00
-8.858803921809796922e-01 -4.639137104562371938e-01 -0.000000000000000000e+00 4.639137104562371938e-01 -8.858803921809796922e-01 0.000000000000000000e+00 0.000000000000000000e+00 -0.000000000000000000e+00 1.000000000000000000e+00
-8.644592051564780055e-01 -5.027029765380651716e-01 -0.000000000000000000e+00 5.027029765380651716e-01 -8.644592051564780055e-01 0.000000000000000000e+00 0.000000000000000000e+00 -0.000000000000000000e+00 1.000000000000000000e+00
-8.408711766964951373e-01 -5.412353131504372694e-01 -0.000000000000000000e+00 5.412353131504372694e-01 -8.408711766964951373e-01 0.000000000000000000e+00 0.000000000000000000e+00 -0.000000000000000000e+00 1.000000000000000000e+00
-8.159322561990123290e-01 -5.781475186265087052e-01 -0.000000000000000000e+00 5.781475186265087052e-01 -8.159322561990123290e-01 0.000000000000000000e+00 0.000000000000000000e+00 -0.000000000000000000e+00 1.000000000000000000e+00
-7.899607715436576250e-01 -6.131573855236104320e-01 -0.000000000000000000e+00 6.131573855236104320e-01 -7.899607715436576250e-01 0.000000000000000000e+00 0.000000000000000000e+00 -0.000000000000000000e+00 1.000000000000000000e+00
-7.630808156852432189e-01 -6.463030780780357754e-01 -0.000000000000000000e+00 6.463030780780357754e-01 -7.630808156852432189e-01 0.000000000000000000e+00 0.000000000000000000e+00 -0.000000000000000000e+00 9.999999999999998890e-01
-7.358150920855943689e-01 -6.771825088254039837e-01 -0.000000000000000000e+00 6.771825088254039837e-01 -7.358150920855943689e-01 0.000000000000000000e+00 0.000000000000000000e+00 -0.000000000000000000e+00 1.000000000000000000e+00
-7.082033993271596994e-01 -7.060084597095529491e-01 -0.000000000000000000e+00 7.060084597095529491e-01 -7.082033993271596994e-01 0.000000000000000000e+00 0.000000000000000000e+00 -0.000000000000000000e+00 1.000000000000000000e+00
-6.817013972675967093e-01 -7.316305112305022673e-01 -0.000000000000000000e+00 7.316305112305022673e-01 -6.817013972675967093e-01 0.000000000000000000e+00 0.000000000000000000e+00 -0.000000000000000000e+00 1.000000000000000000e+00
-6.567793297193154078e-01 -7.540828283772590401e-01 -0.000000000000000000e+00 7.540828283772590401e-01 -6.567793297193154078e-01 0.000000000000000000e+00 0.000000000000000000e+00 -0.000000000000000000e+00 1.000000000000000000e+00
-6.355042034373324933e-01 -7.720974079826207204e-01 -0.000000000000000000e+00 7.720974079826207204e-01 -6.355042034373324933e-01 0.000000000000000000e+00 0.000000000000000000e+00 -0.000000000000000000e+00 9.999999999999998890e-01
-6.182649445076908723e-01 -7.859697566655486911e-01 -0.000000000000000000e+00 7.859697566655486911e-01 -6.182649445076908723e-01 0.000000000000000000e+00 0.000000000000000000e+00 -0.000000000000000000e+00 1.000000000000000000e+00
-6.040221489785861930e-01 -7.969675297923314305e-01 -0.000000000000000000e+00 7.969675297923314305e-01 -6.040221489785861930e-01 0.000000000000000000e+00 0.000000000000000000e+00 -0.000000000000000000e+00 1.000000000000000000e+00
-5.918961062690324404e-01 -8.060142674813879360e-01 -0.000000000000000000e+00 8.060142674813879360e-01 -5.918961062690324404e-01 0.000000000000000000e+00 0.000000000000000000e+00 -0.000000000000000000e+00 1.000000000000000000e+00
-5.818147091501808532e-01 -8.133213658920379618e-01 -0.000000000000000000e+00 8.133213658920379618e-01 -5.818147091501808532e-01 0.000000000000000000e+00 0.000000000000000000e+00 -0.000000000000000000e+00 9.999999999999997780e-01
-5.727247899685713461e-01 -8.197477142117909343e-01 -0.000000000000000000e+00 8.197477142117909343e-01 -5.727247899685713461e-01 0.000000000000000000e+00 0.000000000000000000e+00 -0.000000000000000000e+00 1.000000000000000000e+00
-5.635553212075182783e-01 -8.260783255470942610e-01 -0.000000000000000000e+00 8.260783255470942610e-01 -5.635553212075182783e-01 0.000000000000000000e+00 0.000000000000000000e+00 -0.000000000000000000e+00 1.000000000000000000e+00
-5.561696842770529337e-01 -8.310687590633901722e-01 -0.000000000000000000e+00 8.310687590633901722e-01 -5.561696842770529337e-01 0.000000000000000000e+00 0.000000000000000000e+00 -0.000000000000000000e+00 1.000000000000000000e+00
-5.507874723204663203e-01 -8.346455297519010941e-01 -0.000000000000000000e+00 8.346455297519010941e-01 -5.507874723204663203e-01 0.000000000000000000e+00 0.000000000000000000e+00 -0.000000000000000000e+00 1.000000000000000000e+00
-5.469514671036107556e-01 -8.371643163878926819e-01 -0.000000000000000000e+00 8.371643163878926819e-01 -5.469514671036107556e-01 0.000000000000000000e+00 0.000000000000000000e+00 -0.000000000000000000e+00 9.999999999999998890e-01
-5.447941901270857423e-01 -8.385697886304829263e-01 -0.000000000000000000e+00 8.385697886304829263e-01 -5.447941901270857423e-01 0.000000000000000000e+00 0.000000000000000000e+00 -0.000000000000000000e+00 1.000000000000000000e+00
-5.435265368440147515e-01 -8.393919845616538700e-01 -0.000000000000000000e+00 8.393919845616538700e-01 -5.435265368440147515e-01 0.000000000000000000e+00 0.000000000000000000e+00 -0.000000000000000000e+00 1.000000000000000000e+00
-5.428671655560001197e-01 -8.398185759800711470e-01 -0.000000000000000000e+00 8.398185759800711470e-01 -5.428671655560001197e-01 0.000000000000000000e+00 0.000000000000000000e+00 -0.000000000000000000e+00 1.000000000000000000e+00
-5.431034439079671650e-01 -8.396657961446956087e-01 -0.000000000000000000e+00 8.396657961446956087e-01 -5.431034439079671650e-01 0.000000000000000000e+00 0.000000000000000000e+00 -0.000000000000000000e+00 1.000000000000000000e+00
-5.440302930119464975e-01 -8.390655756764996420e-01 -0.000000000000000000e+00 8.390655756764996420e-01 -5.440302930119464975e-01 0.000000000000000000e+00 0.000000000000000000e+00 -0.000000000000000000e+00 1.000000000000000000e+00
-5.451180948244960245e-01 -8.383592682704187338e-01 -0.000000000000000000e+00 8.383592682704187338e-01 -5.451180948244960245e-01 0.000000000000000000e+00 0.000000000000000000e+00 -0.000000000000000000e+00 1.000000000000000000e+00
-5.460248078685908668e-01 -8.377690070610563922e-01 -0.000000000000000000e+00 8.377690070610563922e-01 -5.460248078685908668e-01 0.000000000000000000e+00 0.000000000000000000e+00 -0.000000000000000000e+00 9.999999999999998890e-01
-5.463083159195827321e-01 -8.375841593279503838e-01 -0.000000000000000000e+00 8.375841593279503838e-01 -5.463083159195827321e-01 0.000000000000000000e+00 0.000000000000000000e+00 -0.000000000000000000e+00 1.000000000000000000e+00
-5.457588643540812745e-01 -8.379422784290954107e-01 -0.000000000000000000e+00 8.379422784290954107e-01 -5.457588643540812745e-01 0.000000000000000000e+00 0.000000000000000000e+00 -0.000000000000000000e+00 1.000000000000000000e+00
-5.452884101359172231e-01 -8.382485012044124106e-01 -0.000000000000000000e+00 8.382485012044124106e-01 -5.452884101359172231e-01 0.000000000000000000e+00 0.000000000000000000e+00 -0.000000000000000000e+00 1.000000000000000000e+00
-5.442401272205327212e-01 -8.389294868598778931e-01 -0.000000000000000000e+00 8.389294868598778931e-01 -5.442401272205327212e-01 0.000000000000000000e+00 0.000000000000000000e+00 -0.000000000000000000e+00 9.999999999999998890e-01
-5.428004496522859101e-01 -8.398616980534808762e-01 -0.000000000000000000e+00 8.398616980534808762e-01 -5.428004496522859101e-01 0.000000000000000000e+00 0.000000000000000000e+00 -0.000000000000000000e+00 1.000000000000000000e+00
-5.407856042535844621e-01 -8.411604663987042318e-01 -0.000000000000000000e+00 8.411604663987042318e-01 -5.407856042535844621e-01 0.000000000000000000e+00 0.000000000000000000e+00 -0.000000000000000000e+00 1.000000000000000000e+00
-5.382085672460878989e-01 -8.428116860502785634e-01 -0.000000000000000000e+00 8.428116860502785634e-01 -5.382085672460878989e-01 0.000000000000000000e+00 0.000000000000000000e+00 -0.000000000000000000e+00 1.000000000000000000e+00
-5.345278867152835067e-01 -8.451508376163943126e-01 -0.000000000000000000e+00 8.451508376163943126e-01 -5.345278867152835067e-01 0.000000000000000000e+00 0.000000000000000000e+00 -0.000000000000000000e+00 9.999999999999998890e-01
-5.299603626486105723e-01 -8.480224136314753469e-01 -0.000000000000000000e+00 8.480224136314753469e-01 -5.299603626486105723e-01 0.000000000000000000e+00 0.000000000000000000e+00 -0.000000000000000000e+00 9.999999999999998890e-01
-5.243357536097029703e-01 -8.515116073704134259e-01 -0.000000000000000000e+00 8.515116073704134259e-01 -5.243357536097029703e-01 0.000000000000000000e+00 0.000000000000000000e+00 -0.000000000000000000e+00 1.000000000000000222e+00
-5.170031930458903746e-01 -8.559834685204812388e-01 -0.000000000000000000e+00 8.559834685204812388e-01 -5.170031930458903746e-01 0.000000000000000000e+00 0.000000000000000000e+00 -0.000000000000000000e+00 9.999999999999998890e-01
-5.069023966506376322e-01 -8.620034572261526806e-01 -0.000000000000000000e+00 8.620034572261526806e-01 -5.069023966506376322e-01 0.000000000000000000e+00 0.000000000000000000e+00 -0.000000000000000000e+00 1.000000000000000000e+00
-4.939991838054025863e-01 -8.694623662928694374e-01 -0.000000000000000000e+00 8.694623662928694374e-01 -4.939991838054025863e-01 0.000000000000000000e+00 0.000000000000000000e+00 -0.000000000000000000e+00 1.000000000000000000e+00
-4.787404187413482060e-01 -8.779564974777273045e-01 -0.000000000000000000e+00 8.779564974777273045e-01 -4.787404187413482060e-01 0.000000000000000000e+00 0.000000000000000000e+00 -0.000000000000000000e+00 1.000000000000000000e+00
-4.610476968449598867e-01 -8.873753553226267909e-01 -0.000000000000000000e+00 8.873753553226267909e-01 -4.610476968449598867e-01 0.000000000000000000e+00 0.000000000000000000e+00 -0.000000000000000000e+00 1.000000000000000000e+00
-4.413452507814609738e-01 -8.973373778087311292e-01 -0.000000000000000000e+00 8.973373778087311292e-01 -4.413452507814609738e-01 0.000000000000000000e+00 0.000000000000000000e+00 -0.000000000000000000e+00 1.000000000000000000e+00
-4.194383178296128833e-01 -9.077838385520334841e-01 -0.000000000000000000e+00 9.077838385520334841e-01 -4.194383178296128833e-01 0.000000000000000000e+00 0.000000000000000000e+00 -0.000000000000000000e+00 1.000000000000000000e+00
-3.955732106692047001e-01 -9.184344478518088328e-01 -0.000000000000000000e+00 9.184344478518088328e-01 -3.955732106692047001e-01 0.000000000000000000e+00 0.000000000000000000e+00 -0.000000000000000000e+00 1.000000000000000000e+00
-3.692799638569996268e-01 -9.293181953958359331e-01 -0.000000000000000000e+00 9.293181953958359331e-01 -3.692799638569996268e-01 0.000000000000000000e+00 0.000000000000000000e+00 -0.000000000000000000e+00 1.000000000000000000e+00
-3.426103454039065022e-01 -9.394775948484432870e-01 -0.000000000000000000e+00 9.394775948484432870e-01 -3.426103454039065022e-01 0.000000000000000000e+00 0.000000000000000000e+00 -0.000000000000000000e+00 1.000000000000000000e+00
-3.180994017773403071e-01 -9.480573667183322950e-01 -0.000000000000000000e+00 9.480573667183322950e-01 -3.180994017773403071e-01 0.000000000000000000e+00 0.000000000000000000e+00 -0.000000000000000000e+00 1.000000000000000000e+00
-2.950389467615485706e-01 -9.554852274597636086e-01 -0.000000000000000000e+00 9.554852274597636086e-01 -2.950389467615485706e-01 0.000000000000000000e+00 0.000000000000000000e+00 -0.000000000000000000e+00 1.000000000000000000e+00
-2.722596726218454721e-01 -9.622238152653702636e-01 -0.000000000000000000e+00 9.622238152653702636e-01 -2.722596726218454721e-01 0.000000000000000000e+00 0.000000000000000000e+00 -0.000000000000000000e+00 9.999999999999998890e-01
-2.494814984213433728e-01 -9.683795650185114123e-01 -0.000000000000000000e+00 9.683795650185114123e-01 -2.494814984213433728e-01 0.000000000000000000e+00 0.000000000000000000e+00 -0.000000000000000000e+00 1.000000000000000000e+00
-2.282441445188778673e-01 -9.736039289633364735e-01 -0.000000000000000000e+00 9.736039289633364735e-01 -2.282441445188778673e-01 0.000000000000000000e+00 0.000000000000000000e+00 -0.000000000000000000e+00 1.000000000000000000e+00
-2.108086642505761499e-01 -9.775273433909088538e-01 -0.000000000000000000e+00 9.775273433909088538e-01 -2.108086642505761499e-01 0.000000000000000000e+00 0.000000000000000000e+00 -0.000000000000000000e+00 1.000000000000000000e+00
-1.983593099090435463e-01 -9.801293711405693054e-01 -0.000000000000000000e+00 9.801293711405693054e-01 -1.983593099090435463e-01 0.000000000000000000e+00 0.000000000000000000e+00 -0.000000000000000000e+00 1.000000000000000000e+00
-1.916006777203619893e-01 -9.814729646287247977e-01 -0.000000000000000000e+00 9.814729646287247977e-01 -1.916006777203619893e-01 0.000000000000000000e+00 0.000000000000000000e+00 -0.000000000000000000e+00 1.000000000000000000e+00
-1.869122015922031754e-01 -9.823766227348630364e-01 -0.000000000000000000e+00 9.823766227348630364e-01 -1.869122015922031754e-01 0.000000000000000000e+00 0.000000000000000000e+00 -0.000000000000000000e+00 1.000000000000000000e+00
-1.817631025462689287e-01 -9.833423486013173065e-01 -0.000000000000000000e+00 9.833423486013173065e-01 -1.817631025462689287e-01 0.000000000000000000e+00 0.000000000000000000e+00 -0.000000000000000000e+00 1.000000000000000000e+00
-1.755973855696622010e-01 -9.844620653844917690e-01 -0.000000000000000000e+00 9.844620653844917690e-01 -1.755973855696622010e-01 0.000000000000000000e+00 0.000000000000000000e+00 -0.000000000000000000e+00 1.000000000000000000e+00
-1.680814884563737732e-01 -9.857731043390713932e-01 -0.000000000000000000e+00 9.857731043390713932e-01 -1.680814884563737732e-01 0.000000000000000000e+00 0.000000000000000000e+00 -0.000000000000000000e+00 1.000000000000000000e+00
-1.596332824698060149e-01 -9.871763850132938556e-01 -0.000000000000000000e+00 9.871763850132938556e-01 -1.596332824698060149e-01 0.000000000000000000e+00 0.000000000000000000e+00 -0.000000000000000000e+00 9.999999999999998890e-01
-1.498110143573763153e-01 -9.887146504311614681e-01 -0.000000000000000000e+00 9.887146504311614681e-01 -1.498110143573763153e-01 0.000000000000000000e+00 0.000000000000000000e+00 -0.000000000000000000e+00 1.000000000000000000e+00
-1.385899172367402454e-01 -9.903498547686637732e-01 -0.000000000000000000e+00 9.903498547686637732e-01 -1.385899172367402454e-01 0.000000000000000000e+00 0.000000000000000000e+00 -0.000000000000000000e+00 1.000000000000000000e+00
2.220446049250313081e-16 -1.000000000000000000e+00 0.000000000000000000e+00 1.000000000000000000e+00 2.220446049250313081e-16 0.000000000000000000e+00 0.000000000000000000e+00 0.000000000000000000e+00 1.000000000000000000e+00
2.220446049250313081e-16 -1.000000000000000000e+00 0.000000000000000000e+00 1.000000000000000000e+00 2.220446049250313081e-16 0.000000000000000000e+00 0.000000000000000000e+00 0.000000000000000000e+00 1.000000000000000000e+00
2.220446049250313081e-16 -1.000000000000000000e+00 0.000000000000000000e+00 1.000000000000000000e+00 2.220446049250313081e-16 0.000000000000000000e+00 0.000000000000000000e+00 0.000000000000000000e+00 1.000000000000000000e+00
2.220446049250313081e-16 -1.000000000000000000e+00 0.000000000000000000e+00 1.000000000000000000e+00 2.220446049250313081e-16 0.000000000000000000e+00 0.000000000000000000e+00 0.000000000000000000e+00 1.000000000000000000e+00
2.220446049250313081e-16 -1.000000000000000000e+00 0.000000000000000000e+00 1.000000000000000000e+00 2.220446049250313081e-16 0.000000000000000000e+00 0.000000000000000000e+00 0.000000000000000000e+00 1.000000000000000000e+00
2.220446049250313081e-16 -1.000000000000000000e+00 0.000000000000000000e+00 1.000000000000000000e+00 2.220446049250313081e-16 0.000000000000000000e+00 0.000000000000000000e+00 0.000000000000000000e+00 1.000000000000000000e+00
2.220446049250313081e-16 -1.000000000000000000e+00 0.000000000000000000e+00 1.000000000000000000e+00 2.220446049250313081e-16 0.000000000000000000e+00 0.000000000000000000e+00 0.000000000000000000e+00 1.000000000000000000e+00
2.220446049250313081e-16 -1.000000000000000000e+00 0.000000000000000000e+00 1.000000000000000000e+00 2.220446049250313081e-16 0.000000000000000000e+00 0.000000000000000000e+00 0.000000000000000000e+00 1.000000000000000000e+00
-1.552807170729380570e-01 -9.878703856808919159e-01 -0.000000000000000000e+00 9.878703856808919159e-01 -1.552807170729380570e-01 0.000000000000000000e+00 0.000000000000000000e+00 -0.000000000000000000e+00 1.000000000000000000e+00
-1.947679882645529381e-01 -9.808493415134554860e-01 -0.000000000000000000e+00 9.808493415134554860e-01 -1.947679882645529381e-01 0.000000000000000000e+00 0.000000000000000000e+00 -0.000000000000000000e+00 1.000000000000000000e+00
-2.423209432728270496e-01 -9.701961453496747989e-01 -0.000000000000000000e+00 9.701961453496747989e-01 -2.423209432728270496e-01 0.000000000000000000e+00 0.000000000000000000e+00 -0.000000000000000000e+00 1.000000000000000000e+00
-2.892797337805002589e-01 -9.572446059518345818e-01 -0.000000000000000000e+00 9.572446059518345818e-01 -2.892797337805002589e-01 0.000000000000000000e+00 0.000000000000000000e+00 -0.000000000000000000e+00 1.000000000000000222e+00
-3.311837219904271157e-01 -9.435662892921552469e-01 -0.000000000000000000e+00 9.435662892921552469e-01 -3.311837219904271157e-01 0.000000000000000000e+00 0.000000000000000000e+00 -0.000000000000000000e+00 9.999999999999998890e-01
-3.671960151978155840e-01 -9.301435837669609352e-01 -0.000000000000000000e+00 9.301435837669609352e-01 -3.671960151978155840e-01 0.000000000000000000e+00 0.000000000000000000e+00 -0.000000000000000000e+00 1.000000000000000000e+00
-3.979973160167374346e-01 -9.173865796072412371e-01 -0.000000000000000000e+00 9.173865796072412371e-01 -3.979973160167374346e-01 0.000000000000000000e+00 0.000000000000000000e+00 -0.000000000000000000e+00 1.000000000000000000e+00
-4.253166540857072353e-01 -9.050446087112719029e-01 -0.000000000000000000e+00 9.050446087112719029e-01 -4.253166540857072353e-01 0.000000000000000000e+00 0.000000000000000000e+00 -0.000000000000000000e+00 1.000000000000000222e+00
-4.498835311512577873e-01 -8.930872344843335808e-01 -0.000000000000000000e+00 8.930872344843335808e-01 -4.498835311512577873e-01 0.000000000000000000e+00 0.000000000000000000e+00 -0.000000000000000000e+00 9.999999999999998890e-01
-4.735646251674818230e-01 -8.807590736347724603e-01 -0.000000000000000000e+00 8.807590736347724603e-01 -4.735646251674818230e-01 0.000000000000000000e+00 0.000000000000000000e+00 -0.000000000000000000e+00 1.000000000000000000e+00
-4.957919528312487167e-01 -8.684413276138905902e-01 -0.000000000000000000e+00 8.684413276138905902e-01 -4.957919528312487167e-01 0.000000000000000000e+00 0.000000000000000000e+00 -0.000000000000000000e+00 1.000000000000000000e+00
-5.176363426371919374e-01 -8.556007344440464957e-01 -0.000000000000000000e+00 8.556007344440464957e-01 -5.176363426371919374e-01 0.000000000000000000e+00 0.000000000000000000e+00 -0.000000000000000000e+00 1.000000000000000000e+00
-5.399084152555133631e-01 -8.417237689030054870e-01 -0.000000000000000000e+00 8.417237689030054870e-01 -5.399084152555133631e-01 0.000000000000000000e+00 0.000000000000000000e+00 -0.000000000000000000e+00 1.000000000000000000e+00
-5.615211828474256928e-01 -8.274623624151298262e-01 -0.000000000000000000e+00 8.274623624151298262e-01 -5.615211828474256928e-01 0.000000000000000000e+00 0.000000000000000000e+00 -0.000000000000000000e+00 9.999999999999998890e-01
-5.819128209661031947e-01 -8.132511720220710894e-01 -0.000000000000000000e+00 8.132511720220710894e-01 -5.819128209661031947e-01 0.000000000000000000e+00 0.000000000000000000e+00 -0.000000000000000000e+00 1.000000000000000222e+00
-6.016515887632030157e-01 -7.987586404782820448e-01 -0.000000000000000000e+00 7.987586404782820448e-01 -6.016515887632030157e-01 0.000000000000000000e+00 0.000000000000000000e+00 -0.000000000000000000e+00 1.000000000000000000e+00
-6.218816134734430623e-01 -7.831112684821149861e-01 -0.000000000000000000e+00 7.831112684821149861e-01 -6.218816134734430623e-01 0.000000000000000000e+00 0.000000000000000000e+00 -0.000000000000000000e+00 1.000000000000000000e+00
-6.425977036891949989e-01 -7.662037530666195861e-01 -0.000000000000000000e+00 7.662037530666195861e-01 -6.425977036891949989e-01 0.000000000000000000e+00 0.000000000000000000e+00 -0.000000000000000000e+00 1.000000000000000000e+00
-6.634308550727385789e-01 -7.482375963138012676e-01 -0.000000000000000000e+00 7.482375963138012676e-01 -6.634308550727385789e-01 0.000000000000000000e+00 0.000000000000000000e+00 -0.000000000000000000e+00 1.000000000000000000e+00
-6.849593518082663923e-01 -7.285812832967913932e-01 -0.000000000000000000e+00 7.285812832967913932e-01 -6.849593518082663923e-01 0.000000000000000000e+00 0.000000000000000000e+00 -0.000000000000000000e+00 1.000000000000000000e+00
-7.084531557553688241e-01 -7.057578381429845393e-01 -0.000000000000000000e+00 7.057578381429845393e-01 -7.084531557553688241e-01 0.000000000000000000e+00 0.000000000000000000e+00 -0.000000000000000000e+00 1.000000000000000000e+00
-7.342558314715871282e-01 -6.788728702415262051e-01 -0.000000000000000000e+00 6.788728702415262051e-01 -7.342558314715871282e-01 0.000000000000000000e+00 0.000000000000000000e+00 -0.000000000000000000e+00 9.999999999999998890e-01
-7.612196140789584398e-01 -6.484941781862669785e-01 -0.000000000000000000e+00 6.484941781862669785e-01 -7.612196140789584398e-01 0.000000000000000000e+00 0.000000000000000000e+00 -0.000000000000000000e+00 1.000000000000000000e+00
-7.884738589627658945e-01 -6.150682675381362596e-01 -0.000000000000000000e+00 6.150682675381362596e-01 -7.884738589627658945e-01 0.000000000000000000e+00 0.000000000000000000e+00 -0.000000000000000000e+00 9.999999999999998890e-01
-8.166655795575891164e-01 -5.771111948020648530e-01 -0.000000000000000000e+00 5.771111948020648530e-01 -8.166655795575891164e-01 0.000000000000000000e+00 0.000000000000000000e+00 -0.000000000000000000e+00 9.999999999999998890e-01
-8.459688858280017820e-01 -5.332322610372793870e-01 -0.000000000000000000e+00 5.332322610372793870e-01 -8.459688858280017820e-01 0.000000000000000000e+00 0.000000000000000000e+00 -0.000000000000000000e+00 1.000000000000000000e+00
-8.739304509298505552e-01 -4.860509921166176195e-01 -0.000000000000000000e+00 4.860509921166176195e-01 -8.739304509298505552e-01 0.000000000000000000e+00 0.000000000000000000e+00 -0.000000000000000000e+00 1.000000000000000000e+00
-8.982470520627390265e-01 -4.394908798377947790e-01 -0.000000000000000000e+00 4.394908798377947790e-01 -8.982470520627390265e-01 0.000000000000000000e+00 0.000000000000000000e+00 -0.000000000000000000e+00 1.000000000000000000e+00
-9.170461389221745696e-01 -3.987811167644876309e-01 -0.000000000000000000e+00 3.987811167644876309e-01 -9.170461389221745696e-01 0.000000000000000000e+00 0.000000000000000000e+00 -0.000000000000000000e+00 1.000000000000000000e+00
-9.291366990525758984e-01 -3.697363851092869691e-01 -0.000000000000000000e+00 3.697363851092869691e-01 -9.291366990525758984e-01 0.000000000000000000e+00 0.000000000000000000e+00 -0.000000000000000000e+00 9.999999999999998890e-01
-9.362399576147434344e-01 -3.513612695866509816e-01 -0.000000000000000000e+00 3.513612695866509816e-01 -9.362399576147434344e-01 0.000000000000000000e+00 0.000000000000000000e+00 -0.000000000000000000e+00 9.999999999999998890e-01
-9.406959048258375367e-01 -3.392509611539791248e-01 -0.000000000000000000e+00 3.392509611539791248e-01 -9.406959048258375367e-01 0.000000000000000000e+00 0.000000000000000000e+00 -0.000000000000000000e+00 9.999999999999998890e-01
-9.434435370002417498e-01 -3.315332449279763671e-01 -0.000000000000000000e+00 3.315332449279763671e-01 -9.434435370002417498e-01 0.000000000000000000e+00 0.000000000000000000e+00 -0.000000000000000000e+00 1.000000000000000000e+00
-9.448869824086116864e-01 -3.273966867192583119e-01 -0.000000000000000000e+00 3.273966867192583119e-01 -9.448869824086116864e-01 0.000000000000000000e+00 0.000000000000000000e+00 -0.000000000000000000e+00 1.000000000000000000e+00
-9.466832781505375438e-01 -3.221657506162813878e-01 -0.000000000000000000e+00 3.221657506162813878e-01 -9.466832781505375438e-01 0.000000000000000000e+00 0.000000000000000000e+00 -0.000000000000000000e+00 1.000000000000000000e+00
-9.499127887778002766e-01 -3.125151095809323709e-01 -0.000000000000000000e+00 3.125151095809323709e-01 -9.499127887778002766e-01 0.000000000000000000e+00 0.000000000000000000e+00 -0.000000000000000000e+00 1.000000000000000000e+00
-9.541839677991413859e-01 -2.992205801663500031e-01 -0.000000000000000000e+00 2.992205801663500031e-01 -9.541839677991413859e-01 0.000000000000000000e+00 0.000000000000000000e+00 -0.000000000000000000e+00 9.999999999999998890e-01
-9.590738354582709624e-01 -2.831561020697969111e-01 -0.000000000000000000e+00 2.831561020697969111e-01 -9.590738354582709624e-01 0.000000000000000000e+00 0.000000000000000000e+00 -0.000000000000000000e+00 9.999999999999998890e-01
-9.642022145207527206e-01 -2.651680401429933887e-01 -0.000000000000000000e+00 2.651680401429933887e-01 -9.642022145207527206e-01 0.000000000000000000e+00 0.000000000000000000e+00 -0.000000000000000000e+00 1.000000000000000000e+00
-9.695999178684102660e-01 -2.446957279348625225e-01 -0.000000000000000000e+00 2.446957279348625225e-01 -9.695999178684102660e-01 0.000000000000000000e+00 0.000000000000000000e+00 -0.000000000000000000e+00 1.000000000000000000e+00
-9.750010995220338428e-01 -2.222000358479382098e-01 -0.000000000000000000e+00 2.222000358479382098e-01 -9.750010995220338428e-01 0.000000000000000000e+00 0.000000000000000000e+00 -0.000000000000000000e+00 9.999999999999998890e-01
-9.800436585437080073e-01 -1.987823617634725815e-01 -0.000000000000000000e+00 1.987823617634725815e-01 -9.800436585437080073e-01 0.000000000000000000e+00 0.000000000000000000e+00 -0.000000000000000000e+00 1.000000000000000000e+00
-9.846071840451821044e-01 -1.747818443849852299e-01 -0.000000000000000000e+00 1.747818443849852299e-01 -9.846071840451821044e-01 0.000000000000000000e+00 0.000000000000000000e+00 -0.000000000000000000e+00 1.000000000000000222e+00
-9.883476248261984232e-01 -1.522135752829300026e-01 -0.000000000000000000e+00 1.522135752829300026e-01 -9.883476248261984232e-01 0.000000000000000000e+00 0.000000000000000000e+00 -0.000000000000000000e+00 1.000000000000000000e+00
-9.914920778373368382e-01 -1.301670449299690002e-01 -0.000000000000000000e+00 1.301670449299690002e-01 -9.914920778373368382e-01 0.000000000000000000e+00 0.000000000000000000e+00 -0.000000000000000000e+00 1.000000000000000000e+00
-9.942715188562731843e-01 -1.068838004154032822e-01 -0.000000000000000000e+00 1.068838004154032822e-01 -9.942715188562731843e-01 0.000000000000000000e+00 0.000000000000000000e+00 -0.000000000000000000e+00 1.000000000000000000e+00
-9.967394684935114713e-01 -8.068724773638279169e-02 -0.000000000000000000e+00 8.068724773638279169e-02 -9.967394684935114713e-01 0.000000000000000000e+00 0.000000000000000000e+00 -0.000000000000000000e+00 1.000000000000000000e+00
-9.987523661979225142e-01 -4.993707053933744283e-02 -0.000000000000000000e+00 4.993707053933744283e-02 -9.987523661979225142e-01 0.000000000000000000e+00 0.000000000000000000e+00 -0.000000000000000000e+00 1.000000000000000000e+00
-9.998923939474817502e-01 -1.466971458393681073e-02 -0.000000000000000000e+00 1.466971458393681073e-02 -9.998923939474817502e-01 0.000000000000000000e+00 0.000000000000000000e+00 -0.000000000000000000e+00 1.000000000000000000e+00
-9.997112354122745792e-01 2.403010175725143679e-02 0.000000000000000000e+00 -2.403010175725143679e-02 -9.997112354122745792e-01 -0.000000000000000000e+00 -0.000000000000000000e+00 0.000000000000000000e+00 1.000000000000000000e+00
-9.978183636808927170e-01 6.601903590015500978e-02 0.000000000000000000e+00 -6.601903590015500978e-02 -9.978183636808927170e-01 -0.000000000000000000e+00 -0.000000000000000000e+00 0.000000000000000000e+00 1.000000000000000222e+00
-9.939511107952216928e-01 1.098234462623751129e-01 0.000000000000000000e+00 -1.098234462623751129e-01 -9.939511107952216928e-01 -0.000000000000000000e+00 -0.000000000000000000e+00 0.000000000000000000e+00 1.000000000000000000e+00
-9.880398152003001533e-01 1.541989739880158250e-01 0.000000000000000000e+00 -1.541989739880158250e-01 -9.880398152003001533e-01 -0.000000000000000000e+00 -0.000000000000000000e+00 0.000000000000000000e+00 1.000000000000000000e+00
-9.804267051440700431e-01 1.968844225436403028e-01 0.000000000000000000e+00 -1.968844225436403028e-01 -9.804267051440700431e-01 -0.000000000000000000e+00 -0.000000000000000000e+00 0.000000000000000000e+00 1.000000000000000000e+00
-9.716996975502251166e-01 2.362195965215437288e-01 0.000000000000000000e+00 -2.362195965215437288e-01 -9.716996975502251166e-01 -0.000000000000000000e+00 -0.000000000000000000e+00 0.000000000000000000e+00 9.999999999999998890e-01
-9.626800203446310711e-01 2.706421593714860574e-01 0.000000000000000000e+00 -2.706421593714860574e-01 -9.626800203446310711e-01 -0.000000000000000000e+00 -0.000000000000000000e+00 0.000000000000000000e+00 1.000000000000000000e+00
-9.541417993886749382e-01 2.993550177620904473e-01 0.000000000000000000e+00 -2.993550177620904473e-01 -9.541417993886749382e-01 -0.000000000000000000e+00 -0.000000000000000000e+00 0.000000000000000000e+00 1.000000000000000000e+00
-9.465817895046032548e-01 3.224638208826888230e-01 0.000000000000000000e+00 -3.224638208826888230e-01 -9.465817895046032548e-01 -0.000000000000000000e+00 -0.000000000000000000e+00 0.000000000000000000e+00 9.999999999999998890e-01
-9.386417721454278773e-01 3.448936409731129249e-01 0.000000000000000000e+00 -3.448936409731129249e-01 -9.386417721454278773e-01 -0.000000000000000000e+00 -0.000000000000000000e+00 0.000000000000000000e+00 1.000000000000000000e+00
-9.300436481720062432e-01 3.674490610886162467e-01 0.000000000000000000e+00 -3.674490610886162467e-01 -9.300436481720062432e-01 -0.000000000000000000e+00 -0.000000000000000000e+00 0.000000000000000000e+00 1.000000000000000000e+00
-9.200544525546903163e-01 3.917905107762170713e-01 0.000000000000000000e+00 -3.917905107762170713e-01 -9.200544525546903163e-01 -0.000000000000000000e+00 -0.000000000000000000e+00 0.000000000000000000e+00 1.000000000000000000e+00
-9.086462608523508955e-01 4.175667283669058372e-01 0.000000000000000000e+00 -4.175667283669058372e-01 -9.086462608523508955e-01 -0.000000000000000000e+00 -0.000000000000000000e+00 0.000000000000000000e+00 1.000000000000000000e+00
-8.957192998035223841e-01 4.446199905081728021e-01 0.000000000000000000e+00 -4.446199905081728021e-01 -8.957192998035223841e-01 -0.000000000000000000e+00 -0.000000000000000000e+00 0.000000000000000000e+00 1.000000000000000000e+00
-8.810879457785252278e-01 4.729524625200494103e-01 0.000000000000000000e+00 -4.729524625200494103e-01 -8.810879457785252278e-01 -0.000000000000000000e+00 -0.000000000000000000e+00 0.000000000000000000e+00 1.000000000000000000e+00
-8.643758913462067373e-01 5.028462175053629579e-01 0.000000000000000000e+00 -5.028462175053629579e-01 -8.643758913462067373e-01 -0.000000000000000000e+00 -0.000000000000000000e+00 0.000000000000000000e+00 1.000000000000000000e+00
-8.454307012358229789e-01 5.340851331088561915e-01 0.000000000000000000e+00 -5.340851331088561915e-01 -8.454307012358229789e-01 -0.000000000000000000e+00 -0.000000000000000000e+00 0.000000000000000000e+00 9.999999999999998890e-01
-8.241472456882295017e-01 5.663755974832468398e-01 0.000000000000000000e+00 -5.663755974832468398e-01 -8.241472456882295017e-01 -0.000000000000000000e+00 -0.000000000000000000e+00 0.000000000000000000e+00 1.000000000000000000e+00
-7.999067302106378508e-01 6.001243395861609597e-01 0.000000000000000000e+00 -6.001243395861609597e-01 -7.999067302106378508e-01 -0.000000000000000000e+00 -0.000000000000000000e+00 0.000000000000000000e+00 1.000000000000000000e+00
-7.727899965003898197e-01 6.346618164888507829e-01 0.000000000000000000e+00 -6.346618164888507829e-01 -7.727899965003898197e-01 -0.000000000000000000e+00 -0.000000000000000000e+00 0.000000000000000000e+00 1.000000000000000000e+00
-7.445262256655602595e-01 6.675932139380952313e-01 0.000000000000000000e+00 -6.675932139380952313e-01 -7.445262256655602595e-01 -0.000000000000000000e+00 -0.000000000000000000e+00 0.000000000000000000e+00 1.000000000000000000e+00
-7.166464316174693261e-01 6.974366580915773994e-01 0.000000000000000000e+00 -6.974366580915773994e-01 -7.166464316174693261e-01 -0.000000000000000000e+00 -0.000000000000000000e+00 0.000000000000000000e+00 9.999999999999998890e-01
-6.900293498379588275e-01 7.237813871344050964e-01 0.000000000000000000e+00 -7.237813871344050964e-01 -6.900293498379588275e-01 -0.000000000000000000e+00 -0.000000000000000000e+00 0.000000000000000000e+00 1.000000000000000000e+00
-6.658561111158518564e-01 7.460801828822920534e-01 0.000000000000000000e+00 -7.460801828822920534e-01 -6.658561111158518564e-01 -0.000000000000000000e+00 -0.000000000000000000e+00 0.000000000000000000e+00 1.000000000000000000e+00
-6.444551844863444234e-01 7.646420830615274777e-01 0.000000000000000000e+00 -7.646420830615274777e-01 -6.444551844863444234e-01 -0.000000000000000000e+00 -0.000000000000000000e+00 0.000000000000000000e+00 1.000000000000000000e+00
-6.264521550486357171e-01 7.794598754489676651e-01 0.000000000000000000e+00 -7.794598754489676651e-01 -6.264521550486357171e-01 -0.000000000000000000e+00 -0.000000000000000000e+00 0.000000000000000000e+00 1.000000000000000000e+00
-6.110998455196513524e-01 7.915535223886369653e-01 0.000000000000000000e+00 -7.915535223886369653e-01 -6.110998455196513524e-01 -0.000000000000000000e+00 -0.000000000000000000e+00 0.000000000000000000e+00 1.000000000000000000e+00
-5.983549554422553651e-01 8.012311447377070683e-01 0.000000000000000000e+00 -8.012311447377070683e-01 -5.983549554422553651e-01 -0.000000000000000000e+00 -0.000000000000000000e+00 0.000000000000000000e+00 1.000000000000000000e+00
-5.886438535726734589e-01 8.083924873791893395e-01 0.000000000000000000e+00 -8.083924873791893395e-01 -5.886438535726734589e-01 -0.000000000000000000e+00 -0.000000000000000000e+00 0.000000000000000000e+00 1.000000000000000000e+00
-5.791078355300153246e-01 8.152509520557096323e-01 0.000000000000000000e+00 -8.152509520557096323e-01 -5.791078355300153246e-01 -0.000000000000000000e+00 -0.000000000000000000e+00 0.000000000000000000e+00 1.000000000000000000e+00
-5.692975902607585459e-01 8.221315306709100490e-01 0.000000000000000000e+00 -8.221315306709100490e-01 -5.692975902607585459e-01 -0.000000000000000000e+00 -0.000000000000000000e+00 0.000000000000000000e+00 1.000000000000000000e+00
-5.592670325122608421e-01 8.289875670629383020e-01 0.000000000000000000e+00 -8.289875670629383020e-01 -5.592670325122608421e-01 -0.000000000000000000e+00 -0.000000000000000000e+00 0.000000000000000000e+00 1.000000000000000000e+00
-5.491727636631215104e-01 8.357088462201468504e-01 0.000000000000000000e+00 -8.357088462201468504e-01 -5.491727636631215104e-01 -0.000000000000000000e+00 -0.000000000000000000e+00 0.000000000000000000e+00 9.999999999999998890e-01
-5.395174423396960073e-01 8.419744232524125627e-01 0.000000000000000000e+00 -8.419744232524125627e-01 -5.395174423396960073e-01 -0.000000000000000000e+00 -0.000000000000000000e+00 0.000000000000000000e+00 1.000000000000000000e+00
-5.303283446796436262e-01 8.477923370904866252e-01 0.000000000000000000e+00 -8.477923370904866252e-01 -5.303283446796436262e-01 -0.000000000000000000e+00 -0.000000000000000000e+00 0.000000000000000000e+00 1.000000000000000000e+00
-5.214941125683705270e-01 8.532548801832471330e-01 0.000000000000000000e+00 -8.532548801832471330e-01 -5.214941125683705270e-01 -0.000000000000000000e+00 -0.000000000000000000e+00 0.000000000000000000e+00 1.000000000000000000e+00
-5.123365627154473634e-01 8.587847498092410214e-01 0.000000000000000000e+00 -8.587847498092410214e-01 -5.123365627154473634e-01 -0.000000000000000000e+00 -0.000000000000000000e+00 0.000000000000000000e+00 1.000000000000000000e+00
-5.033500928153440412e-01 8.640825678503094576e-01 0.000000000000000000e+00 -8.640825678503094576e-01 -5.033500928153440412e-01 -0.000000000000000000e+00 -0.000000000000000000e+00 0.000000000000000000e+00 1.000000000000000000e+00
-4.953855857855551381e-01 8.686731959695214167e-01 0.000000000000000000e+00 -8.686731959695214167e-01 -4.953855857855551381e-01 -0.000000000000000000e+00 -0.000000000000000000e+00 0.000000000000000000e+00 1.000000000000000000e+00
-4.889498494487034552e-01 8.723118964705744993e-01 0.000000000000000000e+00 -8.723118964705744993e-01 -4.889498494487034552e-01 -0.000000000000000000e+00 -0.000000000000000000e+00 0.000000000000000000e+00 1.000000000000000000e+00
-4.826658401869478032e-01 8.758045939115800538e-01 0.000000000000000000e+00 -8.758045939115800538e-01 -4.826658401869478032e-01 -0.000000000000000000e+00 -0.000000000000000000e+00 0.000000000000000000e+00 9.999999999999998890e-01
-4.757228032755074776e-01 8.795952560375099871e-01 0.000000000000000000e+00 -8.795952560375099871e-01 -4.757228032755074776e-01 -0.000000000000000000e+00 -0.000000000000000000e+00 0.000000000000000000e+00 1.000000000000000000e+00
-4.688097541447035499e-01 8.832991647334342833e-01 0.000000000000000000e+00 -8.832991647334342833e-01 -4.688097541447035499e-01 -0.000000000000000000e+00 -0.000000000000000000e+00 0.000000000000000000e+00 1.000000000000000000e+00
-4.622217701592769568e-01 8.867643628331174366e-01 0.000000000000000000e+00 -8.867643628331174366e-01 -4.622217701592769568e-01 -0.000000000000000000e+00 -0.000000000000000000e+00 0.000000000000000000e+00 1.000000000000000000e+00
-4.561786291835012164e-01 8.898882279681318286e-01 0.000000000000000000e+00 -8.898882279681318286e-01 -4.561786291835012164e-01 -0.000000000000000000e+00 -0.000000000000000000e+00 0.000000000000000000e+00 1.000000000000000000e+00
-4.510708071952855835e-01 8.924881662499472013e-01 0.000000000000000000e+00 -8.924881662499472013e-01 -4.510708071952855835e-01 -0.000000000000000000e+00 -0.000000000000000000e+00 0.000000000000000000e+00 1.000000000000000000e+00
-4.468655827649499201e-01 8.946011127536908081e-01 0.000000000000000000e+00 -8.946011127536908081e-01 -4.468655827649499201e-01 -0.000000000000000000e+00 -0.000000000000000000e+00 0.000000000000000000e+00 1.000000000000000000e+00
-4.435073449839713189e-01 8.962707375259267861e-01 0.000000000000000000e+00 -8.962707375259267861e-01 -4.435073449839713189e-01 -0.000000000000000000e+00 -0.000000000000000000e+00 0.000000000000000000e+00 1.000000000000000000e+00
-4.411485668283701700e-01 8.974340878222060169e-01 0.000000000000000000e+00 -8.974340878222060169e-01 -4.411485668283701700e-01 -0.000000000000000000e+00 -0.000000000000000000e+00 0.000000000000000000e+00 1.000000000000000000e+00
-4.401304482431765419e-01 8.979338441830001516e-01 0.000000000000000000e+00 -8.979338441830001516e-01 -4.401304482431765419e-01 -0.000000000000000000e+00 -0.000000000000000000e+00 0.000000000000000000e+00 1.000000000000000000e+00
-4.401559740849076419e-01 8.979213320093059059e-01 0.000000000000000000e+00 -8.979213320093059059e-01 -4.401559740849076419e-01 -0.000000000000000000e+00 -0.000000000000000000e+00 0.000000000000000000e+00 1.000000000000000000e+00
-4.391701613771540336e-01 8.984039010133272329e-01 0.000000000000000000e+00 -8.984039010133272329e-01 -4.391701613771540336e-01 -0.000000000000000000e+00 -0.000000000000000000e+00 0.000000000000000000e+00 9.999999999999998890e-01
-4.372882636151550484e-01 8.993213966677557902e-01 0.000000000000000000e+00 -8.993213966677557902e-01 -4.372882636151550484e-01 -0.000000000000000000e+00 -0.000000000000000000e+00 0.000000000000000000e+00 1.000000000000000000e+00
-4.348676453073230808e-01 9.004943814732351282e-01 0.000000000000000000e+00 -9.004943814732351282e-01 -4.348676453073230808e-01 -0.000000000000000000e+00 -0.000000000000000000e+00 0.000000000000000000e+00 1.000000000000000000e+00
-4.320805425294153568e-01 9.018350208144980673e-01 0.000000000000000000e+00 -9.018350208144980673e-01 -4.320805425294153568e-01 -0.000000000000000000e+00 -0.000000000000000000e+00 0.000000000000000000e+00 1.000000000000000000e+00
-4.292561567838215630e-01 9.031827898400097698e-01 0.000000000000000000e+00 -9.031827898400097698e-01 -4.292561567838215630e-01 -0.000000000000000000e+00 -0.000000000000000000e+00 0.000000000000000000e+00 1.000000000000000000e+00
-4.263327542382571722e-01 9.045664058893750914e-01 0.000000000000000000e+00 -9.045664058893750914e-01 -4.263327542382571722e-01 -0.000000000000000000e+00 -0.000000000000000000e+00 0.000000000000000000e+00 1.000000000000000000e+00
-4.230782142254227995e-01 9.060931655452585387e-01 0.000000000000000000e+00 -9.060931655452585387e-01 -4.230782142254227995e-01 -0.000000000000000000e+00 -0.000000000000000000e+00 0.000000000000000000e+00 1.000000000000000000e+00
-4.195714483011793727e-01 9.077223142406772860e-01 0.000000000000000000e+00 -9.077223142406772860e-01 -4.195714483011793727e-01 -0.000000000000000000e+00 -0.000000000000000000e+00 0.000000000000000000e+00 1.000000000000000000e+00
-4.157481805953555654e-01 9.094797690612208552e-01 0.000000000000000000e+00 -9.094797690612208552e-01 -4.157481805953555654e-01 -0.000000000000000000e+00 -0.000000000000000000e+00 0.000000000000000000e+00 1.000000000000000000e+00
-4.119489753866885651e-01 9.112069148540618002e-01 0.000000000000000000e+00 -9.112069148540618002e-01 -4.119489753866885651e-01 -0.000000000000000000e+00 -0.000000000000000000e+00 0.000000000000000000e+00 1.000000000000000000e+00
-4.082584623663245704e-01 9.128663800941977380e-01 0.000000000000000000e+00 -9.128663800941977380e-01 -4.082584623663245704e-01 -0.000000000000000000e+00 -0.000000000000000000e+00 0.000000000000000000e+00 1.000000000000000000e+00
-4.037904437235140809e-01 9.148515057415423923e-01 0.000000000000000000e+00 -9.148515057415423923e-01 -4.037904437235140809e-01 -0.000000000000000000e+00 -0.000000000000000000e+00 0.000000000000000000e+00 1.000000000000000000e+00
-3.993625698191279882e-01 9.167930725237087852e-01 0.000000000000000000e+00 -9.167930725237087852e-01 -3.993625698191279882e-01 -0.000000000000000000e+00 -0.000000000000000000e+00 0.000000000000000000e+00 1.000000000000000000e+00
-3.951915205735632153e-01 9.185987492190237358e-01 0.000000000000000000e+00 -9.185987492190237358e-01 -3.951915205735632153e-01 -0.000000000000000000e+00 -0.000000000000000000e+00 0.000000000000000000e+00 1.000000000000000000e+00
-3.906349941203861031e-01 9.205456541468033382e-01 0.000000000000000000e+00 -9.205456541468033382e-01 -3.906349941203861031e-01 -0.000000000000000000e+00 -0.000000000000000000e+00 0.000000000000000000e+00 1.000000000000000000e+00
-3.851415281173095617e-01 9.228575205953861715e-01 0.000000000000000000e+00 -9.228575205953861715e-01 -3.851415281173095617e-01 -0.000000000000000000e+00 -0.000000000000000000e+00 0.000000000000000000e+00 1.000000000000000000e+00
-3.790797125765988373e-01 9.253640210818891987e-01 0.000000000000000000e+00 -9.253640210818891987e-01 -3.790797125765988373e-01 -0.000000000000000000e+00 -0.000000000000000000e+00 0.000000000000000000e+00 1.000000000000000000e+00
-3.726287870240446720e-01 9.279804885238638334e-01 0.000000000000000000e+00 -9.279804885238638334e-01 -3.726287870240446720e-01 -0.000000000000000000e+00 -0.000000000000000000e+00 0.000000000000000000e+00 9.999999999999998890e-01
-3.660744419066846445e-01 9.305855699411578197e-01 0.000000000000000000e+00 -9.305855699411578197e-01 -3.660744419066846445e-01 -0.000000000000000000e+00 -0.000000000000000000e+00 0.000000000000000000e+00 1.000000000000000222e+00
-3.596699295081510761e-01 9.330796010028307164e-01 0.000000000000000000e+00 -9.330796010028307164e-01 -3.596699295081510761e-01 -0.000000000000000000e+00 -0.000000000000000000e+00 0.000000000000000000e+00 1.000000000000000000e+00
-3.535954371230580762e-01 9.353984535190088545e-01 0.000000000000000000e+00 -9.353984535190088545e-01 -3.535954371230580762e-01 -0.000000000000000000e+00 -0.000000000000000000e+00 0.000000000000000000e+00 1.000000000000000000e+00
-3.479906211952126238e-01 9.374980146966552796e-01 0.000000000000000000e+00 -9.374980146966552796e-01 -3.479906211952126238e-01 -0.000000000000000000e+00 -0.000000000000000000e+00 0.000000000000000000e+00 1.000000000000000000e+00
-3.429087922091466067e-01 9.393687030264871174e-01 0.000000000000000000e+00 -9.393687030264871174e-01 -3.429087922091466067e-01 -0.000000000000000000e+00 -0.000000000000000000e+00 0.000000000000000000e+00 1.000000000000000000e+00
-3.383695834190013074e-01 9.410132969394489066e-01 0.000000000000000000e+00 -9.410132969394489066e-01 -3.383695834190013074e-01 -0.000000000000000000e+00 -0.000000000000000000e+00 0.000000000000000000e+00 1.000000000000000000e+00
-3.345534471102940000e-01 9.423767776354740056e-01 0.000000000000000000e+00 -9.423767776354740056e-01 -3.345534471102940000e-01 -0.000000000000000000e+00 -0.000000000000000000e+00 0.000000000000000000e+00 1.000000000000000000e+00
-3.315850301919500698e-01 9.434253376672706581e-01 0.000000000000000000e+00 -9.434253376672706581e-01 -3.315850301919500698e-01 -0.000000000000000000e+00 -0.000000000000000000e+00 0.000000000000000000e+00 1.000000000000000000e+00
-3.288965857620796407e-01 9.443659438342992818e-01 0.000000000000000000e+00 -9.443659438342992818e-01 -3.288965857620796407e-01 -0.000000000000000000e+00 -0.000000000000000000e+00 0.000000000000000000e+00 1.000000000000000000e+00
-3.263719929617456272e-01 9.452414094876389061e-01 0.000000000000000000e+00 -9.452414094876389061e-01 -3.263719929617456272e-01 -0.000000000000000000e+00 -0.000000000000000000e+00 0.000000000000000000e+00 1.000000000000000000e+00
-3.239050410751184716e-01 9.460895963734755609e-01 0.000000000000000000e+00 -9.460895963734755609e-01 -3.239050410751184716e-01 -0.000000000000000000e+00 -0.000000000000000000e+00 0.000000000000000000e+00 1.000000000000000000e+00
-3.211053999743666010e-01 9.470434636843771958e-01 0.000000000000000000e+00 -9.470434636843771958e-01 -3.211053999743666010e-01 -0.000000000000000000e+00 -0.000000000000000000e+00 0.000000000000000000e+00 1.000000000000000000e+00
-3.177014488472317821e-01 9.481907979939321329e-01 0.000000000000000000e+00 -9.481907979939321329e-01 -3.177014488472317821e-01 -0.000000000000000000e+00 -0.000000000000000000e+00 0.000000000000000000e+00 1.000000000000000000e+00
-3.134594396795887250e-01 9.496015899711616193e-01 0.000000000000000000e+00 -9.496015899711616193e-01 -3.134594396795887250e-01 -0.000000000000000000e+00 -0.000000000000000000e+00 0.000000000000000000e+00 1.000000000000000000e+00
-3.080754245049681650e-01 9.513619357616130978e-01 0.000000000000000000e+00 -9.513619357616130978e-01 -3.080754245049681650e-01 -0.000000000000000000e+00 -0.000000000000000000e+00 0.000000000000000000e+00 1.000000000000000000e+00
-3.015935107570269502e-01 9.534366021237337119e-01 0.000000000000000000e+00 -9.534366021237337119e-01 -3.015935107570269502e-01 -0.000000000000000000e+00 -0.000000000000000000e+00 0.000000000000000000e+00 1.000000000000000000e+00
-2.940588495501985644e-01 9.557873157775288453e-01 0.000000000000000000e+00 -9.557873157775288453e-01 -2.940588495501985644e-01 -0.000000000000000000e+00 -0.000000000000000000e+00 0.000000000000000000e+00 1.000000000000000000e+00
-2.852790489149157338e-01 9.584445024362135968e-01 0.000000000000000000e+00 -9.584445024362135968e-01 -2.852790489149157338e-01 -0.000000000000000000e+00 -0.000000000000000000e+00 0.000000000000000000e+00 1.000000000000000000e+00
-2.754943663654519925e-01 9.613026859948421432e-01 0.000000000000000000e+00 -9.613026859948421432e-01 -2.754943663654519925e-01 -0.000000000000000000e+00 -0.000000000000000000e+00 0.000000000000000000e+00 9.999999999999998890e-01
-2.651983570650826016e-01 9.641938764636400760e-01 0.000000000000000000e+00 -9.641938764636400760e-01 -2.651983570650826016e-01 -0.000000000000000000e+00 -0.000000000000000000e+00 0.000000000000000000e+00 1.000000000000000000e+00
-2.544412270360607020e-01 9.670882389856594319e-01 0.000000000000000000e+00 -9.670882389856594319e-01 -2.544412270360607020e-01 -0.000000000000000000e+00 -0.000000000000000000e+00 0.000000000000000000e+00 1.000000000000000000e+00
-2.431186371055879536e-01 9.699965609691209023e-01 0.000000000000000000e+00 -9.699965609691209023e-01 -2.431186371055879536e-01 -0.000000000000000000e+00 -0.000000000000000000e+00 0.000000000000000000e+00 1.000000000000000000e+00
-2.317693125557857559e-01 9.727707776025237285e-01 0.000000000000000000e+00 -9.727707776025237285e-01 -2.317693125557857559e-01 -0.000000000000000000e+00 -0.000000000000000000e+00 0.000000000000000000e+00 1.000000000000000000e+00
-2.209298424329814714e-01 9.752897029716545152e-01 0.000000000000000000e+00 -9.752897029716545152e-01 -2.209298424329814714e-01 -0.000000000000000000e+00 -0.000000000000000000e+00 0.000000000000000000e+00 1.000000000000000000e+00
-2.114358714663296945e-01 9.773918724121218871e-01 0.000000000000000000e+00 -9.773918724121218871e-01 -2.114358714663296945e-01 -0.000000000000000000e+00 -0.000000000000000000e+00 0.000000000000000000e+00 9.999999999999998890e-01
-2.036422758456671867e-01 9.790453633455384885e-01 0.000000000000000000e+00 -9.790453633455384885e-01 -2.036422758456671867e-01 -0.000000000000000000e+00 -0.000000000000000000e+00 0.000000000000000000e+00 1.000000000000000000e+00
-1.980992506453824742e-01 9.801819662153237189e-01 0.000000000000000000e+00 -9.801819662153237189e-01 -1.980992506453824742e-01 -0.000000000000000000e+00 -0.000000000000000000e+00 0.000000000000000000e+00 1.000000000000000000e+00
-1.945879842949828076e-01 9.808850678688177949e-01 0.000000000000000000e+00 -9.808850678688177949e-01 -1.945879842949828076e-01 -0.000000000000000000e+00 -0.000000000000000000e+00 0.000000000000000000e+00 9.999999999999998890e-01
-1.916188495521680135e-01 9.814694169948973146e-01 0.000000000000000000e+00 -9.814694169948973146e-01 -1.916188495521680135e-01 -0.000000000000000000e+00 -0.000000000000000000e+00 0.000000000000000000e+00 1.000000000000000000e+00
-1.880215827129222417e-01 9.821648967633327398e-01 0.000000000000000000e+00 -9.821648967633327398e-01 -1.880215827129222417e-01 -0.000000000000000000e+00 -0.000000000000000000e+00 0.000000000000000000e+00 1.000000000000000000e+00
-1.831572275140133099e-01 9.830836332730700233e-01 0.000000000000000000e+00 -9.830836332730700233e-01 -1.831572275140133099e-01 -0.000000000000000000e+00 -0.000000000000000000e+00 0.000000000000000000e+00 1.000000000000000000e+00
-1.774516619453104238e-01 9.841295177327256116e-01 0.000000000000000000e+00 -9.841295177327256116e-01 -1.774516619453104238e-01 -0.000000000000000000e+00 -0.000000000000000000e+00 0.000000000000000000e+00 1.000000000000000000e+00
-1.714197476186893332e-01 9.851980867451707313e-01 0.000000000000000000e+00 -9.851980867451707313e-01 -1.714197476186893332e-01 -0.000000000000000000e+00 -0.000000000000000000e+00 0.000000000000000000e+00 1.000000000000000000e+00
-1.643604313020816665e-01 9.864003490582278211e-01 0.000000000000000000e+00 -9.864003490582278211e-01 -1.643604313020816665e-01 -0.000000000000000000e+00 -0.000000000000000000e+00 0.000000000000000000e+00 1.000000000000000000e+00
