0.000000000000000000e+00 0.000000000000000000e+00 3.418022918701172363e-01
0.000000000000000000e+00 0.000000000000000000e+00 3.418022918701172363e-01
1.005035400390674738e-02 5.520326018333435864e-02 3.498339462280274370e-01
1.020385742187546185e-02 5.486226916313172164e-02 3.498447036743164151e-01
1.033843994140681843e-02 5.449723124504089744e-02 3.498683547973633345e-01
1.047607421874996447e-02 5.410105109214783520e-02 3.498981094360352762e-01
1.060394287109378553e-02 5.368256449699402438e-02 3.499399566650391868e-01
1.073028564453171185e-02 5.323941469192505771e-02 3.499880599975586648e-01
1.083984375000035527e-02 5.276847958564758606e-02 3.500564956665039862e-01
1.090789794921942502e-02 5.226856350898743259e-02 3.501243209838867942e-01
1.097900390625028422e-02 5.173344731330872109e-02 3.502087783813476740e-01
1.104492187500039080e-02 5.116499900817871732e-02 3.502865600585938211e-01
1.110961914062524869e-02 5.056200146675110529e-02 3.503667068481445268e-01
1.119873046875063949e-02 4.993493556976318776e-02 3.504368972778321156e-01
1.130676269531250000e-02 4.929401159286499190e-02 3.504985046386719372e-01
1.145935058593750000e-02 4.863129377365112832e-02 3.505422210693360796e-01
1.162750244140653422e-02 4.797516107559204879e-02 3.505766296386718661e-01
1.184204101562524869e-02 4.732810139656067755e-02 3.505979156494141158e-01
1.210388183593735789e-02 4.668982267379761381e-02 3.506056976318360219e-01
1.238861083984410527e-02 4.604168891906738892e-02 3.506008529663086071e-01
1.266510009765653422e-02 4.537235975265503651e-02 3.505493545532226696e-01
1.294555664062535527e-02 4.471062898635864979e-02 3.505627822875977406e-01
1.320800781250053291e-02 4.405651092529297430e-02 3.505921554565429865e-01
1.346954345703199607e-02 4.340589523315430132e-02 3.506591415405273526e-01
1.372283935546914080e-02 4.275914430618286965e-02 3.507216644287108887e-01
1.397064208984399869e-02 4.211748123168945757e-02 3.507773590087891469e-01
1.420898437500017764e-02 4.147563219070435347e-02 3.508364868164063344e-01
1.443878173828139211e-02 4.083287239074707975e-02 3.509040451049805220e-01
1.467468261718796185e-02 4.018975257873536044e-02 3.509757995605469194e-01
1.489501953125049738e-02 3.955087184906006664e-02 3.510407257080078169e-01
1.513061523437553291e-02 3.890976428985596508e-02 3.510960769653320712e-01
1.536560058593750000e-02 3.825876474380493497e-02 3.511436462402344194e-01
1.562652587890678291e-02 3.759316682815552757e-02 3.511782073974609730e-01
1.588226318359442502e-02 3.691426277160644864e-02 3.512035369873047763e-01
1.613891601562489342e-02 3.622416257858276922e-02 3.512232208251953036e-01
1.639587402343689604e-02 3.552299499511719916e-02 3.512328720092773304e-01
1.664215087890674738e-02 3.481767416000366988e-02 3.512366104125976829e-01
1.685333251953125000e-02 3.411332845687867210e-02 3.512386703491211515e-01
1.703277587890639211e-02 3.342085123062134289e-02 3.512291336059570890e-01
1.720184326171914080e-02 3.274139881134034008e-02 3.512213516235352939e-01
1.733215332031257105e-02 3.206594944000244751e-02 3.512044525146486018e-01
1.741241455078146316e-02 3.139508724212647373e-02 3.511901092529297053e-01
1.745422363281257105e-02 3.072872638702393161e-02 3.512000274658203525e-01
1.743927001953160527e-02 3.006642103195190929e-02 3.512032318115233531e-01
1.740234375000060396e-02 2.941388845443726474e-02 3.511429595947266336e-01
1.735687255859375000e-02 2.877339363098144892e-02 3.510431671142578702e-01
1.731262207031214473e-02 2.814733505249024381e-02 3.509207534790039773e-01
1.725006103515625000e-02 2.754688501358033142e-02 3.507668304443360974e-01
1.719696044921903422e-02 2.697148323059082864e-02 3.505981063842773526e-01
1.715606689453164080e-02 2.641088724136353427e-02 3.504096984863281916e-01
1.715087890625000000e-02 2.586464405059814980e-02 3.502079391479492321e-01
1.716491699218813949e-02 2.532166481018067322e-02 3.499998092651367410e-01
1.715881347656189604e-02 2.476817131042480941e-02 3.497791671752930043e-01
1.715759277343753553e-02 2.421669721603394304e-02 3.495574569702150081e-01
1.714172363281196709e-02 2.367204189300537581e-02 3.493288040161133257e-01
1.712280273437549738e-02 2.313683032989503202e-02 3.491112518310547363e-01
1.712097167968806843e-02 2.261769294738770475e-02 3.488978576660156650e-01
1.713623046875056843e-02 2.211377382278442716e-02 3.486889648437500044e-01
1.717681884765642764e-02 2.161849498748780185e-02 3.484786987304688832e-01
1.722930908203146316e-02 2.111130237579345731e-02 3.482497787475585804e-01
1.730834960937510658e-02 2.057433605194092241e-02 3.479844665527344061e-01
1.739654541015678291e-02 2.000143527984619279e-02 3.476890563964843972e-01
1.752868652343764211e-02 1.939836978912353599e-02 3.473430633544922763e-01
1.774658203125056843e-02 1.878415107727050837e-02 3.469673538208007946e-01
1.805847167968810396e-02 1.816613674163818776e-02 3.465767669677735086e-01
1.846405029296871447e-02 1.754996299743652455e-02 3.461972808837890936e-01
1.890380859375007105e-02 1.692407131195068637e-02 3.458414840698242898e-01
1.941925048828174738e-02 1.630958557128906611e-02 3.455467605590820668e-01
2.002624511718753553e-02 1.572394847869873491e-02 3.453176498413086382e-01
2.075164794921935396e-02 1.517693519592284296e-02 3.451654052734375311e-01
2.154327392578192502e-02 1.466562271118164451e-02 3.450893783569336515e-01
2.237884521484367895e-02 1.420030593872070174e-02 3.451325988769531339e-01
2.334106445312489342e-02 1.379449367523193776e-02 3.452762222290038929e-01
2.444885253906292633e-02 1.348227500915527566e-02 3.455314254760742942e-01
2.573852539062571054e-02 1.326515674591064592e-02 3.457595062255859331e-01
2.719543457031203815e-02 1.304942607879638894e-02 3.457218933105469238e-01
2.886077880859438949e-02 1.293595314025879073e-02 3.452803421020508301e-01
3.074218750000046185e-02 1.299408435821533536e-02 3.445474624633789729e-01
3.290618896484431843e-02 1.310964107513427901e-02 3.435359191894531428e-01
3.548645019531182498e-02 1.331289291381836104e-02 3.422139358520508434e-01
3.842559814453139211e-02 1.367246627807616743e-02 3.404533767700195224e-01
4.180053710937503553e-02 1.416227817535400252e-02 3.381928634643555087e-01
4.565612792968742895e-02 1.477196693420410045e-02 3.354700088500977007e-01
5.010498046874989342e-02 1.559046268463135793e-02 3.323703765869141513e-01
5.528717041015696054e-02 1.668314933776856440e-02 3.288289642333983576e-01
6.125793457031214473e-02 1.794133663177491234e-02 3.251625061035157138e-01
6.817382812500039080e-02 1.929565906524659258e-02 3.217323303222656694e-01
7.615997314453171185e-02 2.073430538177491178e-02 3.188137054443360707e-01
8.543334960937531974e-02 2.221355676651001754e-02 3.165869140625000577e-01
9.575927734374989342e-02 2.340559959411622065e-02 3.150891113281250044e-01
1.071023559570312145e-01 2.410873174667359925e-02 3.145731735229492232e-01
1.194125366210938566e-01 2.439364910125733227e-02 3.143894195556641291e-01
1.326077270507814987e-01 2.409922122955323459e-02 3.150560760498046786e-01
1.466787719726569961e-01 2.261963129043580156e-02 3.165124893188476785e-01
1.618453979492189276e-01 2.011437892913819220e-02 3.183295822143554776e-01
1.779577636718752132e-01 1.691194057464600470e-02 3.200992584228516957e-01
1.949447631835941053e-01 1.307710647583009561e-02 3.211330032348632679e-01
2.127920532226568184e-01 8.521075248718271156e-03 3.214558029174805487e-01
2.314059448242193895e-01 3.379797935485859273e-03 3.211634063720703036e-01
2.506378173828123224e-01 -2.143802642822247029e-03 3.198120498657226474e-01
2.706671142578125355e-01 -8.267512321472152148e-03 3.175842666625976474e-01
2.911614990234374645e-01 -1.478563785552976934e-02 3.147676467895508257e-01
3.116860961914067474e-01 -2.173353672027585753e-02 3.114823913574219505e-01
3.320391845703118960e-01 -2.887412548065183132e-02 3.079813766479492232e-01
3.526116943359376421e-01 -3.602263927459712495e-02 3.046770858764648038e-01
3.730322265625005684e-01 -4.309619426727292341e-02 3.022822570800781650e-01
3.930197143554687855e-01 -4.975318431854245521e-02 3.009997177124024148e-01
4.126589965820315342e-01 -5.606939792633052616e-02 3.006828689575196112e-01
4.319583129882813566e-01 -6.209239482879635313e-02 3.012983703613281161e-01
4.510223388671876776e-01 -6.775220394134517932e-02 3.026441574096679910e-01
4.700289916992188566e-01 -7.333455562591548182e-02 3.044485473632813077e-01
4.889382934570312145e-01 -7.879065990447997603e-02 3.065874862670897594e-01
5.077609252929686789e-01 -8.419212818145749289e-02 3.092093276977538885e-01
5.265527343750004974e-01 -8.951842784881589021e-02 3.119203186035156561e-01
5.454254150390625000e-01 -9.478995800018308326e-02 3.146837234497070757e-01
5.643414306640623934e-01 -9.978078365325923627e-02 3.173878097534179599e-01
5.830310058593752842e-01 -1.043167066574096358e-01 3.198092651367188122e-01
6.013964843749999289e-01 -1.083056592941283869e-01 3.218603897094727273e-01
6.190548706054688211e-01 -1.117661428451537653e-01 3.235537719726563344e-01
6.360034179687499289e-01 -1.144918775558471380e-01 3.249599075317383123e-01
6.522698974609371092e-01 -1.167909765243529963e-01 3.260697937011719505e-01
6.681277465820318895e-01 -1.185193014144897139e-01 3.270600891113281117e-01
6.835833740234376066e-01 -1.198102140426635098e-01 3.279349517822266469e-01
6.988040161132813566e-01 -1.207585668563841974e-01 3.284378433227539418e-01
7.138522338867190342e-01 -1.215776777267455477e-01 3.287664794921875133e-01
7.287493896484376066e-01 -1.224461507797240389e-01 3.290502548217772993e-01
7.437811279296875355e-01 -1.231486463546751786e-01 3.292975616455078303e-01
7.587329101562501066e-01 -1.238759756088256281e-01 3.293096160888672186e-01
7.733062744140628553e-01 -1.246552228927611528e-01 3.292140197753906650e-01
7.875231933593749289e-01 -1.254683637619017633e-01 3.291428756713867809e-01
8.013473510742192829e-01 -1.262711095809936068e-01 3.291270065307617676e-01
8.148291015625002132e-01 -1.270634984970092085e-01 3.292237854003906561e-01
8.280749511718754619e-01 -1.276282453536986550e-01 3.293769073486328969e-01
8.414700317382814987e-01 -1.278769063949583840e-01 3.295293426513672408e-01
8.553707885742189987e-01 -1.278011846542357610e-01 3.295924758911132901e-01
8.697598266601564987e-01 -1.276052618026732588e-01 3.294861984252930309e-01
8.846826171874999645e-01 -1.272802305221557295e-01 3.293938827514648615e-01
9.000811767578120737e-01 -1.269378805160521761e-01 3.294025802612304821e-01
9.159503173828120737e-01 -1.267197561264037653e-01 3.295462799072266247e-01
9.322848510742192119e-01 -1.266340017318725031e-01 3.295744323730469549e-01
9.489865112304691763e-01 -1.265948057174682007e-01 3.293759918212890714e-01
9.659878540039068540e-01 -1.268027639389037731e-01 3.287806701660156428e-01
9.832525634765625355e-01 -1.274340963363646828e-01 3.278569793701172630e-01
1.000662536621094389e+00 -1.289395856857298850e-01 3.264913558959960938e-01
1.018253479003906392e+00 -1.311714696884154485e-01 3.247883987426758434e-01
1.035970764160156321e+00 -1.346985197067259998e-01 3.230662918090820845e-01
1.053679504394531730e+00 -1.388444471359251975e-01 3.213874435424804998e-01
1.071670532226562056e+00 -1.437799024581908613e-01 3.200598144531250355e-01
1.089654541015625533e+00 -1.487130308151244362e-01 3.187459564208984242e-01
1.107770080566406801e+00 -1.538442564010619185e-01 3.176381301879883656e-01
1.125952148437500355e+00 -1.592190885543822432e-01 3.167970275878906339e-01
1.144123229980468892e+00 -1.645779371261595903e-01 3.163753890991211071e-01
1.162314758300781570e+00 -1.699969244003295132e-01 3.165158462524414462e-01
1.180495605468750320e+00 -1.754375410079955511e-01 3.171818923950195934e-01
1.198796691894531641e+00 -1.811028051376342152e-01 3.180786514282226696e-01
1.217312927246094301e+00 -1.868409872055053489e-01 3.190689086914063610e-01
1.236115112304688068e+00 -1.926343679428099975e-01 3.199509811401367587e-01
1.255415954589844230e+00 -1.985724210739134576e-01 3.206631088256836071e-01
1.275056457519531783e+00 -2.047081136703490511e-01 3.213065338134766247e-01
1.294969482421875373e+00 -2.108293104171751475e-01 3.218547439575195623e-01
1.315454406738281623e+00 -2.167040205001830311e-01 3.221832275390625888e-01
1.336152343750000249e+00 -2.222542142868041137e-01 3.223646545410157049e-01
1.356756896972656445e+00 -2.274767255783080311e-01 3.225119018554688521e-01
1.377001037597656463e+00 -2.322990942001341985e-01 3.226045989990233842e-01
1.396679077148437198e+00 -2.366204977035521184e-01 3.227505874633789240e-01
1.416118164062500462e+00 -2.404236555099486250e-01 3.227537918090820357e-01
1.435328369140625338e+00 -2.437059354782103726e-01 3.226968765258789729e-01
1.454397277832031765e+00 -2.464183568954466386e-01 3.226729202270508523e-01
1.473437194824219088e+00 -2.487134313583373169e-01 3.227278900146485219e-01
1.492369079589844105e+00 -2.507015943527221569e-01 3.229011917114258390e-01
1.511307678222656659e+00 -2.523653745651244229e-01 3.231139373779297053e-01
1.530352783203125178e+00 -2.537830114364623135e-01 3.232757949829101474e-01
1.549564208984375302e+00 -2.548839902877806929e-01 3.233385086059570312e-01
1.568951110839844176e+00 -2.555620145797729004e-01 3.233342742919922408e-01
1.588332824707031410e+00 -2.557301282882689653e-01 3.230953216552734375e-01
1.607577819824219212e+00 -2.554071569442748491e-01 3.228401947021485308e-01
1.626595153808594318e+00 -2.547240400314330078e-01 3.226489639282227317e-01
1.645576782226562784e+00 -2.536515378952025612e-01 3.226681137084961293e-01
1.664846191406250231e+00 -2.522547101974486616e-01 3.229200744628906161e-01
1.684552001953125266e+00 -2.505794858932494651e-01 3.233256149291993120e-01
1.704442138671875551e+00 -2.487134695053099531e-01 3.237907791137695224e-01
1.724305114746094159e+00 -2.468099355697630226e-01 3.243072891235352362e-01
1.743742065429688459e+00 -2.448902463912962235e-01 3.244589996337891025e-01
1.762572631835937820e+00 -2.432312917709349154e-01 3.244302749633789507e-01
1.781072082519531641e+00 -2.421497488021848998e-01 3.244461441040039640e-01
1.799193725585937820e+00 -2.416283369064330111e-01 3.244653701782227451e-01
1.816870422363281445e+00 -2.415450429916380648e-01 3.244567871093750888e-01
1.834073486328125391e+00 -2.419466161727904241e-01 3.244692611694336426e-01
1.850909118652344088e+00 -2.429689359664915782e-01 3.245201110839843750e-01
1.867411499023437838e+00 -2.447092962265013105e-01 3.246330642700195890e-01
1.883846435546875142e+00 -2.467101240158079689e-01 3.248032760620117587e-01
1.900271911621094212e+00 -2.488827848434446988e-01 3.251689147949219372e-01
1.916712036132812713e+00 -2.511545324325560324e-01 3.259012222290039729e-01
1.933173828125000160e+00 -2.530999708175658003e-01 3.266392517089844461e-01
1.949705810546875195e+00 -2.545781850814818337e-01 3.277507019042968928e-01
1.966382141113281801e+00 -2.557344961166380659e-01 3.290420532226563388e-01
1.982970581054688264e+00 -2.563142919540404296e-01 3.303752517700195845e-01
1.999559020996094283e+00 -2.562878370285033292e-01 3.317785263061523438e-01
2.016234741210937820e+00 -2.557725477218626975e-01 3.332923126220703747e-01
2.033108520507812766e+00 -2.548067235946654407e-01 3.346858215332031428e-01
2.050184326171875515e+00 -2.532860898971556751e-01 3.358826828002929865e-01
2.067406311035156818e+00 -2.512400197982787020e-01 3.367391204833983798e-01
2.084749145507812873e+00 -2.486792898178099287e-01 3.374623870849610130e-01
2.101976013183594283e+00 -2.457331418991087479e-01 3.382475280761718661e-01
2.118679199218750586e+00 -2.425259923934935669e-01 3.389476013183594372e-01
2.134615173339843963e+00 -2.391861677169797862e-01 3.394527435302734375e-01
2.149681701660156818e+00 -2.356711530685423328e-01 3.398647308349609375e-01
2.163771362304688584e+00 -2.315835905075071810e-01 3.401478576660156294e-01
2.177001342773437820e+00 -2.268538808822630204e-01 3.403591537475586515e-01
2.189602661132812766e+00 -2.216341352462767589e-01 3.404934310913085849e-01
2.201727294921875355e+00 -2.158946752548216164e-01 3.405864334106445401e-01
2.213501586914063068e+00 -2.096081113815305985e-01 3.406634140014648260e-01
2.225054626464844088e+00 -2.028175878524779152e-01 3.407364273071289418e-01
2.236511535644531534e+00 -1.955844831466673484e-01 3.409326934814453924e-01
2.248015441894531730e+00 -1.878856039047239745e-01 3.411407089233399192e-01
2.259590148925781694e+00 -1.797001028060911665e-01 3.413516998291016291e-01
2.271168823242188495e+00 -1.708072042465209051e-01 3.415076828002929776e-01
2.282125854492188299e+00 -1.610030508041380426e-01 3.414373016357422630e-01
2.292498474121094088e+00 -1.507983541488646106e-01 3.410380935668945179e-01
2.302509765625000426e+00 -1.402331876754759343e-01 3.402491760253906206e-01
2.312143554687500213e+00 -1.292875051498411643e-01 3.391856384277344150e-01
2.321371459960937855e+00 -1.179546308517454567e-01 3.381119918823242143e-01
2.330155029296875568e+00 -1.061164426803587468e-01 3.372701644897461160e-01
2.338479614257813033e+00 -9.376513957977278269e-02 3.367695236206055265e-01
2.346435546875000444e+00 -8.091683864593490760e-02 3.366333007812500888e-01
2.354136352539062838e+00 -6.761746883392319440e-02 3.368336868286133656e-01
2.361618652343750568e+00 -5.384328365325912608e-02 3.375008392333983531e-01
2.369003295898437944e+00 -3.972695827484116343e-02 3.384178161621094194e-01
2.376317443847656641e+00 -2.578145503997786997e-02 3.392285919189453880e-01
2.383670043945312678e+00 -1.228270053863509542e-02 3.397589874267578081e-01
2.391265258789062820e+00 5.560255050660739551e-04 3.397596740722657049e-01
2.399207458496094070e+00 1.257019519805923496e-02 3.392473220825196201e-01
2.407463989257812909e+00 2.369746208190933595e-02 3.383008575439453436e-01
2.416088562011719176e+00 3.403776645660416128e-02 3.370601272583008123e-01
2.425335083007813086e+00 4.375018596649185576e-02 3.356232452392579058e-01
2.435269470214844301e+00 5.295502185821548968e-02 3.340290069580078569e-01
2.445580749511718999e+00 6.194384098052994198e-02 3.322451782226563122e-01
2.455964050292969159e+00 7.128576755523696740e-02 3.303484344482422452e-01
2.466108703613281605e+00 8.111211776733413814e-02 3.288289260864257768e-01
2.475860290527343910e+00 9.166514396667496678e-02 3.279526901245117809e-01
2.485182189941406605e+00 1.032294416427613770e-01 3.276779174804688166e-01
2.493801574707032120e+00 1.156824159622193982e-01 3.280262756347657183e-01
2.501750640869140785e+00 1.285985279083253496e-01 3.288327407836914018e-01
2.509126434326172106e+00 1.419629812240602029e-01 3.298929977416992232e-01
2.515701293945312944e+00 1.557750368118287765e-01 3.311133956909180220e-01
2.521727142333984428e+00 1.700528192520143200e-01 3.324217224121094327e-01
2.527435150146484677e+00 1.848740434646607977e-01 3.336400604248047630e-01
2.532907409667969567e+00 2.004327917099000544e-01 3.345573425292969194e-01
2.538177032470703587e+00 2.166910791397096414e-01 3.352131652832032183e-01
2.543143310546875480e+00 2.332073831558229282e-01 3.355197525024414817e-01
2.547737884521484641e+00 2.497890138626100431e-01 3.354610443115234597e-01
2.552113189697265749e+00 2.663003396987916882e-01 3.351492691040039995e-01
2.556535644531250373e+00 2.827491617202760321e-01 3.344709777832031161e-01
2.560996093750000480e+00 2.991570520401002908e-01 3.334122467041016336e-01
2.565218811035156588e+00 3.156436395645143000e-01 3.320468521118163929e-01
2.569114685058594194e+00 3.321846818923951949e-01 3.303932571411133390e-01
2.572692260742188264e+00 3.487800455093385543e-01 3.285859298706055309e-01
2.575948638916016442e+00 3.654526185989381837e-01 3.267391586303711737e-01
2.579046936035156445e+00 3.821986627578736750e-01 3.250637054443360485e-01
2.581738891601562891e+00 3.993160867691041838e-01 3.233041763305664062e-01
2.584015655517578391e+00 4.168502664566041682e-01 3.215441131591797452e-01
2.586023101806640856e+00 4.345137643814088735e-01 3.198679733276367232e-01
2.587774505615235032e+00 4.519881296157838291e-01 3.184370803833008745e-01
2.589689788818359872e+00 4.690871286392213624e-01 3.172841262817382990e-01
2.591929016113281303e+00 4.857523965835572888e-01 3.163134002685547008e-01
2.594347229003906463e+00 5.019999551773073332e-01 3.156641387939453924e-01
2.596877441406250320e+00 5.180057382583620473e-01 3.153830337524414773e-01
2.599683074951172124e+00 5.337856912612917171e-01 3.154446411132812988e-01
2.602870483398437962e+00 5.493748712539674450e-01 3.159571838378906206e-01
2.606651153564453427e+00 5.647337198257448287e-01 3.169375991821289373e-01
2.610928344726562766e+00 5.797982645034792659e-01 3.183236694335938033e-01
2.615366210937500213e+00 5.945602273941041904e-01 3.201049804687500222e-01
2.620210266113281339e+00 6.086201333999635699e-01 3.221876907348633079e-01
2.625792541503906730e+00 6.215731668472290750e-01 3.247878265380860219e-01
2.632206420898437926e+00 6.333760690689088646e-01 3.279412841796874867e-01
2.639213714599609517e+00 6.442157602310182307e-01 3.314601516723633123e-01
2.646978454589844709e+00 6.540432214736939809e-01 3.351317977905273748e-01
2.655325927734375480e+00 6.629490137100221281e-01 3.387171936035157094e-01
2.664152221679688015e+00 6.711752939224244763e-01 3.416833877563476562e-01
2.673406524658203498e+00 6.786693429946900613e-01 3.441327667236327992e-01
2.683006591796875284e+00 6.856862115859987394e-01 3.460757827758789151e-01
2.692946929931641087e+00 6.923311090469361773e-01 3.474553680419921742e-01
2.703402404785156588e+00 6.978696298599245118e-01 3.481742095947265581e-01
2.714590911865235157e+00 7.024740457534791593e-01 3.482404327392578658e-01
2.725979461669922443e+00 7.060631418228151546e-01 3.476370239257813299e-01
2.737467346191406747e+00 7.088717508316041416e-01 3.466944885253906428e-01
2.749197692871093945e+00 7.112764596939088468e-01 3.455247116088867587e-01
2.761432189941406712e+00 7.133564615249635699e-01 3.440030670166016602e-01
2.774395599365234943e+00 7.150250101089479227e-01 3.425259780883789240e-01
2.788084716796875195e+00 7.165659952163697666e-01 3.412508392333983842e-01
2.802231750488281214e+00 7.179107522964479626e-01 3.402452850341797230e-01
2.816595611572265678e+00 7.190509653091432529e-01 3.394429779052734464e-01
2.830457305908203658e+00 7.204012155532838468e-01 3.388702774047852584e-01
2.843775634765625338e+00 7.220173501968385477e-01 3.385861206054688877e-01
2.856648406982422284e+00 7.237608194351198287e-01 3.381633377075196067e-01
2.869048614501953587e+00 7.257270669937135876e-01 3.378074645996094194e-01
2.880998992919922230e+00 7.280004739761354315e-01 3.374772644042969283e-01
2.892480468750000533e+00 7.306567239761354582e-01 3.371632385253906516e-01
2.903489532470703516e+00 7.337196969985964046e-01 3.368977355957031294e-01
2.913947448730469514e+00 7.372074747085572977e-01 3.367184829711914462e-01
2.923962707519531801e+00 7.410495615005494585e-01 3.366675186157227495e-01
2.933583374023438051e+00 7.451090097427369718e-01 3.366761398315429865e-01
2.943006744384765838e+00 7.495243692398072533e-01 3.367152404785156428e-01
2.952425689697265820e+00 7.543100595474244718e-01 3.367963409423828658e-01
2.962043304443359837e+00 7.593403482437135477e-01 3.368817901611328436e-01
2.971988983154297159e+00 7.646196603775026190e-01 3.369027709960937811e-01
2.982197265625000426e+00 7.698553323745729315e-01 3.368515396118164640e-01
2.992469940185547461e+00 7.748593759536744896e-01 3.366850662231445357e-01
3.002797698974609464e+00 7.794431161880495118e-01 3.364603042602539729e-01
3.013307037353516460e+00 7.836057901382448287e-01 3.362263870239258212e-01
3.023971099853516087e+00 7.874163675308228916e-01 3.359783554077149237e-01
3.034813232421875284e+00 7.907545328140260787e-01 3.357731628417969238e-01
3.045895843505859624e+00 7.935825967788697755e-01 3.356145858764648660e-01
3.057223358154297355e+00 7.958311319351197843e-01 3.356628799438476918e-01
3.068806152343750426e+00 7.974429941177370029e-01 3.359461975097656206e-01
3.080719604492188068e+00 7.984011697769166638e-01 3.364695358276367232e-01
3.092936401367188282e+00 7.986438608169557085e-01 3.372564697265625355e-01
3.105348358154297550e+00 7.982425546646120251e-01 3.382658004760742410e-01
3.117957458496094070e+00 7.972701883316041238e-01 3.393846511840821201e-01
3.130707550048828836e+00 7.957430124282838246e-01 3.405628204345703125e-01
3.143560791015625355e+00 7.936651468276979537e-01 3.416978836059570979e-01
3.156381530761718679e+00 7.911183023452760255e-01 3.427524566650391735e-01
3.169215087890625338e+00 7.881887674331666815e-01 3.436489105224609375e-01
3.182059936523438104e+00 7.848579263687135432e-01 3.443627548217773615e-01
3.194747619628906854e+00 7.810394144058229182e-01 3.444501113891601518e-01
3.207221527099609393e+00 7.767299509048463113e-01 3.438394546508789507e-01
3.219213409423828498e+00 7.719714212417604360e-01 3.426015853881836382e-01
3.230597229003906889e+00 7.666454935073854227e-01 3.409954833984375488e-01
3.241262817382812855e+00 7.608540201187135033e-01 3.388422775268554732e-01
3.251007080078125444e+00 7.546457529067994718e-01 3.369530105590821112e-01
3.259784851074218892e+00 7.480174875259401057e-01 3.352236938476562678e-01
3.267635650634765909e+00 7.409647989273072666e-01 3.338657379150391513e-01
3.274642639160156854e+00 7.334593057632448065e-01 3.328131866455078525e-01
3.280953216552735086e+00 7.254648447036744496e-01 3.321622085571289684e-01
3.286605224609375320e+00 7.171381998062135166e-01 3.319174194335937633e-01
3.291864013671875533e+00 7.085173654556276013e-01 3.321232223510742765e-01
3.296846160888672550e+00 6.993834924697878153e-01 3.331544876098633257e-01
3.301243286132812926e+00 6.894777917861940608e-01 3.345155715942382812e-01
3.305151977539062980e+00 6.790274286270143733e-01 3.361297607421875888e-01
3.308702850341797230e+00 6.681051111221315564e-01 3.381036376953124867e-01
3.311853027343750533e+00 6.568945932388308151e-01 3.400930023193360352e-01
3.314536743164063104e+00 6.453753519058229582e-01 3.419631195068359997e-01
3.316913146972656712e+00 6.333936166763307618e-01 3.435196304321289640e-01
3.319102783203125462e+00 6.208284235000612883e-01 3.447209167480469461e-01
3.321160736083984766e+00 6.077399301528932929e-01 3.455076217651367188e-01
3.323387451171875284e+00 5.944149637222291283e-01 3.456962585449219194e-01
3.326088409423828551e+00 5.808583688735964312e-01 3.452304840087890847e-01
3.329311218261719052e+00 5.676675271987917659e-01 3.441255950927735174e-01
3.333088226318359659e+00 5.550449609756472613e-01 3.424654769897461648e-01
3.337352142333984695e+00 5.429610681533816319e-01 3.401021194458008212e-01
3.342127380371094247e+00 5.313164377212526990e-01 3.376072311401367987e-01
3.347591857910156676e+00 5.199962472915652389e-01 3.347912216186523793e-01
3.353544006347656925e+00 5.089240121841432929e-01 3.315431213378906561e-01
3.359884643554687855e+00 4.982946634292604871e-01 3.288065719604492676e-01
3.366453399658203338e+00 4.876279306411745451e-01 3.269824600219727317e-01
3.372644805908203480e+00 4.763993310928347213e-01 3.256824493408203569e-01
3.378413238525391105e+00 4.645786905288699087e-01 3.249086380004883035e-01
3.384075012207031552e+00 4.522453165054324264e-01 3.249666213989258479e-01
3.389474334716797266e+00 4.397242593765260943e-01 3.257048416137695579e-01
3.394587707519531428e+00 4.270299386978151923e-01 3.272518157958984597e-01
3.399518280029297124e+00 4.140654993057253375e-01 3.290897369384766513e-01
3.404133453369141193e+00 4.006881952285769044e-01 3.310055160522461515e-01
3.408936157226563068e+00 3.869470071792605048e-01 3.326530838012695668e-01
3.413681640625000568e+00 3.728157663345338935e-01 3.342279815673828702e-01
3.418348846435547372e+00 3.583842897415163153e-01 3.357198333740234464e-01
3.422843933105469194e+00 3.438256692886354493e-01 3.370227432250977317e-01
3.427021179199218892e+00 3.293947076797487661e-01 3.379472351074218617e-01
3.430422515869141264e+00 3.150198602676393400e-01 3.384156417846679865e-01
3.433097381591797337e+00 3.006956338882448287e-01 3.385523605346679732e-01
3.435179595947265963e+00 2.865028619766237239e-01 3.383152008056641291e-01
3.436830749511718963e+00 2.723354959487916949e-01 3.378925323486328125e-01
3.438206481933594461e+00 2.580451631546022417e-01 3.374219894409180576e-01
3.439564056396484659e+00 2.436247873306276457e-01 3.369247817993163974e-01
3.440804748535156499e+00 2.291932725906374313e-01 3.367254638671874911e-01
3.442044372558593857e+00 2.146649217605592908e-01 3.369434738159180487e-01
3.443349456787109908e+00 2.000451517105104604e-01 3.377367019653321201e-01
3.444939880371093999e+00 1.854904794692995573e-01 3.390646362304688965e-01
3.446805267333984624e+00 1.712980127334596814e-01 3.406991958618164062e-01
3.449067840576172550e+00 1.574419355392458197e-01 3.424972152709960804e-01
3.451900787353515909e+00 1.437820577621462259e-01 3.443613433837890980e-01
3.455670013427734943e+00 1.302319860458376333e-01 3.462508010864258079e-01
3.459817047119140732e+00 1.165279150009157494e-01 3.481774902343750533e-01
3.464173736572266016e+00 1.026636266708376155e-01 3.503000259399414729e-01
3.468781433105469159e+00 8.880243778228781582e-02 3.523852157592772816e-01
3.473632812500000444e+00 7.508788585662863613e-02 3.543832778930664507e-01
3.478742218017578658e+00 6.147065639495871009e-02 3.560749053955079013e-01
3.484133758544922355e+00 4.810915470123312832e-02 3.574160385131835982e-01
3.489862823486328480e+00 3.523201465606711630e-02 3.583605575561523704e-01
3.495865325927734801e+00 2.292636394500754266e-02 3.589249420166016336e-01
3.502089080810547372e+00 1.134635448455832002e-02 3.592762374877930265e-01
3.508336791992188175e+00 6.412649154665245321e-04 3.595091629028320801e-01
3.514752502441406357e+00 -9.018483161926056646e-03 3.596801757812500000e-01
3.521361083984375639e+00 -1.810819149017312696e-02 3.598647308349609553e-01
3.528097839355469389e+00 -2.713016033172584857e-02 3.601501846313477362e-01
3.535064392089844354e+00 -3.608689785003641598e-02 3.606879043579102051e-01
3.542302246093750107e+00 -4.498305797576879900e-02 3.613263702392578436e-01
3.549752197265625409e+00 -5.372123241424536094e-02 3.619146347045898438e-01
3.557371978759765963e+00 -6.217685222625708025e-02 3.623640823364258079e-01
3.565057830810546946e+00 -7.025197505950905863e-02 3.626386260986328436e-01
3.572799987792969034e+00 -7.786785602569556985e-02 3.626393508911133212e-01
3.580506591796875249e+00 -8.497771739959691928e-02 3.623526763916016247e-01
3.588123626708984659e+00 -9.145936489105199740e-02 3.618306732177735130e-01
3.595706176757812678e+00 -9.717904567718482767e-02 3.610703277587891113e-01
3.603278808593750604e+00 -1.019448995590207518e-01 3.600481033325195757e-01
3.610830535888672088e+00 -1.058728170394895030e-01 3.589612579345703436e-01
3.618214874267578374e+00 -1.091809225082394919e-01 3.578409194946289285e-01
3.625575408935547195e+00 -1.119160795211789627e-01 3.567282104492188743e-01
3.633018951416016051e+00 -1.142531919479367608e-01 3.558179092407226518e-01
3.640428771972656463e+00 -1.163497304916379371e-01 3.552984237670898660e-01
3.647724914550781961e+00 -1.183277845382688098e-01 3.552784729003907183e-01
3.654972839355469461e+00 -1.202802038192746503e-01 3.557020950317383301e-01
3.662100830078125480e+00 -1.225004148483273825e-01 3.565302658081055398e-01
3.669010162353516069e+00 -1.251121854782102083e-01 3.574459838867188877e-01
3.675655517578125142e+00 -1.281548833847043767e-01 3.582283401489257946e-01
3.682005157470703338e+00 -1.316222143173215453e-01 3.589207458496094238e-01
3.688078155517578338e+00 -1.354975271224972688e-01 3.594914245605469461e-01
3.693844909667968857e+00 -1.397653722763058937e-01 3.598549270629882724e-01
3.699260406494141229e+00 -1.443242597579953712e-01 3.600077056884766202e-01
3.704352264404297213e+00 -1.490983343124387683e-01 3.599430465698242321e-01
3.709136962890625444e+00 -1.540910673141477061e-01 3.597175598144531916e-01
3.713598785400391122e+00 -1.592553853988644963e-01 3.593301010131836337e-01
3.717728271484375568e+00 -1.644550085067746636e-01 3.587909698486329013e-01
3.721740722656250444e+00 -1.697072935104368130e-01 3.580405426025391469e-01
3.725839843750000213e+00 -1.749101209640500920e-01 3.570395660400391691e-01
3.730137786865234784e+00 -1.797801733016964887e-01 3.563212203979492232e-01
3.734556121826172248e+00 -1.843203687667844259e-01 3.559051895141601696e-01
3.739069824218750338e+00 -1.884608411788938065e-01 3.556375885009765980e-01
3.743729553222656659e+00 -1.921506261825559336e-01 3.554522705078125844e-01
3.748560028076171946e+00 -1.952919530868527931e-01 3.553489685058593972e-01
3.753285217285156961e+00 -1.979526472091672484e-01 3.553141784667969150e-01
3.757982025146485050e+00 -2.001987600326536054e-01 3.552835464477539507e-01
3.762403869628906605e+00 -2.019346570968625632e-01 3.552085494995117498e-01
3.766613159179687642e+00 -2.031306982040402553e-01 3.553459548950195224e-01
3.770661773681641016e+00 -2.034671545028683692e-01 3.558182907104492365e-01
3.774615478515625178e+00 -2.033735609054563021e-01 3.566100311279297719e-01
3.778492202758789276e+00 -2.033344602584836458e-01 3.576198959350586071e-01
3.782376174926758150e+00 -2.032850790023801035e-01 3.587243652343750089e-01
3.786248703002930149e+00 -2.029984617233273891e-01 3.598967742919921831e-01
3.790092086791992720e+00 -2.019881200790402953e-01 3.611424255371094016e-01
3.793916320800781783e+00 -1.999119138717649069e-01 3.622226715087890625e-01
3.797654647827148899e+00 -1.971458196640012150e-01 3.630902481079102406e-01
3.801173171997070277e+00 -1.938359975814817060e-01 3.638345718383789729e-01
3.804529953002930398e+00 -1.901746892929074562e-01 3.644048309326172186e-01
3.807572784423828516e+00 -1.861817312240598155e-01 3.648230361938477051e-01
3.810405120849609695e+00 -1.819216489791868063e-01 3.649414825439453169e-01
3.813142395019531783e+00 -1.775918149948117197e-01 3.646469497680664418e-01
3.815978851318359677e+00 -1.733067274093625376e-01 3.638735961914063566e-01
3.819036941528320739e+00 -1.691693830490109962e-01 3.625734710693360174e-01
3.822371826171875320e+00 -1.653544187545774036e-01 3.606201934814453613e-01
3.825926208496094105e+00 -1.617975187301632922e-01 3.581402587890625266e-01
3.829750595092773935e+00 -1.584469747543332530e-01 3.552768707275392179e-01
3.833896331787109979e+00 -1.554691457748410555e-01 3.523492813110352673e-01
3.838343887329101811e+00 -1.523990392684934359e-01 3.494154739379883301e-01
3.843159255981445810e+00 -1.491714429855344193e-01 3.467517852783204013e-01
3.848456878662109837e+00 -1.458120679855344215e-01 3.445869064331055220e-01
3.854230346679687891e+00 -1.422679471969602039e-01 3.427531814575195401e-01
3.860400772094727095e+00 -1.383880186080930219e-01 3.412393569946289285e-01
3.866839141845703320e+00 -1.340486097335812921e-01 3.399118423461914285e-01
3.873617630004883239e+00 -1.291438055038449384e-01 3.387281417846680354e-01
3.880486755371093999e+00 -1.236053228378293511e-01 3.376219940185547497e-01
3.887310485839844176e+00 -1.174709463119504305e-01 3.365181732177734419e-01
3.893923568725586648e+00 -1.106310606002805230e-01 3.354940795898437855e-01
3.900390090942383203e+00 -1.030344152450559103e-01 3.345412826538086692e-01
3.906632995605469283e+00 -9.463664531707738359e-02 3.335810089111328480e-01
3.912677993774414276e+00 -8.547306537628149292e-02 3.327989578247070312e-01
3.918193588256836613e+00 -7.586781978607154420e-02 3.323128509521485752e-01
3.923057174682617720e+00 -6.579882144927953758e-02 3.323178100585938433e-01
3.927529678344726882e+00 -5.500895023345923202e-02 3.326575088500977051e-01
3.931600875854492472e+00 -4.355214595794653504e-02 3.332575225830078924e-01
3.935084152221680398e+00 -3.179058551788307291e-02 3.339155960083007857e-01
3.938293762207031534e+00 -2.004663944244360757e-02 3.344552612304688699e-01
3.941470718383789595e+00 -8.514914512634037813e-03 3.347415924072265625e-01
3.944708099365234588e+00 2.743115425110104200e-03 3.348487472534179554e-01
3.948014373779297426e+00 1.383760929107689941e-02 3.345292282104492809e-01
3.951271972656250409e+00 2.480123996734643482e-02 3.336724472045897727e-01
3.954485702514649148e+00 3.565212726593042225e-02 3.324644088745117854e-01
3.957631683349609908e+00 4.646051883697534246e-02 3.310272979736328391e-01
3.960744628906250675e+00 5.727221965789819347e-02 3.295406723022461515e-01
3.963883209228516336e+00 6.802770137786889881e-02 3.281887435913086737e-01
3.967101058959961346e+00 7.870289325714135975e-02 3.271307754516602495e-01
3.970445327758789666e+00 8.932353496551538596e-02 3.264892578125000444e-01
3.973940734863281588e+00 1.000544691085817894e-01 3.263424682617188655e-01
3.977555160522461275e+00 1.109647226333620729e-01 3.267008209228516868e-01
3.981171417236328836e+00 1.221651887893679261e-01 3.273132705688477362e-01
3.984850234985351847e+00 1.337327146530153943e-01 3.278767776489258656e-01
3.988618850708008257e+00 1.457115221023561891e-01 3.283072280883789773e-01
3.992732849121094052e+00 1.580719137191775037e-01 3.285565948486328658e-01
3.997181930541992667e+00 1.708975076675417482e-01 3.286281204223633345e-01
4.001955184936523580e+00 1.842332410812380639e-01 3.284880447387695801e-01
4.006881103515625320e+00 1.980874872207644133e-01 3.282190704345703258e-01
4.011747360229492188e+00 2.124505472183230159e-01 3.279054641723633257e-01
4.016278152465821094e+00 2.266873407363894088e-01 3.275460052490234419e-01
4.020478744506836399e+00 2.405876779556276879e-01 3.270504760742188877e-01
4.024616775512695810e+00 2.539131784439088713e-01 3.265050888061523660e-01
4.028555755615235157e+00 2.665786790847780585e-01 3.262936019897461071e-01
4.032265777587890732e+00 2.785991525650026723e-01 3.264890670776368076e-01
4.035493469238281783e+00 2.897263956069948687e-01 3.273535537719727273e-01
4.038460617065430469e+00 2.999076128005984110e-01 3.286327743530274015e-01
4.041492462158203125e+00 3.091377878189088824e-01 3.297722244262695224e-01
4.044806365966797657e+00 3.173553323745729737e-01 3.304354858398438344e-01
4.048236541748047479e+00 3.246573305130007192e-01 3.308212280273438166e-01
4.051647796630859943e+00 3.314116907119753486e-01 3.311151123046874867e-01
4.054936904907227024e+00 3.378948450088503641e-01 3.313660049438477140e-01
4.058146667480468928e+00 3.441026926040652301e-01 3.316823577880859686e-01
4.061791152954102202e+00 3.500734567642214135e-01 3.319913482666017046e-01
4.065289840698242507e+00 3.560954523086550250e-01 3.324770736694336870e-01
4.068823928833007919e+00 3.622498178482058129e-01 3.330873107910156117e-01
4.072474670410156428e+00 3.686513757705690564e-01 3.339052200317382812e-01
4.076180572509765732e+00 3.753465127944948798e-01 3.349900054931641558e-01
4.080042266845703480e+00 3.823757410049440919e-01 3.363539886474610219e-01
4.084119415283203658e+00 3.898600625991824331e-01 3.376661300659180576e-01
4.088449554443359446e+00 3.977657938003542060e-01 3.388140106201171786e-01
4.092975463867187358e+00 4.059729242324831566e-01 3.398818588256836692e-01
4.097756347656250853e+00 4.144528436660768755e-01 3.408234024047852584e-01
4.103016967773437607e+00 4.232575845718385965e-01 3.415893554687500222e-01
4.108762207031250391e+00 4.324342966079714468e-01 3.421844863891602140e-01
4.115047454833984375e+00 4.418852472305300205e-01 3.425383377075196245e-01
4.121989135742187393e+00 4.515815210342409292e-01 3.427367401123047053e-01
4.129549484252930114e+00 4.614078378677370917e-01 3.429384613037108620e-01
4.137788391113281783e+00 4.713357400894167548e-01 3.431094360351563122e-01
4.146883773803711648e+00 4.812182092666628108e-01 3.431648635864258390e-01
4.156516265869140803e+00 4.905990457534792903e-01 3.431356048583984464e-01
4.166442337036133203e+00 4.990123987197878086e-01 3.430556106567382857e-01
4.176302108764648580e+00 5.062514734268190875e-01 3.428406906127929865e-01
4.185923843383789311e+00 5.123158121109011587e-01 3.426613616943360308e-01
4.195412063598633168e+00 5.170828104019167260e-01 3.426194381713867365e-01
4.204839782714843821e+00 5.206619501113893822e-01 3.428110122680664285e-01
4.214166793823242330e+00 5.234406518936161046e-01 3.431470489501953214e-01
4.223409652709960938e+00 5.258312082290651501e-01 3.435422134399414018e-01
4.232567291259766051e+00 5.279927682876589534e-01 3.439559936523437500e-01
4.241466445922851491e+00 5.301907968521121228e-01 3.443837738037108798e-01
4.250119552612305007e+00 5.326431894302371406e-01 3.449026107788086826e-01
4.258663482666015909e+00 5.352172708511354626e-01 3.454879760742188832e-01
4.267186508178711257e+00 5.377318429946902345e-01 3.463785171508789729e-01
4.275699996948242543e+00 5.401568460464479804e-01 3.471586990356445579e-01
4.284269104003906925e+00 5.424939584732058062e-01 3.478060531616211648e-01
4.292912597656250107e+00 5.446694803237918103e-01 3.482418823242188211e-01
4.301577072143555114e+00 5.467849969863893822e-01 3.485456466674805576e-01
4.310472488403320312e+00 5.489026498794558062e-01 3.483413314819335804e-01
4.319790420532227060e+00 5.508699655532839357e-01 3.472987747192383123e-01
4.329434967041016158e+00 5.526975107192996228e-01 3.456205749511719327e-01
4.339473342895508345e+00 5.546393442153932929e-01 3.435828399658203969e-01
4.349891510009766371e+00 5.568547677993777034e-01 3.413560485839843839e-01
4.360596237182617685e+00 5.593873834609988105e-01 3.393017959594727406e-01
4.371380462646484943e+00 5.621493768692018556e-01 3.374090194702149548e-01
4.381913909912110050e+00 5.651817178726198376e-01 3.357727432250976474e-01
4.392173461914063104e+00 5.681727838516237306e-01 3.342395782470704013e-01
4.402193756103516264e+00 5.709092569351198465e-01 3.327300262451172719e-01
4.411965827941894958e+00 5.732998895645143866e-01 3.314593887329101429e-01
4.421394805908203551e+00 5.751581048965457299e-01 3.305363464355469683e-01
4.430562362670898757e+00 5.760821771621706944e-01 3.300089645385743120e-01
4.439505424499512465e+00 5.763648080825808373e-01 3.298945236206055620e-01
4.448333206176758203e+00 5.761849069595339490e-01 3.300716781616210849e-01
4.456957015991211080e+00 5.753354120254519088e-01 3.303867721557617321e-01
4.465161972045899041e+00 5.739768838882448598e-01 3.309921646118164640e-01
4.473384513854981037e+00 5.724069833755497383e-01 3.317985916137695668e-01
4.481583976745605824e+00 5.705922174453738061e-01 3.327522277832031250e-01
4.489817695617675852e+00 5.686191034317019666e-01 3.339919662475586692e-01
4.498205947875977273e+00 5.664203882217410113e-01 3.354122924804688877e-01
4.506811981201172657e+00 5.639053201675416904e-01 3.367407989501953747e-01
4.515673866271972869e+00 5.613052225112918903e-01 3.379121017456054865e-01
4.524810867309570384e+00 5.587197351455691630e-01 3.391582489013672541e-01
4.534269638061523722e+00 5.560499048233036312e-01 3.404962158203125311e-01
4.544086914062500426e+00 5.532996225357058595e-01 3.418788909912109375e-01
4.554402999877930291e+00 5.503512811660770110e-01 3.431554412841797408e-01
4.565063629150390767e+00 5.470037317276004174e-01 3.441069412231445579e-01
4.575841255187988565e+00 5.430615854263308728e-01 3.445275878906249867e-01
4.586359405517578480e+00 5.385116815567020376e-01 3.444477462768554821e-01
4.596427497863770029e+00 5.333894586563113771e-01 3.439685821533203791e-01
4.605752143859863423e+00 5.279455804824831899e-01 3.432757186889647816e-01
4.614375686645508345e+00 5.222488260269168014e-01 3.426681900024414196e-01
4.622260932922364063e+00 5.163595438003543148e-01 3.423492813110352584e-01
4.629502868652344283e+00 5.103298807144168725e-01 3.423012161254883612e-01
4.636065216064453764e+00 5.042217493057253863e-01 3.422388839721680620e-01
4.641937026977539738e+00 4.980669641494753774e-01 3.419205856323243031e-01
4.647481002807617223e+00 4.919841623306277500e-01 3.414757156372070224e-01
4.652933235168457138e+00 4.860988092422488527e-01 3.409983825683594594e-01
4.658546180725098296e+00 4.802936792373661001e-01 3.405662155151367720e-01
4.664180908203125142e+00 4.746246957778933462e-01 3.403361892700195179e-01
4.669884605407715661e+00 4.690796518325808795e-01 3.403647613525391247e-01
4.675588531494141442e+00 4.636949777603152634e-01 3.406447219848632857e-01
4.681328506469727202e+00 4.582940912246706855e-01 3.410921096801757812e-01
4.687055816650390838e+00 4.527997446060183506e-01 3.416958999633789018e-01
4.692661399841308700e+00 4.470662164688113394e-01 3.423713302612304554e-01
4.697840919494629119e+00 4.407832956314090000e-01 3.429892349243164329e-01
4.702535400390625675e+00 4.340641641616824753e-01 3.435210800170898082e-01
4.706557350158691477e+00 4.270413064956668503e-01 3.440068435668945934e-01
4.709912414550781357e+00 4.199626016616824775e-01 3.444452667236328480e-01
4.712550010681153090e+00 4.127158594131472569e-01 3.448279190063476829e-01
4.714478111267090377e+00 4.053259134292605537e-01 3.450974655151367587e-01
4.716081199645996591e+00 3.977746057510379019e-01 3.454579544067383212e-01
4.717436866760253977e+00 3.899403238296511587e-01 3.458510971069336248e-01
4.718620605468750284e+00 3.816800928115847702e-01 3.461848068237305398e-01
4.719712753295898899e+00 3.730208826065065653e-01 3.464447402954101696e-01
4.720567855834961080e+00 3.639614343643191030e-01 3.466902923583984331e-01
4.721088218688965554e+00 3.544220209121706766e-01 3.468076705932617854e-01
4.721501884460449716e+00 3.441979074478152545e-01 3.466455078125000311e-01
4.721797218322754119e+00 3.333302736282351408e-01 3.463457107543945757e-01
4.721843032836914311e+00 3.220007371902468551e-01 3.459578704833984331e-01
4.721846237182617756e+00 3.106201982498171810e-01 3.456707382202149903e-01
4.721775283813476776e+00 2.994579553604128641e-01 3.454681015014647860e-01
4.721604003906250568e+00 2.886433649063113172e-01 3.453596115112305132e-01
4.721295204162598402e+00 2.783687067031863083e-01 3.453734588623047497e-01
4.720885925292969354e+00 2.686382150650027389e-01 3.455179595947266424e-01
4.720387001037598118e+00 2.593959665298464223e-01 3.457947540283203836e-01
4.719830245971680327e+00 2.505155611038210606e-01 3.461637878417969105e-01
4.719183197021484588e+00 2.418730592727663942e-01 3.465911102294921831e-01
4.718618164062500675e+00 2.335821008682253952e-01 3.470829391479492987e-01
4.718369216918945952e+00 2.257600641250613327e-01 3.476035308837891469e-01
4.718420982360839844e+00 2.182783746719363649e-01 3.479550933837890492e-01
4.718782653808593963e+00 2.110203504562381260e-01 3.481952667236328791e-01
4.719595832824707848e+00 2.039592790603640682e-01 3.483074569702149237e-01
4.720978622436524219e+00 1.970462846755984543e-01 3.483421325683594416e-01
4.723048515319824503e+00 1.902701234817507914e-01 3.483728027343749867e-01
4.725777435302735086e+00 1.836224508285525525e-01 3.484753036499024237e-01
4.729115715026855682e+00 1.770275831222536955e-01 3.486087799072266069e-01
4.733136157989502379e+00 1.704327917099001943e-01 3.489490509033204013e-01
4.737884407043457813e+00 1.637322759628298818e-01 3.495206451416016380e-01
4.743338088989258239e+00 1.568775320053103495e-01 3.502690887451171964e-01
4.749138774871826563e+00 1.497915410995486474e-01 3.511793518066406161e-01
4.755137653350830718e+00 1.423704385757449398e-01 3.522840499877930576e-01
4.761341686248779403e+00 1.345121526718142668e-01 3.535425567626953036e-01
4.767895412445068537e+00 1.260382413864138684e-01 3.548047256469727406e-01
4.774714641571045526e+00 1.169389295578005805e-01 3.559215545654297319e-01
4.781790962219238494e+00 1.075393819808962981e-01 3.567180252075196067e-01
4.789047603607178516e+00 9.814508914947539520e-02 3.570842361450196067e-01
4.796488647460938282e+00 8.882029056549102519e-02 3.568581008911133612e-01
4.804264984130860228e+00 7.962618350982696158e-02 3.558034515380860130e-01
4.812310485839843999e+00 7.057048320770294147e-02 3.546103668212891025e-01
4.820493812561035263e+00 6.162618160247832627e-02 3.537034606933594505e-01
4.828820514678955789e+00 5.276680469512969734e-02 3.530219268798828747e-01
4.837220191955566406e+00 4.404191493988067474e-02 3.525477600097656206e-01
4.845662040710450036e+00 3.547524929046660946e-02 3.523133087158203391e-01
4.854219493865967294e+00 2.707583904266387675e-02 3.522928237915039507e-01
4.862782478332519531e+00 1.870775699615508797e-02 3.524256515502930398e-01
4.871271877288818608e+00 1.031887054443389462e-02 3.526920318603516957e-01
4.879504642486573118e+00 1.830840110779115293e-03 3.530667877197265492e-01
4.887344970703125568e+00 -6.812324523925473996e-03 3.535982131958008701e-01
4.894934024810791762e+00 -1.570175170898407274e-02 3.543210601806641158e-01
4.902373733520508203e+00 -2.482525348663298242e-02 3.551172256469727895e-01
4.909719629287720544e+00 -3.412538051605191330e-02 3.558936309814453303e-01
4.917160606384277877e+00 -4.356215953826871740e-02 3.567414855957031783e-01
4.924659833908081374e+00 -5.317824840545624238e-02 3.575281524658203702e-01
4.932468347549439081e+00 -6.312123775482147980e-02 3.581844711303711071e-01
4.940564661026001225e+00 -7.343506336212127228e-02 3.585387039184571023e-01
4.948933763504029137e+00 -8.416005611419646870e-02 3.584785461425781250e-01
4.957496862411499450e+00 -9.516774654388396315e-02 3.579719543457031694e-01
4.966321487426758274e+00 -1.061164808273312166e-01 3.568674850463867676e-01
4.975501480102539453e+00 -1.168329000473019297e-01 3.554058456420897683e-01
4.985121746063232884e+00 -1.269206762313839498e-01 3.536427307128906516e-01
4.995213260650634979e+00 -1.362068319320675625e-01 3.519464874267578258e-01
5.005804157257080611e+00 -1.446386098861691116e-01 3.510101318359375444e-01
5.016965370178223083e+00 -1.520885229110714720e-01 3.504894256591797319e-01
5.028624572753906286e+00 -1.587963247299191138e-01 3.505540847778321201e-01
5.040820283889771325e+00 -1.650232076644894408e-01 3.511212158203125266e-01
5.053216381072998864e+00 -1.707245206832883055e-01 3.520317459106445668e-01
5.065809850692749805e+00 -1.758898687362668023e-01 3.532779312133789151e-01
5.078036031723023314e+00 -1.803839635848995815e-01 3.548278808593750000e-01
5.089832382202148509e+00 -1.841497564315792701e-01 3.565056228637695224e-01
5.101056528091430842e+00 -1.872145795822139913e-01 3.583882904052734242e-01
5.111633672714233967e+00 -1.895365858078000010e-01 3.603303146362305531e-01
5.121508378982544407e+00 -1.908192586898800613e-01 3.621633148193360574e-01
5.130753364562989027e+00 -1.910922956466671596e-01 3.636934661865234286e-01
5.139550476074218999e+00 -1.908371686935421419e-01 3.648618316650391602e-01
5.147928400039673669e+00 -1.900418615341183115e-01 3.655995941162109020e-01
5.156159420013428196e+00 -1.889453268051144164e-01 3.659428405761718794e-01
5.164290285110474166e+00 -1.873296308517452824e-01 3.659354782104492498e-01
5.172222385406494816e+00 -1.852299070358273125e-01 3.654718399047852673e-01
5.179660205841065235e+00 -1.829422712326046752e-01 3.644388961791992232e-01
5.186185388565063725e+00 -1.802324628829952979e-01 3.627859115600586826e-01
5.191522731781006428e+00 -1.772802686691281049e-01 3.605548477172852984e-01
5.196048145294190235e+00 -1.745858335494991920e-01 3.579597091674805442e-01
5.200204658508301492e+00 -1.720884656906124799e-01 3.552170181274414418e-01
5.204494752883911168e+00 -1.695773649215694956e-01 3.524696731567382724e-01
5.209300880432129688e+00 -1.667911481857296263e-01 3.497172927856445623e-01
5.214582424163818786e+00 -1.633721303939816294e-01 3.474635696411133567e-01
5.220401306152344212e+00 -1.589058065414425680e-01 3.456253814697266558e-01
5.226472415924072301e+00 -1.532659864425655882e-01 3.441883468627929821e-01
5.232549819946289205e+00 -1.471785306930539217e-01 3.432719421386719594e-01
5.238550186157227451e+00 -1.406591939926144230e-01 3.429711532592772949e-01
5.244383869171143076e+00 -1.336708021163937332e-01 3.430981063842772905e-01
5.249671287536621378e+00 -1.261871862411495793e-01 3.434170913696289462e-01
5.254460182189942152e+00 -1.182385015487667779e-01 3.436243438720703036e-01
5.259036865234375746e+00 -1.099963712692257622e-01 3.434872817993164240e-01
5.263541126251221058e+00 -1.017296934127804309e-01 3.432850646972657183e-01
5.268320770263672514e+00 -9.357691287994349127e-02 3.430475616455078702e-01
5.273641510009766442e+00 -8.557323932647670217e-02 3.423908996582031294e-01
5.279587707519532103e+00 -7.784055233001674345e-02 3.411326599121093928e-01
5.286090164184570561e+00 -7.030518054962126007e-02 3.384153747558593661e-01
5.293050689697266442e+00 -6.277087688446011948e-02 3.349365234375000222e-01
5.300217666625977486e+00 -5.512407779693571236e-02 3.316228485107421964e-01
5.307979907989502699e+00 -4.716316699981656230e-02 3.287623596191406872e-01
5.316033210754395277e+00 -3.910925388336148473e-02 3.264282608032227362e-01
5.323938922882080149e+00 -3.081939220428433351e-02 3.248147583007813255e-01
5.331498050689697621e+00 -2.194682598113980448e-02 3.241364288330078613e-01
5.338336200714111968e+00 -1.222510814666715601e-02 3.246647644042969238e-01
5.344432029724121236e+00 -1.691641807555828436e-03 3.258307647705078747e-01
5.349967746734619389e+00 9.570822715759610966e-03 3.277505111694336559e-01
5.355186500549316442e+00 2.119473934173617125e-02 3.296415710449218661e-01
5.360161476135254510e+00 3.307700634002718604e-02 3.314532470703125400e-01
5.364896240234375391e+00 4.520737171173129509e-02 3.334961318969728028e-01
5.369587402343750426e+00 5.769649982452425968e-02 3.349462890625000133e-01
5.374321403503418360e+00 7.054403781890902780e-02 3.357432556152344372e-01
5.379151191711426527e+00 8.367218494415316898e-02 3.360626220703125666e-01
5.384051208496094532e+00 9.711445331573520523e-02 3.361542892456055309e-01
5.389031105041504510e+00 1.108071660995486735e-01 3.359592437744141069e-01
5.394003601074219389e+00 1.246396303176883213e-01 3.355241775512696201e-01
5.398836212158203196e+00 1.384981679916385267e-01 3.346403121948242632e-01
5.403441848754883203e+00 1.521842050552371373e-01 3.335133743286132768e-01
5.407848739624023793e+00 1.656416940689090234e-01 3.323121643066406783e-01
5.412037162780761967e+00 1.789270639419558995e-01 3.311732101440429954e-01
5.415983314514160263e+00 1.919973516464236751e-01 3.302883148193360707e-01
5.419705734252930007e+00 2.049852609634402745e-01 3.296642303466796875e-01
5.423371315002441406e+00 2.181742906570437734e-01 3.291481399536133612e-01
5.426844100952148864e+00 2.317939043045047498e-01 3.287267303466797630e-01
5.430150947570801634e+00 2.459422540664676360e-01 3.285765075683594327e-01
5.433375663757324503e+00 2.606605386734012209e-01 3.284723663330078036e-01
5.436591758728027912e+00 2.756616067886356047e-01 3.283735275268555576e-01
5.440545387268066690e+00 2.903520822525028078e-01 3.282834625244140936e-01
5.444208374023437713e+00 3.048104906082156895e-01 3.284220886230468928e-01
5.447950668334961222e+00 3.190237283706668925e-01 3.286569595336914507e-01
5.451810379028320774e+00 3.330243730545047187e-01 3.289714813232422763e-01
5.455949783325195312e+00 3.467511224746707699e-01 3.294142150878907049e-01
5.460477409362793466e+00 3.602386140823367056e-01 3.299407577514648082e-01
5.465490417480468821e+00 3.735197305679324731e-01 3.305574035644531783e-01
5.471001777648925923e+00 3.867364358901980714e-01 3.312948226928711382e-01
5.476897163391114098e+00 4.000419855117801071e-01 3.321435165405274281e-01
5.483055191040039134e+00 4.136413431167605403e-01 3.329007720947265714e-01
5.489439620971680256e+00 4.277689218521121273e-01 3.331208038330079058e-01
5.496063728332519993e+00 4.425865793228152545e-01 3.328149414062500089e-01
5.503040542602539276e+00 4.578362131118777212e-01 3.322640991210937811e-01
5.510499610900879475e+00 4.732967615127566252e-01 3.313777160644532094e-01
5.518510284423828516e+00 4.887691736221316252e-01 3.300472259521485263e-01
5.527105293273926634e+00 5.039501810073855337e-01 3.283419418334961870e-01
5.536271934509278125e+00 5.184072732925417704e-01 3.266726684570312456e-01
5.545709686279296946e+00 5.320954751968387519e-01 3.252893066406250533e-01
5.555538635253906676e+00 5.448518610000613327e-01 3.242139434814453880e-01
5.565799407958984979e+00 5.567284250259402212e-01 3.235755157470703303e-01
5.576403503417969532e+00 5.678702020645144399e-01 3.233185577392578836e-01
5.587124366760254368e+00 5.780964136123660779e-01 3.233317184448242232e-01
5.597907600402832529e+00 5.874917459487918325e-01 3.235428237915038974e-01
5.608631477355957351e+00 5.960796213150026945e-01 3.240425491333007724e-01
5.619293823242188068e+00 6.038195657730105470e-01 3.248563003540039240e-01
5.629794502258301137e+00 6.109418344497684616e-01 3.260568237304688477e-01
5.640057754516601740e+00 6.174002313613895510e-01 3.276335525512695801e-01
5.650182685852051634e+00 6.232270669937137741e-01 3.294093322753907094e-01
5.660475883483886861e+00 6.284705209732059927e-01 3.311522674560547497e-01
5.671048316955566548e+00 6.331336832046512431e-01 3.326939010620117987e-01
5.681859436035156641e+00 6.374626398086551404e-01 3.340756607055664906e-01
5.692939529418945988e+00 6.414556360244755284e-01 3.350824737548828702e-01
5.704254379272461151e+00 6.451277017593387564e-01 3.357399368286133612e-01
5.715825195312500107e+00 6.483926630020145909e-01 3.362182998657227140e-01
5.727713470458985157e+00 6.511881875991826218e-01 3.366314697265625488e-01
5.740058135986328303e+00 6.536393976211551937e-01 3.368808364868164373e-01
5.752639617919922621e+00 6.559452295303348501e-01 3.370121383666992987e-01
5.765143737792969070e+00 6.583044290542606758e-01 3.370363616943360396e-01
5.777477188110352380e+00 6.605928277969363993e-01 3.368996047973633612e-01
5.789513702392578232e+00 6.626576471328738949e-01 3.365740585327149370e-01
5.801200256347656570e+00 6.645199441909794835e-01 3.359550094604492054e-01
5.812524108886718999e+00 6.664819955825809217e-01 3.348728561401367321e-01
5.823587875366211364e+00 6.686916589736942029e-01 3.333258819580078303e-01
5.834517364501953907e+00 6.713157129287723457e-01 3.314846420288086737e-01
5.845374526977539453e+00 6.743453836441043459e-01 3.294214248657226785e-01
5.856180191040039062e+00 6.777221155166629485e-01 3.273974227905274148e-01
5.867409973144531499e+00 6.812126016616826263e-01 3.255131530761719016e-01
5.879186782836914205e+00 6.844690561294559661e-01 3.239857864379883656e-01
5.891444015502930398e+00 6.870602655410770199e-01 3.229482269287109464e-01
5.904074935913086186e+00 6.890020227432255284e-01 3.219939804077149859e-01
5.917025146484375497e+00 6.897767877578738771e-01 3.210046768188477007e-01
5.929717178344726669e+00 6.895350122451785468e-01 3.205774688720703924e-01
5.942781677246093963e+00 6.886863565444950597e-01 3.207623672485352406e-01
5.956103515625000178e+00 6.868048715591434927e-01 3.215558624267578214e-01
5.969676437377930078e+00 6.838838434219364215e-01 3.226161575317383345e-01
5.983582229614258452e+00 6.801254510879520820e-01 3.237796401977539595e-01
5.997875213623047763e+00 6.756718683242801671e-01 3.250973892211914684e-01
6.012531127929687358e+00 6.705957269668583187e-01 3.263803100585938033e-01
6.027435073852539738e+00 6.648936319351199664e-01 3.274836349487305620e-01
6.042798385620117507e+00 6.585481882095340911e-01 3.283012008666992276e-01
6.058474349975586648e+00 6.517251062393192296e-01 3.285775375366211115e-01
6.074596633911133026e+00 6.444762659072880151e-01 3.281552505493164906e-01
6.091100387573242791e+00 6.367717981338504307e-01 3.268284606933594683e-01
6.107949066162110086e+00 6.286532449722292970e-01 3.247675704956055620e-01
6.124804992675781712e+00 6.202610254287723723e-01 3.222264480590820712e-01
6.140994796752930363e+00 6.116119241714481625e-01 3.192297744750977051e-01
6.156154861450195526e+00 6.026462793350223501e-01 3.157604980468750044e-01
6.170213241577148899e+00 5.934806299209598457e-01 3.120881271362304643e-01
6.183130722045898864e+00 5.839855051040653278e-01 3.085609054565430220e-01
6.195041275024414595e+00 5.742668771743778544e-01 3.056269073486328480e-01
6.206084594726562820e+00 5.644859933853153544e-01 3.034690856933593972e-01
6.216274871826172443e+00 5.546584558486942207e-01 3.021646881103516868e-01
6.225541076660157103e+00 5.446160745620731714e-01 3.018774414062500577e-01
6.233956985473633416e+00 5.343085718154910735e-01 3.025803756713867365e-01
6.241718368530273509e+00 5.238140726089481891e-01 3.040218734741211293e-01
6.249048538208008097e+00 5.132081079483037378e-01 3.060026168823242188e-01
6.255972442626953622e+00 5.025530481338504885e-01 3.082602691650391247e-01
6.262543106079101918e+00 4.917742013931278300e-01 3.108163070678711115e-01
6.268711929321289844e+00 4.808209085464481003e-01 3.134706497192383257e-01
6.274406585693359517e+00 4.696105051040653233e-01 3.159280776977539951e-01
6.280034332275390874e+00 4.580887460708621961e-01 3.180848312377929643e-01
6.285617752075196130e+00 4.462097024917606181e-01 3.198081207275391691e-01
6.291206054687500604e+00 4.339364480972293103e-01 3.211884307861329058e-01
6.296819381713867791e+00 4.211643075942996806e-01 3.222621154785156872e-01
6.302605972290039382e+00 4.081937265396121672e-01 3.230514144897461692e-01
6.308849487304687642e+00 3.951880884170536068e-01 3.235401535034180265e-01
6.315473861694336222e+00 3.823302316665653233e-01 3.235659408569336870e-01
6.322434310913086719e+00 3.696613550186161334e-01 3.233117294311523837e-01
6.329509124755859695e+00 3.571012926101688190e-01 3.225436401367188788e-01
6.336508331298828622e+00 3.445356225967410868e-01 3.214969253540039817e-01
6.343229064941406925e+00 3.321109247207645332e-01 3.201613998413086470e-01
6.349532928466797621e+00 3.200014352798465356e-01 3.186289215087890758e-01
6.355262756347656250e+00 3.082268762588505351e-01 3.171986770629883212e-01
6.360358123779297657e+00 2.967751741409305755e-01 3.161248016357421919e-01
6.364779663085937678e+00 2.856147241592411068e-01 3.155873489379883434e-01
6.368831329345703729e+00 2.748006677627566896e-01 3.154867553710938299e-01
6.372492523193360014e+00 2.640007066726688389e-01 3.157625961303711648e-01
6.375765075683593963e+00 2.529437112808231580e-01 3.163903427124024059e-01
6.378097534179687500e+00 2.415929460525516603e-01 3.171529388427735130e-01
6.380158691406250249e+00 2.303277826309207965e-01 3.181772613525392090e-01
6.381956176757812571e+00 2.189386606216434661e-01 3.193202972412109153e-01
6.383504638671875675e+00 2.074550676345829348e-01 3.207772445678711559e-01
6.384832763671875355e+00 1.957927370071415318e-01 3.220755386352539551e-01
6.385956726074219603e+00 1.837807226181034370e-01 3.229101943969727717e-01
6.386932220458985121e+00 1.712912893295292227e-01 3.235774993896485263e-01
6.387780456542968999e+00 1.583313131332401424e-01 3.240758132934570268e-01
6.388495025634766122e+00 1.448600149154667116e-01 3.244287109375000311e-01
6.389166564941406889e+00 1.307785367965702272e-01 3.246582794189453169e-01
6.389978027343750533e+00 1.158357667922977619e-01 3.248297119140625133e-01
6.390836639404296804e+00 1.001002168655399371e-01 3.249047088623047141e-01
6.391667327880860228e+00 8.378630161285441358e-02 3.249549865722656250e-01
6.392667999267578338e+00 6.694074153900185509e-02 3.249351882934570224e-01
6.393533630371093679e+00 4.974383831024209446e-02 3.246912002563476785e-01
6.394011840820312820e+00 3.288526058197061008e-02 3.245039367675781605e-01
6.394074401855469603e+00 1.631337642669716814e-02 3.241247558593750577e-01
6.393756561279297479e+00 1.839590072635760576e-04 3.234546279907226651e-01
6.393032226562500142e+00 -1.527127742767294544e-02 3.226758956909180354e-01
6.391795043945313282e+00 -3.001011371612507389e-02 3.218815612792969016e-01
6.389903106689454049e+00 -4.413501262664754760e-02 3.209100723266602451e-01
6.387391510009766016e+00 -5.772507190704306151e-02 3.198889160156250799e-01
6.384132995605469318e+00 -7.079305171966512877e-02 3.188425064086914951e-01
6.380021820068360050e+00 -8.329155445098837540e-02 3.178000259399414995e-01
6.375195922851562891e+00 -9.527893543243368124e-02 3.168824768066406117e-01
6.369875946044922799e+00 -1.068005895614620171e-01 3.162874984741211870e-01
6.364291076660157032e+00 -1.180517721176143620e-01 3.161972427368164862e-01
6.358369750976562429e+00 -1.289326047897335070e-01 3.168285369873047319e-01
6.352180328369141371e+00 -1.397131490707393675e-01 3.180724716186523748e-01
6.345708160400390874e+00 -1.504796361923213810e-01 3.197288131713867942e-01
6.338937835693359446e+00 -1.613034963607784256e-01 3.215314102172852628e-01
6.331896514892578764e+00 -1.722036123275753061e-01 3.232988739013672452e-01
6.324585647583008452e+00 -1.832856893539424881e-01 3.249041748046875844e-01
6.316934127807617649e+00 -1.946642827987667135e-01 3.261846160888671742e-01
6.308964080810547159e+00 -2.064227819442745193e-01 3.271200561523437411e-01
6.300642089843750071e+00 -2.186954450607295486e-01 3.277467346191406117e-01
6.291901779174804865e+00 -2.312854528427120415e-01 3.280144882202149503e-01
6.283254089355469141e+00 -2.443877935409542179e-01 3.278432464599609908e-01
6.274904632568359730e+00 -2.580369901657100784e-01 3.272350311279297319e-01
6.266802139282226847e+00 -2.719587850570674981e-01 3.264144515991210804e-01
6.258996276855468999e+00 -2.859988927841182749e-01 3.254708862304688255e-01
6.251438827514649077e+00 -3.000861120223995426e-01 3.242996978759765669e-01
6.244100189208984908e+00 -3.137839269638058037e-01 3.228034973144531250e-01
6.236982421875000071e+00 -3.272404623031612836e-01 3.210266494750977362e-01
6.230144195556641229e+00 -3.403471136093136340e-01 3.191585922241211293e-01
6.223719024658203480e+00 -3.529384756088253527e-01 3.174167633056641513e-01
6.217741012573242188e+00 -3.650779104232784733e-01 3.159640884399413929e-01
6.211800155639648935e+00 -3.765504598617550047e-01 3.149290466308594105e-01
6.205927963256836932e+00 -3.875397253036495515e-01 3.145823669433593928e-01
6.200062866210937607e+00 -3.978085088729854668e-01 3.147510528564453347e-01
6.194187393188476776e+00 -4.075808477401730023e-01 3.153683471679689099e-01
6.188092269897461861e+00 -4.170375585556026499e-01 3.161764144897460938e-01
6.181647109985352273e+00 -4.258215475082394175e-01 3.171330261230469461e-01
6.175128097534180682e+00 -4.345715475082393975e-01 3.182949447631836515e-01
6.168313369750976882e+00 -4.432576513290401587e-01 3.195171356201171875e-01
6.161229782104492791e+00 -4.518657064437863191e-01 3.207397460937500000e-01
6.153835754394531676e+00 -4.604504156112667612e-01 3.218898773193360485e-01
6.146098022460938282e+00 -4.691552877426143908e-01 3.228847122192383123e-01
6.138011779785156996e+00 -4.780235815048213821e-01 3.236846160888672275e-01
6.129493560791016371e+00 -4.869723272323605023e-01 3.243665695190429688e-01
6.120427017211914844e+00 -4.960582494735714665e-01 3.249326705932618076e-01
6.110755538940430220e+00 -5.053299093246456097e-01 3.252965164184570268e-01
6.100552749633789240e+00 -5.147507238388058237e-01 3.254806518554688166e-01
6.089882354736328551e+00 -5.243169546127315339e-01 3.255466842651367765e-01
6.078834609985351634e+00 -5.339904546737667124e-01 3.254571151733398615e-01
6.067441635131836541e+00 -5.438763570785518642e-01 3.252119445800781827e-01
6.055703964233399184e+00 -5.536342382431026499e-01 3.247954559326172719e-01
6.043868942260743005e+00 -5.629814672470089265e-01 3.242051696777343839e-01
6.032342987060547834e+00 -5.716634130477902254e-01 3.233958816528320623e-01
6.021459197998047408e+00 -5.795673513412472611e-01 3.222750091552735174e-01
6.011156692504883381e+00 -5.866317129135129038e-01 3.208515930175781516e-01
6.001314926147461648e+00 -5.926236104965206808e-01 3.192890548706055487e-01
5.991777954101562997e+00 -5.975110006332394752e-01 3.180292510986328924e-01
5.982426528930664844e+00 -6.014086294174191272e-01 3.169537353515625711e-01
5.973303985595703303e+00 -6.047042226791379260e-01 3.160713195800781694e-01
5.964400482177734553e+00 -6.075607442855832652e-01 3.154209899902343794e-01
5.955520706176757884e+00 -6.101080465316769397e-01 3.150426483154297186e-01
5.946728973388672124e+00 -6.123375844955442071e-01 3.150476455688476785e-01
5.938059997558593928e+00 -6.142058706283566316e-01 3.155610275268555531e-01
5.929608001708984943e+00 -6.156161642074582385e-01 3.165058898925782183e-01
5.921422042846680611e+00 -6.164801168441769175e-01 3.177869796752930132e-01
5.913510131835938211e+00 -6.167951345443722921e-01 3.191703796386718972e-01
5.905812072753906961e+00 -6.166904592514035333e-01 3.204804992675781561e-01
5.898116226196289169e+00 -6.159224081039426091e-01 3.216377639770507946e-01
5.890402908325195419e+00 -6.146175527572629305e-01 3.225910186767578791e-01
5.882633285522461009e+00 -6.129213094711301046e-01 3.233525466918946156e-01
5.874832229614257884e+00 -6.108700704574582252e-01 3.239473724365233842e-01
5.867081298828125568e+00 -6.084089803695675869e-01 3.243334960937500622e-01
5.859453506469726847e+00 -6.058200216293332385e-01 3.245443725585938077e-01
5.852017593383789240e+00 -6.034578084945675380e-01 3.245401382446289062e-01
5.844811553955078232e+00 -6.015009450912472966e-01 3.245158386230468928e-01
5.837868881225586115e+00 -5.998637533187863857e-01 3.246232986450195979e-01
5.831363296508789595e+00 -5.986898183822628727e-01 3.248358154296875355e-01
5.824994583129883274e+00 -5.978675222396847566e-01 3.250108337402344283e-01
5.818744201660156712e+00 -5.973098897933957208e-01 3.251143646240234331e-01
5.812477188110351634e+00 -5.972168874740597655e-01 3.251026535034180487e-01
5.806111297607422728e+00 -5.972960805892941760e-01 3.248643875122070312e-01
5.799380340576172799e+00 -5.974900960922238102e-01 3.245021820068360041e-01
5.792662200927734872e+00 -5.974425649642941538e-01 3.240700912475585893e-01
5.785846481323242863e+00 -5.973639059066769841e-01 3.236965942382813433e-01
5.779102020263672479e+00 -5.972179555892941361e-01 3.232895660400392224e-01
5.772289505004883026e+00 -5.969339132308957296e-01 3.228174209594727451e-01
5.765469512939453978e+00 -5.964437246322629171e-01 3.223322296142578924e-01
5.758681259155274290e+00 -5.957254934310910466e-01 3.218597793579102140e-01
5.751899185180664453e+00 -5.947133016586301224e-01 3.213494873046874867e-01
5.745283432006836222e+00 -5.932925558090207385e-01 3.208892822265625444e-01
5.738900527954101882e+00 -5.916964864730832607e-01 3.207173919677734908e-01
5.732599411010742330e+00 -5.899426412582394752e-01 3.209056472778321067e-01
5.726329650878906996e+00 -5.880699300765988013e-01 3.213740539550781206e-01
5.719997024536133345e+00 -5.859856557846067071e-01 3.220707702636719238e-01
5.713587646484375782e+00 -5.836789083480832252e-01 3.229289627075195845e-01
5.706900253295899006e+00 -5.812227773666378550e-01 3.239047241210938344e-01
5.699991607666015980e+00 -5.785556554794307749e-01 3.248669433593750488e-01
5.692789611816406747e+00 -5.757206869125363058e-01 3.257865524291992942e-01
5.685183792114258061e+00 -5.725835943222042923e-01 3.266101837158204013e-01
5.677179450988770526e+00 -5.692313909530636318e-01 3.273222351074218661e-01
5.668868942260743005e+00 -5.656189870834347211e-01 3.279301834106446156e-01
5.660301322937012714e+00 -5.617473745346065472e-01 3.284619140625000266e-01
5.651542816162109517e+00 -5.576250600814816050e-01 3.290043640136719461e-01
5.642627868652343892e+00 -5.532472753524776410e-01 3.295931243896484952e-01
5.633646850585938282e+00 -5.486478185653682615e-01 3.302451324462890581e-01
5.624569854736328978e+00 -5.438864278793331675e-01 3.309948730468750266e-01
5.615356864929199610e+00 -5.389342641830441316e-01 3.318488311767578969e-01
5.606121139526367259e+00 -5.337869787216183992e-01 3.328644561767578613e-01
5.597271804809571094e+00 -5.283984518051144663e-01 3.340248107910156472e-01
5.589007377624512607e+00 -5.226818990707394752e-01 3.350826263427735263e-01
5.581286735534668253e+00 -5.165712881088253550e-01 3.359923934936523970e-01
5.574188232421875000e+00 -5.101508474349972788e-01 3.366617202758789285e-01
5.567885017395020064e+00 -5.034942770004269263e-01 3.368677520751953702e-01
5.562094116210937855e+00 -4.964408254623410288e-01 3.368616867065430398e-01
5.556908950805664382e+00 -4.892703390121456719e-01 3.363215255737305176e-01
5.552236518859864134e+00 -4.818652105331419078e-01 3.354281616210937900e-01
5.548057479858399255e+00 -4.743224096298215287e-01 3.344132995605468839e-01
5.544207458496094532e+00 -4.666025686264034800e-01 3.335031890869141202e-01
5.540741882324219603e+00 -4.586792516708371181e-01 3.328443908691406383e-01
5.537653427124023864e+00 -4.504889822006222788e-01 3.323644638061523660e-01
5.534831237792968928e+00 -4.421263265609738369e-01 3.321604537963868120e-01
5.532228240966797550e+00 -4.335123205184933659e-01 3.324133300781250133e-01
5.529953613281250568e+00 -4.245572042465207696e-01 3.325848770141601740e-01
5.527921447753906925e+00 -4.150924444198605401e-01 3.328086090087890581e-01
5.526065216064453445e+00 -4.051239538192746292e-01 3.328519439697266158e-01
5.524399299621582493e+00 -3.946523427963253838e-01 3.327608108520507812e-01
5.522967720031738637e+00 -3.836672735214230467e-01 3.326589202880859686e-01
5.521831016540527770e+00 -3.721742391586300713e-01 3.326092529296875711e-01
5.520761451721192259e+00 -3.602168416976925247e-01 3.326733016967773349e-01
5.519549484252929794e+00 -3.479092931747433948e-01 3.328415679931641113e-01
5.517997589111328871e+00 -3.356271123886105379e-01 3.330742263793945446e-01
5.516033630371094176e+00 -3.235643148422238102e-01 3.333409881591796742e-01
5.513647117614746129e+00 -3.118429708480832119e-01 3.336077499389648038e-01
5.510692596435546875e+00 -3.005501317977902209e-01 3.338651657104492188e-01
5.507281112670899148e+00 -2.896675252914425736e-01 3.340385818481446112e-01
5.503461303710937891e+00 -2.790971136093136629e-01 3.339822387695312589e-01
5.499176025390625000e+00 -2.688419485092160000e-01 3.336488342285156561e-01
5.494348869323730788e+00 -2.588450002670285022e-01 3.329848098754882857e-01
5.488919601440430007e+00 -2.491133642196651510e-01 3.319015884399414418e-01
5.483179855346680398e+00 -2.396951818466182826e-01 3.305442047119141469e-01
5.477268218994140625e+00 -2.305800390243526732e-01 3.291188049316406961e-01
5.471546173095703125e+00 -2.216212224960323607e-01 3.278072357177734819e-01
5.466605682373047337e+00 -2.128023290634152020e-01 3.267030715942382812e-01
5.461818733215332067e+00 -2.040949392318721911e-01 3.259825897216797053e-01
5.456885681152344070e+00 -1.952013540267940883e-01 3.257901382446289906e-01
5.451725959777832031e+00 -1.860539770126339310e-01 3.260646057128906428e-01
5.446271171569824432e+00 -1.766089773178096956e-01 3.267612457275391735e-01
5.440698318481445916e+00 -1.669104146957393897e-01 3.278330230712891424e-01
5.435030670166016264e+00 -1.571464681625362736e-01 3.290050125122070401e-01
5.429129714965820419e+00 -1.473116064071651743e-01 3.301040649414063166e-01
5.423011970520019709e+00 -1.373792791366573729e-01 3.311799621582031117e-01
5.416626281738281534e+00 -1.272654485702510996e-01 3.322903442382812988e-01
5.409929504394531463e+00 -1.170440053939815761e-01 3.334276580810546786e-01
5.403049316406250746e+00 -1.067606496810909467e-01 3.345911788940429954e-01
5.396160087585450071e+00 -9.637107372283901241e-02 3.356997299194336426e-01
5.389392967224121200e+00 -8.597496509551968980e-02 3.368660354614257946e-01
5.382733764648437891e+00 -7.555103778839078466e-02 3.383465576171875711e-01
5.376187820434570774e+00 -6.512108325958218535e-02 3.398204421997070845e-01
5.369918403625488779e+00 -5.455173015594450697e-02 3.410247421264648304e-01
5.364164962768555256e+00 -4.374100208282438035e-02 3.420843124389648660e-01
5.358938674926758239e+00 -3.259068965911832844e-02 3.430217361450195179e-01
5.354182853698731037e+00 -2.105128765106168559e-02 3.438459396362305576e-01
5.349713039398193537e+00 -9.099669456481600249e-03 3.446309280395508656e-01
5.345296001434326705e+00 3.302912712097497150e-03 3.453401947021484952e-01
5.340745925903320312e+00 1.616104602813753927e-02 3.461840057373046786e-01
5.336086730957031676e+00 2.949854373931917739e-02 3.470161056518554776e-01
5.331266365051270384e+00 4.312872409820589503e-02 3.477443313598632679e-01
5.326206817626953693e+00 5.694979190826449100e-02 3.483988571166992676e-01
5.320861835479736790e+00 7.062332630157502900e-02 3.489607620239257857e-01
5.315151157379150781e+00 8.401869297027621253e-02 3.494435119628906961e-01
5.308748226165771911e+00 9.689029216766389951e-02 3.499746704101562855e-01
5.301651344299316726e+00 1.090960454940799185e-01 3.506280899047852229e-01
5.294118499755859908e+00 1.205439710617068755e-01 3.515958786010742188e-01
5.286041908264160760e+00 1.313580083847049329e-01 3.525812911987304954e-01
5.277546386718750426e+00 1.416310358047488671e-01 3.534162139892578214e-01
5.268865814208984588e+00 1.515763425827029998e-01 3.543613433837891069e-01
5.260118408203125817e+00 1.614567327499392968e-01 3.554954910278320668e-01
5.251187820434570774e+00 1.711199331283572711e-01 3.565544891357422808e-01
5.242414627075195455e+00 1.804162549972537222e-01 3.576113510131836426e-01
5.233885726928711790e+00 1.891795206069949720e-01 3.586655426025391336e-01
5.225538101196289809e+00 1.974152994155886909e-01 3.596813964843750266e-01
5.217151718139648509e+00 2.049829530715945869e-01 3.607403564453125488e-01
5.208710517883301527e+00 2.118685960769656762e-01 3.618450164794921875e-01
5.200400094985962340e+00 2.182003545761111718e-01 3.629805755615234109e-01
5.192160491943360157e+00 2.239775514602664330e-01 3.640414047241211648e-01
5.183898220062256534e+00 2.292791604995730870e-01 3.650221633911133745e-01
5.175583324432373900e+00 2.343446207046512020e-01 3.659743118286132857e-01
5.167244167327881499e+00 2.391908502578738716e-01 3.668514251708984153e-01
5.159028024673462554e+00 2.436044740676883424e-01 3.675632858276367543e-01
5.151201591491699538e+00 2.476040315628054989e-01 3.680651473999024814e-01
5.143828897476196538e+00 2.510899972915652811e-01 3.682667541503906738e-01
5.136918544769287109e+00 2.541512155532840156e-01 3.680733108520508612e-01
5.130360145568848118e+00 2.568609476089480648e-01 3.675103759765625533e-01
5.124020891189575266e+00 2.592326211929324997e-01 3.665276336669922586e-01
5.117769317626953196e+00 2.615291070938113305e-01 3.651701736450195801e-01
5.111338415145874059e+00 2.638883447647097924e-01 3.635775756835938344e-01
5.104643201828003463e+00 2.662687540054324842e-01 3.618247985839844194e-01
5.097665967941284570e+00 2.685572290420535357e-01 3.597854232788085804e-01
5.090369472503662784e+00 2.705827188491825019e-01 3.579290390014647771e-01
5.082917327880859482e+00 2.725103616714480426e-01 3.561948013305664684e-01
5.075695457458496485e+00 2.745590829849245962e-01 3.546963500976563211e-01
5.068822193145752664e+00 2.767330789566043170e-01 3.533176040649413929e-01
5.062407817840576918e+00 2.791062593460086338e-01 3.520070266723632768e-01
5.056566324234009535e+00 2.816694116592410313e-01 3.507266235351562678e-01
5.051297388076783079e+00 2.843958139419558995e-01 3.494189453125000622e-01
5.046569252014160512e+00 2.872952318191531185e-01 3.479693603515625622e-01
5.042481422424316406e+00 2.902077913284304977e-01 3.464015197753906872e-01
5.038807373046875426e+00 2.931543207168582077e-01 3.448403549194336559e-01
5.035413942337036985e+00 2.961010408401492655e-01 3.434549713134765758e-01
5.032027893066406854e+00 2.991338396072391048e-01 3.424237442016602184e-01
5.028519783020019673e+00 3.022756242752078215e-01 3.418686294555663974e-01
5.024795856475830824e+00 3.054769563674930022e-01 3.418540191650392135e-01
5.021007957458496485e+00 3.085213708877566074e-01 3.422895050048828658e-01
5.017253160476684570e+00 3.113726854324344040e-01 3.431506347656250178e-01
5.013478612899780806e+00 3.139419221878054778e-01 3.444164657592773127e-01
5.009723262786865305e+00 3.161923456192019533e-01 3.460916900634766202e-01
5.006131935119629617e+00 3.176417398452761609e-01 3.479384231567382857e-01
5.002731885910034926e+00 3.183107042312625090e-01 3.499308776855468706e-01
4.999461650848388672e+00 3.184833383560183862e-01 3.516854476928711337e-01
4.996438083648682138e+00 3.182622766494753730e-01 3.532390975952149903e-01
4.993655614852905877e+00 3.180001306533816741e-01 3.547586822509766202e-01
4.991072444915771733e+00 3.179002046585086005e-01 3.563946914672853072e-01
4.988379964828491886e+00 3.177788019180300405e-01 3.578570938110352539e-01
4.985470504760742827e+00 3.174029588699343596e-01 3.592230224609375133e-01
4.982455377578736133e+00 3.168213891983034936e-01 3.606005859374999956e-01
4.979268007278442987e+00 3.160870409011843907e-01 3.617450714111328791e-01
4.975822620391846307e+00 3.151703882217410380e-01 3.626466751098633701e-01
4.972144441604614329e+00 3.141378259658816896e-01 3.632318115234375311e-01
4.968355875015259215e+00 3.129492044448855537e-01 3.634827423095703391e-01
4.964388027191162678e+00 3.116295099258425405e-01 3.632231903076171831e-01
4.960213594436646112e+00 3.104154443740848035e-01 3.627815628051758168e-01
4.955749807357788583e+00 3.092751741409304755e-01 3.623395156860352850e-01
4.951224718093872212e+00 3.081046724319461139e-01 3.618667221069336026e-01
4.946796331405639791e+00 3.067791604995730448e-01 3.613810348510743120e-01
4.942396697998047372e+00 3.050972604751589490e-01 3.609666824340820312e-01
4.938244428634644301e+00 3.029282808303836450e-01 3.605685806274414595e-01
4.934382457733154759e+00 3.003898859024051182e-01 3.598100280761719061e-01
4.931045351028442880e+00 2.972854852676394821e-01 3.590392684936524192e-01
4.928336658477783239e+00 2.937150812149051382e-01 3.582017898559570757e-01
4.926142654418946165e+00 2.900800752639773883e-01 3.573326873779297808e-01
4.924305601119995934e+00 2.864777803421023616e-01 3.565250396728516513e-01
4.922432355880737909e+00 2.829644250869753908e-01 3.558092117309570312e-01
4.920535793304443573e+00 2.795419168472292881e-01 3.551925277709960804e-01
4.918526592254639063e+00 2.761119699478152834e-01 3.545151138305664418e-01
4.916352186203003072e+00 2.726407670974734243e-01 3.537989425659180398e-01
4.913881950378418573e+00 2.691044092178347946e-01 3.531805038452149326e-01
4.911059131622314666e+00 2.654374933242800716e-01 3.526907348632812855e-01
4.907934837341309198e+00 2.616702127456668747e-01 3.522623825073242232e-01
4.904572219848633452e+00 2.578158617019656873e-01 3.518923568725585982e-01
4.900696039199829102e+00 2.539101076126101808e-01 3.515685272216797497e-01
4.896545333862305505e+00 2.499054956436160824e-01 3.513015365600585804e-01
4.892227287292480575e+00 2.457710886001589767e-01 3.511340713500976651e-01
4.887907962799072692e+00 2.412453126907351808e-01 3.510860824584961515e-01
4.883570213317871556e+00 2.362083292007449431e-01 3.511712646484375089e-01
4.879232311248779652e+00 2.306749200820926160e-01 3.512931823730469638e-01
4.874935626983642578e+00 2.247529840469363605e-01 3.515027999877929910e-01
4.870681629180908523e+00 2.185185194015505927e-01 3.518200302124024903e-01
4.866385154724121698e+00 2.118296861648562845e-01 3.522105789184570845e-01
4.862269439697265661e+00 2.046718835830691474e-01 3.525304031372070712e-01
4.858679180145264453e+00 1.970665216445925960e-01 3.526367187500000222e-01
4.855731735229492863e+00 1.890162515640261831e-01 3.524896621704102229e-01
4.853401985168457777e+00 1.805841016769412222e-01 3.520796966552734997e-01
4.851669921875000568e+00 1.719270944595339967e-01 3.514135742187500799e-01
4.850467929840088566e+00 1.629376173019412288e-01 3.505157852172852140e-01
4.849680080413818928e+00 1.535786199569705024e-01 3.494274520874024459e-01
4.849289855957032103e+00 1.439361143112185548e-01 3.482381439208983576e-01
4.849158630371094070e+00 1.342342424392703182e-01 3.470546722412108931e-01
4.849196319580078907e+00 1.245191812515261953e-01 3.459114837646485308e-01
4.849224300384522124e+00 1.147877550125125101e-01 3.446948623657226651e-01
4.849381828308105824e+00 1.050399923324588092e-01 3.433605194091797763e-01
4.849437103271484695e+00 9.530404567718536724e-02 3.419541168212890669e-01
4.849298171997070916e+00 8.561435222625762842e-02 3.405294799804688965e-01
4.848833923339844532e+00 7.599534511566193029e-02 3.391149902343750799e-01
4.848064727783203409e+00 6.641361713409453527e-02 3.377509307861328303e-01
4.846989326477051385e+00 5.682448863983184661e-02 3.363606643676758656e-01
4.845689926147461080e+00 4.718481540679961284e-02 3.355112838745117898e-01
4.844074630737305043e+00 3.744574069976836644e-02 3.349812316894531516e-01
4.842021999359131357e+00 2.770441532135040075e-02 3.347491836547852317e-01
4.839945030212402521e+00 1.792442798614532484e-02 3.347754287719727495e-01
4.837874488830566477e+00 8.013701438904112517e-03 3.350968551635742365e-01
4.835664615631103835e+00 -2.129969596862492376e-03 3.358712768554689143e-01
4.832996654510498757e+00 -1.262442111968963693e-02 3.368196105957032005e-01
4.829962539672852273e+00 -2.367082118988007161e-02 3.377607727050782049e-01
4.826504039764405007e+00 -3.530202388763398896e-02 3.386741638183594638e-01
4.822621974945068501e+00 -4.753547191619843931e-02 3.394959640502930309e-01
4.818267917633057174e+00 -6.045557498931853485e-02 3.400979614257813033e-01
4.813588619232177734e+00 -7.413004398345918178e-02 3.405484771728516380e-01
4.808735332489014525e+00 -8.863362789154022314e-02 3.407582092285156294e-01
4.803834476470947301e+00 -1.036915349960323973e-01 3.405751800537109020e-01
4.799087791442871342e+00 -1.190352392196652176e-01 3.398290252685547408e-01
4.794593200683594070e+00 -1.340374708175655905e-01 3.382740783691406961e-01
4.790369491577148864e+00 -1.483076810836788939e-01 3.364230728149414373e-01
4.786354694366455220e+00 -1.617909383773800669e-01 3.341542816162108576e-01
4.782591133117676030e+00 -1.744675970077511351e-01 3.316017532348632946e-01
4.778995342254638956e+00 -1.865272092819210692e-01 3.289561843872070845e-01
4.775567588806152841e+00 -1.981852865219112803e-01 3.264137649536132946e-01
4.772309513092041655e+00 -2.096663999557491775e-01 3.241207122802735041e-01
4.769093036651611328e+00 -2.208818578720089520e-01 3.221866989135742099e-01
4.765833015441894638e+00 -2.318586874008175813e-01 3.207375717163086781e-01
4.762036323547364169e+00 -2.426668691635128494e-01 3.200230026245117765e-01
4.758505611419677983e+00 -2.537354421615597988e-01 3.205098724365234020e-01
4.755029926300049503e+00 -2.653310918807980645e-01 3.215436553955078880e-01
4.751598701477051101e+00 -2.776113653182980534e-01 3.230384826660156472e-01
4.748213386535645064e+00 -2.905180120468136562e-01 3.247922134399414684e-01
4.744924583435059517e+00 -3.041587972640988347e-01 3.264166259765625133e-01
4.741495189666748544e+00 -3.185226202011105512e-01 3.278565216064454058e-01
4.737815551757813104e+00 -3.335396718978879682e-01 3.289702224731445579e-01
4.733766212463379475e+00 -3.491231298446652587e-01 3.297837829589843617e-01
4.729175701141357990e+00 -3.650441884994504171e-01 3.303725814819336026e-01
4.723917694091797514e+00 -3.813376760482785066e-01 3.307191085815429643e-01
4.717836532592773580e+00 -3.977165365219113569e-01 3.309431457519531605e-01
4.711189651489258168e+00 -4.138963460922238102e-01 3.310054779052734597e-01
4.703979072570801279e+00 -4.293965291976925003e-01 3.308611297607422230e-01
4.696396522521973260e+00 -4.434394979476925513e-01 3.304518890380859775e-01
4.688595848083496165e+00 -4.556869268417355068e-01 3.299101638793945357e-01
4.680679473876953267e+00 -4.663842916488644130e-01 3.292399978637695623e-01
4.672472991943359411e+00 -4.756234121322628905e-01 3.284921264648438255e-01
4.664258422851562891e+00 -4.837333822250363680e-01 3.278142929077149104e-01
4.656027984619140803e+00 -4.911756277084348143e-01 3.274198913574218883e-01
4.647719764709473012e+00 -4.981495809555052112e-01 3.275676345825195845e-01
4.639208717346192223e+00 -5.046193075180052112e-01 3.283962249755859597e-01
4.630401916503906534e+00 -5.108217000961300380e-01 3.295798492431640803e-01
4.621289062500000711e+00 -5.167707204818722255e-01 3.308564758300781561e-01
4.611934738159179759e+00 -5.221994161605831852e-01 3.317267608642578969e-01
4.602309112548828907e+00 -5.270251226425167745e-01 3.320379257202149548e-01
4.592576065063476598e+00 -5.312573003768917834e-01 3.317558288574219416e-01
4.582331085205078480e+00 -5.348966360092159977e-01 3.311101150512695268e-01
4.571610984802246591e+00 -5.376822805404660732e-01 3.303410339355469238e-01
4.560476112365723367e+00 -5.400563573837277032e-01 3.295380020141601696e-01
4.549722442626953800e+00 -5.424288320541379438e-01 3.287337493896484997e-01
4.539596977233887110e+00 -5.447870016098019796e-01 3.281148529052734242e-01
4.530010604858398793e+00 -5.470265722274777476e-01 3.275985717773437500e-01
4.520852394104004190e+00 -5.489655065536496181e-01 3.271484756469728028e-01
4.512262878417969247e+00 -5.507854986190793278e-01 3.268474960327149015e-01
4.504371719360351634e+00 -5.527472066879269841e-01 3.267238998413086737e-01
4.497152023315430291e+00 -5.552652883529660688e-01 3.267605972290039684e-01
4.490534553527832706e+00 -5.584156179428098055e-01 3.269527053833007901e-01
4.484232177734375213e+00 -5.620176076889035199e-01 3.272723770141602317e-01
4.477969627380371520e+00 -5.660404348373410111e-01 3.281142044067383301e-01
4.471666717529297230e+00 -5.703600454330441938e-01 3.293284225463867232e-01
4.465283508300781357e+00 -5.748706960678098277e-01 3.307945251464844416e-01
4.459020118713379333e+00 -5.796347188949582119e-01 3.324312591552734952e-01
4.452859191894531499e+00 -5.847366476058957208e-01 3.341496276855469016e-01
4.446720809936524077e+00 -5.900079488754269574e-01 3.358441925048828436e-01
4.440600547790527486e+00 -5.952565908432003727e-01 3.374171829223633345e-01
4.434470901489258488e+00 -6.001745748519894397e-01 3.387287902832031294e-01
4.428631095886230717e+00 -6.041291189193722655e-01 3.395692825317383479e-01
4.423056297302246698e+00 -6.077137899398801224e-01 3.402272033691406961e-01
4.417807846069336186e+00 -6.106491231918331763e-01 3.405476379394531961e-01
4.412899818420410902e+00 -6.128585958480832208e-01 3.405537414550782183e-01
4.408218154907227238e+00 -6.144173574447628905e-01 3.403734970092773260e-01
4.403510818481445988e+00 -6.155583333969113502e-01 3.401193618774414062e-01
4.398630905151367898e+00 -6.163947439193723232e-01 3.398920440673828258e-01
4.393557815551758061e+00 -6.170414113998410333e-01 3.398412704467773660e-01
4.388189926147461506e+00 -6.175960683822628861e-01 3.399364089965820623e-01
4.382445678710937820e+00 -6.181796407699582385e-01 3.401872634887695979e-01
4.376410369873047657e+00 -6.187590169906613813e-01 3.405910491943360263e-01
4.370081787109375782e+00 -6.193338918685910022e-01 3.411194610595703613e-01
4.363476409912109943e+00 -6.199414205551144752e-01 3.417035675048828436e-01
4.356528549194336186e+00 -6.204864645004269930e-01 3.423237991333007990e-01
4.349204711914063104e+00 -6.208107137680051180e-01 3.429713821411133345e-01
4.341479873657227095e+00 -6.206795644760129127e-01 3.436288833618164062e-01
4.333424911499023757e+00 -6.196187734603878505e-01 3.442720794677734952e-01
4.325213012695312997e+00 -6.179639577865597699e-01 3.448345184326172541e-01
4.316693115234375711e+00 -6.159382772445676224e-01 3.452676773071289285e-01
4.307970199584961080e+00 -6.134821462631222522e-01 3.455030059814453436e-01
4.299280853271485014e+00 -6.105090475082394219e-01 3.455041503906249867e-01
4.290970764160157103e+00 -6.071029043197628816e-01 3.452648162841797097e-01
4.282915649414062997e+00 -6.033640432357785244e-01 3.447490692138672763e-01
4.275154113769531250e+00 -5.992865133285519841e-01 3.439966964721680176e-01
4.267734222412109979e+00 -5.949089956283566405e-01 3.430333709716797408e-01
4.260693817138672124e+00 -5.901912069320676135e-01 3.418190002441406916e-01
4.254086303710938211e+00 -5.850338125228878861e-01 3.403623580932617632e-01
4.248022918701172657e+00 -5.794786214828487880e-01 3.387523651123047763e-01
4.242639465332031179e+00 -5.736039495468137073e-01 3.370880126953125222e-01
4.237731170654297053e+00 -5.674270009994504260e-01 3.355152130126953791e-01
4.233238067626953871e+00 -5.608968496322629393e-01 3.340887451171875577e-01
4.229057693481445668e+00 -5.539834737777709073e-01 3.330835723876953702e-01
4.225109558105469176e+00 -5.467749929428098454e-01 3.327091598510742987e-01
4.221357650756836222e+00 -5.393632268905637073e-01 3.327599334716797586e-01
4.217732238769531961e+00 -5.317395162582395640e-01 3.331699371337890625e-01
4.214246063232422124e+00 -5.239557027816770240e-01 3.338570404052735308e-01
4.210893478393555434e+00 -5.159601736068722966e-01 3.347715377807617410e-01
4.207670135498046804e+00 -5.077895498275755148e-01 3.358103561401367676e-01
4.204628829956055469e+00 -4.994941091537473676e-01 3.367551040649414684e-01
4.201768951416015696e+00 -4.910836553573606489e-01 3.374300765991211648e-01
4.199175415039062997e+00 -4.824820089340208229e-01 3.378060150146485752e-01
4.196832885742187713e+00 -4.736552572250364301e-01 3.377635192871094594e-01
4.194717559814453267e+00 -4.644668722152708318e-01 3.375880813598632901e-01
4.192841415405274219e+00 -4.548853063583372380e-01 3.373010635375977007e-01
4.191058425903320561e+00 -4.451689291000363591e-01 3.368909835815430132e-01
4.189071960449219034e+00 -4.354675054550168900e-01 3.363886642456055398e-01
4.186768341064453836e+00 -4.259202337265012295e-01 3.357780838012696112e-01
4.184283218383789915e+00 -4.166078329086301824e-01 3.350872802734375933e-01
4.181380310058593786e+00 -4.075450277328488968e-01 3.341451263427734908e-01
4.177943115234375782e+00 -3.987709951400755237e-01 3.330278778076172230e-01
4.174046020507812926e+00 -3.901855230331419677e-01 3.318815612792969105e-01
4.170050506591797657e+00 -3.817614889144895218e-01 3.306976318359375888e-01
4.165681762695312429e+00 -3.734647512435910754e-01 3.295341491699219638e-01
4.160902786254883523e+00 -3.652222585678098210e-01 3.284698867797852806e-01
4.155858230590820490e+00 -3.567624807357785977e-01 3.273606109619141558e-01
4.150657272338867720e+00 -3.483705282211301824e-01 3.260882186889647594e-01
4.145489501953125711e+00 -3.400993871688841597e-01 3.247066497802735263e-01
4.140425567626953018e+00 -3.318901968002317404e-01 3.232986450195313166e-01
4.135496978759766407e+00 -3.237013006210325283e-01 3.219301223754883479e-01
4.130721740722656854e+00 -3.154367208480832740e-01 3.206808090209961604e-01
4.126117935180664276e+00 -3.070573568344114324e-01 3.197795867919922541e-01
4.121651535034180469e+00 -2.985069036483762317e-01 3.193835067749024592e-01
4.117172088623047621e+00 -2.896160650253293833e-01 3.193738555908203214e-01
4.112572326660156818e+00 -2.804475164413450239e-01 3.194980621337890625e-01
4.107545547485352166e+00 -2.710789251327512250e-01 3.196627807617188344e-01
4.102113342285156783e+00 -2.615717458724973188e-01 3.198685455322266558e-01
4.096435623168945384e+00 -2.517254400253293722e-01 3.201531982421875755e-01
4.090555191040039062e+00 -2.415551519393918378e-01 3.204675292968750533e-01
4.084541244506835866e+00 -2.311593770980832352e-01 3.208031463623047808e-01
4.078523178100586399e+00 -2.204554700851437954e-01 3.211785125732422586e-01
4.072452316284180363e+00 -2.096371603012082419e-01 3.214699554443360974e-01
4.066536483764648935e+00 -1.986702489852902598e-01 3.217274093627929821e-01
4.060873413085937855e+00 -1.876614522933957585e-01 3.218692016601563122e-01
4.055457916259766371e+00 -1.765265035629270118e-01 3.220271682739258567e-01
4.050401229858398899e+00 -1.651831388473508355e-01 3.222029876708983887e-01
4.046240310668945739e+00 -1.535049200057981011e-01 3.224176406860352895e-01
4.042632293701172053e+00 -1.416422414779660577e-01 3.226481246948242898e-01
4.039343032836914205e+00 -1.297051763534543822e-01 3.228857421874999911e-01
4.036311111450196165e+00 -1.177219915390012306e-01 3.231891250610352539e-01
4.033473052978516549e+00 -1.055324697494504360e-01 3.236366271972657138e-01
4.030705261230469461e+00 -9.339130878448462236e-02 3.243092727661133212e-01
4.027998199462890838e+00 -8.143368244171117487e-02 3.250169754028320312e-01
4.025322570800781818e+00 -6.973491191863989691e-02 3.258025360107422719e-01
4.022794036865234624e+00 -5.832579135894751937e-02 3.265687561035156561e-01
4.020471878051758097e+00 -4.717433452606176886e-02 3.272044754028320401e-01
4.018456268310547586e+00 -3.627021312713598483e-02 3.276874160766601873e-01
4.016932678222656428e+00 -2.553952693939184199e-02 3.282677078247070446e-01
4.014668350219727344e+00 -1.575773715972875882e-02 3.289513397216797808e-01
4.010203552246093928e+00 -7.795548439025627718e-03 3.296073150634766247e-01
4.004670486450195632e+00 -4.474592208859803910e-04 3.294692230224609553e-01
4.000042648315430327e+00 7.710614204406988914e-03 3.291069412231445446e-01
3.997622146606445881e+00 1.780924320220972357e-02 3.297798156738281916e-01
3.996564941406250515e+00 2.879359722137476985e-02 3.306766510009766513e-01
3.995183486938477024e+00 4.005932331085229614e-02 3.317827987670898260e-01
3.993311691284180398e+00 5.159241199493433405e-02 3.331172943115233709e-01
3.991285476684570455e+00 6.320673465728784968e-02 3.344828033447265758e-01
3.989247512817382990e+00 7.486423015594506625e-02 3.357155227661132724e-01
3.987084503173828676e+00 8.635819911956811590e-02 3.369083023071289817e-01
3.984910964965820312e+00 9.782704830169702825e-02 3.380316925048828525e-01
3.982582778930664702e+00 1.090941762924196867e-01 3.386925888061523837e-01
3.979998703002930238e+00 1.197098779678347213e-01 3.389668655395507990e-01
3.977179641723632919e+00 1.299025964736940930e-01 3.388708114624024992e-01
3.974103927612304688e+00 1.398087644577028776e-01 3.383968734741211737e-01
3.970772705078125409e+00 1.495228433609011309e-01 3.377585983276367720e-01
3.967229309082031641e+00 1.590442895889284669e-01 3.371759414672852451e-01
3.963490219116211577e+00 1.685281038284303923e-01 3.368640518188477095e-01
3.959600524902343821e+00 1.780428743362429400e-01 3.370630264282227229e-01
3.955634689331055220e+00 1.875867891311648050e-01 3.371500778198243120e-01
3.951591644287109517e+00 1.967762899398806109e-01 3.372221374511719105e-01
3.947398605346680078e+00 2.053987550735476286e-01 3.375983810424805220e-01
3.942411727905273722e+00 2.141278791427614903e-01 3.388447570800782183e-01
3.936305770874024113e+00 2.234064531326296343e-01 3.413745117187499956e-01
3.929120635986328658e+00 2.331726312637331655e-01 3.457495880126953969e-01
3.921478042602539738e+00 2.430064249038698387e-01 3.501989364624024104e-01
3.914492340087891264e+00 2.515434122085573598e-01 3.530550384521485840e-01
3.908527145385742863e+00 2.584208154678346858e-01 3.535641098022461737e-01
3.902866287231446130e+00 2.645194673538210361e-01 3.527636718750000178e-01
3.897065963745117489e+00 2.703227090835573776e-01 3.518379211425781694e-01
3.891155242919921875e+00 2.755833673477175449e-01 3.506139755249024770e-01
3.885196380615234979e+00 2.803043794631960295e-01 3.491106796264648038e-01
3.879106140136719283e+00 2.848820734024050672e-01 3.475582122802735041e-01
3.872965240478515980e+00 2.891885995864870718e-01 3.459074401855468661e-01
3.866556015014648739e+00 2.932583284378054156e-01 3.443295288085937988e-01
3.859820709228515945e+00 2.971050691604616989e-01 3.432187652587891380e-01
3.852809906005859819e+00 3.008394289016725898e-01 3.425638198852539729e-01
3.845736389160156588e+00 3.047509050369265338e-01 3.423516464233399281e-01
3.838585052490234517e+00 3.089961481094362639e-01 3.425901412963867632e-01
3.831369323730469123e+00 3.137284326553346769e-01 3.434330749511719238e-01
3.824179763793945863e+00 3.187294244766237794e-01 3.447669219970703747e-01
3.816935882568359695e+00 3.236743783950807862e-01 3.460472488403321112e-01
3.809162139892578569e+00 3.278372049331667593e-01 3.469468688964844061e-01
3.801164169311523899e+00 3.316624689102175005e-01 3.476649856567383123e-01
3.793364791870117436e+00 3.355768823623659913e-01 3.480099105834961737e-01
3.785824813842773917e+00 3.396959543228151857e-01 3.479415130615234331e-01
3.778747406005859677e+00 3.440353631973269155e-01 3.475068283081055309e-01
3.772334442138672195e+00 3.486840677261354715e-01 3.466831207275391513e-01
3.766529541015625426e+00 3.534485101699831322e-01 3.453268432617188077e-01
3.761045074462891158e+00 3.582167673110963624e-01 3.435396194458008035e-01
3.755358123779297230e+00 3.631390237808229671e-01 3.418485260009765936e-01
3.749386596679688211e+00 3.679476785659792082e-01 3.405107498168945535e-01
3.743311157226562713e+00 3.724585199356080789e-01 3.396503829956054599e-01
3.737322692871094088e+00 3.765802812576296010e-01 3.396834945678711692e-01
3.731282043457031961e+00 3.803759241104128219e-01 3.404932022094727673e-01
3.725069122314453196e+00 3.838143396377565741e-01 3.417100143432617587e-01
3.718759155273438033e+00 3.867025613784792482e-01 3.433062362670897816e-01
3.712438201904297408e+00 3.889991235733034625e-01 3.452677917480468928e-01
3.706139831542968999e+00 3.910268259048464423e-01 3.474479675292969638e-01
3.699912261962890803e+00 3.928315591812135965e-01 3.495028305053711204e-01
3.693749694824218999e+00 3.942794275283815764e-01 3.513508987426757768e-01
3.687711791992187571e+00 3.952937936782839334e-01 3.528543853759765758e-01
3.681831970214844318e+00 3.956202554702761276e-01 3.540290832519531472e-01
3.676101531982422177e+00 3.952980661392214157e-01 3.548490142822265936e-01
3.670557861328125338e+00 3.948547601699831655e-01 3.556169128417968617e-01
3.665035705566406676e+00 3.946457147598269044e-01 3.563441085815429732e-01
3.659527587890625711e+00 3.946376657485964334e-01 3.570021438598632857e-01
3.654062042236328800e+00 3.947202539443971925e-01 3.575904083251953969e-01
3.648594818115234784e+00 3.948186731338503286e-01 3.581014251708983798e-01
3.643127899169922301e+00 3.945957803726198310e-01 3.584475708007812678e-01
3.637728271484375497e+00 3.939590692520144044e-01 3.585797882080078436e-01
3.632477416992188068e+00 3.931779718399049939e-01 3.585174179077149637e-01
3.627574920654297319e+00 3.923834466934206233e-01 3.582758712768555620e-01
3.623118743896484695e+00 3.916879892349245385e-01 3.578452301025392135e-01
3.619088287353515732e+00 3.911080789566042104e-01 3.571486663818360663e-01
3.615446166992187571e+00 3.907319116592409269e-01 3.562364196777344505e-01
3.612159881591797017e+00 3.904783105850221925e-01 3.551449966430664240e-01
3.609143218994141034e+00 3.904105234146120207e-01 3.538724899291992854e-01
3.606096191406250373e+00 3.905796670913698754e-01 3.525184631347656472e-01
3.603082275390625533e+00 3.908570337295534380e-01 3.510103607177734730e-01
3.600023956298828764e+00 3.911733102798464201e-01 3.494659805297852806e-01
3.596917724609375533e+00 3.914438867568971747e-01 3.481916046142577992e-01
3.593819274902344318e+00 3.915177774429324242e-01 3.473439025878907183e-01
3.590867309570312749e+00 3.914953088760378397e-01 3.467013168334961426e-01
3.588005523681641051e+00 3.913743066787722102e-01 3.461987686157227406e-01
3.585138092041016300e+00 3.911469888687136298e-01 3.458110046386718706e-01
3.582216796875000497e+00 3.907929849624636187e-01 3.455022811889648660e-01
3.579213714599609908e+00 3.902908182144167459e-01 3.452206420898438211e-01
3.576203155517578836e+00 3.896954584121706255e-01 3.450172042846679776e-01
3.573190460205078800e+00 3.890762948989870407e-01 3.450773620605469549e-01
3.570162200927734730e+00 3.883853769302370584e-01 3.453004837036133257e-01
3.567113800048828498e+00 3.877141427993776590e-01 3.455266189575195712e-01
3.563971557617187980e+00 3.871896600723269133e-01 3.455846786499024992e-01
3.560673828125000107e+00 3.867172861099245629e-01 3.455709838867188077e-01
3.557319030761719070e+00 3.862668085098268644e-01 3.455823516845702992e-01
3.553783416748047319e+00 3.857641458511354982e-01 3.456835556030274370e-01
3.550011291503906818e+00 3.851093149185182973e-01 3.457952880859375133e-01
3.546079864501953338e+00 3.842116403579713957e-01 3.458488845825196112e-01
3.542139587402344247e+00 3.831344842910768822e-01 3.457077407836914862e-01
3.538208007812500444e+00 3.818148279190065608e-01 3.454993438720703747e-01
3.534267578125000142e+00 3.801165628433229582e-01 3.453702163696289462e-01
3.530713958740234748e+00 3.780769777297975365e-01 3.453925704956054554e-01
3.527444152832031499e+00 3.758195734024050161e-01 3.455330276489257946e-01
3.524441528320313211e+00 3.732997751235963557e-01 3.455126190185546786e-01
3.521560211181641087e+00 3.703821039199831078e-01 3.455903625488281339e-01
3.518715667724610086e+00 3.671396875381471858e-01 3.456377792358399370e-01
3.515947113037110050e+00 3.636516618728639627e-01 3.455883407592773571e-01
3.513272247314453534e+00 3.599552011489869918e-01 3.455035781860352762e-01
3.510890655517578729e+00 3.559620141983034225e-01 3.453632354736329013e-01
3.508730621337891264e+00 3.517953729629518800e-01 3.451725006103516513e-01
3.506760101318359801e+00 3.475372171401979737e-01 3.449358749389648260e-01
3.504962615966797479e+00 3.433046197891237439e-01 3.446817398071289062e-01
3.503310852050781854e+00 3.391005182266237372e-01 3.444788360595703036e-01
3.501796112060547195e+00 3.349239397048952016e-01 3.442710113525391247e-01
3.500392150878906428e+00 3.307984399795534380e-01 3.439848327636718661e-01
3.499120178222656641e+00 3.267832422256471414e-01 3.436761474609375533e-01
3.497954254150390963e+00 3.228899812698365901e-01 3.433624267578125888e-01
3.496882934570312962e+00 3.191768693923952016e-01 3.430454254150391291e-01
3.495913391113281588e+00 3.155948305130006903e-01 3.427167892456055576e-01
3.495021820068359819e+00 3.120938539505006548e-01 3.424049377441407138e-01
3.494214324951172124e+00 3.086602830886842619e-01 3.421409988403321112e-01
3.493542175292969176e+00 3.053496599197390027e-01 3.419362640380859686e-01
3.493043823242187873e+00 3.022158288955690275e-01 3.417807006835937855e-01
3.492618560791016069e+00 2.991934442520143844e-01 3.416636657714844372e-01
3.492275543212890909e+00 2.963443613052370029e-01 3.415655517578125577e-01
3.492040252685547408e+00 2.936453104019167704e-01 3.414887237548828169e-01
3.491900024414062997e+00 2.910543107986452438e-01 3.414535140991211692e-01
3.491836700439453267e+00 2.885457849502565120e-01 3.414185333251953391e-01
3.491910705566406925e+00 2.860932207107546033e-01 3.413565063476562411e-01
3.492106628417968928e+00 2.837179040908816008e-01 3.412750244140625444e-01
3.492391510009765998e+00 2.814132547378542237e-01 3.411457061767578791e-01
3.492749328613281357e+00 2.791844415664674894e-01 3.409569168090820224e-01
3.493180389404296982e+00 2.770209932327272750e-01 3.407191467285156650e-01
3.493728179931641087e+00 2.748932504653932574e-01 3.404180908203124911e-01
3.494293518066406534e+00 2.727778291702272484e-01 3.400498199462891336e-01
3.494662933349609979e+00 2.707015466690065320e-01 3.396312713623047541e-01
3.494787445068359588e+00 2.686658525466921188e-01 3.391812133789063877e-01
3.494775848388671946e+00 2.666609048843385787e-01 3.386864852905273615e-01
3.494654235839844247e+00 2.646550989151003619e-01 3.381519317626953125e-01
3.494441070556641105e+00 2.626731538772584806e-01 3.375869369506836470e-01
3.494149475097656499e+00 2.607044458389284891e-01 3.369911193847656694e-01
3.493790740966796982e+00 2.587642717361452460e-01 3.363745498657226829e-01
3.493368072509765998e+00 2.568335580825807929e-01 3.357603454589843661e-01
3.492860260009766016e+00 2.549218606948854826e-01 3.351525115966796919e-01
3.492287139892578551e+00 2.530348062515260787e-01 3.345540618896485352e-01
3.491651611328125071e+00 2.511709833145143733e-01 3.339525985717772816e-01
3.490953674316406463e+00 2.493158578872682885e-01 3.333447265625000266e-01
3.490135345458984517e+00 2.474620676040651945e-01 3.327119064331055531e-01
3.489106597900391016e+00 2.457174348831178967e-01 3.321021652221679554e-01
3.488195495605468821e+00 2.439204645156862472e-01 3.315591430664063255e-01
3.487294769287109908e+00 2.420809793472292193e-01 3.310446166992188077e-01
3.486407775878906712e+00 2.401744699478151612e-01 3.305865097045898038e-01
3.485588073730469194e+00 2.381426477432253275e-01 3.302132034301757946e-01
3.484893646240234677e+00 2.359629678726198332e-01 3.299351501464844461e-01
3.484322509765625409e+00 2.336182641983034491e-01 3.297637939453125222e-01
3.483881072998046946e+00 2.311011171340944526e-01 3.297045135498046786e-01
3.483547973632813211e+00 2.284082651138307773e-01 3.297475433349609242e-01
3.483264312744140945e+00 2.255560731887819581e-01 3.298748779296875044e-01
3.483018341064453516e+00 2.224958276748659480e-01 3.300933074951172275e-01
3.482814331054687962e+00 2.192925405502321734e-01 3.303928756713867543e-01
3.482575683593750249e+00 2.159678316116335206e-01 3.307285308837890625e-01
3.482246093750000604e+00 2.125332975387575485e-01 3.311041259765625799e-01
3.481775817871094247e+00 2.090329885482790362e-01 3.315997314453125178e-01
3.481240844726563033e+00 2.054725122451784569e-01 3.319836044311523793e-01
3.480638427734375373e+00 2.018346071243288520e-01 3.321590042114258567e-01
3.479922180175781588e+00 1.981651163101198765e-01 3.322575378417969016e-01
3.479114074707031712e+00 1.943954324722292348e-01 3.323297119140625755e-01
3.478274383544922355e+00 1.904859972000124413e-01 3.323714065551758301e-01
3.477449035644531783e+00 1.864018011093142024e-01 3.323427200317383701e-01
3.476634979248047319e+00 1.821044874191286300e-01 3.322285842895508212e-01
3.475760955810547337e+00 1.774672937393190764e-01 3.320233917236328214e-01
3.474945983886719159e+00 1.723924779891969905e-01 3.317327499389648438e-01
3.474237213134766300e+00 1.667602682113649704e-01 3.313829421997070979e-01
3.473638763427734588e+00 1.604490137100222091e-01 3.309832382202149148e-01
3.473205261230469354e+00 1.535206079483034391e-01 3.305954742431641558e-01
