time, contactflag_LF, contactflag_RF, contactflag_LH, contactflag_RH, base_positionInWorld_x, base_positionInWorld_y, base_positionInWorld_z, base_euler_x, base_euler_y, base_euler_z, jointAngle_yaw, jointAngle_LH_HAA, jointAngle_LH_HFE, jointAngle_LH_KFE, jointAngle_RH_HAA, jointAngle_RH_HFE, jointAngle_RH_KFE, jointAngle_pitch, jointAngle_LF_HAA, jointAngle_LF_HFE, jointAngle_LF_KFE, jointAngle_RF_HAA, jointAngle_RF_HFE, jointAngle_RF_KFE
0.0, 1.0, 1.0, 1.0, 1.0, 0.0, 0.0, 0.34180229187011724, 0.0, 0.0, 0.03006093302137154, -0.026548301968245664, -0.09945907929392371, 0.2962187729842932, -0.92, 0.13245876795864356, 0.244719943169481, -0.92, -0.02660767665361649, 0.021381801946449737, 0.6337308939651326, -0.92, 0.16440026648187853, 0.5123646240607601, -0.92
0.0, 1.0, 1.0, 1.0, 1.0, 0.0, 0.0, 0.34180229187011724, 0.0, 0.0, 0.03006093302137154, -0.026548301968245664, -0.09945907929392371, 0.2962187729842932, -0.92, 0.13245876795864356, 0.244719943169481, -0.92, -0.02660767665361649, 0.021381801946449737, 0.6337308939651326, -0.92, 0.16440026648187853, 0.5123646240607601, -0.92
0.0374071267747664, 1.0, 1.0, 1.0, 1.0, 0.003350118001302249, 0.01840108672777812, 0.3444795099894207, 0.0, 0.0, 0.060408634477939684, 0.012622310268506421, -0.09883233786443966, 0.2867871730473248, -0.92, 0.12037989025340882, 0.25484747889182374, -0.92, -0.026706465016674133, -0.017743147140976676, 0.6330450631675272, -0.92, 0.124949159580453, 0.5113739738316346, -0.92
0.05595700257373913, 1.0, 1.0, 1.0, 1.0, 0.005063552856445552, 0.02751638233661652, 0.34582080841064455, 0.0, 0.0, 0.07405196268974237, 0.033005691134558965, -0.09797338841756423, 0.28208405825103827, -0.92, 0.11379407859070031, 0.259897417608563, -0.92, -0.02675636233747657, -0.036249795074295904, 0.6331620373112142, -0.92, 0.10637211505939322, 0.5104778460828703, -0.92
0.06695366127775149, 1.0, 1.0, 1.0, 1.0, 0.006118530273437806, 0.032912552118301394, 0.3466303176879883, 0.0, 0.0, 0.0812183398856071, 0.04573392092290749, -0.09711448958271858, 0.2792759577881494, -0.92, 0.10950654678459888, 0.2629010249198418, -0.92, -0.026786484177486258, -0.04660056014079817, 0.6335318615799597, -0.92, 0.09603938073715297, 0.5096888835552342, -0.92
0.07416430678745925, 1.0, 1.0, 1.0, 1.0, 0.006844787597656499, 0.036443968613942467, 0.34717494964599616, 0.0, 0.0, 0.08524452692529533, 0.05456323732092796, -0.09630361029371627, 0.2774176682688987, -0.92, 0.1064164147257272, 0.2648757596534048, -0.92, -0.0268078861802955, -0.05291155101928117, 0.6339982107253493, -0.92, 0.08978511520176437, 0.5089923708447119, -0.92
0.07920536625165414, 1.0, 1.0, 1.0, 1.0, 0.007381809779576111, 0.03890662516866412, 0.3475699506487166, 0.0, 0.0, 0.08758862941855493, 0.0610924972260911, -0.09557039691485292, 0.27610469825050127, -0.92, 0.10406676108287115, 0.26626066389520125, -0.92, -0.026822278880364946, -0.056956554946669555, 0.6344872373282102, -0.92, 0.08580435798604982, 0.5083806589110279, -0.92
0.08288504988391358, 1.0, 1.0, 1.0, 1.0, 0.007800369262695561, 0.040698223859071736, 0.34787221431732185, 0.0, 0.0, 0.08902583222618957, 0.06611367669948674, -0.09493293210650491, 0.27514061271923623, -0.92, 0.10226348774101698, 0.2672790039491728, -0.92, -0.02683303709569038, -0.05965479461046234, 0.6349467908304333, -0.92, 0.08316806951506947, 0.5078714836539545, -0.92
0.08565106478674084, 1.0, 1.0, 1.0, 1.0, 0.008138088650173871, 0.04203936338424683, 0.34811491224500873, 0.0, 0.0, 0.09002437873060407, 0.069951049584568, -0.0944793420420697, 0.2744339116146379, -0.92, 0.10085463589524207, 0.2680239891546983, -0.92, -0.026841371219275267, -0.06152594459390507, 0.6353325864094499, -0.92, 0.0813382968840255, 0.507471930623169, -0.92
0.0877705777378225, 1.0, 1.0, 1.0, 1.0, 0.008415069580078427, 0.04306228339672089, 0.34831585311889657, 0.0, 0.0, 0.09090281379291866, 0.07290215549566728, -0.0941954701321874, 0.2738993624014968, -0.92, 0.09984416501322571, 0.2685893964128844, -0.92, -0.026847913031873095, -0.06290118223309919, 0.6356039902126873, -0.92, 0.07997015968666824, 0.5072005551785683, -0.92
0.08941462880072475, 1.0, 1.0, 1.0, 1.0, 0.008648154518821323, 0.043850571025501606, 0.34848793723366484, 0.0, 0.0, 0.0919076446789815, 0.07504844583469682, -0.09414387679318086, 0.2735045472603203, -0.92, 0.09921101154368889, 0.2690087998568274, -0.92, -0.02685227538936018, -0.06400589219052583, 0.6357284112660139, -0.92, 0.07882295375400068, 0.5070801458851352, -0.92
0.0906974788230645, 1.0, 1.0, 1.0, 1.0, 0.008847885131836245, 0.0444601066907247, 0.3486378224690756, 0.0, 0.0, 0.09317512707005533, 0.07429209540470308, -0.09342946993614105, 0.27528514489302996, -0.9255596633570297, 0.09927094119266423, 0.27271190745368357, -0.9240789817529832, -0.025594497626257883, -0.06496237260686659, 0.6352258771073404, -0.9210839093839502, 0.07716830019665262, 0.5068941746612616, -0.9213528086134093
0.09196223045518459, 1.0, 1.0, 1.0, 1.0, 0.00902186467097386, 0.04492948321195749, 0.3487708135751578, 0.0, 0.0, 0.09478136164284784, 0.07525892174697642, -0.09394055934122453, 0.27492606341689735, -0.9251319969449505, 0.09931015858920805, 0.2726759890130913, -0.9237652139258307, -0.025694805366980364, -0.06589889564089989, 0.6350654819656931, -0.921000531739031, 0.0761294517039186, 0.5071199040037866, -0.9212487464123778
0.09348215894114276, 1.0, 1.0, 1.0, 1.0, 0.009177355085100774, 0.045287015523229335, 0.34888981955392023, 0.0, 0.0, 0.09671167082001471, 0.07561774393041525, -0.09469236236296993, 0.27466463017223386, -0.9247654257345969, 0.09962176434058055, 0.27259864374971493, -0.9234962700739856, -0.025780149902765847, -0.06682592869585308, 0.6347616079907958, -0.9209290651862431, 0.07504931913116797, 0.5074948337345913, -0.9211595502400652
0.09522911926043726, 1.0, 1.0, 1.0, 1.0, 0.009319315592448222, 0.04555414859453837, 0.348997065226237, 0.0, 0.0, 0.09893031042551872, 0.07551508598468978, -0.0956205461649275, 0.2744622844724792, -0.9244477306856237, 0.10019423114783388, 0.2725023121771419, -0.9232631854023866, -0.025854358445990915, -0.06776016876811554, 0.6343387062677072, -0.9208671275071602, 0.07392442636957006, 0.5080015133233278, -0.9210822468907275
0.09717294728941837, 1.0, 1.0, 1.0, 1.0, 0.009453067779541302, 0.045746470168232925, 0.34909363746643074, 0.0, 0.0, 0.10139897202232474, 0.07502095734918234, -0.09670183147203518, 0.27430466528416136, -0.9241697475177723, 0.10098768162712542, 0.27239175783687525, -0.9230592363147374, -0.025918548048316625, -0.06870147256182482, 0.6338228671742825, -0.9208129320379628, 0.07276097702329778, 0.5086259006582199, -0.9210146064600571
0.09927196642886646, 1.0, 1.0, 1.0, 1.0, 0.009580975700827492, 0.045877569633371695, 0.349180872300092, 0.0, 0.0, 0.10406472632942382, 0.07391749541795095, -0.09761202265983847, 0.27423109516348326, -0.9239244682520209, 0.10177630112544106, 0.2722018753637154, -0.9228792812373999, -0.025974337665269576, -0.06964787716307225, 0.6332363852141076, -0.9207651125063179, 0.07157347638969096, 0.5093497726185174, -0.9209549237271125
0.1014619134863527, 1.0, 1.0, 1.0, 1.0, 0.009706590440538478, 0.04595815473132664, 0.3492595969306099, 0.0, 0.0, 0.10684595909243133, 0.07233663951362847, -0.09835930145199527, 0.2742202810131246, -0.9237064422380199, 0.10252977790683747, 0.27195601745136316, -0.9227193211686555, -0.02600351302882832, -0.07057506274274311, 0.6326295997790683, -0.9207226062559669, 0.07040923390663595, 0.5101752732743832, -0.9209018724089396
0.10367131444606016, 1.0, 1.0, 1.0, 1.0, 0.009832763671875262, 0.04599666357040406, 0.3493304443359375, 0.0, 0.0, 0.10965189831125981, 0.07042289589297068, -0.09897643484931376, 0.2742807204621649, -0.9235113663307556, 0.10324043209701987, 0.27167539724554823, -0.922576199001884, -0.025994887735192432, -0.07145260500402972, 0.6320465799570599, -0.920684574347758, 0.069294624910162, 0.5110431993192985, -0.9208544054400479
0.10584334703128799, 1.0, 1.0, 1.0, 1.0, 0.009960556030273704, 0.045998914837837225, 0.3493939647674561, 0.0, 0.0, 0.11241037969449916, 0.06829513679820459, -0.0994924028899025, 0.27440221850921, -0.9233357980142178, 0.1039283862057561, 0.2713822799982127, -0.9224473890517899, -0.025968334624828664, -0.07224649059405965, 0.6314932475259242, -0.9206503456303702, 0.06826736734837016, 0.5119569667272499, -0.9208116851680457
0.10792696971794778, 1.0, 1.0, 1.0, 1.0, 0.01008934384300622, 0.04596907888139998, 0.34944898332868307, 0.0, 0.0, 0.1150565805065571, 0.06609019519309636, -0.09993934083030943, 0.27458729279528604, -0.9231769504897313, 0.10457404969561568, 0.27109330061099, -0.9223308467159905, -0.025932055809552438, -0.07292572697404767, 0.6309819211551378, -0.9206194162987803, 0.06736021130284069, 0.5128731898328398, -0.9207730334933767
0.10983812908470685, 1.0, 1.0, 1.0, 1.0, 0.010219171697443453, 0.04591187661344356, 0.3494996105540883, 0.0, 0.0, 0.1174837529023411, 0.06394449801355066, -0.10031962307952047, 0.2747856541799264, -0.923032543649289, 0.10527702885019123, 0.27075930129611314, -0.9222248991379908, -0.025923178162672523, -0.07344096198709661, 0.6305065715852967, -0.9205912610124721, 0.06661902113749901, 0.5136746344740711, -0.9207378956073142
0.11149519495712941, 1.0, 1.0, 1.0, 1.0, 0.010349121093750283, 0.0458312085400457, 0.3495471125063689, 0.0, 0.0, 0.11958822656031776, 0.06204106281149686, -0.1006505899353182, 0.27498889078877964, -0.9229006939254067, 0.10583025952234103, 0.2704770548856166, -0.9221281643928608, -0.025966342355416148, -0.07374202384111542, 0.630074416691209, -0.9205655540119299, 0.06608626504067053, 0.5143641376774524, -0.920705813189605
0.11286290868803621, 1.0, 1.0, 1.0, 1.0, 0.010479138692220355, 0.04573015381892523, 0.3495934470494589, 0.0, 0.0, 0.12132522299856939, 0.06023385766100867, -0.10109525276313445, 0.2752508783648567, -0.9227798316785149, 0.10620769183037948, 0.27018003530050033, -0.9220394908764916, -0.026004022577071285, -0.0738206241947739, 0.6297470193083726, -0.9205419892614328, 0.06579674654975191, 0.5149533334263635, -0.9206764043067047
0.1139213756543805, 1.0, 1.0, 1.0, 1.0, 0.010608886718750305, 0.045611313438415534, 0.3496385757446289, 0.0, 0.0, 0.12266947604582663, 0.05880174297442143, -0.10150720313866969, 0.27550364644881487, -0.9226686384113743, 0.1065557598782147, 0.2699297802848866, -0.921957911241432, -0.026038691792571952, -0.07366880099960142, 0.629532706275318, -0.9205203096909755, 0.06576149163964931, 0.5154292075004151, -0.9206493481344366
0.1146740697896974, 1.0, 1.0, 1.0, 1.0, 0.01073818500225391, 0.04547693527661838, 0.3496823751009428, 0.0, 0.0, 0.12362539759767908, 0.057755768011258084, -0.10189217908862999, 0.2757445986366482, -0.9225659984724752, 0.10687839625828331, 0.26972796048901776, -0.9218826069629154, -0.026070812548924734, -0.07329373133851104, 0.6294311390540249, -0.9205002977797841, 0.06597469371668534, 0.5157928162962219, -0.920624373206189
0.11513581136423523, 1.0, 1.0, 1.0, 1.0, 0.010866733127170437, 0.04532873886602897, 0.34972511997929334, 0.0, 0.0, 0.12421180939734214, 0.05708342997693469, -0.1022554064417738, 0.2759732595343727, -0.9224709614920131, 0.10717706023165408, 0.2695736032585337, -0.9218128807791037, -0.026100496546916527, -0.07270953414412241, 0.629439203295015, -0.9204817682323848, 0.06642350945798793, 0.5160502698087563, -0.9206012482726265
0.1155459653089758, 1.0, 1.0, 1.0, 1.0, 0.010994306291852971, 0.04516817220619747, 0.3497672244480678, 0.0, 0.0, 0.12446109109924944, 0.05675349498122995, -0.10259940117757436, 0.27618956126274824, -0.9223827128672984, 0.10745593049330139, 0.2694611922973838, -0.9217481350369928, -0.026127962442955018, -0.07193746877163128, 0.6295479759370524, -0.9204645622240852, 0.06708845370950013, 0.516212095962657, -0.9205797751200325
0.1186020419941039, 1.0, 1.0, 1.0, 1.0, 0.011518402099609684, 0.046603520512580876, 0.35009484972272603, 0.0, 0.0, 0.12775831111526534, 0.05973037547492018, -0.10305150847131846, 0.27568409887924866, -0.9223827128672983, 0.10683307944366417, 0.270271807765491, -0.9217481350369928, -0.026137269398177742, -0.0742887291609018, 0.6296120837265926, -0.9204645622240852, 0.06451542360001954, 0.5164249547524831, -0.9205797751200325
0.12162080396400209, 1.0, 1.0, 1.0, 1.0, 0.012050367082868631, 0.048016051650047305, 0.35042479378836505, 0.0, 0.0, 0.13071455742543242, 0.06305523198122963, -0.10351704945616198, 0.27517872182323194, -0.9223827128672984, 0.10620731440626882, 0.27112162311689303, -0.9217481350369928, -0.026146507211482862, -0.07639324238701921, 0.6297968743710234, -0.9204645622240852, 0.06221938466887157, 0.5165532624217092, -0.9205797751200325
0.12283988496322079, 1.0, 1.0, 1.0, 1.0, 0.012231804983956802, 0.04743414108242309, 0.3504698698861259, 0.0, 0.0, 0.13006766360790117, 0.062381708133461077, -0.10393014779834313, 0.2757094677695267, -0.9223827128672983, 0.10676982508862894, 0.2708879047708958, -0.9217481350369928, -0.026144968623756846, -0.07405634995422283, 0.63018136434858, -0.9204645622240852, 0.06443530133098647, 0.5167044024062466, -0.9205797751200325
0.12408183855821299, 1.0, 1.0, 1.0, 1.0, 0.012416152954101875, 0.04684115878173284, 0.3505162606920515, 0.0, 0.0, 0.12927235064486417, 0.06178131282690359, -0.10429195408066712, 0.27626279880354127, -0.9223827128672984, 0.10728644153555934, 0.27065210571948867, -0.9217481350369928, -0.026143061313382763, -0.07161474041109887, 0.6306354714758767, -0.9204645622240852, 0.06678384697499852, 0.5168301039558232, -0.9205797751200325
0.12534697396012312, 1.0, 1.0, 1.0, 1.0, 0.012605013166155445, 0.0462374421954155, 0.350563041142055, 0.0, 0.0, 0.1282845317184077, 0.06127994146362937, -0.10458430289765085, 0.2768342496472919, -0.9223827128672984, 0.10773645342430774, 0.27041793972472516, -0.9217481350369928, -0.026140880952119302, -0.06905103020455523, 0.6311779912427747, -0.9204645622240852, 0.06929183567853682, 0.5169211477267058, -0.9205797751200325
0.1266339030923289, 1.0, 1.0, 1.0, 1.0, 0.012798091343471318, 0.04562362832682474, 0.3506096635546004, 0.0, 0.0, 0.12708417932602212, 0.06089072785794604, -0.10479790162727601, 0.2774202109846774, -0.9223827128672984, 0.10811004550945237, 0.27018667276964026, -0.9217481350369928, -0.026138109875837173, -0.06635906272023509, 0.6318197792654018, -0.9204645622240852, 0.07197145180786724, 0.5169744999807494, -0.9205797751200325
0.12794210275344495, 1.0, 1.0, 1.0, 1.0, 0.012995768955776001, 0.04500011397259577, 0.3506554944174631, 0.0, 0.0, 0.1256474986922205, 0.060627137402378524, -0.10492286800188998, 0.27801638745068225, -0.9223827128672984, 0.10839522845185211, 0.2699586047087746, -0.9217481350369928, -0.02613518254399159, -0.06353282463343472, 0.6325688093720317, -0.9204645622240852, 0.07483645685492854, 0.516985376536475, -0.9205797751200325
0.12928530860933607, 1.0, 1.0, 1.0, 1.0, 0.013198111397879757, 0.044367384697709775, 0.35069995198931014, 0.0, 0.0, 0.12394162725523879, 0.06050168321727828, -0.10495044805591601, 0.27861755209036504, -0.9223827128672984, 0.10857219921399638, 0.269732882374008, -0.9217481350369929, -0.026131901782514715, -0.060557868001342385, 0.6334384168960847, -0.9204645622240852, 0.07790661725141253, 0.5169452062578884, -0.9205797751200325
0.13083029069383234, 1.0, 1.0, 1.0, 1.0, 0.013405336652483557, 0.04372628450393678, 0.35074209894452785, 0.0, 0.0, 0.12197950000792854, 0.06052986625662382, -0.10487057520488231, 0.27921570589055295, -0.9223827128672984, 0.10866024780774015, 0.26951748932367986, -0.9217481350369928, -0.02612821789772307, -0.05744225029938308, 0.63442512005825, -0.9204645622240852, 0.0811723901441139, 0.5168586199007106, -0.9205797751200325
0.13260240570373533, 1.0, 1.0, 1.0, 1.0, 0.013617673601423266, 0.04307788325207575, 0.3507818971361433, 0.0, 0.0, 0.11972891394535175, 0.060710905703689304, -0.10468318768984372, 0.2798124780316419, -0.9223827128672984, 0.10863028047694322, 0.26930637226110665, -0.9217481350369929, -0.026124186384278315, -0.054173350996385365, 0.6355375379923986, -0.9204645622240852, 0.08464962925821805, 0.5167135044368666, -0.9205797751200328
0.13464698925730653, 1.0, 1.0, 1.0, 1.0, 0.01383387974330384, 0.042423861963408346, 0.35081833839416504, 0.0, 0.0, 0.11713229283231633, 0.06109168392833058, -0.10435671762288726, 0.2804001032273105, -0.9223827128672984, 0.10845925352896858, 0.26910410225043396, -0.9217481350369928, -0.0261201747311208, -0.05073021300265299, 0.6367919179703323, -0.9204645622240852, 0.08836610615615423, 0.5164918702973313, -0.9205797751200325
0.13699388007503457, 1.0, 1.0, 1.0, 1.0, 0.01405376979282951, 0.04176587624209268, 0.3508517238071987, 0.0, 0.0, 0.1141517414938017, 0.06263838944434304, -0.10426320507960007, 0.2800920123490836, -0.92, 0.1079850113503205, 0.26745581529312756, -0.92, -0.026656443026450843, -0.04710662666717343, 0.638397663876303, -0.9200000296309637, 0.09258857516328194, 0.5162766148427463, -0.92
0.13966368116855482, 1.0, 1.0, 1.0, 1.0, 0.014276003156389772, 0.041105302955423084, 0.3508816432952881, 0.0, 0.0, 0.11076109410503099, 0.06347286552108879, -0.10362509137874665, 0.28066537144951326, -0.92, 0.10746987482601607, 0.2672629652431573, -0.92, -0.02665167285921823, -0.043275779588291555, 0.6399575562186391, -0.9200000296309637, 0.09682711256333477, 0.5158592281324352, -0.92
0.1426313540680589, 1.0, 1.0, 1.0, 1.0, 0.01449792044503373, 0.04044316551515035, 0.3509085437229702, 0.0, 0.0, 0.10699214952266081, 0.06457883742185275, -0.1028030763948777, 0.2812215529988414, -0.92, 0.10681942625929429, 0.267085483040969, -0.92, -0.026646944259650026, -0.03926014492669057, 0.6416519442622837, -0.9200000296309637, 0.10130702901074504, 0.5153341191836761, -0.92
0.1458475183422944, 1.0, 1.0, 1.0, 1.0, 0.014717472621373018, 0.03978011961494173, 0.3509335981096541, 0.0, 0.0, 0.10290762089438175, 0.06588741283892555, -0.10184475707711947, 0.2817768583364779, -0.92, 0.1060400980537751, 0.2669107600975215, -0.92, -0.02664191541290766, -0.03508582245117649, 0.6434519007036129, -0.9200000296309637, 0.10598643212261871, 0.5147044265917835, -0.92
0.14924121612383284, 1.0, 1.0, 1.0, 1.0, 0.014931041172572808, 0.03911708844559534, 0.35095720563616073, 0.0, 0.0, 0.09859762471182791, 0.06733961525312004, -0.10079221615633994, 0.28234113241075626, -0.92, 0.10516446767175634, 0.2667310231727037, -0.92, -0.02663732048931604, -0.03079200251035824, 0.6453135931771489, -0.9200000296309637, 0.11080582751895376, 0.5139755640263154, -0.92
0.15273138571218642, 1.0, 1.0, 1.0, 1.0, 0.015137285505022595, 0.03845418585198267, 0.3509774317060198, 0.0, 0.0, 0.09416510933461887, 0.06904676826155777, -0.0998683242058603, 0.28288962973312415, -0.92, 0.10434352082295191, 0.26658375646978066, -0.92, -0.026633322320139367, -0.026418254615800992, 0.6471998360891413, -0.9200000296309637, 0.11569969206691244, 0.5131627101237631, -0.92
0.15624046569980002, 1.0, 1.0, 1.0, 1.0, 0.015334243774414327, 0.03779151771749769, 0.35099333354405, 0.0, 0.0, 0.08970857775034959, 0.07094127943913434, -0.09911860425514869, 0.283428424206923, -0.92, 0.10362181503703397, 0.2664593346026935, -0.92, -0.026642610895705045, -0.022007352529232378, 0.6490621234443316, -0.9200000296309637, 0.1205987650802719, 0.512265758866589, -0.92
0.15969992706550784, 1.0, 1.0, 1.0, 1.0, 0.015520270211356284, 0.037129286016736714, 0.35100458553859165, 0.0, 0.0, 0.08531506181590066, 0.07295662938650317, -0.09855190008075773, 0.28394079252330806, -0.92, 0.10302580864720748, 0.26634883827602557, -0.92, -0.026675677897323762, -0.017598575031064344, 0.650858048535626, -0.9200000296309637, 0.1254584199508906, 0.511320230133945, -0.92
0.1630653050575845, 1.0, 1.0, 1.0, 1.0, 0.015693893432617432, 0.03646875730582647, 0.35101051330566413, 0.0, 0.0, 0.08104103176596333, 0.07504478560507387, -0.09816066825352687, 0.2844196119959383, -0.92, 0.10255053345398053, 0.26624282448949493, -0.92, -0.026722398949468037, -0.013228425370173977, 0.6525802699027367, -0.9200000296309637, 0.13023982385604224, 0.5103202834429571, -0.92
0.16626100262988722, 1.0, 1.0, 1.0, 1.0, 0.01585574558803038, 0.03581158314432418, 0.35101225444248746, 0.0, 0.0, 0.07698249584913888, 0.07710043778234481, -0.09794941185909546, 0.28485065109198615, -0.92, 0.1022300453261852, 0.26612947642270884, -0.92, -0.026778565879687067, -0.008948008815525097, 0.6542005093107973, -0.92, 0.13488132781684034, 0.5093014486744571, -0.92
0.1691884995283153, 1.0, 1.0, 1.0, 1.0, 0.016006120954241317, 0.03515802093914577, 0.35100678716387074, 0.0, 0.0, 0.07326457478813521, 0.0789958635941145, -0.09794333967021644, 0.285265596215178, -0.92, 0.10199534578261464, 0.2660460968686668, -0.92, -0.02681603469115438, -0.004823037299031857, 0.6557120700306008, -0.92, 0.13931624626474534, 0.5083626860963201, -0.92
0.1718011985538622, 1.0, 1.0, 1.0, 1.0, 0.016146937779018083, 0.034508311407906674, 0.35099306515284956, 0.0, 0.0, 0.06994644702569065, 0.08062358101123582, -0.09809981918004387, 0.2856610220607073, -0.92, 0.10200188069985412, 0.2659259264952948, -0.92, -0.026811629225350138, -0.0008928883648670657, 0.6571269032734852, -0.92, 0.143523290070889, 0.5075060944286521, -0.92
0.17409105227544824, 1.0, 1.0, 1.0, 1.0, 0.01627891540527366, 0.03386244603565762, 0.35096951757158557, 0.0, 0.0, 0.06703833279927639, 0.08189553337303969, -0.09813453415419289, 0.2860305910909164, -0.92, 0.10211780013129369, 0.2657655526397227, -0.92, -0.026809042023783043, 0.002840304390161597, 0.6584119967885348, -0.92, 0.14748966228336133, 0.506721788686869, -0.92
0.17602738726695438, 1.0, 1.0, 1.0, 1.0, 0.01640162876674126, 0.03321991128580911, 0.3509358569553921, 0.0, 0.0, 0.0645791873600636, 0.082619009024631, -0.0981396047175633, 0.2864168537044847, -0.92, 0.10225535212503674, 0.26552669835574466, -0.92, -0.02680660563172282, 0.006358127710901501, 0.6595580892910414, -0.92, 0.151196078099161, 0.506027801451881, -0.92
0.1776117677415467, 1.0, 1.0, 1.0, 1.0, 0.016515448434012456, 0.03258059757096427, 0.350892289025443, 0.0, 0.0, 0.06256702415733138, 0.08276577491274528, -0.09813637150634509, 0.2868249081524158, -0.92, 0.10239550552140142, 0.26520016171096966, -0.92, -0.026804172216524567, 0.009660619693785483, 0.6605656699815521, -0.92, 0.15464451434314125, 0.5054252763721547, -0.92
0.17890059094121893, 1.0, 1.0, 1.0, 1.0, 0.01662018912179145, 0.03194475506033217, 0.3508384432111468, 0.0, 0.0, 0.060974255882343155, 0.08238208672682105, -0.09811983057279897, 0.2872506444275536, -0.92, 0.10254324394877525, 0.26479436329948663, -0.92, -0.026801885882748473, 0.012760135481579973, 0.6614439845291882, -0.92, 0.15785101795578121, 0.5049100978340497, -0.92
0.18017905038030266, 1.0, 1.0, 1.0, 1.0, 0.016716047014509097, 0.03131275355815888, 0.3507744148799352, 0.0, 0.0, 0.05973714434604586, 0.08155182550668746, -0.09809344112003726, 0.2876865478814043, -0.92, 0.10269569901391551, 0.2643222414577078, -0.92, -0.026799670367580464, 0.015686464690254608, 0.6622154388189043, -0.92, 0.16085237360934687, 0.5044680609633143, -0.92
0.18144630196579925, 1.0, 1.0, 1.0, 1.0, 0.016803414481026957, 0.03068517999989646, 0.3507002026694162, 0.0, 0.0, 0.058802493705341075, 0.08034463547895825, -0.0980588332792838, 0.2881261858196937, -0.92, 0.102852971777329, 0.2637915983724412, -0.92, -0.026797380706338546, 0.01846221290386253, 0.6629004545534604, -0.92, 0.1636784966035097, 0.5040907209039404, -0.92
0.18270205487850824, 1.0, 1.0, 1.0, 1.0, 0.016883457728794817, 0.030062426498958048, 0.3506162112099784, 0.0, 0.0, 0.05813249800778354, 0.07881575611813063, -0.09801182976958832, 0.2885671643371493, -0.92, 0.10301659720380509, 0.2632120038161864, -0.92, -0.026794915989934102, 0.02110341221823647, 0.6635110864557122, -0.92, 0.16634946908694567, 0.5037698249675746, -0.92
0.1839457634196366, 1.0, 1.0, 1.0, 1.0, 0.016956536429269135, 0.029444881166730615, 0.35052273341587614, 0.0, 0.0, 0.05768158341629766, 0.07718520830203386, -0.09808802333914947, 0.2889792187938333, -0.92, 0.10328817861989782, 0.26263227453550203, -0.92, -0.026792525099112924, 0.023629578092063085, 0.6640657344477388, -0.92, 0.16888879793547532, 0.503495067118905, -0.92
0.18517779524697522, 1.0, 1.0, 1.0, 1.0, 0.017023097446986775, 0.028832471796444492, 0.3504193810054235, 0.0, 0.0, 0.05741571331651745, 0.07552573103197492, -0.09829521986725889, 0.2893628813884644, -0.92, 0.10368329019870996, 0.2620653677398545, -0.92, -0.026790144055941163, 0.026057066600739188, 0.6645756471991449, -0.92, 0.17131641134909395, 0.5032568223574874, -0.92
0.18639934731268248, 1.0, 1.0, 1.0, 1.0, 0.017083162580217786, 0.028224656411579684, 0.35030531883239746, 0.0, 0.0, 0.05730377744163391, 0.07387458900028492, -0.09862930466798672, 0.2897237430692177, -0.92, 0.10419759316013924, 0.2615158015041293, -0.92, -0.026787665848642606, 0.02840301547081364, 0.6650520320702602, -0.92, 0.17365245683082733, 0.5030477795985988, -0.92
0.1876122389166598, 1.0, 1.0, 1.0, 1.0, 0.0171372440883093, 0.02762062685830253, 0.3501798016684396, 0.0, 0.0, 0.0573154162459262, 0.0722607628710474, -0.09908200248045639, 0.29006583986517265, -0.92, 0.10482369012829629, 0.26098397644207255, -0.92, -0.02678497199611542, 0.030684854979705932, 0.665503203352578, -0.92, 0.1759163915905893, 0.5028589068348069, -0.92
0.18881817399516204, 1.0, 1.0, 1.0, 1.0, 0.017186878749302612, 0.027019705687250418, 0.3500412246159145, 0.0, 0.0, 0.05738343991777967, 0.07078094424538293, -0.09965652296319936, 0.2903920949471891, -0.92, 0.105563244004126, 0.26048584015850984, -0.92, -0.02678213198569337, 0.03293710427808993, 0.6659586744663689, -0.92, 0.17815109081954897, 0.5026837634314114, -0.92
0.1900176919847261, 1.0, 1.0, 1.0, 1.0, 0.017235118321010243, 0.026421889833041605, 0.3498888846806118, 0.0, 0.0, 0.057436647128933156, 0.06953627612671015, -0.10035978239398292, 0.2907058868748734, -0.92, 0.10641888656601288, 0.2600390049706057, -0.92, -0.026779043433868076, 0.035192098419263095, 0.6664509266404439, -0.92, 0.18040055936673496, 0.5025180192404153, -0.92
0.19121138216221198, 1.0, 1.0, 1.0, 1.0, 0.017285701206752435, 0.02582719206809998, 0.34972246170043947, 0.0, 0.0, 0.05739388208456094, 0.06841867765075563, -0.10104325909772037, 0.29104732870082817, -0.92, 0.10725508405139852, 0.2596143812446997, -0.92, -0.026775156799095014, 0.03748529144630374, 0.667020442260017, -0.92, 0.18271577635685557, 0.5023580764752016, -0.92
0.19240006065818097, 1.0, 1.0, 1.0, 1.0, 0.01734322684151806, 0.025235643301691334, 0.34954241207667763, 0.0, 0.0, 0.05717254064981666, 0.06742732375605272, -0.10163323076681952, 0.2914297015411336, -0.92, 0.10800219726684089, 0.2592065489158465, -0.92, -0.026770687111293694, 0.039848702924382126, 0.6677067910833275, -0.92, 0.18514880475415946, 0.502202992105598, -0.92
0.1935859567524719, 1.0, 1.0, 1.0, 1.0, 0.017410049438476762, 0.024646472590310237, 0.34934999602181577, 0.0, 0.0, 0.056736107980216874, 0.06658319099627522, -0.10211512051767117, 0.29184699241544626, -0.92, 0.10864263175500112, 0.2588195882137551, -0.92, -0.026765303532134615, 0.04229590892453493, 0.6685310547895732, -0.92, 0.1877234549566662, 0.5020575996138439, -0.92
0.19477029627641818, 1.0, 1.0, 1.0, 1.0, 0.01748924255371114, 0.024059622117451267, 0.34914733205522813, 0.0, 0.0, 0.05608068843828489, 0.06588595127856202, -0.1024893107606654, 0.29227889071940855, -0.92, 0.10917279505119411, 0.258462617162522, -0.92, -0.02675909843901927, 0.0448245062451655, 0.669507616045359, -0.92, 0.19044422708712916, 0.5019343591078861, -0.92
0.19595333785544244, 1.0, 1.0, 1.0, 1.0, 0.017585460117885247, 0.02347597922597613, 0.34893708910260884, 0.0, 0.0, 0.05524420642402446, 0.06532814716084542, -0.10276319061864037, 0.29270380686462305, -0.92, 0.10961674087308129, 0.25814762612836983, -0.92, -0.026751995212671388, 0.0474127029529033, 0.6706304351869925, -0.92, 0.19328640636410582, 0.5018489350739349, -0.92
0.1971360770996596, 1.0, 1.0, 1.0, 1.0, 0.017704718453543742, 0.022896759510040283, 0.34872192110334127, 0.0, 0.0, 0.05422794379059329, 0.06487461215143642, -0.10295652240934004, 0.29318252061712113, -0.92, 0.10995165937506259, 0.25788223156929113, -0.92, -0.02674399488463795, 0.05005127956304776, 0.6719260306464754, -0.92, 0.19624574022716915, 0.5018187168318706, -0.92
0.19832003369704237, 1.0, 1.0, 1.0, 1.0, 0.017850755964006933, 0.022323077235903065, 0.34850368363516676, 0.0, 0.0, 0.05300270219876187, 0.06455765023730084, -0.10304100024606513, 0.29377064581423207, -0.92, 0.11016974864069827, 0.25768341488020335, -0.92, -0.026735210496905408, 0.0527426857266612, 0.6734203235655289, -0.92, 0.19933371093994712, 0.501847625775542, -0.92
0.19950698015505675, 1.0, 1.0, 1.0, 1.0, 0.018027169363839506, 0.02175643026828766, 0.348286875316075, 0.0, 0.0, 0.051543015699896666, 0.06439968288269994, -0.10299859704302576, 0.29448143150269995, -0.92, 0.11026331406081782, 0.25757302418469324, -0.92, -0.02672512386705252, 0.05549098336163461, 0.6751191841224609, -0.92, 0.20255441616930844, 0.5019403019843256, -0.92
0.20085357325789627, 1.0, 1.0, 1.0, 1.0, 0.018239266531808233, 0.0211985947404589, 0.3480773489815849, 0.0, 0.0, 0.049832842459290476, 0.0644071127758057, -0.10282685031897745, 0.29528998382385474, -0.92, 0.11022678690581238, 0.25757661801020826, -0.92, -0.026714128038666147, 0.058302566611540506, 0.6770020568244032, -0.92, 0.2059071027134393, 0.5021045673955591, -0.92
0.20239744629811598, 1.0, 1.0, 1.0, 1.0, 0.018492551531110703, 0.020652483361107966, 0.3478805010659355, 0.0, 0.0, 0.04787212369821144, 0.06457769306924778, -0.10253312102677681, 0.29612465705463004, -0.92, 0.11005803847668005, 0.25771735128212314, -0.92, -0.02670219984681464, 0.06117939534038177, 0.6790200943990472, -0.92, 0.20937314704603277, 0.5023498695431334, -0.92
0.20411844923111505, 1.0, 1.0, 1.0, 1.0, 0.01879347664969333, 0.02012097699301584, 0.3476961708068848, 0.0, 0.0, 0.04568644997330263, 0.06487997293069771, -0.10214536417744914, 0.296877048519184, -0.92, 0.10975671064924564, 0.2580150453760697, -0.92, -0.026689243388330976, 0.064122132189105, 0.6811085738991259, -0.92, 0.21292014632955342, 0.5027017847386956, -0.92
0.2059190782807045, 1.0, 1.0, 1.0, 1.0, 0.01914866856166318, 0.01960321060248784, 0.347515994480678, 0.0, 0.0, 0.04339965108032402, 0.06559320341715738, -0.10149174015412832, 0.2974335730109532, -0.9203488259427903, 0.109664323786428, 0.2585308747308389, -0.92, -0.026741874667263545, 0.06718074199303312, 0.6830078259937442, -0.92, 0.21653191214929887, 0.5031189101084329, -0.92
0.20769398813197765, 1.0, 1.0, 1.0, 1.0, 0.01956523350306944, 0.019101941670690268, 0.3473260743277414, 0.0, 0.0, 0.041145515569207106, 0.06986976087457517, -0.09844587238632348, 0.2962226204698387, -0.9203488259427902, 0.11184541688201607, 0.26009785542744857, -0.92, -0.026760986420295514, 0.07031833211226966, 0.6851758108983719, -0.92, 0.2200044937401337, 0.5037319935810368, -0.92
0.2094126852856816, 1.0, 1.0, 1.0, 1.0, 0.020050452096121902, 0.018622770139149262, 0.3471167087554932, 0.0, 0.0, 0.03896277018400307, 0.07128814131318105, -0.09757011819055592, 0.296880887242999, -0.9247934076743165, 0.11218412891519695, 0.2611954077476478, -0.92, -0.02672814002760664, 0.0733641542446922, 0.6875701161780405, -0.92, 0.22332775617973297, 0.5045941019771205, -0.92
0.21101984948740182, 1.0, 1.0, 1.0, 1.0, 0.0206131417410717, 0.01816723431859698, 0.34687842232840405, 0.0, 0.0, 0.03692167164781839, 0.07189068327259304, -0.09650835188413405, 0.2969598345456154, -0.9304205450009946, 0.11199843902253659, 0.2622533094758469, -0.92, -0.02666632243742867, 0.07635255515485531, 0.6900317702691007, -0.92, 0.22644592726050652, 0.5056673708407059, -0.92
0.21258459042144603, 1.0, 1.0, 1.0, 1.0, 0.021267482212611828, 0.01773834960801261, 0.3466003554207938, 0.0, 0.0, 0.035144894575056554, 0.07188156914325736, -0.09507285835150332, 0.2955191753247649, -0.9362346609600605, 0.11162010726663515, 0.2634382371455349, -0.92, -0.0266888257190231, 0.07930885910112873, 0.6924717683259454, -0.92, 0.22929230574893752, 0.5069884266028482, -0.92
0.21429796934870077, 1.0, 1.0, 1.0, 1.0, 0.022027010236467883, 0.017342074428285875, 0.3462672914777484, 0.0, 0.0, 0.033684378854522475, 0.07096433931284082, -0.09330301273018496, 0.29200482802191363, -0.9415844179654247, 0.11082508487338372, 0.26466127600357675, -0.92, -0.02660049363623258, 0.08207412778859538, 0.695069059274205, -0.92, 0.2317998540986399, 0.5087717293356415, -0.92
0.2161990512745322, 1.0, 1.0, 1.0, 1.0, 0.022907115391322792, 0.016982988033975875, 0.3458614131382534, 0.0, 0.0, 0.032610574938030476, 0.06825719761533122, -0.09140106643456909, 0.28744336708980306, -0.9454340776479634, 0.10903730316296081, 0.2656692994209508, -0.92, -0.026533998071422597, 0.0849501604402633, 0.6973406182672115, -0.92, 0.23396777922458084, 0.5109813580194785, -0.92
0.2183327012404189, 1.0, 1.0, 1.0, 1.0, 0.02392548697335406, 0.016665128214018686, 0.34536645616803846, 0.0, 0.0, 0.03199925829026911, 0.0667893666579235, -0.0878823613783277, 0.2805314955277457, -0.9456495905900711, 0.10841212218662537, 0.2674304645045337, -0.9200002651329068, -0.026524261310067184, 0.08778230780739685, 0.699154335212211, -0.92, 0.2356955532681695, 0.5136424063690811, -0.92
0.22074944946970804, 1.0, 1.0, 1.0, 1.0, 0.02510342189243886, 0.016395615083830698, 0.3447685677664621, 0.0, 0.0, 0.03198050038652022, 0.06201799961574144, -0.08564910777752563, 0.2754235342276053, -0.9474305366673825, 0.1059427051634277, 0.26870418519643324, -0.9200002651329069, -0.026420307448934737, 0.09027218165230548, 0.7004359507439484, -0.92, 0.23691667534146824, 0.5169990678084168, -0.92
0.22350836593605977, 1.0, 1.0, 1.0, 1.0, 0.026466500418527033, 0.016183667097772872, 0.3440518215724401, 0.0, 0.0, 0.03263614370437237, 0.05647046629057246, -0.0832982725711465, 0.27158937295755, -0.9499074780168522, 0.1034178128569847, 0.27073331592399846, -0.9209581157847103, -0.025930330601590213, 0.09213289073573913, 0.7025110625661499, -0.9231911458567598, 0.23760252446833727, 0.521417596305869, -0.92
0.22667397675578035, 1.0, 1.0, 1.0, 1.0, 0.028042275565011376, 0.016034651483808247, 0.343211590903146, 0.0, 0.0, 0.03396282267751467, 0.050505392996615085, -0.08078685056352364, 0.2689749332404888, -0.9537579642160773, 0.10098479571034998, 0.2739152249325634, -0.9234170413214242, -0.0254114835180072, 0.09273493273955569, 0.7061827342791167, -0.9332026817934728, 0.23772660579197918, 0.5266889095022073, -0.92
0.23032039694742817, 1.0, 1.0, 1.0, 1.0, 0.02986359732491652, 0.01595169305801392, 0.3422563634599958, 0.0, 0.0, 0.03580078165587784, 0.0444036622948299, -0.07808234504777292, 0.2672554506895512, -0.9586003136540947, 0.09843107110439901, 0.27828518670450414, -0.927079463518523, -0.024827761327088336, 0.0914467875638136, 0.7102507785239087, -0.9494849997774643, 0.237411075996872, 0.5329657423795513, -0.9200991318974465
0.23452981622822386, 1.0, 1.0, 1.0, 1.0, 0.031968263898577244, 0.015938228879656114, 0.34120507512773784, 0.0, 0.0, 0.03802194683910353, 0.0380763050426514, -0.07537670988889947, 0.2665170786327323, -0.9643527835720455, 0.09572998812307147, 0.28389078746259194, -0.9319833329098713, -0.024218648994650257, 0.08732279147811126, 0.713211586163444, -0.9710677522516765, 0.2367344130334982, 0.5402117942227849, -0.9200991318974465
0.23939729612637795, 1.0, 1.0, 1.0, 1.0, 0.034401299612862965, 0.01599677247660501, 0.34008373396737246, 0.0, 0.0, 0.04062456219343373, 0.03150470058484019, -0.0727202279706561, 0.26685888565284965, -0.9709781091829128, 0.09292674545971943, 0.2907597847428618, -0.938517842719363, -0.023709814728177712, 0.07929882685893348, 0.7134985634963711, -0.9962434686124252, 0.23558675921632946, 0.5484200615931735, -0.9200991318974465
0.24499991308541297, 1.0, 1.0, 1.0, 1.0, 0.03719996861049129, 0.016118349773543223, 0.338919450214931, 0.0, 0.0, 0.04351825035666002, 0.024728947881939637, -0.07016261572191389, 0.26830043940987786, -0.9783268329097979, 0.09010653185454758, 0.2988265689225446, -0.9468199934070683, -0.023137436341260375, 0.06854341370761394, 0.7093198353097582, -1.0218725173829664, 0.23392190690976578, 0.5578618751273563, -0.9200991318974465
0.25140687269641326, 1.0, 1.0, 1.0, 1.0, 0.04039902823311963, 0.01628657698631287, 0.33774909700666156, 0.0, 0.0, 0.046550815252386, 0.01770215858389106, -0.06781888785089858, 0.2708749618432301, -0.9861513116863908, 0.08734870724520997, 0.307883434590999, -0.9570403851581448, -0.02252782983933014, 0.05656028737847891, 0.699656236320827, -1.0455179423020609, 0.23199041971250464, 0.5686096722395199, -0.9200991318974465
0.2586797720672903, 1.0, 1.0, 1.0, 1.0, 0.04402995518275689, 0.016486916201455256, 0.3365855993543353, 0.0, 0.0, 0.04965204520514802, 0.010265233376222174, -0.06578971840566059, 0.2746901844279867, -0.9943737824465414, 0.08455236610377218, 0.31739222594532224, -0.9695214439309124, -0.022012921613388248, 0.04344429015353436, 0.6840912078760175, -1.06558448475652, 0.22972105675389093, 0.5806734087046592, -0.9200991318974466
0.2668728295432358, 1.0, 1.0, 1.0, 1.0, 0.0481210000174388, 0.01669881207602365, 0.33545986039297926, 0.0, 0.0, 0.05271499624391248, 0.00281164369964753, -0.0640672871006276, 0.27956236452444455, -1.0026077734352117, 0.0816732107545186, 0.3261633583089955, -0.9837886680819257, -0.021507999045520452, 0.02955947581785535, 0.6628513431714963, -1.080492224561275, 0.22718910520377475, 0.5939174068187008, -0.9200991318974465
0.276038180330916, 1.0, 1.0, 1.0, 1.0, 0.052700097220284806, 0.016879871657916483, 0.33439968926565994, 0.0, 0.0, 0.05558292415493647, -0.004535606467893009, -0.0627391914396303, 0.28544440541475863, -1.0105738370610287, 0.07878474950416517, 0.33223956717574044, -0.9986180760163339, -0.021016064976348118, 0.015692564548640462, 0.6371048419500146, -1.0899694263870214, 0.22442822134511228, 0.607732171611827, -0.9200991318974466
0.2862508365521276, 1.0, 1.0, 1.0, 1.0, 0.057805153982980126, 0.016993811215673178, 0.3334171213422503, 0.0, 0.0, 0.05809871619540979, -0.010298879044454425, -0.06065715008094626, 0.2915826532581319, -1.0174335190377735, 0.07699345533833879, 0.3347534785100083, -1.0126426589980997, -0.020409958788135556, 0.0026181320133483316, 0.6087974930582328, -1.0944500036399092, 0.22130357720409055, 0.6230298669669831, -0.9200991318974465
0.29757509780073027, 1.0, 1.0, 1.0, 1.0, 0.06346724373953704, 0.017015323894364495, 0.33250828198024207, 0.0, 0.0, 0.060065301793351386, -0.013637413460033455, -0.05720284558674837, 0.29753628382863384, -1.0227349456869812, 0.07653716002281741, 0.33264969152065554, -1.0232577272973422, -0.019826412218623128, -0.009217509284469651, 0.5794056765942296, -1.0950684122968128, 0.2186249878468605, 0.6395124376594966, -0.9200991318974466
0.3100707079962692, 1.0, 1.0, 1.0, 1.0, 0.06971433367048012, 0.016920793822833475, 0.3316445446014405, 0.0, 0.0, 0.06110740749402348, -0.014503025368049274, -0.052591098123234224, 0.30349554864856193, -1.0267069845252768, 0.07700679078073312, 0.32519590274516735, -1.0287598153303197, -0.019679814410927924, -0.019493338607515398, 0.5506318650000253, -1.0950684122968126, 0.21596726314592715, 0.6559352203084571, -0.9200991318974465
0.323796116010208, 1.0, 1.0, 1.0, 1.0, 0.07657291957310289, 0.01668308453900474, 0.3307977730887277, 0.0, 0.0, 0.0609570917965924, -0.012555604350034376, -0.046698342855435955, 0.3093691580699975, -1.0293364353155334, 0.07838947842860507, 0.3126792231325574, -1.0287864402675468, -0.01949528729650799, -0.027903921951323813, 0.523943045689656, -1.0950684122968128, 0.21313891917703542, 0.6733205241041744, -0.9200991318974465
0.3388079668521761, 1.0, 1.0, 1.0, 1.0, 0.08406801496233281, 0.016280019368444178, 0.32994327408926827, 0.0, 0.0, 0.059475669638897506, -0.009444193495760386, -0.04099229011125289, 0.3166640578703591, -1.0323358059432988, 0.08039140219335288, 0.2979932257498233, -1.0287864402675468, -0.01899985669484362, -0.03449406675071145, 0.4997287793785392, -1.0950684129399855, 0.21051100934861783, 0.6914537018473154, -0.9200991318974465
0.35515392189393047, 1.0, 1.0, 1.0, 1.0, 0.09222012111118882, 0.01569630120481764, 0.3290389687674386, 0.0, 0.0, 0.056558286921166004, -0.004838907678321929, -0.03515125254184463, 0.3251315814843559, -1.03559436806501, 0.08313369836249071, 0.2823508132950308, -1.0287864402675468, -0.018493515067667683, -0.039398113359421096, 0.4785643702361707, -1.0969076483486617, 0.20815918774243072, 0.7097352408719333, -0.9200991318974465
0.3728902139592833, 1.0, 1.0, 1.0, 1.0, 0.1010531943184991, 0.014908372419221067, 0.32804997035435274, 0.0, 0.0, 0.052121691023273485, -9.868477525452989e-05, -0.029182302703602524, 0.33531315366781095, -1.0390580317521845, 0.08622762407516531, 0.26702134427383994, -1.0287864402675468, -0.017968027396211034, -0.04274882151356712, 0.46057880263393297, -1.1003511603350713, 0.20608492739843265, 0.7268437918592658, -0.9200991318974465
0.39204781897826696, 1.0, 1.0, 1.0, 1.0, 0.11057864597865533, 0.013898804102625173, 0.3269512639726911, 0.0, 0.0, 0.04637759724886774, 0.004202468687571996, -0.023244929497716917, 0.3475791414775257, -1.0428521042410959, 0.08939489961473093, 0.25235077765630526, -1.0287864402675468, -0.01698792018211699, -0.04493159318230213, 0.4456122669400357, -1.103730303580601, 0.20550544940387833, 0.7456435015201396, -0.9291089164287037
0.4126250654015206, 1.0, 1.0, 1.0, 1.0, 0.12079105922154036, 0.012648850764547085, 0.32572708129882816, 0.0, 0.0, 0.03951942984411189, 0.008754397922653515, -0.016672259758891996, 0.3615158597885942, -1.0470211682786288, 0.09263288638117395, 0.23864609692502028, -1.0287864402675468, -0.015990752712300077, -0.046287656298541445, 0.43362962242088676, -1.1080546789358594, 0.20699555253083798, 0.7649722342806855, -0.9462825197440197
0.4346045660654533, 1.0, 1.0, 1.0, 1.0, 0.13167833600725465, 0.011151581065995361, 0.3243792057037354, 0.0, 0.0, 0.03165122879017634, 0.012153345857366332, -0.01102217770685614, 0.37818766460624553, -1.0527758106609681, 0.095442485560459, 0.22655436354088535, -1.0310910178548476, -0.014939219666833774, -0.04717277394484776, 0.42472466692046007, -1.1131824366583767, 0.21119869321079593, 0.7822878211068381, -0.9699013316225914
0.45799255346218276, 1.0, 1.0, 1.0, 1.0, 0.14324086870465977, 0.009403059908321937, 0.3229290894099645, 0.0, 0.0, 0.023027635880238036, 0.012172644981376641, -0.007491306331027798, 0.39808016084094966, -1.0604912753102398, 0.09613319158622242, 0.21570645421153548, -1.0359382466294567, -0.01384616818814958, -0.04797891641290628, 0.41826289921576404, -1.1188456536294438, 0.21803147424367858, 0.7958882722973712, -0.9964136959300535
0.48276793111305477, 1.0, 1.0, 1.0, 1.0, 0.1554655129568919, 0.007399835671697357, 0.3214196177891323, 0.0, 0.0, 0.013604404615333346, 0.015219391623517329, -0.0017082320512589247, 0.417073448659635, -1.0657496111534353, 0.0987093751824772, 0.20759451705473758, -1.043030224920389, -0.012725979184060331, -0.048675657232391874, 0.4140058012952643, -1.1245219171538536, 0.22688348955105023, 0.8044562612071365, -1.0236912566482135
0.5088792983680884, 1.0, 1.0, 1.0, 1.0, 0.16832671029227136, 0.0051547347647803304, 0.3199004677363805, 0.0, 0.0, 0.003355067739287305, 0.019199507485786135, 0.0037144444602522165, 0.4368238997278378, -1.0721956793507768, 0.10179079509807196, 0.20169408733169827, -1.0519027393984872, -0.01155617064280866, -0.04948194337735866, 0.41173617381454836, -1.129721848764609, 0.2368106142691724, 0.8069898005120928, -1.0495776956436222
0.5362722283391286, 1.0, 1.0, 1.0, 1.0, 0.18179715837751134, 0.0026767958062035835, 0.31841721534729006, 0.0, 0.0, -0.007721913178294905, 0.02422405805840207, 0.008382165570727688, 0.4571107777847948, -1.0807898633461888, 0.10523621495091572, 0.19782851059276488, -1.062101581292679, -0.010312320054182852, -0.05062080123351247, 0.41122239204033306, -1.134297359973511, 0.24750349634698726, 0.8022731975902013, -1.0717917318060495
0.5648979189404437, 1.0, 1.0, 1.0, 1.0, 0.19585189819335955, -2.9092090470434623e-05, 0.3170188222612654, 0.0, 0.0, -0.019584751818474466, 0.03043767803653293, 0.012060383309363532, 0.4777662630413362, -1.0922025386593688, 0.10917273372070932, 0.19592276737124656, -1.073152792606487, -0.009491442040433997, -0.05209026042400646, 0.412095611263304, -1.13872951476382, 0.25866088789023883, 0.7891400692997818, -1.0887532502945092
0.5947079009535928, 1.0, 1.0, 1.0, 1.0, 0.21046696254185288, -0.002954609308923977, 0.3157492256164551, 0.0, 0.0, -0.0321664580965031, 0.03831983912347186, 0.014488969216443843, 0.4971647386129488, -1.1069405705792557, 0.11393681537995669, 0.19601008103098327, -1.0845639661045499, -0.008843704579243498, -0.05434824755763977, 0.41451268776458444, -1.142458818808666, 0.26770754335134483, 0.7658827814914984, -1.0964716772778562
0.6256666528747914, 1.0, 1.0, 1.0, 1.0, 0.22562313624790756, -0.006101270828928247, 0.3146413162776403, 0.0, 0.0, -0.04544249839163106, 0.04481960578035209, 0.014250293158483173, 0.5157128236232784, -1.1260671373599866, 0.11733453733470214, 0.19698666834429404, -1.0958589600863502, -0.00793457009011709, -0.05732349004367423, 0.41814771040429793, -1.144081140519447, 0.27531885003983175, 0.7382912550575648, -1.1006705803447694
0.6577286521957381, 1.0, 1.0, 1.0, 1.0, 0.2412957545689176, -0.009472025207110796, 0.31372049876621794, 0.0, 0.0, -0.059419851416593915, 0.054416663693189773, 0.014327006828571897, 0.5286399106668295, -1.143360683905252, 0.12237914836181697, 0.20005060460047783, -1.1068701721062053, -0.007559190510711267, -0.060791035845383604, 0.4231739185109366, -1.1450739852141054, 0.28020905478756697, 0.7080813030165293, -1.1006705803447694
0.6908416560283416, 1.0, 1.0, 1.0, 1.0, 0.257455531529018, -0.0130747136899403, 0.3130197974613735, 0.0, 0.0, -0.07396610738273932, 0.06263296594896324, 0.012751795942476848, 0.5367748189623661, -1.1589255325772554, 0.12601729626072297, 0.20326568852151763, -1.1160609963392527, -0.007965707854394342, -0.06453875226918501, 0.4279862120256453, -1.1418828393573457, 0.2830380548917874, 0.6777140818551962, -1.1006705803447694
0.7249518355272313, 1.0, 0.0, 0.0, 1.0, 0.27407320295061405, -0.016912562421389967, 0.31254686219351635, 0.0, 0.0, -0.08894363546498177, 0.0685400078348956, 0.009731180152030424, 0.5400720380753193, -1.1708683696989202, 0.12775916852462765, 0.20585939184465482, -1.1226954248327798, -0.00840454998742544, -0.06799693832783957, 0.43230333421147693, -1.1318713034206327, 0.2858850691874207, 0.6468793892877203, -1.1006705803447694
0.7600016983492568, 1.0, 0.0, 0.0, 1.0, 0.2911179024832591, -0.020987048745155314, 0.31229512623378214, 0.0, 0.0, -0.1040990221260538, 0.07239114042733218, 0.005971271838824223, 0.538353497312884, -1.1785142606071812, 0.1282098102759045, 0.20788315530130963, -1.1271183911665699, -0.008879832650043187, -0.07051471970413861, 0.43710951745230536, -1.1155889854366412, 0.2877058416650154, 0.6169221252459876, -1.1005714484473228
0.795918625044333, 1.0, 0.0, 0.0, 1.0, 0.3085529545375281, -0.025291159067835106, 0.3122442013876779, 0.0, 0.0, -0.11920807542625474, 0.07340734225012026, 0.0016795890476768358, 0.5320908422755737, -1.1820693639982192, 0.12661468407490048, 0.2084859058490157, -1.1283513389557707, -0.009332286020637499, -0.0709654764480582, 0.4435932652520246, -1.094006232962429, 0.28877535747868827, 0.5884559314977809, -1.1005714484473228
0.832592403077731, 1.0, 0.0, 0.0, 1.0, 0.32632429940359947, -0.029810097047260807, 0.31235928535461427, 0.0, 0.0, -0.1342255329891673, 0.0737301944276786, -0.0021695832829606207, 0.5210482885881279, -1.1810231518086678, 0.1245712956418785, 0.2088435137292596, -1.127215847163809, -0.009669741337838282, -0.06819004383963204, 0.4533884895194324, -1.0688305166016803, 0.289970326697462, 0.5610810664515264, -1.1005714484473228
0.8699145555554875, 1.0, 0.0, 0.0, 1.0, 0.34438277108328696, -0.03451407057898383, 0.3126011167253767, 0.0, 0.0, -0.14904173197860496, 0.07322342974670225, -0.005735636224604957, 0.506146099758199, -1.1763748827561142, 0.12185547798402159, 0.2088209315997613, -1.1234064235298884, -0.009750273260690806, -0.06292794969802716, 0.4680308447702649, -1.0432014678311392, 0.29093993002117186, 0.5351448934257731, -1.1009291645525212
0.90774860233771, 1.0, 0.0, 0.0, 1.0, 0.3626667894635883, -0.03936674467154909, 0.3129218523842948, 0.0, 0.0, -0.1635590242054186, 0.0718115944205715, -0.00943876729715796, 0.4883649102371343, -1.1689941817923892, 0.11815390880439393, 0.20830254049439187, -1.116453757970788, -0.009786171883763056, -0.056518218229428464, 0.48863647890040013, -1.0195560429120447, 0.29154232529453, 0.5104184125688226, -1.1026250009633352
0.9459582367813713, 1.0, 0.0, 0.0, 1.0, 0.38111646379743325, -0.044326942052159965, 0.3132993698120118, 0.0, 0.0, -0.17774002466711283, 0.07012066546630344, -0.013549052229854327, 0.4689152505435175, -1.1607717110322384, 0.11387776973069098, 0.20787464896351476, -1.1060962938415464, -0.009768938570319246, -0.04921032264839557, 0.514729241822302, -0.9994895004575856, 0.29188944275921064, 0.4866304899807848, -1.1056370163508098
0.9844169888159043, 1.0, 0.0, 0.0, 1.0, 0.3996758270263673, -0.049358734829085184, 0.31369271687098915, 0.0, 0.0, -0.191549078746571, 0.0692982149163791, -0.017889604727325998, 0.4485050417034809, -1.1525377200435682, 0.11032948014978261, 0.20974578795385684, -1.0937450300154774, -0.009559901607500877, -0.041433339456616106, 0.5457510023140172, -0.9845817615949912, 0.2919293783050719, 0.4636775554255675, -1.1089042292918259
1.023003575218902, 1.0, 0.0, 0.0, 1.0, 0.41829900469098785, -0.054399410997118244, 0.31406941686357776, 0.0, 0.0, -0.20487261169756296, 0.06877671845134567, -0.0217509280505185, 0.4277579846850146, -1.1445716564177513, 0.10693675594113801, 0.21530765267873067, -1.0798950279420543, -0.008818295762856724, -0.03371231908224382, 0.5817992685782781, -0.9797794510845217, 0.29165258188381266, 0.4419318195431524, -1.1111129518214031
1.0615875287009895, 1.0, 0.0, 0.0, 1.0, 0.4369325038364957, -0.059396717888968296, 0.31441246577671594, 0.0, 0.0, -0.21759433104201772, 0.06727891611056239, -0.02659305931690162, 0.4076327226570036, -1.1377119744410065, 0.10275762718684137, 0.22557086721773684, -1.0662063738752374, -0.008339484672817183, -0.026547967923923964, 0.6202964312736198, -0.9858237943729896, 0.29133160585360807, 0.42039766488238317, -1.1140553647264377
1.1000685064625084, 1.0, 0.0, 0.0, 1.0, 0.455534155709403, -0.06431352172579081, 0.31471027238028393, 0.0, 0.0, -0.22950063496192438, 0.0642480294386332, -0.03283350134106045, 0.3888655501333151, -1.1324105477917987, 0.09794103981323395, 0.2419233678367915, -1.0559750287013148, -0.007918725221735203, -0.02001226884926704, 0.6583670882125192, -1.0001275493627655, 0.2900844911437267, 0.3992924827507296, -1.1174703930239425
1.138360941510956, 1.0, 0.0, 0.0, 1.0, 0.47406656537737174, -0.06912262116159708, 0.3149828965323312, 0.0, 0.0, -0.2401794835787275, 0.05895559927753639, -0.04052636475596715, 0.37141357054804486, -1.1284385089535032, 0.09231344693703528, 0.264544157398973, -1.0507855065588547, -0.007185710472172721, -0.014346352246762754, 0.6931015649745628, -1.0182872048401501, 0.28816631140291554, 0.37971583851382296, -1.121165665109441
1.1763837855645554, 1.0, 0.0, 0.0, 1.0, 0.49249361310686396, -0.0738000220911843, 0.3152541269574847, 0.0, 0.0, -0.24926131377460373, 0.05083078825837096, -0.0498042154074822, 0.35521782847899397, -1.1258090581632465, 0.08591575678921251, 0.2929985290542125, -1.051424613208381, -0.006478997439768784, -0.009941356631999573, 0.7219534344740274, -1.0379041763186874, 0.28567986742846546, 0.36048978465039144, -1.1243788109639774
1.2140814128025086, 1.0, 1.0, 1.0, 1.0, 0.5107927267892021, -0.0783188951015472, 0.3155446325029646, 0.0, 0.0, -0.25641446224482334, 0.04077440820679583, -0.05935783632263668, 0.33860658016074224, -1.1228096875354812, 0.0786267604185336, 0.3238544846761805, -1.052543525871383, -0.0059983942507071284, -0.007105018188083796, 0.743646064064712, -1.0573741113071597, 0.28213157175163456, 0.3417655162800339, -1.1266285370462876
1.25140100231533, 1.0, 1.0, 1.0, 1.0, 0.5289389801025391, -0.08266647270747589, 0.3158838312966483, 0.0, 0.0, -0.26139261198049796, 0.028812841079033088, -0.06930222552378072, 0.32209818079401586, -1.1204796080049262, 0.07120779414598591, 0.3562234013080419, -1.0551054288015458, -0.005320964086014941, -0.006050037326547799, 0.7570218620739014, -1.073224027231059, 0.27734078154303793, 0.3239098457416583, -1.1269781044113258
1.288253730767376, 1.0, 1.0, 1.0, 1.0, 0.5468903786795482, -0.0868231766564505, 0.3162991796221052, 0.0, 0.0, -0.26405180022632463, 0.016319057446587553, -0.0795528565278486, 0.30532410018956685, -1.1191950116372047, 0.06448302444234731, 0.3885915170240836, -1.05971073155461, -0.004995742203959336, -0.006936163347189407, 0.7614283782034816, -1.0852864271207487, 0.27147082622346425, 0.3083292338220795, -1.1270081052508247
1.3245789059792592, 1.0, 1.0, 1.0, 1.0, 0.5646175820486887, -0.09077613115310665, 0.3168125806535994, 0.0, 0.0, -0.2646165650837479, 0.003543110287200338, -0.08966430007310185, 0.28925741774165675, -1.1212471734091556, 0.05873767473255142, 0.4204631240169659, -1.0675893131716916, -0.005552777377085093, -0.009749744309260662, 0.7565617908656803, -1.0924707102369347, 0.2634777840632941, 0.2923636192430427, -1.118582631654657
1.360342889163878, 1.0, 1.0, 1.0, 1.0, 0.5821054840087891, -0.09450961589813227, 0.31744274548121865, 0.0, 0.0, -0.2633167813234586, -0.009294082097108315, -0.10040540714484869, 0.2716532447965829, -1.1213893921887246, 0.05319028568965355, 0.4497215765064548, -1.0765016964644667, -0.005965777861594108, -0.014109023914474744, 0.7445175948491404, -1.0951786748467591, 0.25294765540719505, 0.27733571975046856, -1.101409028339341
1.395533859199591, 1.0, 1.0, 1.0, 1.0, 0.5993479810442245, -0.09801637922014504, 0.31820140293666294, 0.0, 0.0, -0.2604381153077543, -0.02107056573987753, -0.10997959683857826, 0.25270340954329107, -1.120269119977216, 0.04819732851909435, 0.4751217253404842, -1.0848483369317405, -0.006478993433350751, -0.019864790892892843, 0.7256244242562122, -1.0926591863345902, 0.23946008482298906, 0.26558996039511623, -1.0777902164607693
1.4301201086545108, 1.0, 1.0, 1.0, 1.0, 0.616328811645508, -0.10128800800868439, 0.3190835394178118, 0.0, 0.0, -0.2565146870165194, -0.032549246255413576, -0.11924524239532498, 0.23339197958080177, -1.118016766474151, 0.04355518527317731, 0.4953147318336084, -1.0917909801293855, -0.0074808759193309305, -0.026563727754048923, 0.701150990579443, -1.0869959693635232, 0.2230904873215362, 0.2584341436583095, -1.0512778521533073
1.4641235408392286, 1.0, 1.0, 1.0, 1.0, 0.6330587332589287, -0.10431589058467315, 0.32005664961678637, 0.0, 0.0, -0.2516941997353183, -0.04341826367812378, -0.12788267511866025, 0.21408739115086226, -1.1140614864250922, 0.03960251753566048, 0.509618159918153, -1.096882330922409, -0.008539433597670528, -0.034066498447661235, 0.6740135980236027, -1.081319705839113, 0.20489753135346048, 0.2574995231447649, -1.0240002914351471
1.4976158492912763, 1.0, 1.0, 1.0, 1.0, 0.6495712716238841, -0.10710331916809077, 0.3210778195517404, 0.0, 0.0, -0.24604330944106237, -0.05332010545159932, -0.1354520844757376, 0.19544997974518133, -1.1077767262260856, 0.036585658206295835, 0.5174893161632576, -1.0994359656781232, -0.009597559604797827, -0.041929474045585495, 0.6455531740737096, -1.076119774228358, 0.18557540079777465, 0.2640124966324054, -0.9981138524397384
1.5306633220001244, 1.0, 1.0, 1.0, 1.0, 0.6658963012695314, -0.10965817144938872, 0.3221065098898751, 0.0, 0.0, -0.2397172211837854, -0.061781771817483226, -0.1414778433071274, 0.17833239769991566, -1.098853148860836, 0.03464541849250397, 0.5185267959511625, -1.0983509720140414, -0.0106724139202629, -0.04971427503286125, 0.6163572918574542, -1.0715442630194556, 0.16609649465608192, 0.2786599642384018, -0.975899816277311
1.5633342812645916, 1.0, 1.0, 1.0, 1.0, 0.6820650264195035, -0.11198630843843727, 0.32310992104666575, 0.0, 0.0, -0.2328540334119144, -0.06824979096209095, -0.14534330915183152, 0.16312982891775993, -1.08680563460214, 0.033765020361805696, 0.5127066278330085, -1.0930467039925522, -0.011480481301954561, -0.057312290842334065, 0.5866642061701401, -1.067112108229147, 0.1460604844694084, 0.3023187221021478, -0.9589382977888514
1.5956873071931048, 1.0, 1.0, 1.0, 1.0, 0.6981028420584544, -0.11410008260181966, 0.32406557900565014, 0.0, 0.0, -0.22557037847731512, -0.07228983720689157, -0.14643824820442966, 0.1501844526013046, -1.071727621706901, 0.03379669546922851, 0.5000635509791166, -1.0825931319308133, -0.012139461598013051, -0.06426172327610091, 0.5570240181079485, -1.063382804184301, 0.12835727023160873, 0.33721842672996455, -0.9512198708055044
1.6277662761071967, 1.0, 1.0, 1.0, 1.0, 0.7140286036900113, -0.11600669690540852, 0.3249619265965053, 0.0, 0.0, -0.21792487325442106, -0.07536910339034937, -0.14580112640117912, 0.14115032701171817, -1.055315627817816, 0.03423870097164799, 0.48272825460432156, -1.0712978728161062, -0.012941682628486656, -0.07060689998964965, 0.5282316219373718, -1.0617604824735198, 0.11238201679325313, 0.37691872274399607, -0.9470209677385913
1.6596177454537078, 0.0, 1.0, 1.0, 0.0, 0.7298624093191964, -0.11771538768495826, 0.32578288895743235, 0.0, 0.0, -0.2100359109464164, -0.07778784527595022, -0.14372156483658927, 0.13686741981573497, -1.0387328031891243, 0.03551203710725948, 0.4616346113975282, -1.0602866607962511, -0.013158402219805057, -0.07608409827551753, 0.5003273514168471, -1.0607676377788615, 0.0994664972277084, 0.4194402502045645, -0.9470209677385913
1.6912790593830962, 0.0, 1.0, 1.0, 0.0, 0.7456204659598216, -0.11922976902553006, 0.3265031269618443, 0.0, 0.0, -0.20214534073008691, -0.07724088486697532, -0.1393284697372337, 0.13679083818938922, -1.0224278877443582, 0.03836442888676221, 0.4385891582435937, -1.0501379859114002, -0.012793472507683883, -0.0805716136400549, 0.4741126576348945, -1.0617992017936504, 0.08819072373416752, 0.4609297349007512, -0.9470209677385915
1.7227800592118145, 0.0, 1.0, 1.0, 0.0, 0.7613145773751395, -0.12056135245731892, 0.32710528237479075, 0.0, 0.0, -0.19434160809211093, -0.07358780958303467, -0.13311724601720315, 0.14129104303360387, -1.0079656658130158, 0.04307583162224623, 0.41422822941294407, -1.0410446318811593, -0.012144236797391425, -0.08397997257400168, 0.4490083785283226, -1.06354068750111, 0.07735410500686771, 0.5018558148041311, -0.9470209677385913
1.754140232485218, 0.0, 1.0, 1.0, 0.0, 0.7769512612479075, -0.12172721454075398, 0.32757575580051973, 0.0, 0.0, -0.1866650455689009, -0.06773509785592007, -0.1260656741047997, 0.1510874388423038, -0.9967471294169892, 0.048654258701247385, 0.38975034308068723, -1.0329592433502703, -0.011637660711119829, -0.08640794984285062, 0.4252561629470268, -1.0670940731444303, 0.0674344323993945, 0.5394199362737326, -0.9470209677385915
1.7853755427664524, 0.0, 1.0, 1.0, 0.0, 0.7925341578892301, -0.12276860032762793, 0.32790088244846893, 0.0, 0.0, -0.1792361760907879, -0.05863322258397272, -0.11804105336679556, 0.16551218854635336, -0.9886136507487336, 0.05609002164267277, 0.36580951140597445, -1.0268224261697214, -0.011113982804386125, -0.08793311132207562, 0.40319776986652806, -1.0718319090231845, 0.05751397183499799, 0.57294077442695, -0.9470209677385913
1.8165219858289658, 0.0, 1.0, 1.0, 0.0, 0.8080778176443919, -0.12372769900730672, 0.32807870864868166, 0.0, 0.0, -0.17209604110572405, -0.04924821069452258, -0.11066436808323087, 0.18545562922335143, -0.9847949696649413, 0.06485895263813841, 0.34129871848646404, -1.0214234081521911, -0.010875455842588519, -0.08867742413457995, 0.3827843086846329, -1.078498564416898, 0.04699647944446246, 0.6019870607137013, -0.9470209677385915
1.8476201998773272, 0.0, 1.0, 1.0, 0.0, 0.823598327636719, -0.12467030116489948, 0.3281217765808106, 0.0, 0.0, -0.16527404878090945, -0.03928320451009109, -0.10344191415564505, 0.20974307245028684, -0.9842069143028537, 0.07372831057528216, 0.3173846231097986, -1.0169306810984065, -0.010099113725405699, -0.08890986480870904, 0.3640916933577057, -1.083663913054346, 0.03703964035610961, 0.6283944264748527, -0.9518966701954105
1.878725010094898, 0.0, 1.0, 1.0, 0.0, 0.8391206359863282, -0.12563738346099845, 0.3280444077083043, 0.0, 0.0, -0.15873627728988896, -0.028397000034556818, -0.09556572492146678, 0.23711799624987373, -0.9861473616618113, 0.08342843439504989, 0.29368611490309604, -1.0136629549064302, -0.00938524796595663, -0.0888861823164763, 0.34698683059320284, -1.0893467528569887, 0.03055512906943717, 0.657716468309176, -0.9719395076174914
1.9099143285542888, 0.0, 1.0, 1.0, 0.0, 0.8546801757812502, -0.12668338435036788, 0.3278694043840681, 0.0, 0.0, -0.1525146719029312, -0.017023998453207616, -0.08663856333531175, 0.2661581000533526, -0.9888616564429621, 0.09452450006902648, 0.2702008075194689, -1.0115393602629044, -0.008902321618497511, -0.08851377355397068, 0.3321921980972394, -1.0957969218118238, 0.023615886671780217, 0.6825789582081129, -0.9918386367654163
1.941239185344, 0.0, 1.0, 1.0, 0.0, 0.8703010559082032, -0.12782345771789544, 0.3276078387669155, 0.0, 0.0, -0.14659699242957772, -0.006586673422381029, -0.07715457796270438, 0.29629669550810017, -0.992340296216419, 0.10476209300898172, 0.24630535090975608, -1.00962339993796, -0.008808844646527475, -0.08771331368086206, 0.3199270591758965, -1.1025162097918264, 0.01781945036770938, 0.7008890295869529, -1.014072909463776
1.9727434152410843, 0.0, 1.0, 1.0, 0.0, 0.8860025678362167, -0.12908506325313016, 0.32727134023393906, 0.0, 0.0, -0.14105054988555019, 0.0035138412947377596, -0.06794421110884717, 0.32685141082601527, -0.9969751810260049, 0.11519530244654909, 0.22251982577827098, -1.0086439940769751, -0.009189740955016333, -0.08674263317300683, 0.30868109820834627, -1.1036709412776313, 0.013126228706820566, 0.7120314660515319, -1.037035389039746
2.004466322046066, 0.0, 1.0, 1.0, 0.0, 0.901801452636719, -0.1304925230571201, 0.32687355722699846, 0.0, 0.0, -0.13611817398853504, 0.013194879516962072, -0.05912704132974599, 0.3577206169938084, -1.0033918591490987, 0.1257920203584439, 0.19932179050969775, -1.0093342376590282, -0.00957242077770872, -0.0858263116367364, 0.29891994359431645, -1.0980073112515831, 0.010499224718403834, 0.7131809919680404, -1.0556402935024205
2.03642845999866, 1.0, 1.0, 1.0, 1.0, 0.9177057102748327, -0.13205750056675494, 0.32644275529044015, 0.0, 0.0, -0.13211280342750678, 0.02207289511448061, -0.051646148884899434, 0.38861714828358335, -1.0122216186098005, 0.1361826194319474, 0.17676356901024043, -1.011786061843876, -0.00921550595162349, -0.08532476103920895, 0.29138769543977616, -1.0840162547992078, 0.008651790995540816, 0.7076383094763318, -1.0681467113127938
2.068647659754702, 1.0, 1.0, 1.0, 1.0, 0.9337222290039063, -0.1337867593765258, 0.32600523267473497, 0.0, 0.0, -0.1293512828087736, 0.030492789357607148, -0.044718411879590504, 0.4184677113633029, -1.0229507556029345, 0.1467405970954048, 0.15518788103491896, -1.015610349973325, -0.009308512365706385, -0.08541042872490741, 0.2876171955010718, -1.0658565993218232, 0.008204650702174073, 0.6933038400609713, -1.073485665318169
2.101136490719837, 1.0, 1.0, 1.0, 1.0, 0.9498560224260605, -0.1356793090275355, 0.325581362588065, 0.0, 0.0, -0.12802411958439436, 0.03853926169674312, -0.03815450926956029, 0.44648697087236383, -1.035528267376001, 0.15731165594974114, 0.13462100840264363, -1.0201947227433723, -0.010045739975749712, -0.08627091613992498, 0.28896971451737663, -1.046239627843286, 0.008997357656364604, 0.6687770185246794, -1.0702725194636324
2.1339001658496612, 1.0, 1.0, 1.0, 1.0, 0.9661065782819477, -0.13774910041264118, 0.325180687223162, 0.0, 0.0, -0.1283138034542038, 0.046924602441549834, -0.031931096929814023, 0.47204025242784675, -1.0498578221024681, 0.16824618219925688, 0.11556119003349272, -1.025378942280327, -0.010861190830522154, -0.08769780416002085, 0.29656632129205474, -1.0267696922116407, 0.012060912402877254, 0.641441631223806, -1.0680227933813222
2.16696320279484, 1.0, 1.0, 1.0, 1.0, 0.9824844360351566, -0.13999785082680832, 0.3248149476732527, 0.0, 0.0, -0.13034358131551574, 0.05522584020829545, -0.02637911070972847, 0.4941783204076243, -1.0647834071151474, 0.17854157416218155, 0.09760392890177952, -1.0300086687039822, -0.011865656910953551, -0.08965247606532575, 0.3110401707449039, -1.0090805408790653, 0.017017015510513215, 0.6130422813336629, -1.067673226016284
2.2003756824833594, 1.0, 1.0, 1.0, 1.0, 0.9990133231026788, -0.1424256774357386, 0.3244841248648508, 0.0, 0.0, -0.1341844699625096, 0.06443084712696881, -0.020600116592487987, 0.5115850276467379, -1.0790870080558583, 0.1883147011569, 0.08111507740342434, -1.0334546133892117, -0.012617779480022157, -0.09198232905622639, 0.33294279058956766, -0.9935746290029659, 0.024002156622356607, 0.5841728162174293, -1.0676432251767853
2.234202057834929, 1.0, 1.0, 1.0, 1.0, 1.01572377886091, -0.14503653662545332, 0.3241812760489328, 0.0, 0.0, -0.1398327722065503, 0.07279156642800257, -0.016814534924461354, 0.5237432229580962, -1.090535758618611, 0.1961306513345739, 0.06582504643499072, -1.0342228794452923, -0.012960262312886533, -0.09401487945099248, 0.36240280467495556, -0.9830112026412502, 0.03341801419111982, 0.5550775977866104, -1.0670589142416957
2.268499130443075, 1.0, 1.0, 1.0, 1.0, 1.0326419612339568, -0.14783785820007317, 0.3239019734518869, 0.0, 0.0, -0.147181898220926, 0.08001589524069161, -0.014139527247950074, 0.5324528889477161, -1.1028101643002128, 0.2024581225131418, 0.05363799851661246, -1.0344317805318717, -0.013435273464706151, -0.09612548643912648, 0.39744504615448084, -0.9759788626761675, 0.04354270826815319, 0.5255108324692325, -1.0670589142416957
2.303312883925321, 1.0, 1.0, 1.0, 1.0, 1.0497898319789345, -0.15082949434007906, 0.3236387934003558, 0.0, 0.0, -0.1559140651441371, 0.08525037763746666, -0.013393555364559705, 0.5364580417559354, -1.1129544554994695, 0.20616802006270765, 0.044669794359108894, -1.03281004217034, -0.013867891079705036, -0.09859829588815543, 0.4377535073689581, -0.9733705934658191, 0.05437523015750884, 0.4958573886197685, -1.0670589142416957
2.3387023516472807, 1.0, 1.0, 1.0, 1.0, 1.067196241106306, -0.15401077202388214, 0.3233818762642997, 0.0, 0.0, -0.16559240050866889, 0.08920546980261099, -0.013751533440547267, 0.5351601515717722, -1.1200645782765695, 0.2078448548346477, 0.040005480905818715, -1.0299371881305783, -0.013726411305803087, -0.10062730624602254, 0.48181048835300616, -0.9733705934658191, 0.06502096484457545, 0.467026390777124, -1.0670589142416957
2.3746741139614995, 1.0, 0.0, 0.0, 1.0, 1.0848634665352959, -0.1573813901628766, 0.3231259945460729, 0.0, 0.0, -0.17591939835351425, 0.09126093057616791, -0.015331911455419626, 0.5286393461105819, -1.1238948256339045, 0.2069980080602281, 0.040029114295758124, -1.0261125249871834, -0.01367702862459302, -0.10238391915018939, 0.5265196123656832, -0.9733705934658191, 0.07555158736872505, 0.4383168145632257, -1.0670589142416957
2.411188246195796, 1.0, 0.0, 0.0, 1.0, 1.1027701132638117, -0.1609412309101649, 0.3228731169019427, 0.0, 0.0, -0.18668266924986562, 0.09159990419846188, -0.01793796130087121, 0.5171259819491457, -1.1246574098001143, 0.2039279619161781, 0.04547946053228489, -1.0224278274725194, -0.013735116658755429, -0.10378454577938591, 0.570905940758149, -0.9733705934658191, 0.08603249587312971, 0.40956330813296876, -1.0670589142416957
2.4481834502848234, 1.0, 0.0, 0.0, 1.0, 1.1208858707972937, -0.16468029635293133, 0.3226273454938617, 0.0, 0.0, -0.197552878160681, 0.08908880325929401, -0.02208771846248612, 0.5016709076730307, -1.1229125273866238, 0.19818527806972083, 0.056322699698510705, -1.0199482555897965, -0.01366973762801291, -0.104696418956108, 0.6142411600929018, -0.9733705934658191, 0.09570577162765903, 0.38170150094751515, -1.0670589142416957
2.485579269449799, 1.0, 0.0, 0.0, 1.0, 1.1391714586530415, -0.1685853058951241, 0.32239008494785854, 0.0, 0.0, -0.20825147178580164, 0.08374980701257796, -0.02782940232704653, 0.48294429933119476, -1.1186983507646586, 0.19043038928685824, 0.07300191704690327, -1.0198663069174903, -0.01330542420351739, -0.10355381295151143, 0.655879315477727, -0.9733705934658191, 0.10483096665004196, 0.35499501353793533, -1.0672577320393015
2.5233198712933382, 1.0, 0.0, 0.0, 1.0, 1.1576013510567802, -0.17263836928776324, 0.32215262821742474, 0.0, 0.0, -0.2186041859132129, 0.07547139689294702, -0.03530406018002992, 0.46296465577108675, -1.115188672057472, 0.18115961318038917, 0.09573736356063385, -1.023640956534163, -0.012687993588858868, -0.10024088103734126, 0.6943657559733228, -0.9733705934658191, 0.11312310599296449, 0.3295741862852807, -1.0689390833341537
2.5613477428393745, 1.0, 0.0, 0.0, 1.0, 1.176150567190988, -0.17681644712175634, 0.3219080066680909, 0.0, 0.0, -0.22843347209375006, 0.0659375919833176, -0.04360442319841608, 0.441902656924115, -1.1122585862237182, 0.17138488772363167, 0.12285952406914269, -1.0279535767254466, -0.01150446717017115, -0.09454218835956599, 0.7288551960367798, -0.9737459876533469, 0.12036048447169215, 0.30583798895518266, -1.0703023189963292
2.599610374334917, 1.0, 0.0, 0.0, 1.0, 1.1947974395751955, -0.18109445980616967, 0.32166152409144816, 0.0, 0.0, -0.23754958526661513, 0.055802125361764245, -0.05249412965549161, 0.4202294320683792, -1.1097669182298329, 0.16124987610506195, 0.15379492166824343, -1.03240972042932, -0.010444961141679273, -0.08711745449102337, 0.7603758936065786, -0.9797118522726956, 0.12658987114574544, 0.28370826942099575, -1.0725502528352329
2.638073282404845, 1.0, 0.0, 0.0, 1.0, 1.213527821132115, -0.1854558392933436, 0.3214240918840682, 0.0, 0.0, -0.24577728977106814, 0.04493036938829006, -0.062170925936275136, 0.3991108707929979, -1.1080300436531263, 0.15118502306133733, 0.18723615706709404, -1.0368786256055944, -0.009555622138687365, -0.07835887239229898, 0.7866331348848213, -0.9877811415743721, 0.1325645842889908, 0.26402312777132214, -1.0750483440880643
2.6766994416455736, 1.0, 1.0, 1.0, 1.0, 1.232327150617327, -0.18988079752240855, 0.3212141105106899, 0.0, 0.0, -0.25307596114013764, 0.03363722727780953, -0.07250798132610069, 0.37819987814583833, -1.1066989422635787, 0.14080732629273005, 0.22246460363502557, -1.0410572094629567, -0.008845044219402342, -0.06868840762095894, 0.8064564302601166, -0.9961237755751855, 0.13743378362526684, 0.2465716971596131, -1.0768624566773033
2.7154589058281617, 1.0, 1.0, 1.0, 1.0, 1.251186261858259, -0.19434262888772139, 0.32104471615382607, 0.0, 0.0, -0.2593664606559897, 0.02253036006154124, -0.08316046237325865, 0.3574287667468531, -1.1054292383133268, 0.1310987966525595, 0.2584157019859145, -1.0453819164483296, -0.008133533700734016, -0.05834852174708938, 0.8192585925583804, -1.0028762922797214, 0.14165253713202317, 0.2324793771891342, -1.0779740464999277
2.7543305967941816, 1.0, 1.0, 1.0, 1.0, 1.2701037706647604, -0.19880132266453326, 0.32092987469264445, 0.0, 0.0, -0.2644471267209571, 0.011635803881928473, -0.09421461572858685, 0.3372192115855243, -1.1052303646704653, 0.12225431658165994, 0.29536569208984975, -1.0504071830542168, -0.00769502772229958, -0.04777111690435958, 0.8239432112467184, -1.0070583106221676, 0.1457579306131456, 0.2216580443829159, -1.0779742732606088
2.7932965604575033, 1.0, 1.0, 1.0, 1.0, 1.2890791538783481, -0.20321962697165344, 0.32087809290204733, 0.0, 0.0, -0.2680605304479426, 0.0014119322552953123, -0.1051442240169248, 0.31725672243358777, -1.1063325794193786, 0.1128276567553882, 0.3327775455754109, -1.056340653362097, -0.007794564510256159, -0.037451830164644616, 0.820073621642948, -1.0079475240299287, 0.14951897008829476, 0.2150034838388615, -1.0779742732606086
2.8323331755523076, 1.0, 1.0, 1.0, 1.0, 1.308114166259766, -0.20753618035997654, 0.3208876637050084, 0.0, 0.0, -0.2700095711354157, -0.008180937311609652, -0.11613657345806214, 0.2976274990327674, -1.1087458639117778, 0.10458757531989653, 0.369259219566343, -1.063860906172214, -0.008503567334105596, -0.02840536668467466, 0.8083050379830106, -1.0061567212399642, 0.15236124590559674, 0.21096008280837966, -1.0727408546985913
2.871424671794681, 1.0, 1.0, 1.0, 1.0, 1.327208927699498, -0.21171066897256025, 0.3209486593518939, 0.0, 0.0, -0.2701476043080576, -0.017646320931093647, -0.12753854203135523, 0.2785984219159952, -1.1125568034633646, 0.09695044200923757, 0.40454168999399337, -1.0733846447587136, -0.00926270443445373, -0.021278537407689334, 0.7898536217971891, -1.000679580037678, 0.1514925227363458, 0.20386616702175356, -1.0510021808656964
2.91052535716137, 1.0, 1.0, 1.0, 1.0, 1.3463484736851288, -0.21569735663277753, 0.3210479586465019, 0.0, 0.0, -0.26839988052743546, -0.02707462428155109, -0.13932649864662586, 0.26018591398828983, -1.1174835583016456, 0.08917634372219985, 0.4378804366740584, -1.0852277362789275, -0.010110822499614414, -0.016586979910169313, 0.7668792547804151, -0.994229411082843, 0.1509809443549869, 0.2012424022732238, -1.0280910363302966
2.9496186231756205, 1.0, 1.0, 1.0, 1.0, 1.3655249241420204, -0.21948346410478856, 0.3211873517717634, 0.0, 0.0, -0.2648555710757092, -0.036432757763075696, -0.1512726715324641, 0.24226375715731266, -1.1227051176703893, 0.08242430470020785, 0.4681650366313641, -1.0992815392067052, -0.010812739381963686, -0.01456005721658345, 0.7408798182612565, -0.9875101221606796, 0.14901020634045586, 0.20524336081532582, -1.002589550690921
2.9886893036196094, 1.0, 1.0, 1.0, 1.0, 1.384732306344169, -0.22304800987243642, 0.321366994040353, 0.0, 0.0, -0.25960975823861876, -0.046045801920075284, -0.16332000813490383, 0.22489477130208185, -1.1275831612328915, 0.07602931934019656, 0.4943417308199835, -1.1146876885943569, -0.011560447920148735, -0.014737912760605097, 0.7132875660514578, -0.9816804993595978, 0.14580064469945828, 0.21652917404814603, -0.9774183485853737
3.0277511604023437, 1.0, 1.0, 1.0, 1.0, 1.4039785221644814, -0.2263707106454031, 0.3215856742858887, 0.0, 0.0, -0.2526814691010437, -0.05626027213960606, -0.17517828114797168, 0.20799439089823143, -1.1312508223081077, 0.06969041495671947, 0.5145719362771788, -1.1287117629157168, -0.012090824869953023, -0.016561144288502003, 0.6853467328647355, -0.9768192088442902, 0.14048031332761785, 0.2382103508078291, -0.9558710312176644
3.066838942561393, 1.0, 1.0, 1.0, 1.0, 1.4232795497349333, -0.22944219452994202, 0.321833896636963, 0.0, 0.0, -0.24411548103035313, -0.06365861021777179, -0.18381964231983527, 0.190830859734304, -1.1324310110740832, 0.06597580210784916, 0.5291873435449379, -1.1401646684111861, -0.01344645496924225, -0.01932745978244168, 0.6578531850032431, -0.9758881016499863, 0.13457150978237817, 0.2657467849810023, -0.9399495851097864
3.10596839745032, 1.0, 1.0, 1.0, 1.0, 1.442641241891044, -0.23225349971226275, 0.32209371566772466, 0.0, 0.0, -0.23398336858690458, -0.06906246392795734, -0.19037578289129667, 0.17448105524216176, -1.1314497913113357, 0.06357586357796913, 0.5369554125938344, -1.148057178158382, -0.014133802041657501, -0.022393628878768845, 0.6312039262358835, -0.9758881016499864, 0.12805281215924116, 0.3018539660374375, -0.9309153590189129
3.145145051335283, 1.0, 1.0, 1.0, 1.0, 1.4620630100795204, -0.23480251380375444, 0.3223481941223145, 0.0, 0.0, -0.22248448387147457, -0.07227365103820893, -0.19485586668529561, 0.1596309950860665, -1.1279882618197477, 0.06215275650781193, 0.5379496926648587, -1.1514793577132223, -0.013902443777232192, -0.025209810861735522, 0.6055316790674786, -0.976291506668139, 0.12071631989233263, 0.34754083123857743, -0.9309153590189129
3.184335474584911, 1.0, 1.0, 1.0, 1.0, 1.481525344848633, -0.23708063670567095, 0.3225760637010847, 0.0, 0.0, -0.20971330574783223, -0.07307235460072885, -0.1968701692840197, 0.1466981029521485, -1.121799020173156, 0.06143137847378842, 0.5323812129217865, -1.1496696858869997, -0.013363263974125435, -0.027566522010792478, 0.5807510517607684, -0.9775017495913106, 0.11212634577205224, 0.3960796135771312, -0.930915359018913
3.223490322324653, 1.0, 1.0, 1.0, 1.0, 1.5009989057268418, -0.2390945761544363, 0.32276754106794087, 0.0, 0.0, -0.19586238944833828, -0.07138004766588818, -0.19617951212051174, 0.13605590791462896, -1.1127566553807033, 0.06116014840060914, 0.5204939299633131, -1.142570178187554, -0.012687251868784609, -0.029010969727439804, 0.5562496943341693, -0.9788449404613184, 0.10196992461353847, 0.44447616373017135, -0.9309153590189129
3.2625761692547353, 1.0, 1.0, 1.0, 1.0, 1.5204616546630862, -0.24086298261369968, 0.3229280826023647, 0.0, 0.0, -0.18116138552740482, -0.06868426680936714, -0.19405561809269817, 0.1289171474453777, -1.1017867770066294, 0.06054439551253763, 0.5042640830083565, -1.1345189307492602, -0.012166897422089021, -0.029380620254230796, 0.532917411206555, -0.9827700562196017, 0.0905182364951533, 0.49113384906704755, -0.930915359018913
3.30153900320161, 1.0, 1.0, 1.0, 1.0, 1.5398822893415183, -0.2424006938934325, 0.3230638776506697, 0.0, 0.0, -0.16572795249341543, -0.06398430260447723, -0.18939332166970083, 0.125162556139409, -1.0895014393574427, 0.060462610090024405, 0.4845125318348553, -1.1258720830760978, -0.011734573380081553, -0.02881249643993669, 0.5105662256100335, -0.9875840075634058, 0.07674710606127498, 0.5340970945133436, -0.9309153590189129
3.340329343090315, 0.0, 1.0, 1.0, 0.0, 1.5592327880859378, -0.24371629851204998, 0.32317638669695176, 0.0, 0.0, -0.14977564628638884, -0.05570248627641534, -0.1811479540927224, 0.12370667853062958, -1.0752629458476028, 0.06120066596730719, 0.46225439764692267, -1.1167507986967433, -0.0109964004155717, -0.026876154191886166, 0.48897065235050746, -0.9916000058384957, 0.06367416175880028, 0.5763075416937882, -0.9378599508031275
3.3789008651632995, 0.0, 1.0, 1.0, 0.0, 1.578486502511161, -0.24482763086046483, 0.323269762311663, 0.0, 0.0, -0.13361433613413456, -0.047523535359468995, -0.1726631292755283, 0.12860914033999607, -1.0639678048802683, 0.06380472801713644, 0.43828390310337795, -1.1077213190037007, -0.01011589795010694, -0.023121022278348998, 0.46814776339668374, -0.995135138158758, 0.05184830702300531, 0.6169158685096876, -0.952511513798771
3.417193614669865, 0.0, 1.0, 1.0, 0.0, 1.5976098850795204, -0.24576566355569013, 0.3233532224382673, 0.0, 0.0, -0.11751932913866917, -0.038536971221425305, -0.1633685981834566, 0.13896399370427168, -1.0547958070557115, 0.06728600870935851, 0.4135777178239934, -1.0988043010712085, -0.009461597198796015, -0.018443092185198046, 0.44836476874698716, -0.9982111533017797, 0.042764951823198075, 0.6532629208026656, -0.9725393792465556
3.4551745793414144, 0.0, 1.0, 1.0, 0.0, 1.6165834263392862, -0.24656763076782215, 0.3234342370714461, 0.0, 0.0, -0.10160730124923685, -0.028423658316546085, -0.15332153219397807, 0.15479945673214313, -1.0483492756673736, 0.07272976917114145, 0.3881228832456154, -1.0904456351306469, -0.008669101276153533, -0.012741178712464076, 0.42979937630046694, -1.0000409340961327, 0.036442263470234805, 0.6841336257814924, -0.9955986143089035
3.492848888869493, 0.0, 1.0, 1.0, 0.0, 1.6354080527169366, -0.24725453785487575, 0.32351607186453685, 0.0, 0.0, -0.08607414468505326, -0.01786688326690002, -0.14312665913827824, 0.17615842079209962, -1.0450837027566044, 0.07934042259775217, 0.36216622959559164, -1.0827041834114992, -0.008034259608047304, -0.006449576128900693, 0.4123202056408473, -1.0009677797221184, 0.03353520223379509, 0.7081419819671595, -1.019833507159836
3.5302441457440943, 1.0, 1.0, 1.0, 1.0, 1.6540962982177738, -0.24784681252070825, 0.32360765457153323, 0.0, 0.0, -0.07123905788948894, -0.00707557280184868, -0.1335281882885014, 0.2028430204349784, -1.0456426474394698, 0.08733622438860691, 0.3363211022706453, -1.0760699070641115, -0.007666559180305378, -6.857563704519107e-05, 0.39634157130836367, -1.0009677797221186, 0.034390405810708805, 0.7238952020563427, -1.042611035012762
3.5674038614645656, 1.0, 1.0, 1.0, 1.0, 1.672668903895787, -0.24836588518960126, 0.32372017724173413, 0.0, 0.0, -0.05740052860924992, 0.005175161469303711, -0.12309993843866421, 0.2330022601937264, -1.049306085105541, 0.09676499625196304, 0.3103512878357234, -1.0704049124440993, -0.007698968853323267, 0.004820723823852621, 0.3827972168943721, -1.0009677797221184, 0.03942285460620716, 0.730534044036517, -1.0606816936085215
3.6043475064062336, 1.0, 1.0, 1.0, 1.0, 1.6911351776123051, -0.24881861073630188, 0.3238589436667306, 0.0, 0.0, -0.044751763680428804, 0.018220152747495912, -0.11274296460035459, 0.26511225605283495, -1.0546490050826138, 0.10644602314089394, 0.28488937619306315, -1.0656726613911023, -0.007826336912179644, 0.007500435397998675, 0.3729499462071665, -1.0009677797221186, 0.047853860533386285, 0.7269546917554183, -1.0689573932774783
3.641096958577569, 1.0, 1.0, 1.0, 1.0, 1.7095058005196713, -0.24920690536499013, 0.3240394374302456, 0.0, 0.0, -0.033482225866443824, 0.03261743742214144, -0.10162003101124276, 0.29713066159438617, -1.0608224610186139, 0.11705343588986518, 0.2592529762381385, -1.061360041199819, -0.008953150012443251, 0.0076924033151860045, 0.36709334665529714, -1.0005923855345906, 0.05963543419107469, 0.7132923494033842, -1.0675941576153025
3.6776733596540794, 1.0, 1.0, 1.0, 1.0, 1.7277909742082873, -0.24953962462288984, 0.3242669064658029, 0.0, 0.0, -0.023787876416142283, 0.046624349760650205, -0.09128098259535344, 0.3292969762975751, -1.0690219700888695, 0.12724254973361615, 0.232800167746767, -1.0569038974959453, -0.010123346462047567, 0.005628980260639039, 0.36393363151135366, -0.9946265209152421, 0.0746658370712967, 0.695422408845297, -1.0653462237763989
3.714072650741401, 1.0, 1.0, 1.0, 1.0, 1.7459885951450895, -0.24981108392987922, 0.32454002652849473, 0.0, 0.0, -0.015763669363652894, 0.06075388740483655, -0.08098035713105378, 0.3600158991989796, -1.079124125736721, 0.13719656849848647, 0.2061251315085091, -1.052434992319671, -0.011336646605892776, 0.001725512036615792, 0.3653459779268097, -0.9855256675987764, 0.09269793642697441, 0.6745288863363547, -1.0628481325235677
3.7503027010415257, 1.0, 1.0, 1.0, 1.0, 1.7641025216238844, -0.25001059259687136, 0.32485707419259213, 0.0, 0.0, -0.00929183647603833, 0.07536121872962406, -0.07031758755155777, 0.3888599919089593, -1.0908789563854284, 0.1472608778075394, 0.1797207867016479, -1.0482564084623087, -0.012634681609138412, -0.004004024744881439, 0.3722211482198068, -0.9754415478905037, 0.1124613465598762, 0.6520095851124672, -1.0610340199343287
3.786369740927793, 1.0, 1.0, 1.0, 1.0, 1.7821356310163228, -0.2501322773524692, 0.3252205875941686, 0.0, 0.0, -0.00426733066629738, 0.08966743500394633, -0.059998046864674116, 0.41553236585294157, -1.104515001125023, 0.15697804135383311, 0.15330881030885352, -1.043931701476936, -0.013784821763079607, -0.011113077809954275, 0.385093947108992, -0.9651356455426473, 0.1330161251335821, 0.6290256254133124, -1.059922430111704
3.822280939466786, 1.0, 1.0, 1.0, 1.0, 1.8000911930629189, -0.25016883850097643, 0.32562808854239333, 0.0, 0.0, -0.0005353098584468312, 0.10353632915176017, -0.050053866818512656, 0.43892539523426183, -1.118317958480309, 0.16612194698300223, 0.12685910362203917, -1.0389064348710486, -0.01479119938629225, -0.019782786935101986, 0.4047012167147154, -0.9562157913214472, 0.1543441679335538, 0.6053286166689752, -1.0599222033510232
3.8580397014170655, 1.0, 1.0, 1.0, 1.0, 1.8179704829624725, -0.2501117706298827, 0.32607609476361965, 0.0, 0.0, 0.0018951946220150668, 0.11690509148399056, -0.04074252643950614, 0.4584679984247836, -1.1311042312461403, 0.1748888486498086, 0.10090109640860563, -1.033288132136112, -0.015070173820452072, -0.029203905082294812, 0.43148444991277796, -0.9486599225199723, 0.1762190139204125, 0.5810541982734992, -1.0599222033510232
3.8936449826580297, 1.0, 1.0, 1.0, 1.0, 1.8357724543980194, -0.24995741367340077, 0.32655483927045553, 0.0, 0.0, 0.003027633604656022, 0.12943099560050758, -0.032290535628499255, 0.4740528239340062, -1.1426046918364758, 0.1829182719687587, 0.07628447494457444, -1.0273740360752, -0.01556193741732754, -0.03881553141808087, 0.4642979658733963, -0.9452853766724888, 0.19823254856207387, 0.5553192930879379, -1.0599222033510232
3.9291068677645606, 1.0, 0.0, 0.0, 1.0, 1.853501608712333, -0.2497055980137415, 0.32706794875008727, 0.0, 0.0, 0.0029391039043696865, 0.14107157831461456, -0.024764590927601787, 0.48542997169302515, -1.152235606215664, 0.19019998493063725, 0.05384186076416971, -1.0204962776491961, -0.016043429323743977, -0.0479612450482335, 0.5026369572010015, -0.9450796780721322, 0.21995122219334995, 0.5283670219065189, -1.0599222033510232
3.9644277842828846, 1.0, 0.0, 0.0, 1.0, 1.8711586870465964, -0.24936009747641413, 0.32761821065630237, 0.0, 0.0, 0.0017530498053134262, 0.15127281029227083, -0.018503934286821344, 0.49254164558750674, -1.159670820962548, 0.19625999002280664, 0.033913168168939356, -1.0117624658192286, -0.01597597280043238, -0.055678114446137, 0.5445814598588923, -0.9450796780721322, 0.2410374732174728, 0.5006097167470366, -1.0599222033510232
3.999587442005775, 1.0, 0.0, 0.0, 1.0, 1.888733117239816, -0.24892445291791634, 0.3282003048488073, 0.0, 0.0, -0.0004224025893576701, 0.15978408720473877, -0.013567863653671153, 0.495140909417203, -1.164678988942288, 0.20077813653905602, 0.016980997183185614, -1.0009552513806474, -0.01583810984864286, -0.06204189342667998, 0.5879964772548458, -0.9450796780721323, 0.2614179892903171, 0.4720646798770109, -1.0599222033510232
4.034534033538869, 1.0, 0.0, 0.0, 1.0, 1.9061987740652904, -0.24840783255440835, 0.32879975591387073, 0.0, 0.0, -0.0034281941837006453, 0.16703898928096406, -0.009503850561322266, 0.49280339086581637, -1.166601667729578, 0.20394650849948676, 0.0040573017412455226, -0.9888457292251832, -0.0157176950792794, -0.06666803683056415, 0.6313388617648091, -0.9450796780721322, 0.281465731186184, 0.44285374989099996, -1.0599222033510232
4.069185393789154, 1.0, 0.0, 0.0, 1.0, 1.92351432800293, -0.24781556265694743, 0.32940492221287326, 0.0, 0.0, -0.006997780661583291, 0.17275534371040988, -0.006253931452739413, 0.4854543255550249, -1.1653208186100026, 0.20548976727953963, -0.004074503741784419, -0.9767080741278243, -0.015650854794557745, -0.0692695814550462, 0.6731533447447037, -0.9450796780721323, 0.30084162086677874, 0.41272713526140564, -1.0599222033510232
4.103442229795261, 1.0, 0.0, 0.0, 1.0, 1.940629305158343, -0.24713713782174235, 0.33000571659633093, 0.0, 0.0, -0.010783258049344687, 0.17395781454146494, -0.0057006793416131294, 0.4735990841295982, -1.1609445224510535, 0.2029742640543589, -0.008213502191522429, -0.9648576325159609, -0.015567904416540239, -0.07049916271438308, 0.7127246708450843, -0.9450796780721322, 0.3196680513987774, 0.3828117191740901, -1.0599222033510232
4.137232552872326, 1.0, 0.0, 0.0, 1.0, 1.9575064195905416, -0.24635643822806208, 0.3305974442618234, 0.0, 0.0, -0.01446380745787765, 0.17175760272420917, -0.007032877619740403, 0.45758800223270946, -1.1536725262384837, 0.19776930219009084, -0.007178628548475995, -0.9544749385421293, -0.015582572621215979, -0.06927922560105805, 0.7488255226188077, -0.9450796780721323, 0.33712857892012166, 0.35262639928730233, -1.0599222033510232
4.1705167057783346, 1.0, 0.0, 0.0, 1.0, 1.974124189104353, -0.2454573025022233, 0.3311755207606724, 0.0, 0.0, -0.0177905418480331, 0.1655112788243936, -0.010454673373616385, 0.4386245945990495, -1.1445565439570053, 0.18978897795272257, -0.001595719393778874, -0.9458026546304881, -0.01588094102956737, -0.06581072690614806, 0.7804755216400047, -0.9446762730539795, 0.35388279979940335, 0.3227415863404207, -1.0599222033510232
4.203295433136752, 1.0, 0.0, 0.0, 1.0, 1.9904808044433597, -0.24442174639020633, 0.33175150053841723, 0.0, 0.0, -0.020754366839482258, 0.15795361938499095, -0.01550603250701313, 0.4180176479963253, -1.1364162308771297, 0.18141656891099506, 0.010295447776198683, -0.9417602764499107, -0.016623385526204865, -0.0598548968390687, 0.8069485670261284, -0.943466030130808, 0.36939684338958184, 0.2923449600458397, -1.0599222033510232
4.235594058935799, 1.0, 0.0, 0.0, 1.0, 2.0065854099818643, -0.2432209185191562, 0.3323312555040632, 0.0, 0.0, -0.02323576584496225, 0.14850741728861763, -0.022210980143962066, 0.39681912459382757, -1.129604528065747, 0.17254406380722578, 0.02783449596895763, -0.9420110405695873, -0.01724597566893717, -0.051613538475354395, 0.8287509659753668, -0.942122899683083, 0.3844725003806082, 0.26348851756038855, -1.0599222033510232
4.267431297930436, 1.0, 1.0, 1.0, 1.0, 2.0224419294084823, -0.24181619848523808, 0.33291305133274623, 0.0, 0.0, -0.025050188100969425, 0.1379823203819344, -0.03036061273171279, 0.37539017915705075, -1.1240917381796567, 0.1636347846925032, 0.04907328337797563, -0.9424536291774549, -0.017213000951225577, -0.04129778429903552, 0.8451595651642025, -0.9388389854939897, 0.39859093104874393, 0.23716052614743957, -1.0599222033510232
4.298840943487134, 1.0, 1.0, 1.0, 1.0, 2.0380604226248606, -0.24017177513667504, 0.3335011700221471, 0.0, 0.0, -0.02610627179656937, 0.12708186146193037, -0.03908255855420704, 0.35392219954801724, -1.1190820910052286, 0.1549000093400945, 0.07325978809834809, -0.9426989314494758, -0.017183169494484993, -0.02915506547435568, 0.8560763840440317, -0.9346757618947494, 0.41212007887752516, 0.21437062186415848, -1.0599222033510232
4.329874612108663, 1.0, 1.0, 1.0, 1.0, 2.0534584590366913, -0.23825536659785668, 0.3340970243726458, 0.0, 0.0, -0.02626608034500579, 0.11422681839734916, -0.049829424904985854, 0.33458446767767885, -1.1167348960163646, 0.14692764159929644, 0.09974314334217947, -0.9434321145622436, -0.018044693340381685, -0.015334661411324767, 0.8609700223416458, -0.9306597636196596, 0.42368576935340163, 0.19177774379246817, -1.0529776115668086
4.3605921417193, 1.0, 1.0, 1.0, 1.0, 2.068655482700893, -0.23603227683476027, 0.3346999686104911, 0.0, 0.0, -0.025309116321238584, 0.10267985377647024, -0.05955409288396868, 0.3133734294873961, -1.1129025496708218, 0.13866923472086132, 0.12738942417001775, -0.9439692239779724, -0.018945559685635847, -0.0004389891321512074, 0.8608497143234694, -0.9271246312993972, 0.4323612377504755, 0.1708159994730933, -1.038326048571165
4.391050002775792, 1.0, 1.0, 1.0, 1.0, 2.0836647578648164, -0.2334550721304756, 0.33530666760035926, 0.0, 0.0, -0.02308724347336486, 0.09172238286401876, -0.06931966651403564, 0.29174616226939437, -1.109501313572072, 0.13141836868624382, 0.15586582453378584, -0.9454282003515294, -0.019714072225528883, 0.015158501665078525, 0.8562433934172446, -0.9240486161563756, 0.43764657487453895, 0.1536105636296417, -1.0182981831233804
4.421269837807771, 1.0, 1.0, 1.0, 1.0, 2.098475984845843, -0.2304655633653912, 0.3359068189348493, 0.0, 0.0, -0.019439589045817208, 0.08007330104221819, -0.079382991644696, 0.26999795771233387, -1.1063699600774117, 0.12325596339971871, 0.1847515653426071, -0.947413886525026, -0.02050699851348315, 0.031129397252093412, 0.8477352704228481, -0.9222188353620225, 0.4388817067704189, 0.14172972318136082, -0.9952389480610325
4.451252448093404, 1.0, 1.0, 1.0, 1.0, 2.113070700509208, -0.22704014301300038, 0.336486633845738, 0.0, 0.0, -0.014151327060659604, 0.06816284258061125, -0.08966936684758409, 0.24784142979353424, -1.1030845034969583, 0.11486828174400295, 0.21399264032951407, -0.9505609095437327, -0.021208486329096065, 0.046973163689639344, 0.8355316876216611, -0.9212919897360369, 0.43555763013449045, 0.13647142282340427, -0.9710040552101002
4.4810134027013415, 1.0, 1.0, 1.0, 1.0, 2.127436338152205, -0.22315980025700147, 0.337025214603969, 0.0, 0.0, -0.006941509470212459, 0.05705773547526862, -0.09911988918072072, 0.22476298291398308, -1.098785718638355, 0.10687243170297747, 0.24384470123253446, -0.95562079013421, -0.021715042980032084, 0.062199325190662964, 0.8200808751873474, -0.9212919897360369, 0.42750720419183474, 0.1390543541667501, -0.948226527357174
4.510569442365659, 1.0, 1.0, 1.0, 1.0, 2.1415588923863007, -0.21880740642547594, 0.337499658039638, 0.0, 0.0, 0.0023714036813088646, 0.045192343020381345, -0.10948631171926212, 0.20222080206579182, -1.094666894078435, 0.09893312686529512, 0.2741956323060163, -0.9630209622164203, -0.022035321349225024, 0.07646840992320382, 0.8018425278425195, -0.9212919897360369, 0.414854843696582, 0.15021967758597649, -0.9299570509638089
4.539930118576167, 1.0, 1.0, 1.0, 1.0, 2.1554230935232983, -0.21398078714098237, 0.33790939876011444, 0.0, 0.0, 0.013866518580672888, 0.0334294583758197, -0.11990787669213235, 0.1808352501342623, -1.0913849245534446, 0.09228000594959815, 0.30369663744486963, -0.9726532561767861, -0.022480300226420866, 0.08953817072637271, 0.7812057226962711, -0.9212919897360369, 0.39836003490518096, 0.17041447809769178, -0.92
4.5691008420359065, 1.0, 1.0, 1.0, 1.0, 2.169010565621513, -0.20867858205522796, 0.33824937956673756, 0.0, 0.0, 0.027607453804597448, 0.021112558570728284, -0.13106148853640678, 0.16157934802839521, -1.0889035633033284, 0.08552328964609855, 0.33124749560338745, -0.9840385659100443, -0.0223957499683792, 0.10106436910605064, 0.7591230946842068, -0.9212919897360369, 0.3783527491062921, 0.19988407609074846, -0.92
4.598088049099621, 1.0, 1.0, 1.0, 1.0, 2.1822997610909605, -0.20289396217891134, 0.3385253606523787, 0.0, 0.0, 0.04370197580219564, 0.010064053795294958, -0.14113385024930913, 0.14331102287679812, -1.0855850937339306, 0.07938668172950984, 0.35609814794915773, -0.9966902036793821, -0.022426658202452824, 0.11131950462647802, 0.7347377104628381, -0.9212919897360369, 0.35503009008166925, 0.23265463712071674, -0.92
4.626914681485717, 1.0, 1.0, 1.0, 1.0, 2.1952806527274, -0.19662976741790758, 0.33874886240277974, 0.0, 0.0, 0.06211152999027146, -0.00016816471409609963, -0.15070050589769649, 0.12650976283972518, -1.0811591192752197, 0.07356843671596267, 0.37687909254939883, -1.0093942224680625, -0.02236830590320166, 0.1202214789113009, 0.7085991502557067, -0.9212919897360369, 0.32872411038020083, 0.2675982368306301, -0.92
4.655603866666207, 1.0, 1.0, 1.0, 1.0, 2.2079441288539345, -0.18989153998238686, 0.3389294038500105, 0.0, 0.0, 0.08268901534739884, -0.009274175044324345, -0.15957376384398067, 0.11137761001396372, -1.0753800179670991, 0.06806913152672607, 0.3929147266380063, -1.0207776537197462, -0.022416133086694184, 0.1282902507568005, 0.6813927074054567, -0.9212919897360369, 0.3007030681746941, 0.30340583252252007, -0.92
4.684181140510843, 1.0, 1.0, 1.0, 1.0, 2.2202792685372494, -0.18267978055136533, 0.33907970837184365, 0.0, 0.0, 0.10524199277135458, -0.015959415659595345, -0.16651529590048966, 0.09753464473090935, -1.0671777025919325, 0.06317454951102515, 0.4040814793296327, -1.0298667889208764, -0.02237408349718345, 0.13555335468488042, 0.6535693716730423, -0.9212919897360369, 0.27219341086218757, 0.3393121972692527, -0.92
4.7126707202013645, 1.0, 1.0, 1.0, 1.0, 2.232275510515486, -0.1749983603613716, 0.3392129938943046, 0.0, 0.0, 0.1294726820769269, -0.02057947197445969, -0.1715901437889354, 0.085567421836428, -1.0567891673875347, 0.05822339500704837, 0.40990215093806537, -1.0364548345635274, -0.02238312341707169, 0.1425387498663595, 0.6253082612474987, -0.9212919897360369, 0.24332770363286826, 0.37526369298389756, -0.92
4.741073900654065, 1.0, 1.0, 1.0, 1.0, 2.2439231218610494, -0.1668731948307581, 0.3393324906485421, 0.0, 0.0, 0.1551820625353642, -0.02266144062501547, -0.1742525127042609, 0.07531205285221454, -1.0440682709924591, 0.052913741721939134, 0.41072022344455245, -1.0400399379515837, -0.022322860517253785, 0.14927719413593854, 0.5966808198549537, -0.9212919897360369, 0.21443627426279985, 0.41087895283302084, -0.92
4.769387320453245, 1.0, 1.0, 1.0, 1.0, 2.2552182551792694, -0.1583390048571994, 0.3394403430393765, 0.0, 0.0, 0.18220344130135527, -0.02220752690686633, -0.1744224141691939, 0.06683396390395933, -1.0292624338652954, 0.04710551491615598, 0.40666950115185835, -1.0399833082936245, -0.02231262344275963, 0.15597911574117726, 0.5686652230659649, -0.9212919897360369, 0.18559743583523827, 0.44573287789958455, -0.92
4.797605708048847, 1.0, 1.0, 1.0, 1.0, 2.2661652592250285, -0.14943774359566814, 0.33952238900320875, 0.0, 0.0, 0.21032850145137402, -0.018970063124112323, -0.17193809294142523, 0.060422970130627876, -1.013436354762695, 0.04058644915670664, 0.39891725071184286, -1.0373373281331286, -0.022269154045044644, 0.16298748212201966, 0.540674905788338, -0.9212919897360369, 0.15835697328312828, 0.47936257682145794, -0.92
4.825733255193196, 1.0, 1.0, 1.0, 1.0, 2.276780667986189, -0.1402126244136264, 0.33955809593200686, 0.0, 0.0, 0.23941136206477948, -0.012864149335842113, -0.16680201397805763, 0.056765258376674496, -0.9983600903963794, 0.03342557670228194, 0.38904387601739326, -1.0342280484428823, -0.02242373263973613, 0.1700096191597709, 0.5126211888547083, -0.9212919897360369, 0.13264353606547705, 0.5110843478572735, -0.92
4.853788556146586, 1.0, 1.0, 1.0, 1.0, 2.287094410487584, -0.13070464389664774, 0.3395349979400635, 0.0, 0.0, 0.26942936551288416, -0.0039801374635104175, -0.15918464010990593, 0.0562230352151687, -0.984651723274439, 0.025971943247763335, 0.377879124408614, -1.030981459953686, -0.022603526546309982, 0.17751907788408694, 0.48528558106189906, -0.9212919897360367, 0.109271326682946, 0.5403901296990543, -0.92
4.881808099866716, 1.0, 1.0, 1.0, 1.0, 2.2971470315115794, -0.12094664624759113, 0.3394495473589216, 0.0, 0.0, 0.30036962271142625, 0.007076704439793891, -0.1496630177766375, 0.05927525932225589, -0.9732161161150605, 0.01880934562140512, 0.3662049983495322, -1.0276848327214982, -0.02234105062941283, 0.1847417755597476, 0.4594783269372465, -0.9212919897360369, 0.08830440052166537, 0.5672856509554999, -0.9209329861205031
4.909844252852959, 0.0, 1.0, 1.0, 0.0, 2.3069917951311387, -0.11096731271062564, 0.33929806573050364, 0.0, 0.0, 0.3321742397336261, 0.018448641372428014, -0.13962086019560496, 0.06709780151201894, -0.9644126260363262, 0.012651257065082962, 0.354173247943819, -1.0247722410004951, -0.022104223919775946, 0.1910232140185048, 0.4352005625188841, -0.9212919897360369, 0.07076041786646028, 0.5942733008141993, -0.9307984792395058
4.93793607065054, 0.0, 1.0, 1.0, 0.0, 2.31668815612793, -0.10080521941184983, 0.3390795353480748, 0.0, 0.0, 0.36471185256749994, 0.02976852269104923, -0.1295766722959181, 0.07989867814575481, -0.9587789739685979, 0.00774841396308928, 0.3422323656804352, -1.0223342298067213, -0.02172194107221073, 0.1964219621132958, 0.4131033867505893, -0.9212919897360369, 0.05657015180241571, 0.6196228567921935, -0.9469278777653322
4.966106381940054, 0.0, 1.0, 1.0, 0.0, 2.3262802777971543, -0.09049101505960722, 0.3387897505078997, 0.0, 0.0, 0.3979052153079666, 0.04267446643963998, -0.11866055415830402, 0.09649455806604944, -0.9563030529507811, 0.004967390097983878, 0.33125761953035276, -1.0206875600133911, -0.021202797826417052, 0.19934656623452823, 0.3938461347030947, -0.9212919897360369, 0.04642884277925109, 0.6418243537369733, -0.9666951445890316
4.994386184631519, 0.0, 1.0, 1.0, 0.0, 2.335793184552874, -0.08002958995955316, 0.33842742919921875, 0.0, 0.0, 0.4317352074427592, 0.056099398892063335, -0.10688937611797585, 0.1163360392366876, -0.956425053380493, 0.004112352843463679, 0.3212314489608441, -1.0206875600133911, -0.02060877199826183, 0.1997102519856715, 0.3780005354449246, -0.9214159741421525, 0.039961721440943836, 0.6595902679540153, -0.9881723525461723
5.022788412587654, 0.0, 1.0, 1.0, 0.0, 2.3452353777204245, -0.06942220449447618, 0.33800751822335384, 0.0, 0.0, 0.4660733930502729, 0.06803226158590642, -0.09410246568438417, 0.13781896830833468, -0.9564250533804931, 0.0034510785809301063, 0.3103872135707788, -1.0202364778202344, -0.01984602130231805, 0.19727305432320832, 0.3660418992512105, -0.9214168437279019, 0.03669197790674079, 0.6715734193203912, -1.0089527520870736
5.051323895668226, 1.0, 1.0, 1.0, 1.0, 2.354605331420899, -0.0586624453748974, 0.33755356379917695, 0.0, 0.0, 0.5006242669470052, 0.07888240604829437, -0.08132572029577352, 0.1610786944214744, -0.9577084258765679, 0.002851459304910375, 0.2989472790465429, -1.0198935920461858, -0.019482635135073208, 0.19217687976245165, 0.35804036627049596, -0.921416783305619, 0.03647626513950007, 0.6758967928573604, -1.0265520015915743
5.0800139292736635, 1.0, 1.0, 1.0, 1.0, 2.3638956015450616, -0.047732194321496, 0.3370871884482248, 0.0, 0.0, 0.5350568885033821, 0.09224203597504563, -0.06629177558618835, 0.1825347043449765, -0.957708425876568, 0.004070618949505951, 0.28837326414245634, -1.019451003438318, -0.01981320212067991, 0.18466783732079572, 0.35380833337898393, -0.9207755817364294, 0.03917781120565241, 0.671746575312544, -1.038463254595188
5.108859510999648, 1.0, 1.0, 1.0, 1.0, 2.3730845315115796, -0.036615519353321475, 0.33662624495370047, 0.0, 0.0, 0.5691035491304862, 0.10466322819421428, -0.053477019494190425, 0.20683200544312205, -0.9638558696102028, 0.005447539020818287, 0.2778727066884252, -1.0194676250708345, -0.019792115248108474, 0.17470977017880482, 0.35449329934791546, -0.9201248539918653, 0.04417151253591504, 0.6592204854480853, -1.0404949627771094
5.137833792072955, 1.0, 1.0, 1.0, 1.0, 2.38214650290353, -0.025312514645712568, 0.3361866746629988, 0.0, 0.0, 0.6025720881976954, 0.11732325467205108, -0.04204809987535158, 0.23156124127711566, -0.9743906983620818, 0.007306893385782608, 0.268104544606739, -1.0205006375064591, -0.019738829445273064, 0.16239601217281616, 0.36020526545632664, -0.9201248539918653, 0.051958320767675856, 0.6418243495357142, -1.0404949627771094
5.166912809804661, 1.0, 1.0, 1.0, 1.0, 2.3910585130964006, -0.013824547358921446, 0.3357774353027344, 0.0, 0.0, 0.6352297516529457, 0.13062692137747048, -0.03058376714265918, 0.2556933917564086, -0.9887644529006449, 0.009933101516925386, 0.25919790418011146, -1.0223404219461656, -0.01961702048408304, 0.14791962306476297, 0.370675213939234, -0.9201248539918653, 0.06191303968297392, 0.6219616392397719, -1.0404949627771094
5.1960546243345815, 1.0, 1.0, 1.0, 1.0, 2.3997918156215126, -0.0021608958925518154, 0.3354062107631139, 0.0, 0.0, 0.666883280771999, 0.14446604855194872, -0.018881101281386155, 0.2773691859343272, -1.0058522172222348, 0.012614860683292487, 0.24908446689295705, -1.0208814455726085, -0.01940405963965938, 0.1318935331829986, 0.38552701369836, -0.9201248539918653, 0.07327822953278444, 0.6018947352367708, -1.0420187194380233
5.225244953862166, 1.0, 0.0, 0.0, 1.0, 2.4083490044730054, 0.009662528038025055, 0.3350842257908413, 0.0, 0.0, 0.6974658475130145, 0.15868825686576632, -0.008295068706048772, 0.29659909912848786, -1.0265689697857467, 0.015824847294334348, 0.24108635210366067, -1.0223217928111095, -0.019378533320740163, 0.11453930824830859, 0.403853712884007, -0.9201248539918652, 0.08552434615736783, 0.5803819307239629, -1.0420187194380233
5.254510731070703, 1.0, 0.0, 0.0, 1.0, 2.4167396000453407, 0.02165082795279382, 0.33482001032148095, 0.0, 0.0, 0.7269913086179584, 0.17337332051961035, 0.0013727789026959155, 0.31156805143067806, -1.0483688228101227, 0.019334178778830088, 0.23344220108448824, -1.0228497686996822, -0.019264465027505808, 0.09647569797871017, 0.425557363067535, -0.9201248539918653, 0.09801331222820053, 0.5586655833082669, -1.0420187194380233
5.283886583979828, 1.0, 0.0, 0.0, 1.0, 2.42496808733259, 0.033817470073700104, 0.3346167305537633, 0.0, 0.0, 0.7554895374515451, 0.18741695900483862, 0.009266897780557346, 0.3218849241996766, -1.0698716627194957, 0.02214130439822356, 0.22546575332587587, -1.0213819195822496, -0.019270597154344683, 0.07809459624366458, 0.4498800412033576, -0.9201248539918652, 0.11081506971260073, 0.5367624369528795, -1.0420187194380233
5.313405888789697, 1.0, 0.0, 0.0, 1.0, 2.4330407115391326, 0.0461738480840412, 0.33447485651288716, 0.0, 0.0, 0.7830683611186638, 0.19977841732786952, 0.015040230118654312, 0.32759589932936295, -1.0894456724487813, 0.02336584872071819, 0.2168025710317957, -1.017047870743052, -0.019274110829722448, 0.05993983572434617, 0.4763718197187745, -0.9201248539918653, 0.12366263350737926, 0.5145807530028644, -1.0420187194380233
5.343072188796484, 1.0, 0.0, 0.0, 1.0, 2.4409611347743447, 0.058715348584311496, 0.3343822765350342, 0.0, 0.0, 0.8098054676438304, 0.2101915178310744, 0.019136504409446347, 0.32741141617780445, -1.1032292257052172, 0.022796837037834562, 0.20801094801897232, -1.0098048628832221, -0.019298293695249876, 0.042560513630551036, 0.5041818905243967, -0.9201248539918652, 0.13644093568108948, 0.4918278042468113, -1.0420187194380233
5.372868349424785, 1.0, 0.0, 0.0, 1.0, 2.4487319510323666, 0.07142625774656039, 0.3343176651000977, 0.0, 0.0, 0.8357492252184328, 0.21811230812461674, 0.02184673745350078, 0.32141454048017243, -1.1101836751809186, 0.020383035290016543, 0.200156707367303, -0.999708691942068, -0.01939236696946086, 0.026635131140772563, 0.5324945248289864, -0.9201248539918653, 0.14899336490791287, 0.46862063778961927, -1.0420187194380233
5.4027735102246375, 1.0, 0.0, 0.0, 1.0, 2.4563617215837756, 0.08428573914936625, 0.3342597988673619, 0.0, 0.0, 0.860927918987049, 0.22380341285201039, 0.023697938063104534, 0.3095938243230516, -1.1093012023570272, 0.016824522472914324, 0.19474095945826067, -0.9876784434149944, -0.01942952162324792, 0.012710213950552171, 0.5611463856171138, -0.9201248539918652, 0.16132403937129144, 0.4453822324749943, -1.0420187194380233
5.432773085974828, 1.0, 0.0, 0.0, 1.0, 2.4638652965000705, 0.09727381059101665, 0.33418257304600313, 0.0, 0.0, 0.8853893341208868, 0.22696944113712852, 0.024529417448687852, 0.2937906134698672, -1.1036250211678866, 0.012375978317754732, 0.19273394404402883, -0.9749744246263141, -0.019508000363735865, 0.00014273190864211752, 0.5901763919759074, -0.9201248539918653, 0.17338675334134915, 0.42213882728251495, -1.0420187194380233
5.462850749198235, 1.0, 0.0, 0.0, 1.0, 2.4712531444004604, 0.11037290062223179, 0.33406037875584194, 0.0, 0.0, 0.9091218663707998, 0.2275663199034293, 0.024046040925731177, 0.276121521175217, -1.0976492918272995, 0.007640897040796224, 0.19527351496532347, -0.9635909933746304, -0.019562663360740584, -0.010301402773924545, 0.6180106385685645, -0.9201248539918652, 0.18540323448413962, 0.39895112498045565, -1.0420187194380233
5.492984262564527, 1.0, 0.0, 0.0, 1.0, 2.4785245786394396, 0.12356886216572369, 0.33386559350149975, 0.0, 0.0, 0.9321276929758916, 0.2248078478848865, 0.021676715533456462, 0.257863613931041, -1.0922155624628718, 0.0023896973741326087, 0.2026050036233523, -0.9545018581735002, -0.019267725836421085, -0.018433336354214513, 0.6445299440830999, -0.9226445150202803, 0.19715242971596364, 0.3763855214929297, -1.0420187194380233
5.523150708663163, 1.0, 0.0, 0.0, 1.0, 2.485671413966588, 0.13685142074312498, 0.33357900210789276, 0.0, 0.0, 0.9543747995048968, 0.21909716644885505, 0.018357211063535127, 0.23997639591106226, -1.087825919314112, -0.0026987284356309246, 0.21528214482359304, -0.9483005173190214, -0.01854122977095122, -0.024505394538391668, 0.6706553467000933, -0.9314434106744244, 0.20860397905230776, 0.35484870233843047, -1.0420191820386708
5.553359116264639, 1.0, 0.0, 0.0, 1.0, 2.4926848002842497, 0.15022861719131483, 0.3331989070347378, 0.0, 0.0, 0.9757595743486179, 0.21018110858232045, 0.012983233573698193, 0.22284800138620472, -1.0848978958569193, -0.007477128455901281, 0.23276456495411724, -0.945231073224224, -0.017536248211740164, -0.0287402693779037, 0.6946430183138931, -0.9448692190999909, 0.21979154094692616, 0.33469373093829613, -1.0423847040340026
5.583634639264206, 1.0, 0.0, 0.0, 1.0, 2.499551892961775, 0.16371916430337105, 0.3327339131491525, 0.0, 0.0, 0.9961748561704803, 0.19827375950486822, 0.005767801103623109, 0.2070632604798235, -1.0836775885891041, -0.01208757217858569, 0.2543872747049429, -0.9450816202073916, -0.01639808617871079, -0.03102830694729373, 0.7145601250795635, -0.9612157874729078, 0.2309163535615983, 0.3162696596090139, -1.0432116681471562
5.614015979274307, 1.0, 1.0, 1.0, 1.0, 2.50625838143485, 0.1773492584909713, 0.3322090571267265, 0.0, 0.0, 1.015556666268037, 0.18417103476205424, -0.003246180227580724, 0.1927036251806804, -1.0836775885891041, -0.015727633754364815, 0.2794376735075167, -0.9476402459554586, -0.015302571829839262, -0.03186431338012531, 0.7286725147787133, -0.9784200743658412, 0.24069284242704034, 0.2999699860412491, -1.0445257887960946
5.6445628743634115, 1.0, 1.0, 1.0, 1.0, 2.512777361188616, 0.19116161176136579, 0.3316396590641567, 0.0, 0.0, 1.0340063545140035, 0.1679011081577463, -0.01386677345594611, 0.1792374328870636, -1.0836775885891041, -0.01860277603890074, 0.3062460475596321, -0.951269646276372, -0.014028219212626328, -0.03175951574808298, 0.7361580828764576, -0.9942519266030326, 0.24924719444274526, 0.28595116622002786, -1.045265394896167
5.67534681684199, 1.0, 1.0, 1.0, 1.0, 2.519082777840751, 0.20520278334617628, 0.3310412039075579, 0.0, 0.0, 1.0516560447616676, 0.15059270744829892, -0.0254922340351234, 0.1667153719401964, -1.0836775885891041, -0.019806685457133124, 0.33497560943093907, -0.9569819012906313, -0.013378512580618344, -0.03129840735787866, 0.7364087908484572, -1.0091547267455214, 0.25599061518581784, 0.275002008166055, -1.0473961571863388
5.706421018091775, 1.0, 1.0, 1.0, 1.0, 2.5251518685477126, 0.21950549755777646, 0.33042719841003426, 0.0, 0.0, 1.0686950486872469, 0.13188256032038112, -0.03835786894285233, 0.15592448224546332, -1.0856398784305321, -0.020443683246384205, 0.36420752268235174, -0.9648056154301259, -0.012841616457667376, -0.031114629598875152, 0.7291802423542347, -1.019997554535944, 0.26017443036192944, 0.26656857952075713, -1.0465021980214868
5.737804490982353, 1.0, 1.0, 1.0, 1.0, 2.5309532764979776, 0.23408542411667974, 0.3298134068080357, 0.0, 0.0, 1.0853309275345873, 0.11416861990081861, -0.05105694489296997, 0.14592456037519078, -1.0897568058214175, -0.020223770080976138, 0.39401485446840717, -0.9754453469915453, -0.012630255624700175, -0.03209767495151692, 0.7149332751249551, -1.0268668135234817, 0.2609024873098608, 0.2585681757513088, -1.036636704902484
5.769508765873694, 1.0, 1.0, 1.0, 1.0, 2.536468287876674, 0.24894728507314426, 0.32921537535531187, 0.0, 0.0, 1.1017307727604426, 0.09733214397852444, -0.06357223996682036, 0.13667604366611927, -1.0957451284800706, -0.019260666455097993, 0.4233925515153724, -0.9892208029388708, -0.012600648816224492, -0.03488281650182774, 0.6947268152019215, -1.0290254851643985, 0.25807284086711363, 0.25300269077056553, -1.0205073063766577
5.801534863884122, 1.0, 1.0, 1.0, 1.0, 2.5416950116838732, 0.2640833049161095, 0.3286463832855225, 0.0, 0.0, 1.1179378372152666, 0.08014185113899937, -0.07680694679420787, 0.12869818920980172, -1.1033136999730895, -0.018506975803271902, 0.4507935289396765, -1.0060596129569919, -0.01318706899921745, -0.03988445917291531, 0.6706640813796501, -1.0290254851643985, 0.2514973421152875, 0.250931317184864, -1.0007400395529582
5.833849059252276, 1.0, 1.0, 1.0, 1.0, 2.5466372680664064, 0.2794659544740406, 0.32812194415501195, 0.0, 0.0, 1.1339043158601358, 0.06467050653904356, -0.09048336286069376, 0.12135774844981713, -1.1120552962339967, -0.017272924593160845, 0.47595523973658393, -1.025425197508708, -0.013715023388430567, -0.04697244819668046, 0.6455515520810247, -1.028901500758283, 0.24161769155963184, 0.254071820764683, -0.9792628315958176
5.866423659537208, 1.0, 1.0, 1.0, 1.0, 2.551307580130441, 0.2950692980630059, 0.3276417337145125, 0.0, 0.0, 1.149693655192587, 0.050205764621486994, -0.10534014942666543, 0.1151390845285114, -1.121956396677259, -0.015655969123297777, 0.49797399096294875, -1.0466573036501061, -0.014319269580434876, -0.056003880650980935, 0.619877599914169, -1.0289006311725333, 0.22929116910786207, 0.26364775046022126, -0.9584824320549162
5.899218838709639, 1.0, 1.0, 1.0, 1.0, 2.555729822431292, 0.31085931760924224, 0.3271950176783971, 0.0, 0.0, 1.165488721822912, 0.03719786314890468, -0.12021839793413623, 0.10899737758459833, -1.1313674917864331, -0.012840234613056832, 0.5163735657010496, -1.0686791974647791, -0.014678460165377726, -0.06665459882894427, 0.5941936958291812, -1.0289006311725333, 0.2147808694418609, 0.28088380160238835, -0.9408831825504155
5.932176470663081, 1.0, 1.0, 1.0, 1.0, 2.5599329757690437, 0.32679308295249954, 0.32677642004830504, 0.0, 0.0, 1.186108863279847, 0.02236697785213731, -0.13677984398490556, 0.10555223243749808, -1.142391947400187, -0.010419860443940157, 0.5290549651260442, -1.0905196669887665, -0.014829758091186423, -0.08476256414294034, 0.5688967803980777, -1.0289006311725333, 0.19739040646044173, 0.3079254733693168, -0.928971929546802
5.965248909782926, 1.0, 1.0, 1.0, 1.0, 2.5639633178710937, 0.342830629519054, 0.32638039588928225, 0.0, 0.0, 1.2066546006331194, 0.010574656756537407, -0.1498007669937842, 0.0992347486699168, -1.147359919969062, -0.005959092486202052, 0.5367520283405322, -1.1103155937147946, -0.015374049788950966, -0.10326619935299616, 0.5430941364174829, -1.0289006311725333, 0.1788035712692026, 0.34277492517636066, -0.9269402213648805
5.998407540060015, 1.0, 1.0, 1.0, 1.0, 2.5678625215802877, 0.3589449058260238, 0.3260050719124931, 0.0, 0.0, 1.2272601747449747, 0.0005350336070746446, -0.15999233606520424, 0.09191308845244474, -1.1475799524741996, -0.0005885530992711455, 0.5379913004764786, -1.1255097579094049, -0.015300841915842512, -0.12203391556778294, 0.5178444936148751, -1.0289006311725333, 0.1585324754299467, 0.38282856193551157, -0.9269402213648804
6.031614617417226, 1.0, 1.0, 1.0, 1.0, 2.571656799316407, 0.3751090931892397, 0.32565549986703063, 0.0, 0.0, 1.2479801537615915, -0.007672091866687487, -0.16853849130851808, 0.08468363315079463, -1.1434725102620007, 0.005311137186929815, 0.5329507575450501, -1.13551596401493, -0.015269477545944224, -0.14064798876347287, 0.49243976562038455, -1.0289006311725333, 0.13739843529934628, 0.4245966174206558, -0.9269402213648805
6.0648109110669575, 1.0, 1.0, 1.0, 1.0, 2.5753892626081196, 0.3912821323531016, 0.3253367246900286, 0.0, 0.0, 1.2688014779977748, -0.014649072452833036, -0.17570586136672808, 0.0791090100371602, -1.1355820010928812, 0.01115366405476231, 0.5232565244030493, -1.142668089671324, -0.015430985181351147, -0.1594180415525443, 0.4667899164385942, -1.0289006311725333, 0.11551605855815952, 0.46620107047792236, -0.9254164647039665
6.0979078798840884, 1.0, 1.0, 1.0, 1.0, 2.5791058840070455, 0.4074078590529307, 0.3250640855516707, 0.0, 0.0, 1.2895732784138605, -0.0196759042847465, -0.18032227526611758, 0.07492521359801163, -1.122858364012746, 0.01712255651951248, 0.5071389210411488, -1.1420123807097622, -0.015483009761556334, -0.17824048329659176, 0.4415869741784172, -1.0289006311725333, 0.09288989222026812, 0.5069950675429459, -0.9254164647039665
6.1308062302975825, 1.0, 1.0, 1.0, 1.0, 2.5828477151053297, 0.42342578853879675, 0.3248605578286307, 0.0, 0.0, 1.3051676875009848, -0.02356695430916202, -0.18268743568767953, 0.07466301558030022, -1.1078266316642706, 0.02297011540609769, 0.4878798512083749, -1.1383373818024831, -0.015067736448550566, -0.19234015614937333, 0.4168348561524934, -1.0298642217030094, 0.07104087659442057, 0.5435743918506681, -0.9254164647039665
6.163401800424928, 0.0, 1.0, 1.0, 0.0, 2.586644368852888, 0.4392751802716938, 0.3247499438694546, 0.0, 0.0, 1.3197977353771257, -0.026647076420435626, -0.18309252721275818, 0.07866882780310305, -1.0922159515204448, 0.02907273182096345, 0.467826814213169, -1.1347453503294385, -0.014417664050615408, -0.2059465795402758, 0.3924930559467311, -1.0299059086158513, 0.04934231647917622, 0.5789080245317647, -0.9301684200006977
6.195593402024844, 0.0, 1.0, 1.0, 0.0, 2.5905301339285716, 0.45489489964076474, 0.3247470378875733, 0.0, 0.0, 1.3330910638629216, -0.02831444805603845, -0.18143621324938938, 0.08705514638195458, -1.0776827532055415, 0.03601782567968424, 0.44788046799571835, -1.1316792270864258, -0.013965577372352048, -0.21917908328434285, 0.3682231912159213, -1.029905908615851, 0.028043844948013635, 0.6119265798097558, -0.9386724795328256
6.227317886278739, 0.0, 1.0, 1.0, 0.0, 2.5945366559709826, 0.4702428150177003, 0.3248612322126116, 0.0, 0.0, 1.3448573046126142, -0.02839096103024314, -0.17809642186951247, 0.1002130467023182, -1.0662656357869265, 0.04385089850897792, 0.4284875167591585, -1.1292899409858896, -0.013432361715299138, -0.23113378581804206, 0.34433170551186393, -1.0299059086158513, 0.007237715128874333, 0.6416615329165486, -0.9485201061294617
6.258544403571545, 0.0, 1.0, 1.0, 0.0, 2.5986943108694898, 0.4852923250198366, 0.3250834587642125, 0.0, 0.0, 1.3551267008814565, -0.02655452516064619, -0.1735513742015528, 0.11826792133514351, -1.059858287614197, 0.05271431282085838, 0.41019917232263875, -1.1280008021937855, -0.012991374968755368, -0.24149135331902463, 0.32081315254061754, -1.030517377365079, -0.013360878151436384, 0.6674860780979209, -0.9584426039407843
6.289247081443286, 0.0, 1.0, 1.0, 0.0, 2.6030262156895234, 0.5000197894232615, 0.32540429796491355, 0.0, 0.0, 1.3638754849500956, -0.023564969993751704, -0.168699020484217, 0.14137348399232758, -1.0602462116918272, 0.06220433707128254, 0.39205088996944143, -1.1273794129515213, -0.012138196556353962, -0.2507751919566293, 0.2986418652536519, -1.0306720430300398, -0.034784894639389385, 0.6882544419189692, -0.9640893848641948
6.3194127098306385, 1.0, 1.0, 1.0, 1.0, 2.6075430352347237, 0.5144103983470374, 0.32581875528608056, 0.0, 0.0, 1.370775878807731, -0.01853538495928269, -0.16283367135222188, 0.16733791571194087, -1.0646640083209669, 0.07246718156600962, 0.3739420234342274, -1.1273794129515213, -0.011527312684877703, -0.25826945131269324, 0.27732637928398335, -1.0322432503537968, -0.057276706857030395, 0.7035301051218494, -0.964250122334766
6.3490359272722525, 1.0, 1.0, 1.0, 1.0, 2.6122555650983545, 0.5284523289544244, 0.3263202953338623, 0.0, 0.0, 1.3752113691325327, -0.012810285366090728, -0.15682744431059156, 0.19466537461617422, -1.0697001185365382, 0.08286989923155727, 0.3554222290031709, -1.1273794129515213, -0.010945478621598153, -0.26437820745610974, 0.25813959227049826, -1.0348293869269893, -0.08004759743332536, 0.7160210410218868, -0.964250122334766
6.37806717479715, 1.0, 1.0, 1.0, 1.0, 2.617190693446568, 0.5421032571792603, 0.32689627238682345, 0.0, 0.0, 1.3767727299748624, -0.006557290390201122, -0.15090558219644437, 0.22211535631860774, -1.0749118110370237, 0.09327559483150934, 0.33636803642215435, -1.1273794129515213, -0.010530015864553753, -0.26902568438277397, 0.240609641421134, -1.034332042737387, -0.10288013867886661, 0.7248667679506112, -0.964250122334766
6.40648439664812, 1.0, 1.0, 1.0, 1.0, 2.6223862729753766, 0.5553278773171563, 0.32753367151532853, 0.0, 0.0, 1.37555822494723, 0.0005931392779308752, -0.14555909851801654, 0.2484368704047216, -1.0808106471815249, 0.10365329890911631, 0.31658692947698286, -1.126992708163349, -0.010580005252182273, -0.27211207778487667, 0.223977934140936, -1.0278644023025132, -0.12585090184019568, 0.7313738565775486, -0.9642496597341185
6.434254239423208, 1.0, 1.0, 1.0, 1.0, 2.627860815865653, 0.5680879878997804, 0.3282140677315848, 0.0, 0.0, 1.3717267396060446, 0.008690297594758348, -0.14004328703255395, 0.27340992870830766, -1.0886334179053885, 0.11432908245484105, 0.2963238842638896, -1.1261618812971468, -0.01096834437689304, -0.2738518199795171, 0.20972482358037223, -1.0164036628510584, -0.14777871123413772, 0.7353911688172948, -0.9638841377387867
6.4613618286519205, 1.0, 1.0, 1.0, 1.0, 2.6336293411254883, 0.58035295690809, 0.3289267580849784, 0.0, 0.0, 1.3654901540192836, 0.017902642613975638, -0.13444377158654083, 0.2962202750776454, -1.0989736372858991, 0.12554908139554752, 0.2756057642896472, -1.1247618072227332, -0.011683490491961742, -0.2744663023669006, 0.19935649815036674, -1.001619910941259, -0.1690289577801333, 0.7362367878454144, -0.963057173625633
6.487823533412138, 1.0, 1.0, 1.0, 1.0, 2.639706153869629, 0.5921057353700911, 0.3296575083051409, 0.0, 0.0, 1.3571306072609477, 0.027046011806529952, -0.12918628830278708, 0.31626124597430944, -1.1114472809006266, 0.13684217894344508, 0.2541415467205459, -1.1222031814746665, -0.012333155877944854, -0.2739848320639409, 0.19425684881069558, -0.9844983777432464, -0.1889028169951211, 0.7352636079844512, -0.9617430529766946
6.513667555186126, 1.0, 1.0, 1.0, 1.0, 2.646123771667481, 0.6033214630399433, 0.33039675440107075, 0.0, 0.0, 1.3467503279292716, 0.036308188780034875, -0.1243604916735666, 0.3326648247755988, -1.1249666407759282, 0.14840629500392713, 0.2322079767130392, -1.118573781153753, -0.013637790396306162, -0.27216362173878456, 0.19539064998545214, -0.968666525506055, -0.207349798365068, 0.7328039674096953, -0.9610034468766223
6.538936789199252, 1.0, 1.0, 1.0, 1.0, 2.652923055376326, 0.613970561027527, 0.3311461067199707, 0.0, 0.0, 1.3343161518313715, 0.043860304815586684, -0.11888845994049367, 0.34468003264244534, -1.1374881492051288, 0.15871259428376594, 0.2089880724581205, -1.1128615261394936, -0.014265810944791683, -0.26871813131865074, 0.20384074376665356, -0.9537637253635661, -0.22410764313248377, 0.7277183031442337, -0.9588726845864505
6.563719761173054, 1.0, 1.0, 1.0, 1.0, 2.660139541625977, 0.6240438549859185, 0.33190978050231934, 0.0, 0.0, 1.3197310218094602, 0.05005816027924355, -0.1125052173777329, 0.3515252901921442, -1.1455944584037847, 0.16805877109634024, 0.18519985856591728, -1.105037811999999, -0.015191336091609633, -0.26322340884229484, 0.21944481774090516, -0.9429208975731436, -0.23870289361155678, 0.7216946033900641, -0.9588336576307995
6.5881214538974495, 1.0, 1.0, 1.0, 1.0, 2.6677987289428713, 0.633541091510228, 0.3326886449541364, 0.0, 0.0, 1.3027783088034686, 0.05750990897062132, -0.10384111323888637, 0.351533751434081, -1.1461811549863337, 0.17727324651355136, 0.16162916819875298, -1.0943980804385798, -0.015752859059027104, -0.25509951382689844, 0.24229640396702704, -0.9360516385856058, -0.25106097144442435, 0.7140024550675855, -0.9588336576307993
6.612235148461376, 1.0, 1.0, 1.0, 1.0, 2.6759025083269394, 0.6424683713912965, 0.33348003251211983, 0.0, 0.0, 1.2831809376054435, 0.05956355130911504, -0.09631264700909649, 0.34966797901076635, -1.1458617032879646, 0.1822798788128265, 0.13754502011875513, -1.080622624491254, -0.016219739724299208, -0.24374841662638133, 0.27062432045328116, -0.9338929669446892, -0.26142747473937106, 0.7039094521480137, -0.9588336576307993
6.63613500471536, 1.0, 0.0, 0.0, 1.0, 2.684421375819615, 0.6508486863545011, 0.33428563526698524, 0.0, 0.0, 1.2607902180725008, 0.06384393479306219, -0.08660403104979597, 0.3411386102087398, -1.1384259464233724, 0.18755463129676797, 0.11572147594844477, -1.0637838476767576, -0.016040142714783327, -0.2292279074980445, 0.3026969287176318, -0.933892966944689, -0.2692319082985534, 0.6924843468733252, -0.9588336576307993
6.659892085691143, 1.0, 0.0, 0.0, 1.0, 2.6933295331682485, 0.6587064504623414, 0.33510427747453964, 0.0, 0.0, 1.2355637277310083, 0.06546211722567165, -0.07706583693493488, 0.3299351833435315, -1.1295623497327534, 0.19057945573936652, 0.09597498850894315, -1.044418263125041, -0.01610469234995982, -0.21230535266737047, 0.33517848319175775, -0.9338929669446892, -0.27499559859634837, 0.6787173584128359, -0.9588336576307993
6.683562452507838, 1.0, 0.0, 0.0, 1.0, 2.7026070676531115, 0.6660548462186543, 0.3359178597586495, 0.0, 0.0, 1.2075168201185138, 0.06516080337263583, -0.0677247328833308, 0.31629586253378167, -1.1196612492894908, 0.1915735649308195, 0.07916468691471144, -1.0231861569836431, -0.01612115847766269, -0.19344506389581487, 0.36745635021214146, -0.933892966944689, -0.27873732233704124, 0.663481846005142, -0.9588336576307993
6.707786817594134, 1.0, 0.0, 0.0, 1.0, 2.7122272654942106, 0.672909895351955, 0.3367165320260184, 0.0, 0.0, 1.1767518764589167, 0.06300379911074824, -0.05888371380867136, 0.30067211285401996, -1.108966781684242, 0.19049474808531056, 0.06601594962645414, -1.0011642631689701, -0.016279828928427727, -0.17359553132798086, 0.39829656192183466, -0.9338929669446892, -0.2806693455747092, 0.6468188797989162, -0.9588336576307993
6.737651371920038, 1.0, 0.0, 0.0, 1.0, 2.722160426548549, 0.6792893811634609, 0.33748510633196155, 0.0, 0.0, 1.1388238924650178, 0.05810567317481042, -0.05124230887988095, 0.28433092679059657, -1.0979423260704881, 0.1866174936176118, 0.056696831309087356, -0.9793237936449828, -0.016341996488233736, -0.14713103114485998, 0.42701771483504014, -0.933892966944689, -0.2800132615808032, 0.627559789093506, -0.9588336576307995
6.769024824656083, 1.0, 0.0, 0.0, 1.0, 2.732368616376605, 0.6852152027402606, 0.33820745059422086, 0.0, 0.0, 1.0989796074902416, 0.05068249987492928, -0.04535895509703876, 0.26772886813821944, -1.0868269097679784, 0.18038006973261875, 0.0519764922620091, -0.9592659430144173, -0.016324420657016846, -0.12148332415465997, 0.453146251482091, -0.9338929669446892, -0.27797863343118573, 0.6081276121360919, -0.9588336576307993
6.801803365284752, 1.0, 0.0, 0.0, 1.0, 2.7428172302246097, 0.6907123967579435, 0.33887081010001047, 0.0, 0.0, 1.057350860891832, 0.04108093162113583, -0.04174856343403298, 0.25147565672493216, -1.0760720485109616, 0.17247616986912775, 0.052374604270268084, -0.9423055832714147, -0.015954556163977122, -0.0974037765532829, 0.47818068875493813, -0.9382201486150615, -0.27473636381080235, 0.5886890636464573, -0.9588336576307995
6.8358707242940575, 1.0, 0.0, 0.0, 1.0, 2.753480845860073, 0.6958069413048882, 0.3394641494750976, 0.0, 0.0, 1.0140853149500144, 0.03083571971623043, -0.03981448534909023, 0.23546123877160233, -1.0658057361845974, 0.1643892880355132, 0.05870111722920873, -0.9299224833104542, -0.015680680637694597, -0.07517099950286348, 0.5016657014075715, -0.947954547786729, -0.270487593945593, 0.5692250877889399, -0.9588336576307993
6.8710688476236115, 1.0, 0.0, 0.0, 1.0, 2.764329147338868, 0.700536563737052, 0.33998128618512835, 0.0, 0.0, 0.9693836983214809, 0.01955833470538565, -0.04016303493428204, 0.22027694417585522, -1.056608481032127, 0.1563427881412883, 0.07041760068596839, -0.9227703576540603, -0.015312896833613828, -0.05483972870750546, 0.5224782019518909, -0.9615596323109254, -0.2647415040832796, 0.5494543820863675, -0.9588336576307995
6.907223247264729, 1.0, 0.0, 0.0, 1.0, 2.775321677071708, 0.7049485581261772, 0.34040586880275187, 0.0, 0.0, 0.9234676107772621, 0.007950340033792896, -0.042266940695143425, 0.20577054067011566, -1.0486153655487502, 0.14783644422981013, 0.08656595940360443, -0.9200000332036243, -0.014963039621512558, -0.03654437543320771, 0.5394996936309364, -0.9779068337237279, -0.2569636988522252, 0.5311273853338695, -0.9588336576307993
6.94025860132231, 1.0, 1.0, 1.0, 1.0, 2.7864216886247912, 0.7090967117037092, 0.34071922438485286, 0.0, 0.0, 0.8815127111241339, -0.0032345460680908295, -0.045524583390683174, 0.19127103709480395, -1.0418472448728495, 0.13908810636640387, 0.10542994306948994, -0.9200000332036243, -0.015104731966831696, -0.024696026670684053, 0.5519192454826425, -0.9942523383386195, -0.24829148556483885, 0.5165914733554222, -0.9588336576307995
6.97342359931237, 1.0, 1.0, 1.0, 1.0, 2.7976078305925647, 0.7130286509650096, 0.34090980257306785, 0.0, 0.0, 0.8393931636767581, -0.013073669783353095, -0.048973549185914275, 0.17660238457740407, -1.0359550851073025, 0.13034615857523577, 0.12499120833000686, -0.9200000332036243, -0.015479417742075416, -0.012942792644970075, 0.5594273637973166, -1.0107194807986515, -0.23845392595492765, 0.5026073179011491, -0.9540817023340683
7.006268844046046, 1.0, 1.0, 1.0, 1.0, 2.8088601466587617, 0.7167892626353675, 0.34097230230058945, 0.0, 0.0, 0.7976797028649899, -0.02185770997705962, -0.05231244472875279, 0.161647739643306, -1.030868919148886, 0.12160232351514717, 0.1446904657064068, -0.9200797359154645, -0.01564676281135945, -0.0019564687422185642, 0.5618351180809958, -1.025407677069868, -0.22775232748867688, 0.4906212191040291, -0.9455776428019405
7.038509433043325, 1.0, 1.0, 1.0, 1.0, 2.820169541495187, 0.720420357159206, 0.34090750149318155, 0.0, 0.0, 0.7567341548384448, -0.03022182523325607, -0.055635241095218536, 0.14674510792824055, -1.0264415328589829, 0.1127517455865638, 0.16421590932936767, -0.9205399404174271, -0.015690570055978004, 0.006757653674444231, 0.5593799134775195, -1.0374876294390625, -0.21638917359680268, 0.48207851872582735, -0.9357300162053043
7.070035062635285, 1.0, 1.0, 1.0, 1.0, 2.8315282930646624, 0.7239446442467827, 0.3407349354880197, 0.0, 0.0, 0.7166966052566554, -0.038767461843913366, -0.05912433476216233, 0.13202743535292302, -1.022202336870127, 0.10363161279721002, 0.1831730638350292, -0.9212354680298394, -0.01544614606639556, 0.012248009926485249, 0.552111172617843, -1.0454486944052328, -0.2040389667046496, 0.47770957869278874, -0.9258075183939818
7.100697903577568, 1.0, 1.0, 1.0, 1.0, 2.8429234150477822, 0.7273800025667464, 0.3404689461844308, 0.0, 0.0, 0.6777547972599561, -0.047169620424036655, -0.06238480204713341, 0.11736419017200664, -1.0178158461155307, 0.09478083495344262, 0.20275748097712856, -0.9234271660467117, -0.015846195989515244, 0.013674901879871627, 0.5401225068524983, -1.051289112538956, -0.19001561803518202, 0.477600866202567, -0.9201607374705711
7.1300442313002685, 1.0, 1.0, 1.0, 1.0, 2.8543445260184157, 0.7307284634453911, 0.34012553623744424, 0.0, 0.0, 0.6404849610521257, -0.05793442267800625, -0.06677581040990745, 0.10358603779861121, -1.013398049486391, 0.08550203194181104, 0.22233604100388332, -0.9273537014614454, -0.01607138107578354, 0.010562250027795985, 0.52363309414036, -1.0519774892706193, -0.1739875027657368, 0.4828269033544227, -0.92
7.157518115166942, 1.0, 1.0, 1.0, 1.0, 2.8657859584263394, 0.7339882734843665, 0.3397245012010847, 0.0, 0.0, 0.60559312854145, -0.07015182953501502, -0.07157087201583197, 0.09035764969976591, -1.0083619392708196, 0.0764460356722686, 0.2419196639252703, -0.9338651668115817, -0.016620762370287468, 0.0019758518286730714, 0.5034247771190279, -1.0493913526974268, -0.15710156783370022, 0.4906823593367834, -0.92
7.182779650336025, 1.0, 1.0, 1.0, 1.0, 2.8772348403930663, 0.7371863712583272, 0.33928893498011997, 0.0, 0.0, 0.5735109788767145, -0.08212476346380425, -0.07569207880996508, 0.07809564331057542, -1.0035514243768897, 0.06749701796245172, 0.26104880037005335, -0.9425445036355785, -0.0175388212750969, -0.012265814172380304, 0.48182050987415054, -1.047369035858614, -0.13918256837263482, 0.5014039748338541, -0.92
7.206505957420118, 1.0, 1.0, 1.0, 1.0, 2.8886713518415186, 0.7403392457962037, 0.338843675340925, 0.0, 0.0, 0.544132496005803, -0.09447363359121767, -0.07958333087836289, 0.06755764722231454, -0.9989500588709694, 0.05860574377473922, 0.2787006171780676, -0.9529002101325635, -0.018224404861100107, -0.031478115381615365, 0.45955096832295755, -1.0450377806393436, -0.12057575367794707, 0.5138521534856066, -0.92
7.230196796341309, 1.0, 1.0, 1.0, 1.0, 2.9000969369070875, 0.7434649406160628, 0.33841430255344945, 0.0, 0.0, 0.517304570798499, -0.10623236959441895, -0.08246034240505394, 0.058547423551113066, -0.9929401231067944, 0.050623799044935046, 0.2941561308274772, -0.9647419125881049, -0.01869005635237859, -0.05460021213882326, 0.43791280096736834, -1.043072711665232, -0.10224831066491258, 0.5280169407028191, -0.92
7.253866056646814, 1.0, 1.0, 1.0, 1.0, 2.9115167944771905, 0.7465706327983314, 0.33802031653267994, 0.0, 0.0, 0.49275983802530904, -0.1178807432333505, -0.08457448633284696, 0.05155471064905861, -0.984893254839239, 0.04340250993579668, 0.30628771263076854, -0.9766866638629793, -0.01905056734119632, -0.08182544912021081, 0.41612188987469556, -1.0415098952021145, -0.08369881240548556, 0.544605878444683, -0.92
7.277510342212328, 1.0, 1.0, 1.0, 1.0, 2.9229313823155, 0.7496480090277536, 0.3376782267434257, 0.0, 0.0, 0.4700910495483991, -0.1287984763261933, -0.08547246907887551, 0.04690462341534223, -0.9749314433197738, 0.03706377840147291, 0.31439813471456207, -0.9872630610554455, -0.019358208872068013, -0.11112393508807335, 0.3955192992705903, -1.0414271415071938, -0.06593423671250896, 0.5614563121914133, -0.92
7.301111736097593, 1.0, 1.0, 1.0, 1.0, 2.9343345042637416, 0.752685320036752, 0.3374091720581055, 0.0, 0.0, 0.4489010681625541, -0.1388881199743026, -0.08513233801441297, 0.04548344707579247, -0.9640108541029576, 0.03171218785582442, 0.31823198577640305, -0.9954871784155566, -0.019147612810793635, -0.14207165206532027, 0.3755681840112343, -1.0414271415071936, -0.04831208890694354, 0.5794490298288858, -0.92
7.324635535892801, 1.0, 1.0, 1.0, 1.0, 2.9457109614780976, 0.7556717075620379, 0.3372209753308978, 0.0, 0.0, 0.42891435944777384, -0.14582168072960242, -0.08423751949968251, 0.04723645518770445, -0.9532254467612594, 0.0284688064488868, 0.3182793673353696, -1.001212918317479, -0.019051665006536544, -0.1745560376118889, 0.35558062862325907, -1.0414271415071938, -0.031218021424951097, 0.598890496749381, -0.92
7.3480361374996965, 1.0, 1.0, 1.0, 1.0, 2.957041805812291, 0.7585887275423324, 0.3371143668038505, 0.0, 0.0, 0.4099548259268978, -0.14950955940543142, -0.08288188397353706, 0.052215719699793266, -0.9440143580500363, 0.027131508783943485, 0.31401470672673215, -1.003395745488431, -0.019023442604416022, -0.20845753979102602, 0.335065165696147, -1.0414271415071936, -0.014855610235203789, 0.618352289178865, -0.92
7.371289471996685, 1.0, 1.0, 1.0, 1.0, 2.968317723955427, 0.7614229931150165, 0.33708362988063273, 0.0, 0.0, 0.3919468440954629, -0.1526771157202315, -0.08254900630261479, 0.06197106339201645, -0.9393107340766021, 0.02614415440050405, 0.30568090699253603, -1.0033957454884312, -0.018950736943480755, -0.2437068862074567, 0.31453378774763713, -1.0414271415071938, 0.0005213889745802733, 0.6389219467119246, -0.92
7.3943851006122285, 0.0, 1.0, 1.0, 0.0, 2.9795360074724475, 0.764161994797843, 0.337123624256679, 0.0, 0.0, 0.3749062206868639, -0.1494523978412416, -0.0805319033595958, 0.07236559725431664, -0.9336418631163184, 0.02899467427529943, 0.29586702777723284, -1.003395745488431, -0.018846498529356454, -0.28036935461584633, 0.2934648197907093, -1.0414271415071936, 0.015585473920680716, 0.6607036625481817, -0.92
7.417353734505418, 0.0, 1.0, 1.0, 0.0, 2.9907182747977124, 0.7667785637719291, 0.33722461019243516, 0.0, 0.0, 0.358835353230218, -0.14763720616479672, -0.08028356238065174, 0.08834478542631326, -0.9335090485425975, 0.031211961782060243, 0.2832915849155294, -1.003395712284807, -0.018892921302070226, -0.3179298330778272, 0.2717507807359668, -1.0414271415071938, 0.02904978206217213, 0.6830075380779037, -0.92
7.440221743953533, 0.0, 1.0, 1.0, 0.0, 3.001882771083287, 0.7692464549200878, 0.33737340790884834, 0.0, 0.0, 0.3436626085849492, -0.14257349131015504, -0.07966636826298613, 0.10607695565664428, -0.9335090485426562, 0.035298367742246435, 0.26974814154827204, -1.003395712284807, -0.018867571156787562, -0.35527154510073716, 0.2497437293712224, -1.0414271415071936, 0.04109504913486365, 0.7063456071014721, -0.92
7.463017296072627, 0.0, 1.0, 1.0, 0.0, 3.0130458668300086, 0.7715474530628751, 0.33756932122366773, 0.0, 0.0, 0.3293363891413338, -0.1346392245175794, -0.07852961789242321, 0.1251719844223978, -0.9335140132174222, 0.04087769015595929, 0.2557743899098448, -1.003395712284807, -0.018916891732404108, -0.3919165085120266, 0.2271383689540849, -1.0414271415071938, 0.05255156426630535, 0.7303324330768871, -0.92
7.48577069302064, 0.0, 1.0, 1.0, 0.0, 3.0242248426164906, 0.773659269469125, 0.3378034387316023, 0.0, 0.0, 0.31572176908966615, -0.12374268568772358, -0.0765735018567091, 0.1451319763910541, -0.933514013232504, 0.047589695377960366, 0.24200561814879426, -1.003395712284807, -0.01888850796979522, -0.4273142215989242, 0.20593175266452907, -1.0414271415071936, 0.06146644358442047, 0.7545026266295912, -0.92
7.508499274546595, 0.0, 1.0, 1.0, 0.0, 3.0354301507132395, 0.775553517341614, 0.33805246898106167, 0.0, 0.0, 0.30264833607227803, -0.10926809209679796, -0.07338670982640001, 0.16525338045834012, -0.9335140132353139, 0.05629535539701499, 0.22938469938098974, -1.003395712284807, -0.01890557201322959, -0.4610824653251827, 0.18597973275536303, -1.0414271415071938, 0.06849491972695541, 0.7789093316030085, -0.92
7.531220373710086, 0.0, 1.0, 1.0, 0.0, 3.046670902797154, 0.777198989731925, 0.3382909052712577, 0.0, 0.0, 0.2898262652427677, -0.09189745369585825, -0.0688939780307271, 0.18502696787772285, -0.9335140132353138, 0.06585125088482377, 0.21768299621869527, -1.003395712284807, -0.018836143386347638, -0.4926255965187507, 0.16807262491192954, -1.0414271415071936, 0.07349417400317672, 0.8025662509049518, -0.92
7.553936990940594, 0.0, 1.0, 1.0, 0.0, 3.0579467555454802, 0.7785651227406094, 0.3384946141924177, 0.0, 0.0, 0.27695385162142033, -0.07700289517015971, -0.06691302790671456, 0.20797812689741732, -0.9375689229417767, 0.07482153065130767, 0.20605016797457051, -1.003395712284807, -0.01917980159716524, -0.5209205209844463, 0.150312772664772, -1.0370999598368214, 0.07865351666363019, 0.8263729168144561, -0.92
7.5766523638141745, 0.0, 1.0, 1.0, 0.0, 3.0692556762695316, 0.7796164805548533, 0.3386473642076765, 0.0, 0.0, 0.2637518746570405, -0.06370065840432702, -0.06492851574071498, 0.2318890891127475, -0.9431015484206566, 0.08315828046494689, 0.19452132662798832, -1.003395712284807, -0.01949601012468713, -0.5457170748672094, 0.1332256097339286, -1.0273655606651537, 0.08217195427302133, 0.8487081088841143, -0.92
7.599360761108019, 0.0, 1.0, 1.0, 0.0, 3.0805878230503625, 0.7803237826483592, 0.3387250341687884, 0.0, 0.0, 0.2499141403881294, -0.05162811124584459, -0.062416098118202035, 0.25615203440900786, -0.9498604776857639, 0.09098701176836056, 0.1830925639175333, -1.003395712284807, -0.019963996702915814, -0.5668839924784035, 0.11779473285456134, -1.0137604761409575, 0.0827621410799517, 0.8681993132799756, -0.92
7.622044113656421, 0.0, 1.0, 1.0, 0.0, 3.0919243839808876, 0.7806643806185043, 0.3387349224090576, 0.0, 0.0, 0.23509585856819007, -0.040932460279923824, -0.05963018200876468, 0.2806517525251138, -0.9576111300506482, 0.09913093379926614, 0.17187463588030316, -1.003395712284807, -0.02030746202767458, -0.5839396061905152, 0.10546990345053224, -0.9974132747281551, 0.0804032092706615, 0.8842465052515464, -0.92
7.644671377278695, 0.0, 1.0, 1.0, 0.0, 3.103237887791225, 0.7806105634144375, 0.3386816528865269, 0.0, 0.0, 0.2190684551036566, -0.03183265240163227, -0.05691273745239968, 0.3052634727648548, -0.9664198680279453, 0.10752757452750976, 0.16110158365831986, -1.0042836221395144, -0.020285165878422856, -0.5973006440717136, 0.09728131272763708, -0.9801041795827873, 0.07630684584050053, 0.9004205862136491, -0.9301969237665644
7.667206544292114, 0.0, 1.0, 1.0, 0.0, 3.1144953863961358, 0.7801339469637191, 0.33857698849269324, 0.0, 0.0, 0.201631357971463, -0.024245454853083794, -0.054454998909145395, 0.33009660679511016, -0.9768376138271097, 0.11599330215781158, 0.15098046045366004, -1.0067225858149544, -0.019940852727201915, -0.6090031316124277, 0.09437402701679942, -0.9645718171321914, 0.07079034524443954, 0.9169041647397597, -0.9507944586782898
7.689611464991761, 0.0, 1.0, 1.0, 0.0, 3.1256596483503074, 0.779209624017988, 0.33843168122427814, 0.0, 0.0, 0.18243925712220335, -0.01714771060288631, -0.051913615336973085, 0.3545698094084431, -0.989150933291146, 0.1247620221994643, 0.14154775871241682, -1.0104602506362579, -0.01939753792057918, -0.6178751419308032, 0.0969944321438724, -0.9523881188528095, 0.0645095117230637, 0.9313526078973559, -0.9785477934673654
7.7118568494144215, 1.0, 1.0, 1.0, 1.0, 3.136694085257395, 0.7778112377439228, 0.3382623754228865, 0.0, 0.0, 0.1612788305068503, -0.009919496534137333, -0.04923678045820493, 0.37789208855226397, -1.0034910187441883, 0.13397539796286068, 0.13263119462528644, -1.0148764404651123, -0.018630821526084564, -0.6231422818471272, 0.10476362154729395, -0.9432925723861888, 0.05802612272737767, 0.941007002930881, -1.0094598734446003
7.733923920361883, 1.0, 1.0, 1.0, 1.0, 3.147565798078265, 0.7759284830093386, 0.33808615684509274, 0.0, 0.0, 0.1381004660614436, -0.0019213423592286105, -0.04621043827571398, 0.3995191393677139, -1.01973644305264, 0.14392307311297542, 0.12426009429746183, -1.0197607286434842, -0.01882056650445396, -0.6247524957060898, 0.11777435724967768, -0.9406422696056655, 0.05147668350192048, 0.9443494338085917, -1.0439112421759984
7.755827940307403, 1.0, 1.0, 1.0, 1.0, 3.158258443559919, 0.7735591254915511, 0.3379232338496618, 0.0, 0.0, 0.1129442073569366, 0.0063864656731762795, -0.04333499513031105, 0.4192771748188689, -1.0372950918244859, 0.15369572277915747, 0.11556172396752676, -1.0234745979788864, -0.01844283151792559, -0.6219077464463251, 0.13557056679026958, -0.9399529873955277, 0.04542321502005804, 0.9437109195809611, -1.0804118248039463
7.777595970753676, 1.0, 1.0, 1.0, 1.0, 3.1687601743425646, 0.770699853215899, 0.3378051689692906, 0.0, 0.0, 0.0858892644498923, 0.016156312455695855, -0.03957671245067679, 0.4364382923458256, -1.0552213509130541, 0.16351206690420156, 0.10699594212274244, -1.0252965507762741, -0.017692413501593608, -0.6144614324134664, 0.15747354114173134, -0.9416495466805445, 0.04007317427852022, 0.9403232501625878, -1.117808102829541
7.800325216542785, 1.0, 1.0, 1.0, 1.0, 3.179043611798968, 0.76733813898904, 0.33774406841823035, 0.0, 0.0, 0.05702312229772411, 0.02679264590963733, -0.03375230049565902, 0.4504870107926725, -1.0721108529087486, 0.17253216569290244, 0.09829809940340287, -1.0241063466004554, -0.016468920926288332, -0.6021446088434443, 0.18251608045184328, -0.944627686419226, 0.03443455262743726, 0.9351761249581106, -1.1528179760572168
7.82438551194502, 1.0, 1.0, 1.0, 1.0, 3.189085786002024, 0.7634671054567611, 0.33774947575160436, 0.0, 0.0, 0.0264665471368864, 0.035808456825064186, -0.02803627488312062, 0.46173326991577557, -1.0876229430143503, 0.18036653746870007, 0.08962758458028701, -1.0199403006089807, -0.015275223882801978, -0.5852863042211057, 0.20842713292854542, -0.9467064194068595, 0.027270646159001034, 0.9269330161243109, -1.18035998902727
7.849678567081997, 1.0, 0.0, 0.0, 1.0, 3.198867558070592, 0.759086768967765, 0.3378327069963728, 0.0, 0.0, -0.005655632887074586, 0.04382214585805179, -0.022187505654552325, 0.46884598968841523, -1.100296811060246, 0.18722367901799933, 0.08201541108300592, -1.0131016847628351, -0.014501809047286877, -0.5645043933184712, 0.23440580265930772, -0.9482935364529297, 0.01831310993819617, 0.9112518271287627, -1.193982590184962
7.876149810344342, 1.0, 0.0, 0.0, 1.0, 3.208366028921945, 0.7542050545556205, 0.33799265044076104, 0.0, 0.0, -0.039274111830252215, 0.04963349265462763, -0.016960354938540752, 0.4722060284181277, -1.1101889487715921, 0.19192654712696483, 0.07581642987426394, -1.003518983432522, -0.013948345644382321, -0.54074941230389, 0.25905511378250845, -0.9482974925376582, 0.007093488028167107, 0.8933553649790432, -1.201762979631484
7.903707948184644, 1.0, 0.0, 0.0, 1.0, 3.217555792672294, 0.7488316338402885, 0.33821765899658207, 0.0, 0.0, -0.07427294688743658, 0.05368123986980616, -0.012204325918952852, 0.4716571602309988, -1.11693177522014, 0.19472160374851874, 0.07218642591425974, -0.99246242859496, -0.013615500162486105, -0.5137426280999354, 0.2836981554216382, -0.9482974925376582, -0.004613186653815264, 0.8730914409851387, -1.2033180368675822
7.9322377059254805, 1.0, 0.0, 0.0, 1.0, 3.2264167567661834, 0.7429727275030956, 0.3384881387438093, 0.0, 0.0, -0.11050573921829845, 0.055422455177222614, -0.008227994336898678, 0.4675867904204068, -1.1207586377793066, 0.19525970897573677, 0.07187710865114282, -0.9818860314024936, -0.01383218653665201, -0.48518816267393783, 0.3070758450418252, -0.9482974925376582, -0.01615233938558547, 0.852700012648353, -1.2033180368675822
7.96157689532268, 1.0, 0.0, 0.0, 1.0, 3.2349304417201457, 0.7366308437074937, 0.33878283091953826, 0.0, 0.0, -0.14776650975274158, 0.05838198740120653, -0.0033497322847415626, 0.4573437538865926, -1.1181598671208208, 0.19607084400240607, 0.0766736484958703, -0.9736619140423827, -0.014048765468733768, -0.45543472994657286, 0.3300100171434847, -0.9482974925376582, -0.027165121988107475, 0.8320174950142522, -1.2033180368675822
7.991542629174143, 1.0, 0.0, 0.0, 1.0, 3.243081310817174, 0.7298128461837771, 0.33907751492091587, 0.0, 0.0, -0.18582299174409983, 0.05574759758211068, -0.0012773602373607168, 0.44626827101111405, -1.1164237660333187, 0.19265424110581267, 0.08448945110036796, -0.9679361741404604, -0.01415166752024149, -0.4245177443288684, 0.35266540043605327, -0.9482974925376582, -0.03733617847588639, 0.8115587050185681, -1.2033180368675822
8.021999086324486, 1.0, 0.0, 0.0, 1.0, 3.2508684212820875, 0.7225332893644062, 0.33934288842337473, 0.0, 0.0, -0.22450269232503553, 0.048481469689039665, -0.0013644152225083077, 0.43427317901649776, -1.1155662557044574, 0.1859291011425467, 0.0958867372633021, -0.965753346969508, -0.01422785516307174, -0.3926524470966882, 0.3751576677721463, -0.9482974925376582, -0.046791155710556025, 0.7914466854775796, -1.2033180368675822
8.052860391310075, 1.0, 0.0, 0.0, 1.0, 3.2583016695295064, 0.7148042958123345, 0.3395516681671143, 0.0, 0.0, -0.26369654965673345, 0.03972860071219058, -0.002332690091438841, 0.42099748906801043, -1.1155662557044574, 0.1780469826952513, 0.11117387997038777, -0.965753346969508, -0.014378981124457822, -0.3602042077450913, 0.39668057586378075, -0.9482974925376582, -0.0552526421860038, 0.7708022647243046, -1.2033180368675822
8.084058740219474, 1.0, 0.0, 0.0, 1.0, 3.2653946576799666, 0.706658742768424, 0.339678910119193, 0.0, 0.0, -0.3033184527716691, 0.03077815439157324, -0.0035704452206046923, 0.4060066458951856, -1.1155662557044574, 0.16952102175214126, 0.12924362342378667, -0.965753346969508, -0.014475933424740383, -0.3275438801557627, 0.41809915545711407, -0.9482974925376582, -0.06317007752421229, 0.7501319591819764, -1.2033180368675822
8.115516006556152, 1.0, 0.0, 0.0, 1.0, 3.2721634946550644, 0.698136593273708, 0.33970632416861407, 0.0, 0.0, -0.3432691810192504, 0.021925324918978313, -0.005018175377561642, 0.38955450873685743, -1.1155662556497516, 0.160877820179117, 0.14967842215501256, -0.965753346969508, -0.014144872548973567, -0.29587167645243506, 0.4408726878186307, -0.9529675590241814, -0.06986450660563208, 0.7299103723839118, -1.2033180368675822
8.147083145691143, 1.0, 0.0, 0.0, 1.0, 3.2786267307826455, 0.6892738349097117, 0.33961166926792696, 0.0, 0.0, -0.38335944772068814, 0.012626083227912763, -0.00649655805056299, 0.3725380673882169, -1.115566255649693, 0.1518985232915498, 0.17166137698849165, -0.9657533469695079, -0.013645798499693865, -0.2667311526084675, 0.46514145930540185, -0.9645226997008882, -0.07542442553100258, 0.7100745149107978, -1.2036096607573101
8.178608100000815, 1.0, 0.0, 0.0, 1.0, 3.284802169799805, 0.6800998231342862, 0.33939589500427253, 0.0, 0.0, -0.42339613969397283, 0.00200462689268296, -0.00819980277708184, 0.35587546848569884, -1.1155612909749268, 0.14221011848758017, 0.1943907430604381, -0.965753346969508, -0.012920277281856912, -0.2411577995071916, 0.4899267096571224, -0.9817828785133269, -0.08105402084893203, 0.691082801038771, -1.205229491075983
8.209914731746537, 1.0, 0.0, 0.0, 1.0, 3.290714024135045, 0.6706404774529595, 0.33905405453273235, 0.0, 0.0, -0.4631555620110384, -0.01087213494685681, -0.010579619045120071, 0.3403687931926807, -1.115561290959845, 0.13156007983319493, 0.21696270072154575, -0.9657533469695079, -0.011908634167410956, -0.21984359065478287, 0.5123711052464852, -1.003149458357323, -0.0849386486960568, 0.6733611132246728, -1.2072303169240006
8.240829821062482, 1.0, 0.0, 0.0, 1.0, 3.296385323660715, 0.6609220702307567, 0.33859309060232984, 0.0, 0.0, -0.5024177254422896, -0.025902621081949746, -0.013999686388470474, 0.32534853833190874, -1.1155612909570352, 0.11975295241025959, 0.23924503372618336, -0.966689344095493, -0.010903458576382611, -0.2013026869045394, 0.5310268040900274, -1.0271600252901025, -0.08793102361038392, 0.6567447660605547, -1.2102869559025777
8.271127059160232, 1.0, 0.0, 0.0, 1.0, 3.3018375778198243, 0.6509779528209144, 0.3380562019348145, 0.0, 0.0, -0.5408952178264337, -0.045058916754362334, -0.019560299940393266, 0.3114492056977934, -1.1155612909570354, 0.10590654482957758, 0.2592709161223298, -0.967350133310297, -0.010332101888887151, -0.18326454334404163, 0.5444001176585724, -1.051482638819548, -0.089793964290055, 0.6420753501297922, -1.2147711890679112
8.300594983951504, 1.0, 0.0, 0.0, 1.0, 3.3070961488996238, 0.6408228281566076, 0.3374983760288784, 0.0, 0.0, -0.5783194823113479, -0.06004765474999844, -0.021791123677095785, 0.29387581058730927, -1.1115063812505723, 0.0944551077359002, 0.28111468704945, -0.9721757548260143, -0.00953670338466542, -0.1660053087516293, 0.5525068636780455, -1.073424256149184, -0.09274660007398175, 0.6272944830351397, -1.2180222147319415
8.329012999565439, 1.0, 0.0, 0.0, 1.0, 3.3121692766462054, 0.6304568937846595, 0.3369514819553921, 0.0, 0.0, -0.6144103621410465, -0.07445063380637255, -0.02425065247274342, 0.27615784903235413, -1.1073947730078493, 0.08332636014072282, 0.30232237653434196, -0.979700273230896, -0.008764486318096005, -0.14958169701798818, 0.5547836604538837, -1.0917604516948596, -0.09481282589543126, 0.6145984416840635, -1.2210109445047312
8.35615163841393, 1.0, 0.0, 0.0, 1.0, 3.3170675059727266, 0.6198756320135936, 0.33645385197230754, 0.0, 0.0, -0.6488764334786312, -0.08842219578982793, -0.026966151394571786, 0.2587307351147535, -1.103352570061521, 0.07262370592026335, 0.3227937073979839, -0.9901138328311007, -0.007672012709014415, -0.13406461391177815, 0.5518054501426778, -1.1047945592202242, -0.09439266692186453, 0.6054683164457104, -1.2240498362805627
8.381801747807652, 1.0, 0.0, 0.0, 1.0, 3.321819932120188, 0.6090756164278305, 0.3360257666451591, 0.0, 0.0, -0.681452072408657, -0.1020424042365444, -0.029749214395668463, 0.24183153864144877, -1.0993509900560414, 0.06233573215161805, 0.34168681343526186, -1.002866933227613, -0.006849845224942106, -0.1199842183818709, 0.5445272822118093, -1.1141479803943695, -0.0912198108570147, 0.6011108628824672, -1.2290772118869862
8.405885716296634, 1.0, 0.0, 0.0, 1.0, 3.3264516993931363, 0.5980651439939229, 0.335685807636806, 0.0, 0.0, -0.7120387123896658, -0.1152690953239468, -0.03247240051510163, 0.22549065578944588, -1.09485189848247, 0.05275380081632096, 0.3574588073503769, -1.0161653499210401, -0.006726221871550667, -0.10740563481441877, 0.5343274248094757, -1.1205640946215436, -0.08632902034676304, 0.5974671719638065, -1.2255039036146917
8.430073746859774, 1.0, 0.0, 0.0, 1.0, 3.3309857014247357, 0.5868531847000125, 0.33544959613255093, 0.0, 0.0, -0.7407899165636678, -0.12775143402039674, -0.03480019548494186, 0.209537478264935, -1.0888846135333934, 0.044312508745111265, 0.3685629899427096, -1.028169200651296, -0.0068201243383591865, -0.09596785256577556, 0.5221391323201482, -1.1226441585303586, -0.08005111285672949, 0.5931592348097318, -1.2096639761761045
8.45456930344204, 1.0, 0.0, 0.0, 1.0, 3.33544554574149, 0.5754462630408153, 0.3353166157858713, 0.0, 0.0, -0.767864207412144, -0.1392216593397784, -0.03669660665301706, 0.19422691971568154, -1.080742358561539, 0.03730180193657847, 0.37459411092360156, -1.0380275803041437, -0.00732841893895146, -0.08606418822890473, 0.5089267256084382, -1.1214958057561712, -0.07328954433107883, 0.588870336283655, -1.1819106413870288
8.479380143196439, 1.0, 0.0, 0.0, 1.0, 3.339844839913505, 0.5638470969881333, 0.3352753053392683, 0.0, 0.0, -0.7934561210804735, -0.14943360756208715, -0.03794138425288991, 0.17990866224528274, -1.0701166119956451, 0.031671274112150885, 0.3751301362497136, -1.0444294892489212, -0.00815625371991992, -0.07785634730344172, 0.4959250687598056, -1.1190389912933592, -0.06946167692331139, 0.588462065859851, -1.1509985614097942
8.504531834092187, 1.0, 0.0, 0.0, 1.0, 3.3442138017926903, 0.5520545543943135, 0.3353015790666853, 0.0, 0.0, -0.8179301536760951, -0.15775390606167247, -0.0381499650132454, 0.16663251916289976, -1.056839057654544, 0.027468303031167682, 0.37022912163120286, -1.0468581052336725, -0.008368639015973824, -0.07067860917081226, 0.48319199181663974, -1.1138022089836377, -0.06600577071452426, 0.5931397303674952, -1.1165471926783959
8.530040445872205, 1.0, 1.0, 1.0, 1.0, 3.348564431326731, 0.5400652115685601, 0.33537674903869635, 0.0, 0.0, -0.8416971739521598, -0.16364444764901107, -0.03696517991776717, 0.1545086617407059, -1.041155572090737, 0.024496948587448882, 0.35991324086266985, -1.0440887042199523, -0.00864995746735012, -0.06442371478959741, 0.4712172285359085, -1.1086751348689208, -0.06226427919852273, 0.6019412337465274, -1.080046610050448
8.555897525475167, 1.0, 1.0, 1.0, 1.0, 3.3529038129534046, 0.527886668613979, 0.3354683685302735, 0.0, 0.0, -0.8651632002992616, -0.16716944040863904, -0.03526155324056404, 0.1442297454318946, -1.024227039773996, 0.022604162337150752, 0.3452450047701708, -1.0383402160078308, -0.009323581347269386, -0.058798229175711036, 0.4603563973813839, -1.1051566904578238, -0.058279900596495945, 0.612625976444731, -1.0426503320248532
8.582070235511951, 1.0, 1.0, 1.0, 1.0, 3.357246693202428, 0.5155419499533519, 0.3355579103742327, 0.0, 0.0, -0.8884798211082962, -0.1683535676384044, -0.0345525034742051, 0.1365704775465789, -1.0075593369916607, 0.022110613428873764, 0.328066239827898, -1.0330189548335131, -0.010072058621676996, -0.053689910362022364, 0.45074578318772485, -1.1025751995436137, -0.05330452974826594, 0.6239749957024051, -1.0076404587971777
8.608517636320768, 0.0, 1.0, 1.0, 0.0, 3.3615991646902907, 0.5030550670623782, 0.33562282017299117, 0.0, 0.0, -0.9117458394874062, -0.1671786064745032, -0.03419278895195517, 0.13189527617912558, -0.9916460692795034, 0.02288569031813901, 0.30941039955100813, -1.028505664000991, -0.01075662892336664, -0.049078605376099836, 0.44240080021868294, -1.1005533424253275, -0.0463651391962771, 0.637200672493501, -0.9800984458271241
8.635194545940752, 0.0, 1.0, 1.0, 0.0, 3.3659462956019817, 0.4904448795318606, 0.3356339631761824, 0.0, 0.0, -0.9349626193168504, -0.16447299688469488, -0.034492031129027385, 0.13144322204067735, -0.9776747305950267, 0.024695673072253215, 0.28960131190330307, -1.0249885733501516, -0.011322323927381625, -0.04498467020385449, 0.4353335310998417, -1.0989662253792574, -0.03785475183998198, 0.6556086709758608, -0.9664758446694324
8.662070858635742, 0.0, 1.0, 1.0, 0.0, 3.37027645111084, 0.4777234881264825, 0.3355789402553014, 0.0, 0.0, -0.9580052063652907, -0.15980588971067622, -0.03505001439306574, 0.13507257309442527, -0.9659697579239921, 0.027632902689841216, 0.26957491624193824, -1.0227295722249234, -0.011586658675171096, -0.04160090531798185, 0.43027196851020827, -1.0989622692945287, -0.027036036560059335, 0.6750924143835668, -0.9634837360717704
8.689114300818273, 0.0, 1.0, 1.0, 0.0, 3.3745851244245264, 0.464906613486154, 0.3354486574445453, 0.0, 0.0, -0.980710086179622, -0.15369318890648995, -0.035991057337290695, 0.14291968199341926, -0.956933580362489, 0.032249022481789145, 0.24898352726670267, -1.021841375787611, -0.011666581634941234, -0.038933659113859646, 0.4263501433042488, -1.098962269294529, -0.014867079628274982, 0.6962489367678127, -0.9754863782126391
8.716289394264034, 0.0, 1.0, 1.0, 0.0, 3.3788678959437783, 0.45201168060302754, 0.335247689655849, 0.0, 0.0, -1.0027748611162548, -0.14546658616496091, -0.03655092937013598, 0.1544591068504131, -0.9505948857080602, 0.037613246852721674, 0.22914291422523503, -1.0218413757876113, -0.011187373901564147, -0.03723914663162444, 0.4239027652161959, -1.0989622692945287, -0.0010755632541996653, 0.7157913580458687, -0.9950479073458777
8.743563268381555, 0.0, 1.0, 1.0, 0.0, 3.3831215994698662, 0.4390551355906897, 0.33498701368059436, 0.0, 0.0, -1.0240123425491743, -0.13877269613496723, -0.03824182486176851, 0.1722828823813634, -0.9505948857080603, 0.0417181127467881, 0.20890330848881475, -1.021841375787611, -0.01070408686484949, -0.03663012886894743, 0.42235912752194993, -1.098962269294529, 0.013786729205719704, 0.7312936083310316, -1.018499235725436
8.770912034675924, 0.0, 1.0, 1.0, 0.0, 3.3873502894810272, 0.4260510233470374, 0.3346804836818151, 0.0, 0.0, -1.0443336955284799, -0.12810385793398585, -0.0380783144396052, 0.19172019797821946, -0.9506390161905435, 0.04884552026449011, 0.18982096552254638, -1.021841375787611, -0.010303831875041013, -0.03708487728807177, 0.4215810475200601, -1.0989622692945287, 0.029815125544207465, 0.7418688236053448, -1.0440231125979804
8.798314338447792, 1.0, 1.0, 1.0, 1.0, 3.391543764386859, 0.4130073915209091, 0.33436009815761025, 0.0, 0.0, -1.0636581545529582, -0.11370901458801244, -0.03591013370577021, 0.21241452860013985, -0.9506390161905435, 0.05833319236111185, 0.17156375332518842, -1.021841375787611, -0.009785480144273913, -0.038911146671133025, 0.4219041451592159, -1.098962269294529, 0.04674944941856209, 0.7469807988814322, -1.0692605330204965
8.825751039818721, 1.0, 1.0, 1.0, 1.0, 3.3956850487845287, 0.39992905412401497, 0.33406413350786485, 0.0, 0.0, -1.0819496862933629, -0.09935136219356167, -0.03355358381730989, 0.23521698198341096, -0.9511575061422702, 0.06821269326447972, 0.15307896021527245, -1.021841375787611, -0.00936694111672511, -0.04137352459226111, 0.4229791537794664, -1.098962269294529, 0.06412370652546648, 0.7461895335603559, -1.0926600299394174
8.853244167977355, 1.0, 1.0, 1.0, 1.0, 3.3997578430175786, 0.38679968357086203, 0.33383595875331334, 0.0, 0.0, -1.0992687997887525, -0.08526349834918044, -0.03117036419011966, 0.25962241211494763, -0.9528200906641373, 0.07792266959689707, 0.13452941120721423, -1.021841375787611, -0.008953800344314323, -0.04420641694452656, 0.42498583311208643, -1.098962269294529, 0.08165891208917393, 0.7395163921443475, -1.1119882628879096
8.880823488398212, 1.0, 1.0, 1.0, 1.0, 3.4037525449480337, 0.37360130923134965, 0.3337145001547678, 0.0, 0.0, -1.1157292427271441, -0.07129520049092275, -0.028564229580854025, 0.2845475734072767, -0.95543935682617, 0.08752348374864118, 0.11559555477610813, -1.021841375787611, -0.008840513529674009, -0.046707857045547106, 0.42679406821423516, -1.0942922028080058, 0.09888989676851896, 0.7262495094656692, -1.1242378299405742
8.908498111465565, 1.0, 1.0, 1.0, 1.0, 3.407661585126605, 0.3603276286806381, 0.3337358243124826, 0.0, 0.0, -1.131524227081693, -0.057533210792904695, -0.026659815970462353, 0.309313148824136, -0.9596491450886744, 0.0974281792244789, 0.09694844563536445, -1.021841375787611, -0.00898848751428863, -0.047008943065917345, 0.4276275685629865, -1.0827370621312988, 0.11578185136035628, 0.7055688433420277, -1.1264983231690995
8.93627440489333, 1.0, 1.0, 1.0, 1.0, 3.411480887276786, 0.3469749678884236, 0.33391046660287044, 0.0, 0.0, -1.1467881514262437, -0.042999194396934795, -0.025253089352611557, 0.33272441862147206, -0.9653236304693706, 0.10798442444873825, 0.07842510661703225, -1.021841375787611, -0.009695298112622581, -0.044878924324570364, 0.4290265831014414, -1.0654768833188601, 0.13268194483483553, 0.6804676560977295, -1.1248784928504263
8.964160604863935, 1.0, 1.0, 1.0, 1.0, 3.4152062061854775, 0.33353874683380147, 0.334252256665911, 0.0, 0.0, -1.1616105081215697, -0.02733661103037446, -0.02391713964477919, 0.35384244005424703, -0.9725127908267265, 0.11953139163243708, 0.06034875098742185, -1.021841375787611, -0.010724783550224364, -0.039542724916061624, 0.43260334609073503, -1.044110303474864, 0.14921656488291193, 0.6535946805827048, -1.1228776670024088
8.992176395963472, 1.0, 1.0, 1.0, 1.0, 3.4188535635811945, 0.3200140316145763, 0.33477753094264445, 0.0, 0.0, -1.1759925135809628, -0.01134146663581365, -0.022381852443120447, 0.37280037836735874, -0.9809536802635223, 0.13175403862082205, 0.04222773096029925, -1.020905378661626, -0.011738464733032302, -0.03303512085728352, 0.4401763013481423, -1.0200997365420845, 0.16490217081731046, 0.6250182968382346, -1.1198210280238317
9.020364207728138, 1.0, 1.0, 1.0, 1.0, 3.422422577994211, 0.30637950488499255, 0.3354693494524275, 0.0, 0.0, -1.189958175746266, 0.005488029746884234, -0.020735074968002143, 0.3890249453457994, -0.9909341383476515, 0.14516966283816696, 0.025765647971036056, -1.0202445894468222, -0.012331199135862699, -0.02721433945960667, 0.4532916249719749, -0.995777123012639, 0.17972976015124198, 0.5954520882924043, -1.1153367948584982
9.04873374258599, 1.0, 1.0, 1.0, 1.0, 3.4259125900268557, 0.2926307797431948, 0.33630211966378354, 0.0, 0.0, -1.2035176713204099, 0.020208147453982295, -0.019895539730862714, 0.4025040320324823, -1.0012326099574431, 0.1566791045981344, 0.007703799495860014, -1.0154189679311048, -0.013195397396843384, -0.02272755270427141, 0.4719944666308594, -0.9738355056830031, 0.19427050160873655, 0.5656859309576422, -1.1120857691944679
9.07725813268597, 1.0, 1.0, 1.0, 1.0, 3.429346040998187, 0.27878803355353243, 0.3372557898930141, 0.0, 0.0, -1.2167558939877205, 0.03406909975152818, -0.019469680571712538, 0.41198757605126285, -1.0098568855655816, 0.167826445770599, -0.010084288421621042, -1.007894449526223, -0.014041400895455096, -0.019687085339129266, 0.4962918934902961, -0.9554993101373273, 0.20843398835223342, 0.5360767088739685, -1.1090970394216784
9.10589821575364, 1.0, 1.0, 1.0, 1.0, 3.4327467400687084, 0.2648776476723809, 0.33830845560346334, 0.0, 0.0, -1.229783843983917, 0.04693887600864487, -0.019572733876993032, 0.41704914247434166, -1.016086034391327, 0.1781624398399349, -0.02717125224384143, -0.9974808899260185, -0.015105444049786696, -0.017998493052820808, 0.526549341787209, -0.9424652026119629, 0.22216098455885994, 0.5060981713500171, -1.1060581476458462
9.13461807260839, 1.0, 1.0, 1.0, 1.0, 3.436127711704799, 0.2509214098112926, 0.3394194657461984, 0.0, 0.0, -1.2426397583721056, 0.05840968397112357, -0.02047750980926826, 0.4176811274962355, -1.01991914702007, 0.18753334467166147, -0.04291430337066585, -0.984727789529506, -0.01599654715073111, -0.017070759399786955, 0.5612218653854575, -0.9331117814378176, 0.2350594398931734, 0.47512652445281944, -1.1010307720394232
9.163396146455215, 1.0, 1.0, 1.0, 1.0, 3.439508405412947, 0.23693515607288926, 0.3405520084926061, 0.0, 0.0, -1.2553386595265832, 0.06852319279796223, -0.022037178411559253, 0.41373442836223445, -1.0206743627889974, 0.19560911732057917, -0.05598670003359607, -0.9705414629813714, -0.016537678635091715, -0.016539434832581693, 0.5982156387247469, -0.9266956672106436, 0.24749610167770936, 0.44347652715985564, -1.0944071565451532
9.192197273222954, 1.0, 1.0, 1.0, 1.0, 3.4429110881260465, 0.22294237307139825, 0.3416630349840437, 0.0, 0.0, -1.267802853501481, 0.07719154226518811, -0.02416627899999777, 0.4049843965563782, -1.0177236212658058, 0.20156509907399747, -0.06516972806866712, -0.9560986485756756, -0.017020950998092952, -0.016242447088722824, 0.635873248932332, -0.9236391363795502, 0.2593325598883313, 0.4128936119056094, -1.0896495490720153
9.220970894970836, 1.0, 0.0, 0.0, 1.0, 3.4463520540509904, 0.20897311823708692, 0.34272857802254814, 0.0, 0.0, -1.2799197432864051, 0.0831101324025673, -0.02751571610020374, 0.39279371190560275, -1.013552556773624, 0.20467046146713944, -0.07012256704648176, -0.9424229013896842, -0.017380930282421502, -0.016265703190594703, 0.673835342564554, -0.922282991161903, 0.27153151471193243, 0.3840563668508125, -1.0896495490720153
9.249647698323324, 1.0, 0.0, 0.0, 1.0, 3.449850469316755, 0.19506805249622913, 0.3437382466452462, 0.0, 0.0, -1.2915838130553874, 0.08759074902385487, -0.03167404363310736, 0.3780053947409364, -1.0098382178864755, 0.20567747331631311, -0.07006503626674425, -0.9311445981140897, -0.017816995417570397, -0.016006574572543935, 0.710849463925738, -0.9217553997221416, 0.2869157230320129, 0.355871704582901, -1.0896495490720153
9.278139785722749, 1.0, 0.0, 0.0, 1.0, 3.453400491986956, 0.18127141884395076, 0.34469739232744495, 0.0, 0.0, -1.3026480813940515, 0.09018057795173835, -0.03689232350792678, 0.36154128662050333, -1.006870347919125, 0.2046496345792375, -0.06487445787948852, -0.9231361663385541, -0.018196500577744877, -0.015147869361422402, 0.7466524643969158, -0.9210699510969881, 0.30283657189853436, 0.3282402564659735, -1.0896495490720153
9.306352960492633, 1.0, 0.0, 0.0, 1.0, 3.4570101656232564, 0.16763448136193432, 0.3456063992636545, 0.0, 0.0, -1.3129032992271814, 0.09059812484608491, -0.043291851194837826, 0.3441611512651825, -1.004995184711086, 0.20201419675263838, -0.054476346448731325, -0.92, -0.01876256410365418, -0.013322049471153159, 0.7810189667672478, -0.920891223623159, 0.3181585630129443, 0.3005610546623934, -1.089649549072015
9.3342337297326, 1.0, 0.0, 0.0, 1.0, 3.460689174107143, 0.1541883213179454, 0.3464687170301165, 0.0, 0.0, -1.3222956036358597, 0.08943901900174063, -0.05043363282570844, 0.3260446060733848, -1.0039974579392585, 0.19826252415028142, -0.039638244810666294, -0.92, -0.019261434080648693, -0.010167186573036812, 0.8136464773623061, -0.9204535246938187, 0.33261109985534326, 0.27331708632794727, -1.0896495490720153
9.361776517624316, 1.0, 1.0, 1.0, 1.0, 3.4644482421875002, 0.14093989883150396, 0.3472946970803398, 0.0, 0.0, -1.330848837807174, 0.08729274097189987, -0.05792284163764156, 0.30753487973279076, -1.0037756587258997, 0.19345631352956216, -0.021935023681719124, -0.92, -0.01974052418024886, -0.005510139558867382, 0.8442340442051244, -0.9200568758693474, 0.3465718014097944, 0.24689395079039392, -1.089649549072015
9.388999157871027, 1.0, 1.0, 1.0, 1.0, 3.4683069283621655, 0.12788698434829732, 0.34810686383928574, 0.0, 0.0, -1.3385796933285508, 0.0851409482429533, -0.06502727431580727, 0.28869304437889587, -1.0037756587258997, 0.18845205335436033, -0.002010948289160932, -0.92, -0.020195611199241643, 0.0010895961201119286, 0.8721327185207465, -0.92, 0.3597727223478779, 0.22128995830453957, -1.0896495490720153
9.415926798550176, 1.0, 1.0, 1.0, 1.0, 3.472302633013044, 0.1150297372681756, 0.3489251041412354, 0.0, 0.0, -1.3454802611949546, 0.0832224862385896, -0.07162222834848998, 0.26943776805410324, -1.0037756587258997, 0.1831595698136163, 0.019812302436506217, -0.92, -0.020436991147613374, 0.009781043814925743, 0.8968177316703289, -0.92, 0.3731204687418451, 0.19749407752558118, -1.089649549072015
9.442578334970602, 1.0, 1.0, 1.0, 1.0, 3.476468876429967, 0.10237199204308667, 0.34975947107587546, 0.0, 0.0, -1.3515266683286402, 0.08133323199327057, -0.0779269430036731, 0.24973814514182108, -1.0037756587259, 0.1777763896857436, 0.042773361937664935, -0.92, -0.02091174682016966, 0.020524029631580083, 0.9174628953972845, -0.92, 0.3859007283757991, 0.17440819522198137, -1.0848612682231549
9.4689690918476, 1.0, 1.0, 1.0, 1.0, 3.4808328901018415, 0.0899191451072695, 0.350618359701974, 0.0, 0.0, -1.3566420326601623, 0.07959691197276693, -0.08383458945676162, 0.22951143714282415, -1.0037756587258997, 0.17169341605123506, 0.06719086252170837, -0.92, -0.021251074546354897, 0.03310168400822288, 0.9342715463360172, -0.92, 0.39692960172472086, 0.15163072966581215, -1.071303568846188
9.49509753827297, 1.0, 1.0, 1.0, 1.0, 3.485412428719657, 0.07768387828554447, 0.35150214876447405, 0.0, 0.0, -1.360859376436331, 0.07753125426902628, -0.08991183848335384, 0.2090211629713207, -1.0037756587259, 0.16609020401674932, 0.09148234448123078, -0.92, -0.021689750004719864, 0.04746876617272018, 0.9468268947958135, -0.92, 0.4053889221146574, 0.13112825024356192, -1.0517420397129496
9.520945698539318, 1.0, 1.0, 1.0, 1.0, 3.4902193396432066, 0.06568698474339098, 0.35240276881626675, 0.0, 0.0, -1.364041681628068, 0.07513681381167533, -0.09621400049689777, 0.1882884671630615, -1.0037756587258997, 0.16070001458378722, 0.11521601608511887, -0.92, -0.022166926629992163, 0.06300164664888398, 0.9554671886053605, -0.92, 0.41067286592763386, 0.11451660096852752, -1.028290711333391
9.546485224168979, 1.0, 1.0, 1.0, 1.0, 3.4952530016217915, 0.053951181003025823, 0.3533109079088484, 0.0, 0.0, -1.366022399020728, 0.07218702025996178, -0.10290634863312918, 0.1675022174299762, -1.0037315282434165, 0.15528625960435738, 0.13835033305860878, -0.92, -0.022600703927898636, 0.07894695064162456, 0.9607391723931284, -0.92, 0.4124129534060662, 0.10288350132778502, -1.0027668344608467
9.571690601570454, 1.0, 1.0, 1.0, 1.0, 3.5005143901279996, 0.04249930109296548, 0.3542075225285122, 0.0, 0.0, -1.3666725362325631, 0.06640719065563998, -0.1112382365320903, 0.14738096491564806, -1.0037315282434165, 0.1487208508158672, 0.16047249233633343, -0.9200846465120324, -0.02308204728531484, 0.09501301721011024, 0.9628619453345414, -0.92, 0.41070354410109633, 0.09710084048323549, -0.9775294140383305
9.596522547964561, 1.0, 1.0, 1.0, 1.0, 3.5060023117065433, 0.03136201654161748, 0.3550691958836147, 0.0, 0.0, -1.3657964169284575, 0.05905123114616277, -0.12015941722066069, 0.127334456234998, -1.0032130382916897, 0.14164557725331417, 0.18256406643718068, -0.9228380971814116, -0.023653319264895747, 0.1109732843687287, 0.9625774284870552, -0.92, 0.40588480318397985, 0.09739426280960488, -0.9541299171194099
9.620931415188553, 1.0, 1.0, 1.0, 1.0, 3.5117140742710657, 0.02057665756770565, 0.3558660316467286, 0.0, 0.0, -1.3631551289930786, 0.04979817487529729, -0.12975374168493006, 0.1071505090836865, -1.0015504537698228, 0.13430860952566884, 0.2040532454088635, -0.929020356788895, -0.024089066455484576, 0.12497351186978056, 0.9615545972515781, -0.92, 0.39801961590556917, 0.10417302219973279, -0.9348016841709175
9.644879944194178, 1.0, 1.0, 1.0, 1.0, 3.517638740539551, 0.01017082554953461, 0.35657662527901784, 0.0, 0.0, -1.3586528901227088, 0.039956219268656015, -0.13950070974061063, 0.08757201226617449, -0.9989311876077899, 0.12755212855234324, 0.22502524413033761, -0.9396492361033256, -0.024592973944661856, 0.13800169177582491, 0.9586099499378035, -0.92, 0.3876562464259658, 0.11760669804840566, -0.9225521171182531
9.668359167148267, 1.0, 1.0, 1.0, 1.0, 3.523760512215751, 0.0001537207194739269, 0.35718882969447546, 0.0, 0.0, -1.3522157854074162, 0.02998758241880684, -0.1486197966229227, 0.06830735071183276, -0.9947213993452854, 0.12072686808574898, 0.24366234080078417, -0.9539933784620065, -0.0250503248273323, 0.1501022382479689, 0.9548366314320559, -0.92, 0.37498922591932243, 0.13841081748327808, -0.92
9.691361902341159, 1.0, 1.0, 1.0, 1.0, 3.5300643539428718, -0.009466208389826956, 0.35769707952226915, 0.0, 0.0, -1.343895991594843, 0.0192255249161347, -0.15726148394703188, 0.05004571273422474, -0.9890469139645893, 0.11327539052036799, 0.2591363751869809, -0.9710280947721209, -0.025103590772150124, 0.1616599358236927, 0.9506127000601022, -0.92, 0.3600982944842036, 0.16297628143227802, -0.92
9.713880146582344, 1.0, 1.0, 1.0, 1.0, 3.5365328598022465, -0.01868175302232992, 0.35810624258858814, 0.0, 0.0, -1.3337408134001294, 0.008636104333019144, -0.16541904063094504, 0.03281070823480141, -0.9818577536072334, 0.10537223919073956, 0.27089971856813544, -0.9897676623146747, -0.025221602002471023, 0.17281611870933736, 0.9456709601816812, -0.92, 0.3436865606335607, 0.18855856300331184, -0.92
9.735888765231524, 1.0, 1.0, 1.0, 1.0, 3.5431313868931364, -0.027488242898668334, 0.3584293719700405, 0.0, 0.0, -1.3219074750399995, -0.0010522662123792924, -0.17288609962836232, 0.017242820875476177, -0.9734168641704377, 0.09650385142908732, 0.2785179241512943, -1.0083215457855128, -0.02531994030917682, 0.18410130187160773, 0.9402329540604845, -0.92, 0.32666835230944435, 0.21491426118174187, -0.92
9.757372808461652, 0.0, 1.0, 1.0, 0.0, 3.5498423821585523, -0.035875946453639215, 0.35868297849382674, 0.0, 0.0, -1.3084611697181734, -0.008189592452343285, -0.17844412828763453, 0.0032307567119998306, -0.9634364060863083, 0.08709851354270444, 0.28239863463547854, -1.025162348291462, -0.025424168841991685, 0.19520124148568865, 0.9342986666709538, -0.92, 0.30936264878850916, 0.2412893694197484, -0.92
9.778332956407713, 0.0, 1.0, 1.0, 0.0, 3.5566566358293805, -0.04383822611400036, 0.3588759095328195, 0.0, 0.0, -1.2934475434280928, -0.014398235142693358, -0.18330563882655695, -0.007975047924527712, -0.9531379344765168, 0.07581798410614814, 0.28172674362306377, -1.037507596132076, -0.02543694046391964, 0.20578017981212368, 0.927986845482744, -0.92, 0.2916043565962147, 0.26754182637919915, -0.92
9.798789640956613, 0.0, 1.0, 1.0, 0.0, 3.563560900006976, -0.05138475656509377, 0.35902394703456336, 0.0, 0.0, -1.2768676198989872, -0.023098118271539875, -0.1887846550716676, -0.015511915448748267, -0.9430926416322214, 0.06117000906594562, 0.2725592997947388, -1.0375075961320759, -0.025485172942719698, 0.2171825538907741, 0.9211318008630204, -0.92, 0.27358515341779654, 0.2929844113242605, -0.92
9.8187708026711, 0.0, 1.0, 1.0, 0.0, 3.570538662501744, -0.05853475911276657, 0.3591333293914795, 0.0, 0.0, -1.258714092302209, -0.019166880320950843, -0.1875615990335697, -0.022381233283883334, -0.9342634487914128, 0.049063420084119125, 0.2696444956787994, -1.0453621525428374, -0.025620066813014514, 0.22905358058522968, 0.9122615734335972, -0.92, 0.25552286569448207, 0.31764491443805937, -0.92
9.838297431908902, 0.0, 1.0, 1.0, 0.0, 3.5775712803431925, -0.06530709981918312, 0.35921023777553013, 0.0, 0.0, -1.239030846055088, -0.013514047298242802, -0.18476569118169814, -0.025551361279232514, -0.9266812638032649, 0.03542404375971414, 0.2628128549302929, -1.0453621525428372, -0.02570609809239435, 0.24074719131089437, 0.9035558809403482, -0.92, 0.23827691113879407, 0.3418021520274874, -0.92
9.857391246422088, 0.0, 1.0, 1.0, 0.0, 3.584638116019113, -0.0717260772841315, 0.35926397732325965, 0.0, 0.0, -1.2178890367913424, -0.001159114718874657, -0.17882678920308587, -0.026838601478417594, -0.9216164016306118, 0.022761525621987615, 0.25766107226773016, -1.0453621525428374, -0.02571770770691578, 0.2526471969649071, 0.8949276612914696, -0.92, 0.22192635131567304, 0.3653382552272063, -0.92
9.876077415907611, 0.0, 1.0, 1.0, 0.0, 3.591717235020229, -0.07782356091908023, 0.3593043654305595, 0.0, 0.0, -1.1953377008743378, 0.016863224940576176, -0.17017468923712215, -0.0252337698786179, -0.9201166823037153, 0.01158147787001672, 0.2542328812856692, -1.0453621525428372, -0.02559700959106021, 0.2642942167204339, 0.8865455039820891, -0.92, 0.2072735133953058, 0.38766461380170114, -0.92
9.894874456005116, 0.0, 1.0, 1.0, 0.0, 3.5987879344395233, -0.08363398006984142, 0.3593375791822161, 0.0, 0.0, -1.1714654599505054, 0.03734061516820334, -0.16040425130170188, -0.020765784466059995, -0.9201166823037153, 0.0011668364572257983, 0.2512314899800649, -1.0453621525428374, -0.025169146974875843, 0.2753272282018156, 0.8782056418793268, -0.92, 0.19423327485473948, 0.4095869443132488, -0.9208774387465822
9.91469316591943, 0.0, 1.0, 1.0, 0.0, 3.605829767499652, -0.08919364486421834, 0.3593637030465263, 0.0, 0.0, -1.1462956983593255, 0.057624480145070205, -0.15005323640649246, -0.01399505638618708, -0.9201166823037153, -0.008987292465961872, 0.2482418999439407, -1.0453621525428374, -0.024752352085174036, 0.2851602514704608, 0.8698949330000124, -0.92, 0.18330841988023686, 0.43101426759386957, -0.923765535128264
9.935543511231693, 0.0, 1.0, 1.0, 0.0, 3.612830320085798, -0.09454148769378637, 0.35937919889177594, 0.0, 0.0, -1.1198157598127543, 0.07617039530896529, -0.13980425693081794, -0.004806027072052539, -0.9201166823037153, -0.019185980853710823, 0.24449659750395303, -1.0453621525428374, -0.02424988399645223, 0.29359578420542803, 0.8616937055173105, -0.92, 0.17478403672551004, 0.45193421420197477, -0.9285972068597552
9.957406891499025, 0.0, 1.0, 1.0, 0.0, 3.6197726222446986, -0.09972265141350858, 0.35938053403581893, 0.0, 0.0, -1.0920492668732427, 0.09426769068071804, -0.1295277810677635, 0.005786645361917632, -0.9201166823037153, -0.028582390060377716, 0.24089766974962853, -1.0453621525428374, -0.023814572433947707, 0.2999671904361464, 0.853261555834249, -0.92, 0.16900008274383133, 0.47222231063537645, -0.935538678869832
9.980341210421274, 0.0, 1.0, 1.0, 0.0, 3.6266382544381277, -0.10476362262453327, 0.3593614401136126, 0.0, 0.0, -1.0629226818419846, 0.11231441956428244, -0.11894319366408998, 0.017129355169131694, -0.9201166823037153, -0.036645234328395185, 0.23764616549389922, -1.0453621525428374, -0.023267767116864766, 0.30381315825393596, 0.8448974736730183, -0.92, 0.16605883912294456, 0.4912461725926101, -0.9434425426526182
10.0043943762628, 0.0, 1.0, 1.0, 0.0, 3.633410769871303, -0.10966808148792787, 0.35931289672851563, 0.0, 0.0, -1.032375161223248, 0.12701014589699922, -0.10964053716492114, 0.029389634076997757, -0.9201166823037153, -0.044859758723799104, 0.23331810407385722, -1.0453621525428374, -0.022823050276583264, 0.30485928253439193, 0.8374452640901032, -0.92, 0.16601928543757682, 0.5086260280860749, -0.9521254453601088
10.029568906845707, 0.0, 1.0, 1.0, 0.0, 3.640077781677246, -0.11444023847579932, 0.3592183480943953, 0.0, 0.0, -1.0004035073829567, 0.1408300239694438, -0.10042841648714913, 0.04110681232605474, -0.9201166823037156, -0.05195505733892643, 0.2287377420034896, -1.0453621525428374, -0.02230335838171444, 0.3031189186187294, 0.8317241222133166, -0.92, 0.1689064685243329, 0.5237538742092015, -0.960104193443538
10.055791739994532, 0.0, 1.0, 1.0, 0.0, 3.6466326958792554, -0.11908049072538081, 0.3590652479444231, 0.0, 0.0, -0.9671005092839483, 0.15282344734458583, -0.09144332806743131, 0.05262558563560217, -0.9201166823037153, -0.05855039646284162, 0.22342380216165428, -1.0453621525428374, -0.02184349967524642, 0.2982475422570114, 0.8275681413926659, -0.92, 0.17485398264165458, 0.5361098533276752, -0.9665061358666384
10.082933314345519, 1.0, 1.0, 1.0, 1.0, 3.6530750383649555, -0.12358259575707546, 0.35886548314775746, 0.0, 0.0, -0.9326307098581958, 0.16230562547385402, -0.08224845455370752, 0.06387773259497793, -0.9201166823037153, -0.0649389391603477, 0.216797317527321, -1.0453621525428372, -0.021341749509021655, 0.29044497831822425, 0.8256636153908611, -0.92, 0.18379321310049604, 0.5450347719704935, -0.9697291241633594
10.11078859681589, 1.0, 1.0, 1.0, 1.0, 3.65940304347447, -0.12794486420495146, 0.35863480840410517, 0.0, 0.0, -0.8972545011208254, 0.1707694706529286, -0.07242222964928687, 0.07440133893749105, -0.9201166823037153, -0.07088417964204057, 0.20970339380594757, -1.0453621525428374, -0.02136211656702658, 0.2802559092773251, 0.8255654275004666, -0.92, 0.19595378956987533, 0.5500732128353955, -0.9697291241633594
10.139130783619466, 1.0, 1.0, 1.0, 1.0, 3.665617757524763, -0.13216660942350092, 0.35838477134704594, 0.0, 0.0, -0.8612599238802846, 0.1776773223033523, -0.06281980503121547, 0.08452708465265821, -0.9201166823037153, -0.07661324747234123, 0.201933988029223, -1.0453621525428372, -0.021364879000894843, 0.26778762286875013, 0.8280430923356826, -0.92, 0.2113386120769621, 0.5531436781681724, -0.9697291241633594
10.167563664027172, 1.0, 1.0, 1.0, 1.0, 3.6717223848615377, -0.13624813692910306, 0.35812808990478523, 0.0, 0.0, -0.8251501657624981, 0.18393874463510698, -0.053703232924064793, 0.09405759733712069, -0.9201166823037153, -0.0819709351734579, 0.19395616561968518, -1.0453621525428374, -0.02125756025334775, 0.2538151399160541, 0.8330018903186783, -0.92, 0.22888076168456478, 0.5545991455535987, -0.9697291241633594
10.195775930521021, 1.0, 1.0, 1.0, 1.0, 3.6777242933000838, -0.14018793106079078, 0.35787795748029444, 0.0, 0.0, -0.7893205873153101, 0.19052741318090524, -0.045383275021093517, 0.10265619433622718, -0.9201166823037153, -0.08679180189513369, 0.18623215216041578, -1.0453621525428372, -0.021036193096704164, 0.23908761818446198, 0.8400300125500572, -0.92, 0.247527151939079, 0.5549512527503432, -0.9697291241633594
10.223546471012364, 1.0, 1.0, 1.0, 1.0, 3.683622921534947, -0.14399126257215203, 0.3576452255249024, 0.0, 0.0, -0.7540520008913048, 0.20219203610292583, -0.03638593997888061, 0.10886557363206793, -0.9201166823037153, -0.08823502035671106, 0.18053878130748835, -1.045277506030805, -0.020821677912120945, 0.22440447891693519, 0.8488232018780494, -0.92, 0.2673750145923041, 0.5542972261656416, -0.9697291241633593
10.250764430726074, 1.0, 1.0, 1.0, 1.0, 3.6894184875488283, -0.14767053808484734, 0.357438554763794, 0.0, 0.0, -0.7194851920548946, 0.21992955764803318, -0.02564639362907892, 0.11207713578978784, -0.9201166823037153, -0.08569792083091196, 0.1760183898641921, -1.0425240553614257, -0.02047138741130886, 0.2098662384381356, 0.8590126266263313, -0.92, 0.28843425315779114, 0.5521875678210133, -0.9697291241633594
10.277392186949942, 1.0, 1.0, 1.0, 1.0, 3.695101525442941, -0.151241600854056, 0.35726571355547226, 0.0, 0.0, -0.6856679416505819, 0.2420304836659816, -0.012896923285826426, 0.11284444125215473, -0.9201166832044051, -0.08013554197077422, 0.17220589837486647, -1.0363417957539423, -0.020155539698983836, 0.1971046366769725, 0.869161859400233, -0.92, 0.31084601676532914, 0.5500079397920676, -0.9697291241633593
10.303564486361779, 1.0, 1.0, 1.0, 1.0, 3.7006651905604775, -0.1547150966099328, 0.35713659558977406, 0.0, 0.0, -0.6524291213975495, 0.2573966585239408, -0.0040776070981266245, 0.11883682946320832, -0.9298021335829734, -0.07922479475391024, 0.16674263632582717, -1.0257129164395116, -0.019928363744357577, 0.18552171433792247, 0.8797348501226637, -0.92, 0.33449228807845227, 0.5465435021304409, -0.9697291241633594
10.329425804888121, 1.0, 1.0, 1.0, 1.0, 3.7061097226824082, -0.1580824620383124, 0.3570643588474819, 0.0, 0.0, -0.6195852468690959, 0.280122500224449, 0.008501825485943165, 0.11771981522709854, -0.9325669826712154, -0.07234325283246643, 0.1645638543695108, -1.0113687740808308, -0.01967383858804168, 0.17493753929203923, 0.8897412998223879, -0.92, 0.35941444168666375, 0.5428920049510428, -0.9697291241633593
10.355125451219624, 1.0, 1.0, 1.0, 1.0, 3.7114325823102683, -0.16134880065917945, 0.35706013815743587, 0.0, 0.0, -0.5869466960280857, 0.29444971175523876, 0.016193756416427, 0.12188792273155129, -0.943232102690266, -0.07029135288885772, 0.1628817266103125, -0.9943340577707165, -0.01947247594627254, 0.16461466934334093, 0.8986965233262171, -0.92, 0.38529555960652856, 0.5389811816157914, -0.9697291241633594
10.380730254769542, 1.0, 1.0, 1.0, 1.0, 3.7166280555725097, -0.16453027452741326, 0.3571244948250908, 0.0, 0.0, -0.5544285955196906, 0.3141546970608285, 0.02671355389874824, 0.11988444530010513, -0.9460304247258025, -0.06273650658396436, 0.16576155777024287, -0.9755944902281627, -0.019231161793015355, 0.15537573553985704, 0.9076161744705437, -0.92, 0.41208801425691005, 0.5350909347870104, -0.9697291241633593
10.406294412758442, 1.0, 1.0, 1.0, 1.0, 3.7216976056780133, -0.1676351084027969, 0.3572468498774938, 0.0, 0.0, -0.5219621148737892, 0.33177488366402835, 0.03591304846464637, 0.11670524509579053, -0.9468715143052053, -0.05416404450840708, 0.1718688272379366, -0.9570406067573245, -0.019076696462542675, 0.1461617938723929, 0.9160693668736904, -0.92, 0.4396212197406698, 0.5300217866826461, -0.9697291241633594
10.431820030231227, 1.0, 0.0, 0.0, 1.0, 3.726644883837019, -0.17065906115940616, 0.3574117892129081, 0.0, 0.0, -0.4895445806833521, 0.34478057243319543, 0.042746306551434396, 0.11385114554572072, -0.9470169483450269, -0.045747207938374834, 0.18070420380674562, -0.9401998042513752, -0.018913275541756484, 0.13727035377902014, 0.9242344149586482, -0.92, 0.4677830141842057, 0.524415812697464, -0.9697291241633593
10.457321858601585, 1.0, 0.0, 0.0, 1.0, 3.7314705712454663, -0.17357720102582636, 0.3576060867309571, 0.0, 0.0, -0.4571572586529979, 0.3520971904502988, 0.04689857456188915, 0.11228289315581753, -0.9470169483450268, -0.0378964322505379, 0.19250295946127377, -0.9278545564107613, -0.01888147130599524, 0.12987189134841545, 0.9317795754563019, -0.92, 0.49632924776224, 0.5175495180856462, -0.9697291241633594
10.482834621147003, 1.0, 0.0, 0.0, 1.0, 3.7361782673427038, -0.17634189741952055, 0.35780938693455294, 0.0, 0.0, -0.4247560502203177, 0.35822966639000187, 0.050331609416739254, 0.11108580658574892, -0.9470169483450268, -0.02864917944390769, 0.21129703326611327, -0.9278545564107613, -0.01883146140176925, 0.12175022076922833, 0.9392671011365434, -0.92, 0.5251670900425174, 0.5096581707416077, -0.9697291241633593
10.50835972825613, 1.0, 0.0, 0.0, 1.0, 3.7407727132524764, -0.1789145272118702, 0.3580109677995954, 0.0, 0.0, -0.3923391641917258, 0.351789772899133, 0.047576074058762456, 0.11292670077259763, -0.9469002660413114, -0.02109774257139709, 0.22310814609962895, -0.92, -0.018720669159817984, 0.11382041340055916, 0.9476401462802055, -0.92, 0.5535146486131336, 0.501089322281142, -0.9697291241633594
10.533881158218934, 1.0, 0.0, 0.0, 1.0, 3.7452554866245817, -0.18126028129032656, 0.3582111903599331, 0.0, 0.0, -0.35992694813896503, 0.3443009093382248, 0.044046501820707254, 0.11489044793579142, -0.9469002660413114, -0.010929850059909913, 0.23835389697417056, -0.92, -0.018638413931413626, 0.10639259990859222, 0.9548820308408654, -0.92, 0.5804258268184784, 0.4918024327519007, -0.9697291241633594
10.559403093735831, 1.0, 0.0, 0.0, 1.0, 3.749631372179304, -0.1833514411108832, 0.35840705054146904, 0.0, 0.0, -0.3275140900325063, 0.3306817660459452, 0.03787799757911168, 0.11910275350850351, -0.9469002660413114, -0.000695347763724699, 0.25134561571581177, -0.92, -0.018621249884637068, 0.09879592251464006, 0.9615680312558784, -0.92, 0.6055712367905791, 0.48203153863193543, -0.9697291241633594
10.584940277649247, 1.0, 0.0, 0.0, 1.0, 3.7538990374973844, -0.18516159125736756, 0.35859746524265834, 0.0, 0.0, -0.29508186646246753, 0.3118585079313034, 0.029247406728444066, 0.12501397016247826, -0.9469002660413114, 0.009481461207093339, 0.2621761916324187, -0.92, -0.01880910552042977, 0.09116525411111506, 0.9677546858751815, -0.92, 0.6284850271341623, 0.47182653685518455, -0.9697291241633594
10.610513540029064, 1.0, 0.0, 0.0, 1.0, 3.7580619021824435, -0.18666717256818474, 0.3587791279384068, 0.0, 0.0, -0.26260382324009945, 0.29175514402455277, 0.02001854301920941, 0.1315293740264361, -0.9469002660413114, 0.0205013880715636, 0.27226203444046077, -0.92, -0.019266226737771303, 0.08385584678192959, 0.9729563944914768, -0.92, 0.6488082747709025, 0.4610657812432292, -0.9688516854167771
10.63611194877733, 1.0, 0.0, 0.0, 1.0, 3.76212911605835, -0.18785529954092817, 0.3589448152269636, 0.0, 0.0, -0.23009384412980258, 0.27193535658405027, 0.010436798481638402, 0.13827735400361654, -0.9469002660413114, 0.031780405339533316, 0.28185764291412346, -0.92, -0.019714729094925516, 0.0768928511936184, 0.9774450719914612, -0.92, 0.6662654046722863, 0.44974503031472557, -0.9659635890350954
10.661670020545209, 1.0, 0.0, 0.0, 1.0, 3.7661157798767095, -0.18871988500867548, 0.359085191999163, 0.0, 0.0, -0.19763509298459692, 0.2537999460130543, 0.001127498835674545, 0.14441178535484148, -0.9469002660413114, 0.043551048688675154, 0.291437150948583, -0.92, -0.02025046077397766, 0.07001192061480153, 0.9812415726855956, -0.92, 0.6806223701095799, 0.43799720533295133, -0.961131917303604
10.687097023957937, 1.0, 0.0, 0.0, 1.0, 3.7700407791137702, -0.18925839628492058, 0.3591871888296945, 0.0, 0.0, -0.16534279865043083, 0.2360355192201391, -0.008037999886362961, 0.15040092765466154, -0.9469002660413114, 0.05490594379134449, 0.29964861373692536, -0.92, -0.020720652225911955, 0.0635528358363764, 0.9848686969022029, -0.92, 0.691699725110506, 0.42609522309988906, -0.9541904452935274
10.712284732173375, 1.0, 0.0, 0.0, 1.0, 3.7739255305698944, -0.18947621890476746, 0.3592332635607039, 0.0, 0.0, -0.13335440921682457, 0.21744346388397456, -0.01783453905276001, 0.1565758495387307, -0.9469002660413114, 0.06487052025074838, 0.3067713274377303, -0.9221591332742547, -0.021335184198554975, 0.057643796067330645, 0.9880336283621052, -0.92, 0.6994049991142955, 0.4146956940876458, -0.9462865815107412
10.737112803935043, 1.0, 0.0, 0.0, 1.0, 3.777789742606027, -0.18938130855560278, 0.35921002388000495, 0.0, 0.0, -0.10182275807950678, 0.20208479866627108, -0.026159842821463143, 0.16201140757816873, -0.9469002660413114, 0.07458698316002153, 0.3137573948921396, -0.9265912442790957, -0.021749608862712332, 0.05280546750405908, 0.9903841875759262, -0.92, 0.7039142841388475, 0.4044925585784212, -0.9376036788032506
10.761458254335054, 1.0, 0.0, 0.0, 1.0, 3.7816472380501884, -0.18897915431431336, 0.35911132131304063, 0.0, 0.0, -0.07090403607149315, 0.18805397694319856, -0.03384990912500764, 0.16741946302709204, -0.9469002660413113, 0.08215781962274711, 0.31863875711433126, -0.9322644240001962, -0.022312021615874016, 0.04888136144291628, 0.991524252058209, -0.92, 0.7053062277673497, 0.39563650052214483, -0.9296249307198213
10.78522451488722, 1.0, 1.0, 1.0, 1.0, 3.7855063983372284, -0.18828483377184163, 0.3589438111441477, 0.0, 0.0, -0.04072088517024096, 0.17773781450648282, -0.03985643296747488, 0.17192386146475583, -0.9469002660413114, 0.08864210283420602, 0.32124681702640573, -0.9387571298252482, -0.022739273780396915, 0.04656599785776742, 0.9920529927740385, -0.92, 0.7038311538320913, 0.38919265147682314, -0.9232229882967211
10.808338921020592, 1.0, 1.0, 1.0, 1.0, 3.7893709019252237, -0.18730693612779864, 0.3586971773420062, 0.0, 0.0, -0.011365589380859756, 0.16604269552079662, -0.04871844489630298, 0.17724219594413346, -0.9469002660413113, 0.09073004762702973, 0.31722636208087707, -0.9387571298252482, -0.023303364253536886, 0.0460955652930504, 0.9913701012728665, -0.92, 0.6994139882670118, 0.3853406519334404, -0.92
10.830798888508484, 1.0, 1.0, 1.0, 1.0, 3.7932495852879122, -0.18605161734989686, 0.358370270047869, 0.0, 0.0, 0.01715856932876404, 0.1633204389871647, -0.0526788264739245, 0.18063426262256962, -0.9469002660413114, 0.09482753903728693, 0.3139087067205872, -0.9416039443657679, -0.023327556089176544, 0.04795784689943688, 0.9898550836664484, -0.92, 0.6922907952729627, 0.3849880622864702, -0.92
10.852690376242151, 1.0, 1.0, 1.0, 1.0, 3.7971562658037463, -0.18452844687870545, 0.35797560283115937, 0.0, 0.0, 0.0449607587505218, 0.16481522847861033, -0.05481107794802471, 0.18327353869448101, -0.9469002660413114, 0.09778163633174244, 0.3076570191052374, -0.9416039443657681, -0.02335031904020395, 0.051908476347660826, 0.9869009506590148, -0.92, 0.6826294856149382, 0.386226109546768, -0.92
10.874257617629087, 1.0, 1.0, 1.0, 1.0, 3.8011027227129257, -0.1827469226292199, 0.35752206393650604, 0.0, 0.0, 0.07235115531193129, 0.16980391240723286, -0.05478009493228188, 0.18519160143917932, -0.9469002660413114, 0.09940575464106317, 0.29985276809401995, -0.9416039443657679, -0.023478786182387516, 0.05825285330779789, 0.9820414218523549, -0.92, 0.6715887477893523, 0.3886997792222803, -0.92
10.89574925484687, 1.0, 1.0, 1.0, 1.0, 3.805097034999303, -0.1807146392549785, 0.35701814923967634, 0.0, 0.0, 0.09964553457851319, 0.17655416003778837, -0.0527983208005563, 0.18700200618117968, -0.9469002660413114, 0.09922114999041873, 0.2905902350340686, -0.9416039443657681, -0.02371285341681748, 0.06690059041424175, 0.9751194804476209, -0.92, 0.6602442022220798, 0.3919320746011869, -0.92
10.917413481768886, 1.0, 1.0, 1.0, 1.0, 3.809152532305037, -0.17843235220227896, 0.35646806580679763, 0.0, 0.0, 0.12715910276947393, 0.1815848394518962, -0.04993432942600355, 0.19003048963808625, -0.9469002660413114, 0.0960302040241409, 0.279167759938529, -0.9416039443657679, -0.023979113417325674, 0.07762804140581493, 0.9660289163741229, -0.92, 0.6484657023183873, 0.3957676005448025, -0.92
10.939383333351042, 1.0, 1.0, 1.0, 1.0, 3.8132823753356933, -0.17589467525482153, 0.3558768013545445, 0.0, 0.0, 0.15506081427881277, 0.1825387572759829, -0.04802957142630387, 0.19529061723173924, -0.9469002660413114, 0.08896438168700671, 0.2656218415452252, -0.9416039443657681, -0.02418331224193662, 0.08992978501968467, 0.9548670568104739, -0.92, 0.6361639357796317, 0.40109226418387894, -0.92
10.961820642060156, 1.0, 1.0, 1.0, 1.0, 3.8174996212550574, -0.17309719903128462, 0.3552487100873675, 0.0, 0.0, 0.18355619633938772, 0.18078877796480858, -0.04719930385522768, 0.20285559603066156, -0.9469002651406218, 0.07946702678817978, 0.25093577845547244, -0.9416039443657679, -0.024472078063900334, 0.10380707303060567, 0.9414358801682906, -0.92, 0.6232077731190502, 0.4061823555118225, -0.92
10.984848924462433, 0.0, 1.0, 1.0, 0.0, 3.8218102400643486, -0.1700379221779957, 0.3545762893131802, 0.0, 0.0, 0.2128021149902805, 0.18535524733536943, -0.04240534235024244, 0.20516624072658116, -0.9372148147620535, 0.07410634083201308, 0.23780662820891876, -0.9416039443657679, -0.02474097159136903, 0.11891720121630181, 0.9257895941549391, -0.92, 0.6094601473727436, 0.41244261584254943, -0.92
11.008561880873286, 0.0, 1.0, 1.0, 0.0, 3.826212447030204, -0.16672234739576042, 0.3538504246303014, 0.0, 0.0, 0.24291756963206332, 0.18109600187492908, -0.041253737490623284, 0.2147967180697476, -0.9344499656738113, 0.06264392725399932, 0.22271328198266072, -0.9416039443657679, -0.024951015599738603, 0.13423631117604845, 0.9088235104936514, -0.92, 0.594818340664024, 0.4190282876872615, -0.92
11.033098622588833, 0.0, 1.0, 1.0, 0.0, 3.8307043974740163, -0.16313880647931756, 0.35306225504193994, 0.0, 0.0, 0.2740792316108073, 0.18269009767864144, -0.035005748377023575, 0.21938162032988837, -0.9237848456547608, 0.056201265403275226, 0.20956209326035885, -0.9416039443657679, -0.02511364433245239, 0.1503153316735452, 0.8906368679816236, -0.92, 0.5791809623901257, 0.4260975244324831, -0.92
11.058534532639731, 0.0, 1.0, 1.0, 0.0, 3.835280854361398, -0.15925674165998163, 0.352203723362514, 0.0, 0.0, 0.3063828373754485, 0.1756292389886315, -0.031461709758432196, 0.23067501004318117, -0.9209865236192244, 0.044212269182513135, 0.19491722934184005, -0.9416039443657679, -0.02527121155253732, 0.16570567981776627, 0.8705242934288616, -0.92, 0.5625169652145975, 0.43362558971859577, -0.92
11.084763882395745, 0.0, 1.0, 1.0, 0.0, 3.8399344907488144, -0.15504916974476382, 0.35127781595502583, 0.0, 0.0, 0.33969411156558527, 0.16727465866690844, -0.026809755071727222, 0.24354666574816672, -0.9201454340398215, 0.031730365957312885, 0.18055717072901079, -0.9416039443657679, -0.025355603730048477, 0.18096006837496775, 0.8492026424937432, -0.92, 0.5449372559353168, 0.442955095395927, -0.92
11.111656563170106, 0.0, 1.0, 1.0, 0.0, 3.844646808079311, -0.15050878967557607, 0.35029267583574575, 0.0, 0.0, 0.37384781614902535, 0.1596761531428926, -0.020518819550641505, 0.25649676993696346, -0.92, 0.0202757350768294, 0.1666971651532624, -0.9416039443657679, -0.025447422412703317, 0.19530817933839434, 0.8270519924057735, -0.92, 0.5265428754464139, 0.4536331947489098, -0.92
11.138933687033843, 0.0, 1.0, 1.0, 0.0, 3.849395561218262, -0.14564488615308463, 0.34926322528294157, 0.0, 0.0, 0.40848976345597204, 0.15561474207156792, -0.011965177964424863, 0.26803014513366574, -0.92, 0.011360785212542884, 0.15407015542412053, -0.9416039443657679, -0.025485110592310706, 0.2084244371206183, 0.804683096025, -0.92, 0.5074877653339185, 0.46622389734577396, -0.92
11.16618976745029, 0.0, 1.0, 1.0, 0.0, 3.8541674668448316, -0.14046978030885943, 0.3482073266165598, 0.0, 0.0, 0.443104985584859, 0.15625324142174782, -0.0014744779073994035, 0.2777410260635209, -0.92, 0.004972113110587697, 0.14334125693502348, -0.9416039443657681, -0.02549413689610717, 0.22154002677810572, 0.7827260446899773, -0.92, 0.48798902669644173, 0.48051737662262756, -0.92
11.193251106419053, 0.0, 1.0, 1.0, 0.0, 3.858951260702951, -0.13498429196221465, 0.3471418721335276, 0.0, 0.0, 0.47747288607518984, 0.16082592431569312, 0.010155183776839898, 0.28514673586490663, -0.920024727054936, -0.00026093348733067574, 0.1346430711169912, -0.9416039443657679, -0.025351968890969207, 0.2341703768413945, 0.7619039931091408, -0.92, 0.46868089697749166, 0.49645303077656205, -0.92
11.220015911218114, 0.0, 1.0, 1.0, 0.0, 3.863733795710973, -0.1291969558170861, 0.34607333728245326, 0.0, 0.0, 0.511464188169997, 0.1704301826832849, 0.02306973860027934, 0.2898414092084022, -0.9200247270549359, -0.0033416220437169236, 0.1282804680385967, -0.9416039443657681, -0.025287101826574957, 0.24623185531035657, 0.7411968760215009, -0.92, 0.44991114266507226, 0.5133982913984307, -0.92
11.246401629779356, 0.0, 1.0, 1.0, 0.0, 3.8685110746111198, -0.1231209540367124, 0.3450037097930908, 0.0, 0.0, 0.5449740507427736, 0.1801542546136908, 0.03343826717910865, 0.2979303151781699, -0.9274852730112298, -0.006601875629907396, 0.12247529761409749, -0.9416039443657679, -0.02527780135191494, 0.25794407108669687, 0.720813383382599, -0.92, 0.43188152241436656, 0.531078303679782, -0.92
11.272332587507869, 0.0, 1.0, 1.0, 0.0, 3.8732931436811175, -0.11677571058273291, 0.3439293725149972, 0.0, 0.0, 0.5779063670579835, 0.19118757130875647, 0.0427387297896999, 0.3069828699013515, -0.9393612408896894, -0.009263274474450476, 0.1176072041145891, -0.9416039443657681, -0.025208508102118027, 0.2692664253215593, 0.7014686066191548, -0.92, 0.4146947142959834, 0.5494202359857839, -0.92
11.297839349627225, 0.0, 1.0, 1.0, 0.0, 3.8780896786281045, -0.11018054042543658, 0.34285463196890703, 0.0, 0.0, 0.6102999549495648, 0.20231534229797357, 0.051907282553943966, 0.31595756156134064, -0.9542020851778107, -0.011846837339624048, 0.11362379628720624, -0.9423894693634264, -0.025185435772568782, 0.2803398216945598, 0.682864415632743, -0.92, 0.3984170690218681, 0.5678169823097641, -0.92
11.32296215140199, 0.0, 1.0, 1.0, 0.0, 3.8829065350123817, -0.10334377527236914, 0.34177899905613496, 0.0, 0.0, 0.6422059132035178, 0.21315566070663344, 0.0606136491785435, 0.3243989203118621, -0.9715627981919364, -0.013820301357011304, 0.11059320698897805, -0.9441503615788213, -0.025205081099475498, 0.29098608043944296, 0.6651793725596423, -0.92, 0.38376000128604415, 0.5865533858168211, -0.92
11.347759776951724, 0.0, 1.0, 1.0, 0.0, 3.887738432203021, -0.09626849072320097, 0.3407003865923201, 0.0, 0.0, 0.6736988976516802, 0.22365994314872992, 0.06874332045353451, 0.3319766350171277, -0.990931542355038, -0.015171999154265458, 0.10884946639464048, -0.9470145087099052, -0.02467618397471714, 0.3012389921557571, 0.6492114383776315, -0.92, 0.3709314192094059, 0.6062115844046575, -0.9226329156233167
11.372320300289118, 1.0, 1.0, 1.0, 1.0, 3.8925758879525323, -0.08895343678338162, 0.3396250629425049, 0.0, 0.0, 0.7048907622901714, 0.23347420537403352, 0.07592578368107221, 0.3383511124609567, -1.0115544472060554, -0.016104115044730496, 0.10884686608826685, -0.9509131264967314, -0.024043905852076972, 0.31050289381393686, 0.6338558648301019, -0.92, 0.3602735429136263, 0.6273913944542944, -0.9331141178277521
11.396738293331932, 1.0, 1.0, 1.0, 1.0, 3.897406597137451, -0.08138861758368332, 0.33856817381722587, 0.0, 0.0, 0.7359016134545443, 0.2429185821656617, 0.08220166404213973, 0.34273705535310667, -1.0326907115913389, -0.016455128751411235, 0.10993819319652828, -0.9535377492448911, -0.023540467507857186, 0.31927434398388593, 0.6188675836196961, -0.92, 0.3520985542871883, 0.6485538883049158, -0.9503720207300609
11.421088664929519, 1.0, 1.0, 1.0, 1.0, 3.9022215407235286, -0.07356469835553825, 0.33754676001412537, 0.0, 0.0, 0.7668265853834803, 0.25064327247131235, 0.0865849242975267, 0.34475495067687634, -1.053745923354151, -0.016323766812892306, 0.11228990241893975, -0.9544771314407338, -0.023219756266686715, 0.3267769888452775, 0.6048359027295326, -0.92, 0.34648271497317207, 0.6679675070024735, -0.9724984410812264
11.445438663343872, 1.0, 1.0, 1.0, 1.0, 3.9070119912283765, -0.06547631706510247, 0.33657932690211706, 0.0, 0.0, 0.797751083369709, 0.25553310454648254, 0.088455862549932, 0.3443583441082607, -1.0739403306753028, -0.01558062331106975, 0.1167034998584502, -0.9543738218148997, -0.022688240894417202, 0.33263555050126026, 0.5922109649825039, -0.92, 0.34301931124434676, 0.6844417661194939, -0.9969731306576621
11.469836311542878, 1.0, 1.0, 1.0, 1.0, 3.9117693029131213, -0.057113029956817385, 0.335678665978568, 0.0, 0.0, 0.828736096582447, 0.2560910873486691, 0.08707996819434953, 0.34168552567404087, -1.0924289881889522, -0.014825175829160016, 0.12363957915184451, -0.9533773976031303, -0.022215992871850342, 0.33646456120777307, 0.5807426431383446, -0.92, 0.34110686461841794, 0.6959881828949783, -1.0216263578282248
11.494288498633386, 1.0, 0.0, 0.0, 1.0, 3.9164872114998954, -0.04848008087703135, 0.3348598725455148, 0.0, 0.0, 0.8597903741873921, 0.25833841712597566, 0.0869458603368072, 0.33491948504725944, -1.1083860647610668, -0.01049780443548209, 0.13794711312448968, -0.9586099301740368, -0.021556638053232692, 0.3384536279592995, 0.5707104236370512, -0.92, 0.34029796003791374, 0.7019916584722025, -1.043672897131395
11.518745855421738, 1.0, 0.0, 0.0, 1.0, 3.921157978602818, -0.039579155445098636, 0.33413096836635053, 0.0, 0.0, 0.8908512173085995, 0.250922429723298, 0.0803632049407269, 0.3270444116193264, -1.1208471195335419, -0.00920845727249189, 0.15150029676489707, -0.9605487624584351, -0.02096644272978056, 0.3376363862904884, 0.5624680352104898, -0.92, 0.3397886732432349, 0.7014651907531111, -1.0613789182256057
11.543126170243095, 1.0, 0.0, 0.0, 1.0, 3.9257686315264024, -0.03040855578013804, 0.33349217959812716, 0.0, 0.0, 0.9218142171317233, 0.2392744085090855, 0.07153531721045316, 0.31646780799325713, -1.1292315047164754, -0.007790080899645642, 0.16816045491033904, -0.9645441825760176, -0.02039281309940792, 0.33451095470339937, 0.5562326412355669, -0.92, 0.33864657370611256, 0.694033259844454, -1.072849889797278
11.56728352409563, 1.0, 0.0, 0.0, 1.0, 3.9303022411891395, -0.020964515209197752, 0.332940754209246, 0.0, 0.0, 0.9524940565244424, 0.22369805869767362, 0.06075679587553461, 0.3034266374545887, -1.1329571566411725, -0.006279582770825108, 0.18628337021962146, -0.9675977971485351, -0.019687297381598617, 0.3286738007588417, 0.5521868594780298, -0.92, 0.3358540097638763, 0.6794426819819221, -1.0768188442438942
11.591004037762346, 1.0, 0.0, 0.0, 1.0, 3.9347468648638046, -0.011245917592729596, 0.3324635192326137, 0.0, 0.0, 0.9826191088811705, 0.2052729639718113, 0.04872332048308427, 0.288222374241654, -1.1329571566411725, -0.004623470155548773, 0.20540602337221067, -0.9695548223428847, -0.019175278562860443, 0.3204621208001492, 0.5503841669165189, -0.92, 0.33189622886760983, 0.6609347276572838, -1.0768279435371082
11.614061031290737, 1.0, 0.0, 0.0, 1.0, 3.9390961401803155, -0.0012544843128746857, 0.3320490687234061, 0.0, 0.0, 1.0119014906622272, 0.18563244985610572, 0.03591779257173451, 0.2721632093769319, -1.1329571566411725, -0.002354977236633762, 0.2259289289537718, -0.9711746982155006, -0.019157461028416842, 0.3099689997407045, 0.5507315191887807, -0.92, 0.3276046001890555, 0.6411331631532832, -1.0768279435371082
11.636296711721325, 1.0, 0.0, 0.0, 1.0, 3.9433502551487516, 0.009003219945090402, 0.3316857991899763, 0.0, 0.0, 1.0401408048090741, 0.1655227642350377, 0.022671427575682558, 0.2554521770424027, -1.1329571566411725, 6.539824890741501e-05, 0.24759016912369752, -0.9724291646135831, -0.01914762998716862, 0.2975849643961156, 0.5537983205424976, -0.92, 0.32323925317213, 0.6212441536780416, -1.0768279435371082
11.658923867282622, 1.0, 0.0, 0.0, 1.0, 3.947517939976284, 0.01952117817742508, 0.3313645894186838, 0.0, 0.0, 1.0670724601892947, 0.145485648938738, 0.009255756879705293, 0.2383893419651513, -1.1329571566411725, 0.0021963669129136227, 0.2701785454639926, -0.9733284516416909, -0.019141718365524352, 0.28356751195139196, 0.5593351130524408, -0.92, 0.31915841733103967, 0.6014829373548446, -1.0768279435371082
11.681977578272745, 1.0, 0.0, 0.0, 1.0, 3.951612393515451, 0.03029632772718182, 0.33107779911586216, 0.0, 0.0, 1.0924281074816797, 0.12620378464013385, -0.0038730879354787156, 0.22159489666764506, -1.1329571566411725, 0.0044332467686886146, 0.2938923196323166, -0.974381269628993, -0.019158016835174124, 0.26838893617865894, 0.5673587128345372, -0.92, 0.3156246778684431, 0.5820263427322947, -1.0768279435371082
11.705458632993277, 1.0, 0.0, 0.0, 1.0, 3.955646591186524, 0.04132199014936199, 0.33081797736031676, 0.0, 0.0, 1.1160269969314023, 0.10816976462979824, -0.017268940198183355, 0.20558482455513621, -1.1329571566411725, 0.0063609272474109526, 0.3181863760870719, -0.9752235030401292, -0.019087845585460988, 0.25216301664140656, 0.5779163599591239, -0.92, 0.31296586958794637, 0.5632408992492413, -1.0768279435371082
11.729355862249843, 1.0, 0.0, 0.0, 1.0, 3.9596236365182063, 0.052589310237339815, 0.33058098384312223, 0.0, 0.0, 1.1376433338412018, 0.09311574403751702, -0.030810563701692044, 0.1895808126643463, -1.1329571566411725, 0.008778795541448425, 0.34353057653430025, -0.9763166259587338, -0.019131301229413356, 0.23550767601939704, 0.5906374594248369, -0.92, 0.3112451456080386, 0.5446634091920066, -1.0768279435371082
11.753607010385531, 1.0, 0.0, 0.0, 1.0, 3.9635395349775044, 0.06406516688210648, 0.33036544799804696, 0.0, 0.0, 1.1571810962550508, 0.08073134957353383, -0.04465270905566141, 0.17356200175046294, -1.1329571566411725, 0.011617121912516628, 0.3695715742994349, -0.9776207163433632, -0.019140429811562977, 0.21867481321673152, 0.6055615389607156, -0.92, 0.31048448119288224, 0.5264994930509326, -1.0768279435371082
11.77813693902348, 1.0, 0.0, 0.0, 1.0, 3.967389561789377, 0.07571019342967467, 0.3301601450783866, 0.0, 0.0, 1.1747424131063582, 0.07034473437213629, -0.05887473391270655, 0.1576947368546144, -1.1329571566411725, 0.014311645644883238, 0.39588638492754624, -0.9790541942273256, -0.01875111007245114, 0.2019216129193417, 0.6224457428519957, -0.92, 0.3105205121679155, 0.5090421538291933, -1.0768514208422924
11.802888912927374, 1.0, 0.0, 0.0, 1.0, 3.9711903899056575, 0.08748808622360253, 0.3299527250017439, 0.0, 0.0, 1.1904861025190903, 0.06223895942812681, -0.07320312027934293, 0.14200055097910616, -1.1329571566411725, 0.017377488208384737, 0.42280506292269643, -0.9812669841984419, -0.018016919924157125, 0.18612254585249163, 0.6407236387874734, -0.92, 0.31126805801013585, 0.4921207578444093, -1.0769915755830066
11.827797393722287, 1.0, 0.0, 0.0, 1.0, 3.974958196367537, 0.09935871124267602, 0.3297375747135708, 0.0, 0.0, 1.2047891067668426, 0.055200619502844314, -0.08747617894160954, 0.12697665488484972, -1.1329571566411725, 0.02055297639193563, 0.4496921343137562, -0.984304241712424, -0.017496944410595964, 0.1712747888673059, 0.6590998389951449, -0.92, 0.312618310191859, 0.4757318708394625, -1.07871282805599
11.8527733021895, 1.0, 0.0, 0.0, 1.0, 3.978698771340507, 0.1112732863426211, 0.32951727322169716, 0.0, 0.0, 1.218137130144349, 0.047454311067273505, -0.10159020653406411, 0.11317133119417822, -1.1329571566411725, 0.0236214636777622, 0.4756949915040171, -0.9884280577925312, -0.017026561926961475, 0.15758745512819666, 0.6770994740255315, -0.92, 0.3142249824111281, 0.45974356295163993, -1.0811572595206849
11.877708755315322, 1.0, 0.0, 0.0, 1.0, 3.9824092211042132, 0.12317609139851185, 0.3293064171927316, 0.0, 0.0, 1.2307955797743122, 0.03611542088216331, -0.11671481737384463, 0.10197652686345142, -1.133334490888262, 0.02542928917807747, 0.4993140226104785, -0.9937977969275016, -0.016605625509605586, 0.1448373365905808, 0.6932731593313041, -0.9200074031629953, 0.3159082257897147, 0.44373231911712213, -1.0834736200768975
11.902525470001454, 1.0, 0.0, 0.0, 1.0, 3.986101237705776, 0.13502245562417192, 0.32911774499075763, 0.0, 0.0, 1.2429210088664522, 0.020749920186992756, -0.13268427137369204, 0.09350018452611916, -1.1340385668512476, 0.025119435605539208, 0.5200406939848786, -1.000746145846146, -0.01554366400774847, 0.13287542439626415, 0.7096720982811231, -0.9223758949815163, 0.3175618369248215, 0.4278115152360504, -1.0838195131290498
11.927167018499107, 1.0, 0.0, 0.0, 1.0, 3.989786905561175, 0.14677904231207736, 0.3289504936763219, 0.0, 0.0, 1.2546591299322627, 0.005789354220479261, -0.145881528742576, 0.08164385331897688, -1.1275350786823932, 0.024639061994490275, 0.5391574745896389, -1.009625267397738, -0.014650117012045463, 0.12145325713221303, 0.7260857379940101, -0.9295171484593799, 0.3191950760293887, 0.41231195739993015, -1.084521394645642
11.95158573767649, 1.0, 0.0, 0.0, 1.0, 3.9934774644034254, 0.15841726541519188, 0.3287967041560583, 0.0, 0.0, 1.2661116693030576, -0.010019704018808187, -0.15780028405363716, 0.06873308499122917, -1.1168924620968161, 0.023308733525869086, 0.5558728385700163, -1.0207649378601482, -0.013852435848799721, 0.11055029166527033, 0.7410102242333069, -0.9409619859387254, 0.32078658923695536, 0.397141381574678, -1.0849901455352697
11.97573946518046, 1.0, 1.0, 1.0, 1.0, 3.99717490877424, 0.16991420166833082, 0.32865286418369843, 0.0, 0.0, 1.277368527883114, -0.0254616167494409, -0.16936236701256457, 0.05580863565023929, -1.1035553765073804, 0.021910489295510233, 0.5696283377649152, -1.0333194108389587, -0.013025697120739033, 0.1000759923727846, 0.7538799684746728, -0.9559247933616248, 0.3222699098038898, 0.38277163231255085, -1.085174440180121
11.999600583703161, 1.0, 1.0, 1.0, 1.0, 4.000876102447511, 0.18125613314764863, 0.32853093147277834, 0.0, 0.0, 1.2885128015261151, -0.040565977396045595, -0.18048527019464422, 0.0434584205951134, -1.0879364187473526, 0.02051044439503879, 0.5792765691893452, -1.0467772344510393, -0.012298387443614573, 0.09001205896166768, 0.7636519283112584, -0.9737304522155682, 0.32293547410008466, 0.36886151131540074, -1.0854483490982458
12.023158374530306, 1.0, 1.0, 1.0, 1.0, 4.004578421456474, 0.19243804761341662, 0.3284485585348947, 0.0, 0.0, 1.2995485435997822, -0.05509503859199694, -0.19094586092571833, 0.032015845236349594, -1.0704717972521738, 0.019334588524868614, 0.5838736229417696, -1.0602136223974183, -0.012211346564419795, 0.07996300036307191, 0.7687562940804339, -0.9931701247185638, 0.3225405000272653, 0.3546834336625882, -1.0829684037602967
12.046401471696845, 1.0, 1.0, 1.0, 1.0, 4.008280598776682, 0.20345413923263575, 0.32842062813895095, 0.0, 0.0, 1.3103831651665465, -0.06829625277106385, -0.20014393335290778, 0.021712399215902567, -1.05177156701716, 0.018858026327623314, 0.5830079157818872, -1.0727025524979727, -0.012334105765648303, 0.0700826435845214, 0.769602931478975, -1.0128843376211882, 0.32073038694017564, 0.33950374760595575, -1.072487201555861
12.06932882048324, 1.0, 1.0, 1.0, 1.0, 4.012000579833985, 0.2142974584443231, 0.328455058506557, 0.0, 0.0, 1.3209056261711543, -0.07955563274336072, -0.2075080151373861, 0.01313147839108745, -1.0324773552313637, 0.019287017897007774, 0.5762156270177153, -1.082418331089196, -0.012429463802320575, 0.059250835684001, 0.7658441074021647, -1.031476725788709, 0.31727131300841943, 0.32486625939071206, -1.0552292986535525
12.091941917834978, 1.0, 1.0, 1.0, 1.0, 4.015734337397984, 0.2249697167532787, 0.3285599299839565, 0.0, 0.0, 1.3310187584828823, -0.08779563648011222, -0.21227378812627323, 0.006570456985805657, -1.0128512162172345, 0.02090065288573279, 0.5638102873690685, -1.0870617732664403, -0.0125243682153203, 0.047749850296143474, 0.7571785965769913, -1.0485265532236838, 0.31109527502058854, 0.31212916650724853, -1.0331028783023868
12.11425453992078, 1.0, 1.0, 1.0, 1.0, 4.019482220241002, 0.23547764948436217, 0.32873487881251745, 0.0, 0.0, 1.34063288348645, -0.09188764587387863, -0.21360835535811182, 0.0017554262904544199, -0.9930733883205436, 0.023868438761953888, 0.545993328678429, -1.084040997379161, -0.012983233169441038, 0.03558050491554015, 0.7436259143870849, -1.0640218832924846, 0.30257152400027715, 0.3027746113305511, -1.0086281887259512
12.136290424442223, 0.0, 1.0, 1.0, 0.0, 4.02324556350708, 0.24583295243127032, 0.32897682326180594, 0.0, 0.0, 1.3497145614161945, -0.09377721136857962, -0.21267060820842992, -0.0002952446782068558, -0.9745847308068941, 0.02773309372805312, 0.5252447055593887, -1.0785447157658783, -0.012942321382644168, 0.02276341707573764, 0.7262014556995189, -1.0761898391805707, 0.29220851255019614, 0.2990376956381415, -0.9839749615553884
12.158071932915488, 0.0, 1.0, 1.0, 0.0, 4.027021822248186, 0.25604805878230524, 0.3292804213932583, 0.0, 0.0, 1.3582950178538138, -0.09397163198398681, -0.2101348066522035, 0.001022543729185546, -0.9586276542347792, 0.03244562164143019, 0.5033828279729685, -1.0733121831949717, -0.013117051858562557, 0.008671484959266592, 0.7050036516921551, -1.0863170421949497, 0.2806953705885246, 0.3013171269031405, -0.9619284222522183
12.179614822700207, 0.0, 1.0, 1.0, 0.0, 4.03081116267613, 0.2661309613500325, 0.3296379756927491, 0.0, 0.0, 1.368939837507611, -0.09497676808014786, -0.2058665735063724, 0.006122647152950473, -0.9461665994623044, 0.03720294694289354, 0.4818416411112924, -1.0685265363700538, -0.013217778514553491, -0.009939341967715882, 0.6799988974094809, -1.0930783137307978, 0.2676288313698725, 0.3110455591815109, -0.9442224011580075
12.20094059409896, 0.0, 1.0, 1.0, 0.0, 4.034617028917586, 0.27609150920595465, 0.33002959387643, 0.0, 0.0, 1.379228018529066, -0.09483872028529958, -0.2008973832049436, 0.015098581320543009, -0.9377822142793708, 0.0425719305617594, 0.46068176077437484, -1.064531116252471, -0.013281108594483875, -0.029648185307913005, 0.6521842362765877, -1.0969935502581065, 0.2549219103128209, 0.3280369456880507, -0.9327514295863353
12.222065138799406, 0.0, 1.0, 1.0, 0.0, 4.038448390960694, 0.28593438795634707, 0.3304403345925468, 0.0, 0.0, 1.3892765272447523, -0.09372856102563308, -0.19552163406763762, 0.02789916035388729, -0.9340565623546737, 0.04864188112119418, 0.4396230790102152, -1.0614775016799538, -0.013562590897709045, -0.05027894740027962, 0.6219309741044121, -1.0980031027184347, 0.2438064799070933, 0.3523516194415365, -0.928782475139719
12.24298844345516, 0.0, 1.0, 1.0, 0.0, 4.042310006277902, 0.2956572525841851, 0.3308690874917167, 0.0, 0.0, 1.3992031328860637, -0.09281225047333352, -0.19048953718763756, 0.04420641213790812, -0.9340565623546737, 0.05516787811642848, 0.41900729428700345, -1.059520476485604, -0.014026942274700463, -0.0721766999839698, 0.5901922085412249, -1.0980031027184347, 0.23401155814447902, 0.3806560669568828, -0.928773375846505
12.263706779408444, 0.0, 1.0, 1.0, 0.0, 4.046207774026054, 0.30525515692574656, 0.3313160937173026, 0.0, 0.0, 1.4090703500993684, -0.09211673934992552, -0.18530715538473125, 0.062189205155310186, -0.9340565623546738, 0.06160508021073778, 0.39827586016981736, -1.0579006006129883, -0.013998289948459043, -0.09480930617938468, 0.5586427514848286, -1.0980031027184347, 0.22491425103571464, 0.41057610250356513, -0.9287733758465052
12.28422133706339, 0.0, 1.0, 1.0, 0.0, 4.050146492549351, 0.31472607374191314, 0.3317815494537354, 0.0, 0.0, 1.4188984716316824, -0.09156437998084879, -0.17985042720527325, 0.08126257436185233, -0.9340565623546737, 0.06805197603254169, 0.3772617911267137, -1.0566461342149058, -0.013964397384434083, -0.11808662797345303, 0.5270385717528063, -1.0980031027184347, 0.2164209826493979, 0.4408674748918352, -0.928773375846505
12.304531640328678, 0.0, 1.0, 1.0, 0.0, 4.054131502423968, 0.32406667334692846, 0.332265705381121, 0.0, 0.0, 1.4287185031605492, -0.09113299014300945, -0.17406752368347064, 0.10086631743823, -0.9340565623546738, 0.0745281127229523, 0.3559365515614638, -1.055746847186798, -0.013932437111999691, -0.14168341614423338, 0.496119999667353, -1.0980031027184347, 0.20840052754421326, 0.47131454855250515, -0.9287733758465052
12.324630175378262, 0.0, 1.0, 1.0, 0.0, 4.058170512063163, 0.3332685307094031, 0.3327675015585764, 0.0, 0.0, 1.4385254316781726, -0.09131183239059017, -0.1682403697865876, 0.12047646279431441, -0.9340565623546737, 0.0804950683035098, 0.3338747149061766, -1.054694029199496, -0.01388386338650224, -0.16551035694195781, 0.4660567051107764, -1.0980031027184347, 0.20081491051874292, 0.501727932911731, -0.928773375846505
12.344516213483962, 0.0, 1.0, 1.0, 0.0, 4.062281513214112, 0.3423218890598844, 0.3332859897613526, 0.0, 0.0, 1.4429879350305674, -0.08542439686844257, -0.16257525421557964, 0.13894774409088742, -0.9346258661817769, 0.08872574317147845, 0.31260196074394175, -1.0538517957883597, -0.013906553711003545, -0.18350110825236093, 0.43537117227588756, -1.0980031027184347, 0.19448879379716646, 0.5305789671026112, -0.9287733758465052
12.364189186889421, 0.0, 1.0, 1.0, 0.0, 4.066488731929234, 0.3512132208687921, 0.3338228825160436, 0.0, 0.0, 1.4467910615987631, -0.07974341845766783, -0.15690519680903017, 0.15762813685948096, -0.9357050853753632, 0.09654919149494114, 0.2907156291675587, -1.0527586728697549, -0.013813952427105801, -0.2013253049641849, 0.40529773535502445, -1.0980031027184347, 0.18833814688055558, 0.5591434362432601, -0.928773375846505
12.38370077128232, 0.0, 1.0, 1.0, 0.0, 4.070828383309501, 0.3599506637028288, 0.33437871932983404, 0.0, 0.0, 1.4498209968242584, -0.07385208379713162, -0.15103597109399067, 0.17636716001574526, -0.9373109169363422, 0.10445977370376981, 0.2685727053485224, -1.0514545824851256, -0.013794491445192038, -0.21892481983372475, 0.3755435376776816, -1.0980031027184347, 0.1827413569555513, 0.5871233647583967, -0.9287733758465052
12.40311585116077, 0.0, 1.0, 1.0, 0.0, 4.075342848641532, 0.36854461124965143, 0.33495423316955575, 0.0, 0.0, 1.4519907374794978, -0.06797248942101118, -0.1454980728583121, 0.19534833694425732, -0.9400575334037574, 0.11242286526343388, 0.24645926263792012, -1.0500211046011632, -0.014152512957783673, -0.23605811591178796, 0.34595803150758464, -1.0980031027184347, 0.17765235159861964, 0.6143829982433247, -0.928749898541321
12.422469919886142, 0.0, 1.0, 1.0, 0.0, 4.080053544725691, 0.376997677939279, 0.33554818017142163, 0.0, 0.0, 1.4531808953879508, -0.06104930652690092, -0.13907275759611332, 0.2136263015846725, -0.9434117073133711, 0.12074534477827151, 0.22425453286420735, -1.0478083146300468, -0.014896100808585276, -0.25319212591313883, 0.3166647266240038, -1.0980031027184347, 0.172925573450683, 0.6405110493802759, -0.9286097438006067
12.441773898454507, 0.0, 1.0, 1.0, 0.0, 4.084978065490723, 0.3852988822119579, 0.3361468233380999, 0.0, 0.0, 1.45321133373982, -0.0544612843153842, -0.1330042666357384, 0.23153399540198696, -0.9485103571847288, 0.12855003442605833, 0.20201004225100908, -1.0447710571160649, -0.015370022700119364, -0.2700066367635222, 0.2883947055352062, -1.0980031027184347, 0.1685656086721515, 0.6655805518166933, -0.9268884913276233
12.461016183403661, 0.0, 1.0, 1.0, 0.0, 4.090122220175607, 0.3934293222427371, 0.336730809892927, 0.0, 0.0, 1.4519478381277775, -0.044624693078453605, -0.12430072405162708, 0.24645080896793795, -0.9535356316826489, 0.13752073461744893, 0.18055130129353267, -1.0406472410359575, -0.01590186616790659, -0.28669149469798827, 0.260889704569996, -1.0980031027184347, 0.16443718750024056, 0.6885675093085623, -0.9244440598629284
12.48020580456277, 0.0, 1.0, 1.0, 0.0, 4.095494733537946, 0.4013789442607337, 0.33727751731872563, 0.0, 0.0, 1.4492164720393483, -0.03676262730205844, -0.11717431067105796, 0.26126323316976613, -0.961477274361238, 0.1448928644406355, 0.1593208342681615, -1.0352775019009872, -0.01647427734159475, -0.3027735002527538, 0.2350621690090238, -1.0979956995554396, 0.16054117298074846, 0.7109892537130268, -0.9221276993067159
12.499345306270564, 0.0, 1.0, 1.0, 0.0, 4.101100142342704, 0.4091352013179237, 0.3377770410265241, 0.0, 0.0, 1.4449202327268273, -0.029448079466541745, -0.11025429107319284, 0.2738621317095857, -0.9700549613449497, 0.15163131998780846, 0.13879287888684427, -1.0283291529823426, -0.01757900955599418, -0.31801584026803115, 0.20973564934212888, -1.0956272077369185, 0.15669640597423665, 0.7323393899520195, -0.9217818062545636
12.518434893448001, 0.0, 1.0, 1.0, 0.0, 4.106933975219727, 0.4166896356855122, 0.3382427120208741, 0.0, 0.0, 1.4389867879334157, -0.023049182411014058, -0.10394023740057541, 0.2839195762766703, -0.9791703910201409, 0.15766625071541585, 0.11919939508187287, -1.0194500314307509, -0.018415983338553987, -0.33248501459248087, 0.18488341680946643, -1.0884859542590548, 0.15176337232693676, 0.7513846097249484, -0.9210799247379713
12.537488270866344, 0.0, 1.0, 1.0, 0.0, 4.112982561928885, 0.4240498256683352, 0.33869669641767236, 0.0, 0.0, 1.4313748320719344, -0.01676415946715954, -0.09744334269240561, 0.2902119782118336, -0.9873181859443871, 0.16341849148587942, 0.10111758092366625, -1.0083103609683406, -0.018829097359358307, -0.34624250230274395, 0.161669296679106, -1.0770411167797094, 0.1461447640925435, 0.7689098120826695, -0.9233915801115957
12.556541974223686, 1.0, 1.0, 1.0, 1.0, 4.11923874446324, 0.4312346070153375, 0.33915101732526504, 0.0, 0.0, 1.4219776667034552, -0.012265746357282573, -0.09132500964591947, 0.2928821092346124, -0.9938500272790901, 0.167726146549495, 0.08480157560873133, -0.9949703629918716, -0.019285023943157734, -0.3595000756969533, 0.1404995069091024, -1.0620783093568098, 0.1400089772484788, 0.7863077251424363, -0.9338460886355779
12.575625034293296, 1.0, 1.0, 1.0, 1.0, 4.1257001549857, 0.4382553597858977, 0.3396096202305385, 0.0, 0.0, 1.4107688521676274, -0.010293952547387852, -0.08565476519259863, 0.2918208530031973, -0.9971043536220421, 0.17000697077498023, 0.07108215586162339, -0.9797516471643963, -0.019403366158644558, -0.37220352618650104, 0.12255088164341041, -1.0442726505028666, 0.13331445027264469, 0.80160558387094, -0.9480987529489947
12.594760827601778, 1.0, 1.0, 1.0, 1.0, 4.132361924307687, 0.44512307235172843, 0.34007454054696223, 0.0, 0.0, 1.3978954740217517, -0.01086016260495258, -0.07998001307732173, 0.28679337981736236, -0.996273995169079, 0.16996169459898872, 0.06086658916761358, -0.9634511120869332, -0.019240031314964632, -0.38385563777464105, 0.10853081613603972, -1.0248333904440767, 0.12596637127065735, 0.8138221801243768, -0.9642850254194778
12.613980437534497, 1.0, 1.0, 1.0, 1.0, 4.139218098776682, 0.4518566615240917, 0.34054669243948804, 0.0, 0.0, 1.3835506357268421, -0.013985928823495893, -0.07421092618751304, 0.27920951435373575, -0.9943513205530756, 0.1678063374696664, 0.05495203720398264, -0.9470635641995526, -0.01873838950674705, -0.3935135385050952, 0.0990992917604842, -1.005180114490409, 0.11779558111811186, 0.822405305261643, -0.98080199771012
12.63328425788453, 1.0, 1.0, 1.0, 1.0, 4.146249253409249, 0.4584689405986243, 0.34102871486118863, 0.0, 0.0, 1.3678841431095259, -0.019426764231673246, -0.06839152565483514, 0.27018949961841593, -0.9925092679535884, 0.1636313312279183, 0.053917519674195724, -0.9325640295859151, -0.018181401752845574, -0.40081524659540235, 0.09505382230757073, -0.9874475549675159, 0.1060167404093116, 0.8266792742962114, -0.9939744172059068
12.652682611849148, 1.0, 1.0, 1.0, 1.0, 4.15345984867641, 0.464955954551697, 0.34152519498552597, 0.0, 0.0, 1.3509666479945028, -0.028086395025711985, -0.0631277017509531, 0.26022946614416775, -0.9910801952049054, 0.1575830138774081, 0.05727186374961054, -0.922549094207987, -0.017448470450348037, -0.40562784499798965, 0.0957466711104469, -0.9712236584332015, 0.09107125096713424, 0.8262583345487803, -0.9999086784393814
12.672172093345212, 1.0, 1.0, 1.0, 1.0, 4.160848279680525, 0.47130977698734855, 0.3420277445656913, 0.0, 0.0, 1.332841453247717, -0.03975495259619501, -0.05883147549404479, 0.2499573445968399, -0.9906636157804446, 0.1502671008388859, 0.0658273253298029, -0.92, -0.016850744765113362, -0.4078858984185909, 0.10113217169473912, -0.9578222150314054, 0.07379049143477794, 0.8226191617702808, -0.9999086784393815
12.6917437989822, 1.0, 0.0, 0.0, 1.0, 4.168412366594587, 0.4775184406552998, 0.34252420289175856, 0.0, 0.0, 1.3135140650180974, -0.0518656193856472, -0.055188435069774985, 0.23893071214875597, -0.9906636157804447, 0.1424319248648375, 0.07722854791635292, -0.92, -0.016812370679343536, -0.4075725426190488, 0.11048700568712179, -0.9479302554628137, 0.05435134354296266, 0.8177530623480579, -0.9999086784393814
12.711388998590193, 1.0, 0.0, 0.0, 1.0, 4.1761527960641045, 0.48356568949563183, 0.34299748420715337, 0.0, 0.0, 1.2929389484935523, -0.06411545439861044, -0.05193394702907945, 0.22761726432817223, -0.9906636157804446, 0.1344051635501687, 0.08960642738201641, -0.92, -0.016744009393175465, -0.4044173222401766, 0.12375757552835612, -0.9403817933536657, 0.03490302897162239, 0.812642693995987, -0.9999086784393815
12.731094492671629, 1.0, 0.0, 0.0, 1.0, 4.184064753396171, 0.4894374486378263, 0.34343290056501113, 0.0, 0.0, 1.2685225321407343, -0.07403154946455963, -0.04958842158922771, 0.2163444144683032, -0.9906636157804447, 0.12681522753617328, 0.10170335201425942, -0.92, -0.0167109806335501, -0.39486562734664055, 0.14095865081141595, -0.9362013693890239, 0.017155241805950964, 0.8060766852648543, -0.9999086784393814
12.751474440378075, 1.0, 0.0, 0.0, 1.0, 4.192148791721889, 0.4951175410406933, 0.3438141577584403, 0.0, 0.0, 1.2426399985535461, -0.08339520956597099, -0.04747706710149617, 0.20524605517438882, -0.9906636157804446, 0.1195365100903613, 0.11393159540747551, -0.92, -0.016633197960933176, -0.38245665203879725, 0.16098263830899334, -0.9345158695138318, 0.00030559740838642657, 0.7985417220724143, -0.9999086784393815
12.773153270641576, 1.0, 0.0, 0.0, 1.0, 4.200410965510777, 0.5005855471747264, 0.3441171850476947, 0.0, 0.0, 1.2151078841189005, -0.09271106187177747, -0.04555226409273742, 0.19450187023869395, -0.9906636157804447, 0.11208011526126167, 0.126366901652846, -0.92, -0.016386043605307953, -0.367202372814767, 0.18366430601425002, -0.9353015649844938, -0.015589425080077554, 0.7901291918213421, -0.9999086784393814
12.796198461575266, 1.0, 0.0, 0.0, 1.0, 4.208855947766986, 0.505825710977827, 0.34432213919503357, 0.0, 0.0, 1.1858404916331138, -0.09975918651622799, -0.04334611399919613, 0.1835458831487433, -0.9906636157804446, 0.10550087976176448, 0.13864278844872505, -0.92, -0.01591324703738341, -0.3489939442022276, 0.20821494502804128, -0.9372331602991973, -0.030651814041938404, 0.7807769347458553, -0.9999086784393815
12.820488398826589, 1.0, 0.0, 0.0, 1.0, 4.217488697596958, 0.5108323717117312, 0.3444206905364991, 0.0, 0.0, 1.1549922713239336, -0.10533401528728824, -0.04117286284903237, 0.17229879293849745, -0.9906636157804447, 0.09893904418435072, 0.15072563548350953, -0.92, -0.015418367755507744, -0.3284377233723505, 0.23311929613516774, -0.9388621128862552, -0.044719834725984904, 0.7704012087907458, -0.9999086784393814
12.84585551832861, 1.0, 0.0, 0.0, 1.0, 4.226305645533971, 0.5156036996841433, 0.34441235814775745, 0.0, 0.0, 1.1227760295563651, -0.10981783294011353, -0.03885008478290648, 0.1610826229462141, -0.9906636157804447, 0.09206671364872375, 0.1627344343068235, -0.92, -0.014880093595010377, -0.30606264340583583, 0.2580697619412797, -0.940426537149789, -0.05790834564290708, 0.7590853892424331, -0.9999086784393815
12.872136783881242, 1.0, 0.0, 0.0, 1.0, 4.235299718039377, 0.5201377385003229, 0.3443094049181257, 0.0, 0.0, 1.0893988223045241, -0.11306159476785223, -0.03668563000936257, 0.1496946171107301, -0.9906636157804446, 0.08503695900188989, 0.17489995384121168, -0.92, -0.014435145622497095, -0.2824885872177521, 0.28274443699283747, -0.9426603447280651, -0.07024733935333181, 0.7467705150774376, -0.9999086784393814
12.899214779163131, 1.0, 0.0, 0.0, 1.0, 4.244454468318394, 0.5244328859874183, 0.34412621498107915, 0.0, 0.0, 1.055009768296524, -0.11517535344013922, -0.03462856435477075, 0.13813062744220125, -0.9906636157804447, 0.07790275769918922, 0.18726498089247265, -0.92, -0.013965486605087812, -0.25830483823660483, 0.30688635730541247, -0.9456264598445959, -0.08193425633381042, 0.733807408059124, -0.9999086784393815
12.922779446600725, 1.0, 0.0, 0.0, 1.0, 4.25373749596732, 0.5284900358745033, 0.34387750080653595, 0.0, 0.0, 1.0250826406507811, -0.12228403258917757, -0.03188751305112679, 0.12684433300313502, -0.9900943119533414, 0.06880842746909212, 0.1986378715395471, -0.92, -0.013561041934378537, -0.23983564578118483, 0.33183583699468755, -0.9501022677781288, -0.09428756856331966, 0.7214002096117212, -0.9999086784393814
12.94649126313508, 1.0, 0.0, 0.0, 1.0, 4.263116923740932, 0.532303069659642, 0.343566826411656, 0.0, 0.0, 0.994968633652151, -0.12952939776252878, -0.029514354685772657, 0.11543668314222622, -0.9890150927597551, 0.05956978058423259, 0.20973626996032893, -0.92, -0.013097523200435224, -0.2222587675181629, 0.35694712485270425, -0.9568591866240318, -0.10652644162831329, 0.7084411922373334, -0.9999086784393815
12.970299793327701, 1.0, 0.0, 0.0, 1.0, 4.272559972490583, 0.5358592666898457, 0.34319613320486886, 0.0, 0.0, 0.964731800307522, -0.13835648634566397, -0.02820510089987426, 0.10447908585774592, -0.9874092611987761, 0.04946909641343283, 0.22038113380344834, -0.9213835105573934, -0.012753732953130497, -0.20618364533439024, 0.3823946468287791, -0.9670388148892866, -0.11867812805200363, 0.6949387882423563, -0.9999086784393814
12.994160728023601, 1.0, 0.0, 0.0, 1.0, 4.2820271887098045, 0.5391478981290547, 0.34277808053152903, 0.0, 0.0, 0.9344284132437294, -0.14810819457559052, -0.027679542074668863, 0.09351622909459414, -0.9846626447313609, 0.03943664161171758, 0.23117939111054328, -0.9254707357439681, -0.012195703379940118, -0.1924422814385436, 0.40766885766043454, -0.9797518516062326, -0.1307733499712544, 0.6807271903152519, -0.9999086784393815
13.018006353676252, 1.0, 0.0, 0.0, 1.0, 4.2914871365683425, 0.5421678645270214, 0.3423281070164272, 0.0, 0.0, 0.9041444686648628, -0.1588406549663898, -0.028427551985018118, 0.08363499739084876, -0.9822064037863251, 0.030150759249987225, 0.24337445398471222, -0.9344725116803927, -0.011733969341559828, -0.1817153817747252, 0.43208060844477186, -0.9956205330659184, -0.14256496689433482, 0.6664546748143838, -0.9999086784393815
13.041788823312036, 1.0, 0.0, 0.0, 1.0, 4.300919994626727, 0.5449203566142493, 0.3418621553693499, 0.0, 0.0, 0.8739407322274172, -0.16965416696539873, -0.029639519516153373, 0.07475931550395658, -0.9792514828140282, 0.021871480942406592, 0.2557631098651738, -0.9470981300344915, -0.011582950704239325, -0.17467043782469535, 0.45488481629049, -1.0141132817016592, -0.1540331419117235, 0.6516644236154282, -0.9999086784393814
13.065470473555706, 1.0, 1.0, 1.0, 1.0, 4.310320113045829, 0.5474244042805265, 0.3413997922624861, 0.0, 0.0, 0.8438650364179553, -0.1832694270633923, -0.03380686340552971, 0.06896852511469447, -0.9769437306667798, 0.012359623895737555, 0.26691052957970063, -0.9623389631251389, -0.010899349970430572, -0.17150637765887605, 0.4755762868335921, -1.0325712867939647, -0.1648167435356614, 0.638274845477385, -0.9999086784393815
13.089011589280817, 1.0, 1.0, 1.0, 1.0, 4.319691876002721, 0.5497054433822635, 0.34095016070774625, 0.0, 0.0, 0.8139678194470638, -0.19449226207922674, -0.036631633944233286, 0.0631438882550401, -0.9717051451981578, 0.004555152594101407, 0.2767077459084647, -0.9793299035582389, -0.01027313048729744, -0.17258991058343026, 0.49301068767082973, -1.0504509670859274, -0.1748680125671926, 0.6249730147092494, -0.9999086784393814
13.112385275131407, 1.0, 1.0, 1.0, 1.0, 4.329032767159599, 0.5517858934402468, 0.34051327977861684, 0.0, 0.0, 0.7842832384168144, -0.20502924387434093, -0.03950830105461125, 0.05937606175132478, -0.9657056771583061, -0.0022335579579117752, 0.28399990181778156, -0.9967436603199005, -0.009809939579673143, -0.17678631133596193, 0.5059989738964925, -1.0666599443872342, -0.18349302302892795, 0.6114798792175031, -0.9999086784393815
13.13549474557664, 1.0, 1.0, 1.0, 1.0, 4.3383299882071364, 0.5536899982179916, 0.3400911780766079, 0.0, 0.0, 0.754934210951369, -0.2134633784191901, -0.04127360012535596, 0.05761609634766574, -0.9586498313226459, -0.006990857887142436, 0.28803106415004315, -1.0129147358313968, -0.009532083404927337, -0.18305743456221465, 0.5144237945467584, -1.0807003328028706, -0.1902051081406917, 0.5999959273776019, -0.9999086784393814
13.158280404183564, 1.0, 1.0, 1.0, 1.0, 4.347587763922555, 0.5554387957709179, 0.3396858760288784, 0.0, 0.0, 0.725996424520574, -0.22020987286911559, -0.04236565823496751, 0.058905841581414424, -0.9516994207589413, -0.010223751182089775, 0.28802160622910605, -1.0255448672215097, -0.009433082780891718, -0.19108482901843923, 0.5178355591834116, -1.0907285136670881, -0.19561613497729755, 0.5901999990316844, -0.9971282721761293
13.18071166072174, 1.0, 1.0, 1.0, 1.0, 4.356808275495257, 0.5570374032429288, 0.3393005193982806, 0.0, 0.0, 0.6975087287170931, -0.2232290033069709, -0.041911764392020656, 0.06288416034098498, -0.9451986501950582, -0.011050004900167967, 0.2840863929023777, -1.0334740126756132, -0.009433018958923595, -0.20088202075288744, 0.5164930810046033, -1.0964397389196059, -0.20034130194551467, 0.5800654330639367, -0.9864894690072955
13.202818061039643, 0.0, 1.0, 1.0, 0.0, 4.365995789936611, 0.5584883437837875, 0.33894466127668116, 0.0, 0.0, 0.6694336003133543, -0.22175745830694862, -0.039757428047494145, 0.06953302895991902, -0.9405234302417914, -0.009430080975059523, 0.2761997583536537, -1.0356950230441746, -0.009937311211660178, -0.21251077225414913, 0.5100085964962255, -1.0972945316603857, -0.20428211566742413, 0.5718919848370632, -0.9719628957757541
13.224716320206937, 0.0, 1.0, 1.0, 0.0, 4.375165057863508, 0.5597822577612742, 0.33862425122942247, 0.0, 0.0, 0.6416228111708914, -0.2174369872606615, -0.03748682349986866, 0.08006193951959588, -0.9394496660268318, -0.0059033181655072835, 0.2661051151114843, -1.0356950230441746, -0.010668970140264558, -0.22623520138337083, 0.5008598404689484, -1.0972941192161798, -0.20702123201148842, 0.5669104078694026, -0.9556236530199035
13.246534448824823, 0.0, 1.0, 1.0, 0.0, 4.3843326445988255, 0.5608987624304638, 0.33833275794982914, 0.0, 0.0, 0.6139137878261761, -0.21120938767889444, -0.03586933851191059, 0.09356223875045981, -0.9394496660268317, -0.001241396144223508, 0.25494127206851713, -1.0356950230441746, -0.011619597472195441, -0.2426420475346089, 0.49004755572134134, -1.0972331822672232, -0.20870551655992062, 0.5658116214503025, -0.9391066807292615
13.26834173521982, 0.0, 1.0, 1.0, 0.0, 4.393511586870466, 0.561830474989755, 0.3380621910095215, 0.0, 0.0, 0.5862185341045295, -0.20361926942870862, -0.03512215542774446, 0.1090485099442213, -0.9394496660268318, 0.004354870781000437, 0.24406058997920305, -1.0356950230441746, -0.012444742061138176, -0.26087558240575814, 0.4780960566137894, -1.0963733536225955, -0.2063897435051552, 0.5692496632827669, -0.9259342612334746
13.290103384861695, 0.0, 1.0, 1.0, 0.0, 4.402712456839426, 0.5625800425665722, 0.3378043242863247, 0.0, 0.0, 0.5585812390593495, -0.19450180319229046, -0.03515710263754156, 0.12634391593885957, -0.9394496660268317, 0.0106450884493042, 0.23431051093501387, -1.0356950230441746, -0.01328909524766729, -0.2802965725709937, 0.4656256533787505, -1.0955474227219353, -0.19975395410543093, 0.577766629674876, -0.92
13.311784039381577, 0.0, 1.0, 1.0, 0.0, 4.411947086879186, 0.5631476518086027, 0.3375663784572057, 0.0, 0.0, 0.5310468078190987, -0.1847884153941877, -0.03637430484027586, 0.14529612005120815, -0.9394496660268318, 0.01731302832469906, 0.224977844690536, -1.0356950230441748, -0.013736950206602655, -0.3008420166895294, 0.45271265740304684, -1.0934535360549302, -0.18965793436097028, 0.5899600457222672, -0.92
13.333366366045523, 0.0, 1.0, 1.0, 0.0, 4.421226294381278, 0.5635335683822634, 0.3373546940939768, 0.0, 0.0, 0.5036372529558875, -0.174735110225308, -0.03798934584498841, 0.1655450610536145, -0.9394496660268318, 0.02427892511803692, 0.21611396082620576, -1.0356950230441746, -0.014133973383150072, -0.32259759463674176, 0.4396071436654828, -1.0911775397354362, -0.17637356831069942, 0.6029728494080204, -0.92
13.35486025805211, 0.0, 1.0, 1.0, 0.0, 4.430565237317767, 0.5637364898409165, 0.33717303548540395, 0.0, 0.0, 0.4763400101075225, -0.1634260499613441, -0.03940530170769222, 0.18606506837658762, -0.9394496660268318, 0.03161200517218265, 0.20792963837693337, -1.0356950230441748, -0.014470784997726888, -0.34560812603099034, 0.42647904522162045, -1.088598798830205, -0.1619646610192116, 0.6165006833243005, -0.92
13.376271030694094, 0.0, 1.0, 1.0, 0.0, 4.439975471496583, 0.5637443017959598, 0.33701451029096335, 0.0, 0.0, 0.44914832885220324, -0.15083132311255465, -0.04054539190932408, 0.20653642255562724, -0.9400689019453575, 0.039449810993413485, 0.20035922599493777, -1.0356950230441746, -0.014886067238208836, -0.36993275217772364, 0.41330977137984987, -1.086017951258999, -0.14721648299964513, 0.6305629589673111, -0.92
13.397602692797978, 0.0, 1.0, 1.0, 0.0, 4.449452927453178, 0.5635356923512053, 0.3368783051627023, 0.0, 0.0, 0.4220571179802688, -0.13707550350823774, -0.04127677144773732, 0.22697615923902115, -0.9419903652158857, 0.04778824250175046, 0.1929979231630687, -1.0356950230441748, -0.015441287576121081, -0.39560585567065987, 0.399637692359678, -1.0837882146068822, -0.13220254616995558, 0.6455293591114873, -0.92
13.418775716311622, 0.0, 1.0, 1.0, 0.0, 4.458973248345512, 0.563094325065613, 0.3367764827183315, 0.0, 0.0, 0.3951673781179422, -0.12232100139650161, -0.04205183127610339, 0.2472965914625896, -0.9458767961236957, 0.05684511257877499, 0.18599356384710256, -1.0356950230441746, -0.016022697258730383, -0.42200477071191417, 0.3859057284688077, -1.081992966675892, -0.11723930338150071, 0.6613428130395221, -0.92
13.439829906808344, 0.0, 1.0, 1.0, 0.0, 4.468508695874896, 0.5624047517776493, 0.3367174829755511, 0.0, 0.0, 0.36842855618710457, -0.10813753823127917, -0.04286121135515693, 0.2674691783520205, -0.9520769762940663, 0.06573611478973924, 0.17939817723041004, -1.0356950230441748, -0.016554137945741183, -0.4492426055599576, 0.3715547759226102, -1.0800613713611884, -0.10228069388778993, 0.6779559191935366, -0.92
13.460932663213931, 0.0, 1.0, 1.0, 0.0, 4.478018653052194, 0.5614514030729024, 0.3367065143585205, 0.0, 0.0, 0.3416280555520081, -0.09505361455846487, -0.04347673370843876, 0.28722079139086, -0.9602900907796189, 0.07484025942055138, 0.17297947317787227, -1.0356950230441746, -0.017029056605630272, -0.47663039913270383, 0.3565101166948735, -1.0784324187741305, -0.08760642654290654, 0.6951579832485552, -0.92
13.482322565236998, 0.0, 1.0, 1.0, 0.0, 4.48746451650347, 0.5602154765810289, 0.33675337655203685, 0.0, 0.0, 0.31446287998271216, -0.08327338329693441, -0.04432692413602519, 0.3058582770727107, -0.970387929147927, 0.08415430103625983, 0.16673323188474282, -1.0356950230441748, -0.017561460682441844, -0.503985448149923, 0.34070064767879804, -1.0768679945105968, -0.0732711928277874, 0.7127388598162353, -0.92
13.504201417135317, 0.0, 1.0, 1.0, 0.0, 4.496809684208461, 0.5586787680217201, 0.3368622153145927, 0.0, 0.0, 0.2866767380718474, -0.07250036061093812, -0.04437397608383118, 0.32248058227098036, -0.9810896585743618, 0.09385962473370364, 0.16038327072140593, -1.0356950230441746, -0.01797295230703589, -0.5304700236726235, 0.3242381835299138, -1.0746341869323206, -0.05939546543834056, 0.7305995218765814, -0.92
13.526701201784384, 0.0, 1.0, 1.0, 0.0, 4.5060283415658136, 0.5568280717304778, 0.3370369366237096, 0.0, 0.0, 0.2581020115675311, -0.06323847696339797, -0.04394961070646492, 0.3366772791805025, -0.9917147539795624, 0.1035729213412233, 0.15377706286151402, -1.0356950230441746, -0.018468827509552886, -0.5558515951502747, 0.30686090889747325, -1.0716680718157898, -0.04574574362620949, 0.7481382338430418, -0.92
13.549859531254338, 0.0, 1.0, 1.0, 0.0, 4.515105173928398, 0.5546509299959458, 0.33726787022181925, 0.0, 0.0, 0.22869093314069064, -0.056351905831436386, -0.04365616238401484, 0.3484411734405655, -1.0009936296022843, 0.11244320122476328, 0.14681102208330504, -1.0356950230441746, -0.01894152570107473, -0.5795150911535059, 0.2885589133414518, -1.067192263882257, -0.03216240391423501, 0.7655228574402241, -0.92
13.57358489697691, 0.0, 1.0, 1.0, 0.0, 4.524025301252093, 0.5521471507208691, 0.3375421919141498, 0.0, 0.0, 0.19855971867302413, -0.05153621446446542, -0.04266962433879081, 0.3572730570534223, -1.007202107148882, 0.12047661987191775, 0.1394764427368056, -1.0356950230441746, -0.019479220295075567, -0.6006437958159154, 0.2694062242549053, -1.060435345036354, -0.01881782699443075, 0.7824864735890129, -0.92
13.597814253597853, 0.0, 1.0, 1.0, 0.0, 4.532785560062954, 0.5493283973421372, 0.3378545379638673, 0.0, 0.0, 0.1677884357644262, -0.04577858959545338, -0.039009885701739855, 0.36147298092713237, -1.0072021853836508, 0.12884676947951218, 0.13214207970489886, -1.0343115124867812, -0.01981156991308719, -0.6189032888245513, 0.24950068588937688, -1.050255716771099, -0.006318653083199534, 0.7986296594599899, -0.92
13.622505925813654, 0.0, 1.0, 1.0, 0.0, 4.541391538892474, 0.5462140730449134, 0.3381952163151332, 0.0, 0.0, 0.1364300120503596, -0.043798467262576, -0.036427054733571315, 0.3667105711388878, -1.0072021853836508, 0.1347569805050253, 0.12315724134346358, -1.0302242873002065, -0.020385474187649754, -0.6334056803672461, 0.22921329334394205, -1.0375426800541532, 0.006167142932616988, 0.8147046739406425, -0.92
13.64764907723456, 0.0, 1.0, 1.0, 0.0, 4.54986123085022, 0.5428260578427999, 0.33855342592511867, 0.0, 0.0, 0.1044982097458081, -0.04369849964319209, -0.03442061663587087, 0.37204143461531125, -1.006304252419073, 0.13828449316779204, 0.11180929874162679, -1.021222511363782, -0.020835020632461926, -0.6436636501810428, 0.20929224536718158, -1.0216739985944674, 0.01798065686405489, 0.8298903112587876, -0.92
13.673213889717236, 0.0, 1.0, 1.0, 0.0, 4.5582047503335135, 0.53920257636479, 0.3389222553798131, 0.0, 0.0, 0.07203089789280918, -0.042423989751784255, -0.03169651733619562, 0.3763486439388929, -1.0041605235200122, 0.1412871495061305, 0.10024554754410571, -1.0085968930096831, -0.021035279851810678, -0.6493404595438441, 0.19064354311763324, -1.0031812499587267, 0.02890280105058369, 0.844369754400004, -0.92
13.699186094439296, 1.0, 1.0, 1.0, 1.0, 4.566432578223092, 0.5353709636415757, 0.33929619244166787, 0.0, 0.0, 0.039046197895792716, -0.039493420296276026, -0.028409295853177304, 0.37992301669594203, -1.0014430011693407, 0.14482164080342588, 0.08970229819767286, -0.993356059919036, -0.02145799237329335, -0.6504464220554497, 0.17437141261258585, -0.9847232448664212, 0.03897958654920408, 0.8579298465992887, -0.92
13.725468422708445, 1.0, 1.0, 1.0, 1.0, 4.57454883984157, 0.531353466170175, 0.3396738011496408, 0.0, 0.0, 0.005667640993972501, -0.03571490165592637, -0.025272062139982284, 0.38308992472072817, -0.9983378826573478, 0.14824137736556378, 0.08113810528202291, -0.9763651194859359, -0.021628634306779866, -0.6470221164312276, 0.1613571500274209, -0.9668535133145472, 0.047501445567941385, 0.8700680637062969, -0.92
13.751962326673338, 1.0, 1.0, 1.0, 1.0, 4.58256210735866, 0.5271734189987186, 0.34005613463265555, 0.0, 0.0, -0.02797961704144123, -0.03175624856026073, -0.02260936291199193, 0.3861719012492002, -0.9950555877505023, 0.15116140095523042, 0.07484995300119887, -0.9589513627242744, -0.021503155351160725, -0.6403327075293813, 0.15289086281232528, -0.9506455107622279, 0.054444000977594005, 0.881419045443927, -0.92
13.778637200884894, 1.0, 1.0, 1.0, 1.0, 4.590486887523107, 0.5228456640243534, 0.3404384108952114, 0.0, 0.0, -0.06185670729011746, -0.02825316021376467, -0.020617176089416166, 0.3897126365533595, -0.9920389461235316, 0.15294393789755006, 0.07157387858292229, -0.9427802872127778, -0.021259397681603936, -0.6315142581987094, 0.14909799031459908, -0.9369369611040507, 0.0606167502923344, 0.8938436746902905, -0.9273040265094508
13.805355777844936, 1.0, 1.0, 1.0, 1.0, 4.598318204879761, 0.5183692080633984, 0.3408160087040493, 0.0, 0.0, -0.09578930002937085, -0.025614345308975977, -0.019663325162783823, 0.39368053216186294, -0.9896082104701077, 0.15361276936520477, 0.07142416555435861, -0.9301739369930749, -0.02110291723313339, -0.620994389165039, 0.14996154812444412, -0.9269087809278308, 0.06609698609891596, 0.9055468722910803, -0.9394519562519885
13.831987964368702, 1.0, 1.0, 1.0, 1.0, 4.606041667120798, 0.5137331751414711, 0.3411816161019462, 0.0, 0.0, -0.1296121769145543, -0.02487483197032422, -0.0201602301196491, 0.3985500080452308, -0.9880733810006023, 0.15320100524218402, 0.0750731998204639, -0.9257673284711242, -0.02079622077570911, -0.6088039128013784, 0.1557003439707399, -0.9211977588888939, 0.0712286698811445, 0.9159306187490758, -0.95475217783192
13.858353413944098, 1.0, 0.0, 0.0, 1.0, 4.613638728005546, 0.5089276415961133, 0.3415219415937152, 0.0, 0.0, -0.1630962978753063, -0.025848000668040157, -0.021748709872446436, 0.4044078659466224, -0.9877525193568192, 0.15230841490006036, 0.08118562830308351, -0.9292831085672033, -0.02021183906076165, -0.5950041682427247, 0.1663592955257593, -0.9203429670468574, 0.07579503575503672, 0.923795076083498, -0.9719376758529866
13.884326006126754, 1.0, 0.0, 0.0, 1.0, 4.6210798495156435, 0.5039498172487534, 0.34182888984680176, 0.0, 0.0, -0.19608148994727967, -0.026739538652086708, -0.022797640236889814, 0.41024689892505817, -0.9877525193568191, 0.1516184542367521, 0.08665710492492777, -0.9343198003343451, -0.019639670129577933, -0.5796895119363455, 0.17949893478967768, -0.9203429845265989, 0.07934614133932084, 0.9285581468769671, -0.9904686025710693
13.909886454998853, 1.0, 0.0, 0.0, 1.0, 4.628333436420986, 0.4988090058735442, 0.3421040494101389, 0.0, 0.0, -0.22854326001484626, -0.026949457190403092, -0.02294244071628242, 0.4155608807413115, -0.9877525193568192, 0.1511612494477716, 0.08844518685406408, -0.934319800334345, -0.019134198948717963, -0.5629662138174137, 0.19417241927670761, -0.9203429852727775, 0.08038592019466982, 0.9302899530204367, -1.0091049381766204
13.935068332392886, 1.0, 0.0, 0.0, 1.0, 4.635364727292742, 0.4935022429057533, 0.3423510428837368, 0.0, 0.0, -0.2605242443052678, -0.027362314479520502, -0.022887468578471216, 0.4206475918289094, -0.9877525193568191, 0.15104866611494658, 0.08782311387601727, -0.9343198003343451, -0.0187257371338661, -0.545446212922662, 0.20979790974505427, -0.9203429852727775, 0.07833681682250225, 0.9287193415921662, -1.0261746534341682
13.959966493722085, 1.0, 0.0, 0.0, 1.0, 4.642138557434082, 0.48802389213017083, 0.34256315776279994, 0.0, 0.0, -0.29214490919335084, -0.027501556393825146, -0.022267154579072853, 0.4252864687888219, -0.9877525193568191, 0.15133952322123284, 0.08521215539878739, -0.934319800334345, -0.01843049821668555, -0.5277204373806224, 0.2258866427599236, -0.9203429852727775, 0.07347629113061685, 0.923576944345071, -1.0403571075469586
13.98460977628315, 1.0, 0.0, 0.0, 1.0, 4.64863182749067, 0.48237120287758994, 0.34274036271231517, 0.0, 0.0, -0.32344187804590285, -0.027816783705567793, -0.02151640154077966, 0.4298019095961751, -0.9877525193568192, 0.15224460385413516, 0.0812492860169488, -0.9343198003343451, -0.01820182019097655, -0.5097291300327513, 0.24225167560665062, -0.9203429852727775, 0.06645491053851467, 0.9148289841797154, -1.0506973337444772
14.009026728434423, 1.0, 0.0, 0.0, 1.0, 4.654822897229876, 0.47653694220951653, 0.3428822272164481, 0.0, 0.0, -0.3544514072780189, -0.027857816011341997, -0.02032823509455357, 0.43386907215993215, -0.9877525193568191, 0.15294981576139138, 0.07683158515691221, -0.934319800334345, -0.017941612657104287, -0.49141126021514303, 0.2588212712801944, -0.9203429852727775, 0.058460843232928675, 0.9029895354841537, -1.0582633557392336
14.033200424906871, 1.0, 0.0, 0.0, 1.0, 4.660687811715262, 0.47051297119685614, 0.34299041884286063, 0.0, 0.0, -0.3851520017980286, -0.02831826604862927, -0.01912357222776413, 0.4378613151772187, -0.9877525193568192, 0.15348606846030188, 0.07201685806524262, -0.934319800334345, -0.017658009818724212, -0.4722699533095623, 0.27527464313559824, -0.9203429852727775, 0.0498945071234363, 0.8879429683348545, -1.0642627308506662
14.057079587174472, 1.0, 0.0, 0.0, 1.0, 4.666210994720459, 0.4642992980139599, 0.3430739116668701, 0.0, 0.0, -0.41547853787788147, -0.02986067977723549, -0.01861626590142068, 0.44166388361788317, -0.9871332834382933, 0.15373252990606487, 0.06663094851069758, -0.934319800334345, -0.017279971998006037, -0.45205051495073906, 0.2916305896862134, -0.9203429852727775, 0.039913490672622176, 0.8689649604843016, -1.0654523730406493
14.08045768380229, 1.0, 0.0, 0.0, 1.0, 4.671379801886422, 0.4579028640474595, 0.3431511511121478, 0.0, 0.0, -0.44516872059521123, -0.032396553390166706, -0.01846527761628387, 0.4450546153700718, -0.9852118201677652, 0.1534062484276157, 0.060897275069159304, -0.934319800334345, -0.017111960625411423, -0.43076341018563824, 0.30809865982012324, -0.9203429852727772, 0.028196606666078927, 0.8482032596823375, -1.0654523730406493
14.10313070204096, 1.0, 0.0, 0.0, 1.0, 4.676191545213973, 0.45132823331015487, 0.343235434123448, 0.0, 0.0, -0.47396345375832183, -0.03556033075558011, -0.01820353090508081, 0.4477747910637802, -0.9813253892599552, 0.1525775685141789, 0.054813030858086205, -0.934319800334345, -0.017143949446052995, -0.40912486990375957, 0.3243061924671812, -0.9203429852727775, 0.013162566676365967, 0.8275669853835818, -1.0654523730406493
14.124944842761709, 1.0, 1.0, 1.0, 1.0, 4.680658487592425, 0.44457139219556563, 0.3433310386112759, 0.0, 0.0, -0.5016674124736725, -0.03968041326203874, -0.01823553994822129, 0.4502819637989962, -0.9751252090895847, 0.15136847602111514, 0.04828088519149481, -0.934319800334345, -0.017099578316221126, -0.3870125807550213, 0.3409029407543707, -0.9203429852727772, -0.0033803392122723924, 0.8065632310764349, -1.0654523730406493
14.145930746451517, 1.0, 1.0, 1.0, 1.0, 4.6848029545375285, 0.43762084552219965, 0.3434406811850412, 0.0, 0.0, -0.5283195101597294, -0.04386614205681607, -0.01863045799345651, 0.45288492601395636, -0.9669120946040319, 0.15006767183336284, 0.04153617147859703, -0.934319800334345, -0.017135676701654938, -0.36481389390358576, 0.3581444829286871, -0.9203429852727775, -0.020356160324298992, 0.7851262092033202, -1.0654523730406493
14.166173508417996, 1.0, 1.0, 1.0, 1.0, 4.688641074044364, 0.43046912806374715, 0.34355816977364684, 0.0, 0.0, -0.5540278178571579, -0.04670461951288761, -0.018434336753400584, 0.455414081318426, -0.9568142562357238, 0.1492149492279564, 0.03489292320166029, -0.934319800334345, -0.017175692327905716, -0.34226811928737233, 0.3761232406715541, -0.9203429852727772, -0.03727725304006132, 0.7632094706576638, -1.0654523730406493
14.18571433159779, 1.0, 1.0, 1.0, 1.0, 4.692197692053659, 0.4231212942940851, 0.3436767932346889, 0.0, 0.0, -0.578844663295496, -0.04782370868422746, -0.0175547197028536, 0.45859579408448453, -0.947244817178669, 0.1488355007754966, 0.02850141118397045, -0.934319800334345, -0.017248352695682024, -0.31987226660117135, 0.3947576944615517, -0.9203429852727775, -0.053680052878007596, 0.740506881982004, -1.0654523730406493
14.204604786099393, 1.0, 1.0, 1.0, 1.0, 4.69549313545227, 0.4155901541028707, 0.34378989628383094, 0.0, 0.0, -0.6028355405125315, -0.047901796233331115, -0.01694287869966041, 0.46322023789663325, -0.9397333411440607, 0.14895552498739775, 0.02225645566985162, -0.934319800334345, -0.017272736872087597, -0.29744054834217326, 0.41423534741109985, -0.9203429852727775, -0.06961627709656917, 0.7180339080802066, -1.0654523730406493
14.22298944096804, 1.0, 1.0, 1.0, 1.0, 4.698548092160906, 0.40789092608860594, 0.34390135083879747, 0.0, 0.0, -0.6261840521957128, -0.04592550787651363, -0.016003002751557794, 0.46885014320768725, -0.9354641743418975, 0.14977240369343117, 0.016264527167727447, -0.9343198003343451, -0.017211717074267583, -0.27520243823060736, 0.434660106575092, -0.9203429852727775, -0.084748569752005, 0.6951198006337371, -1.0654523730406493
14.241023832620378, 1.0, 1.0, 1.0, 1.0, 4.701382312774659, 0.4000445597512384, 0.34402466773986823, 0.0, 0.0, -0.6490877295941802, -0.042114142066635905, -0.015561481687020295, 0.4756042830069712, -0.936165387961344, 0.15163538368105464, 0.010762310243146505, -0.934319800334345, -0.0171795068308648, -0.25331984821909254, 0.45549300645251306, -0.9203429852727775, -0.09865837380866616, 0.6721340823684766, -1.0654523730406493
14.258768996237249, 1.0, 1.0, 1.0, 1.0, 4.7040039171491355, 0.3920679187774661, 0.3441690335954939, 0.0, 0.0, -0.6716240873876053, -0.0372875544373286, -0.016241896252576365, 0.48346278347305066, -0.9435024190160303, 0.15393526759733275, 0.0055091417057027536, -0.9343198003343451, -0.01722887999634755, -0.23170807652982553, 0.4766469385416995, -0.9203429852727775, -0.11098629116105974, 0.6495082340582446, -1.0654523730406493
14.276224729050229, 1.0, 1.0, 1.0, 1.0, 4.70641298021589, 0.3839713886805946, 0.34434033257620683, 0.0, 0.0, -0.6937928680600906, -0.028424840227981644, -0.015443685527439844, 0.48765061397710235, -0.9518103524491003, 0.1585888819364179, 0.0014609794876158332, -0.934319800334345, -0.01723151416929745, -0.210551706601317, 0.49832356709412373, -0.9203429852727775, -0.1225391140828529, 0.6264474489431814, -1.0654523730406493
14.293365734035515, 1.0, 0.0, 0.0, 1.0, 4.70860169683184, 0.3757650273186823, 0.3445402458735875, 0.0, 0.0, -0.7155619443914023, -0.019039108366638958, -0.014596827044989871, 0.4886947364335305, -0.9601769688056542, 0.16376599295014516, -0.0023123270459776547, -0.9343198003343451, -0.017295086239777165, -0.1898012416065369, 0.5201693828165287, -0.9203429852727775, -0.1328427576271331, 0.6036312503929134, -1.0654523730406493
14.310448751033409, 1.0, 0.0, 0.0, 1.0, 4.710566064289638, 0.3674524688720706, 0.3447636359078544, 0.0, 0.0, -0.7369141282505618, -0.011076488175294663, -0.014234379596962233, 0.4866487595756141, -0.9674300523572441, 0.16853435531726504, -0.006259550618275685, -0.934319800334345, -0.017321757436904603, -0.16947996789967948, 0.5420548876991022, -0.9203429852727775, -0.1416615788893824, 0.5813699394688069, -1.0654523730406493
14.327626402664468, 1.0, 0.0, 0.0, 1.0, 4.712306548527309, 0.3590418420519151, 0.3450035708291191, 0.0, 0.0, -0.7578073390390729, -0.006304608574109574, -0.014817932343935844, 0.48163877353249196, -0.9731075143678771, 0.17181583631168793, -0.010914830507173337, -0.934319800334345, -0.017493142346587505, -0.14985719845207926, 0.563662140435437, -0.9203429852727775, -0.14927088458176074, 0.5594415276861474, -1.0654523730406493
14.344894281623242, 1.0, 0.0, 0.0, 1.0, 4.713834430149624, 0.3505441665649417, 0.34525209971836635, 0.0, 0.0, -0.7782616979589323, -0.003760842392344533, -0.015296191688065452, 0.4729620044984067, -0.976200068489569, 0.17420988992947306, -0.01625506525499034, -0.934319800334345, -0.017869696064480543, -0.13117471095989847, 0.5844110761072236, -0.9203330365326885, -0.1549071489007182, 0.5385124286980169, -1.0654523730406493
14.362241779819632, 1.0, 0.0, 0.0, 1.0, 4.715159161431449, 0.3419721766880583, 0.3454972062792097, 0.0, 0.0, -0.7983216659247214, -0.004766959894287633, -0.01624671261941803, 0.461373494848763, -0.9774762633095195, 0.17452707590931946, -0.021709051840928983, -0.934319800334345, -0.018482667044675143, -0.11317878752858294, 0.604557213229221, -0.9203320617837011, -0.15913834845299046, 0.5189394067405072, -1.0654523730406493
14.37965979003184, 1.0, 0.0, 0.0, 1.0, 4.716292262758528, 0.33333719832556613, 0.34572932652064736, 0.0, 0.0, -0.8180586058396732, -0.008690258127524095, -0.017591092046036087, 0.44676220671212524, -0.9774762633095196, 0.17372483185707738, -0.027256288459476426, -0.934319800334345, -0.019058260106793845, -0.0960827543499808, 0.6233959640004963, -0.920000223026242, -0.1623715059538818, 0.4979417368969277, -1.0581483465311987
14.397130822426636, 1.0, 0.0, 0.0, 1.0, 4.7172542067936485, 0.3246548077038359, 0.3459413310459682, 0.0, 0.0, -0.8376295113896501, -0.013872618402805847, -0.018728679007634055, 0.429656644317357, -0.9774762633095195, 0.17221285401627723, -0.031994175625367965, -0.9342960191639351, -0.019759301885927266, -0.07988733477527317, 0.6409077607905056, -0.9200002223382444, -0.1646137167794202, 0.4770557979713231, -1.046000416788661
14.414618877213842, 1.0, 0.0, 0.0, 1.0, 4.7180805533272885, 0.31594991445541415, 0.34613250596182693, 0.0, 0.0, -0.8571756344443855, -0.019212262608342752, -0.019746745175030146, 0.41047296412382966, -0.9774762633095196, 0.17022871194990177, -0.036219145355584396, -0.9307734822317822, -0.020459797101446103, -0.06468047963610997, 0.656707316842512, -0.9200000191246636, -0.16585224473883903, 0.4576276912479944, -1.0307001952087294
14.432094271308133, 1.0, 1.0, 1.0, 1.0, 4.71881316457476, 0.30724298443113085, 0.34630578177315857, 0.0, 0.0, -0.8769347291213838, -0.023277962798254923, -0.02103567110773344, 0.3895457080838978, -0.9774762633095195, 0.16824957156883272, -0.03782765000480838, -0.9250366917671418, -0.02077878760718266, -0.050705257033766334, 0.6705394422409545, -0.9202904491508603, -0.1659356410951393, 0.4408594052300358, -1.0135146971876627
14.449535448097329, 1.0, 1.0, 1.0, 1.0, 4.719499596187047, 0.29854945387159104, 0.34646536963326596, 0.0, 0.0, -0.8970769857969071, -0.027536035067909, -0.023854947811665663, 0.3677541996065787, -0.9774762633095196, 0.1657014989713699, -0.035777713282263514, -0.92, -0.020992411122778065, -0.03835465202514462, 0.6845281937700658, -0.9274946307013583, -0.1649438193461922, 0.42699392836443156, -0.9949837704695801
14.466942078018537, 1.0, 1.0, 1.0, 1.0, 4.720185428346907, 0.2898732032094685, 0.34661406653268, 0.0, 0.0, -0.9176054065542144, -0.03179812885659491, -0.02799090985843611, 0.34588478582541676, -0.9774762633095195, 0.1629876931840059, -0.02832519322334583, -0.92, -0.021150549264383183, -0.02450241773039526, 0.6967816479006624, -0.9361821681413129, -0.16114492813567857, 0.4157930703068408, -0.9763474348640289
14.484310368729716, 1.0, 1.0, 1.0, 1.0, 4.720920647893633, 0.28122023650578115, 0.34676124981471473, 0.0, 0.0, -0.9384672453255988, -0.03496640460163484, -0.03254184129459638, 0.32420965299355314, -0.9774762633095195, 0.1602484662943209, -0.018017001870874655, -0.92, -0.02124793386599989, -0.009014416325352298, 0.7063751265824614, -0.944839926902212, -0.15434115596961226, 0.4076062976735187, -0.9592777196064812
14.501647856181888, 1.0, 1.0, 1.0, 1.0, 4.721756587028503, 0.27259189231055153, 0.34691922051566, 0.0, 0.0, -0.9595617750984576, -0.037736226877894796, -0.037805025234696484, 0.30282997102937265, -0.9774762633095195, 0.15750767508904742, -0.005952956686396402, -0.92, -0.02132708181636958, 0.00816019502288363, 0.7126471594935512, -0.952144701694615, -0.1448753363696659, 0.40250085447294476, -0.9450952654936906
14.51896458428578, 1.0, 1.0, 1.0, 1.0, 4.722730047362192, 0.26398842539106127, 0.3470910467420306, 0.0, 0.0, -0.9807516881599349, -0.03960413547182061, -0.04279316378446637, 0.281386654307264, -0.9774762633095195, 0.15446489264625354, 0.007311352350712849, -0.92, -0.021348072275298134, 0.02698819880246298, 0.7150622273421164, -0.9567094445475998, -0.13351282480799778, 0.400742992770708, -0.9347550392961723
14.536266885776058, 1.0, 1.0, 1.0, 1.0, 4.723862258366176, 0.25541168315070045, 0.34728134155273443, 0.0, 0.0, -1.0018529350096992, -0.041730477322637474, -0.04811077067971274, 0.26022990587570755, -0.9774762633095195, 0.15181458427156752, 0.020866013816054952, -0.92, -0.02132919551421686, 0.04734063600821535, 0.713000128803784, -0.9568645427620016, -0.12166471004009834, 0.40199356943344317, -0.9271890173014157
14.55355829649572, 1.0, 1.0, 1.0, 1.0, 4.725166438647679, 0.24686490978513473, 0.3474991716657367, 0.0, 0.0, -1.0225399641555748, -0.04422011500640166, -0.05393929514764972, 0.23921593669672664, -0.9774762633095195, 0.14905030314220438, 0.03472097715538317, -0.92, -0.02179012055836845, 0.06840018265625637, 0.708133283005607, -0.9568645427620016, -0.10992520827014883, 0.4058466595510171, -0.9211896421899831
14.57085218215491, 1.0, 1.0, 1.0, 1.0, 4.726653186253139, 0.23834674085889573, 0.34775266511099684, 0.0, 0.0, -1.0425509751287674, -0.046482594400456545, -0.0596426996910631, 0.21825649143778172, -0.9774762633095195, 0.14646429857292828, 0.04908828176934103, -0.92, -0.022242558375467156, 0.08936474879089075, 0.7013508359040427, -0.9568645427620016, -0.09754788342441079, 0.4139055126473679, -0.92
14.588179661712356, 1.0, 1.0, 1.0, 1.0, 4.728343456132072, 0.22984948396682767, 0.3480424662998745, 0.0, 0.0, -1.061811052925544, -0.04871797097710096, -0.06556849080317245, 0.19743383567434836, -0.9774762633095195, 0.14406051866231204, 0.06380664162679267, -0.92, -0.022425666331266744, 0.10940027585043995, 0.6937139218512282, -0.9568645427620017, -0.08446619417435461, 0.4237900758780008, -0.92
14.60556984365833, 1.0, 1.0, 1.0, 1.0, 4.730258685520718, 0.2213679449898859, 0.34836796215602334, 0.0, 0.0, -1.0803641321255284, -0.051008296016736676, -0.07153217057123576, 0.17696552298159246, -0.9774762633095196, 0.14174130184515057, 0.07876819974586491, -0.92, -0.022467970469807606, 0.12813748792671148, 0.6855984561549692, -0.9568645427620016, -0.06900745137330917, 0.43381047626173214, -0.92
14.623013927880582, 1.0, 1.0, 1.0, 1.0, 4.7324118668692465, 0.21291585479463876, 0.34872769492013117, 0.0, 0.0, -1.0981571918747843, -0.052558284997983186, -0.07692823989892136, 0.15660931086924187, -0.9774762633095195, 0.13961061456400883, 0.09388647438873032, -0.92, -0.022491283644380494, 0.14536099804354327, 0.6772818770318932, -0.9568645427620017, -0.053091462284270544, 0.44464364894383823, -0.92
14.640486163190657, 1.0, 1.0, 1.0, 1.0, 4.7348136663436895, 0.20451638392039737, 0.3491112136840821, 0.0, 0.0, -1.1150432264277241, -0.053905579472776834, -0.08222429672385231, 0.1366858137937213, -0.9774762633095196, 0.13759459560462833, 0.10868316279547895, -0.92, -0.022517109403630654, 0.16091931849950222, 0.6689363785269025, -0.9568645427620016, -0.03783292546013783, 0.4563475562695056, -0.92
14.657974510400038, 1.0, 1.0, 1.0, 1.0, 4.73747958115169, 0.1961885108266561, 0.34950050762721474, 0.0, 0.0, -1.1309024280638498, -0.057157992528665144, -0.0887073261541608, 0.1180512487769451, -0.9774762633095195, 0.13462170191788214, 0.12291115239211624, -0.9213984106549643, -0.0225059729872559, 0.17475012584275676, 0.660645574539512, -0.9568645427620017, -0.023659063875584675, 0.46898104046146577, -0.92
14.675492880451394, 1.0, 1.0, 1.0, 1.0, 4.740423107828414, 0.18793872458594213, 0.3498623902457102, 0.0, 0.0, -1.1457425738355642, -0.0631914078977862, -0.09720012158518884, 0.10109652134705403, -0.9763439729401397, 0.1305146805332455, 0.13733420369353086, -0.9275132341572095, -0.022478691081306446, 0.18691794546231272, 0.6527400723341283, -0.9568645427620016, -0.010966763064444928, 0.4830500858958017, -0.92
14.693074482865306, 1.0, 1.0, 1.0, 1.0, 4.743656507900783, 0.17976417200905967, 0.35018889972141815, 0.0, 0.0, -1.1595796204302324, -0.07029130137744863, -0.1065483800260382, 0.08524341193560152, -0.9732303535695472, 0.1260549605165929, 0.15171501208670282, -0.9393127091903885, -0.022458079391581696, 0.1972649495161167, 0.6452414768772814, -0.9568645427620017, 9.394224386209552e-05, 0.4973637570940565, -0.92
14.710761673516092, 1.0, 1.0, 1.0, 1.0, 4.747188286781311, 0.1716564154624942, 0.3504868943350656, 0.0, 0.0, -1.172442067139961, -0.07793169396900732, -0.11635331227335018, 0.07104051918520723, -0.9682206447489887, 0.12220643462539102, 0.16458717509008944, -0.9560892956663862, -0.022503106849406995, 0.20661121798393278, 0.6377166635995294, -0.9568645427620016, 0.00953049061393751, 0.5125797552356673, -0.92
14.728612802587927, 1.0, 1.0, 1.0, 1.0, 4.7510284764426105, 0.16359920467649217, 0.35076005390712195, 0.0, 0.0, -1.1843367224623371, -0.08536692996592246, -0.12616324849978314, 0.058496641473699165, -0.9613109535829444, 0.11903312699848922, 0.1742294210078555, -0.9758257813162737, -0.02258914884031905, 0.21449645960715102, 0.6306941184333994, -0.9568645427620016, 0.017460934982383988, 0.5285175623251008, -0.92
14.746679735912206, 1.0, 1.0, 1.0, 1.0, 4.7551832716805595, 0.15557790824345208, 0.35101111820765907, 0.0, 0.0, -1.1952444759055925, -0.09262443642038695, -0.13634625042599235, 0.04874265398973509, -0.9539738442934894, 0.11692618813427626, 0.1796908825134646, -0.9958216839776853, -0.02257894204553827, 0.22126097700488853, 0.6243646491653719, -0.9568645427620016, 0.023940180308200925, 0.5448107795464118, -0.92
14.765007021689133, 0.0, 1.0, 1.0, 0.0, 4.759657380240305, 0.1475807397706171, 0.35124392373221264, 0.0, 0.0, -1.205154746982375, -0.10128499451071162, -0.14721844243634116, 0.041580663917229574, -0.9456659108604193, 0.11458203299218672, 0.17853475543389366, -1.0110001326490687, -0.022595061744651278, 0.22645392749648646, 0.618440442504861, -0.9568645427620016, 0.029322703972049582, 0.5613797347887718, -0.92
14.783631366540554, 0.0, 1.0, 1.0, 0.0, 4.764456996236528, 0.13960074969700434, 0.35146281787327366, 0.0, 0.0, -1.213991014447447, -0.10781353002711244, -0.15667426487837943, 0.03693822329646366, -0.9372992945038654, 0.11364205139176907, 0.17254187376639343, -1.020869142962787, -0.022464140457570968, 0.2303172772472976, 0.6135386011240589, -0.9568645427620016, 0.03320149204546129, 0.5781738899427111, -0.92
14.80258667188444, 0.0, 1.0, 1.0, 0.0, 4.769585541997637, 0.1316305603299825, 0.3516711943490165, 0.0, 0.0, -1.2216128122531493, -0.11388931776433149, -0.16575313578884493, 0.03558914691912176, -0.9300462109522755, 0.1131740735938646, 0.16063448398854377, -1.022011797804723, -0.022455920961616842, 0.2331270017935569, 0.6088274044093865, -0.9568645427620016, 0.0362953359270739, 0.5944509708091, -0.92
14.82190537728752, 0.0, 1.0, 1.0, 0.0, 4.775037460327148, 0.12365687353270424, 0.3518715190887452, 0.0, 0.0, -1.2278996225452872, -0.10890976414940916, -0.16809449897347425, 0.035770816990641933, -0.9243687489416424, 0.11541880052204798, 0.14841914301542397, -1.0220117978047227, -0.022501836502779867, 0.234855219230219, 0.6048296798496429, -0.9568645427620016, 0.03896545202654405, 0.6098082184315193, -0.92
14.841610981320603, 0.0, 1.0, 1.0, 0.0, 4.780792296954564, 0.11565940124647987, 0.3520666354043144, 0.0, 0.0, -1.2327815063803003, -0.10197119329004758, -0.1694772152405454, 0.03955812923997508, -0.9212761948199507, 0.11855468534828659, 0.1350764129851785, -1.022011797804723, -0.022470995034528752, 0.23571158204724801, 0.6017839837480837, -0.9568645427620016, 0.04158622904398452, 0.6236771033026995, -0.9200160122889601
14.861712907401275, 0.0, 1.0, 1.0, 0.0, 4.786825296538217, 0.10762044770377052, 0.35226817539760047, 0.0, 0.0, -1.2361718294198738, -0.09209066355425254, -0.16963585414140298, 0.046352593960268286, -0.92, 0.12302643689669597, 0.12113719603906926, -1.022011797804723, -0.022021010729447316, 0.23537540859440428, 0.5999809184564086, -0.9568645427620017, 0.045219880548273375, 0.638858647433371, -0.9269369830845806
14.882220772631646, 0.0, 1.0, 1.0, 0.0, 4.793116416931154, 0.09952322976929831, 0.3524869537353516, 0.0, 0.0, -1.2380707443910315, -0.07795530999355674, -0.16781216066195329, 0.055498790598047194, -0.92, 0.12744567224465822, 0.10695012318458438, -1.022011797804723, -0.021577050013283833, 0.23460713062175714, 0.5994037853451755, -0.9568645427620016, 0.050499869848148235, 0.6543271270628557, -0.9404008642676842
14.90313728833481, 0.0, 1.0, 1.0, 0.0, 4.79964419909886, 0.09135235360690554, 0.35273015975952154, 0.0, 0.0, -1.2385211835790637, -0.061393426391919026, -0.16460452868837977, 0.06681695556550635, -0.92, 0.13043388197783762, 0.09300003848649337, -1.022011797804723, -0.021145567043018353, 0.23326908242307967, 0.6006926111941261, -0.9568645427620017, 0.05813562697614132, 0.6690960904436487, -0.9585348842196677
14.92445408089788, 0.0, 1.0, 1.0, 0.0, 4.8063849493435455, 0.08309622270720377, 0.35299985613141743, 0.0, 0.0, -1.2375247714799715, -0.04376861954844439, -0.16039999548350165, 0.07998862426715449, -0.92, 0.13303061700549879, 0.07875453269211703, -1.022011797804723, -0.020666217075499146, 0.23144230789647952, 0.6039680806825826, -0.9568645427620016, 0.0686708163216678, 0.6820750173355331, -0.9789882970664745
14.946161438871684, 1.0, 1.0, 1.0, 1.0, 4.813317524024419, 0.07474506974220306, 0.3532987376621792, 0.0, 0.0, -1.2350656168394063, -0.02680789819074862, -0.15535062007042785, 0.09473058923973687, -0.92, 0.13356952517596413, 0.06467950234604017, -1.022011797804723, -0.02052872507808198, 0.22975964297829435, 0.6095922932379478, -0.9565741118370613, 0.08221209986987066, 0.6921591821571834, -0.9995601511615378
14.968249941240602, 1.0, 1.0, 1.0, 1.0, 4.820420466831753, 0.06628790191241704, 0.3536220536913191, 0.0, 0.0, -1.2311361905098848, -0.009219745068079058, -0.14878854985224055, 0.11031167101340718, -0.92, 0.13285524787662312, 0.05147555207295984, -1.022011797804723, -0.020409881612062402, 0.22860900685364266, 0.6151796631071803, -0.9493699128068218, 0.09892950304837414, 0.6988256679840116, -1.0179025245607358
14.990727112121947, 1.0, 1.0, 1.0, 1.0, 4.827683060850417, 0.05771115830966434, 0.3539640426635743, 0.0, 0.0, -1.2256795048534035, 0.007396171846498691, -0.14148745842958127, 0.12632516577300337, -0.92, 0.13068018505618534, 0.0390746534266142, -1.022011797804723, -0.020330191811071617, 0.22473425976059538, 0.6229368509389169, -0.9406823746206887, 0.11864629775627292, 0.7016431571040368, -1.032029700784191
15.013595202648565, 1.0, 1.0, 1.0, 1.0, 4.8350912216731485, 0.049001592057092154, 0.35430653027125775, 0.0, 0.0, -1.2186707450492584, 0.022989741410302023, -0.13348272611608064, 0.14231360868431797, -0.92, 0.12759143493956457, 0.027504265244109177, -1.022011797804723, -0.02019045486429707, 0.2179309671503838, 0.6336817736070997, -0.9320246158597897, 0.1407942535408184, 0.6997317673465954, -1.03915480814056
15.0368498312382, 1.0, 1.0, 1.0, 1.0, 4.842628698689597, 0.04014829448291264, 0.35462645530700687, 0.0, 0.0, -1.2100907899109197, 0.03689425485296919, -0.12463722321423328, 0.1582608410075399, -0.92, 0.12394044391886418, 0.0158922030723437, -1.022011797804723, -0.020541863379675618, 0.20812264277305054, 0.6476617217815009, -0.9247198410673867, 0.16527999046032973, 0.6926442733462064, -1.03915480814056
15.06047431726788, 1.0, 1.0, 1.0, 1.0, 4.850277226311819, 0.031146677391869985, 0.3549015576498849, 0.0, 0.0, -1.2000261330324924, 0.04899324160218912, -0.11556826914113172, 0.1742728880698437, -0.92, 0.11992876682686335, 0.00433575161698971, -1.0220117978047227, -0.020622553582157584, 0.1952047688833751, 0.6658859898702157, -0.9201550982144017, 0.1898060589978819, 0.6841850751064406, -1.03915480814056
15.08444892610673, 1.0, 1.0, 1.0, 1.0, 4.85803375176021, 0.022007105180195708, 0.3551047052655902, 0.0, 0.0, -1.188522445832069, 0.059649969157293765, -0.10616994584939542, 0.1903945705308982, -0.92, 0.11570596190633235, -0.007229863035304135, -1.022011797804723, -0.02073481548561364, 0.17930520153386365, 0.6886369964821538, -0.92, 0.21433244028029771, 0.6739198294182831, -1.03915480814056
15.108750033297218, 1.0, 1.0, 1.0, 1.0, 4.865903888429914, 0.01274984308651546, 0.35521619796752935, 0.0, 0.0, -1.175754830011787, 0.0690227297349854, -0.09648694433799558, 0.20650363299471594, -0.92, 0.11151907165864598, -0.01886123971482281, -1.0220117978047227, -0.020343661288718094, 0.16074075588822276, 0.7142494923204342, -0.92, 0.2389956430476894, 0.6625833524556752, -1.03915480814056
15.133330662720638, 1.0, 1.0, 1.0, 1.0, 4.8738960334232875, 0.0034129563399726676, 0.3552197756086077, 0.0, 0.0, -1.1618201164939899, 0.07732798902180622, -0.08681308128677435, 0.22223454716351498, -0.92, 0.10730267253537537, -0.03053670273287549, -1.022011797804723, -0.01999048662819693, 0.14007804359420775, 0.7417200251570754, -0.92, 0.26385966772058445, 0.6500552286417667, -1.03915480814056
15.158120172783287, 1.0, 1.0, 1.0, 1.0, 4.882014528002059, -0.005952939135687383, 0.3551176956721715, 0.0, 0.0, -1.1468350856852736, 0.08897445820431542, -0.07485803619360862, 0.23520766295747336, -0.92, 0.1041435877966833, -0.04106311956127738, -1.0220117978047227, -0.01967825167135442, 0.11856759403471215, 0.7701522915822174, -0.92, 0.2890058917714619, 0.6362971659792035, -1.03915480814056
15.183051217830592, 1.0, 1.0, 1.0, 1.0, 4.890267724990845, -0.015294994115829158, 0.3549422877175468, 0.0, 0.0, -1.1309293647496812, 0.10147286429487239, -0.06430216616638855, 0.24908063180835102, -0.9259483330964987, 0.10193159672824677, -0.0509832211563141, -1.022011797804723, -0.01935326614103511, 0.0947719509686156, 0.7995282376793914, -0.92, 0.31446170083368835, 0.6217509772735818, -1.03915480814056
15.208073009471596, 1.0, 1.0, 1.0, 1.0, 4.89866681098938, -0.02456741929054229, 0.35471983773367743, 0.0, 0.0, -1.114250565293108, 0.12221821070931163, -0.048789421239528806, 0.25417052626544684, -0.9259483330964988, 0.10397022683857951, -0.05833337992158817, -1.0220117978047227, -0.019045731019897615, 0.07315121389048271, 0.8286622638457702, -0.92, 0.34028964532759126, 0.6057606291337908, -1.03915480814056
15.233166306234029, 1.0, 1.0, 1.0, 1.0, 4.907223131316049, -0.033743898357663525, 0.3544866180419923, 0.0, 0.0, -1.0968863190617688, 0.13802680202756748, -0.03690007641601987, 0.263778147101597, -0.9360497183028654, 0.10418761266095104, -0.06574274859925891, -1.022011797804723, -0.01888865418170719, 0.05075875124677879, 0.856618566343432, -0.92, 0.3665681186456595, 0.5883782612565004, -1.0391548081405602
15.258332536254374, 1.0, 1.0, 1.0, 1.0, 4.915949261188508, -0.04280973758016283, 0.35428172928946366, 0.0, 0.0, -1.07876285937463, 0.1528488329439996, -0.027050232430014448, 0.27331087151281397, -0.9516012717479185, 0.10426349339597625, -0.07219447694775796, -1.0225172324997784, -0.018542796243572277, 0.024374603429169268, 0.8851960806659468, -0.92, 0.3933290089206696, 0.5717881366326181, -1.0399469827747918
15.283551199687517, 1.0, 1.0, 1.0, 1.0, 4.924840382507869, -0.05175083415848837, 0.35414702551705496, 0.0, 0.0, -1.0596486580062405, 0.1714439261726767, -0.01547690645121883, 0.2772369359008776, -0.9629444881021626, 0.10746710325433997, -0.0785198625961718, -1.0164024089975334, -0.01852657118733884, 0.0011033747343496627, 0.9110066799648092, -0.92, 0.4205602278753106, 0.5525671239969333, -1.039946982774792
15.308805481306841, 1.0, 1.0, 1.0, 1.0, 4.933893931252617, -0.06055298958505872, 0.3540994385310582, 0.0, 0.0, -1.0392973565322732, 0.19312287754315255, -0.0031573145816747986, 0.2757536048932819, -0.9704696643926377, 0.11316676413399196, -0.08377646510034194, -1.0046029339643543, -0.0184879211123258, -0.02294930426604009, 0.9360164893787788, -0.92, 0.4483399241882861, 0.5339182709076401, -1.0399469827747918
15.33404887860728, 1.0, 1.0, 1.0, 1.0, 4.943091867651259, -0.0691962090560365, 0.35413959639413023, 0.0, 0.0, -1.017509634412513, 0.2080524300331861, 0.004570238959844719, 0.27596403171099204, -0.9826669703060424, 0.11525207529072198, -0.088206079733439, -0.9878263474883566, -0.01848866448501753, -0.04625244108234434, 0.9601859991896166, -0.92, 0.47608600353769803, 0.5146219886470041, -1.039946982774792
15.359227490757606, 1.0, 1.0, 1.0, 1.0, 4.952413720062801, -0.07765751481056182, 0.3542640141078404, 0.0, 0.0, -0.9941290508820447, 0.21963182416734028, 0.009935146567228938, 0.27435383011362086, -0.9946046460474859, 0.1156190462332073, -0.08952621369531119, -0.968089861838469, -0.018412826783463628, -0.07031556639200158, 0.982457984212161, -0.92, 0.5031178517892456, 0.49518880831396916, -1.0399469827747918
15.384287538899594, 1.0, 1.0, 1.0, 1.0, 4.9618364463533675, -0.08591667532920808, 0.35447260447910856, 0.0, 0.0, -0.9691307104536937, 0.2320152069035563, 0.015332923585773353, 0.2682297884180867, -1.0021127932384621, 0.11690973134939821, -0.08591152919879717, -0.9480939591770575, -0.018398168758433708, -0.09161595736731305, 1.0032186889350159, -0.92, 0.5291434708359997, 0.47616345016621836, -1.0399469827747918
15.409172092235341, 1.0, 0.0, 0.0, 1.0, 4.971335433210646, -0.0939528122970033, 0.3547589261191232, 0.0, 0.0, -0.9425262595333697, 0.24830687827178965, 0.022464067184126135, 0.2573122492893209, -1.004245684490217, 0.12094858481349871, -0.07490566709392844, -0.932915510505674, -0.018424265711153822, -0.11194562139696533, 1.0223302984515725, -0.92, 0.5537926930039503, 0.4567772059779835, -1.0399469827747918
15.433804245368455, 1.0, 0.0, 0.0, 1.0, 4.980881464821953, -0.1017347800731656, 0.3551114436558315, 0.0, 0.0, -0.9144080607613848, 0.25668127658557427, 0.02623449970763384, 0.24699960794937964, -1.0067017209197315, 0.1203554567569169, -0.05944433335224172, -0.9230465001919558, -0.0184893509115543, -0.12958394399285386, 1.0398715945766777, -0.92, 0.5771701391281685, 0.4375429497975037, -1.0399469827747918
15.458113525736675, 1.0, 0.0, 0.0, 1.0, 4.990451853615897, -0.10922763909612351, 0.3555138656071254, 0.0, 0.0, -0.8849710951102028, 0.2619107737094591, 0.02897995250236579, 0.23514505522205448, -1.0067017209197315, 0.11831460230430098, -0.038583299646103186, -0.9219038453500199, -0.018506061431977215, -0.14565471847214745, 1.056099501702365, -0.92, 0.5993365160281872, 0.41905315152552813, -1.0399469827747918
15.48213439811207, 1.0, 0.0, 0.0, 1.0, 5.000033232143948, -0.11641178335462267, 0.35594850131443573, 0.0, 0.0, -0.8544645871934499, 0.2560705944591845, 0.025270039389873857, 0.22439780420384667, -1.0067017209197315, 0.11407770015983001, -0.01713106831324245, -0.92190384535002, -0.018531213552494437, -0.15832914947125035, 1.070452603781183, -0.92, 0.6196514541541733, 0.4015297124830285, -1.0399469827747918
15.506797628618862, 1.0, 0.0, 0.0, 1.0, 5.009619794913702, -0.12326437984194043, 0.35639610154288154, 0.0, 0.0, -0.8231422844498243, 0.2488001788528548, 0.020809203918697426, 0.2131451030205471, -1.0067017209197315, 0.10955771928076936, 0.005861966404563333, -0.9219038453500199, -0.01867411710847953, -0.1673547522544129, 1.0830425105582706, -0.92, 0.6378867209969747, 0.38552179033411976, -1.0399309704858317
15.531952543745733, 1.0, 0.0, 0.0, 1.0, 5.019220310960497, -0.12976912992341147, 0.3568369810921806, 0.0, 0.0, -0.7911955422386988, 0.2414951105726733, 0.016240286596611014, 0.20122833669853452, -1.0067017209197315, 0.10528267158875751, 0.030022164836900758, -0.9219038453500199, -0.019163964546322982, -0.1724540226469084, 1.093216602812885, -0.92, 0.653229989210712, 0.3684694893578034, -1.0330099996902111
15.557554068149216, 1.0, 1.0, 1.0, 1.0, 5.028840177399772, -0.13589869703565294, 0.35725178173610145, 0.0, 0.0, -0.758681606246277, 0.23234326900667493, 0.010416020016877223, 0.18989293615952943, -1.0067017209197313, 0.10188819418248281, 0.05523639704504464, -0.9219038453500199, -0.019662262823850574, -0.17391484179541208, 1.1015624056008453, -0.92, 0.6651009115494683, 0.3512403890628004, -1.0195461185071077
15.58359601540793, 1.0, 1.0, 1.0, 1.0, 5.038477629252843, -0.14162743466240987, 0.3576215893881662, 0.0, 0.0, -0.7256083332277107, 0.22167045753862855, 0.0034205443798669987, 0.17962319384126454, -1.0067017209197315, 0.10042409537692067, 0.08048270578935134, -0.9219038453500199, -0.020138098613612997, -0.17139407830525405, 1.1074354081035567, -0.92, 0.672873180247021, 0.33478300735629085, -1.001412098555124
15.610053905746762, 1.0, 1.0, 1.0, 1.0, 5.048118364129748, -0.1469423236165725, 0.3579267774309431, 0.0, 0.0, -0.6920068124973924, 0.21027848090325013, -0.004231545296173974, 0.1702513516065301, -1.0067017209197313, 0.09964947692541588, 0.10613567804865977, -0.9219038453500199, -0.020647091413706888, -0.16460727889706678, 1.1108957543819697, -0.92, 0.6761209652567964, 0.320189111348422, -0.9809586857083176
15.6370135130751, 1.0, 1.0, 1.0, 1.0, 5.057726392064777, -0.15182340587888413, 0.3581426497868129, 0.0, 0.0, -0.6577681111904026, 0.19674871545738917, -0.013111266212187863, 0.16185648087589594, -1.0067017209197315, 0.09941269121125941, 0.1307165613533356, -0.9219783863746975, -0.02113265608701881, -0.15408786676928637, 1.1116831204988735, -0.92, 0.6745286791171379, 0.30827884653415694, -0.9603868316132541
15.664690787148562, 1.0, 1.0, 1.0, 1.0, 5.067257209845953, -0.15625562088830097, 0.3582507460457939, 0.0, 0.0, -0.6226179731171065, 0.18210389477283817, -0.022685637662875402, 0.1537847852790637, -1.0067017209197313, 0.10035466084318986, 0.15428908378030498, -0.9226341025161915, -0.02168157810353575, -0.14028354450652822, 1.1099130836527382, -0.92, 0.6681381284263715, 0.29957320407488913, -0.9420444582140562
15.69325328157053, 1.0, 1.0, 1.0, 1.0, 5.076670774051122, -0.16023649930953948, 0.35824271883283343, 0.0, 0.0, -0.5863436052012062, 0.16756833462838924, -0.03239817273128616, 0.14603187155979538, -1.0067017209197315, 0.10243918348447205, 0.17686454743252059, -0.9244130529867093, -0.022220600356831915, -0.12371249786408882, 1.1049920628137866, -0.92, 0.6569589728725671, 0.29479787000623814, -0.9279172819906009
15.722865005826678, 1.0, 1.0, 1.0, 1.0, 5.08594363110406, -0.16375983510698558, 0.35812408719744004, 0.0, 0.0, -0.5487367153958983, 0.15310744962790285, -0.04247599654888456, 0.13830401676188128, -1.0067017209197313, 0.10496878056262746, 0.19837032606705177, -0.9278554644447318, -0.022798661360839634, -0.10510159386111805, 1.0974882024825832, -0.92, 0.6415337225724133, 0.2949082803819075, -0.9207921746342319
15.753639107029485, 1.0, 1.0, 1.0, 1.0, 5.0950708092962005, -0.16681045327867747, 0.3579094845908029, 0.0, 0.0, -0.5096536068683342, 0.13999232168419984, -0.0527685629620534, 0.13057794428474756, -1.0067017209197315, 0.10699796006522053, 0.21916340554331318, -0.9326447277591905, -0.022858450941485624, -0.08583997299835337, 1.0882231794116732, -0.92, 0.6219022807621843, 0.3004691237127391, -0.9207921746342319
15.78562641718532, 1.0, 1.0, 1.0, 1.0, 5.104063809939794, -0.1693684319087434, 0.3576146752493723, 0.0, 0.0, -0.4690297229704238, 0.12892996728047285, -0.06273984133026465, 0.12263126295859605, -1.0067017209197313, 0.1086678356923974, 0.23813518214252902, -0.9388138593631147, -0.023226377060288527, -0.06593063604509501, 1.0764388580925017, -0.92, 0.6004990251627527, 0.30768041238891125, -0.9207921746342319
15.81870349114274, 1.0, 1.0, 1.0, 1.0, 5.112930271966117, -0.1714132765361238, 0.3572788211277553, 0.0, 0.0, -0.4270218390445001, 0.12030042590682832, -0.07210154403710331, 0.11445163127083527, -1.0067017209197315, 0.10978173473487926, 0.25528301853094665, -0.9459226203213438, -0.02362054882975865, -0.04541465340134071, 1.0624000596597252, -0.92, 0.5776053145148753, 0.31715871712102084, -0.9207921746342319
15.852679186285652, 1.0, 1.0, 1.0, 1.0, 5.121676694325039, -0.17291588033948593, 0.35692951883588525, 0.0, 0.0, -0.383872706213001, 0.113292777848141, -0.08113715218329885, 0.10623142946264688, -1.0067017209197315, 0.10934751698171082, 0.26961423506265364, -0.9526129468095759, -0.024006785456030327, -0.024964587519064902, 1.0480389595990467, -0.92, 0.5534255707799657, 0.32868063877014847, -0.9207921746342319
15.887370811551541, 1.0, 1.0, 1.0, 1.0, 5.130296361105783, -0.17385678427559959, 0.3565918622698104, 0.0, 0.0, -0.33981434212532136, 0.10880971877444534, -0.08876410879412447, 0.09812811278611948, -1.0067017209197315, 0.10817515797530534, 0.281648255763082, -0.9592612194941398, -0.024335603578846666, -0.0031678490214975563, 1.0326799183567246, -0.92, 0.5280719306996688, 0.341930927429603, -0.9207921746342319
15.922616911780038, 1.0, 1.0, 1.0, 1.0, 5.138772666794913, -0.1742486306599205, 0.35628205708095007, 0.0, 0.0, -0.29505179483513094, 0.10163898216132818, -0.09779721059458199, 0.09263114650748928, -1.0067017209197315, 0.10477798098446947, 0.28889067708456556, -0.9638524819743673, -0.024559813686597716, 0.018083184472224494, 1.0171665667272514, -0.92, 0.5019111665256417, 0.35681882178586066, -0.9207921746342319
15.958322810319924, 1.0, 1.0, 1.0, 1.0, 5.147085024969918, -0.17410650866372213, 0.3559949507032122, 0.0, 0.0, -0.24970530368947536, 0.09382314546677813, -0.10524437887750157, 0.08621991780022296, -1.0007533878232329, 0.09912227448170294, 0.2907631010321438, -0.9638524819743672, -0.02484693387565436, 0.04115607391152799, 1.0000507314354985, -0.92, 0.4746576522368358, 0.3727686472053972, -0.9207921746342319
15.994511695605166, 1.0, 1.0, 1.0, 1.0, 5.155207114219666, -0.17344873292105506, 0.35573097501482287, 0.0, 0.0, -0.20374541937721855, 0.08240400384458695, -0.11479064443021882, 0.08728250715435414, -1.0007533878232329, 0.0903782503423085, 0.28945916150662115, -0.9638524819743672, -0.025180958594796587, 0.061955304049548, 0.9829016558286542, -0.92, 0.4468516775472044, 0.39029280994258336, -0.9207921746342319
16.03125075256628, 1.0, 1.0, 1.0, 1.0, 5.16310163974762, -0.17228412083217043, 0.35547608239310124, 0.0, 0.0, -0.15708681703660599, 0.08008136411845902, -0.11831536390577486, 0.08234568820391594, -0.990652002616866, 0.08465376835901815, 0.2876795548421286, -0.9638524819743672, -0.025339200902548202, 0.0836213648216976, 0.9661123292007007, -0.92, 0.4183873487521236, 0.40943855998271933, -0.9207921746342318
16.068593368850955, 1.0, 1.0, 1.0, 1.0, 5.170731636115483, -0.17061323847089463, 0.3552083369663784, 0.0, 0.0, -0.10966169435506856, 0.08055027734144769, -0.11879351680168526, 0.07686010910180498, -0.975100449171813, 0.07964439836458005, 0.2832654129294452, -0.9619486366243474, -0.025701922895384095, 0.10906214377266886, 0.9478556479816885, -0.92, 0.38942265105729845, 0.42796229781686834, -0.92
16.106434475033566, 1.0, 1.0, 1.0, 1.0, 5.178082367692675, -0.16844437599182097, 0.354903177533831, 0.0, 0.0, -0.061603489503153266, 0.07903479039600424, -0.12002074632689153, 0.07635210676916944, -0.9637572328175689, 0.07186648375736415, 0.27647300800746344, -0.9619486366243474, -0.025741337337844523, 0.1311370447723286, 0.9311498042265753, -0.92, 0.3601450162371297, 0.4491259424824857, -0.92
16.14462357973344, 1.0, 1.0, 1.0, 1.0, 5.185144198962621, -0.16579579830169644, 0.3545462894439697, 0.0, 0.0, -0.01310332653431415, 0.07587134014127651, -0.1209351098561895, 0.08067430196769051, -0.9562320565270939, 0.0613509711851871, 0.2672499613268284, -0.9619486366243474, -0.025779422829036586, 0.15393675482882835, 0.914181487778119, -0.92, 0.3307338926191102, 0.4699785038605745, -0.92
16.183029774138642, 1.0, 1.0, 1.0, 1.0, 5.1919400824819295, -0.16269554649080514, 0.3541255637577603, 0.0, 0.0, 0.035672540360292646, 0.08007901767981704, -0.11682233692735874, 0.08267350396733668, -0.944034750613689, 0.05351474865241464, 0.2579047549617458, -0.9619486366243473, -0.025774895221900053, 0.17529606084058863, 0.8972994675157323, -0.92, 0.3019076432644973, 0.4909214064429464, -0.92
16.22150524174504, 0.0, 1.0, 1.0, 0.0, 5.198504694189345, -0.15917495659419437, 0.3536214665004186, 0.0, 0.0, 0.08453638422041662, 0.08762609748811133, -0.1100973628025287, 0.08611546807972312, -0.9320970748722457, 0.04660392133475642, 0.2480960264716718, -0.9619486366243474, -0.02577883466252271, 0.19723256257560956, 0.8813317239244852, -0.92, 0.27475951742486554, 0.5113704791825259, -0.92
16.260019887913835, 0.0, 1.0, 1.0, 0.0, 5.204880807740348, -0.15526874133518734, 0.3530051939828055, 0.0, 0.0, 0.13344998485478646, 0.09235264713948595, -0.103680554855668, 0.09413395845543542, -0.9245889276812694, 0.037615310987271125, 0.23687572250424885, -0.9619486366243473, -0.025787775217889074, 0.21624525822077598, 0.8656948046101948, -0.92, 0.24996310581210546, 0.5311881809247623, -0.92
16.298607479150764, 0.0, 1.0, 1.0, 0.0, 5.211111396721431, -0.15101047686168093, 0.3522225175585066, 0.0, 0.0, 0.1824562257256879, 0.09255127249400961, -0.09759085953610924, 0.10695384940380473, -0.9224560364295146, 0.02601829180116755, 0.22408160661069434, -0.9619486366243474, -0.02540992137741519, 0.23451408391045905, 0.8509441418864326, -0.92, 0.22836861160495583, 0.5512965810111693, -0.92
16.337281347140532, 0.0, 1.0, 1.0, 0.0, 5.217237907818387, -0.14643732036863022, 0.3512501321520124, 0.0, 0.0, 0.23157203807269308, 0.09834198388513797, -0.08766669797483821, 0.11882973517045615, -0.92, 0.018360176365999924, 0.21220321660786415, -0.9619486366243473, -0.025073021774502095, 0.25041009968421274, 0.8365871385395078, -0.92, 0.21143441234235275, 0.5736906946577147, -0.9270964065478109
16.376099221077233, 0.0, 1.0, 1.0, 0.0, 5.2232902043206355, -0.14158131258828266, 0.350104752949306, 0.0, 0.0, 0.2808707379723028, 0.10444741473082073, -0.07649277192828065, 0.13273959986777048, -0.92, 0.011766919433841363, 0.20030077545837174, -0.9619486366243474, -0.02458692714638436, 0.26452146328483467, 0.8231922288787267, -0.92, 0.19856304811911452, 0.5969632075821788, -0.9399160233476546
16.41512022685556, 0.0, 1.0, 1.0, 0.0, 5.229305541174753, -0.13645009824207818, 0.3488154860905239, 0.0, 0.0, 0.3304274153107796, 0.11169899543519002, -0.06304018757936486, 0.14663888828916025, -0.92, 0.0060623970720584145, 0.18851230986869313, -0.9619486366243473, -0.024146899599594856, 0.2752911946091112, 0.8106551659176304, -0.92, 0.19014699702276347, 0.6197609574088124, -0.9572400521321743
16.454298116651618, 0.0, 1.0, 1.0, 0.0, 5.235309284414564, -0.13105964796883687, 0.34741650990077433, 0.0, 0.0, 0.38018333535177196, 0.11734896326707567, -0.04919949088201059, 0.16190676664976913, -0.92, 0.0002909523074576423, 0.1761921766146144, -0.9619486366243474, -0.02367228714891458, 0.2829152067132988, 0.7992882174808977, -0.92, 0.18602303125899694, 0.6406062005557807, -0.9774260853111397
16.493392579971477, 1.0, 1.0, 1.0, 1.0, 5.241301409517016, -0.12541229316166436, 0.34594764981951037, 0.0, 0.0, 0.4298333037679928, 0.12238676403129604, -0.03497113837522957, 0.1776721775889498, -0.92, -0.004958885167912304, 0.1639021702874869, -0.9619486366243474, -0.02329547161006318, 0.2871844353382654, 0.7891154662530167, -0.92, 0.18602640763545963, 0.658011577381813, -0.9988240944873976
16.53207469550242, 1.0, 1.0, 1.0, 1.0, 5.247273115430559, -0.11950576441628559, 0.34445482662745885, 0.0, 0.0, 0.47895959049228937, 0.12827318886798691, -0.020757360020402068, 0.19367334488997182, -0.9219418736853446, -0.008756114367503247, 0.15206915177371588, -0.9619486366243474, -0.022799161215816346, 0.28829617344304814, 0.780741142670057, -0.92, 0.18958449404935127, 0.6705719599120953, -1.0185370022543687
16.57002713459254, 1.0, 1.0, 1.0, 1.0, 5.253205751691546, -0.11332702159881558, 0.34299743107387, 0.0, 0.0, 0.5271591881367417, 0.13472410017381536, -0.007831924763780761, 0.21039111869665952, -0.9276570005727455, -0.011967616164849367, 0.14087596268081892, -0.9619486366243474, -0.022446465342834114, 0.285982776807431, 0.7742323910117372, -0.92, 0.19611259079807652, 0.6770447548676096, -1.034808428842354
16.60712467859461, 1.0, 1.0, 1.0, 1.0, 5.2590904596873695, -0.10685378483363528, 0.34161856923784534, 0.0, 0.0, 0.5742730690193711, 0.14348814343131047, 0.004391429643329281, 0.22654088961378743, -0.9363964441702892, -0.013508756102356802, 0.13088800172682538, -0.9619486366243474, -0.021906563876230047, 0.28029352590991097, 0.7697642475524169, -0.92, 0.20457561825830672, 0.6766327732253469, -1.0451340896362702
16.643217210193338, 1.0, 1.0, 1.0, 1.0, 5.264939829621996, -0.10007509606225118, 0.3403673049381801, 0.0, 0.0, 0.6201105841497568, 0.15540144599041952, 0.015528846940910319, 0.24298839052917356, -0.9495389476659495, -0.012556589992152006, 0.12258084477090876, -0.962347021155636, -0.021286992664930282, 0.27147304505070957, 0.7670276843815282, -0.92, 0.21440538099087575, 0.6686961255560309, -1.048096299134556
16.67818010001918, 1.0, 1.0, 1.0, 1.0, 5.270784964220865, -0.09298670291900601, 0.3392632593427386, 0.0, 0.0, 0.6645134542285779, 0.16825488154192955, 0.025709190859708554, 0.2597586298349216, -0.9655972518117553, -0.010468302422340701, 0.11540715902160727, -0.9630326719012469, -0.02117177515078101, 0.2592303986853452, 0.7666435365154561, -0.92, 0.22516537304538534, 0.6540076162759981, -1.048096299134556
16.71191531426056, 1.0, 1.0, 1.0, 1.0, 5.276646154608045, -0.0855701729229515, 0.3383165999821255, 0.0, 0.0, 0.7073571763151272, 0.18078359653942103, 0.035322839897394945, 0.2757335191542392, -0.983472019681334, -0.007935150307060695, 0.1087417304560567, -0.9628674553165454, -0.02107545196155412, 0.2446499923162678, 0.7687968904551431, -0.92, 0.23630394213715888, 0.6363813779782831, -1.048096299134556
16.744277923749646, 1.0, 1.0, 1.0, 1.0, 5.282527996812549, -0.07780960730143924, 0.33754085404532297, 0.0, 0.0, 0.7484576903662692, 0.19306398829374932, 0.044390320464034086, 0.2895608945667008, -1.002272793244091, -0.0048165646703986, 0.10260520304593392, -0.961268702057963, -0.02089386405077997, 0.22857210485654517, 0.7732988212510168, -0.92, 0.246893137055813, 0.6171688917404027, -1.048096299134556
16.775194614836128, 1.0, 0.0, 0.0, 1.0, 5.288424162864685, -0.06969268356050731, 0.3369150188991002, 0.0, 0.0, 0.7877218880461011, 0.20440654349239848, 0.05219551310897037, 0.3007462470636955, -1.0214954908233416, -0.0006446296746482467, 0.09770847857077951, -0.9586474369103406, -0.020845982831586892, 0.21220702035559896, 0.7793456541462224, -0.92, 0.25678251662237733, 0.5967978034924512, -1.048096299134556
16.804672580772895, 1.0, 0.0, 0.0, 1.0, 5.294317752974374, -0.0612164269174845, 0.3364159461430141, 0.0, 0.0, 0.8251589047857973, 0.21334307692474241, 0.057725792885969796, 0.3093232829326128, -1.0408012827037676, 0.003714255779337481, 0.0948280465368531, -0.9550043650145484, -0.020714457869386495, 0.1957755720879064, 0.7872970134713041, -0.92, 0.2665575550845545, 0.5768650128906765, -1.048096299134556
16.832840677878806, 1.0, 0.0, 0.0, 1.0, 5.300195208958217, -0.05239341565540826, 0.33600876944405694, 0.0, 0.0, 0.860932388110306, 0.21936461663583331, 0.06078381292159742, 0.31493814748255355, -1.0592982322568718, 0.00822604124270858, 0.09405507691605616, -0.950856425005275, -0.020613236944161707, 0.17931762313718716, 0.7971856591412493, -0.92, 0.27635631178337866, 0.5567928656997577, -1.048096299134556
16.859867698582285, 1.0, 0.0, 0.0, 1.0, 5.306039848327637, -0.043249834946223344, 0.3356705161503383, 0.0, 0.0, 0.8952567044037246, 0.22284318676102075, 0.06184249640613627, 0.31746978168497236, -1.0765051012242814, 0.013570263778732291, 0.09622013555340451, -0.9473851799868623, -0.020533570318626876, 0.16356730003051786, 0.8073082676705373, -0.92, 0.28644059553868084, 0.5363398990057349, -1.048096299134556
16.88587748675099, 1.0, 0.0, 0.0, 1.0, 5.311845515796117, -0.033818650926862114, 0.33537661961146764, 0.0, 0.0, 0.9282891353779803, 0.2227500876407822, 0.060517516090559734, 0.31698953883664815, -1.0918528683981643, 0.018982961084072908, 0.10072139261030888, -0.9441518700421757, -0.020568046657829554, 0.14725046141450662, 0.8180174168747572, -0.92, 0.2968799901416488, 0.5157342141040072, -1.048096299134556
16.910955847565834, 1.0, 0.0, 0.0, 1.0, 5.317611722264972, -0.024110859462192748, 0.3350999137333462, 0.0, 0.0, 0.9601386536128322, 0.22020296814740983, 0.05772390890967334, 0.31336280797721444, -1.1047224549588335, 0.025010945769169155, 0.10893081732450509, -0.9431161739778933, -0.020570732833001284, 0.13217476982352588, 0.8282024133357956, -0.92, 0.3076760049785937, 0.4953104077604336, -1.048096299134556
16.935133642083137, 1.0, 0.0, 0.0, 1.0, 5.323336223193579, -0.01414095367704086, 0.33480238369533, 0.0, 0.0, 0.9908444526498069, 0.2155658122986102, 0.05390211514716618, 0.30653340417654723, -1.1149822474811126, 0.031526187209472666, 0.12193656266007882, -0.9466000058361227, -0.02048584089305524, 0.11837183274009375, 0.8391311576439574, -0.92, 0.3190505591370812, 0.47517503969249886, -1.0480962991345562
16.95849990570147, 1.0, 0.0, 0.0, 1.0, 5.329016865321569, -0.003931846278054041, 0.33446007183619914, 0.0, 0.0, 1.020373413505757, 0.20444996485719355, 0.04664096978647093, 0.2978896130726456, -1.1220574087047843, 0.0359725677074713, 0.13576652520431345, -0.9499002716733563, -0.020430048892434587, 0.10556957412034133, 0.8495739827764124, -0.92, 0.33067360684450203, 0.4550975283019181, -1.048096299134556
16.982209909804176, 1.0, 0.0, 0.0, 1.0, 5.334666060038976, 0.0064906137330194786, 0.3340634672982353, 0.0, 0.0, 1.0486097019650262, 0.1875703411963803, 0.036656244299151916, 0.28777574394284583, -1.1256018136020416, 0.038305692310608506, 0.15065093052374137, -0.9529126566056645, -0.020248268625976958, 0.09348044243810352, 0.8599211588494066, -0.92, 0.34268924623624936, 0.43534505757690883, -1.0480962991345562
17.00623560588294, 1.0, 0.0, 0.0, 1.0, 5.34029380934579, 0.01710366964340243, 0.3336187839508057, 0.0, 0.0, 1.0753458986195776, 0.16890063042342016, 0.026094803330577936, 0.27520241430276643, -1.1256018136020416, 0.03972360247248887, 0.16756636970940278, -0.9552737283322742, -0.0201122442320534, 0.08269661570525333, 0.8692475130987193, -0.92, 0.3550171998110869, 0.41571168421359694, -1.048096299134556
17.030545719321964, 1.0, 0.0, 0.0, 1.0, 5.345899039677212, 0.027889159747532765, 0.3331473922729492, 0.0, 0.0, 1.100507497730462, 0.14955029208412327, 0.015017803857905658, 0.26218589600472697, -1.1256018136020416, 0.041201057285798134, 0.18678877015171183, -0.9574792875656666, -0.019640996523187355, 0.07338115718555485, 0.8768643669997512, -0.92, 0.3675371196254758, 0.396802157798259, -1.0482486579455152
17.05513016853304, 1.0, 0.0, 0.0, 1.0, 5.351476347105844, 0.03884326526096922, 0.3326609339032855, 0.0, 0.0, 1.1240528527409037, 0.12938747893011399, 0.003470519016035644, 0.2489449230403486, -1.1256018136020416, 0.042839739960377286, 0.20771210253587216, -0.959432303262405, -0.018873683816340834, 0.06536512288646083, 0.8836093512808195, -0.9231889874681205, 0.3801460310671558, 0.37858116085772814, -1.0483171537284013
17.08000018616867, 1.0, 0.0, 0.0, 1.0, 5.3570138665608, 0.04997723681586162, 0.3321645259857178, 0.0, 0.0, 1.1459855206042562, 0.10874513621477296, -0.008521904209155589, 0.23592479109941378, -1.1256018136020416, 0.044807722470269394, 0.22992136956130468, -0.9612972788974984, -0.017965538310229644, 0.05907200497301742, 0.8894333850828512, -0.9301757907185266, 0.3925432616897712, 0.36155650998791494, -1.048538563859095
17.105172342162696, 1.0, 1.0, 1.0, 1.0, 5.362485387665885, 0.06131177765982525, 0.3316765199388777, 0.0, 0.0, 1.1664053194222224, 0.0887721413103423, -0.020521334186351565, 0.22359258071683102, -1.1256018136020416, 0.04736454205603411, 0.2536326671393146, -0.9636196046565954, -0.017037007234769877, 0.05438404936932463, 0.8934822864123861, -0.9402586702454119, 0.4042533455198868, 0.34607897856601916, -1.04906978570227
17.130677903278265, 1.0, 1.0, 1.0, 1.0, 5.367862646239145, 0.07287544931684255, 0.3312280859266009, 0.0, 0.0, 1.185393735170646, 0.07024674054765585, -0.03269839012346325, 0.21185751754616597, -1.1256018136020416, 0.050039072662277126, 0.27860368014301584, -0.9662534080250823, -0.015996856130839635, 0.051012864609576665, 0.8949852440063297, -0.9522291223685226, 0.4146193665670088, 0.3319492082923852, -1.0492865278739985
17.15655352075933, 1.0, 1.0, 1.0, 1.0, 5.3731228426524575, 0.08469565357480764, 0.3308729784829277, 0.0, 0.0, 1.202967014772891, 0.054370164501103026, -0.04489722952924059, 0.19981645471690132, -1.1256018136020416, 0.05258151966535633, 0.30476833644940715, -0.9690507171495291, -0.015501115633679688, 0.04871076308656037, 0.8932125368124729, -0.9657762157712, 0.4229016006090523, 0.3190737467750139, -1.0498302687386347
17.182811715253237, 1.0, 1.0, 1.0, 1.0, 5.378249309403556, 0.09678252799170392, 0.3306385857718332, 0.0, 0.0, 1.2191517162175043, 0.04015698211533609, -0.058032938829705935, 0.18848143500585876, -1.1256018136020416, 0.05510450547748156, 0.331479436903895, -0.9727434929922139, -0.015001586228947875, 0.04688481589993397, 0.8875911920306094, -0.979385502571921, 0.42793838235082454, 0.3048323976706665, -1.0427338872710759
17.209446590191465, 1.0, 1.0, 1.0, 1.0, 5.383261013712202, 0.10912096227918387, 0.3305193219866072, 0.0, 0.0, 1.2339606232464189, 0.02885304366181079, -0.07122746718055782, 0.1769513040629583, -1.1256018136020416, 0.05736667697851717, 0.3589674853778807, -0.9772531934063905, -0.014878877165294884, 0.04523166632739569, 0.8773306786880853, -0.9928167950131508, 0.4295556008086109, 0.2907460373197445, -1.0299662209482794
17.236404952890787, 1.0, 1.0, 1.0, 1.0, 5.388126316070557, 0.1216914500508993, 0.33050716945103237, 0.0, 0.0, 1.2475620696799747, 0.018045599060495483, -0.08617021347645736, 0.16683740723331186, -1.126504283751804, 0.0590715003809991, 0.38655926794194917, -0.9831904949009843, -0.014678654261189254, 0.04350621852466164, 0.8628233459891402, -1.0052923583749303, 0.4277178337454552, 0.27834148311623635, -1.0126421921637596
17.26366610943421, 1.0, 1.0, 1.0, 1.0, 5.392837653841291, 0.13448191370282886, 0.33058676583426344, 0.0, 0.0, 1.2602144683225849, 0.009662470465137938, -0.10131159965602984, 0.15684934392278255, -1.128319327691584, 0.06089514038127022, 0.41469028803192387, -0.9911833996190491, -0.014596057759803637, 0.04091977924817014, 0.8435973544677707, -1.016629662035544, 0.4216349579542015, 0.26868784803217655, -0.9924561589847941
17.291213229993268, 1.0, 1.0, 1.0, 1.0, 5.397404491560801, 0.14747633389064277, 0.33073522022792273, 0.0, 0.0, 1.2723200794731504, 0.0018019537995092763, -0.1170097011779557, 0.1476967793117347, -1.1308876615635846, 0.06235215137326476, 0.4422797452260157, -1.002127118825728, -0.014335413625232819, 0.037050911222089956, 0.8198373934786263, -1.026205418324866, 0.4114160007546133, 0.2634832299408491, -0.9710581498085362
17.319008620426654, 1.0, 1.0, 1.0, 1.0, 5.401849196297783, 0.1606441177640646, 0.33092371259416853, 0.0, 0.0, 1.2843169227372673, -0.007376569450756218, -0.13306628383223937, 0.1389775650565151, -1.1321525802604506, 0.06228009139704365, 0.4681799436986212, -1.0165691589497898, -0.014294817047223124, 0.031095784899821753, 0.791397178269109, -1.0341539431043139, 0.3978823858272799, 0.26409762911788337, -0.9513452420415651
17.347007135258515, 1.0, 1.0, 1.0, 1.0, 5.406211382320949, 0.17394639355795755, 0.331112140927996, 0.0, 0.0, 1.2965851828206065, -0.017441556395061914, -0.14812266452263004, 0.12952103999639275, -1.1300737436157993, 0.0619409406205398, 0.49130072078412773, -1.0343957917746212, -0.014241253741179235, 0.022839371439910005, 0.7587928613562972, -1.0397923064374726, 0.38150560550945045, 0.27150843928401336, -0.9350738154535799
17.375168360881744, 1.0, 1.0, 1.0, 1.0, 5.41053489616939, 0.18734679971422505, 0.3312809494563512, 0.0, 0.0, 1.3091546860151073, -0.030191293282952447, -0.1628077682859817, 0.12049773625599713, -1.1253369313641075, 0.060297724084496226, 0.5099887356976531, -1.0546973511443973, -0.0142656046861029, 0.01210279409206477, 0.7226168443504334, -1.0419541010403064, 0.3636912817455992, 0.2869897456207349, -0.9247481546596635
17.40346193269807, 1.0, 1.0, 1.0, 1.0, 5.414857540130616, 0.20081700018474066, 0.3314075320107596, 0.0, 0.0, 1.3219624294443533, -0.04450052228662719, -0.1757886370578514, 0.1109438687495514, -1.1165153267089747, 0.05821097559041745, 0.5233903431329298, -1.0759166877201454, -0.014740900748264087, -0.0011595981714821238, 0.6839080068699168, -1.0419541010403066, 0.3454326004336293, 0.31086469441319053, -0.9217859451613778
17.431884645786123, 1.0, 1.0, 1.0, 1.0, 5.419204349517822, 0.21434725897652798, 0.3314968872070313, 0.0, 0.0, 1.3347160444787607, -0.05852702198215249, -0.1872001312008231, 0.101337432170185, -1.10500450180559, 0.05662002999572254, 0.5313410650613763, -1.0959357598043153, -0.014751341658420675, -0.015872650841577886, 0.6441720776674192, -1.0419541010403066, 0.32727785269389165, 0.34234056159282017, -0.9217859451613777
17.46045000939146, 1.0, 1.0, 1.0, 1.0, 5.423593410764421, 0.22793884243283988, 0.3315485845293318, 0.0, 0.0, 1.3493788277228018, -0.07135542060390274, -0.19612337472492022, 0.09228889567256086, -1.091612843870605, 0.05569384046503549, 0.5331479273396648, -1.1130640871054223, -0.01468474046767665, -0.03531127804936731, 0.6049606973150695, -1.0419541010403066, 0.31032532176373273, 0.3782125263237757, -0.9217859451613778
17.48918741953027, 1.0, 1.0, 1.0, 1.0, 5.428041388647897, 0.24160175493785346, 0.3315351799556188, 0.0, 0.0, 1.3634979280921924, -0.08316998903783554, -0.20325215675975714, 0.08569607885429202, -1.0774501733100617, 0.0550554062104732, 0.5288907200498179, -1.1260490305401247, -0.014756739501190205, -0.05545333140309212, 0.5662359120548089, -1.0419541010403066, 0.2949418019949762, 0.41591319999244675, -0.9217859451613777
17.51812583358176, 1.0, 1.0, 1.0, 1.0, 5.432558400290353, 0.2553478292056496, 0.331459060396467, 0.0, 0.0, 1.3770196656855458, -0.09192073668853104, -0.20684897502551908, 0.08136489878550594, -1.0621490770823938, 0.05541352981476577, 0.519236183746967, -1.13396324808815, -0.014671288443490565, -0.07618797182081771, 0.5283696991097707, -1.0419541010403064, 0.2824892222630117, 0.45592704685947005, -0.9217859451613778
17.547277429419125, 0.0, 1.0, 1.0, 0.0, 5.437155512401036, 0.2691796926089699, 0.3313348048073905, 0.0, 0.0, 1.3899064429833499, -0.09689734800953591, -0.20624079641854776, 0.0789936305883131, -1.0454739290517563, 0.05667126531951161, 0.5040020903448316, -1.1343073211883303, -0.014665039020808287, -0.09728216022515014, 0.491688390636228, -1.0419541010403066, 0.2721672306103599, 0.4953782762073749, -0.9217859451613777
17.576646623842375, 0.0, 1.0, 1.0, 0.0, 5.441846527372088, 0.28309485605784857, 0.33116748673575275, 0.0, 0.0, 1.402133205002383, -0.09713533686960996, -0.20083948817078026, 0.07788614565683424, -1.026976979498652, 0.05916772177790073, 0.4855166358434455, -1.1313465002393748, -0.014605618412790691, -0.11864398093297288, 0.4559481345677107, -1.0419541010403064, 0.26372156545813963, 0.5348912257940037, -0.9217859451613778
17.606224665117992, 0.0, 1.0, 1.0, 0.0, 5.446648637226651, 0.29708252464021984, 0.330949377332415, 0.0, 0.0, 1.4136978291286482, -0.0964068537352032, -0.19360864958109572, 0.08135349332568786, -1.011005388526692, 0.06220434245401235, 0.4650062849438997, -1.1281274187695554, -0.014589797146677737, -0.14062449919613465, 0.42106771451092595, -1.0419541010403066, 0.2571878830069242, 0.5744298878608367, -0.9217859451613777
17.635987838468495, 0.0, 1.0, 1.0, 0.0, 5.45157985823495, 0.3111233466012141, 0.33067733083452505, 0.0, 0.0, 1.4246179652100983, -0.09501080612597444, -0.1850595882287676, 0.08957622881764217, -0.9980989098935427, 0.06520501115622235, 0.44324008734023296, -1.124712456029678, -0.014428423474799735, -0.16251820018112356, 0.3878168985448481, -1.0419541010403064, 0.2519390598986789, 0.6133445356425711, -0.9217859451613778
17.665893577743653, 0.0, 1.0, 1.0, 0.0, 5.456660870143346, 0.3251864767074588, 0.3303612055097308, 0.0, 0.0, 1.4299820051862062, -0.088239881532269, -0.1771295536260003, 0.10286522018169876, -0.9901131853341323, 0.06978694311293197, 0.4221935924332314, -1.121156889613733, -0.014424462311513828, -0.18041256197706454, 0.3543597944604194, -1.0419541010403066, 0.2458109221798991, 0.6503273918562187, -0.9217859451613778
17.69590128573639, 0.0, 1.0, 1.0, 0.0, 5.4619063513619555, 0.3392435233933589, 0.33002724102565223, 0.0, 0.0, 1.4340895402984362, -0.07981592664576971, -0.1685137201746141, 0.12041824487835327, -0.985480248068474, 0.07488999898590368, 0.4011456523259112, -1.1176730577555036, -0.01446055477161526, -0.19873774647009593, 0.32208851858944526, -1.0419541010403064, 0.23987722763956484, 0.6857272761351038, -0.9217859451613777
17.725979527286345, 0.0, 1.0, 1.0, 0.0, 5.467338379451207, 0.35326736824853106, 0.32969511849539623, 0.0, 0.0, 1.436915733009172, -0.06996033324209715, -0.15969315168977286, 0.14213990926197856, -0.984732327149512, 0.08103246248713236, 0.3801421668865713, -1.1143727919182698, -0.014284272889497194, -0.2171290635904804, 0.2914842257266786, -1.0419541010403066, 0.23333426459837012, 0.7196442941116349, -0.9217859451613778
17.75610657499879, 0.0, 1.0, 1.0, 0.0, 5.472979474748884, 0.3672347514969965, 0.32938309533255444, 0.0, 0.0, 1.4384807252478502, -0.05898331856437916, -0.15101987472284412, 0.1677070548174186, -0.9880620307102641, 0.08801118724309165, 0.35931192461651057, -1.1113604069859617, -0.014392940193635012, -0.2353800422905932, 0.2620665867165238, -1.0419541010403064, 0.22555544532588082, 0.7506743194689459, -0.9217859451613777
17.78626711979465, 0.0, 1.0, 1.0, 0.0, 5.478849701200214, 0.3811255778585165, 0.3291025720323836, 0.0, 0.0, 1.4389422737644855, -0.04711120066810866, -0.1423889513004455, 0.19659605066209687, -0.9951458580967488, 0.09617336509907788, 0.3388809183612807, -1.1089993352593521, -0.014109223176611355, -0.25379522544724725, 0.2352406280136698, -1.0419541010403066, 0.2167174960775726, 0.7810026679885566, -0.9263161183986648
17.816433473654175, 0.0, 1.0, 1.0, 0.0, 5.484961881637574, 0.3949148300715858, 0.32885412216186527, 0.0, 0.0, 1.4382862344528315, -0.035617671398393926, -0.13408980134262405, 0.2267453992990686, -1.002635914194026, 0.10451212633686592, 0.3182047936028255, -1.1067937760259596, -0.014096619036365447, -0.27253287877068394, 0.21126715952132155, -1.0419541010403064, 0.20669684727694504, 0.8093686808520435, -0.9352606287743692
17.84657490186634, 0.0, 1.0, 1.0, 0.0, 5.49132623400007, 0.4085757759639198, 0.32863550049918044, 0.0, 0.0, 1.4363858687792788, -0.024136074519045085, -0.12595530201667643, 0.25753582216227827, -1.0106073332690901, 0.11307274779803297, 0.2976101405793063, -1.1048407603292212, -0.014168753312194488, -0.29127746230166796, 0.1894112662029581, -1.038951782088133, 0.19538057147059942, 0.8347185623084518, -0.947201646425009
17.8766372322422, 0.0, 1.0, 1.0, 0.0, 5.497942668369839, 0.42207239491598975, 0.32845315796988356, 0.0, 0.0, 1.4329753344123528, -0.012955316462706732, -0.11808536054637402, 0.2884017723913587, -1.0191889224158055, 0.12173160636064186, 0.2769355866132853, -1.102975784694128, -0.013951856632800392, -0.3101873492931677, 0.1697701029023678, -1.032205548415431, 0.18269836471324744, 0.8556295475528791, -0.9603157645799935
17.906555487232016, 0.0, 1.0, 1.0, 0.0, 5.50481587273734, 0.4353590256827221, 0.328314928327288, 0.0, 0.0, 1.4277095361860845, -0.0021634509166403135, -0.11014774443664056, 0.3180967929887097, -1.0281422580651534, 0.130043632026907, 0.2558927226749444, -1.100653458935031, -0.01385785596913947, -0.329180970197699, 0.1532011025112808, -1.0239551174779276, 0.16897774122804773, 0.8707313282601599, -0.9735676098943895
17.93627202583207, 0.0, 1.0, 1.0, 0.0, 5.511945999690465, 0.44839472498212574, 0.3282249396187919, 0.0, 0.0, 1.4203373324742044, 0.00794168154450478, -0.10259590323440157, 0.34655522223487445, -1.037662657843014, 0.1381135712910952, 0.2349964306262665, -1.0988130357544945, -0.013763138742658384, -0.34783437087850955, 0.14027960405025575, -1.0144494974687666, 0.1527336757073576, 0.8788699434079579, -0.9834887345065201
17.965721108055025, 1.0, 1.0, 1.0, 1.0, 5.519327502931867, 0.46113542829241105, 0.3281949819837298, 0.0, 0.0, 1.4107343496448197, 0.018353345797736415, -0.09518983222863162, 0.3732903609818412, -1.0477122582828127, 0.14678753241617734, 0.21462024440452626, -1.0973946881300998, -0.013355262487250467, -0.3658778362367942, 0.13136524634180938, -1.0035333906604913, 0.13381384735563423, 0.8815145198401648, -0.989534899155174
17.994860361445415, 1.0, 1.0, 1.0, 1.0, 5.5269557503291535, 0.4735484804425924, 0.32823197501046325, 0.0, 0.0, 1.3989058971389432, 0.027992997621952887, -0.08846309786596193, 0.3979429788605055, -1.0588197435294082, 0.15502188390119806, 0.19399214023627215, -1.0952154697920142, -0.013054478473993202, -0.38312261591039043, 0.12699351018136548, -0.9930734704412775, 0.11304688739358291, 0.879050244465257, -0.9923508799998769
18.023671277546345, 1.0, 1.0, 1.0, 1.0, 5.534810410908291, 0.48562413896833184, 0.32833443232945037, 0.0, 0.0, 1.3849105695380204, 0.03765723928708168, -0.08214558772207885, 0.42020624729442285, -1.0713180934540545, 0.1635611962817673, 0.17366859082654365, -1.0922320940036208, -0.012986866501858875, -0.3982487596934627, 0.12795706882538035, -0.9845066336353347, 0.09144048112074096, 0.8718772839977563, -0.9922989295228299
18.052175884988646, 1.0, 1.0, 1.0, 1.0, 5.54291183744158, 0.49734996727534736, 0.3284869970594135, 0.0, 0.0, 1.3687251440738424, 0.04685757981372301, -0.07634771890166314, 0.4393170113309578, -1.0840594426632617, 0.1717981603178346, 0.15350717602083574, -1.0877691853381994, -0.013001601988727829, -0.4109726071928888, 0.13378095691956562, -0.9768684380017065, 0.07085474510930552, 0.8619759141620218, -0.9922989295228298
18.080398456278818, 1.0, 1.0, 1.0, 1.0, 5.551265722002301, 0.5087227855409898, 0.3286805221012661, 0.0, 0.0, 1.3504271884533112, 0.055646360625972835, -0.07104286472957315, 0.454712755214752, -1.0964574626547818, 0.17970769294371997, 0.1336490906724007, -1.0811785365745752, -0.012825553540556952, -0.42095392523160985, 0.14461443256079454, -0.9695206791797875, 0.05088125136050121, 0.8494172398034744, -0.9922989295228299
18.108362820550315, 1.0, 1.0, 1.0, 1.0, 5.559877477373396, 0.5197381877899173, 0.3288987718309676, 0.0, 0.0, 1.3301420658206882, 0.06349601649801649, -0.06505857664653779, 0.4658301324675923, -1.1074245386592312, 0.18694545077133576, 0.11429967317591783, -1.0715045498886382, -0.012584640810047577, -0.42783177529414174, 0.1603355922224388, -0.9627838364022326, 0.03175550211042213, 0.8358678310516428, -0.9922989295228298
18.13608996736679, 1.0, 1.0, 1.0, 1.0, 5.5687454986572265, 0.5303944941929412, 0.32912469046456483, 0.0, 0.0, 1.307964207597308, 0.07003023027574361, -0.05795819976962439, 0.47249703788505926, -1.1160750174256477, 0.19320961739290093, 0.09597310730602977, -1.058102118468816, -0.012572531357031996, -0.43125294456732605, 0.1807591897897852, -0.957776035589195, 0.013901793447269337, 0.820482621056436, -0.9922989295228299
18.163590917971717, 1.0, 1.0, 1.0, 1.0, 5.577865062441146, 0.5406857102257868, 0.3293488883972168, 0.0, 0.0, 1.283972697480975, 0.07476404251463727, -0.04985488344668929, 0.4749882929572368, -1.1219619010695772, 0.19781086223236882, 0.07949636267195805, -1.0409089504482079, -0.012402870385274403, -0.4308416197231093, 0.2052120448106139, -0.9539313464509522, -0.0021269167306798833, 0.804688737297491, -0.9922989295228298
18.190870713659603, 1.0, 0.0, 0.0, 1.0, 5.587230171476092, 0.5506024408340457, 0.32956581933157786, 0.0, 0.0, 1.2582965206885626, 0.07780556039109156, -0.04054140488317633, 0.47345248710996907, -1.1245884440752252, 0.20066134055546866, 0.0658333556731782, -1.0206073910784321, -0.012505506039377107, -0.42660485595213, 0.23310181642958147, -0.9527721904570047, -0.01647994636292522, 0.7874822512463628, -0.9922989295228299
18.217940965701747, 1.0, 0.0, 0.0, 1.0, 5.596839327131, 0.5601346894672942, 0.3297653198242188, 0.0, 0.0, 1.230986248241813, 0.08004586416527079, -0.029447439004115256, 0.4671542795748647, -1.1225079979396502, 0.2020733617469397, 0.05647950236533171, -0.9989155657363407, -0.012423343696431794, -0.41837547236147554, 0.26384843998494206, -0.9527721913623993, -0.0291404697953384, 0.7695465250546387, -0.9922989295228298
18.244811818160898, 1.0, 0.0, 0.0, 1.0, 5.606687271935599, 0.5692740910393855, 0.3299391991751535, 0.0, 0.0, 1.2021728551843738, 0.07873256503379168, -0.01841878335057006, 0.4580566774142992, -1.117960518697229, 0.2002062905447269, 0.051144542290697884, -0.9775551267650657, -0.012523580138105587, -0.40652811491095964, 0.2958806631130978, -0.9527721913623994, -0.040086578153918244, 0.7505472413957074, -0.9922989295228299
18.27148386018361, 1.0, 0.0, 0.0, 1.0, 5.616761862891061, 0.5780120583942961, 0.330086898803711, 0.0, 0.0, 1.1697170172121119, 0.07275459053479279, -0.00945844743724215, 0.4483220650274243, -1.1134774087626353, 0.19460945624823328, 0.050367184584165184, -0.9588130655781427, -0.012635568375114847, -0.3884910576663386, 0.3279093120955111, -0.9527721913623993, -0.049678759688078666, 0.7299968859819476, -0.9922989295228299
18.298085467907654, 1.0, 0.0, 0.0, 1.0, 5.627048918860299, 0.5863271978923256, 0.3302218559810094, 0.0, 0.0, 1.1359329754025758, 0.06352157276409003, -0.0017204005491030887, 0.4375895806014255, -1.1088393057604218, 0.18654907023203732, 0.05426138639317536, -0.9439844639439999, -0.012265275650060001, -0.3685815233830632, 0.3600372307256575, -0.9527721913623993, -0.05713474432829895, 0.7095111812322052, -0.9926087455193955
18.325858662456064, 1.0, 0.0, 0.0, 1.0, 5.637529275076731, 0.5941868788855419, 0.33035611016409744, 0.0, 0.0, 1.1006610183260963, 0.051132539947002335, 0.003851828995184255, 0.42630349048290056, -1.104917704408839, 0.17637955539176503, 0.06301143826376225, -0.9339022482291384, -0.011905355519606193, -0.3467835179663851, 0.39181850050303835, -0.9527721913623994, -0.0635012842008598, 0.6886235917879601, -0.995230708188556
18.354911969591672, 1.0, 0.0, 0.0, 1.0, 5.648177836281913, 0.6015684407097958, 0.33048792839050295, 0.0, 0.0, 1.063763318263872, 0.0370189686513435, 0.007379874909096302, 0.41475262424797427, -1.1022870605590502, 0.16572962211056888, 0.07732555727663816, -0.9310321154208259, -0.011521089612359921, -0.32365236991403057, 0.42263761344242035, -0.9527721913623993, -0.0690539707590717, 0.6682002594098059, -0.9992524399722597
18.3852813244722, 1.0, 0.0, 0.0, 1.0, 5.658964425495692, 0.6084679133551464, 0.3306127548217774, 0.0, 0.0, 1.0251942375656027, 0.020401065583350243, 0.00819367045737632, 0.4046944626520341, -1.1022870605590502, 0.15437074353771893, 0.0948546113924841, -0.931032115420826, -0.01118965623538973, -0.29949102232038405, 0.4524295156727929, -0.9527721913623994, -0.07438136971108246, 0.6477041450537598, -1.0039673407898264
18.417011810784366, 1.0, 0.0, 0.0, 1.0, 5.669860053743635, 0.6148937164034166, 0.3307298496791295, 0.0, 0.0, 0.9848965199491525, 0.00481552234595702, 0.00865644276917513, 0.39357149691971755, -1.1010517825636006, 0.14291092971300037, 0.11427888551424308, -0.9310321154208259, -0.010812999156561264, -0.27438319535924177, 0.48094766797082833, -0.9527721913623993, -0.07999979027694594, 0.6274097581198347, -1.0092335089625528
18.45017711529341, 1.0, 0.0, 0.0, 1.0, 5.680839056287494, 0.6208710568291804, 0.3308420889718192, 0.0, 0.0, 0.9427765832226679, -0.008726629405724983, 0.008552947947928616, 0.3812499453796391, -1.0986104940228674, 0.1323983953579071, 0.13525693313972015, -0.931032115420826, -0.009759456304405343, -0.24971540568455566, 0.5080335243935313, -0.9529363889439652, -0.08549944513426574, 0.6074173906865378, -1.0130047407655163
18.480817068618403, 1.0, 0.0, 0.0, 1.0, 5.691878434589931, 0.626440275056022, 0.3309402588435582, 0.0, 0.0, 0.9038638424999286, -0.024557389379680186, 0.00962119266622133, 0.3673902932404224, -1.0937266320216084, 0.1203372753759214, 0.1555687638005947, -0.9310321154208259, -0.008708388838484304, -0.23043658350474747, 0.5370029806910516, -0.9587773409875167, -0.08919881683541293, 0.5890797106704763, -1.0176735058827189
18.51213508448063, 1.0, 0.0, 0.0, 1.0, 5.702966666902816, 0.6316412264960156, 0.3310155487060547, 0.0, 0.0, 0.8640899623549027, -0.03870150921041541, 0.010428696261610816, 0.35255905607401644, -1.0880997767649876, 0.10787672972931817, 0.17604059133916608, -0.931032115420826, -0.007419981169235452, -0.21304982356190932, 0.5652155288126266, -0.9697084067454839, -0.09231833090393386, 0.5720872462556911, -1.0226225095379926
18.543809341487886, 1.0, 0.0, 0.0, 1.0, 5.714104928970337, 0.6365112529482164, 0.3310619490487236, 0.0, 0.0, 0.8238636559556847, -0.051533517988798794, 0.011277489284521347, 0.33694054345527374, -1.0817725364602777, 0.09480019028937726, 0.19646476312328384, -0.9310321154208259, -0.006716557350907268, -0.19815672920393568, 0.5915988050750732, -0.98651359797719, -0.09445748121872422, 0.5570130788361173, -1.0296759174122694
18.575412842632808, 1.0, 0.0, 0.0, 1.0, 5.725297335215978, 0.6410734183447706, 0.33107660157339913, 0.0, 0.0, 0.7837272095016344, -0.06505646008811633, 0.011367639600392698, 0.32110197358786585, -1.0748984280022686, 0.08058515001873502, 0.2159095313568661, -0.9315826884224433, -0.006069581221938549, -0.1862968611299704, 0.6151457388219451, -1.007100584172217, -0.09533000765672135, 0.5447901098032787, -1.0374401722046036
18.606545443064483, 1.0, 0.0, 0.0, 1.0, 5.736548782076155, 0.6453302063260764, 0.3310633754730225, 0.0, 0.0, 0.744188806953407, -0.0784022449138407, 0.011252988549687194, 0.3056230368517608, -1.0692110300409898, 0.06765426807997468, 0.23651660808084687, -0.9363372821883734, -0.005572336131432056, -0.17814550159009598, 0.6339044734864409, -1.0287912195159847, -0.09543047933830098, 0.5332665625427636, -1.03940037730431
18.636962415462214, 1.0, 0.0, 0.0, 1.0, 5.747868445260184, 0.6492911209378927, 0.33101559911455436, 0.0, 0.0, 0.7055592520082868, -0.09211756974850904, 0.010840331041566006, 0.2910469747816817, -1.064952580406312, 0.056582299427317795, 0.25776914420617375, -0.9455700922235983, -0.005029048331978069, -0.17354009333229842, 0.6471689568367311, -1.0497725689149442, -0.0946484251166468, 0.5229308207115514, -1.034999051851234
18.666481443555405, 1.0, 1.0, 1.0, 1.0, 5.759265500477382, 0.65294415814536, 0.33092495100838804, 0.0, 0.0, 0.6680700863299361, -0.10618902724436989, 0.010131442825350343, 0.27752848868462443, -1.0614561088001928, 0.046406913371210466, 0.2777299619270808, -0.9579835720435342, -0.004548178064538042, -0.17164393579242163, 0.6535366035845279, -1.0675302562652649, -0.09290064082755252, 0.5146648700002062, -1.0249171257127552
18.6948847462096, 1.0, 1.0, 1.0, 1.0, 5.770732846941266, 0.6562818506785806, 0.3308011981419155, 0.0, 0.0, 0.6319978919591085, -0.11991721285408251, 0.009727851845059265, 0.2646421608966673, -1.05777618612777, 0.036997978369762714, 0.29467354018198594, -0.9719851026628883, -0.005169133815919248, -0.17334686298180949, 0.6529313855388693, -1.0828885111875144, -0.09000392677432649, 0.5096155568829406, -1.011581597427077
18.7219527229804, 1.0, 1.0, 1.0, 1.0, 5.782285984584264, 0.6593128074918478, 0.33065498624529166, 0.0, 0.0, 0.5976215614601893, -0.1333171702191314, 0.009551101220833238, 0.2525968538411179, -1.0535668057017358, 0.028691590867450482, 0.3073611603688563, -0.9856847061106987, -0.005837326446705108, -0.1783355419352696, 0.6456221326975893, -1.0922863905146012, -0.08575714274074475, 0.5102018416820135, -0.9977985302695059
18.74766626863648, 1.0, 1.0, 1.0, 1.0, 5.793939877918788, 0.6620222016743256, 0.33049423762730196, 0.0, 0.0, 0.5649653584769715, -0.14530636280012277, 0.01067332845281761, 0.2409388907830405, -1.0480880404393982, 0.021973806494415556, 0.3146752562798005, -0.9966969715129762, -0.00642553627549456, -0.18618258775290528, 0.6322096984705066, -1.0949678594409866, -0.07867963321757633, 0.5179017256663375, -0.9876606634856469
18.772158464954448, 1.0, 1.0, 1.0, 1.0, 5.8057119737352645, 0.6643966163907736, 0.330315044948033, 0.0, 0.0, 0.5338602691531514, -0.1561459481322944, 0.012813579398262052, 0.23051740905245555, -1.041248143249134, 0.016575367056359248, 0.3158269375297958, -1.0036260863120066, -0.007634964987341367, -0.19700827352805822, 0.612816121604369, -1.0923368728465843, -0.06851272115267064, 0.5305289285358267, -0.9810707579723567
18.796317027248364, 1.0, 1.0, 1.0, 1.0, 5.8176191002982005, 0.6664287015369964, 0.33011398451668883, 0.0, 0.0, 0.5040373463020849, -0.16490307023104364, 0.016761236262302966, 0.2210831170650486, -1.0319224720639852, 0.012752542572084111, 0.31105311782466577, -1.0063963189422982, -0.008588812478405572, -0.20997050381136503, 0.5909317042275282, -1.0891875062650773, -0.05572311249021671, 0.5485071363093535, -0.9782547520474018
18.820651670728736, 1.0, 1.0, 1.0, 1.0, 5.829669076374599, 0.6681144639423919, 0.3298977388654437, 0.0, 0.0, 0.47526507851685434, -0.17156032291235854, 0.022460092022270457, 0.2126719551611845, -1.019424122139339, 0.010157649961087803, 0.30088906949949423, -1.004869994316515, -0.009136510057995097, -0.22563214477691323, 0.5668871780822361, -1.0843230506297903, -0.04139888163705598, 0.5707820656078358, -0.9782547520474018
18.845189637449387, 1.0, 1.0, 1.0, 1.0, 5.841864891052246, 0.6694523940767565, 0.3296722534724644, 0.0, 0.0, 0.4473128750347729, -0.17770280978199302, 0.028596627279276827, 0.20717325379343116, -1.005780312975705, 0.008316102520957743, 0.2877129293792273, -1.0033956014873426, -0.009604650173867496, -0.24310689926643012, 0.5417928942592538, -1.079485682901639, -0.027107678181334215, 0.5950603173712683, -0.9782547520474019
18.869951254057572, 1.0, 1.0, 1.0, 1.0, 5.854206878117154, 0.6704320723669873, 0.32943682398114893, 0.0, 0.0, 0.4199586115379818, -0.18338683659995797, 0.03510418743791693, 0.20512256507181129, -0.9915672490544198, 0.007172083178652483, 0.2720528215660946, -1.001993345532902, -0.010189530748371553, -0.2618363758450163, 0.516364846940964, -1.0754961380629444, -0.0116977616049002, 0.620117838747719, -0.9782547520474018
18.894970978378897, 1.0, 1.0, 1.0, 1.0, 5.866701837267194, 0.6710425206593109, 0.32919463566371376, 0.0, 0.0, 0.3929978517011769, -0.18799569321279128, 0.04082240345659025, 0.20729482317886558, -0.97803183917797, 0.006881773704849612, 0.2547650556944609, -1.00072361301216, -0.01093280774044247, -0.281155338845186, 0.4910749802488475, -1.0726572245511774, 0.004227810348403528, 0.6448277125664984, -0.9782547520474019
18.920276792967524, 0.0, 1.0, 1.0, 0.0, 5.879352550506593, 0.6712781422478816, 0.32893883568899973, 0.0, 0.0, 0.36627696655038855, -0.1908238504254245, 0.045490027942657975, 0.2139300008702845, -0.9661745680293429, 0.00783404266534891, 0.2368237997005785, -0.9996840043079205, -0.011333442132219899, -0.30088021694520234, 0.4660174477188486, -1.0697165005847669, 0.02033068640309077, 0.670968579847049, -0.9782547520474018
18.945904851104636, 0.0, 1.0, 1.0, 0.0, 5.89216581617083, 0.6711382709230699, 0.32865086964198525, 0.0, 0.0, 0.3396680212023112, -0.1913032093468278, 0.04937165339791453, 0.2247459984046372, -0.9566513941426636, 0.010039398043463555, 0.21909112568579756, -0.999050539503697, -0.011759384836016934, -0.320977533951936, 0.4416356074841326, -1.0679228263898513, 0.03646927444524228, 0.6975889940138711, -0.9782547520474019
18.971881477550443, 0.0, 1.0, 1.0, 0.0, 5.90514392035348, 0.6706233998707366, 0.32830076217651377, 0.0, 0.0, 0.3131106161764463, -0.18904472396159464, 0.05273971994553766, 0.23944372836293418, -0.9502670906475357, 0.013279867379320532, 0.20199913251923357, -0.999050539503697, -0.011995726118392327, -0.3415743577971175, 0.41780030841375576, -1.0669201877809649, 0.05226163163582238, 0.7250848131631163, -0.9782547520474018
18.99821993824743, 0.0, 1.0, 1.0, 0.0, 5.918282882145474, 0.6697310372761321, 0.32786814553397053, 0.0, 0.0, 0.28657296768290685, -0.18433919837554075, 0.05581907664859421, 0.25787378398703237, -0.9480266379425831, 0.017000497720798754, 0.18595768024930698, -0.9990501027140741, -0.01211293856877879, -0.362643118492772, 0.3945145851299628, -1.06692018687557, 0.06684465000681747, 0.7525927797283043, -0.9782547520474019
19.02492509602617, 0.0, 1.0, 1.0, 0.0, 5.931574502672468, 0.668456601415362, 0.32734008516584134, 0.0, 0.0, 0.26005240475656105, -0.17586669300652233, 0.059322797654512996, 0.27872509524006656, -0.9488115962633505, 0.02281758460003952, 0.17083015015847147, -0.9990501027140741, -0.012014611672368542, -0.3840040349404676, 0.37119647101008146, -1.06692018687557, 0.08024385103492362, 0.7809433131142579, -0.9782547520474018
19.05197797400253, 0.0, 1.0, 1.0, 0.0, 5.944997754778181, 0.6667890119552615, 0.3267041356222971, 0.0, 0.0, 0.23345531447791998, -0.16306772629482372, 0.06291057485932214, 0.3010886741729558, -0.9519669983196797, 0.03132478854134436, 0.15735225738153574, -0.9990501027140741, -0.01193748063389384, -0.4051119637290845, 0.3479222873843555, -1.06692018687557, 0.09265792248912726, 0.8093889651323378, -0.9782547520474018
19.079341231689593, 0.0, 1.0, 1.0, 0.0, 5.958521957397461, 0.6647194923673361, 0.32594916752406533, 0.0, 0.0, 0.20675330535603328, -0.14770462975400803, 0.06607194932087154, 0.32500819233128786, -0.9582664159930372, 0.04149142825472044, 0.14523408035145852, -0.9990501027140741, -0.012346359209012083, -0.42564685383184886, 0.32434552900163977, -1.06692018687557, 0.10336879015065639, 0.8371724401785847, -0.9779449360508361
19.106979344871085, 0.0, 1.0, 1.0, 0.0, 5.972118369511195, 0.6622488846097678, 0.32507466997419093, 0.0, 0.0, 0.17992663658132116, -0.1314687304785964, 0.06840559821429466, 0.3502660167770548, -0.9678543977050686, 0.05261862382725836, 0.13410409949533922, -0.9999309739104458, -0.012401401448977242, -0.44533314655087647, 0.30143990507308727, -1.0669201961179247, 0.11183762243378656, 0.8637029712273933, -0.9753229733816757
19.134859982994726, 0.0, 1.0, 1.0, 0.0, 5.985758743286134, 0.6593726546423779, 0.32409630911690857, 0.0, 0.0, 0.1528674571282325, -0.11538103461390194, 0.0700784581435285, 0.37605552952733307, -0.9802927787349022, 0.06403710255759379, 0.12475874633030529, -1.0042006216089117, -0.012319413145296608, -0.4640421196170051, 0.2807550752371581, -1.0705757271814822, 0.11692668674477658, 0.8874071499295254, -0.971301241597972
19.162965379605307, 0.0, 1.0, 1.0, 0.0, 5.999420070648194, 0.6560792575563708, 0.3230518109457834, 0.0, 0.0, 0.1254294935001405, -0.09940100698983015, 0.07120508046026074, 0.40108004781027257, -0.9952557990735428, 0.07582870714950125, 0.1170666336739788, -1.0113749302286636, -0.012140014795923432, -0.4814632528630942, 0.2623561027526439, -1.0774380353612394, 0.12085736015082242, 0.9082525711797924, -0.9665863407804052
19.19128233214857, 0.0, 1.0, 1.0, 0.0, 6.0130806677682065, 0.6523576266425, 0.32198549679347455, 0.0, 0.0, 0.09761830591582514, -0.08325829922021419, 0.07221173102153555, 0.42423467020591316, -1.012535104972238, 0.08820551798809873, 0.11094120176989593, -1.0208258180252372, -0.011831258070957142, -0.4971211047081242, 0.24621589044197636, -1.0866235795769907, 0.12314117200152082, 0.9263045158579104, -0.9648690728627555
19.21979546106404, 0.0, 1.0, 1.0, 0.0, 6.026714864458357, 0.6481912960324973, 0.3209383555821011, 0.0, 0.0, 0.06948082725718155, -0.0681430887581131, 0.07308606680317917, 0.4452312021871094, -1.0316535939242457, 0.1003883012562682, 0.10562918954042322, -1.0319465362911944, -0.012152736066183108, -0.5104224998740488, 0.23189736175261202, -1.0972588979438962, 0.12350912032319276, 0.9404023741435864, -0.9674702942849621
19.248487732221015, 0.0, 1.0, 1.0, 0.0, 6.040292241232736, 0.6435581064224246, 0.3199546418871199, 0.0, 0.0, 0.04101409744398188, -0.05516372680876271, 0.07319506059257619, 0.46362428552407653, -1.051479609954225, 0.11277918581982682, 0.1009725578940143, -1.0440645570577576, -0.012417323882205702, -0.5207275954093944, 0.21795845212451367, -1.1032848302391516, 0.1212803173436658, 0.9496859046563514, -0.9716813980044664
19.277350775370415, 0.0, 1.0, 1.0, 0.0, 6.053784269605364, 0.638436194147383, 0.319068318775722, 0.0, 0.0, 0.012099421596599673, -0.04473347947391545, 0.07238959321906532, 0.4794123858880311, -1.0713142202865666, 0.1253066522655723, 0.09670420966493677, -1.0565476813527581, -0.012943152289086523, -0.5277064256738628, 0.2051078158380228, -1.1046195943125732, 0.11618383180784955, 0.9533794366596228, -0.9767201482487539
19.306354739895713, 0.0, 1.0, 1.0, 0.0, 6.0671524265834265, 0.6328148181097851, 0.31830077307564875, 0.0, 0.0, -0.01755698228134951, -0.03664942254840901, 0.07072667185974157, 0.49191973973375464, -1.0904107497380109, 0.13741553004574864, 0.09268982732143023, -1.068797750397118, -0.012911515241423905, -0.5311043535863986, 0.19413766762377302, -1.0996163666208525, 0.10803538325140215, 0.9501436288520017, -0.9781188335922498
19.335468173086134, 0.0, 1.0, 1.0, 0.0, 6.0803617749895364, 0.6266983556747441, 0.31765851702008935, 0.0, 0.0, -0.048368412295919, -0.029107708900882, 0.06948797296397775, 0.5003441345906811, -1.107852013096522, 0.14956035133308698, 0.08940698017466342, -1.0796697318892108, -0.012970330103795188, -0.5306427841956644, 0.1862465738730678, -1.0908316791034287, 0.09754304582052922, 0.9396347497056327, -0.9763595322428273
19.36465125871848, 1.0, 0.0, 0.0, 1.0, 6.093380647386824, 0.6201088121959144, 0.3171339470999582, 0.0, 0.0, -0.08076157159638983, -0.023561542284861844, 0.06805965549445868, 0.504508838557392, -1.1216010848318034, 0.1588369360060645, 0.0842001260287529, -1.0849318182962768, -0.013065247102408814, -0.5258329679675715, 0.18258883946898047, -1.0795038338253458, 0.08588608809242541, 0.9222960455632252, -0.9712584062357782
19.393875780374167, 1.0, 0.0, 0.0, 1.0, 6.106183082035611, 0.613064961433411, 0.316734744480678, 0.0, 0.0, -0.11483491893816966, -0.019088357550161143, 0.06724972374319634, 0.503701505072373, -1.1308434673042769, 0.16482174874239913, 0.07749297336117765, -1.0841089780415785, -0.013809862500440643, -0.517116787597289, 0.18412952417428483, -1.0688992858667596, 0.07388940103815281, 0.8993509361446691, -0.9665628625021908
19.42309575473118, 1.0, 0.0, 0.0, 1.0, 6.1187433242797855, 0.6056022514615744, 0.3164656720842634, 0.0, 0.0, -0.15047368269288733, -0.016159806811514875, 0.0670498254620233, 0.4984308708360032, -1.135757014723764, 0.16833463481242522, 0.07074274703218046, -1.0782149837184847, -0.01434525473874171, -0.5056316998076732, 0.1917773235238028, -1.0589132862321713, 0.0639486189773691, 0.8739611143273034, -0.9646352752071435
19.452301007996017, 1.0, 0.0, 0.0, 1.0, 6.131053660256522, 0.5977478047779633, 0.31629962239946646, 0.0, 0.0, -0.18745605770939444, -0.015257656213095752, 0.06739807784939658, 0.4893032622810239, -1.1369070175918419, 0.16950722039383945, 0.06559538902541243, -1.0687527539188162, -0.01424187184683642, -0.4901908896038956, 0.20530845613315662, -1.0494104247134703, 0.0565393533872095, 0.8462651960192955, -0.9655301146431842
19.482344566007075, 1.0, 0.0, 0.0, 1.0, 6.14309839793614, 0.5895121758324763, 0.31620399611336847, 0.0, 0.0, -0.22561137638343837, -0.01683442803113278, 0.06780334768974715, 0.4769555789756252, -1.135155059597547, 0.1678416427791996, 0.06284671361997338, -1.0571254237436372, -0.014024626577715183, -0.47115932963687845, 0.22425491219706992, -1.0421618832450037, 0.0495134758309278, 0.8164055078884745, -0.9655301146431841
19.513155719755698, 1.0, 0.0, 0.0, 1.0, 6.154866763523648, 0.580919491222927, 0.31614157676696786, 0.0, 0.0, -0.2647415416441901, -0.020954615983443944, 0.06815429624252434, 0.46222768585171387, -1.131113425082024, 0.1633115353656151, 0.06358669923170805, -1.0453197781534092, -0.014097357486473661, -0.44927855747770484, 0.24815019338740396, -1.0388593692664718, 0.04308136631696511, 0.7850930900521594, -0.9655301146431842
19.54454589219624, 1.0, 0.0, 0.0, 1.0, 6.166349964141847, 0.5719927985327589, 0.3160905865260534, 0.0, 0.0, -0.30460706064367987, -0.02634585371967247, 0.06849641699981338, 0.44634887065802575, -1.1279037218324897, 0.15704581177016566, 0.07003064343192066, -1.0370117018543268, -0.013949850828362625, -0.4245546401493178, 0.27704835819020146, -1.0388593692664718, 0.037150414745544445, 0.7533196285492609, -0.9655301146431841
19.576382366869897, 1.0, 0.0, 0.0, 1.0, 6.1775370052882606, 0.5627441862651283, 0.31603638921465194, 0.0, 0.0, -0.3450393834792232, -0.03419044584463081, 0.06771647943134783, 0.43051420904230453, -1.1261219077710427, 0.1485798460633736, 0.0818953393499783, -1.032727911719436, -0.014138131699523295, -0.3979515561225845, 0.3084452269955712, -1.0388593692664718, 0.03175311154952611, 0.7208889942896594, -0.9655301146431842
19.608583474111235, 1.0, 0.0, 0.0, 1.0, 6.188420246669225, 0.5531913954871045, 0.31596331868852895, 0.0, 0.0, -0.3859347896757209, -0.043669786964078756, 0.06575598476503189, 0.4154075468950764, -1.126121907771043, 0.1388260793934199, 0.09919184380889012, -1.032727911719436, -0.014227733432106355, -0.36980946519339397, 0.34220903049018536, -1.0388593692664718, 0.027079252219312726, 0.6883456478658686, -0.9655301146431841
19.64104435819361, 1.0, 0.0, 0.0, 1.0, 6.1990030452183325, 0.54335540839604, 0.31586188452584407, 0.0, 0.0, -0.4271601124603371, -0.05289052799988429, 0.06384180868258856, 0.400035057728746, -1.126121897575707, 0.12847598158096368, 0.11974618265360484, -1.032727911719436, -0.014338627675564335, -0.34124129693725175, 0.37738511516407564, -1.0388593692664718, 0.023008338507815695, 0.6555685955812065, -0.9655301146431842
19.673757267526867, 1.0, 0.0, 0.0, 1.0, 6.20929014478411, 0.5332638583864489, 0.3157219668797085, 0.0, 0.0, -0.46870550731357347, -0.06018737689555253, 0.06238339308211127, 0.38404641725603816, -1.1261218975656921, 0.11820752400905497, 0.14343687625956816, -1.032727911719436, -0.01401402935407872, -0.3129817679233101, 0.4135636739113041, -1.0388593692664718, 0.019666098482141254, 0.624740383874631, -0.965530114733216
19.706658186329598, 1.0, 0.0, 0.0, 1.0, 6.219277142116002, 0.5229464714867732, 0.3155437714712961, 0.0, 0.0, -0.5104896741930404, -0.06615868104914423, 0.06107138497823184, 0.367585820005385, -1.1261218975656921, 0.1073656056715576, 0.1690073320602698, -1.032727911719436, -0.013605353872827988, -0.28576486817339514, 0.44989447802652865, -1.0388593692664718, 0.0173635564208308, 0.5957903199866552, -0.9677684075968883
19.739613049759694, 1.0, 0.0, 0.0, 1.0, 6.228956955501012, 0.5124241924285893, 0.3153282751355853, 0.0, 0.0, -0.5523423507492626, -0.07186473302839823, 0.05939765670776039, 0.350931146656165, -1.1261218975656921, 0.09556434193505711, 0.19519837164983675, -1.032727911719436, -0.013211533394622488, -0.2595980028744274, 0.48580434010183005, -1.0388593692664718, 0.015561893406043092, 0.5681461833101752, -0.9729012131095407
19.77245005178905, 1.0, 0.0, 0.0, 1.0, 6.2383109446934295, 0.5017120265960697, 0.3150904778071813, 0.0, 0.0, -0.5940453433265481, -0.0780351492123583, 0.056977996614608464, 0.3343041015698692, -1.1261218975656921, 0.08304203685495566, 0.22109133910373188, -1.032727911719436, -0.012809022480742305, -0.23473471585444333, 0.5209036759381023, -1.0388593692664718, 0.013694996408426188, 0.5414772331829287, -0.9803193192555495
19.804965129970626, 1.0, 0.0, 0.0, 1.0, 6.247315540313721, 0.49083128111703095, 0.3148523684910366, 0.0, 0.0, -0.6353394926171473, -0.08419969663947559, 0.0539195121176538, 0.3176396013584357, -1.1262757247918382, 0.07136352222840368, 0.24772061207399032, -1.0348211626637027, -0.012311470688292452, -0.2111701845721218, 0.5549329072100927, -1.0388593692664718, 0.011555368435732438, 0.5156703121751834, -0.9889464951991765
19.836866247183092, 1.0, 0.0, 0.0, 1.0, 6.255943535396031, 0.4798080021994458, 0.3146331310272217, 0.0, 0.0, -0.6758539114769782, -0.09226184497189804, 0.04887069248863855, 0.30254530913898187, -1.1281449145758016, 0.06033501180853253, 0.2738354768850768, -1.0398816647976348, -0.01147313578868536, -0.18900939232468697, 0.5872815059967585, -1.0388640080942215, 0.009342135690495756, 0.49103364510972575, -0.9975883464408742
19.86792997668286, 1.0, 0.0, 0.0, 1.0, 6.264174169812883, 0.4686639254433772, 0.3144535677773613, 0.0, 0.0, -0.7153048479416823, -0.10250035811503057, 0.04203589306857237, 0.2889571955820004, -1.1312326837090303, 0.04989157266682006, 0.2994916624413411, -1.0482117938351112, -0.010626098145745924, -0.16917012522027788, 0.620188603789735, -1.0452751467524302, 0.006713750751732757, 0.4670964559017446, -1.0067203085746776
19.897934333047882, 1.0, 0.0, 0.0, 1.0, 6.27200857434954, 0.4574197557994301, 0.3143426758902414, 0.0, 0.0, -0.7534103805252607, -0.11401778228125957, 0.034523009150029996, 0.2757526208041638, -1.133578338730899, 0.04057052776829999, 0.3239802304115526, -1.0597184150183927, -0.009794100550988515, -0.1522638480678, 0.6524436363199309, -1.057504871672549, 0.0033617080049664666, 0.444062155365523, -1.0158686778416097
19.926740859776974, 1.0, 0.0, 0.0, 1.0, 6.279459460122245, 0.4460972002574379, 0.3143364919934955, 0.0, 0.0, -0.7899946694712051, -0.12561648611054274, 0.02743222466155077, 0.2621740435629977, -1.133503542211076, 0.03171050267137708, 0.3462962276338655, -1.0733305567872666, -0.008570449013944808, -0.13786097432213618, 0.6826816722614978, -1.073596208857381, -0.0001281266766272406, 0.42180597850796264, -1.0235353827723457
19.95417249401584, 1.0, 1.0, 1.0, 1.0, 6.286552963256837, 0.43471577303750214, 0.314457871573312, 0.0, 0.0, -0.8248328449545647, -0.13757845532456084, 0.02073993206994904, 0.24879463326751744, -1.1307730350863197, 0.023036308883701468, 0.36520474922759394, -1.0871998746106966, -0.007833764913335626, -0.12542060152308593, 0.709229623164633, -1.093296840332162, -0.0032812247538602226, 0.4002233761322382, -1.0305540631003292
19.980730878195022, 1.0, 1.0, 1.0, 1.0, 6.293315884726389, 0.4232877445220951, 0.314715074811663, 0.0, 0.0, -0.8577234150012109, -0.14905204140221334, 0.014946804133053992, 0.23575516489067389, -1.1249663800321688, 0.015256911602986608, 0.3794230302045703, -1.098316840205716, -0.007598951639323108, -0.11504323011029001, 0.7295929540243664, -1.1120908219563315, -0.004426715308162238, 0.3809718669481617, -1.0372340617893496
20.00706368432921, 1.0, 1.0, 1.0, 1.0, 6.299770306178502, 0.41181191716875387, 0.3150994832175119, 0.0, 0.0, -0.8885391650679122, -0.16007750523993494, 0.009981414110853657, 0.22361833874928858, -1.1162239930960867, 0.008307497562555307, 0.3878403403483383, -1.105417014687531, -0.007357501067022765, -0.10683126960299297, 0.743067492687724, -1.127977883502358, -0.005181359527243817, 0.3639322123149896, -1.0419890906661728
20.033196036956802, 1.0, 1.0, 1.0, 1.0, 6.305913625444686, 0.40028002262115514, 0.31558819225856244, 0.0, 0.0, -0.917276174892567, -0.17010492914780534, 0.006266965954811196, 0.21249238286490799, -1.1043359374110648, 0.002431883062593127, 0.3896415279033845, -1.1073184038374457, -0.006923723242188857, -0.10110621385844938, 0.7490814921133746, -1.1393426105458986, -0.005075564697149948, 0.34839326270276166, -1.0396623663720985
20.0591520723831, 1.0, 1.0, 1.0, 1.0, 6.311766619001117, 0.388696784291949, 0.3161600698743548, 0.0, 0.0, -0.9438854983062248, -0.17869255327199338, 0.004341844807358295, 0.20241856868957817, -1.089308054758782, -0.0023666373521843025, 0.38477646407443666, -1.10342968084043, -0.007489267711812436, -0.09829725947665323, 0.7478260895465088, -1.1489064014419756, -0.00440854925329835, 0.3353970449697511, -1.0332899131469286
20.084958599548415, 1.0, 1.0, 1.0, 1.0, 6.317352872576032, 0.3770654480797907, 0.3167830290113177, 0.0, 0.0, -0.9684427054071474, -0.18554120821657769, 0.004560534574560691, 0.1938470411710582, -1.0721427662374345, -0.006088208941994509, 0.3734282878600328, -1.093877606892367, -0.007971462194102674, -0.09806248076031131, 0.7397401299592653, -1.1539428363737196, -0.0017088479212053465, 0.32716939113975074, -1.0244100443102218
20.110632944896313, 1.0, 1.0, 1.0, 1.0, 6.322693860190256, 0.36539210864475835, 0.31743291718619215, 0.0, 0.0, -0.9910101272783868, -0.19018717895414503, 0.007165141938729996, 0.18675603235124413, -1.053219443537012, -0.008454114763950115, 0.3570778472661845, -1.0813944825973665, -0.008307708302123129, -0.10032888242691053, 0.7255384575489284, -1.1544115574318956, 0.004083207748144383, 0.3244885262370182, -1.0144222904106608
20.136195964933112, 1.0, 1.0, 1.0, 1.0, 6.32780508858817, 0.35367706094469387, 0.3180776909419469, 0.0, 0.0, -1.0116398932593322, -0.19426076187291325, 0.010564768881096061, 0.18344627376368527, -1.0352478145210084, -0.009291264250220973, 0.3369866821968226, -1.0691444135530066, -0.008907063791479467, -0.10511899735426102, 0.7058988069313917, -1.1515828569996498, 0.012789556944497349, 0.3284499280679702, -1.0059701971928878
20.16167767647319, 0.0, 1.0, 1.0, 0.0, 6.332694666726249, 0.34191179718290093, 0.31868153299604146, 0.0, 0.0, -1.0303958264273056, -0.19700690839282925, 0.014802010641716526, 0.18383746485566907, -1.0185545976040162, -0.008356922799925623, 0.31433088452196006, -1.0577218590592965, -0.008729901439481592, -0.11185880559604373, 0.6819181585624003, -1.1434261007718867, 0.023964477950558078, 0.34040391866897685, -0.9999706999888726
20.187121172921398, 0.0, 1.0, 1.0, 0.0, 6.337371801648822, 0.3300810200827466, 0.3192285769326347, 0.0, 0.0, -1.0473382902396986, -0.19806684326860705, 0.019606297434673285, 0.18794409175119015, -1.0038164005862689, -0.005348469419922651, 0.2898478027635731, -1.0477051788863003, -0.008940838468919483, -0.12080029457853979, 0.6541443400163972, -1.1332314781930506, 0.03670919649436753, 0.3590420499948489, -0.9985814476589284
20.21256303879628, 0.0, 1.0, 1.0, 0.0, 6.341844564165389, 0.3181723455020364, 0.31970213072640563, 0.0, 0.0, -1.0625805026109314, -0.19760839137554267, 0.02448796270633514, 0.19598361244034196, -0.9913424116511961, -0.0008262133490948217, 0.2652559386654706, -1.0392952091057739, -0.00923394979670386, -0.131988509151213, 0.6240929895115839, -1.1228546767526775, 0.05020245058235397, 0.38304080175142247, -0.9985814476589284
20.238039890255283, 0.0, 1.0, 1.0, 0.0, 6.34612253189087, 0.3061737421580727, 0.3200934900556293, 0.0, 0.0, -1.0762526087711328, -0.19597034320361972, 0.02873372516316694, 0.20816939266473383, -0.9819539177693327, 0.005990225972547806, 0.24040842870711418, -1.0327757236089314, -0.009831125155881063, -0.14482188896984619, 0.5935562886743236, -1.114896320520998, 0.062123788096199554, 0.41008487855280473, -0.9985814476589284
20.26359265235529, 0.0, 1.0, 1.0, 0.0, 6.350221102578301, 0.2940726004328051, 0.3204052829742432, 0.0, 0.0, -1.0885612677018908, -0.19321429412245922, 0.031916994467920644, 0.2243814970115048, -0.9759022495926757, 0.01379597504357559, 0.21685463989161355, -1.028236422789246, -0.010346536492060547, -0.15972726616222493, 0.5632094217605037, -1.1088003575397454, 0.07186499426854394, 0.4405175705346598, -0.9976866082228879
20.289269680712497, 0.0, 1.0, 1.0, 0.0, 6.354147663116456, 0.28184927974428486, 0.3206461715698243, 0.0, 0.0, -1.0996929977785619, -0.18945771087499946, 0.03394231707940001, 0.24451385007824897, -0.9729102523636567, 0.02309819711755167, 0.19430962661019097, -1.0261641495166145, -0.010862396208817598, -0.1764724046998465, 0.5334805873733087, -1.1048185710917435, 0.08122354496211547, 0.47308282751724356, -0.9976866082228879
20.315108939552566, 0.0, 1.0, 1.0, 0.0, 6.357905480521066, 0.2694882266862056, 0.3208281925746373, 0.0, 0.0, -1.1097686492557814, -0.18513312181725272, 0.03443597368179492, 0.26814970888192036, -0.9729102523647993, 0.03325273047827562, 0.17309244532084728, -1.0261641495166145, -0.011281610428318505, -0.19465218335242415, 0.5048093288513865, -1.1029747840299402, 0.09018629936958478, 0.5065644119816141, -0.9976866082228879
20.341128711518053, 0.0, 1.0, 1.0, 0.0, 6.361493383135114, 0.2569828643117636, 0.32096271242414204, 0.0, 0.0, -1.118875259484007, -0.18149013182067655, 0.03335643000362409, 0.29397613222566454, -0.9729102523647993, 0.043378328258110554, 0.15163883322310562, -1.0261641495166145, -0.011436666543190047, -0.21419989208603288, 0.47712802493601253, -1.10297478402994, 0.0985643958045668, 0.5393243106239598, -0.9976866082228879
20.367340300736693, 0.0, 1.0, 1.0, 0.0, 6.364916548047748, 0.24433202266693152, 0.32105817931039, 0.0, 0.0, -1.1270079126215977, -0.17684017761093482, 0.03253086949209737, 0.3206699421256478, -0.9729102523647993, 0.05385848037923639, 0.1305263591268366, -1.0261641495166145, -0.011403854601355868, -0.2346741627174443, 0.44962699327697303, -1.1029747840299402, 0.10600410286431684, 0.5717888065499714, -0.9976866082228879
20.393754791326927, 0.0, 1.0, 1.0, 0.0, 6.368163964407785, 0.231530240944454, 0.3211167430877686, 0.0, 0.0, -1.1342640934887616, -0.17206345962065592, 0.031887549853625415, 0.34761566218781054, -0.9729102523647993, 0.0640795239284944, 0.10938232278242839, -1.0261641495166147, -0.011372561306608063, -0.2557091338591893, 0.42215183466619355, -1.10297478402994, 0.11250913902134796, 0.6043204510134937, -0.9976866082228879
20.420338886379483, 0.0, 1.0, 1.0, 0.0, 6.371205477033343, 0.21859085423605823, 0.32115116391863147, 0.0, 0.0, -1.1409430867314498, -0.16720467019442053, 0.03143667320354842, 0.37393724820463087, -0.9729102523647993, 0.07391402175965209, 0.0882014687349844, -1.0261641495166145, -0.011342656659912891, -0.276747492626085, 0.39472782489295105, -1.1029747840299402, 0.11816347334767749, 0.6372933051286049, -0.9976866082228879
20.447078979264827, 0.0, 1.0, 1.0, 0.0, 6.374012639181955, 0.20551882369177724, 0.3211711215972901, 0.0, 0.0, -1.1472099454539537, -0.16250126169897025, 0.032090956886920596, 0.3989262585613851, -0.9729102523647993, 0.08310461376438785, 0.06685958257448991, -1.0261641495166145, -0.011731054651971022, -0.29726515995743863, 0.36718448362860145, -1.10297478402994, 0.12294254121878848, 0.6699204316596523, -0.9976866081328559
20.473957429167804, 0.0, 1.0, 1.0, 0.0, 6.37655986240932, 0.19232320240565745, 0.3211762251172748, 0.0, 0.0, -1.1532888303882847, -0.1564059903847403, 0.034826544086596016, 0.42140416402015146, -0.9729557769785657, 0.09304228848626588, 0.04602355897261012, -1.0261641495166145, -0.012128152979423682, -0.3168144084485133, 0.34001623363464223, -1.1029747840299402, 0.12716091717255687, 0.701814442912771, -0.9954483152691836
20.50093970938677, 0.0, 1.0, 1.0, 0.0, 6.3788285446167, 0.17902418204716314, 0.32118094852992474, 0.0, 0.0, -1.1594404715207671, -0.14882760612585164, 0.03884575126680062, 0.44169330542747287, -0.9742765294196392, 0.10423745572205978, 0.025949808711757585, -1.0261641495166145, -0.012083642251952595, -0.3352337623435074, 0.3140861837094078, -1.1031984029075763, 0.13051297913465584, 0.7318229971009346, -0.9903155097565313
20.527982865485168, 0.0, 1.0, 1.0, 0.0, 6.380803070068359, 0.1656475486074179, 0.3211946855272566, 0.0, 0.0, -1.165923356882683, -0.14000184267384422, 0.04346866706908, 0.46007862429884, -0.9777312610946355, 0.11613762745773708, 0.007037810514504867, -1.0261641495166145, -0.012038928912588339, -0.3523720064409871, 0.2897064023775144, -1.1051683978088447, 0.13343525860711827, 0.7600704591525129, -0.9828974036105225
20.555063571730248, 0.0, 1.0, 1.0, 0.0, 6.38247000013079, 0.1522101937021532, 0.3212214238303049, 0.0, 0.0, -1.1730343090883146, -0.13121465273402874, 0.04776381268672788, 0.47688150867746754, -0.9832654772511481, 0.1278003686468747, -0.01203957017027285, -1.024070898572348, -0.012121708418689174, -0.3680279549476918, 0.26725954860929496, -1.1088695229390308, 0.13478790313603112, 0.7863191677339125, -0.9742702276668954
20.582179214706596, 0.0, 1.0, 1.0, 0.0, 6.383822092328754, 0.13871996130262143, 0.32126642363412045, 0.0, 0.0, -1.1810967730043662, -0.1223067659275676, 0.05157761189661198, 0.49162869396472425, -0.9899845832788443, 0.13886382206942507, -0.03088957697774619, -1.020094511862911, -0.01239224450768785, -0.3820492136099647, 0.24732076905824368, -1.1138054446052608, 0.13475515320149906, 0.8098110136085236, -0.9656283764251977
20.609330491269176, 0.0, 1.0, 1.0, 0.0, 6.384853172302246, 0.12518353530338872, 0.32132513182503836, 0.0, 0.0, -1.1903954226709474, -0.1126861720035562, 0.0552126017871395, 0.5036942453746783, -0.9972461044726525, 0.1489667559369125, -0.04859185615077076, -1.0145994721793679, -0.01262634186843088, -0.39351681191539173, 0.22781668437739003, -1.1136598035950007, 0.13319160361819962, 0.829578250838709, -0.9564964142913944
20.636514424392864, 0.0, 1.0, 1.0, 0.0, 6.385555447169714, 0.11160972356796305, 0.3213849612644741, 0.0, 0.0, -1.2054366994646735, -0.09999591818813336, 0.05547807164872987, 0.5142793267662736, -1.007249169160413, 0.15929771366539636, -0.06318646212060562, -1.0085206984409005, -0.01302363835306746, -0.3986170356441033, 0.21043658914004174, -1.1101918339940446, 0.13054946356923067, 0.8431140670624718, -0.9473480450244622
20.663731285761852, 0.0, 1.0, 1.0, 0.0, 6.385927456447057, 0.09800637858254609, 0.32143121583121165, 0.0, 0.0, -1.2205660972155123, -0.08820816345223755, 0.05623394938876448, 0.5212338166988755, -1.0171124156279077, 0.16877495454925623, -0.07564359410336623, -1.0010903773397015, -0.013317981313030471, -0.4024342878769572, 0.19537850772143947, -1.1019884966602926, 0.1264091335895196, 0.8533195231123484, -0.9422145269571672
20.690988620555974, 0.0, 1.0, 1.0, 0.0, 6.385964764186314, 0.08437776224953829, 0.32145981379917693, 0.0, 0.0, -1.2358290335091684, -0.07754752567950199, 0.05728671960866499, 0.5243443068125545, -1.0263918059563688, 0.17720848346472784, -0.08538701683797703, -0.9930156789215658, -0.01347056793437012, -0.40583345861056064, 0.18374690402843333, -1.0902738476163965, 0.1200707513213107, 0.859951521489526, -0.9407140375546995
20.71828437041904, 0.0, 1.0, 1.0, 0.0, 6.385671855381557, 0.07073303086417101, 0.32147533689226426, 0.0, 0.0, -1.2511813215754162, -0.06935299953152144, 0.05774890416889637, 0.5241646610661334, -1.0351779636806895, 0.18338747172740297, -0.09252797134228367, -0.9844353899842224, -0.013314613386988897, -0.408639519466993, 0.17657488792194775, -1.0758367936381938, 0.1105909998673715, 0.8621916398836278, -0.9399810610159173
20.74558953533538, 1.0, 1.0, 1.0, 1.0, 6.385050593784878, 0.057094591004508276, 0.3214909866877965, 0.0, 0.0, -1.2665582648105604, -0.0637534727170631, 0.0575234889300528, 0.5205256222501058, -1.0428415320851394, 0.18716014310491746, -0.09608847840912992, -0.9765981520747806, -0.013532439816672544, -0.4109091223450097, 0.17464363789579124, -1.0614762254896895, 0.09812862338024698, 0.859510929700418, -0.9394900350164791
20.772888526097095, 1.0, 1.0, 1.0, 1.0, 6.384124979291644, 0.04347651617867646, 0.32152382714407785, 0.0, 0.0, -1.2819120874133472, -0.06154429032614802, 0.05580140604540106, 0.5136139495632791, -1.0490630676955457, 0.18802550457923953, -0.0953958558839472, -0.970647283044965, -0.013999911294433915, -0.4123052666053885, 0.17854732062559595, -1.0485073158811264, 0.08361200343125189, 0.8521434883287381, -0.9382861304389225
20.80020013771506, 1.0, 1.0, 1.0, 1.0, 6.382894603184292, 0.029876251220703524, 0.32157923970903673, 0.0, 0.0, -1.2972450862427676, -0.062406616298350044, 0.05270012287708782, 0.5032849960139313, -1.0533345393823497, 0.18642861890501497, -0.09008426305411413, -0.967656441608591, -0.01379902534437283, -0.4125062992152948, 0.18828010592570796, -1.0354866599222714, 0.06869888187628552, 0.8423147862471171, -0.9382861304389225
20.827533554843388, 1.0, 0.0, 0.0, 1.0, 6.381358233860561, 0.016296174185617025, 0.3216582080296108, 0.0, 0.0, -1.3178962508641376, -0.06487867790736336, 0.04606462170604556, 0.4910158938544377, -1.057326481660081, 0.18340556604675182, -0.07837637381961247, -0.9692566370073601, -0.013373919067184017, -0.40853986132024467, 0.20400786825902575, -1.0234144626953203, 0.05803122451344078, 0.8265590307627277, -0.9412706301837962
20.854901429622995, 1.0, 0.0, 0.0, 1.0, 6.379515086582729, 0.0027369356155399482, 0.32174826622009284, 0.0, 0.0, -1.3397923093421358, -0.07034732805750749, 0.03827787735682595, 0.4762961233200798, -1.0596675359644885, 0.1781662077617873, -0.0631029934142888, -0.971890187591575, -0.012762320679357739, -0.40303849275719533, 0.224616913898783, -1.0130273241086978, 0.04738216059591138, 0.8064167926674103, -0.9428474960751737
20.882318295459427, 1.0, 0.0, 0.0, 1.0, 6.377363403865269, -0.010801579611641623, 0.32184928894042975, 0.0, 0.0, -1.3629559681558059, -0.07671675802955395, 0.031187360078105027, 0.45773651538926935, -1.0586293271628766, 0.1709112537894841, -0.0452713238526329, -0.9728412459351338, -0.012581530736887506, -0.3960283936038332, 0.24999394275429448, -1.0064177346832497, 0.0371384747387002, 0.782220337140626, -0.9428474960751737
20.909795998962046, 1.0, 0.0, 0.0, 1.0, 6.374898311070034, -0.02431747266224413, 0.3219662325722831, 0.0, 0.0, -1.3874171184909316, -0.0828997032555029, 0.02455491155136874, 0.43730567888337185, -1.0578812807213576, 0.16273598450298973, -0.024537516090792882, -0.9734895757224857, -0.012910779117357139, -0.3876266929235867, 0.27888379458866674, -1.0032054809258246, 0.027667656961468463, 0.7557387290465496, -0.9428420398362772
20.937344374820547, 1.0, 0.0, 0.0, 1.0, 6.372113734654017, -0.037807260922022835, 0.3220927524566651, 0.0, 0.0, -1.4131994256088434, -0.0892149309485651, 0.018171733066283464, 0.41547893621020693, -1.0574739765786174, 0.1534292551606169, -0.0014955876113715235, -0.9734895757224857, -0.013449354790882695, -0.37706615031685364, 0.3113251781239524, -1.0030373134389756, 0.015749195256707507, 0.7290903820217969, -0.9428420398362772
20.96498476520008, 1.0, 0.0, 0.0, 1.0, 6.369001650129046, -0.05127250228609318, 0.32222385678972515, 0.0, 0.0, -1.4403373041187781, -0.0949725409691912, 0.01220067640160788, 0.39267550635905873, -1.0574739765786174, 0.14397759667229598, 0.022866007037201257, -0.9734895757224857, -0.013401608933274611, -0.36422888501550826, 0.34642175140010245, -1.0030373134389756, 0.0042038261214964205, 0.7015768601516202, -0.9428420398362771
20.992724045918568, 1.0, 0.0, 0.0, 1.0, 6.365551891326904, -0.06470626899174242, 0.32235192026410786, 0.0, 0.0, -1.4688536732959592, -0.09973332770429208, 0.007056711542549584, 0.36902242545224634, -1.0574739755720488, 0.13372118265218297, 0.04895186473499429, -0.9734895757224857, -0.013412453836766525, -0.3496998396799658, 0.3826943425505634, -1.0030373134389756, -0.006139290790636126, 0.6730098506104571, -0.9428420398362772
21.020569027504276, 1.0, 0.0, 0.0, 1.0, 6.36176930291312, -0.07810506650379687, 0.3224656690870013, 0.0, 0.0, -1.4986514735936667, -0.10365567567854823, 0.002521379657663477, 0.345002382468844, -1.0574739744063355, 0.12382928137565172, 0.07528974787365025, -0.9734895757224857, -0.013476213328079212, -0.33379667525747275, 0.41947823890985114, -1.0030373134389756, -0.015294412912444174, 0.6434914421376654, -0.9428420398362771
21.048510541182587, 1.0, 0.0, 0.0, 1.0, 6.357659538814, -0.09145766496658285, 0.3225515733446394, 0.0, 0.0, -1.5295576423386574, -0.10676510720286159, -0.001576463211688903, 0.3207220772739553, -1.0574739744063355, 0.11368829286305462, 0.10243037456298275, -0.9734895757224857, -0.013513832911909263, -0.3169419431351042, 0.45632477228120677, -1.0030373134389756, -0.023573417587690246, 0.6132749386842501, -0.9428420398362772
21.076524063621758, 1.0, 0.0, 0.0, 1.0, 6.353229735238211, -0.10474548646381884, 0.3226054927280972, 0.0, 0.0, -1.561362961104544, -0.10870140003571714, -0.0054087777641823, 0.2961548980733508, -1.0574739744051926, 0.10394970752856746, 0.13010268751060847, -0.9738450525637999, -0.013584858534484046, -0.29963276101037856, 0.49265528738544867, -1.0030373134389756, -0.03122886825126766, 0.5827649468697427, -0.9428420398362771
21.104585830204638, 1.0, 0.0, 0.0, 1.0, 6.348491483415876, -0.117952100549425, 0.3226239177158901, 0.0, 0.0, -1.5938439039996406, -0.11064952145191939, -0.009196118134160176, 0.27171592451732324, -1.0574739744051926, 0.09358152568269709, 0.15761797730269178, -0.9739747862086618, -0.013602811841314361, -0.28197261181739064, 0.5287341539723124, -1.0030373134389756, -0.038230936324632134, 0.5535107168213835, -0.9428420398362772
21.13267591762297, 1.0, 0.0, 0.0, 1.0, 6.3434475844247, -0.13106020246233221, 0.32260122162955157, 0.0, 0.0, -1.6267717051807273, -0.1127331429456212, -0.013944228647770524, 0.24764387256988232, -1.0574931741658504, 0.08338991906107544, 0.1853161493679741, -0.9744353875242179, -0.01369198328845399, -0.2647042106735676, 0.5631505784315791, -1.0030373134389756, -0.044833946038273835, 0.5249701985127182, -0.9428420398362771
21.160750416679207, 1.0, 0.0, 0.0, 1.0, 6.338110675811768, -0.14404333693640534, 0.322533803667341, 0.0, 0.0, -1.659870294897842, -0.11350318741978485, -0.018704861757081352, 0.2240943039617625, -1.0584153485643863, 0.07473231846054759, 0.21462622011002744, -0.97713505618717, -0.013695988287090675, -0.2480608409718534, 0.5965019856662911, -1.0030373134389756, -0.051427798395757264, 0.49691360076140667, -0.9428420398362772
21.18881273569347, 1.0, 0.0, 0.0, 1.0, 6.332502482278007, -0.15690496989658861, 0.32240961483546676, 0.0, 0.0, -1.6926968786387395, -0.1140122801180508, -0.023653404522745714, 0.20182395454492852, -1.0609137439899379, 0.0666332181091452, 0.24447535090641678, -0.9812732558930228, -0.013394412564580767, -0.23256467739514042, 0.6281363090256614, -1.0030373134389756, -0.058405637667561884, 0.4695448733673634, -0.9428671360182801
21.216850594363954, 1.0, 0.0, 0.0, 1.0, 6.326647832053049, -0.16964284454073186, 0.3222322518484933, 0.0, 0.0, -1.724822038779551, -0.11609616107506382, -0.030151950918304794, 0.1819377692395468, -1.0651014232736513, 0.05892839305286117, 0.2744323069336077, -0.9873001136219244, -0.012929358077760257, -0.21837218542364734, 0.6592591798347064, -1.0072181211544584, -0.06599581089135467, 0.4432813868696071, -0.9437474329563642
21.24484551169504, 1.0, 0.0, 0.0, 1.0, 6.32057506288801, -0.18225436006273504, 0.3220166138240269, 0.0, 0.0, -1.755870989466601, -0.12083898459082641, -0.03876886545291045, 0.16524884340521298, -1.0707680006289744, 0.051401419342541874, 0.30410257963545734, -0.9955813297762752, -0.011988367523723602, -0.2059256983215682, 0.689515673266686, -1.0159839898324756, -0.07465329988152083, 0.417480142431068, -0.943796711955965
21.27279332112597, 1.0, 1.0, 1.0, 1.0, 6.3143146623883935, -0.19474745409829236, 0.3217769064222064, 0.0, 0.0, -1.7855711084527228, -0.12750598223356832, -0.0482134388923043, 0.1510439734167571, -1.076420709444217, 0.043415498728320144, 0.3328772554176262, -1.0059366002806323, -0.011570968563129475, -0.19585384442791345, 0.7176232518676973, -1.030160793863693, -0.08402380222489382, 0.3929252534058656, -0.944380825401299
21.30068600644855, 1.0, 1.0, 1.0, 1.0, 6.307886273520334, -0.20712389503206488, 0.32152860232761926, 0.0, 0.0, -1.813782784944609, -0.1356073281275187, -0.05770822999923009, 0.13888333295951938, -1.080919296076588, 0.035416267904030276, 0.36024261526308987, -1.0185358380604295, -0.011032160491386613, -0.1873484583452885, 0.7420605770335624, -1.0462274543539551, -0.09422065259252947, 0.36929695774974025, -0.9443895166025883
21.328513247734765, 1.0, 1.0, 1.0, 1.0, 6.301315732683454, -0.21938834905624352, 0.32130261284964423, 0.0, 0.0, -1.8403904755610567, -0.14481013971859508, -0.0668423009741999, 0.12855930068716773, -1.0835669096940632, 0.027072706405074316, 0.385761509817633, -1.0334097177898383, -0.010694094305679563, -0.1807353067610598, 0.761699580211766, -1.0633291666610063, -0.1037391315642118, 0.3469382591293842, -0.9443966623059132
21.356246375064, 1.0, 1.0, 1.0, 1.0, 6.2946254239763535, -0.23153418609074147, 0.3211191177368164, 0.0, 0.0, -1.865371681486837, -0.15444057770937397, -0.07514339869920858, 0.11975595780655572, -1.0838626992359006, 0.01877511887692661, 0.40862468319644646, -1.0492349379327972, -0.010779892717904038, -0.17637789322440642, 0.7756034423625323, -1.0807511768646616, -0.11224480349126013, 0.32658841321637494, -0.9443966623059132
21.383864890687295, 1.0, 1.0, 1.0, 1.0, 6.287841652461461, -0.24356232166290243, 0.32099504062107637, 0.0, 0.0, -1.8886972219734708, -0.16408362133756965, -0.08241678580996256, 0.11247668496576997, -1.08159698620805, 0.010884880923276625, 0.42769084392554074, -1.06450013324011, -0.010962946299821546, -0.17447264209402516, 0.7833148386073093, -1.0966191072360094, -0.11928649272597937, 0.30952790448868245, -0.9443966623059132
21.411364737392304, 1.0, 1.0, 1.0, 1.0, 6.280987025669643, -0.2554818218094958, 0.3209370544978551, 0.0, 0.0, -1.906070169022313, -0.17562240607439067, -0.08520428105797907, 0.10546520086580721, -1.0746477708562583, 0.002550787970732497, 0.4409764388809601, -1.0774530824513076, -0.010792136740492952, -0.17858853069875777, 0.7838604256755064, -1.1079841706145288, -0.1250487320249913, 0.29877996667851064, -0.9443966623059132
21.438724729910785, 1.0, 1.0, 1.0, 1.0, 6.274074568067278, -0.26728691509791747, 0.3209460026877268, 0.0, 0.0, -1.9232058216367125, -0.18556889953183134, -0.08762031715777316, 0.10129379572724433, -1.066529547476486, -0.00412288670016663, 0.4495804879853528, -1.0886178348942794, -0.011311524781821286, -0.18468224352016574, 0.778080930912832, -1.117578386003086, -0.12903572066300042, 0.2911197808688995, -0.9418634754424723
21.465957712368372, 1.0, 1.0, 1.0, 1.0, 6.2671192877633235, -0.2789930207388738, 0.3210176971980504, 0.0, 0.0, -1.940129454844273, -0.19309081565825403, -0.08903938864319116, 0.09989323443034479, -1.0574846928789552, -0.00867616633182469, 0.4532747355608405, -1.0971480101769144, -0.011812542978380374, -0.19252960975776076, 0.7663348404169472, -1.1230133399781008, -0.1304796393220155, 0.2872964890321299, -0.9363452845169565
21.493078579915814, 1.0, 1.0, 1.0, 1.0, 6.2601200839451385, -0.29060751642499616, 0.3211362648010255, 0.0, 0.0, -1.9568541839188003, -0.19784218455990452, -0.08923077975620997, 0.10126822271590973, -1.048038332369453, -0.011031244924069778, 0.45178972972302056, -1.102383639504566, -0.012356145004149213, -0.20223601502054162, 0.7487784566064326, -1.1235875492401581, -0.12847949298227798, 0.28799368052705343, -0.9303982623667182
21.52010369630164, 1.0, 1.0, 1.0, 1.0, 6.253079370771135, -0.3021408414840695, 0.32127595084054134, 0.0, 0.0, -1.9733818962178744, -0.19961089736894896, -0.08799927946567856, 0.10546796946443138, -1.0387332056648397, -0.01124322442972884, 0.44519677114029355, -1.1038570826091998, -0.012608078717784977, -0.2135518684483326, 0.7259550027723881, -1.1178179262120251, -0.12285463471990991, 0.2945375639823148, -0.9261342594893333
21.5470402207215, 0.0, 1.0, 1.0, 0.0, 6.245995635986327, -0.31359574386051686, 0.32141228675842287, 0.0, 0.0, -1.9897376189921712, -0.1983672711037793, -0.08519841748714041, 0.11282696983128539, -1.0305021536849608, -0.009386317165459528, 0.4335326246522205, -1.1007954132191362, -0.013290717847409983, -0.22680266649452538, 0.699720639009902, -1.1102365645612962, -0.11502679621752634, 0.3068571193065856, -0.9261159881058872
21.573899489070065, 0.0, 1.0, 1.0, 0.0, 6.238866702488491, -0.3249770171301702, 0.32152499743870333, 0.0, 0.0, -2.00597860321997, -0.19267468209273647, -0.07968101886178704, 0.12197476994202841, -1.0221400756984322, -0.00518189569243374, 0.4189304695614166, -1.0965542593865687, -0.01371626398519864, -0.2415141319166043, 0.6721647931417681, -1.1028939136756029, -0.10563551561296028, 0.3231038819409631, -0.9261159881058872
21.600690716338583, 0.0, 1.0, 1.0, 0.0, 6.231690771920341, -0.33628844874245745, 0.32160189764840263, 0.0, 0.0, -2.0168231921112514, -0.18703684603068388, -0.0716904009543907, 0.13438078793717692, -1.0154874059120689, -7.031648685458128e-05, 0.4004869428885832, -1.0923881171692993, -0.014424527836683935, -0.26056208058480823, 0.6436484653438397, -1.098062791632003, -0.10009087967219574, 0.34524743762781196, -0.9231314883610136
21.627421259492536, 0.0, 1.0, 1.0, 0.0, 6.224462094988142, -0.34753018856048545, 0.32164002963474825, 0.0, 0.0, -2.026409819959206, -0.1799225532763686, -0.06361380301012094, 0.1506855562818014, -1.0122350671657014, 0.006449128801538744, 0.3811122844556291, -1.0897545665850843, -0.015500770606466837, -0.28095902339658624, 0.6149156071451062, -1.095715379329061, -0.09457343317697561, 0.3714629250653601, -0.921554622469636
21.65410032534364, 0.0, 1.0, 1.0, 0.0, 6.217170715332032, -0.35870063713618655, 0.32164104734148297, 0.0, 0.0, -2.034799347788513, -0.17218493849133473, -0.05652035076410633, 0.1712373731376816, -1.0129932731631828, 0.014528656062581682, 0.3609006333116324, -1.0888035082415255, -0.01590244672008165, -0.30174250464277996, 0.5867074471118393, -1.093351705646769, -0.08870873305274807, 0.401507054863452, -0.921554622469636
21.680733006473087, 0.0, 1.0, 1.0, 0.0, 6.209807194301061, -0.36979583808353933, 0.32160932949611126, 0.0, 0.0, -2.042085907759492, -0.16371839134064234, -0.049253423017223956, 0.19299615808495332, -1.012993273163183, 0.023045774292646724, 0.3400048280139361, -1.0881551784541734, -0.016313230676902987, -0.32298668876957526, 0.5592383058661446, -1.0929184169543542, -0.08304525882487897, 0.4324470917261408, -0.921554622469636
21.707315704037, 0.0, 1.0, 1.0, 0.0, 6.202363932473319, -0.3808075502940583, 0.3215507793426514, 0.0, 0.0, -2.048406086084171, -0.15492156683643765, -0.04237420206971398, 0.21636439647060654, -1.0129932731631828, 0.032434393592298896, 0.318746754260175, -1.0881551784541734, -0.016263914403441847, -0.345185978012896, 0.5321701567837661, -1.0929184169543544, -0.07429015460721021, 0.4634780128025834, -0.921554622469636
21.733833331312905, 0.0, 1.0, 1.0, 0.0, 6.194836799076626, -0.3917226042066298, 0.3214722061157227, 0.0, 0.0, -2.0538531535779176, -0.14636999283021515, -0.036081371643287403, 0.2410172174860283, -1.012993273163183, 0.041452682315699665, 0.2970870295093549, -1.0881551784541734, -0.016235483948325163, -0.36766879068455627, 0.5045730903857238, -1.0929184169543542, -0.06530912844894014, 0.4956315770469312, -0.921554622469636
21.760274248961924, 0.0, 1.0, 1.0, 0.0, 6.18722725731986, -0.40253349712916753, 0.3213808713640486, 0.0, 0.0, -2.0584935282817267, -0.137713121841712, -0.030159008581205682, 0.2662494348527341, -1.0129932731631828, 0.05040971984880941, 0.2753411760085816, -1.0881551784541734, -0.016217342999538538, -0.3905503996183049, 0.47671520383986093, -1.0929184169543544, -0.05697648982808764, 0.5283949329179608, -0.921554622469636
21.786641786119464, 0.0, 1.0, 1.0, 0.0, 6.179519669669015, -0.4132295172555102, 0.3212868962969099, 0.0, 0.0, -2.062454250089258, -0.12938760576314473, -0.024983593980752724, 0.29218067493358457, -1.0139078465182036, 0.05947842305987579, 0.2530955804337978, -1.0881551784541734, -0.01623527133806868, -0.4137307454277911, 0.44861099013522804, -1.0929184169543542, -0.049493384159170206, 0.561590170252494, -0.921554622469636
21.812927759145115, 0.0, 1.0, 1.0, 0.0, 6.1716910743713385, -0.4237865618297028, 0.32119976861136307, 0.0, 0.0, -2.0660164218518866, -0.11982780652720003, -0.018973662086810967, 0.31718324295930245, -1.0148462840105021, 0.06861753425302679, 0.23115921822934582, -1.0881551784541736, -0.016248254791980086, -0.4364126892295583, 0.42031034689868685, -1.0929184169543544, -0.04274440831469208, 0.5943593103768335, -0.921554622469636
21.839113264159792, 0.0, 1.0, 1.0, 0.0, 6.163729174477714, -0.43418022905077214, 0.3211208656855992, 0.0, 0.0, -2.0695092178532417, -0.10977694149702812, -0.012480549579692956, 0.34161390994135676, -1.0167103039726912, 0.0782024169708766, 0.208898034409317, -1.0877997016128593, -0.016187025816183274, -0.4587754258187742, 0.3919977957299317, -1.0929184169543542, -0.03637184444673851, 0.6275163772324438, -0.921554622469636
21.865160310675776, 0.0, 1.0, 1.0, 0.0, 6.155634414127896, -0.44438253334590333, 0.32104675837925506, 0.0, 0.0, -2.073341482082625, -0.09721771648963422, -0.0046582644745747975, 0.36439405616174386, -1.0191881079484497, 0.08918610493741506, 0.18734746945796346, -1.0876699679679975, -0.016214729932343654, -0.48012195095900884, 0.3633968982290085, -1.0929184169543544, -0.030427429211570507, 0.6602523844239842, -0.921554622469636
21.891013150996955, 0.0, 1.0, 1.0, 0.0, 6.147420855930874, -0.4543640061787193, 0.32097444806780134, 0.0, 0.0, -2.0778563266314563, -0.08439855221655804, 0.002925067375115279, 0.3871193836195726, -1.0239025411466982, 0.10033076078229826, 0.1658397087317272, -1.0872093666524414, -0.016164211648097514, -0.4998447387712976, 0.3357969519297693, -1.0929184169543542, -0.025261351793800152, 0.6918227475143823, -0.921554622469636
21.91663885028601, 0.0, 1.0, 1.0, 0.0, 6.139101445334299, -0.46410856996263744, 0.3209047372000558, 0.0, 0.0, -2.0833544743004304, -0.07248364665839577, 0.009713019759249318, 0.409273217200404, -1.029676264465708, 0.1106942534864819, 0.14285120181971458, -1.0845096979894893, -0.016210048703833784, -0.5177570606936466, 0.30852632966703714, -1.0929184169543542, -0.02079325356362708, 0.7221176374108614, -0.921554622469636
21.941990196090916, 0.0, 1.0, 1.0, 0.0, 6.130684749058315, -0.4735865395409717, 0.3208426802498954, 0.0, 0.0, -2.0901456172020683, -0.06135789977182421, 0.015328326027926371, 0.43068046274504984, -1.0362247854839381, 0.12096035893659299, 0.1196900902599453, -1.0815077370296116, -0.01631909595376403, -0.533538904609753, 0.282555455325443, -1.0929184169543542, -0.01678731220403744, 0.7524159698636829, -0.921529526287633
21.967036248557452, 0.0, 1.0, 1.0, 0.0, 6.122171669006348, -0.48277096407754044, 0.32080234663827084, 0.0, 0.0, -2.0986199487646644, -0.049987469754079535, 0.020556516716098962, 0.4502501642978515, -1.0428340786798804, 0.13126033239793422, 0.09704427436321905, -1.0787377273019076, -0.01619899590610777, -0.5470958880337694, 0.2574736413367436, -1.0902411281621052, -0.013843486640016658, 0.7797127143786874, -0.9206492293495491
21.991775654229386, 0.0, 1.0, 1.0, 0.0, 6.113554079873221, -0.49164489814213314, 0.3207858099256243, 0.0, 0.0, -2.1089603261624617, -0.038472364950647826, 0.02530577286909103, 0.4678087303739482, -1.0498662158063432, 0.14123303944268664, 0.07490011070552283, -1.0753190959802954, -0.016356468728284924, -0.5582603959457578, 0.2334738040767576, -1.0844284440312884, -0.01236873330663452, 0.8048426295186595, -0.9229161645404417
22.01622575227215, 0.0, 1.0, 1.0, 0.0, 6.104824186052595, -0.5002029807226995, 0.32078963960920065, 0.0, 0.0, -2.1211706353783986, -0.026762770530047143, 0.02978894369980242, 0.4830413050922514, -1.0575227652087367, 0.151383488286658, 0.053889224472175715, -1.0710845686127877, -0.016428447506021925, -0.5668131985812859, 0.2112324252015795, -1.0746572402921193, -0.011861774442886478, 0.8285842922824365, -0.9308013196599028
22.040403279147522, 0.0, 1.0, 1.0, 0.0, 6.095988483428955, -0.5084533480235505, 0.3208072090148927, 0.0, 0.0, -2.1351478883774466, -0.014960330225932005, 0.03423356009703525, 0.4957212298042267, -1.0658706835219953, 0.16163515427668304, 0.0341671245710138, -1.065540273324949, -0.016473352597496525, -0.5735368266380773, 0.1919761559682759, -1.062008144886504, -0.012543276373433939, 0.8495045649184509, -0.9421707050877987
22.064333497855493, 0.0, 1.0, 1.0, 0.0, 6.087045367104667, -0.5164022166388372, 0.3208236476353237, 0.0, 0.0, -2.150693686228958, -0.0031877006784667575, 0.03900118610138905, 0.505580929841938, -1.074811744969304, 0.17182681325885035, 0.016008120258840436, -1.0583797993586004, -0.01601507579220257, -0.5783543098188619, 0.17672576958251837, -1.0466108520126425, -0.014751809717779762, 0.8669155184270396, -0.9542228886357221
22.08804528618569, 0.0, 1.0, 1.0, 0.0, 6.077997728075301, -0.5240639693396428, 0.3208342402321952, 0.0, 0.0, -2.1676556830327143, 0.008104625919310516, 0.04397806672308728, 0.5125027465529538, -1.083828895443473, 0.1814975018714513, -0.00017391715736933544, -1.0495448890978052, -0.015504620166480266, -0.5813346388497899, 0.16646984939193626, -1.0309428129510594, -0.018829515160257427, 0.880171359483955, -0.9658642249867943
22.111551162879863, 1.0, 1.0, 1.0, 1.0, 6.068850321088519, -0.5314434344427923, 0.320841121673584, 0.0, 0.0, -2.1859218666957525, 0.018273092462155423, 0.04882708350159805, 0.5165927113911656, -1.092656797918605, 0.1900289605706196, -0.013764733639367843, -1.0395405512723837, -0.015180044960395033, -0.5823994062088766, 0.16158026035395298, -1.0164814362624992, -0.025195621741355763, 0.8880317954809812, -0.9744682212017747
22.134833763408263, 1.0, 1.0, 1.0, 1.0, 6.059618740081788, -0.5385355275017871, 0.3208528886522566, 0.0, 0.0, -2.2053765697276284, 0.026613624042843124, 0.05320637099914531, 0.5179849017933508, -1.1009382877669462, 0.19672080561146085, -0.024296820261333073, -1.0289616336820375, -0.015224128646700431, -0.5815080490478852, 0.16221962242514132, -1.0045430995028855, -0.03421748427674621, 0.889560549165239, -0.9773470266206814
22.157876290156022, 1.0, 1.0, 1.0, 1.0, 6.050324987683978, -0.5453447621209278, 0.3208762441362653, 0.0, 0.0, -2.225946983536745, 0.032464131902682485, 0.05690703588014346, 0.5166906181851897, -1.1081253086938712, 0.20100198217030396, -0.031115367434069, -1.018770963717321, -0.01507741347108557, -0.5781798549796343, 0.16860571308191932, -0.995104836442974, -0.04571426122290066, 0.8874020342329808, -0.9773470266206815
22.180649506124634, 1.0, 0.0, 0.0, 1.0, 6.040981488909041, -0.5518527473722182, 0.3209075096675328, 0.0, 0.0, -2.247521770466212, 0.035276866140822996, 0.05973283776602848, 0.512750385816311, -1.1140500428224709, 0.20258842869441046, -0.03405575078984501, -1.0096980820896648, -0.015096218937782905, -0.5726976654367766, 0.18038100390118744, -0.9896999202094585, -0.05872354825215353, 0.8830649536816708, -0.9773470266206814
22.203122377501096, 1.0, 0.0, 0.0, 1.0, 6.031606442587717, -0.5580467762265883, 0.320941915512085, 0.0, 0.0, -2.2700417407703033, 0.03495886154102125, 0.061709785461227594, 0.5064004573632023, -1.118663591711172, 0.20160874362376874, -0.03282725153930403, -1.00252533231444, -0.014624854809549902, -0.5648748322729393, 0.19735241324431632, -0.9876482233179658, -0.07433467404474937, 0.8773462133784378, -0.9773470266206815
22.225270227705685, 1.0, 0.0, 0.0, 1.0, 6.02220952987671, -0.5639059441430224, 0.32097398757934575, 0.0, 0.0, -2.2934549885005957, 0.03167424742141705, 0.06284288842229244, 0.49788352862501656, -1.1218830507167008, 0.19842198047401932, -0.027280095681558363, -0.9981450688572491, -0.014367223667255012, -0.5551910382412448, 0.21917692381683856, -0.9917128201516243, -0.09028445571133022, 0.870493301043127, -0.9773470266206814
22.247072255621564, 1.0, 0.0, 0.0, 1.0, 6.012801213945663, -0.5694119133268081, 0.3209990283421108, 0.0, 0.0, -2.3177467223571653, 0.025591326814135368, 0.06327741093965035, 0.4875954426606873, -1.1240145713695873, 0.1932943305359736, -0.017357050162008468, -0.9975686623164881, -0.013784139738619491, -0.5433872581364708, 0.24416942915194517, -0.9980900556610451, -0.10616640392842872, 0.8625517613482296, -0.9773470266206814
22.268510626787148, 1.0, 0.0, 0.0, 1.0, 6.003391759055001, -0.5745464141028265, 0.32101573671613426, 0.0, 0.0, -2.3428896712854153, 0.0153767175612394, 0.06188254649352467, 0.4776437846166462, -1.1271361751960052, 0.18604405073677824, -0.0049105951800871555, -0.9979423231701176, -0.013313343232830331, -0.5298884314992739, 0.2703216783055695, -1.0042630433561528, -0.12199781058684642, 0.8533440888888985, -0.9773470266206814
22.28956832997498, 1.0, 0.0, 0.0, 1.0, 5.993992489406041, -0.5792909315654207, 0.32102512087140767, 0.0, 0.0, -2.3688790444542156, 0.005360518815535602, 0.061432860472388884, 0.4647885271180486, -1.1271361858599476, 0.17809759326979188, 0.010175934551339832, -0.9979463222421749, -0.012865431606357251, -0.5148659447209174, 0.29692894219868876, -1.0100467407801383, -0.1381079502756824, 0.843206071272763, -0.9773470266206814
22.31069285205049, 1.0, 0.0, 0.0, 1.0, 5.984620622907366, -0.5836279548917495, 0.3210239396776472, 0.0, 0.0, -2.3957071874901152, -0.006402264559085636, 0.06070012494668807, 0.4514749297255728, -1.1271361826699886, 0.1688569108092089, 0.026098256882743334, -0.9979463222421749, -0.012341035706097592, -0.4980382160398203, 0.3238525157530377, -1.015589921997813, -0.15439414246085656, 0.8321275569045047, -0.9773470266206815
22.332461432451883, 1.0, 0.0, 0.0, 1.0, 5.97530014038086, -0.5875480181830267, 0.3210100718906948, 0.0, 0.0, -2.4233532845998815, -0.018081781902743187, 0.06023841198146484, 0.43691162725707633, -1.1262912850386784, 0.1586980681467555, 0.043376888710035214, -0.9979463222421749, -0.011910578971703048, -0.4802368653681967, 0.34999935505236535, -1.0209490315278273, -0.16999127459719135, 0.8195636762708212, -0.9773470266206814
22.354874211317192, 1.0, 0.0, 0.0, 1.0, 5.966059499468122, -0.5910525860105239, 0.3209830583844866, 0.0, 0.0, -2.4518175137588245, -0.030314884223154093, 0.05888925240227032, 0.4226675676555128, -1.1262912850386784, 0.14835941196502409, 0.06096812820925146, -0.9979463222421749, -0.011226569517190907, -0.46162222683939297, 0.3753902345927068, -1.0253815377531998, -0.18617619786819356, 0.8060878008820482, -0.9773470266206815
22.37790308930521, 1.0, 0.0, 0.0, 1.0, 5.95692588533674, -0.5941508081981111, 0.320948600769043, 0.0, 0.0, -2.4810641888036096, -0.0415832648473699, 0.05771655755856387, 0.4079534127490316, -1.1262912850386784, 0.13801194559235977, 0.07912122277118519, -0.9979463222421749, -0.010767978749634555, -0.4421818154347529, 0.40008211071975064, -1.03001044192563, -0.20203260162928544, 0.7916147674529945, -0.9773470266206814
22.40147100369584, 1.0, 0.0, 0.0, 1.0, 5.947925404139927, -0.5968489081518987, 0.3209156227111817, 0.0, 0.0, -2.5109954400797068, -0.05194829602432192, 0.056666563197105044, 0.3926303136724433, -1.1262912850386784, 0.1284745005380007, 0.09740903033680022, -0.9979463222421749, -0.01019681097542945, -0.4224277035262256, 0.4243136139602884, -1.03404811312974, -0.21758938162979388, 0.7759391706185633, -0.9773470266206815
22.42550746449884, 1.0, 0.0, 0.0, 1.0, 5.939087142944337, -0.5991595997129165, 0.3208934334346227, 0.0, 0.0, -2.5415217452995185, -0.0624325306813956, 0.055145313494129995, 0.3769528006676349, -1.1262912850386784, 0.11908732718713776, 0.11525353503717735, -0.9979463222421748, -0.009728206927892896, -0.4022516410658073, 0.44782549378117226, -1.0380125884713114, -0.2330691211099297, 0.7591390874368101, -0.9773470266206814
22.44989508947228, 1.0, 0.0, 0.0, 1.0, 5.930428319658552, -0.6010878556115283, 0.32088625090462825, 0.0, 0.0, -2.5724940290157923, -0.07214865328776662, 0.05396789176292383, 0.3601994750455767, -1.1253767116836577, 0.10998805070453145, 0.133221700009565, -0.9979463222421749, -0.00916965185668199, -0.3817405463679914, 0.4706915295755721, -1.0415959183710128, -0.24826145377170494, 0.7414781572307961, -0.9773470266206815
22.474459727864254, 1.0, 0.0, 0.0, 1.0, 5.9219654709952225, -0.6026477003097531, 0.32089764050074987, 0.0, 0.0, -2.6036911197735955, -0.08272543807934815, 0.05171980257713869, 0.34379691763543635, -1.1244382741913592, 0.10122299455553074, 0.15041327756311612, -0.9979463222421749, -0.008589340287386364, -0.361653122890179, 0.49301068236276385, -1.045112801470992, -0.26372077721139836, 0.7234869683455603, -0.9773470266206814
22.498945790522903, 1.0, 0.0, 0.0, 1.0, 5.913701479775566, -0.6038703938892906, 0.3209296934945243, 0.0, 0.0, -2.6347884193500795, -0.09372142378069155, 0.0490517486987345, 0.3273125387339624, -1.1225742542291701, 0.09218352164545339, 0.16726059808194194, -0.9982258957064559, -0.007945583336005408, -0.3418248614673532, 0.5146877086545518, -1.0485440563651254, -0.2788153032988933, 0.7046144722542135, -0.9773470266206815
22.523018848783764, 1.0, 0.0, 0.0, 1.0, 5.90562177658081, -0.6047858463014872, 0.3209821401323591, 0.0, 0.0, -2.665361203341372, -0.10589960967588315, 0.0454891058655667, 0.31156505497935577, -1.1204508161262379, 0.08297584305072413, 0.18382376266092454, -0.9992874461924623, -0.00737378111906812, -0.3230098328559307, 0.5357823595054048, -1.0526872421470244, -0.2942401173725662, 0.6850700923197058, -0.9773470266206814
22.54640955809252, 1.0, 0.0, 0.0, 1.0, 5.897690388815745, -0.6054259443283078, 0.3210616820199149, 0.0, 0.0, -2.695067404163492, -0.11798334629843119, 0.042610525972187764, 0.29529021572470937, -1.1164822039526896, 0.07409009760388609, 0.20020456208782875, -1.0012948449609205, -0.006848312977539536, -0.30557620472844743, 0.5566636414843321, -1.058655951624906, -0.3086022471084591, 0.6652572887524312, -0.9773470266206815
22.568865082128063, 1.0, 0.0, 0.0, 1.0, 5.889887014116559, -0.6058120461872643, 0.3211766283852714, 0.0, 0.0, -2.7235859196886296, -0.13050274006201038, 0.040153045355415584, 0.27907841819819185, -1.1110469974057313, 0.06497951321886723, 0.21637851181153991, -1.0041435243925465, -0.006487139072388298, -0.2907666741151465, 0.578926029954734, -1.0707640904095326, -0.32308570011238963, 0.6459053954399293, -0.9773470266206814
22.590237024061825, 1.0, 0.0, 0.0, 1.0, 5.882191712515696, -0.6059813424519127, 0.32133404050554554, 0.0, 0.0, -2.7507282859445064, -0.14279271069244368, 0.038822729846921644, 0.2627397945515298, -1.1037610090172527, 0.05581973374670878, 0.23203353117134543, -1.0065518899156063, -0.006397652178754765, -0.27855403329569656, 0.6004474990579508, -1.0856306098142317, -0.33696806903780524, 0.6253431951575683, -0.9773470266206815
22.610466117467507, 1.0, 0.0, 0.0, 1.0, 5.874596143450057, -0.605970876557486, 0.32152190889631005, 0.0, 0.0, -2.7764192345697234, -0.1555049501117854, 0.037837802110379945, 0.2473824439529219, -1.0953283859664575, 0.04626133408626727, 0.2465527131726215, -1.0076682570675346, -0.006361302115913021, -0.26916498423510443, 0.6198783141667101, -1.1007429821007806, -0.34962507249136454, 0.6065283975531688, -0.9773470266206814
22.62961879175299, 1.0, 0.0, 0.0, 1.0, 5.867091249738421, -0.6058110652651104, 0.3217313262394497, 0.0, 0.0, -2.8007431309122857, -0.1683040057910786, 0.03725834455561995, 0.23327189684718638, -1.0855659317486794, 0.03652923442287049, 0.260055727787627, -1.008380825492716, -0.006521606972700474, -0.2627153670507438, 0.636911335103492, -1.1164979990775656, -0.36011576139113605, 0.5883821905312051, -0.975030812430188
22.647792105547914, 1.0, 1.0, 1.0, 1.0, 5.859668590000697, -0.6055160474777219, 0.3219549301692418, 0.0, 0.0, -2.82382323943184, -0.18158927237162428, 0.03653205702053406, 0.22113737777189235, -1.0748520379338402, 0.02633430760709703, 0.27217870984862574, -1.009014686434308, -0.006816836717205624, -0.259224811032651, 0.6511771406261933, -1.1326743693483696, -0.36929180771919706, 0.5705344875652384, -0.966561543865393
22.665048874149523, 1.0, 1.0, 1.0, 1.0, 5.8523214748927535, -0.6050933599472044, 0.322184886932373, 0.0, 0.0, -2.8457393355558844, -0.19411505413292823, 0.036206929518376896, 0.21054163771327156, -1.0625299461030433, 0.01676830065386999, 0.28358076900224877, -1.0109370236389694, -0.007581999748672861, -0.2584281488370512, 0.6621131799351464, -1.1496796146705368, -0.37681103942300576, 0.5544714020345535, -0.9551834672362077
22.681537739461948, 1.0, 1.0, 1.0, 1.0, 5.845049277714321, -0.6045435476303097, 0.32241013118198947, 0.0, 0.0, -2.8666801945026634, -0.20626344642061648, 0.035551191345541404, 0.2022454629039298, -1.049426069092234, 0.0075824914221042, 0.29356005099439664, -1.0140432666270751, -0.008412798067562255, -0.2591678745517415, 0.669246687676606, -1.166176367366452, -0.38227088498706907, 0.5411221966899288, -0.9431241379849594
22.69735048898787, 1.0, 1.0, 1.0, 1.0, 5.83785479409354, -0.6038633680343625, 0.3226187610626221, 0.0, 0.0, -2.8867623864005836, -0.21769278338857204, 0.0346030278097528, 0.19652355005805705, -1.036346675897222, -0.0008832363617689503, 0.30173212556951373, -1.0185599391662588, -0.008862671178819965, -0.26113071368994223, 0.6721621539572382, -1.180125596438596, -0.38523966613665106, 0.5315152730859918, -0.9314828016338872
22.71251936818754, 1.0, 1.0, 1.0, 1.0, 5.830741955893381, -0.6030594614573885, 0.32280291693551205, 0.0, 0.0, -2.906026862984166, -0.22786626384710734, 0.033652597013267116, 0.19333374677527673, -1.023692575473215, -0.008133699117501057, 0.3076224552256414, -1.0244707047570334, -0.009104233002655839, -0.26440432699999245, 0.6704004740003123, -1.1910957344764534, -0.38533342409760357, 0.526781317590768, -0.9228788054189069
22.727036521712183, 1.0, 1.0, 1.0, 1.0, 5.823705934797014, -0.6021425499234878, 0.32296005112784254, 0.0, 0.0, -2.924463647960465, -0.23634466373946586, 0.032923400981430144, 0.19257423910813437, -1.0118079678595793, -0.013736785363640494, 0.31067500812181, -1.0311787341230667, -0.009334183677073433, -0.2689817206595536, 0.6640987345141421, -1.199024958658547, -0.3825807559592312, 0.5276286391317825, -0.92
22.7411186750066, 1.0, 1.0, 1.0, 1.0, 5.8167383493695946, -0.6011279003960743, 0.32308816092354914, 0.0, 0.0, -2.9420498290787847, -0.2426363939171181, 0.03251110336362314, 0.19424623819378478, -1.001144144666271, -0.017298961614822705, 0.3105137227248939, -1.0378055720034356, -0.0094201281550224, -0.2746663788256657, 0.6537364636062959, -1.2034391679445693, -0.3773101181843201, 0.5314793400058132, -0.92
22.75511512985626, 0.0, 1.0, 1.0, 0.0, 5.80982716696603, -0.6000275618689398, 0.32319174630301345, 0.0, 0.0, -2.958864536257805, -0.2462381938506517, 0.03259046011424476, 0.198280458797289, -0.9917660550350307, -0.01857514804932269, 0.3071552773911271, -1.0433341491472352, -0.009626356400821752, -0.2814433817719106, 0.6397200028433786, -1.2048826774384318, -0.37015015172099897, 0.5361549521937216, -0.92
22.769046446902077, 0.0, 1.0, 1.0, 0.0, 5.802962008884975, -0.5988485779081069, 0.3232791914258685, 0.0, 0.0, -2.974942592974022, -0.2469675921106538, 0.033180169903991245, 0.2043835677833335, -0.983652263564581, -0.017620319587648575, 0.30070061315182656, -1.0469358124807988, -0.010182661507679717, -0.28918763797315067, 0.6228379927720676, -1.2045344982482569, -0.36086066169251624, 0.5423094528707518, -0.92
22.782927797749704, 0.0, 1.0, 1.0, 0.0, 5.796132866995675, -0.5976093053817746, 0.32336015428815573, 0.0, 0.0, -2.9903226076830522, -0.24554802980585147, 0.0338089051979583, 0.21283804325790062, -0.9774669563461484, -0.014916356266771255, 0.29049778748583294, -1.0471157956265482, -0.010404223730293751, -0.29746273036391324, 0.60383617031668, -1.201315942749973, -0.35128242462951914, 0.5487416699294441, -0.92
22.796770375487927, 0.0, 1.0, 1.0, 0.0, 5.789332463400704, -0.596321380478995, 0.32344143731253494, 0.0, 0.0, -3.0050196506045146, -0.24164756941850013, 0.034693704426576544, 0.22297373409878266, -0.9725983053636214, -0.010270780741574012, 0.2777345402207895, -1.0453524636407006, -0.01047236782468573, -0.306081882654932, 0.5832428079673049, -1.1957174499583834, -0.34126178051712225, 0.5564396161262726, -0.92
22.810588528803247, 0.0, 1.0, 1.0, 0.0, 5.782552332196917, -0.594992786816188, 0.3235283660888672, 0.0, 0.0, -3.0190356911105067, -0.2362897447618796, 0.03514743473993609, 0.23488171525410947, -0.9694767015372034, -0.003993093620693773, 0.2639672598618784, -1.044978802787071, -0.010977552090538616, -0.31524611771412436, 0.5614556556562152, -1.1895444622632751, -0.33146108090295184, 0.5643062707205848, -0.92
22.82440813630621, 0.0, 1.0, 1.0, 0.0, 5.775779173714774, -0.5936254126685004, 0.3236234664916993, 0.0, 0.0, -3.032321424493859, -0.23124510521112182, 0.03435019143641203, 0.24950620361224798, -0.969476690873261, 0.0029813886550854084, 0.2487222285790116, -1.0449748037150137, -0.011481355560593959, -0.32476982434762236, 0.539810668807945, -1.1837607648392898, -0.32136163384673394, 0.5725732203271593, -0.92
22.838258207278784, 0.0, 1.0, 1.0, 0.0, 5.768996964863369, -0.5922262130464825, 0.323730207170759, 0.0, 0.0, -3.0447620451062316, -0.22471016958694645, 0.03351711695618378, 0.2644495732892496, -0.969476690873261, 0.011607648366340342, 0.23324305933033682, -1.0449748037150137, -0.012010971610960375, -0.3352815666533025, 0.5185053840570298, -1.178217583621615, -0.3111360595931605, 0.5814390140965466, -0.92
22.852170945402843, 0.0, 1.0, 1.0, 0.0, 5.762190373284476, -0.5907904618127002, 0.32385112898690366, 0.0, 0.0, -3.0563055903254015, -0.21783860942523336, 0.032705175860519485, 0.27980287893896433, -0.9694766908812422, 0.020859330445389603, 0.21754195750927016, -1.0449748037150137, -0.012529214970065889, -0.3467858559837252, 0.4975699668871814, -1.172858474091601, -0.3019525370147901, 0.5913567608561252, -0.92
22.866185312785586, 0.0, 1.0, 1.0, 0.0, 5.755343363625663, -0.5893008034569874, 0.3239911924089705, 0.0, 0.0, -3.06688568849981, -0.21168584794546907, 0.03167975004257258, 0.2955593129738158, -0.9694766908812423, 0.029984611106572516, 0.20152844449068916, -1.0449748037150137, -0.013255302747620708, -0.3592528207793077, 0.47701701174167743, -1.1684259678662283, -0.29227694416149097, 0.6019507341050211, -0.92
22.88034149307099, 0.0, 1.0, 1.0, 0.0, 5.748440908704485, -0.5877338075637814, 0.32415149688720707, 0.0, 0.0, -3.076474285804515, -0.20693561099390703, 0.030125416094021494, 0.3115852876880592, -0.9694766908812422, 0.038544288629853665, 0.18510325049397042, -1.0449748037150137, -0.013796084631599703, -0.3726002575606074, 0.45672087034276027, -1.1637970636937982, -0.2830379490037975, 0.613217943809743, -0.92
22.894679281910953, 0.0, 1.0, 1.0, 0.0, 5.741468015398299, -0.586068933350699, 0.324328990663801, 0.0, 0.0, -3.0850958679443727, -0.2036055167897811, 0.02810167001677182, 0.32794509322920706, -0.9694766908812423, 0.04648263844343044, 0.16831590735064197, -1.0449748037150137, -0.014405785447052217, -0.3867397221907069, 0.4368508496050949, -1.159759392489688, -0.27421882133391157, 0.6254945550477812, -0.92
22.909247207738908, 0.0, 1.0, 1.0, 0.0, 5.734406713758196, -0.5842817190715242, 0.32452218055725096, 0.0, 0.0, -3.0929271887112364, -0.2007757896560963, 0.025994133009934698, 0.3444854251724549, -0.9694766908812422, 0.05432826183172079, 0.15145103129105902, -1.0449748037150137, -0.014905834213831754, -0.4014042628271894, 0.4173244623508438, -1.1557949171481166, -0.26560952895718, 0.6384454039036086, -0.92
22.92407341700231, 0.0, 1.0, 1.0, 0.0, 5.727248687744141, -0.5823538228443688, 0.32473589624677396, 0.0, 0.0, -3.1001774684627414, -0.19805327873761322, 0.024166246877321943, 0.36108983038575637, -0.9694766908812422, 0.06173814898998035, 0.13465835085031166, -1.0449748037150137, -0.015460965247267538, -0.41634320279066817, 0.3981907751884048, -1.152211587248415, -0.2572478128634932, 0.6518326791235343, -0.92
22.93918762885872, 0.0, 1.0, 1.0, 0.0, 5.719984854289464, -0.5802689790725706, 0.3249764129093715, 0.0, 0.0, -3.1069945007286246, -0.19510654439680256, 0.022852084305290336, 0.3776410145692485, -0.9694766908812422, 0.06895512314563003, 0.11799377805377101, -1.0449748037150137, -0.016032822679869843, -0.43124810096809707, 0.3794853447322569, -1.148694704148436, -0.24858062925263397, 0.6657524839043018, -0.92
22.95460795934823, 0.0, 1.0, 1.0, 0.0, 5.712614995411465, -0.5780036251885547, 0.32525362014770515, 0.0, 0.0, -3.1136353076952274, -0.1918625372457965, 0.022001134531858684, 0.3941232330842387, -0.9694766908812422, 0.07596927411370127, 0.10143360369712365, -1.0446952302507329, -0.016707636381663733, -0.4457623592399628, 0.3613145827695862, -1.1452634492543028, -0.24048225972348278, 0.679712613482905, -0.92
22.970315882898657, 0.0, 1.0, 1.0, 0.0, 5.705156442097255, -0.5755429955891198, 0.32558077812194824, 0.0, 0.0, -3.120388807591016, -0.1884023737484221, 0.021425672369761294, 0.41037555192317016, -0.969122325008416, 0.08269517757854236, 0.08477757960872923, -1.0436336797647263, -0.017271497635916, -0.4595978542229328, 0.3436792806206238, -1.1411202634724036, -0.23217166029230746, 0.6938586524390004, -0.92
22.986264309006575, 0.0, 1.0, 1.0, 0.0, 5.697643121991839, -0.5728712742669239, 0.3259586511339461, 0.0, 0.0, -3.127532767602553, -0.18471576027429906, 0.020984631806609255, 0.4262982719451525, -0.9683573042230581, 0.08915219660924556, 0.06797767658169503, -1.0416262809962682, -0.017797529041648788, -0.4724544490690072, 0.32622273528878987, -1.1351515539945223, -0.22459174156952866, 0.7079895419564348, -0.92
23.002429866811195, 0.0, 1.0, 1.0, 0.0, 5.690093998227802, -0.5699830143792285, 0.32638444764273505, 0.0, 0.0, -3.13528951579705, -0.17855358068484323, 0.022774248969918365, 0.44070915296778596, -0.9670966130524705, 0.09604610794794498, 0.05136176378284143, -1.038777601564642, -0.018021404899494796, -0.48320881752288314, 0.3075725677332287, -1.1230434152098956, -0.2172373403105916, 0.7211401236937226, -0.92
23.01878144601097, 0.0, 1.0, 1.0, 0.0, 5.682534775052752, -0.5668682622909543, 0.32684748785836354, 0.0, 0.0, -3.143753152662733, -0.17271788324238976, 0.023963030307320193, 0.45465299375283375, -0.9653356849971677, 0.10281638833131786, 0.03449838422026741, -1.0352329972956074, -0.018046986234238088, -0.49203115243015355, 0.2896211031611902, -1.1081768958051967, -0.21109821361698117, 0.7334582876681647, -0.92
23.035286972331804, 0.0, 1.0, 1.0, 0.0, 5.674991310664586, -0.5635209880556376, 0.3273324230739049, 0.0, 0.0, -3.1528724559029406, -0.1662801531578235, 0.025565616006147273, 0.4674522932990338, -0.9630459717386802, 0.10987950933072309, 0.01749262406892387, -1.0308597821424814, -0.01825546112679097, -0.49896202326244204, 0.2728984709108114, -1.091567712216326, -0.2052076101502951, 0.7461652945936618, -0.92
23.051928597387285, 0.0, 1.0, 1.0, 0.0, 5.667484332493374, -0.5599319492067607, 0.32783400399344315, 0.0, 0.0, -3.162666148090445, -0.15863234968118922, 0.028132745112345377, 0.4788931053484134, -0.9608355262869469, 0.11703773702930546, 0.0005918394994610277, -1.0252846288845614, -0.018430366918852435, -0.5036551756051192, 0.2579428029836413, -1.0732726197250808, -0.20066357694404607, 0.7578741532132767, -0.92
23.06867759106142, 0.0, 1.0, 1.0, 0.0, 5.6600357409885955, -0.5561043282917565, 0.32833362170628144, 0.0, 0.0, -3.1731719323819414, -0.14962020963809727, 0.03162763340601897, 0.4888990177453154, -0.9590037661039504, 0.12474776987001827, -0.01570874033000512, -1.0185300248061198, -0.018333912103588004, -0.5058963118750747, 0.24523448355336994, -1.0532050239325474, -0.1973962020771341, 0.768047429233439, -0.9202718029448188
23.08551771485775, 0.0, 1.0, 1.0, 0.0, 5.652662714549473, -0.5520378896168298, 0.32881820678710943, 0.0, 0.0, -3.184458206036212, -0.14065013287271552, 0.03494889052439519, 0.498412106258548, -0.9589686221108911, 0.13210101027539325, -0.031874208494574854, -1.0095527451095, -0.017764469686511592, -0.5058837412540876, 0.23550698551865223, -1.0318096063699957, -0.19550034161858673, 0.7779511512956664, -0.923770267543925
23.102427651513906, 0.0, 1.0, 1.0, 0.0, 5.645382653645107, -0.5477382149015151, 0.329284771510533, 0.0, 0.0, -3.1965560013178584, -0.13144309721338973, 0.03828571873062769, 0.5069997400978256, -0.9604596624674505, 0.1392268565327181, -0.047072733407695876, -0.9987330963583343, -0.01710412198786665, -0.5045784453275423, 0.22927203151204872, -1.0105976419951546, -0.19554301977706223, 0.7854522933028896, -0.9266536891702852
23.119403309352684, 1.0, 1.0, 1.0, 1.0, 5.638201368876866, -0.543213572502136, 0.32973526818411697, 0.0, 0.0, -3.2094738439049784, -0.12193962284125706, 0.04172935569653689, 0.5140973697219134, -0.9631157710334046, 0.14617033986880082, -0.06088169364038271, -0.9861419985124914, -0.016501652784970268, -0.5020505081999195, 0.22702423871079985, -0.9910204112306362, -0.1977817905830681, 0.789158751128239, -0.9267919605395634
23.136450727254044, 1.0, 1.0, 1.0, 1.0, 5.631124274390085, -0.5384629569734843, 0.33016837528773724, 0.0, 0.0, -3.223263631698202, -0.11207053732998613, 0.045344146774308224, 0.5190833572849088, -0.9665465584261849, 0.15271624358332744, -0.07240568311467994, -0.972135286085892, -0.016563327300963375, -0.49829985893336, 0.22957105269714195, -0.9760318337230024, -0.20232263264220607, 0.7896132552631864, -0.9267919605395633
23.153571436109843, 1.0, 1.0, 1.0, 1.0, 5.624161917822702, -0.533482469149998, 0.3305776187351772, 0.0, 0.0, -3.2380157478973643, -0.10270999220404244, 0.04837203589952375, 0.5222767729115692, -0.9709701269555353, 0.15836655296922214, -0.08095238446045161, -0.9576253776541936, -0.016234750060294453, -0.4930369660664528, 0.23654837790188069, -0.9632167418709939, -0.20843666521299112, 0.788021882726322, -0.9267919605395634
23.170769439319393, 1.0, 1.0, 1.0, 1.0, 5.617322688783919, -0.5282701975958685, 0.3309628473009383, 0.0, 0.0, -3.2538198448853994, -0.0943605897017925, 0.05040116197995465, 0.5237156223189798, -0.9763477133426962, 0.1627910377041263, -0.08593801970373596, -0.9438426366278941, -0.016059392099169817, -0.48646331889084576, 0.2476555996055354, -0.954280917585231, -0.21662015178877708, 0.7839170840936095, -0.9267919605395633
23.188046478767554, 1.0, 0.0, 0.0, 1.0, 5.610616660799299, -0.5228247213363645, 0.3313322244371687, 0.0, 0.0, -3.2707044958906346, -0.0875796213178689, 0.051135072191469365, 0.5233677707532789, -0.9824973217571945, 0.16581876976684132, -0.08716503953619706, -0.9321812752274496, -0.01542995943981322, -0.47841813562363555, 0.26240384824779844, -0.9475796710749892, -0.2269891812932102, 0.7783899773116085, -0.9267919605395634
23.2054024715082, 1.0, 0.0, 0.0, 1.0, 5.604058302470617, -0.5171418033327372, 0.3316770785195487, 0.0, 0.0, -3.2886856736718486, -0.08260664525606667, 0.05063896651761213, 0.5209333944020462, -0.9888539114411682, 0.16746904328021386, -0.08448689588782468, -0.9237104079853174, -0.01512512095722825, -0.46922947065837367, 0.28030725012911367, -0.9447018063147433, -0.23720834660840756, 0.7715083774538102, -0.9267919605395633
23.222845191227773, 1.0, 0.0, 0.0, 1.0, 5.597666202272689, -0.5112085771560666, 0.331995074408395, 0.0, 0.0, -3.307759585109938, -0.07956155604083003, 0.04904722145764621, 0.5159449316290224, -0.9946536220689834, 0.16765895798497896, -0.07733694779425482, -0.92, -0.014697950680610802, -0.4590250210127321, 0.30030380150757535, -0.9434109535271853, -0.24606233515556525, 0.7632742114003653, -0.9267919605395634
23.24038944210835, 1.0, 0.0, 0.0, 1.0, 5.591454545429776, -0.505014587811061, 0.33228025300162184, 0.0, 0.0, -3.3278858991865725, -0.0784246850972543, 0.04661046040227196, 0.5080796526222507, -0.99948765692661, 0.16641546622526363, -0.06645463350342327, -0.92, -0.014731321741804776, -0.44818014842770854, 0.32214828843771226, -0.9453994120918449, -0.2560757215123746, 0.7539698309087969, -0.9267919605395633
23.258051381251494, 1.0, 0.0, 0.0, 1.0, 5.5854406057085315, -0.49854786123548206, 0.3325293336595809, 0.0, 0.0, -3.349041244947679, -0.07915564331325022, 0.04373342151387999, 0.49723116870328493, -1.002732538492123, 0.16346049748467187, -0.0539688019903189, -0.92, -0.014337633879071129, -0.43553463640087664, 0.34521820373850076, -0.9480455424524595, -0.2655337476097197, 0.7442305629005365, -0.9267919605395634
23.2758374441148, 1.0, 0.0, 0.0, 1.0, 5.579647174562727, -0.4918008497783113, 0.3327453599657332, 0.0, 0.0, -3.3712453419004276, -0.08037085320379002, 0.041552656600562524, 0.4823675360977172, -1.0027325384921228, 0.1594739721165434, -0.03994507795581798, -0.92, -0.013943111296109185, -0.4214056742855603, 0.3680714489029414, -0.9499684765804677, -0.27462653068780757, 0.7333244659261118, -0.9267919605395633
23.294213619155837, 1.0, 0.0, 0.0, 1.0, 5.574099016189576, -0.4847630943570815, 0.3329341820308141, 0.0, 0.0, -3.3945830842025457, -0.0844485307989565, 0.039098445391405494, 0.46575006514764017, -1.0027991239779666, 0.153254243226318, -0.025749690433149664, -0.92, -0.013575795285712372, -0.40579604769863503, 0.39044036994748416, -0.9508730217092026, -0.283657424256213, 0.721601154064058, -0.9267919605395634
23.313542426398694, 1.0, 0.0, 0.0, 1.0, 5.56880946295602, -0.4774273034504479, 0.33310357911246175, 0.0, 0.0, -3.4191306694009738, -0.08937137218315291, 0.03721863292300953, 0.4469511839422755, -1.0027991239699854, 0.14609406859447316, -0.01132276750406444, -0.92, -0.01342849280233598, -0.3886848091463603, 0.4122589279037247, -0.9508730217092027, -0.29200340881557446, 0.7085956934968664, -0.9267919605395633
23.33388760517729, 1.0, 0.0, 0.0, 1.0, 5.563782611574446, -0.469790229116167, 0.3332599953242711, 0.0, 0.0, -3.444969046449787, -0.09539945836768189, 0.03572605897938957, 0.42640786294452954, -1.0027991239699854, 0.13801574799345065, 0.003003131592039137, -0.92, -0.013436798918506462, -0.37020384937280404, 0.434185755582058, -0.9508730217092027, -0.2994079721962098, 0.6947072704042078, -0.9267919605395634
23.355247378966418, 1.0, 0.0, 0.0, 1.0, 5.5590131391797755, -0.4618617309842788, 0.33340534755161827, 0.0, 0.0, -3.472095959161979, -0.1011694281149097, 0.03485596116513894, 0.40407537893606094, -1.0027991239699854, 0.12979073862472296, 0.017603829992332416, -0.92, -0.013437225299250233, -0.3504854426662751, 0.45638891538877596, -0.9508730217092027, -0.30583169630221485, 0.6798354752241718, -0.9267919605395633
23.37759547911333, 1.0, 0.0, 0.0, 1.0, 5.554491916384015, -0.45365876810891254, 0.33353919982910163, 0.0, 0.0, -3.5004780463485594, -0.1062783079279889, 0.03445087453390975, 0.38028794575065233, -1.0027991239699854, 0.12162144815956354, 0.03251427265176914, -0.92, -0.013432269195434051, -0.32975512181152045, 0.478854617601881, -0.9508730217092027, -0.3112841787730631, 0.6639580779916413, -0.9267919605395633
23.400803640975084, 1.0, 0.0, 0.0, 1.0, 5.550206211635045, -0.44520145211900947, 0.33365929331098293, 0.0, 0.0, -3.529952411912985, -0.11057028147734929, 0.034336989164748304, 0.3553551477028162, -1.0027991239699854, 0.11356326251646069, 0.04788188694792049, -0.92, -0.013426307758048473, -0.30835020039062316, 0.5016060815446847, -0.9508730217092027, -0.31586503002917177, 0.6476157099716513, -0.9267919605395633
23.424798272865946, 1.0, 0.0, 0.0, 1.0, 5.546139166695732, -0.43651087011609724, 0.3337618037632534, 0.0, 0.0, -3.5604255944143794, -0.11442669583786161, 0.03378760439229931, 0.33006428621240697, -1.0027991239699854, 0.10595922881099509, 0.06361688365421947, -0.92, -0.013416034554606842, -0.28655071878755856, 0.5245929100925992, -0.9508730217092027, -0.3196596141729358, 0.6308108700221827, -0.9267919605395633
23.449522307487594, 1.0, 0.0, 0.0, 1.0, 5.542279318400792, -0.4276084865842544, 0.3338400091443744, 0.0, 0.0, -3.5918251183838725, -0.11799388235472863, 0.03279788444927305, 0.3048045994045548, -1.0027991239699854, 0.09872560765167572, 0.07976690102565041, -0.92, -0.013404393475156661, -0.26471540532232835, 0.5475915078522582, -0.9508730217092027, -0.32268647012359536, 0.6136446007066302, -0.9267919605395634
23.474876749694783, 1.0, 0.0, 0.0, 1.0, 5.538612895693098, -0.4185124199731006, 0.3338799299512591, 0.0, 0.0, -3.6240252599870018, -0.12148020887768565, 0.03155071663147313, 0.27990217064093315, -1.0027991239699854, 0.09180755912177095, 0.09615719565806877, -0.92, -0.013395112677450595, -0.2433600582205104, 0.5701204649681993, -0.9508730217092027, -0.32492493670573935, 0.5963230559038069, -0.9267919605395633
23.50074244572194, 1.0, 0.0, 0.0, 1.0, 5.535109474999564, -0.40924254485538997, 0.33386650221688413, 0.0, 0.0, -3.6568746939414902, -0.12502680663777205, 0.030155267331689, 0.2555413643178584, -1.0027991239699854, 0.08514268412094787, 0.11266875709551363, -0.92, -0.01338836401025142, -0.22276184346460134, 0.5918666363878782, -0.9508730217092027, -0.3263550209282698, 0.5791613835987812, -0.9267919605395634
23.527066109216648, 1.0, 0.0, 0.0, 1.0, 5.531728813988822, -0.3998197984695432, 0.3337915802001953, 0.0, 0.0, -3.690305746579768, -0.12867488110271394, 0.02849507957290296, 0.23177131077514807, -1.0027991239699854, 0.0787020830319819, 0.1292780199486989, -0.92, -0.012921985396634085, -0.20332192338964392, 0.612628392180007, -0.9510031377091297, -0.3267176491639209, 0.5628718081019379, -0.9267919605395633
23.553747879091834, 1.0, 0.0, 0.0, 1.0, 5.52842998777117, -0.390267729759216, 0.3336454800197057, 0.0, 0.0, -3.724191594321254, -0.13452586253503487, 0.024227619209657485, 0.2096169898000071, -1.0027991239699854, 0.07194318381810332, 0.14558190029801313, -0.92, -0.012669062947256754, -0.18592480265329175, 0.634522385723112, -0.9595821348243113, -0.3256250538285036, 0.5473991236276563, -0.9267919605395634
23.580474683942874, 1.0, 0.0, 0.0, 1.0, 5.525179688589914, -0.3806085988453453, 0.3334269973209927, 0.0, 0.0, -3.758134636482076, -0.1410856584088976, 0.01970205296171759, 0.1882390067549903, -1.0027991239699854, 0.0644737541745232, 0.16121380457049808, -0.9200000000011826, -0.012385806682257595, -0.17026584838169917, 0.655678932732388, -0.9746748762147474, -0.32294098756304407, 0.533141703850466, -0.9267919605395633
23.60700310403152, 1.0, 1.0, 1.0, 1.0, 5.521943374361311, -0.37086166177477126, 0.3331502492087228, 0.0, 0.0, -3.791825729994656, -0.14755152802242816, 0.01478571377774692, 0.16769058233921436, -1.0027244877996122, 0.05734841388992828, 0.17762165698518337, -0.9224371467800088, -0.012651805431868746, -0.1535070151338481, 0.6740183553569503, -0.9934833160073904, -0.319994955104315, 0.5180274969883555, -0.9267919605395634
23.633070795406393, 1.0, 1.0, 1.0, 1.0, 5.518709519250052, -0.3610466759545459, 0.33282687595912386, 0.0, 0.0, -3.824931698040744, -0.15554144498457836, 0.008497803026324044, 0.14851425149054814, -1.0019531483735713, 0.04991528605906794, 0.19373359965834713, -0.9265018740395534, -0.01279453262335231, -0.13567191962450814, 0.6878694278224866, -1.0123134660813529, -0.3159977247970028, 0.5047263127430022, -0.9267919605395633
23.65854743933001, 1.0, 1.0, 1.0, 1.0, 5.5154844025203165, -0.351172818456377, 0.3324833597455706, 0.0, 0.0, -3.8572870358237386, -0.164305238358577, 0.0014765706320985655, 0.13077976238953495, -1.001050030825318, 0.04243291186719499, 0.209881282008845, -0.9327536086578886, -0.013090080951875149, -0.11672329413181058, 0.696410552791126, -1.0297185650612648, -0.3104434085583576, 0.4932723208669764, -0.9265201575947446
23.68331096671653, 1.0, 1.0, 1.0, 1.0, 5.5122551958901544, -0.34125245162418877, 0.3321460178920201, 0.0, 0.0, -3.8887367156046166, -0.17320025030388514, -0.005695207264188152, 0.11412930532942712, -0.9992050768553667, 0.03510976449548335, 0.2261233542733446, -0.9414422273571235, -0.013555311787535367, -0.09687685621448293, 0.6992923299864221, -1.0441416449395062, -0.3035300907669805, 0.482671731384497, -0.9230216929956383
23.70723075370563, 1.0, 1.0, 1.0, 1.0, 5.508999060222082, -0.33128384249550924, 0.331838047845023, 0.0, 0.0, -3.9191148450807742, -0.18218322201143256, -0.012857873036950702, 0.09866374599842095, -0.9962043923124402, 0.02806070408166153, 0.2420951758100729, -0.9526361389322554, -0.014205460037996274, -0.0764963512650334, 0.6964297084135759, -1.0544048339841603, -0.29476496047530587, 0.47537924945963844, -0.9201382713692782
23.730203932359338, 1.0, 1.0, 1.0, 1.0, 5.505696149553572, -0.3212642499378746, 0.33157238415309365, 0.0, 0.0, -3.948290781970982, -0.19171190593357526, -0.02026865883876838, 0.08508994275357358, -0.9924518186214486, 0.020921425206785256, 0.25713876917441475, -0.9663305457376697, -0.014938554559013896, -0.05588484407815566, 0.6880156565983594, -1.0590772456807755, -0.2841166912388433, 0.4721146299024958, -0.92
23.752160062510256, 1.0, 1.0, 1.0, 1.0, 5.502322195598057, -0.31119031156812366, 0.331355128969465, 0.0, 0.0, -3.9761750672626506, -0.20179374711037287, -0.027956595443049757, 0.0740433050699351, -0.9882896771239881, 0.01394884668905145, 0.27051391586766715, -0.9822523305570431, -0.01516308436792359, -0.03534164164641607, 0.6749819345322188, -1.0563392253987962, -0.2718055340589252, 0.47206722162098397, -0.92
23.773566848703005, 1.0, 1.0, 1.0, 1.0, 5.498859513146536, -0.3010625055858064, 0.3311932918003628, 0.0, 0.0, -4.002758989308371, -0.21147259761889228, -0.035210893040585486, 0.06526658406317105, -0.983533254635472, 0.007706586107886007, 0.2816668924759901, -0.9994879497633471, -0.01583133798507056, -0.01565031929390014, 0.6605338855995103, -1.0530366111306426, -0.2584599264883853, 0.47384240113786913, -0.92
23.79513469052774, 1.0, 1.0, 1.0, 1.0, 5.49529520715986, -0.2908846535001479, 0.3310805974687849, 0.0, 0.0, -4.028105081388911, -0.22031227018019658, -0.04183656542047214, 0.058890410943600625, -0.9784182508001408, 0.0025458139165846915, 0.2899990302378921, -1.0172420812800738, -0.016444708771495193, 0.003095747511834075, 0.6459544442459357, -1.0495142739506576, -0.24344942127003355, 0.4783953472504206, -0.92
23.816863557204307, 1.0, 1.0, 1.0, 1.0, 5.4916131169455396, -0.2806631994247433, 0.3309981237139021, 0.0, 0.0, -4.052297074130449, -0.22749296400882635, -0.04753221955422809, 0.055001146939219495, -0.9732270241047699, -0.0010092080460957279, 0.2950263865151839, -1.0345410270751312, -0.01730395849338288, 0.020971225358943087, 0.6314786548752478, -1.0467559815522982, -0.22698050975457035, 0.484978887265272, -0.92
23.838752385268293, 1.0, 1.0, 1.0, 1.0, 5.48779377256121, -0.27040684495653394, 0.33094794818333223, 0.0, 0.0, -4.075407176602708, -0.23261283792723988, -0.052363244782898936, 0.0539666363210957, -0.968626475079066, -0.0027791980718941964, 0.29625143630293926, -1.0504065464292969, -0.01792110014542439, 0.03813257887609146, 0.6173536606383502, -1.0434470544226302, -0.21040832659080047, 0.4921791486791008, -0.92
23.86079489909747, 1.0, 1.0, 1.0, 1.0, 5.4838189452035095, -0.26012730939047646, 0.3309294387272427, 0.0, 0.0, -4.097509969775119, -0.23483961084767227, -0.05598433514949534, 0.055788607006096336, -0.9648824472728185, -0.002422222992100331, 0.2936488535046444, -1.0640216753481322, -0.018649979170647635, 0.05452633145327189, 0.604321903674525, -1.041272687325667, -0.19562007699318448, 0.5006691194488565, -0.92
23.882981211320327, 0.0, 1.0, 1.0, 0.0, 5.479671241215297, -0.24983873980385884, 0.3309499999455043, 0.0, 0.0, -4.118621322179095, -0.23367965017465409, -0.05828306690808617, 0.06047487359609216, -0.9620468280343436, -6.225389416825553e-05, 0.2871096741002765, -1.074151470764226, -0.019104905313250074, 0.07048940862004563, 0.5918446226838668, -1.0385054860431766, -0.18017754073187944, 0.5094278983152708, -0.92
23.905297061525122, 0.0, 1.0, 1.0, 0.0, 5.475337313243322, -0.23955689362117188, 0.3310153702327184, 0.0, 0.0, -4.138714387921833, -0.22875299421227235, -0.059278933333858815, 0.0676227163599304, -0.9601031291513598, 0.004097417944944326, 0.2767972830135044, -1.0796815434898244, -0.019540808558357166, 0.08477058391459302, 0.580013221041381, -1.035859355682562, -0.1655022523169127, 0.5188464783602207, -0.92
23.927728280893987, 0.0, 1.0, 1.0, 0.0, 5.470808469227383, -0.22929631505693673, 0.331123970576695, 0.0, 0.0, -4.157776378789708, -0.22116524499817838, -0.059826910868704175, 0.07777909529846451, -0.9601031291879938, 0.009184966415534523, 0.2623565246746732, -1.0796815434898241, -0.01986143292152048, 0.09755642882514394, 0.5693341971265992, -1.033936421554554, -0.15141901883924547, 0.5287077980063147, -0.92
23.95025376095422, 0.0, 1.0, 1.0, 0.0, 5.466078538894654, -0.21907491241182564, 0.33127599852425715, 0.0, 0.0, -4.1756811671855045, -0.20970509627878123, -0.059696599104718015, 0.08959810728569668, -0.9600365437021502, 0.01628280877619958, 0.24721737484830345, -1.0796815434898244, -0.019821120748773107, 0.1085477641307544, 0.5597622264039678, -1.0330318764258188, -0.13738378319648037, 0.5390093821009304, -0.9208308177980573
23.972851198762065, 0.0, 1.0, 1.0, 0.0, 5.461148978642056, -0.20890827655792202, 0.3314786148071289, 0.0, 0.0, -4.192298788434022, -0.19716723878593184, -0.06019952559490614, 0.10375495844603479, -0.96003654370215, 0.02466093538945108, 0.23047645105415127, -1.0796815434898241, -0.019455674039433095, 0.11779916082520361, 0.5516839635464778, -1.0330318764258188, -0.12369438204401607, 0.5502163976511427, -0.9235073200152011
23.99549774401373, 0.0, 1.0, 1.0, 0.0, 5.456028919219972, -0.19880869763238054, 0.3317278603145054, 0.0, 0.0, -4.2074920804178015, -0.18418162597244794, -0.06177294716204866, 0.12007142680896739, -0.9600365437021502, 0.03422580789494363, 0.2125110179361085, -1.0796815434898244, -0.019083587114957164, 0.12539925501871876, 0.544003149593418, -1.0330318764258188, -0.11022421794669564, 0.5621854820404498, -0.9292184590740875
24.01819032300292, 0.0, 1.0, 1.0, 0.0, 5.450740376881191, -0.18877029112407104, 0.3320118073054723, 0.0, 0.0, -4.221208084583204, -0.16995035796142038, -0.06296269358646958, 0.13778677761789188, -0.9600365437021502, 0.04455061883680144, 0.19360114334202105, -1.0796815434898241, -0.018584236173174517, 0.13143382957558444, 0.5370251047226938, -1.0330318764258188, -0.09661153353297233, 0.5754125416425329, -0.9383723424043672
24.04093167912745, 0.0, 1.0, 1.0, 0.0, 5.445316495895386, -0.17877660138266394, 0.3323240688868932, 0.0, 0.0, -4.23343785402328, -0.15508639805974608, -0.06361332578687255, 0.15665927503375188, -0.9600365437021502, 0.05593566847943383, 0.1733252849933571, -1.0796815434898244, -0.018089209476472638, 0.1360195913721542, 0.530669386969597, -1.0330318764258188, -0.08254176237301585, 0.5896724056544734, -0.9515866101920871
24.063734800421607, 0.0, 1.0, 1.0, 0.0, 5.439791194370814, -0.1688033056259152, 0.33266028267996656, 0.0, 0.0, -4.244207856943757, -0.1402024919660278, -0.06371120067909135, 0.1764281763425725, -0.9600365437021502, 0.06729702845161294, 0.1525284219024919, -1.0796815434898241, -0.017642478447146216, 0.1398050020686227, 0.52433091066841, -1.0330318764258188, -0.06767075986410508, 0.6043177368759124, -0.9688135510176258
24.086615915468077, 0.0, 1.0, 1.0, 0.0, 5.434201560701643, -0.1588212040492463, 0.33301673889160155, 0.0, 0.0, -4.253543340197384, -0.1266648244127687, -0.06377839375827613, 0.1970943347425625, -0.9600365437021502, 0.07753072724517018, 0.13156113991222296, -1.0796815434898244, -0.01721896376515986, 0.14236368206275385, 0.518732655474228, -1.0330318764258188, -0.05168164817477628, 0.6185379604970678, -0.9891436171044029
24.109600606407152, 0.0, 1.0, 1.0, 0.0, 5.428574129513332, -0.14880092348371202, 0.3333950369698661, 0.0, 0.0, -4.261539739264918, -0.1136108997234297, -0.06325459146617345, 0.218069691821588, -0.9600365437021502, 0.08711032897104867, 0.11039579414088614, -1.0796815434898241, -0.016785986629171145, 0.14415063960971933, 0.5141770695548904, -1.0330318764258188, -0.03286617199387997, 0.6319321554574385, -1.0145785273474197
24.13272030797452, 1.0, 1.0, 1.0, 1.0, 5.42292536871774, -0.1387152082579473, 0.33380067825317383, 0.0, 0.0, -4.268300413709935, -0.10121793812443225, -0.06257029834388284, 0.2391462866930155, -0.9600365437021502, 0.09678869528619564, 0.08876896399736696, -1.0796815434898244, -0.01636979331861488, 0.1454639798623058, 0.5106704881026144, -1.0330318764258188, -0.010550617578705498, 0.6454145605825918, -1.0461989748243181
24.15601158725244, 1.0, 1.0, 1.0, 1.0, 5.417267150878907, -0.12853652988161324, 0.33424836294991633, 0.0, 0.0, -4.273930135190777, -0.08945280459587104, -0.061940404895870035, 0.26019286471055414, -0.9600365437021502, 0.1063646629085578, 0.06720656699735303, -1.0796815434898244, -0.015824929233767965, 0.14655644402877083, 0.5089703305385068, -1.0330318764258188, 0.009057748447898892, 0.6565698490344243, -1.0761732197622442
24.17950593131894, 1.0, 1.0, 1.0, 1.0, 5.411614931651525, -0.11823854616710083, 0.3347494806562152, 0.0, 0.0, -4.27853486989057, -0.07793732882986996, -0.060978349598583455, 0.28122086390539053, -0.9600365437021502, 0.11565520964271767, 0.04636952992760805, -1.0796815434898241, -0.015810033921923955, 0.14765689737498197, 0.5087979929222344, -1.0329017604258917, 0.030929718160783767, 0.6628274809133593, -1.103424586094777
24.20322408732071, 1.0, 1.0, 1.0, 1.0, 5.405984458923341, -0.10780132872717686, 0.3353152929033552, 0.0, 0.0, -4.282251890838629, -0.0666803019402977, -0.05960890461322268, 0.30206353213683057, -0.9600365437021502, 0.12452746576192518, 0.024927528131166377, -1.0796815434898244, -0.01572800104655801, 0.14948032535147937, 0.50799764166082, -1.0243227633107101, 0.05486498800523576, 0.663677003252161, -1.1251959268933533
24.227196730639264, 1.0, 1.0, 1.0, 1.0, 5.400378279004778, -0.0972068653787882, 0.33595295906066897, 0.0, 0.0, -4.285473617153484, -0.05424475353522516, -0.05741482344412435, 0.32239498189054316, -0.9600365437021502, 0.13438901061395084, 0.004158639884906955, -1.0796815434886418, -0.015809442159234712, 0.15169434039871815, 0.5084784211645361, -1.0092300219202741, 0.08055402692380295, 0.6590233712728742, -1.1398279564698748
24.2514389631516, 1.0, 1.0, 1.0, 1.0, 5.3947923367364075, -0.08644960233143363, 0.3366616003853934, 0.0, 0.0, -4.288493081986434, -0.04228273653948001, -0.05533657533625056, 0.3424639492063312, -0.9600365437021502, 0.14343597574614872, -0.017156355815686735, -1.0772443967098158, -0.015524936834269896, 0.15130298110683618, 0.5124245400402433, -0.9904148745067191, 0.10797330764117287, 0.6486374884728204, -1.1449407709725448
24.275962500249083, 1.0, 1.0, 1.0, 1.0, 5.3892068004608165, -0.07553389106477974, 0.3374343245370048, 0.0, 0.0, -4.291574266794475, -0.030305824407546315, -0.05347631990263414, 0.3616090832524837, -0.96003654370215, 0.1525198608928484, -0.038177079696200995, -1.0731796694502709, -0.015894437925693426, 0.14812851001595972, 0.5206258780000028, -0.9711716154000163, 0.13716971043057188, 0.6332095232133875, -1.1449407709725448
24.30079135280022, 1.0, 1.0, 1.0, 1.0, 5.3835690341676985, -0.06447344030652692, 0.33826545306614475, 0.0, 0.0, -4.2947912764890726, -0.017557439049864124, -0.05032914198279144, 0.3788532731450413, -0.9597358619438078, 0.16157933725503879, -0.05890825845407938, -1.0669279348319358, -0.016213403419881457, 0.1421651111890177, 0.5343021599786273, -0.9530285227721492, 0.167090569942992, 0.616126488692133, -1.1449407709725448
24.325917786700394, 1.0, 1.0, 1.0, 1.0, 5.377848770277842, -0.05328804799488578, 0.33914564950125564, 0.0, 0.0, -4.298179929989291, -0.001651723055011746, -0.043828388620887886, 0.39196463022599515, -0.9576368151169895, 0.171574561672674, -0.07919249130190835, -1.0582393161327008, -0.016597631851655036, 0.13426946886148458, 0.552731790652323, -0.9376080551483776, 0.1969605728084153, 0.5978386041108507, -1.1449407709725448
24.351291349357485, 1.0, 1.0, 1.0, 1.0, 5.3720356566565375, -0.04201142924172504, 0.3400672830854144, 0.0, 0.0, -4.3017730081922245, 0.011068824775677846, -0.04021324976034181, 0.40553407108815354, -0.9589119001609696, 0.18002102884593726, -0.09925625127539399, -1.047045404557569, -0.017026338566108003, 0.12334563196507632, 0.5773229786664376, -0.9266545332192733, 0.22676636866577282, 0.5789371868758423, -1.1449407709725448
24.376866525998192, 1.0, 1.0, 1.0, 1.0, 5.3661183691024785, -0.030675286906105794, 0.3410143075670515, 0.0, 0.0, -4.305545279562733, 0.024860979672098826, -0.035905933689910276, 0.416021726056877, -0.9606197212069724, 0.18858946063683293, -0.11776581407947762, -1.0333509977521544, -0.017440345192987892, 0.11120134849949732, 0.6075235504966309, -0.9209155915789806, 0.2565610015358823, 0.5590707961726827, -1.1449407709725448
24.402595168713972, 1.0, 1.0, 1.0, 1.0, 5.360092483929226, -0.019309572151728703, 0.3419662707192558, 0.0, 0.0, -4.309463320035776, 0.03902414244610199, -0.03170774184546705, 0.42326367252512537, -0.9629085160325904, 0.19693942940341863, -0.13430324947289812, -1.0174292129327813, -0.017636853357832768, 0.09768900848411095, 0.6415388487672995, -0.92, 0.28656755980592585, 0.5390578997681931, -1.1449407709725448
24.42844404506486, 1.0, 1.0, 1.0, 1.0, 5.353955608776638, -0.007935045106070045, 0.34291371073041643, 0.0, 0.0, -4.313410334611065, 0.051931224335327104, -0.028872659994025548, 0.4277396624459982, -0.9661076189660905, 0.2044935468741707, -0.14856077794340178, -1.0001935937264772, -0.01760376680819353, 0.08236878504615903, 0.6767633208743241, -0.92, 0.31661483159803716, 0.5190001103996458, -1.1449407709725448
24.45440538789441, 1.0, 1.0, 1.0, 1.0, 5.3477087422779634, 0.003443640640804082, 0.34385979924883164, 0.0, 0.0, -4.317181847820198, 0.06411311648433915, -0.026876386818907475, 0.42848547714390733, -0.9689725984059834, 0.211158544772751, -0.15939953750173097, -0.9824394622097506, -0.0176130530086552, 0.06743383218467151, 0.7112194379140576, -0.92, 0.34644831446824426, 0.4990685504717125, -1.1449407709725448
24.480460858862113, 1.0, 1.0, 1.0, 1.0, 5.3413536746161325, 0.014816195624215597, 0.3448044572557722, 0.0, 0.0, -4.32044285492119, 0.07437024856140882, -0.02628423350146315, 0.42581607995825144, -0.9710330077589312, 0.21593109019106474, -0.16647136016925493, -0.965140516414693, -0.017625752387578898, 0.05200385649295338, 0.7457531610630773, -0.92, 0.3757621841862105, 0.4790576161190553, -1.1449407709725448
24.50656987305875, 1.0, 1.0, 1.0, 1.0, 5.334903769493104, 0.026166036128998132, 0.3457484354291644, 0.0, 0.0, -4.322963754925909, 0.08111245942352838, -0.027810975003991545, 0.41997392889379126, -0.972327560081024, 0.21887235327855087, -0.16974002759405274, -0.9492749970605274, -0.01761169388627366, 0.03536714072071493, 0.7797904097666978, -0.92, 0.40362417899321035, 0.45962616515610794, -1.1449407709725448
24.532671277439775, 1.0, 1.0, 1.0, 1.0, 5.328377321107047, 0.03746764217104264, 0.34669040679931645, 0.0, 0.0, -4.3245878579593695, 0.08943863124196973, -0.02876507821619077, 0.40829859434834104, -0.9686586503699647, 0.2218365855250274, -0.16793691229713215, -0.9356598681416922, -0.01773166652415661, 0.019895437125542648, 0.8121113682053277, -0.92, 0.4307156539019202, 0.4402254209640489, -1.1449407709725448
24.55870940136851, 1.0, 1.0, 1.0, 1.0, 5.321791913849968, 0.04869833162852728, 0.34762804031372074, 0.0, 0.0, -4.325242099613887, 0.08990861024771864, -0.03340802714743758, 0.3960394469906645, -0.9660156312362526, 0.22082622221726272, -0.1624770291852434, -0.9255300727255984, -0.017801846344137225, 0.0035851445863314957, 0.8433328129428929, -0.92, 0.45710656889509715, 0.4213509739406713, -1.1449407709725448
24.58463531533096, 1.0, 0.0, 0.0, 1.0, 5.315152713911874, 0.05983203172683749, 0.34856193951198033, 0.0, 0.0, -4.324879454651038, 0.08798361472499507, -0.03942800856354524, 0.3828622201633835, -0.9647144485537237, 0.2187932517435169, -0.15252175869054477, -0.92, -0.0178031477239997, -0.011852803795413749, 0.873705953566139, -0.92, 0.48243010771546857, 0.40293358632855575, -1.1449407709725448
24.610404011260265, 1.0, 0.0, 0.0, 1.0, 5.308458086422512, 0.0708405913625448, 0.34949569974626815, 0.0, 0.0, -4.3234997512378595, 0.08412842505366847, -0.04650336502527618, 0.3691399111551842, -0.9647144485170897, 0.21622599605945797, -0.1380241246696003, -0.92, -0.017921569648862278, -0.025900637259539918, 0.9027225678140213, -0.92, 0.5066151485522628, 0.38517366532281877, -1.1449407709725448
24.63598311334657, 1.0, 0.0, 0.0, 1.0, 5.301708340985435, 0.0817039956365316, 0.3504283618927002, 0.0, 0.0, -4.321253174658655, 0.07976097867694214, -0.05374422180451793, 0.3545714469203771, -0.9647144485170897, 0.21342457114999433, -0.12171066703959131, -0.92, -0.018363937589306895, -0.037538085671248785, 0.9303507341608113, -0.92, 0.5294310319125755, 0.3677401195726075, -1.1441099531744876
24.66134131735322, 1.0, 0.0, 0.0, 1.0, 5.294902152674539, 0.09240144525255509, 0.3513460350036621, 0.0, 0.0, -4.318264981177656, 0.07591976498131355, -0.06052524849227464, 0.3397174696563248, -0.9647144485170897, 0.2103934446489332, -0.10331163685854093, -0.92, -0.018901939176578536, -0.046308213901112824, 0.9560246692196939, -0.92, 0.5507380575147106, 0.3505610963947045, -1.1414334509573438
24.686458064544556, 1.0, 0.0, 0.0, 1.0, 5.288034666946956, 0.10291573967252492, 0.35224609647478383, 0.0, 0.0, -4.314650124765829, 0.07352328049352584, -0.06616482350741312, 0.3246116843941028, -0.9647144485170897, 0.2072984560343316, -0.08312355265933533, -0.92, -0.01931589579410556, -0.051879478103281036, 0.979836063536147, -0.92, 0.5702026923864517, 0.33347379996252285, -1.1357223118984572
24.71132785038363, 1.0, 0.0, 0.0, 1.0, 5.281094128404346, 0.11323346648897477, 0.35313715253557476, 0.0, 0.0, -4.310411823757296, 0.0703681018405989, -0.07230601997933002, 0.31005943913555073, -0.9647144485170894, 0.20392964881766926, -0.06190093582806936, -0.92, -0.019858276927745073, -0.05409092062408105, 1.0008736223471562, -0.92, 0.5873456613846544, 0.31605340125403053, -1.1265684285681776
24.735950329820145, 1.0, 1.0, 1.0, 1.0, 5.274061242852893, 0.12333817550114255, 0.35402169227600094, 0.0, 0.0, -4.305401389334129, 0.06656026175069162, -0.07894025260176098, 0.29566773033427035, -0.9647144485170897, 0.1997305865596291, -0.03938223595372297, -0.92, -0.020398209398166195, -0.05276566422005989, 1.0187730338740264, -0.92, 0.6017801497472958, 0.2984089834976246, -1.1133541607804578
24.76030402003949, 1.0, 1.0, 1.0, 1.0, 5.266921576772418, 0.13320228849138566, 0.3548981761932373, 0.0, 0.0, -4.2994230206774136, 0.062348758572463046, -0.08587618682877325, 0.2813040737369289, -0.9647144485170894, 0.19557819176795244, -0.016683537371328272, -0.92, -0.02089130033041839, -0.04845151156174367, 1.033749509772155, -0.92, 0.6131047686140494, 0.28107745818837876, -1.096127219954919
24.7843551001787, 1.0, 1.0, 1.0, 1.0, 5.25967224597931, 0.14279712132045233, 0.35576314789908275, 0.0, 0.0, -4.292256189262612, 0.058761598572824834, -0.09240122814331085, 0.2663332884592002, -0.9647144485170897, 0.19236777252082343, 0.005468061941065805, -0.92, -0.021362911866298885, -0.04085152742189917, 1.0447395879047598, -0.92, 0.6209899764339113, 0.26472803647912757, -1.0757971538681417
24.808054637608247, 1.0, 1.0, 1.0, 1.0, 5.252319240910667, 0.15208960941859687, 0.35660728454589846, 0.0, 0.0, -4.283654039528588, 0.05496938778387633, -0.09909976006805786, 0.25089028970549176, -0.9647144485170894, 0.1896167741295744, 0.02682189762370451, -0.92, -0.02184184145961448, -0.030545652227783653, 1.0515078578854902, -0.92, 0.6237400740082844, 0.24968779090409593, -1.050362243625125
24.831348023229413, 1.0, 1.0, 1.0, 1.0, 5.244877188886916, 0.16104847737721067, 0.35741918155125213, 0.0, 0.0, -4.273445984579336, 0.051301161918556555, -0.1056474455383458, 0.2348976498599404, -0.9647144485170897, 0.18663180908664515, 0.047549771740594673, -0.92, -0.022299222897620423, -0.01822539330821691, 1.054729082601627, -0.92, 0.6207221519825435, 0.23494883961898708, -1.0187417961482266
24.85418267948847, 1.0, 1.0, 1.0, 1.0, 5.237363411017826, 0.1696449024336682, 0.3581808376312256, 0.0, 0.0, -4.261547613493157, 0.047826394821679184, -0.11186134764972121, 0.2184177901038116, -0.9647144485170894, 0.1836473384602802, 0.06700311190966456, -0.92, -0.02288018950396745, -0.004568030673751555, 1.054127423779448, -0.92, 0.6182749500446081, 0.22284719680103998, -0.9887675512103006
24.876514781706767, 1.0, 1.0, 1.0, 1.0, 5.229789631026132, 0.1778496909141544, 0.3588776779174805, 0.0, 0.0, -4.247778979725438, 0.044220256064792594, -0.11794128263219768, 0.20149778789827508, -0.9647144485170897, 0.18085783897303961, 0.08433008167302147, -0.92, -0.023390204469441993, 0.00984610352379267, 1.0505855997363687, -0.92, 0.6113369591971257, 0.21550480984299475, -0.961516184877768
24.898330301897246, 1.0, 1.0, 1.0, 1.0, 5.222164736475263, 0.18564970459256888, 0.35950002942766474, 0.0, 0.0, -4.232115905619466, 0.03966648472847099, -0.1241544531540008, 0.18454027177220736, -0.9647144485170897, 0.17792505576464, 0.10073408900552148, -0.9213814222790229, -0.02384288040091464, 0.0249327504551849, 1.0442702179187349, -0.92, 0.6005239568074756, 0.21391873555285865, -0.9397448440791913
24.9196385348375, 1.0, 1.0, 1.0, 1.0, 5.214490864958083, 0.19304036719458478, 0.3600421265193394, 0.0, 0.0, -4.214599374580774, 0.03517185756767382, -0.1299024173498056, 0.16742445001443448, -0.9647144485170897, 0.17460729346530743, 0.11554717765534524, -0.9241833623255596, -0.024415013396743627, 0.03954423247752118, 1.0359318324964149, -0.92, 0.5863844797824932, 0.21765481801225794, -0.92511281450267
24.940466747518084, 1.0, 1.0, 1.0, 1.0, 5.2067687708990915, 0.20002770389829397, 0.36050155639648446, 0.0, 0.0, -4.195329219267179, 0.029150834515091876, -0.13579910902113665, 0.15051981490806524, -0.9647144485170897, 0.16859292324324235, 0.126564008228567, -0.9249429363496908, -0.02483268837130965, 0.053911169372921855, 1.0271838859280913, -0.92, 0.5696216651327168, 0.22789247156475242, -0.92
24.960840084300123, 1.0, 1.0, 1.0, 1.0, 5.1990014427048825, 0.20661836590085741, 0.36087091037205293, 0.0, 0.0, -4.174409127305904, 0.026464065848616016, -0.13938691972040987, 0.13387300907520444, -0.9647144485170897, 0.16209628251419775, 0.13581215827996881, -0.9249429363496908, -0.024911209620321395, 0.06930086813828537, 1.0167431274318612, -0.92, 0.5501936775159587, 0.24295165702632196, -0.92
24.980770875156765, 1.0, 1.0, 1.0, 1.0, 5.191202201502664, 0.21282166685376883, 0.36115499496459963, 0.0, 0.0, -4.151958487416323, 0.02792262257643347, -0.14134711911131315, 0.11724885257611306, -0.9638338911628114, 0.15559892217449658, 0.14420104467366898, -0.9249429363496908, -0.025012079445594245, 0.08549863676989324, 1.0052928814072963, -0.92, 0.5291912560412999, 0.25969850547828965, -0.92
25.000273466385732, 1.0, 1.0, 1.0, 1.0, 5.1833902723448615, 0.21865789243153197, 0.361353806086949, 0.0, 0.0, -4.128097594991925, 0.029766008333294593, -0.14462967139830588, 0.10312183024963169, -0.9638338911628113, 0.14711352436074146, 0.15162790554216032, -0.9249429363496908, -0.025054999285411033, 0.10168218912043, 0.9940976939847371, -0.92, 0.5076253820574499, 0.27763380022207834, -0.92
25.02005633572769, 1.0, 1.0, 1.0, 1.0, 5.1755894494056705, 0.22415843214307543, 0.3614645372118269, 0.0, 0.0, -4.102973350927636, 0.03674853104258881, -0.14381740663121995, 0.0872654676878313, -0.9596507380121937, 0.1386354101005817, 0.15855552217361973, -0.9249429363496908, -0.025193334824207658, 0.11943409820490804, 0.9819122957294366, -0.92, 0.48559750221394, 0.29577227756474617, -0.92
25.040741987137157, 1.0, 1.0, 1.0, 1.0, 5.167831602437156, 0.22935039894921472, 0.3614908340999059, 0.0, 0.0, -4.076702573637613, 0.044452281342448004, -0.14259979338593465, 0.07320292307239183, -0.954217539458574, 0.1289121587400957, 0.16493992282397388, -0.9249429363496909, -0.025326528498792023, 0.13730836594828635, 0.9690120981587179, -0.92, 0.4632005407328294, 0.31491315904311756, -0.92
25.06230719900497, 1.0, 1.0, 1.0, 1.0, 5.160148082120079, 0.23426022836140256, 0.3614405059814453, 0.0, 0.0, -4.049314754565492, 0.0529304154699764, -0.14052194212177446, 0.06134019236468448, -0.9476177610665577, 0.11830898381079502, 0.17121357331859785, -0.9249429363496908, -0.025455031649507402, 0.15597752936877476, 0.9559768854406772, -0.92, 0.44049481383065014, 0.33440810379304126, -0.92
25.08471261020458, 1.0, 1.0, 1.0, 1.0, 5.1525659574781155, 0.23890640939985033, 0.3613106945582799, 0.0, 0.0, -4.020859882341985, 0.06251538204988759, -0.13690479812783643, 0.05167539940239617, -0.9397997234433506, 0.10767782871234366, 0.17759550573507293, -0.9249429363496909, -0.025571627873875215, 0.1764676759891011, 0.9424998057106573, -0.92, 0.41787878763514036, 0.35415359795754914, -0.92
25.10794647542054, 1.0, 1.0, 1.0, 1.0, 5.145108063902174, 0.2432970908709938, 0.36109367506844653, 0.0, 0.0, -3.9913528735177146, 0.07168137664288918, -0.13268655831257398, 0.0455167479000669, -0.9321793194767551, 0.09741291465350617, 0.18327314481928128, -0.9249429363496908, -0.025659945475860448, 0.19670035580723536, 0.9291776244291441, -0.92, 0.3956212023674165, 0.3738963794307967, -0.92
25.13190788091094, 0.0, 1.0, 1.0, 0.0, 5.137800257887159, 0.24744620868137934, 0.3607870633261544, 0.0, 0.0, -3.960921888544907, 0.07941617537210807, -0.12835270576523228, 0.043261070511551716, -0.9255218735891152, 0.08757086786190363, 0.18779769925170128, -0.9249429363496909, -0.025614813862663347, 0.21749695717133832, 0.9151316769927332, -0.92, 0.37410576196710055, 0.39377880767667284, -0.92
25.15654653904997, 0.0, 1.0, 1.0, 0.0, 5.130659786292485, 0.2513673349789214, 0.360386712210519, 0.0, 0.0, -3.929630792708339, 0.08832947427014348, -0.12292266145659596, 0.04432011400197506, -0.92, 0.07862868407013782, 0.19219734318108037, -0.9249429363496908, -0.025185709603478774, 0.23923501966204253, 0.9005186411273661, -0.92, 0.35426560906599464, 0.4135307204948628, -0.9204443273469315
25.18179714588457, 0.0, 1.0, 1.0, 0.0, 5.123692702225276, 0.2550807206971308, 0.3598929555075509, 0.0, 0.0, -3.897562522028398, 0.09286260809207425, -0.11849799292528608, 0.051303724182686826, -0.92, 0.06888511345227526, 0.1951502674627654, -0.9249429363496908, -0.024692028249423903, 0.2598153433372103, 0.8860305141852386, -0.92, 0.3354630279594772, 0.4335821010710922, -0.922591762649369
25.207641610808942, 0.0, 1.0, 1.0, 0.0, 5.1169025536945885, 0.25860521146229365, 0.35931344032287604, 0.0, 0.0, -3.8647400515744463, 0.1006525484073852, -0.11133668712490703, 0.05943196235633219, -0.92, 0.06192259337673139, 0.1976558212509852, -0.9249429363496908, -0.02420932461876552, 0.2809832937030827, 0.8712746088807778, -0.92, 0.31781112959695496, 0.4535470361768947, -0.926930130218426
25.234024178698757, 0.0, 1.0, 1.0, 0.0, 5.110290988513403, 0.26196774312428095, 0.35865927559988847, 0.0, 0.0, -3.8312341903543796, 0.10689256028747655, -0.10343794859214363, 0.06910790023525254, -0.92, 0.055516917451560344, 0.19917419677387396, -0.9249429363496908, -0.023730357657182868, 0.3013619832270125, 0.8560649385539457, -0.92, 0.30177235900320765, 0.47345111362672954, -0.9334848609829108
25.26075868064167, 0.0, 1.0, 1.0, 0.0, 5.103855605125427, 0.2651965655599325, 0.3579458332061768, 0.0, 0.0, -3.797281372886882, 0.11165649924095786, -0.09497779473952893, 0.07989027418180662, -0.92, 0.04961229781231886, 0.1996791203411074, -0.9249429363496908, -0.02328642067318581, 0.32032875248175824, 0.8406514619606792, -0.92, 0.28758717599295497, 0.49311569471676886, -0.9425811808488628
25.28752643779144, 0.0, 1.0, 1.0, 0.0, 5.097584025178636, 0.2683135870524818, 0.3571913133348738, 0.0, 0.0, -3.7632863213066736, 0.1150510264848621, -0.08646440277784502, 0.0911839620871011, -0.92, 0.04396400174107377, 0.1995453467260557, -0.9249429363496908, -0.022805143268593866, 0.33700777353309996, 0.825421887099615, -0.92, 0.2754805736169882, 0.5119089269631925, -0.9538491154482854
25.314078063306205, 0.0, 1.0, 1.0, 0.0, 5.091471434661321, 0.27133300917489217, 0.35641445977347236, 0.0, 0.0, -3.729565756902921, 0.11754338834562009, -0.07795644685581382, 0.10206885596055723, -0.92, 0.038512973927121164, 0.19883583958869427, -0.9249429363496908, -0.022317806056169957, 0.35102196628902405, 0.8108636496332259, -0.92, 0.2657009082133072, 0.5288619103712484, -0.9665787677877402
25.34025989188886, 0.0, 1.0, 1.0, 0.0, 5.085519825390407, 0.27426492077963727, 0.35563333375113354, 0.0, 0.0, -3.6963148346029477, 0.11932743098763325, -0.0695644421935982, 0.11224357894265916, -0.92, 0.0332072042751897, 0.1978178919227928, -0.9249429363496908, -0.021859704469802798, 0.362157676858672, 0.797535348023321, -0.92, 0.25849864260957695, 0.5431150045047106, -0.9798641836128673
25.365907982765833, 0.0, 1.0, 1.0, 0.0, 5.0797303714071, 0.27710768154689275, 0.3548634106772287, 0.0, 0.0, -3.663741759189192, 0.12113216390268412, -0.06140286149169708, 0.12145312812902219, -0.92, 0.0282010010162198, 0.1962267326758053, -0.9249429363496908, -0.021367006322936245, 0.3702217224639232, 0.786116209250929, -0.92, 0.25412487326615, 0.5541130074496239, -0.9925835761670436
25.39085346687728, 0.0, 1.0, 1.0, 0.0, 5.07410462481635, 0.2798577349526545, 0.35412199156624935, 0.0, 0.0, -3.6320609943676523, 0.12345767585068321, -0.0537616615641204, 0.12974632456511032, -0.92, 0.02374479134566651, 0.1943082179778664, -0.9249429363496908, -0.020865171692571054, 0.37494874652893795, 0.7772031216155894, -0.92, 0.2527865132430934, 0.5619977809678366, -1.0043243489839182
25.415024976709034, 1.0, 1.0, 1.0, 1.0, 5.068644050189428, 0.28250192301613974, 0.35342110361371726, 0.0, 0.0, -3.6013631768813257, 0.12690596990659328, -0.04683426270123161, 0.13755388601928056, -0.9214151725536655, 0.019993364177536128, 0.19245182372359895, -0.9249429363496908, -0.020355972741658918, 0.3763635355942278, 0.7706436789607644, -0.92, 0.2544161420798467, 0.566753888064022, -1.014498711651307
25.438324614157047, 1.0, 1.0, 1.0, 1.0, 5.063341560704367, 0.2850271613257275, 0.35277345112391884, 0.0, 0.0, -3.5717726373223515, 0.13190628911842991, -0.04094185552151972, 0.14501903855217235, -0.9249165813042881, 0.017316496090755296, 0.19098986547707705, -0.9249429363496908, -0.019839847199380044, 0.3747082876407797, 0.7668441493677702, -0.92, 0.2589412254815964, 0.568428349632974, -1.0223508362041112
25.460714776487247, 1.0, 1.0, 1.0, 1.0, 5.058185587610517, 0.2874340663637437, 0.35218126160757884, 0.0, 0.0, -3.543337131162999, 0.1376824370737698, -0.03653460304950704, 0.15236304776907947, -0.9305620462687089, 0.015180377134875661, 0.19039737507295262, -0.9249429363496909, -0.01940246619647354, 0.3702521439699166, 0.7647851886775057, -0.92, 0.2661365546804101, 0.5673939037165298, -1.0276217483166523
25.482241967325447, 1.0, 0.0, 0.0, 1.0, 5.05316842828478, 0.28972374711717913, 0.3516514682769776, 0.0, 0.0, -3.515997598798484, 0.1443681933633508, -0.03231758248043621, 0.15842809650672726, -0.9365213253783061, 0.013953788873879129, 0.19033379484520183, -0.9249429363496908, -0.018840025620842214, 0.3639116953388865, 0.7659826025248032, -0.92, 0.2755912157100541, 0.5639171800989777, -1.029365843485553
25.502989165945838, 1.0, 0.0, 0.0, 1.0, 5.048286123616355, 0.291907289368766, 0.35119605064392095, 0.0, 0.0, -3.489648656550588, 0.1563153533030221, -0.025198435691032483, 0.15918444684891292, -0.9372342539319332, 0.01666493599851738, 0.1920714516909811, -0.9249429363496909, -0.018820819372790596, 0.3561554253657636, 0.7698376819258564, -0.92, 0.287469113423158, 0.5582806730719514, -1.029365843485553
25.522972111789198, 1.0, 0.0, 0.0, 1.0, 5.043537964820862, 0.29400256020682225, 0.3508341598510743, 0.0, 0.0, -3.4642703153295216, 0.16128220631371737, -0.022217765708673887, 0.16180877354058892, -0.9402139979407368, 0.015091281567456049, 0.19306315358970264, -0.9249429363496908, -0.018874168835950663, 0.34815126700411997, 0.7750227971063816, -0.92, 0.30168825755131323, 0.5517193525353957, -1.029365843485553
25.54219769087955, 1.0, 0.0, 0.0, 1.0, 5.038916916506631, 0.2960114778791158, 0.3505729784284319, 0.0, 0.0, -3.4398538298847754, 0.16551341854990032, -0.01974486769359082, 0.16252569854674495, -0.9402139979407366, 0.013387487801864295, 0.19476640352147076, -0.9235615140706681, -0.01888769036840771, 0.3396749016348381, 0.7818729241095648, -0.92, 0.3179753015576983, 0.5447159160785714, -1.029365843485553
25.560695945873935, 1.0, 0.0, 0.0, 1.0, 5.034421633992876, 0.29792271409715954, 0.35041745867047996, 0.0, 0.0, -3.4163610460419087, 0.1690885674608815, -0.017774399419785845, 0.16304607150866168, -0.9402139979407368, 0.012053908145578326, 0.1975928135998192, -0.9207595740241313, -0.018810235523990887, 0.33212163574964754, 0.7894281747992361, -0.92, 0.33602435368179984, 0.5371237217714769, -1.029365843485553
25.578563541493182, 1.0, 0.0, 0.0, 1.0, 5.030057783126831, 0.29972816535404784, 0.35037373679024836, 0.0, 0.0, -3.3936691996054646, 0.17358793133934183, -0.015457570365187108, 0.16372968286443954, -0.9402139979407366, 0.01377549298994128, 0.2035435687077463, -0.92, -0.018856893167275353, 0.32557089268402867, 0.7959670295728537, -0.92, 0.3555490112190108, 0.5286232413952004, -1.029365843485553
25.59590092740879, 1.0, 0.0, 0.0, 1.0, 5.02582928453173, 0.3014256586347311, 0.3504437242235457, 0.0, 0.0, -3.371650719492642, 0.1754577403432525, -0.014454695388380965, 0.16497145005537409, -0.9415487661432815, 0.016552899523513805, 0.20957106456545813, -0.92, -0.019008581439985066, 0.31951107074334717, 0.8031349690518874, -0.92, 0.3758870174906274, 0.5202719430554928, -1.0302119256865037
25.61277293156972, 1.0, 0.0, 0.0, 1.0, 5.021738325527736, 0.30301807539803677, 0.350612211227417, 0.0, 0.0, -3.3502232742082625, 0.1710643841004926, -0.016376426486294386, 0.1674546983694877, -0.9415487661432814, 0.019035472971549068, 0.2169793022595043, -0.92, -0.018946866894345292, 0.3128011932432924, 0.8106730367287225, -0.92, 0.3968894389652862, 0.5107634724721496, -1.0302119256865037
25.62926674058346, 1.0, 0.0, 0.0, 1.0, 5.017782151017871, 0.30450477055140934, 0.35086353302001955, 0.0, 0.0, -3.329276136760811, 0.1622918765763675, -0.020388469701081876, 0.17120695661862376, -0.9415487661432815, 0.02232917584367954, 0.22446637066269295, -0.92, -0.018893952567385155, 0.30632269290594083, 0.8179705451823109, -0.92, 0.4183865073689161, 0.5005086195233529, -1.0302119256865037
25.6454743387635, 1.0, 0.0, 0.0, 1.0, 5.013948594502041, 0.30587584631783654, 0.3511773327418736, 0.0, 0.0, -3.3086924870721637, 0.15084498411418648, -0.025748992382018613, 0.17579948241057847, -0.9415487661432814, 0.02704388361810539, 0.232194535567152, -0.92, -0.018845309100125635, 0.2999302630684542, 0.8250473282950973, -0.92, 0.4398957097920146, 0.4893755557469251, -1.0302119256865037
25.661414698636943, 1.0, 0.0, 0.0, 1.0, 5.0102188028608055, 0.3071221474238807, 0.35153110367911206, 0.0, 0.0, -3.288448230032892, 0.13727411964887168, -0.03222822405325738, 0.18100315955594407, -0.9415487661432815, 0.032999492197448806, 0.23970482255896894, -0.92, -0.018802943179597246, 0.2936410796006346, 0.8319384201758211, -0.92, 0.46125422078093353, 0.4772982884853178, -1.0302119256865037
25.67704726417398, 1.0, 0.0, 0.0, 1.0, 5.006569009167807, 0.3082403326034549, 0.35191590854099825, 0.0, 0.0, -3.2685948718008584, 0.1221336651624484, -0.03961132547939389, 0.18654857935665148, -0.9415487661432814, 0.040011556871063565, 0.2467058156907757, -0.92, -0.01876638644215173, 0.28741199494551023, 0.8387313242418831, -0.92, 0.48234069836948545, 0.464306877658315, -1.0302119256865037
25.692380765676827, 1.0, 0.0, 0.0, 1.0, 5.00296841927937, 0.30922625269208665, 0.3523306546892439, 0.0, 0.0, -3.2491213248922395, 0.10649394574297655, -0.04748191343836977, 0.1920758235696847, -0.9415487661432815, 0.04761925019775899, 0.25333286408738037, -0.92, -0.018736141237967106, 0.28116752602420075, 0.845507037460348, -0.92, 0.5030210733676964, 0.45053260516983856, -1.0302119256865037
25.70725493335747, 1.0, 0.0, 0.0, 1.0, 4.99939439535141, 0.31007299763815777, 0.352775218146188, 0.0, 0.0, -3.230231131937824, 0.09169168972520526, -0.055179574438796175, 0.19722996450107835, -0.9415487661432815, 0.05494139453489065, 0.259999346279276, -0.92, -0.018713042539184602, 0.2748900520870953, 0.8523892487097352, -0.92, 0.523345193245558, 0.43622163814963333, -1.0302119256865034
25.721541596258415, 1.0, 0.0, 0.0, 1.0, 4.9958310767582494, 0.310768852233887, 0.35325420652117057, 0.0, 0.0, -3.2120870700536233, 0.07943746152522527, -0.06189666396505228, 0.2015526457964524, -0.9415487661432815, 0.06253834911244534, 0.26735111911984594, -0.92, -0.018789443193214014, 0.26847538211288213, 0.8593657508881988, -0.92, 0.5432449807729697, 0.42149504593240705, -1.0302119256865037
25.735111312561706, 1.0, 0.0, 0.0, 1.0, 4.992256622314453, 0.3113006189891273, 0.3537743909018381, 0.0, 0.0, -3.1948535303484435, 0.06833239373070786, -0.06811199367250685, 0.20559545800034576, -0.9415487661432815, 0.06972498463493104, 0.27483338560665094, -0.92, -0.01925348810077281, 0.262185889972633, 0.8664837775748627, -0.92, 0.5626263015671992, 0.40618815553925297, -1.029767598339572
25.74791655864269, 1.0, 0.0, 0.0, 1.0, 4.988665088585444, 0.3116496889931818, 0.35433611324855263, 0.0, 0.0, -3.1785908678255934, 0.058619905739844, -0.0745367861593659, 0.20953684183126448, -0.9415487661432815, 0.07643322350864017, 0.28267380119219226, -0.92, -0.019791622555006983, 0.25570794576126915, 0.8737678104067367, -0.92, 0.5812946516242279, 0.39023318030273263, -1.0276201630371347
25.75986896970508, 1.0, 0.0, 0.0, 1.0, 4.985056821278164, 0.3118028620311195, 0.35492022241864885, 0.0, 0.0, -3.1634113057763544, 0.05159859270270066, -0.08101870189935058, 0.21326225677126445, -0.9415487661432815, 0.08320180970732818, 0.2911895544824842, -0.92, -0.020303579969877576, 0.2491042750315763, 0.881294374312957, -0.92, 0.5991212130095211, 0.37371550429303124, -1.0232817954680775
25.770960930538454, 1.0, 0.0, 0.0, 1.0, 4.981450301919665, 0.3117368493761338, 0.35551363400050573, 0.0, 0.0, -3.1493245155179737, 0.04652911813602418, -0.08797693517558515, 0.21688999367080292, -0.9415487661432815, 0.08967025879408771, 0.2998121495757869, -0.92, -0.02081284522093891, 0.24231830362279383, 0.8890837794159475, -0.92, 0.6159138020958058, 0.3568135267855229, -1.0167270647035929
25.7815163217672, 1.0, 0.0, 0.0, 1.0, 4.9778723331860135, 0.3114311156954087, 0.35609696115766265, 0.0, 0.0, -3.135919168657465, 0.04334925893897068, -0.095252751283939, 0.22032785726060958, -0.9415487661432815, 0.09593219936950095, 0.3082148977424786, -0.92, -0.021288345568118906, 0.23520412600098545, 0.8969418408860125, -0.92, 0.6312604945344547, 0.33960843776768973, -1.007630744837641
25.792072198159893, 1.0, 0.0, 0.0, 1.0, 4.974349004541125, 0.31088122708456883, 0.35664977073669435, 0.0, 0.0, -3.1225132056387457, 0.04132013379330083, -0.10271772555689365, 0.22348747995466217, -0.9415487661432814, 0.10180428068819954, 0.315673691597483, -0.9203434632183383, -0.021754017793403666, 0.22800143364017839, 0.9046331752519601, -0.92, 0.644671694589552, 0.322807628688721, -0.9963628102382183
25.80304651386743, 1.0, 0.0, 0.0, 1.0, 4.970895348957606, 0.3100939559936527, 0.35715818268912186, 0.0, 0.0, -3.108575824690174, 0.039942640670034175, -0.11031736935908897, 0.2263434194382406, -0.9415487661432815, 0.10751340905647477, 0.32236061345671313, -0.9228599093712111, -0.022289694933417797, 0.22053495693862485, 0.9116052057904653, -0.92, 0.6556665239355074, 0.3071498221473007, -0.9836331578987635
25.81467499191302, 1.0, 0.0, 0.0, 1.0, 4.967508891650609, 0.3090793752670291, 0.35761027472359797, 0.0, 0.0, -3.093807657572275, 0.03905444268747977, -0.11796626354758318, 0.22891502900197994, -0.9415487661432814, 0.11316594327976202, 0.32707382978652644, -0.9269377458252812, -0.022727717654120135, 0.21257870210914467, 0.9181111545495463, -0.92, 0.6639366559829943, 0.29362871398455875, -0.9703477420736364
25.82710788707729, 1.0, 0.0, 0.0, 1.0, 4.96418950523649, 0.3078508036477228, 0.35799513408115935, 0.0, 0.0, -3.07801788071365, 0.03863206710484561, -0.12501964745984565, 0.23134684241853778, -0.9415487661432815, 0.11863001508263345, 0.32919799850658515, -0.931563088115063, -0.023246085547114898, 0.20443667252723816, 0.9237725830211746, -0.92, 0.6690520320713481, 0.2825980600933617, -0.9576283495194601
25.840321580613626, 1.0, 0.0, 0.0, 1.0, 4.96093248128891, 0.306419361659459, 0.3582959706442697, 0.0, 0.0, -3.061236489922504, 0.039290829056403784, -0.13047679394131004, 0.23364565737458148, -0.9415487661432814, 0.1229722546874091, 0.32784088037232334, -0.9350623687661317, -0.02385768916470467, 0.1961379264013878, 0.928451273918592, -0.92, 0.6712068291198461, 0.2739173217894052, -0.9458875767025853
25.854174410328277, 1.0, 0.0, 0.0, 1.0, 4.957726061684745, 0.3048121840613232, 0.35850527490888323, 0.0, 0.0, -3.0436433961848977, 0.040135076948403216, -0.13440418577857866, 0.23541084400973547, -0.9401335935896161, 0.12569941784886127, 0.3216811100425522, -0.9350623687661317, -0.02441332125652367, 0.18782827550262327, 0.9324125218390223, -0.92, 0.6705230972744952, 0.2681952879027489, -0.9357132140351967
25.868543916041627, 1.0, 0.0, 0.0, 1.0, 4.954552849701473, 0.3030548163822722, 0.3586213329860143, 0.0, 0.0, -3.0253941239289426, 0.04234355872154072, -0.13507215189448432, 0.23632211175948875, -0.9366321848389932, 0.1271208232213275, 0.31283634178448805, -0.9350623687661317, -0.024959104545285948, 0.1796274754595953, 0.9363829706158272, -0.92, 0.6673143451494729, 0.2652011957356727, -0.9278610894823923
25.88328491056715, 1.0, 1.0, 1.0, 1.0, 4.951395616871971, 0.301160321916853, 0.3586572360992432, 0.0, 0.0, -3.0066730608815293, 0.045110755402552084, -0.1330713150597697, 0.23658071101454717, -0.9309867198745728, 0.12691855512854935, 0.3013902631553698, -0.9350623687661316, -0.025427859254981113, 0.17168889705040338, 0.941146918500534, -0.92, 0.6619188722928852, 0.2646881228824377, -0.9225901773698514
25.89829361516424, 0.0, 1.0, 1.0, 0.0, 4.948234786646707, 0.29913917677743124, 0.35862235341753285, 0.0, 0.0, -2.9876120060432254, 0.04816209639943874, -0.1297743882542223, 0.23737936608788582, -0.9250274407649756, 0.12465911844339793, 0.2883060358027211, -0.9350623687661317, -0.026023240785193167, 0.1640782400665501, 0.9448636330387581, -0.92, 0.6547784493583186, 0.2664505603292296, -0.9208460822009507
25.913531396918568, 0.0, 1.0, 1.0, 0.0, 4.945053236825125, 0.29698973860059497, 0.35851998465401785, 0.0, 0.0, -2.9682600232152256, 0.04673091134392137, -0.1284547628235745, 0.24283956575485033, -0.9243145122113485, 0.11740284113418452, 0.272815057523831, -0.9350623687661316, -0.02607456996146593, 0.15710691553728023, 0.9479045868823025, -0.92, 0.645670208256461, 0.27023226901112946, -0.9208460822009507
25.929004557319356, 0.0, 1.0, 1.0, 0.0, 4.941825508049556, 0.29470437799181287, 0.35834762164524625, 0.0, 0.0, -2.948609109506223, 0.05222785552691727, -0.12245631526152254, 0.24608926517486426, -0.9213347682025449, 0.11377858629763164, 0.2577687266123972, -0.9350623687661317, -0.026050563684264987, 0.15052878136131795, 0.951172121282665, -0.92, 0.6346873113497626, 0.27482731591693405, -0.9208460822009507
25.94479991325099, 0.0, 1.0, 1.0, 0.0, 4.938545699800764, 0.2922803313391552, 0.3581134946005685, 0.0, 0.0, -2.928549007473048, 0.058334979273326246, -0.11544607952866016, 0.2511222523232854, -0.9213347682025449, 0.11048812121507115, 0.242477949147684, -0.9350623687661316, -0.02610180074144838, 0.14512381749526204, 0.9539276785588091, -0.92, 0.6220514638455024, 0.27967410650995694, -0.9208460822009507
25.96106651903699, 0.0, 1.0, 1.0, 0.0, 4.935215584891184, 0.2897220502580918, 0.35782460348946715, 0.0, 0.0, -2.9078904181248255, 0.06353317347437697, -0.10806306540411925, 0.2565324544365713, -0.9213347682025449, 0.10693367306125548, 0.22698161294503225, -0.9350623687661317, -0.02615940045864551, 0.141109896662097, 0.9559874264780855, -0.92, 0.6078186753662991, 0.2849816640713158, -0.9208460822009507
25.97798691132471, 0.0, 1.0, 1.0, 0.0, 4.931838891506195, 0.28702290466853586, 0.35748479979378844, 0.0, 0.0, -2.8864015199194197, 0.06754554046326418, -0.10038474593651184, 0.2619003194007158, -0.9213347682025449, 0.10307594063826417, 0.2113475416773832, -0.9350623687661316, -0.026220107918512533, 0.1389988700258563, 0.9568263196271966, -0.92, 0.5919764379410504, 0.29077497924454443, -0.9208460822009507
25.995847494415024, 0.0, 1.0, 1.0, 0.0, 4.928421113150462, 0.28417009353637723, 0.35710716383797786, 0.0, 0.0, -2.8637185793947197, 0.06915246103901028, -0.09264337537794208, 0.2671440758562662, -0.92, 0.09860952061980974, 0.19682596437423402, -0.9350623687661317, -0.02607444550408119, 0.13839362077306028, 0.9562204340592302, -0.92, 0.5748915043965491, 0.29635647570398654, -0.92
26.014842668809383, 0.0, 1.0, 1.0, 0.0, 4.924971459252495, 0.28115239824567556, 0.3567016819545201, 0.0, 0.0, -2.8395947079138844, 0.0697224574208828, -0.0843178721064622, 0.2725291301885402, -0.92, 0.09410013306500001, 0.18101799709589414, -0.9350623687661317, -0.02614724440543758, 0.14075991541119773, 0.9527817673274207, -0.92, 0.556442193216411, 0.3030431724916494, -0.92
26.034984820947198, 0.0, 1.0, 1.0, 0.0, 4.921499715873174, 0.27796008246285603, 0.35628278868539, 0.0, 0.0, -2.8140141746988574, 0.06830331507642531, -0.07563332965648088, 0.2780158972809491, -0.92, 0.0892127739284329, 0.16514617512464727, -0.9350623687661317, -0.026191074114787834, 0.1453286969877064, 0.9464584046595406, -0.92, 0.5366816367947277, 0.31056553435397777, -0.92
26.056156782348197, 0.0, 1.0, 1.0, 0.0, 4.918011349950518, 0.27458755799702267, 0.35586626325334825, 0.0, 0.0, -2.7871257837195875, 0.06515180093096988, -0.06653616896539225, 0.2835879567763201, -0.92, 0.08396185768272342, 0.14922446800992087, -0.9350623687661317, -0.02622420306620349, 0.15163003671773087, 0.937185815078254, -0.92, 0.5161265554867821, 0.3190770515430634, -0.92
26.078112203163357, 0.0, 1.0, 1.0, 0.0, 4.91451124736241, 0.27102327857698744, 0.3554729557037354, 0.0, 0.0, -2.7592423992843336, 0.060680668623869304, -0.057111945590671016, 0.28922011309543205, -0.92, 0.07841224762840003, 0.1333599542671642, -0.9350623687661317, -0.026248308810625256, 0.15884633877950152, 0.9255504314281414, -0.92, 0.49510210072273636, 0.32869763411544867, -0.92
26.10063617183818, 0.0, 1.0, 1.0, 0.0, 4.911013241836003, 0.26724672283445117, 0.3551068428584508, 0.0, 0.0, -2.7306369590673087, 0.05540152092263599, -0.04744799962505036, 0.2948643190750833, -0.92, 0.07259332407109308, 0.11768258516205768, -0.9350623687661317, -0.026267921359312746, 0.1660276718190892, 0.9124745833271799, -0.92, 0.47386671681848525, 0.3394498710783501, -0.92
26.123511227536156, 0.0, 1.0, 1.0, 0.0, 4.90754643372127, 0.263239270959582, 0.3547603143964495, 0.0, 0.0, -2.7015856383308767, 0.049992011151498685, -0.03762669576023179, 0.30032521894899394, -0.92, 0.0664925379969635, 0.10234480592351684, -0.9350623687661317, -0.026284471117417264, 0.17284787186478104, 0.8985559047676446, -0.92, 0.45258487079367854, 0.35129709489991223, -0.92
26.146649506145337, 0.0, 1.0, 1.0, 0.0, 4.904135970047543, 0.258986113071442, 0.3544254193987166, 0.0, 0.0, -2.672200024497215, 0.04478589934803607, -0.028081495135437423, 0.30539227136042796, -0.92, 0.060584646076005604, 0.08749268132773542, -0.9350623687661317, -0.02629668373785678, 0.17915544642474066, 0.8841587437632222, -0.92, 0.4312494610015465, 0.36412512666080776, -0.92
26.170002976129922, 0.0, 1.0, 1.0, 0.0, 4.900800457681929, 0.2544791466849194, 0.35409322874886645, 0.0, 0.0, -2.6425411176167932, 0.04118214521545089, -0.018640298557275094, 0.30945298213860234, -0.92, 0.05522934971726491, 0.07354118203493261, -0.9350623687661316, -0.026304225434438028, 0.1849805064103686, 0.8696006265974889, -0.92, 0.4097852545563591, 0.3778469838093558, -0.92
26.193609953691347, 0.0, 1.0, 1.0, 0.0, 4.897560215677534, 0.2497230693272185, 0.35375204631260465, 0.0, 0.0, -2.612560256113782, 0.04264079203703884, -0.007354494542826808, 0.3107935713733692, -0.92, 0.051701590615953814, 0.06145145240243947, -0.9350623687661317, -0.02630652389051123, 0.19030612587879023, 0.855170236779586, -0.92, 0.38813913027052044, 0.3923649038887444, -0.92
26.217513054178173, 0.0, 1.0, 1.0, 0.0, 4.894425340720586, 0.24472340277263127, 0.35339301790509914, 0.0, 0.0, -2.5822033184955124, 0.049690125580284315, 0.0057317719271296015, 0.30910910344396053, -0.92, 0.05085510010555368, 0.05116741986785688, -0.9350623687661316, -0.026311796908193054, 0.1951584172234939, 0.8406320798389997, -0.92, 0.36636075486360375, 0.4077837737324496, -0.92
26.241812740921528, 0.0, 1.0, 1.0, 0.0, 4.891400255816324, 0.23948014327458006, 0.3530222116197859, 0.0, 0.0, -2.5513427163314515, 0.06240196143348775, 0.020301495731125305, 0.30462019651541894, -0.9202963560749712, 0.05341990240026003, 0.042730855244351044, -0.9350623687661317, -0.02625674920963545, 0.19941392605307282, 0.8261100818313769, -0.92, 0.3443733716033427, 0.42416843186179165, -0.92
26.26655082931646, 1.0, 1.0, 1.0, 1.0, 4.8884804167066305, 0.23400338002613644, 0.352636457170759, 0.0, 0.0, -2.5199253440698848, 0.07044133915595945, 0.029467118130995177, 0.3085151969858614, -0.9345981590897168, 0.05395633258363899, 0.033862218601563694, -0.9350623687661316, -0.026237000993772956, 0.20312868082335758, 0.8118250014430368, -0.92, 0.32218696556021714, 0.441316828687824, -0.92
26.291556001417742, 1.0, 1.0, 1.0, 1.0, 4.885652629988535, 0.2283076357841495, 0.3522383458273751, 0.0, 0.0, -2.488168775501258, 0.07968284970363751, 0.036642518911488196, 0.31424634289268144, -0.9547514489750583, 0.05548411275188707, 0.026650264700892237, -0.9350623687661317, -0.02619819641414634, 0.20665115268140585, 0.7973822455996364, -0.92, 0.29993801079148896, 0.45915154193302277, -0.92
26.316633844854756, 1.0, 1.0, 1.0, 1.0, 4.882904546601432, 0.22239474671227621, 0.35183044569832944, 0.0, 0.0, -2.456319914336252, 0.09014160557109728, 0.04433150656042302, 0.3206048104968196, -0.9790093781490011, 0.0583862102516026, 0.021127877566491603, -0.9347189055477934, -0.026227005224805245, 0.20971969140024596, 0.7831025507916667, -0.92, 0.2778692188959405, 0.47748695409061387, -0.92
26.341652941703302, 1.0, 1.0, 1.0, 1.0, 4.880223071575165, 0.21626296009336232, 0.3514079393659319, 0.0, 0.0, -2.4245456613386005, 0.1014007778529726, 0.05269127694098759, 0.3270541406513157, -1.0070131597218255, 0.062262200060417446, 0.017077801934948487, -0.9322024593949206, -0.02620594106730186, 0.21241368562241, 0.7693032732912607, -0.92, 0.2564629529615069, 0.4962983235969027, -0.92
26.366580770227706, 1.0, 1.0, 1.0, 1.0, 4.877614124161857, 0.20990851606641528, 0.35096334321158273, 0.0, 0.0, -2.3928873191126065, 0.1132285058656459, 0.06150533429131192, 0.33290333718626497, -1.038493323620958, 0.0669072033449718, 0.015379166838427957, -0.9281246229408505, -0.026189203140236064, 0.214705122342437, 0.7558301305654044, -0.92, 0.23608884051473317, 0.5152540944268292, -0.92
26.391375409099265, 1.0, 1.0, 1.0, 1.0, 4.875074885232109, 0.20332859209605655, 0.3504905428205218, 0.0, 0.0, -2.3613981277457254, 0.12447075048536979, 0.06966940699356114, 0.33777452683746073, -1.0731161953565092, 0.07206571483673525, 0.016815733042937424, -0.9234992806510688, -0.026194311728158195, 0.21664936671437468, 0.7425570960073626, -0.92, 0.21751473776840588, 0.5348920525169992, -0.92
26.41604828760255, 1.0, 1.0, 1.0, 1.0, 4.872602441651481, 0.1965251057488581, 0.349991055897304, 0.0, 0.0, -2.330063572046553, 0.1337941456098341, 0.07602948030633556, 0.34131391369726444, -1.1101811740960883, 0.07823896197956119, 0.02194875669107966, -0.92, -0.025432536436878483, 0.21800891597592478, 0.7306453784661696, -0.92, 0.2008160782285091, 0.5546911627324179, -0.9202181358137984
26.440595841297686, 1.0, 1.0, 1.0, 1.0, 4.870191075120654, 0.18950205496379338, 0.34946662902832043, 0.0, 0.0, -2.2988881788537285, 0.1411309171814053, 0.08029563527447628, 0.3432852347277405, -1.1486247390580286, 0.08543119030180914, 0.03186481806982364, -0.92, -0.02487754941847376, 0.21920439259039753, 0.7188930318798726, -0.92, 0.18676230194746965, 0.5764757317948147, -0.9293089482783127
26.46507314785103, 1.0, 1.0, 1.0, 1.0, 4.867840460027968, 0.1822630981036598, 0.34891557284763886, 0.0, 0.0, -2.2678019995309833, 0.14447116871123758, 0.08047978377245914, 0.3435781648880783, -1.1875299809344604, 0.09271383559964819, 0.04454726836340293, -0.9205331266937138, -0.024474466326453496, 0.21975741325417258, 0.7074343524239544, -0.92, 0.17565383261903184, 0.5989779206787821, -0.9457528294185497
26.489522972078994, 1.0, 1.0, 1.0, 1.0, 4.865552252701351, 0.17481263365064378, 0.3483323560442244, 0.0, 0.0, -2.2367507227614696, 0.14500804899240688, 0.07720207660713226, 0.34153090209886755, -1.2259583101876819, 0.1006428689828682, 0.059860042653808475, -0.9219663083846757, -0.024066560590431194, 0.22025825687746492, 0.6962419630161264, -0.92, 0.16748363813759237, 0.6205856401589925, -0.967334808580249
26.513907157522432, 1.0, 1.0, 1.0, 1.0, 4.863329220158714, 0.1671524408885414, 0.3477341025216239, 0.0, 0.0, -2.2057828072483057, 0.1427039248023262, 0.07061381697102699, 0.33708815604664494, -1.2628730714401855, 0.10907490362553854, 0.07724796428946869, -0.9240121520520809, -0.023581558004310343, 0.21999863230740382, 0.6857787185376277, -0.92, 0.16206738743493876, 0.6398685262142071, -0.991944593743326
26.53812318341258, 1.0, 0.0, 0.0, 1.0, 4.861168591976167, 0.1592820794241772, 0.34713013376508445, 0.0, 0.0, -2.1750284543678196, 0.13777780782387433, 0.06130635093099145, 0.3305931673421219, -1.2970531786071746, 0.11769423319456639, 0.09629764280168518, -0.9264568791506872, -0.023120262865555564, 0.21904601031139964, 0.6758354500117524, -0.92, 0.15896396899552148, 0.6555876928244196, -1.0178142165339534
26.5620626239288, 1.0, 0.0, 0.0, 1.0, 4.859073090553285, 0.15120330469948934, 0.34652944292340965, 0.0, 0.0, -2.144625364912222, 0.13054683571974338, 0.05009552381400727, 0.322234757012092, -1.3270677134081925, 0.1254396295909835, 0.11673063208105759, -0.9290577961093237, -0.022623869815482023, 0.21710986021761228, 0.6666963767069688, -0.92, 0.1573678033119322, 0.6666702437007584, -1.0425493718349585
26.585589484819923, 1.0, 0.0, 0.0, 1.0, 4.857051651137216, 0.1429182665688654, 0.3459392247881209, 0.0, 0.0, -2.1147462515804962, 0.12204746080332567, 0.03814961978714986, 0.3115442387477883, -1.351678875689327, 0.13164583923979836, 0.1377601744708347, -0.931382157904884, -0.02208079682758996, 0.21397284342861236, 0.6585771766722727, -0.92, 0.1565327461486865, 0.6725406982242672, -1.0643711103214035
26.608501363140658, 1.0, 0.0, 0.0, 1.0, 4.855110479763576, 0.1344269313131063, 0.34536646706717355, 0.0, 0.0, -2.0856481661131627, 0.11298438103356954, 0.026129478925552396, 0.2982089327350574, -1.3699479507170953, 0.1364751934627257, 0.15890277515183393, -0.9330333337617682, -0.02164133786966164, 0.2092440623136536, 0.6510263726301299, -0.92, 0.156028979373971, 0.6729503978838963, -1.0823662452460583
26.63052921111095, 1.0, 0.0, 0.0, 1.0, 4.853244645936149, 0.1257349569456921, 0.34482308115277976, 0.0, 0.0, -2.05767279919089, 0.10374471856731957, 0.014124603173562076, 0.28207125635311936, -1.3821019125646392, 0.1399824233806937, 0.17987445561809237, -0.9336193283794876, -0.02106429896695767, 0.20233675020816586, 0.6456623663814293, -0.92, 0.15466450297556172, 0.666645792571009, -1.0935341520457589
26.65128042154985, 1.0, 0.0, 0.0, 1.0, 4.851438447407314, 0.11684807300567657, 0.34431052207946783, 0.0, 0.0, -2.031318761933487, 0.09582898454162637, 0.0024568083412665337, 0.26284488482899887, -1.387797160073052, 0.14307517144761478, 0.201014283842548, -0.9336193283794876, -0.020651139140120966, 0.1929439679088242, 0.6425135564421671, -0.92, 0.15274543369660706, 0.6560859777145545, -1.1015323345196333
26.670462281833135, 1.0, 0.0, 0.0, 1.0, 4.849678812708173, 0.10776429653167754, 0.34382722173418323, 0.0, 0.0, -2.006957799373714, 0.08922414320339213, -0.009081402563128461, 0.24104132885759902, -1.387797160073052, 0.14549294842664975, 0.22244608893482387, -0.9336193283794875, -0.02016193015491599, 0.18110151500372315, 0.642451580574191, -0.92, 0.15018549069576398, 0.6427438093834512, -1.1056124465196775
26.68935702597228, 1.0, 0.0, 0.0, 1.0, 4.8479491131646295, 0.09847661767687146, 0.34336905615670343, 0.0, 0.0, -1.984821343517984, 0.08487397473751428, -0.020752139990397073, 0.21915742953150147, -1.387797160073052, 0.1478665039092065, 0.2444905214492561, -0.9336193283794876, -0.020131397562725157, 0.166973873150899, 0.6456369344800857, -0.92, 0.1473862832982078, 0.626653572196559, -1.1056124465196775
26.70866844490859, 1.0, 0.0, 0.0, 1.0, 4.846232696941921, 0.08897468941552329, 0.3429289109366281, 0.0, 0.0, -1.9649149880328736, 0.0828959724158638, -0.03248869179488373, 0.1975202713164916, -1.3877971600730519, 0.15041528635176635, 0.26724890662364376, -0.9336193283794875, -0.02010745184030624, 0.15094414617692967, 0.6524958650048122, -0.92, 0.144663062564637, 0.6102771438123399, -1.1056124465196775
26.72841873965543, 1.0, 0.0, 0.0, 1.0, 4.844514224188669, 0.07925021580287418, 0.3424963174547469, 0.0, 0.0, -1.9469925002124044, 0.08293130060484763, -0.044187571323294074, 0.17663228310787502, -1.387797160073052, 0.1530850455548051, 0.2906489982671198, -0.9336193283794876, -0.02008824015018888, 0.13378492219885169, 0.6624848112841535, -0.92, 0.14233843573492255, 0.5937633803338443, -1.1056124465196775
26.74863445604801, 1.0, 0.0, 0.0, 1.0, 4.842775623457773, 0.0692930041040696, 0.34206839152744845, 0.0, 0.0, -1.930813771996105, 0.08452333764945925, -0.05574449439462521, 0.15696162550058057, -1.387797160073052, 0.15587813887273239, 0.3146137252702354, -0.9336193283794875, -0.02006979460256119, 0.11640029769368987, 0.6747443940514402, -0.92, 0.1407833586527171, 0.5773406109751466, -1.1056124465196775
26.769351077020275, 1.0, 0.0, 0.0, 1.0, 4.840991914612907, 0.059089427334922, 0.3416441590445383, 0.0, 0.0, -1.9161515445200406, 0.08703510951686491, -0.06704988310461997, 0.13875155124180907, -1.387797160073052, 0.15875299008639324, 0.33898482953090514, -0.9336193283794876, -0.020051350997886543, 0.09914840497930462, 0.6886369260125917, -0.92, 0.14022684305802596, 0.5613274357543014, -1.1056124465196775
26.79058485519586, 1.0, 0.0, 0.0, 1.0, 4.839138441085815, 0.04863557781491991, 0.3412186418260847, 0.0, 0.0, -1.902796619085626, 0.08975418998135296, -0.0779218614995021, 0.12199351005155441, -1.3877971600730519, 0.1615399559630162, 0.36348070051880876, -0.9336193283794875, -0.020033038318054724, 0.08227426793354879, 0.7035888704788296, -0.92, 0.14060119990977632, 0.5459489993034659, -1.1056124465196775
26.812335034772808, 1.0, 0.0, 0.0, 1.0, 4.837198648452758, 0.03793488706861254, 0.3407811178479876, 0.0, 0.0, -1.89058619126906, 0.0896473614743213, -0.08909021457532809, 0.10715032768893529, -1.387797160073052, 0.1622139668539835, 0.3868083848070824, -0.9336193283794876, -0.02004851557320527, 0.06607786728612133, 0.7188129810247362, -0.92, 0.1416832694153258, 0.5312007333106016, -1.1056124465196775
26.834566661824443, 1.0, 0.0, 0.0, 1.0, 4.835160194124495, 0.02700758116585898, 0.340311850139073, 0.0, 0.0, -1.8794468176758399, 0.08456963941357852, -0.10206692373463595, 0.09562467035222685, -1.387797160073052, 0.16111409549366476, 0.4089931267585364, -0.9353978336803562, -0.020025085938617345, 0.05056738313477456, 0.7341539149690658, -0.92, 0.1434172724661626, 0.5171779811899603, -1.1056124465196775
26.857209119915655, 1.0, 0.0, 0.0, 1.0, 4.83301382132939, 0.015891677652086832, 0.33980853898184643, 0.0, 0.0, -1.8693207704119872, 0.07309533833978366, -0.11728320375584786, 0.08780508045320623, -1.387797160073052, 0.15690571894950003, 0.42981143278823525, -0.9394007148277562, -0.019724699787761972, 0.03587414434236589, 0.7493648500605057, -0.92, 0.1457873348576859, 0.5038879229492196, -1.1056124465196775
26.880185156993583, 1.0, 0.0, 0.0, 1.0, 4.830752200399126, 0.004628479140145742, 0.3392630686078753, 0.0, 0.0, -1.8602085890751832, 0.05571218220648026, -0.13417886438438928, 0.08342688671437112, -1.387500803998081, 0.14912181583349976, 0.4495577015538491, -0.9464634675080935, -0.01941828723149219, 0.022440165472786624, 0.7637261313121838, -0.92, 0.1488311111824574, 0.4914339354951687, -1.1065822841794604
26.903421920068823, 1.0, 0.0, 0.0, 1.0, 4.828370103154863, -0.006743081978388888, 0.3386689117976598, 0.0, 0.0, -1.8520878364030915, 0.042716468979293785, -0.14596318735207878, 0.07190463553799735, -1.3745562325385146, 0.14321760432739397, 0.47050828014316154, -0.9570589871213574, -0.01869522701699029, 0.010297536285002086, 0.7770229185642288, -0.92, 0.15249772117160412, 0.47977485303372497, -1.1073146176572073
26.92687517317306, 1.0, 0.0, 0.0, 1.0, 4.82586427143642, -0.01819884811128858, 0.3380225372314453, 0.0, 0.0, -1.8447665948962855, 0.028135762407828776, -0.15616787139021002, 0.059992865474378, -1.3574393113862615, 0.13625617026996978, 0.49008211097605775, -0.9712306049401856, -0.017758911235397072, -0.0008746082427453907, 0.7899906904369314, -0.9236914165820587, 0.15674224826415778, 0.46898933779610547, -1.1080784629277196
26.950517853741704, 1.0, 0.0, 0.0, 1.0, 4.82323467390878, -0.02972400767462563, 0.33732619013105125, 0.0, 0.0, -1.8380969404558818, 0.012315356496532037, -0.16709113466109288, 0.04884598678520754, -1.3376769333152776, 0.12818724369024417, 0.5078695940694765, -0.9886454858286386, -0.016865029915825613, -0.011097505711114775, 0.8026743439679139, -0.9341788486236412, 0.1614495849909852, 0.45918348778405027, -1.1095363678540129
26.974335441050375, 1.0, 0.0, 0.0, 1.0, 4.820487717219763, -0.04131165606634927, 0.33659139905657093, 0.0, 0.0, -1.8319715686494924, -0.004427011817070793, -0.178955192284402, 0.03898786605343407, -1.3154260881011184, 0.11933929381974381, 0.5233823913649436, -1.0092779391565685, -0.015960667523400477, -0.020576752998328722, 0.8136077002124986, -0.9498817841138883, 0.16623800004881442, 0.4504446377432177, -1.1111885095182734
26.998311549748365, 1.0, 0.0, 0.0, 1.0, 4.817620260374888, -0.05295172214508025, 0.33583519118172783, 0.0, 0.0, -1.8264065358500494, -0.021973714630776194, -0.1915737875663503, 0.031004910987207517, -1.2908113975563926, 0.10994747956385935, 0.5359979872107936, -1.0331453989064558, -0.015137960587966959, -0.029327382290396935, 0.821234222028959, -0.9690394141284495, 0.1707751576800225, 0.4427880734283739, -1.112798540497804
27.02243126577295, 1.0, 0.0, 0.0, 1.0, 4.814634400095258, -0.06463610546929464, 0.33507745742797856, 0.0, 0.0, -1.821439129959874, -0.039715479622114226, -0.20428272253234714, 0.02525777607613977, -1.2639536653214312, 0.10051307626347174, 0.5450055942956857, -1.059552378187927, -0.014151322254997283, -0.037716498058319406, 0.8247967304284256, -0.9895600459702232, 0.17455527963756823, 0.43560706424447837, -1.1137436251115418
27.046694195264468, 1.0, 1.0, 1.0, 1.0, 4.8115179055077695, -0.07636043480464359, 0.3343450832366944, 0.0, 0.0, -1.8170620119192697, -0.05647589179707917, -0.21599724673484774, 0.02212900519001861, -1.235291228749267, 0.09210779433861975, 0.5499636304797532, -1.0870390805846044, -0.01404165925029125, -0.04579805296483388, 0.821716212649383, -1.0096207124038696, 0.17730993780670887, 0.4293537033084282, -1.1143055439993925
27.07111415991503, 1.0, 1.0, 1.0, 1.0, 4.8082918943677635, -0.08813653435025866, 0.3336806147439139, 0.0, 0.0, -1.8132516425468244, -0.07095914344167605, -0.22544583467251925, 0.021644509726795175, -1.2053909171392303, 0.0856629714359105, 0.5504106901058464, -1.1138826089482934, -0.013963578735160615, -0.05406888543466176, 0.8130924334872469, -1.0277192448191084, 0.1783194963614922, 0.4213289496973296, -1.1052147315348784
27.095724389479507, 1.0, 1.0, 1.0, 1.0, 4.804969222886222, -0.0999845596722191, 0.33310178347996305, 0.0, 0.0, -1.8100691058481857, -0.08258724021807554, -0.23183436150033113, 0.024037308520575697, -1.17482344376315, 0.08109995106152686, 0.5459285417832093, -1.1378910668394953, -0.013859406993781085, -0.06219137944175858, 0.7980446959776593, -1.0424211107278272, 0.17722232718690492, 0.4134108977448618, -1.0887708503946414
27.12056538503025, 1.0, 1.0, 1.0, 1.0, 4.801562414850507, -0.11192869731358089, 0.33262599127633236, 0.0, 0.0, -1.8075364637105686, -0.09077265482939402, -0.23450957220226737, 0.02944876790763631, -1.1441682411399445, 0.07826043484102066, 0.5364626456647519, -1.1572081632174753, -0.013862450533028927, -0.07099172575422143, 0.7773938852066681, -1.05292897697361, 0.17399267358417256, 0.40725045445900604, -1.067188871232942
27.145671778581846, 1.0, 1.0, 1.0, 1.0, 4.798081109864372, -0.12398951257978134, 0.3322431673322406, 0.0, 0.0, -1.8056244682217706, -0.09534171232256597, -0.23346234865842788, 0.03774824470075642, -1.114191727167102, 0.07671942278403757, 0.5223146774148661, -1.1705302622206888, -0.013978702148519725, -0.08013783802166101, 0.7514931109432783, -1.0586313200658413, 0.16872303495643207, 0.40398838165963297, -1.042579086069865
27.17107911243365, 0.0, 1.0, 1.0, 0.0, 4.794540036746434, -0.13618967464991946, 0.3319372885567802, 0.0, 0.0, -1.8042224895043961, -0.09605962085709081, -0.2289921760902591, 0.04833815255760206, -1.0859488884684687, 0.07623009052729546, 0.5038137125195005, -1.1769254407613392, -0.014042590204341716, -0.09002704926895087, 0.7216814887062464, -1.0594597313863388, 0.16174980732780173, 0.40528302877406486, -1.0167094632792375
27.196830950053197, 0.0, 1.0, 1.0, 0.0, 4.790949793543135, -0.14855492591857877, 0.3316911220550538, 0.0, 0.0, -1.8031591749302733, -0.09244472489115109, -0.22147707157176427, 0.06059519786174061, -1.0606931046170016, 0.07717608316747682, 0.4813180629679253, -1.1762692905780583, -0.014348892339284028, -0.10104810275371459, 0.6901814003777805, -1.0594597313863388, 0.15392317572333553, 0.4118783802266317, -0.9919743079782324
27.222973948089184, 0.0, 1.0, 1.0, 0.0, 4.787302312169757, -0.16110721520015142, 0.33148379325866706, 0.0, 0.0, -1.8022094856369546, -0.08122254679977539, -0.20912041454636696, 0.07160095551469615, -1.0360819423358671, 0.08082016983492876, 0.4577798627831901, -1.1739449287824981, -0.014822629688201552, -0.11324168109047039, 0.6582751714112834, -1.0594597313863388, 0.1461629124459634, 0.424242769280859, -0.9701525694917875
27.249545496616893, 0.0, 1.0, 1.0, 0.0, 4.7835841594423565, -0.17386210203170746, 0.3312940406799317, 0.0, 0.0, -1.8011477835480831, -0.06798794559909441, -0.19624379674969278, 0.0856595280505231, -1.0178128673080988, 0.08571100852385725, 0.4337708461643966, -1.1722937529256137, -0.015174852833086746, -0.126581172945917, 0.6274572797299134, -1.0594597313863388, 0.13913586183821114, 0.4429417664255178, -0.9521574345671325
27.276560856872667, 0.0, 1.0, 1.0, 0.0, 4.779780983924867, -0.1868233241353713, 0.3310976587023054, 0.0, 0.0, -1.7998145918696309, -0.05807400905305489, -0.18708128361052173, 0.10739549990474705, -1.0108623815192586, 0.09081311794867829, 0.4094249838416532, -1.1717077583078943, -0.01563595435170292, -0.1409701261925586, 0.597102199747117, -1.0594597313863388, 0.13378331710453903, 0.469291695906796, -0.9409895277674322
27.30402583308227, 0.0, 1.0, 1.0, 0.0, 4.775885306767056, -0.19999165466853522, 0.3308797836303711, 0.0, 0.0, -1.797989959183152, -0.04178065683971244, -0.1735066898206743, 0.12758406624099727, -1.0051671744654878, 0.0977722241407368, 0.38611512087021044, -1.1717077583078943, -0.015945594494506863, -0.1563474754931345, 0.5678185189271309, -1.0594597313863388, 0.13042192923527074, 0.5003103059165213, -0.9329913452935578
27.331917975804235, 0.0, 1.0, 1.0, 0.0, 4.771880806514196, -0.21335043021610775, 0.3306362969534738, 0.0, 0.0, -1.7956357537954104, -0.029979285295230185, -0.16438671512470324, 0.15561642495863195, -1.0111697640034651, 0.10436709303072673, 0.36247234827111596, -1.1717077583078943, -0.01632253322551701, -0.17261717374461985, 0.5393563722093753, -1.0594597313863388, 0.12891427831946975, 0.5342428325936017, -0.9289112332935135
27.36018700668401, 0.0, 1.0, 1.0, 0.0, 4.767762435504369, -0.2268716560091288, 0.33036241531372074, 0.0, 0.0, -1.7927774171274102, -0.01832833199605261, -0.155367932304267, 0.1841641197155919, -1.017774158968139, 0.11123933930820547, 0.33894968955712274, -1.1717077583078943, -0.016190435075329267, -0.18945114552105347, 0.5121641479422897, -1.0594597313863388, 0.12893684644043235, 0.5710975523176386, -0.9289112332935134
27.388748969879693, 0.0, 1.0, 1.0, 0.0, 4.763525188991003, -0.24050955091203932, 0.33005402837480824, 0.0, 0.0, -1.7895886004331458, -0.007521125541023265, -0.1463991701426157, 0.2129502283970543, -1.0248416442445816, 0.1180364383922596, 0.3152356113700122, -1.1717077583078943, -0.016104489007651, -0.20621658189925704, 0.4855173543486064, -1.0594597313863388, 0.12973930152453647, 0.6078749017749222, -0.9289112332935135
27.417456620338264, 0.0, 1.0, 1.0, 0.0, 4.759172639165606, -0.25418754816055267, 0.3297095257895334, 0.0, 0.0, -1.7864707596707166, 0.0021770856869016623, -0.13758594899479307, 0.24180377668430042, -1.0328549937748144, 0.1244785203831137, 0.29139275516220076, -1.1717077583078943, -0.01597411483870962, -0.22239412437303535, 0.4595639328886332, -1.0594597313863388, 0.131624294188392, 0.6442671237443693, -0.9289112332935134
27.44613577864003, 0.0, 1.0, 1.0, 0.0, 4.754708611624582, -0.2678145796912054, 0.32932958602905277, 0.0, 0.0, -1.7839423427113357, 0.011720486038251059, -0.12860950710564312, 0.27013235350203335, -1.0422030231248407, 0.13089368348251865, 0.2673404184144065, -1.1717077583078943, -0.015925967667631814, -0.2374616655245548, 0.4337778685607336, -1.0594597313863388, 0.13158628965666302, 0.6792666078003808, -0.9289112332935135
27.474626187596733, 0.0, 1.0, 1.0, 0.0, 4.750135188102723, -0.2813056748253956, 0.3289182213374547, 0.0, 0.0, -1.7824455883693928, 0.021263767719787986, -0.11989711939301417, 0.2980395655885498, -1.0536449601176587, 0.1372743113232507, 0.2433342746260068, -1.1717077583078943, -0.01563243280044423, -0.2510486461923434, 0.4084651253159454, -1.0594597313863388, 0.1272455372833285, 0.7116269464717474, -0.9289112332935134
27.502801038957855, 0.0, 1.0, 1.0, 0.0, 4.745443706512452, -0.2945889561516895, 0.3284866837092809, 0.0, 0.0, -1.7824061566963818, 0.03126568712186191, -0.11133184176951202, 0.32555946116747997, -1.067674862321904, 0.14409050230873596, 0.21953700961810327, -1.1717077583078943, -0.015080800764511834, -0.2630741615979407, 0.38428965611462, -1.06080604425662, 0.11895429799283161, 0.7397100656522664, -0.9289112332935134
27.530574144263124, 0.0, 1.0, 1.0, 0.0, 4.740628371919905, -0.3076138898304528, 0.32805758612496516, 0.0, 0.0, -1.7840978719244094, 0.042894495696470955, -0.1020203974077578, 0.35231366448737, -1.0841009253949507, 0.15280357896592897, 0.19679778689817976, -1.1718066365815667, -0.01450343236624903, -0.2738286221317092, 0.3616135109395078, -1.0640607236965118, 0.10725988638063087, 0.762566862432452, -0.9289112332935135
27.55793678658712, 0.0, 1.0, 1.0, 0.0, 4.735679614203318, -0.3203688240051267, 0.32766993658883237, 0.0, 0.0, -1.7875857479339725, 0.05462391884459119, -0.09271496626000737, 0.37829774195784854, -1.1030438724799452, 0.16180932540399287, 0.17468661117024736, -1.1716437465301268, -0.01376767904408525, -0.2832344645249646, 0.3400990704392928, -1.068212995596894, 0.09261482291116574, 0.7799376107276748, -0.9289112332935134
27.584923016964982, 0.0, 1.0, 1.0, 0.0, 4.7305849811008995, -0.3328631775719776, 0.3273536709376744, 0.0, 0.0, -1.7927490352271778, 0.06744467361850867, -0.08293660308435713, 0.40286583849831004, -1.1243652486346885, 0.17162745063216417, 0.15329883946346448, -1.1703322646551544, -0.013345925618025802, -0.2916852122219769, 0.32007664975141076, -1.0734211454184837, 0.07634933366835765, 0.7918973420844655, -0.9289112332935135
27.611571065984283, 0.0, 1.0, 1.0, 0.0, 4.72532976763589, -0.3451070478984285, 0.32714802605765214, 0.0, 0.0, -1.7993373619770903, 0.08072270267501737, -0.07307743788310676, 0.4255508449412565, -1.1477458708347839, 0.18192433175562012, 0.1321446124655884, -1.1665590504272851, -0.013144659679060717, -0.29975890314121617, 0.3019086665567846, -1.0794513049073082, 0.059160879781135656, 0.7986695838267045, -0.9279413956337306
27.63794123701121, 0.0, 1.0, 1.0, 0.0, 4.719894438471114, -0.3571196944372992, 0.3270758152008057, 0.0, 0.0, -1.8071165527896542, 0.09429278033885302, -0.06333596210525003, 0.4453467976910062, -1.1713857807939205, 0.19255798542465485, 0.11137698768316653, -1.159561181506429, -0.013357346086307953, -0.307721764322341, 0.28544453652493007, -1.085632828891025, 0.04138112023340766, 0.8008748002494726, -0.9272090621559836
27.664081756750953, 0.0, 1.0, 1.0, 0.0, 4.714262071337019, -0.36891410555158316, 0.32714368275233685, 0.0, 0.0, -1.8159709140104983, 0.10733534815775032, -0.05266728912589771, 0.461241032202364, -1.1932782450053805, 0.20287447684444931, 0.09167114937625641, -1.1491367156419787, -0.013802910348157843, -0.3149650681563397, 0.2702572857936397, -1.0882153041057783, 0.023263506971098098, 0.7991720578639344, -0.9264452168854714
27.690009527893302, 1.0, 1.0, 1.0, 1.0, 4.70841804095677, -0.3804860387529643, 0.3273334326062884, 0.0, 0.0, -1.8259049666977858, 0.11938120769421315, -0.041149364556983904, 0.4731599830583186, -1.2129499007332478, 0.21250722777544734, 0.07368429315074035, -1.1356816277115465, -0.014141799361186575, -0.321350408372319, 0.2559482853407384, -1.0838766254930192, 0.004503277738774383, 0.7950376609151356, -0.924987311959178
27.715725469809236, 1.0, 1.0, 1.0, 1.0, 4.702346598080227, -0.3918202788489203, 0.3276161902291434, 0.0, 0.0, -1.8370019414073957, 0.1301259428312059, -0.028929146660899654, 0.48123462904566633, -1.2298628183352134, 0.2210650848660765, 0.05789844888013585, -1.1193483361957672, -0.014419079118705002, -0.32671004271120685, 0.24393233636215242, -1.0741598283635263, -0.01396753233780354, 0.7896464632508449, -0.9233351702949175
27.741229686804363, 1.0, 0.0, 0.0, 1.0, 4.696042420523507, -0.4029051160812375, 0.3279579448699952, 0.0, 0.0, -1.849269665693112, 0.13906724843898624, -0.016379728488280405, 0.4859550463995865, -1.2438290424721814, 0.22802457852418673, 0.04489129175228305, -1.100114248970317, -0.014678727079795522, -0.33088751320455395, 0.23556570600256316, -1.0610274194418843, -0.034218122346500304, 0.784498945397191, -0.921725139315387
27.76653445733724, 1.0, 0.0, 0.0, 1.0, 4.689488780157907, -0.41372789996010884, 0.32832839284624377, 0.0, 0.0, -1.8626633879173562, 0.14591325499501123, -0.00374593898242226, 0.487682076378479, -1.2543932992293354, 0.2329451054847347, 0.035255032214157093, -1.078525922309327, -0.015023402435934075, -0.33368190126381964, 0.2318711487862994, -1.046475577148341, -0.05446723398725027, 0.7790540412046576, -0.920780054701649
27.79161554039759, 1.0, 0.0, 0.0, 1.0, 4.682687875202724, -0.4242641646521429, 0.32869689396449503, 0.0, 0.0, -1.8771589811866138, 0.14972800143087453, 0.008676331663536334, 0.4864244008627635, -1.260568975181192, 0.2348567049087916, 0.029269122039635307, -1.0557413756110956, -0.015141674720431894, -0.3345890943415348, 0.2341535209131658, -1.032135601280466, -0.07409634245181092, 0.7731099952816044, -0.92
27.81648205638379, 1.0, 0.0, 0.0, 1.0, 4.675615393093655, -0.4344899116243632, 0.3290193271636963, 0.0, 0.0, -1.8927021944745122, 0.14924741714281625, 0.020165459323110684, 0.48283450374642406, -1.2627566593855188, 0.2328507797584866, 0.02695375253685191, -1.032903671394695, -0.01511298338401847, -0.33359783686170913, 0.2427838934664343, -1.019519631633423, -0.09350686807043608, 0.7659756445221684, -0.92
27.841115524622264, 1.0, 0.0, 0.0, 1.0, 4.668282982962473, -0.4443862594876968, 0.32927611623491565, 0.0, 0.0, -1.9092160038995554, 0.14478784973312725, 0.030796694631490956, 0.4770811508463031, -1.261409859058226, 0.22751902802582524, 0.028493872607580104, -1.0115189495917967, -0.014857467696561507, -0.3307599337200745, 0.25769980826080385, -1.0095858417020371, -0.1112651396610442, 0.7574767347480854, -0.92
27.865477542537185, 1.0, 0.0, 0.0, 1.0, 4.660711492810931, -0.4539282464981076, 0.329457415172032, 0.0, 0.0, -1.92666699567456, 0.13649311176995163, 0.039961843661689374, 0.4693869498349339, -1.2575561444558432, 0.21949467401235603, 0.033764438913380095, -0.9929186260388115, -0.014385198921845832, -0.326066635137647, 0.27839670310402403, -1.0030907816950432, -0.12936223197573568, 0.7478999185396085, -0.92
27.889532018909772, 1.0, 0.0, 0.0, 1.0, 4.652918536322458, -0.4630892665045599, 0.3295576422555106, 0.0, 0.0, -1.9450881499536432, 0.12470130277652573, 0.047513097490563795, 0.46043421715001603, -1.252144069445956, 0.2096041490222378, 0.04264099337040655, -0.9786974094779309, -0.014032769741460933, -0.31946788189590974, 0.30425213653625566, -1.00145923140086, -0.14664231574861317, 0.7372953123382898, -0.92
27.91323712373165, 1.0, 0.0, 0.0, 1.0, 4.644915958132063, -0.471832363264901, 0.3295837797437396, 0.0, 0.0, -1.9646016162897257, 0.10958223289695755, 0.05328672001928246, 0.45178981507588645, -1.246762684087246, 0.1984375279048794, 0.054931285746989356, -0.9699674492278907, -0.013648997056351852, -0.3108355008129714, 0.33405112524890956, -1.0041453045756745, -0.162802466317621, 0.7257650303153679, -0.92
27.936546653316054, 1.0, 0.0, 0.0, 1.0, 4.636729089873178, -0.48012746606554274, 0.3295477431161063, 0.0, 0.0, -1.9853292052931117, 0.09237075128960748, 0.05699968439657139, 0.44383361893771406, -1.2420452193146727, 0.18706791389047556, 0.0714738426657169, -0.9682854483595256, -0.01306987542443741, -0.2998017152264919, 0.3653044444508109, -1.007451030761784, -0.17839676802483775, 0.7131565504515355, -0.92
27.959420304295918, 1.0, 0.0, 0.0, 1.0, 4.628391810144698, -0.48795630659375844, 0.3294675173078265, 0.0, 0.0, -2.0073594701087036, 0.07025885155722256, 0.056062500074618236, 0.4397093099515917, -1.2421341037035252, 0.17492295804031335, 0.09003522545140263, -0.9692744847322168, -0.012576381644955304, -0.2866949436919309, 0.39675134567880876, -1.0114804560765884, -0.1928422206003037, 0.6988827044281628, -0.92
27.981835776360104, 1.0, 0.0, 0.0, 1.0, 4.619941303389413, -0.4953185265404835, 0.32935954638889864, 0.0, 0.0, -2.0306857879672724, 0.04822237728938813, 0.05410802940950239, 0.43570759097948386, -1.2427862974420028, 0.1630719277471118, 0.1098948011878421, -0.9705166586202693, -0.012075010247443941, -0.2720451568636732, 0.42768110277339755, -1.0162970081485372, -0.206870002556439, 0.6835470694436688, -0.92
28.003775176555063, 1.0, 0.0, 0.0, 1.0, 4.611418405260359, -0.5022246490206034, 0.3292374079568046, 0.0, 0.0, -2.0551990281107524, 0.03171385872223369, 0.055605017467155404, 0.4269987089706025, -1.2383283053420489, 0.15272268789669516, 0.13124326666228534, -0.9721505189750577, -0.01159070680622525, -0.25641619947119415, 0.4577700002533665, -1.0227516434416866, -0.22006098193356485, 0.6664919189054269, -0.92
28.02521498128322, 1.0, 0.0, 0.0, 1.0, 4.602858208247595, -0.5086775037220543, 0.3291143104008266, 0.0, 0.0, -2.080882419979919, 0.009756636964939697, 0.051942970884652086, 0.4230481347639596, -1.2393354336009605, 0.14119885637860935, 0.1520931799501106, -0.9739726967547961, -0.011512443314509613, -0.24035780028638026, 0.48713006120140684, -1.0325852804277325, -0.2333492114094795, 0.6481608301165752, -0.92
28.046201659922314, 1.0, 0.0, 0.0, 1.0, 4.594291533061437, -0.514689071519034, 0.32901327678135467, 0.0, 0.0, -2.107535501851569, -0.006432668775419517, 0.052267141875459, 0.41362788357290264, -1.2342652328339814, 0.1310432679388199, 0.1735358043574959, -0.9758869372677731, -0.011197706390963647, -0.22447074533368766, 0.5152382737621783, -1.0441481404975006, -0.24647440422918585, 0.6295492399828236, -0.92
28.06774178087478, 1.0, 0.0, 0.0, 1.0, 4.585737142562867, -0.5202770607812061, 0.32895338194710877, 0.0, 0.0, -2.1348914554611986, -0.022134444109062783, 0.052468381664165516, 0.4035241261744746, -1.2284606947106, 0.1208636392998231, 0.1945414081369056, -0.9776799043424026, -0.01094002856245496, -0.20940322805163408, 0.5416741884218018, -1.0577270067016065, -0.25919920358398085, 0.6104702717445722, -0.92
28.089560373462728, 1.0, 1.0, 1.0, 1.0, 4.577212300981794, -0.5254725667408532, 0.3289510032108852, 0.0, 0.0, -2.1626010680478918, -0.03696603765533441, 0.05248257129006489, 0.39270877633525964, -1.2219802660092538, 0.11074787578868076, 0.21528090170183428, -0.9793257861566127, -0.010564097337549453, -0.19585758397919248, 0.5664150531545145, -1.072744558221311, -0.27127001680842405, 0.5917792486368627, -0.92
28.111181767502174, 1.0, 1.0, 1.0, 1.0, 4.568734572274344, -0.5303366817746841, 0.32902169500078476, 0.0, 0.0, -2.1900602384779875, -0.05067504348732547, 0.05255534030663757, 0.3808596524116327, -1.2141316707605134, 0.10095659184334511, 0.23568575684096968, -0.9807557679783191, -0.0102455078154939, -0.1845136347041266, 0.5887872003009901, -1.088944486345673, -0.28369989393905315, 0.5730513490370432, -0.92
28.132085189940746, 1.0, 1.0, 1.0, 1.0, 4.560315405981881, -0.5349456003734041, 0.32917310442243314, 0.0, 0.0, -2.2166075849749722, -0.06440931442255861, 0.052356393135263586, 0.36843804957349385, -1.2047836414104869, 0.09098229067207635, 0.25557950774300325, -0.9815966392523039, -0.009802996302133512, -0.17596192854673615, 0.6087485848873287, -1.105593124109104, -0.29425081128583297, 0.555501044169142, -0.92
28.151936716151067, 1.0, 1.0, 1.0, 1.0, 4.55195973941258, -0.5393607309886385, 0.3294089685167586, 0.0, 0.0, -2.241819023262078, -0.07858619653603323, 0.05209992880367398, 0.3554810863764578, -1.193341704417669, 0.08062394964176081, 0.2744273730358736, -0.9815966392523039, -0.009701902622209924, -0.1707235203688147, 0.6257519115448799, -1.1223348835342073, -0.3011467023905251, 0.5396589105826836, -0.92
28.17057354164029, 1.0, 1.0, 1.0, 1.0, 4.543678580692836, -0.543633344514029, 0.3297277205330985, 0.0, 0.0, -2.265319846490795, -0.09323124204437375, 0.05198809571897284, 0.34209097067810923, -1.1793118022134241, 0.07001577285729875, 0.2925946847827892, -0.9815966392523039, -0.009801179844117944, -0.16905930124476423, 0.6391795331330697, -1.136731511144739, -0.3044112113878092, 0.5273683872318583, -0.92
28.188973970915757, 1.0, 1.0, 1.0, 1.0, 4.535471883501326, -0.5477919585364203, 0.3301175240107946, 0.0, 0.0, -2.2869257064658917, -0.10785465043032029, 0.051670309278262064, 0.3287434274154027, -1.1628857391403769, 0.05943619434711121, 0.31005285972131424, -0.9817650653289275, -0.009867405139442625, -0.1707977961090464, 0.6487344994991451, -1.147320742043463, -0.304443665897391, 0.5193300265181852, -0.92
28.207110054603852, 1.0, 1.0, 1.0, 1.0, 4.52735056604658, -0.5518260117939537, 0.3305514308384487, 0.0, 0.0, -2.306687633827816, -0.12386959038353587, 0.05036661818618302, 0.3162936267992473, -1.1439427920553826, 0.04749427220212221, 0.32480402236878325, -0.9801494508908094, -0.009935189000394395, -0.17516379238465155, 0.6540783024426279, -1.1541883533780368, -0.30156366145703795, 0.5162163953823551, -0.92
28.224964052823797, 1.0, 1.0, 1.0, 1.0, 4.519326870782035, -0.5557390192576814, 0.3310035582951137, 0.0, 0.0, -2.3248119950201667, -0.13889156547099044, 0.04986383957760482, 0.30439809242859245, -1.1226214159006394, 0.03650107263559115, 0.33885801232995416, -0.9800655695633239, -0.010095141186514053, -0.18183467646372933, 0.6559029494015298, -1.158678254449418, -0.29676969904468076, 0.5170704362954988, -0.92
28.24249837304973, 1.0, 1.0, 1.0, 1.0, 4.511419696807862, -0.5595257983888896, 0.33143753732953757, 0.0, 0.0, -2.341688367140333, -0.1544159592986279, 0.04910741602403302, 0.294036707082389, -1.099240793700544, 0.025291457286182595, 0.3507529708979614, -0.9813730665519407, -0.010236754229930157, -0.19048375533534112, 0.6542923798491544, -1.1606942948972592, -0.2910498241467906, 0.5214422934652909, -0.92
28.259658883419476, 1.0, 1.0, 1.0, 1.0, 4.503651764733451, -0.5631699732371735, 0.33182946205139163, 0.0, 0.0, -2.357679469838363, -0.17027363820222874, 0.04838380676486485, 0.2856623441064115, -1.074243652186228, 0.014149794237020227, 0.36003655212204067, -0.9847022576261244, -0.010451036178969085, -0.20084777889949973, 0.6492207957830108, -1.1604011085633457, -0.28471417317230646, 0.5289313846841898, -0.92
28.276400326157848, 1.0, 1.0, 1.0, 1.0, 4.49604208946228, -0.5666573531287054, 0.33216935566493444, 0.0, 0.0, -2.373061279326485, -0.18632952650001883, 0.04618806889888168, 0.28037316094643594, -1.04931481924168, 0.003234052833779017, 0.3656994330906896, -0.9893835371242217, -0.010491909747917997, -0.2133828010924275, 0.6407101752600931, -1.156708407551109, -0.27799428382946983, 0.5389455928392296, -0.92
28.292713025874566, 1.0, 1.0, 1.0, 1.0, 4.488598378045219, -0.56999160017286, 0.3324690914154053, 0.0, 0.0, -2.3879259724204296, -0.20167313218707852, 0.04287434700118028, 0.2781035652660469, -1.0251476124108532, -0.006664119660847656, 0.3674001781882808, -0.9942229058907994, -0.010787548701223268, -0.2282788506914689, 0.6288873224128286, -1.1505596696156843, -0.2704347968001247, 0.5504540343533929, -0.92
28.308600342946814, 1.0, 1.0, 1.0, 1.0, 4.481324156352453, -0.5731833723613191, 0.33274959564208995, 0.0, 0.0, -2.402341375339547, -0.21682854313728023, 0.03784491284069592, 0.27901561397179003, -1.0024817595421116, -0.015609030161373393, 0.36371693796117055, -0.996315258749738, -0.011338574395585246, -0.2456160112894328, 0.6150252847441929, -1.1445735312549303, -0.26195673821687293, 0.5623476017655198, -0.92
28.324080280150504, 0.0, 1.0, 1.0, 0.0, 4.474216361727033, -0.5762470906121387, 0.33303836141313825, 0.0, 0.0, -2.416322504267709, -0.22977406934795072, 0.03267211419061748, 0.28228515351114397, -0.9816503960911358, -0.0222149659949269, 0.35520123800092096, -0.9950395254100889, -0.011817290311418515, -0.2650918756826185, 0.5996280147284972, -1.138548310162011, -0.2510669130237277, 0.5728929265818186, -0.92
28.339153229592227, 0.0, 1.0, 1.0, 0.0, 4.467282748903548, -0.579200641768319, 0.3333535861968994, 0.0, 0.0, -2.4298641742137326, -0.23826080340285433, 0.02922670064182396, 0.2870224810268981, -0.9633209998333918, -0.025562762922058956, 0.3428674942359665, -0.9902208727896077, -0.012381243625811254, -0.2868183648348283, 0.5826787050207597, -1.1325795206137808, -0.23999170296326103, 0.5826282284243923, -0.92
28.353837550334987, 0.0, 1.0, 1.0, 0.0, 4.460526845114573, -0.5820755474908008, 0.3337052372523717, 0.0, 0.0, -2.442959551953969, -0.24256389487544608, 0.02685963689418825, 0.29351128162013235, -0.94874278171412, -0.025759297812167962, 0.32857356992630926, -0.9855187170911617, -0.01287014663044288, -0.3100940788753927, 0.5646399094878922, -1.1268588300480091, -0.229255969506258, 0.5922774833440607, -0.92
28.36813652742638, 0.0, 1.0, 1.0, 0.0, 4.453953068596976, -0.5848863567624771, 0.33409998893737797, 0.0, 0.0, -2.455599697614205, -0.24406921905327764, 0.024131116387733405, 0.3020762701125285, -0.9380118441578899, -0.023225849949425593, 0.3125932014060459, -0.9815128929438733, -0.013245054970284878, -0.3346554118033617, 0.5457071201622442, -1.1213762672798135, -0.218437738404498, 0.6027901329551967, -0.92
28.382094400148166, 0.0, 1.0, 1.0, 0.0, 4.44753733089992, -0.5876329660415646, 0.3345423357827323, 0.0, 0.0, -2.4677817176928385, -0.24320394899845468, 0.020796215534462086, 0.31270515287080347, -0.9310208759848317, -0.018397377307717806, 0.29550090760564973, -0.9783560301618561, -0.0136868750406343, -0.36037056434145726, 0.5260886413562998, -1.1166081913024803, -0.20905998720185343, 0.6139372045992598, -0.92
28.395771925457055, 0.0, 1.0, 1.0, 0.0, 4.4412473106384285, -0.5903170524324687, 0.3350276470184327, 0.0, 0.0, -2.4794998500883048, -0.24023303326397258, 0.017281307892281297, 0.3253648055748669, -0.9271014639571981, -0.01176572375167868, 0.2781572972865148, -0.9762060756458995, -0.014213497601160618, -0.38707576489092255, 0.5059671311890069, -1.1125953850636916, -0.19914857288044516, 0.6252981489010764, -0.92
28.409228654941565, 0.0, 1.0, 1.0, 0.0, 4.43505152293614, -0.5929406200136454, 0.33555354799543113, 0.0, 0.0, -2.490724732134726, -0.23543971807275296, 0.013703110150546873, 0.3395299970124914, -0.9255752916874241, -0.003862594946859244, 0.26129867262580553, -0.9750593495361614, -0.01457128824983327, -0.41464432132496726, 0.4854100850027507, -1.1085245922656435, -0.18977715093376674, 0.6370771684358576, -0.92
28.422519871275558, 0.0, 1.0, 1.0, 0.0, 4.428921248572213, -0.595506520271301, 0.33611865179879324, 0.0, 0.0, -2.5013998225156002, -0.22902631199873938, 0.010169891227612802, 0.3537846532821132, -0.9250194085777782, 0.005013594788322798, 0.2451746513641107, -0.9749494041469451, -0.014988855193734829, -0.44302000955900145, 0.46467219029672974, -1.1050101077703316, -0.18108525968425543, 0.6487353365595326, -0.92
28.435700719928423, 0.0, 1.0, 1.0, 0.0, 4.4228218555450445, -0.5980027369090486, 0.3367179870605469, 0.0, 0.0, -2.5115655960525056, -0.2222301755256986, 0.006921112686582057, 0.3678897001503983, -0.9249781224008009, 0.014006591384721831, 0.22875352646298422, -0.9746866382399544, -0.015399118777252824, -0.4720749917624291, 0.4438292536406075, -1.101704381584222, -0.1725077648532848, 0.6606892378317734, -0.92
28.448812215422247, 0.0, 1.0, 1.0, 0.0, 4.41671661240714, -0.6003910071509221, 0.3373447077614921, 0.0, 0.0, -2.5213502819405496, -0.21566478733889838, 0.003979529716790317, 0.38176475397740145, -0.9248892380119482, 0.02267999687014106, 0.21159023666711765, -0.9736976018672632, -0.015625927877291203, -0.5015548002251563, 0.4227894125720146, -1.0976749562694175, -0.16492518469513032, 0.6736753914157289, -0.92
28.461884648350438, 0.0, 1.0, 1.0, 0.0, 4.410575933456422, -0.6026302453449791, 0.33799020494733545, 0.0, 0.0, -2.530910313875957, -0.20909222808744815, 0.0014370942387301072, 0.39499683936101443, -0.924237044273471, 0.031208205803247898, 0.19401174097847346, -0.9724554279792107, -0.015912770959727884, -0.5309849342695084, 0.40158339529574943, -1.0928584041974687, -0.15772797416459006, 0.686700726249535, -0.92
28.474964017913564, 0.0, 1.0, 1.0, 0.0, 4.404367310660226, -0.6046846260343276, 0.33864431108747217, 0.0, 0.0, -2.540468969057746, -0.20273435064887355, -0.0010650075971887518, 0.40783586161828683, -0.9234915603147213, 0.03939707113457379, 0.1759128624396798, -0.9708215676244223, -0.01626374665384372, -0.559825338627358, 0.38015985128461777, -1.0864037689043196, -0.15087885451258165, 0.7002867813861945, -0.92
28.488079844867777, 0.0, 1.0, 1.0, 0.0, 4.398072240012033, -0.6065226452691211, 0.3392954049791609, 0.0, 0.0, -2.5503282383931567, -0.1962569940595212, -0.0034324931453739056, 0.42014214871604627, -0.9224843916011671, 0.047418721807671024, 0.15754163570471316, -0.9689993898446838, -0.016271617400264723, -0.587570089141938, 0.35837127159952903, -1.0765701319182734, -0.14372784024235577, 0.7143900287398444, -0.92
28.501232623635524, 0.0, 1.0, 1.0, 0.0, 4.391690498079573, -0.6081108100073676, 0.3399164744785854, 0.0, 0.0, -2.5608240381795158, -0.18874537888718482, -0.0049956009861223385, 0.43176072263863563, -0.9215520028301692, 0.05540012313095394, 0.13920469540534725, -0.9670851493317069, -0.01660568919199502, -0.6138188712607671, 0.336811215909817, -1.0650072718485055, -0.13596909798950618, 0.7282603650622291, -0.92
28.51440360775476, 0.0, 1.0, 1.0, 0.0, 4.385237071173532, -0.6094230549676075, 0.3404856313977923, 0.0, 0.0, -2.5722390410442366, -0.1792284695297681, -0.005107327359235436, 0.4423877348127473, -0.9211708534146092, 0.06402982498532578, 0.12121152739990956, -0.9652921822570775, -0.01700522483775598, -0.6373562913921597, 0.3156944406382891, -1.0514284056443997, -0.12845359997426758, 0.7415041518692126, -0.92
28.527587918697677, 0.0, 1.0, 1.0, 0.0, 4.37872393335615, -0.6104406745093206, 0.3409840079716274, 0.0, 0.0, -2.5848201961218877, -0.1679914179442776, -0.003975951389787326, 0.4519650466221951, -0.9214223366290354, 0.07300580770949015, 0.10366595743268416, -0.9636463004428671, -0.017394771916177186, -0.6580029151617109, 0.2957607042791244, -1.036410854124695, -0.12012545027985104, 0.7545347229892763, -0.92
28.540796006201266, 0.0, 1.0, 1.0, 0.0, 4.37215729032244, -0.6111425243105204, 0.34139705930437364, 0.0, 0.0, -2.5988907047806795, -0.15673791526439107, -0.0032962208192467784, 0.4617591691388107, -0.9238303922142324, 0.08210114283565294, 0.08626865615603785, -0.962216318621161, -0.017782332494364624, -0.6754334543060353, 0.2768298052033604, -1.0202109260003331, -0.11192499919138398, 0.7668513217118924, -0.92
28.55403916596629, 0.0, 1.0, 1.0, 0.0, 4.365545684269497, -0.6115058224541797, 0.3417143358503069, 0.0, 0.0, -2.6146793712869276, -0.14582311929358108, -0.0034586341782773247, 0.47172205296488057, -0.9284701411766082, 0.09111259269664952, 0.06932310218964498, -0.9613754473471762, -0.01824689196819926, -0.6898103317625182, 0.2591627077436776, -1.003562288236902, -0.10326527182250787, 0.778533429667412, -0.92
28.567879080110306, 0.0, 1.0, 1.0, 0.0, 4.358901863098145, -0.6115123673847741, 0.3419277218409947, 0.0, 0.0, -2.6322560622498243, -0.13432530088457265, -0.0035253298588532773, 0.48095308368616874, -0.9347404301344434, 0.10049573189035123, 0.052896072392290626, -0.9613754473471762, -0.018652561521722715, -0.7008900570567655, 0.24356076896210044, -0.9868205288117989, -0.09397978824657682, 0.7897442529222987, -0.92
28.58312688056188, 0.0, 1.0, 1.0, 0.0, 4.352240640095302, -0.6111472681590486, 0.34203290666852687, 0.0, 0.0, -2.6516207688233275, -0.12232465694200001, -0.003335921747405618, 0.4891154340219363, -0.9424357082557119, 0.10997410915203809, 0.03688901906827636, -0.9613754473471762, -0.019067675711670395, -0.7088221605263889, 0.22998359197326662, -0.9710775883309859, -0.08423978685102611, 0.8000987239616852, -0.92
28.59973219957747, 0.0, 1.0, 1.0, 0.0, 4.345581783567157, -0.6104081269672935, 0.342033748626709, 0.0, 0.0, -2.6727095239731264, -0.11103482524247311, -0.0037374111628666272, 0.49684559590603616, -0.9523378335667884, 0.11910210684630629, 0.02095187697694892, -0.9611081429968801, -0.019528976052835528, -0.713568321541287, 0.21867445250710552, -0.9572336779923701, -0.07477486432541088, 0.809611874240591, -0.92
28.617594644268475, 0.0, 1.0, 1.0, 0.0, 4.338939225333078, -0.6093179423468451, 0.34194513184683667, 0.0, 0.0, -2.695394828730705, -0.09838001417252727, -0.00281269040743581, 0.502777475335923, -0.9635976803902951, 0.12936401458275834, 0.006560233265860057, -0.9611081421855692, -0.020166333006322236, -0.7159467785826139, 0.21030282001923623, -0.9462137947574142, -0.0653310958780113, 0.8190401975290571, -0.92
28.636612985160905, 0.0, 1.0, 1.0, 0.0, 4.332320470809937, -0.6078791284561155, 0.34177684647696366, 0.0, 0.0, -2.7195481216640904, -0.08721471000288562, -0.0025108764764228894, 0.5077324955220786, -0.9760208342307424, 0.1382668139095713, -0.008188989975667178, -0.9585006242406277, -0.020745347414467534, -0.7162605443021309, 0.20415133463573895, -0.9365157438644431, -0.05705782606333869, 0.8275068469693373, -0.92
28.656658199124855, 0.0, 1.0, 1.0, 0.0, 4.325728693008423, -0.6061022615432737, 0.3415461717333113, 0.0, 0.0, -2.7450055433983076, -0.07620673466318559, -0.0016536745076991158, 0.5111402911187702, -0.9893105224763349, 0.1469349245378857, -0.02120393724284477, -0.9548665521282783, -0.02113892938579567, -0.7144448229831161, 0.2006344993993072, -0.9284695439277775, -0.05020754434080747, 0.8340999004275353, -0.92
28.67763501427094, 0.0, 1.0, 1.0, 0.0, 4.319162902832032, -0.603999578612191, 0.34127937998090474, 0.0, 0.0, -2.7716460986338345, -0.06586094113628131, -0.0005933337128762337, 0.5130696427873912, -1.003314482204568, 0.15489472852306466, -0.03202479393566959, -0.9496338336357079, -0.020749820214466506, -0.7105800595815899, 0.20057200361382893, -0.9225812062779741, -0.04451078337350618, 0.8388645251726924, -0.9211038876834496
28.699488279110543, 1.0, 1.0, 1.0, 1.0, 4.312623310089111, -0.6015837798799785, 0.34100565365382607, 0.0, 0.0, -2.799399744980132, -0.05546041276174367, 0.0013346145594893939, 0.5129004420843867, -1.0172498114656743, 0.16245886847494678, -0.039565244252816996, -0.9433041943301893, -0.020626314381040574, -0.7048811857738887, 0.20333551503420932, -0.9200000154933988, -0.04047718542220191, 0.8412210998667016, -0.924133787527498
28.722215377533026, 1.0, 1.0, 1.0, 1.0, 4.306117839813233, -0.5988625260761803, 0.3407428169250489, 0.0, 0.0, -2.8282631599766823, -0.04532025889793511, 0.003968886173630999, 0.5106361585161607, -1.0305011838095288, 0.16918945403106725, -0.04348362363991286, -0.9367621878845084, -0.020258044175287076, -0.6971314452121671, 0.2090645676510763, -0.92, -0.0400170209810257, 0.8392395454689755, -0.9244381117917708
28.745759259229995, 1.0, 1.0, 1.0, 1.0, 4.299657173156739, -0.5958391250882827, 0.3405027416774205, 0.0, 0.0, -2.8581638897318355, -0.0347137811107948, 0.007973419407275665, 0.5059424636077258, -1.0425788121067117, 0.1752874604750292, -0.04242361129188948, -0.9325541629524051, -0.01990915352845393, -0.6873229494240721, 0.2166999185080856, -0.9209610840347427, -0.04310572357418207, 0.8345192954356536, -0.9244381117917708
28.77003168433322, 1.0, 1.0, 1.0, 1.0, 4.293253182002476, -0.5925146354947769, 0.3402890191759383, 0.0, 0.0, -2.8889898696129306, -0.025629498323803408, 0.011858829963848764, 0.4993197544146066, -1.0532654583238827, 0.17943920272096806, -0.037082910220889595, -0.9308644086036816, -0.01947125184999604, -0.6756402213967695, 0.22572724979856615, -0.9219107314663801, -0.04824223970680559, 0.8279948555693785, -0.9244381117917708
28.7949790269447, 1.0, 1.0, 1.0, 1.0, 4.286921166011266, -0.5888847821099414, 0.34010455948965895, 0.0, 0.0, -2.920672994729508, -0.01984100233894967, 0.01409790990217617, 0.4910034689984015, -1.062011387995143, 0.1810661256582277, -0.028289109162431065, -0.9319055324920954, -0.018815849041494047, -0.6620746935378442, 0.23614951652007213, -0.922710644697534, -0.054454330447885536, 0.8193801637407017, -0.9244381117917708
28.820559210540292, 1.0, 1.0, 1.0, 1.0, 4.280679182325091, -0.5849422788619992, 0.3399482413700649, 0.0, 0.0, -2.9531598278959135, -0.017258261540172713, 0.014793004346906766, 0.480817201394791, -1.0686467286245844, 0.18022611444075018, -0.01787189550204566, -0.9319942072481258, -0.01837210817424504, -0.6474926179353931, 0.24767122729656216, -0.9239912742496539, -0.06266335242194158, 0.8086726254026736, -0.9244381117917708
28.846796599692812, 1.0, 1.0, 1.0, 1.0, 4.274544127328055, -0.5806828178678237, 0.3398112433297294, 0.0, 0.0, -2.9864813121196128, -0.016471969968179373, 0.01515350920866461, 0.4682772470133974, -1.0735213409108553, 0.17761709994664687, -0.005271867660141802, -0.9325500222311011, -0.018002289069997592, -0.6321027558807923, 0.2601244975233581, -0.9253527174881618, -0.07234137537341434, 0.7960899591741376, -0.9244381117917708
28.87372620391772, 1.0, 1.0, 1.0, 1.0, 4.268532954624721, -0.576102452278137, 0.3396794795989991, 0.0, 0.0, -3.020681909485247, -0.017188407406654994, 0.015477823418136838, 0.4530598202968065, -1.0759075641556939, 0.17321353081123397, 0.00875944831657915, -0.9325500222311011, -0.017638126706435497, -0.615898932638575, 0.27343881322587466, -0.92671595539399, -0.08410120355186093, 0.7829184982306676, -0.9244381117917708
28.901364770936542, 1.0, 0.0, 0.0, 1.0, 4.262665061950684, -0.5711931875773836, 0.3395402812957764, 0.0, 0.0, -3.0557828895991515, -0.019408392349543748, 0.015891972146220037, 0.43543617679296837, -1.0759075641556939, 0.16765305575247252, 0.023558964399985442, -0.9325500222311011, -0.017273322487108448, -0.598900690809777, 0.28752405587902735, -0.9280890825048413, -0.09605135152790209, 0.7688539030554157, -0.9244381117917708
28.92973923798965, 1.0, 0.0, 0.0, 1.0, 4.256961645398822, -0.5659492158889768, 0.33937741415841244, 0.0, 0.0, -3.0918184627566, -0.023464643392236743, 0.016195740696510728, 0.41655017365509156, -1.0759075641556939, 0.16113719957586684, 0.038194346298533535, -0.9325500222311011, -0.017040277755508124, -0.580466411033281, 0.3022769796353358, -0.9301451807099835, -0.10829180605556525, 0.7538383386815147, -0.9244381117917708
28.95888807993088, 1.0, 0.0, 0.0, 1.0, 4.25144424710955, -0.5603655072620934, 0.33918515341622496, 0.0, 0.0, -3.128837492021963, -0.02840760506588032, 0.01668845721794829, 0.3962358066763217, -1.0759075641556939, 0.15419807433131497, 0.052803810705058005, -0.9325500222311011, -0.016806654023863332, -0.5603882987052823, 0.31746877671919105, -0.932248522926635, -0.11996243838092584, 0.7381417893916172, -0.9244381117917708
28.9888016948054, 1.0, 0.0, 0.0, 1.0, 4.246135730743409, -0.5544442837578908, 0.3389591598510743, 0.0, 0.0, -3.1668277829126033, -0.03408365381085275, 0.017108335609231307, 0.37468479740305477, -1.0759075641556939, 0.1470467046519505, 0.06735023102479995, -0.9325500222311011, -0.016434519674722953, -0.5386615150218075, 0.3329311684077059, -0.9336602600109867, -0.13068387653845331, 0.7221152642027178, -0.9244381117917708
29.019405104957322, 1.0, 0.0, 0.0, 1.0, 4.241051213400705, -0.5482139321735924, 0.3386955492837088, 0.0, 0.0, -3.2056941138055466, -0.03974137600623125, 0.01740414631248897, 0.35217700204100993, -1.0759075641556939, 0.13997454518109004, 0.08190136325398502, -0.9325500222311011, -0.016097480363459, -0.5153264300710428, 0.3486835532053733, -0.93464655123515, -0.14028040672733594, 0.7049784986429583, -0.9244381117917708
29.05065883530416, 1.0, 0.0, 0.0, 1.0, 4.2361890329633445, -0.5416962017331802, 0.3383939116341728, 0.0, 0.0, -3.2453863513460304, -0.04584322346414511, 0.017415841189723474, 0.3294332818589999, -1.0759075641556939, 0.13278276073084908, 0.09645366283406602, -0.9325500222311011, -0.015858029504242036, -0.49045776943775293, 0.3646652082128254, -0.9351107599383409, -0.14861488784226215, 0.6870176968526914, -0.9244381117917708
29.082509634324968, 1.0, 0.0, 0.0, 1.0, 4.2315488624572755, -0.5349098430361063, 0.3380549975803921, 0.0, 0.0, -3.285836866102458, -0.05208419264862103, 0.0172218097111987, 0.30670211495082506, -1.0759075641556939, 0.1256511983765374, 0.11120321423906802, -0.9325500222311011, -0.015805780420607606, -0.46421224859088894, 0.38084587216172316, -0.9351809791532889, -0.15581733411399484, 0.6682028077834883, -0.9244381117917708
29.11478771368236, 1.0, 0.0, 0.0, 1.0, 4.2271314702715195, -0.5278786175591602, 0.3376830073765346, 0.0, 0.0, -3.326830026886347, -0.05882878917217519, 0.01709396100623374, 0.2845253823191643, -1.0759075641556939, 0.11836059378945356, 0.12594120753040774, -0.9325500222311011, -0.015949513197248032, -0.436802609283849, 0.39735228880145196, -0.935180979153289, -0.1618803054616001, 0.6487122884924066, -0.9244381117917708
29.147316909134037, 1.0, 0.0, 0.0, 1.0, 4.222920736585345, -0.520629902567182, 0.33727732794625426, 0.0, 0.0, -3.3681421051099774, -0.06616228315246729, 0.01645101765443136, 0.26325184740336277, -1.0759075641556939, 0.11131795801792081, 0.14078617612461256, -0.9325500222311011, -0.015490341898530671, -0.4086020702855245, 0.4146804087851848, -0.9351809791532889, -0.16693754945677472, 0.6293709078477906, -0.9246467090687248
29.179890249034848, 1.0, 0.0, 0.0, 1.0, 4.218884034837996, -0.5131894772393361, 0.3368402944292342, 0.0, 0.0, -3.409510246784007, -0.07549865692382376, 0.014422555359100626, 0.24337615590063286, -1.0754888567299612, 0.10353697972673244, 0.1554589895999725, -0.9325500222311011, -0.01501398223614477, -0.38081794370197286, 0.43226757317752146, -0.935180979153289, -0.17061821291563953, 0.6112953615076224, -0.927560439239613
29.2123138377026, 1.0, 0.0, 0.0, 1.0, 4.214995833805629, -0.5055759586606704, 0.33638074057442807, 0.0, 0.0, -3.450688204392048, -0.0865974225621271, 0.011040010933330126, 0.22509866348553892, -1.0746503169404387, 0.09529855509024278, 0.16975776186744337, -0.9325500222311011, -0.014638497604454933, -0.35374906655132415, 0.4495194770765823, -0.9351809791532889, -0.17409852663222886, 0.5935808169301279, -0.9324440727463063
29.244330007389276, 1.0, 0.0, 0.0, 1.0, 4.211242133549281, -0.4978072077887397, 0.335905773980277, 0.0, 0.0, -3.4913487398941285, -0.09881081494551361, 0.007393345395858615, 0.20757869588976946, -1.0720775070737496, 0.08607054898282554, 0.18346729953218102, -0.9325500222311011, -0.014161213309781987, -0.32767944751727957, 0.46699295608032937, -0.935180979153289, -0.17652294315956857, 0.5772029846910074, -0.9385048439943613
29.27571485593249, 1.0, 0.0, 0.0, 1.0, 4.207597402845111, -0.48989848477499803, 0.3354236589159285, 0.0, 0.0, -3.531207497544006, -0.11131724515850969, 0.003922040403748635, 0.19042885834046305, -1.0674377581113736, 0.0764437788302601, 0.19668261096479114, -0.9329823043772325, -0.013424480660454489, -0.30270367663611925, 0.4857895896454318, -0.9379752238832263, -0.17853500802090985, 0.5615945248450575, -0.9449661362741125
29.30629813067516, 1.0, 0.0, 0.0, 1.0, 4.204033437456404, -0.4818638794762745, 0.3349469048636301, 0.0, 0.0, -3.570048256467197, -0.12294478935161882, 0.000774884325713253, 0.17372167673494027, -1.0611674691535384, 0.06766283798788757, 0.21113270230414902, -0.9357780138258877, -0.01248893203638654, -0.27948800230878257, 0.5053865753332681, -0.9448671306443631, -0.1802432247075882, 0.5469977822109674, -0.9516730321673065
29.335964013642393, 1.0, 0.0, 0.0, 1.0, 4.200525291987828, -0.4737113319124492, 0.3344825567517962, 0.0, 0.0, -3.607723927835585, -0.13507176264592255, -0.002929636808150403, 0.15874435092073605, -1.0545329784903397, 0.058772795909036515, 0.2257196834132456, -0.940210058872567, -0.011565734286712996, -0.258245891169019, 0.5254653943676759, -0.956340450748231, -0.18193085853914243, 0.5334468826149865, -0.9587887845300701
29.364649001025388, 1.0, 0.0, 0.0, 1.0, 4.197047947474888, -0.4654574714388164, 0.3340302658081056, 0.0, 0.0, -3.6441538618119886, -0.14636587607663215, -0.006259660986693618, 0.14488673698203577, -1.0468320862185465, 0.050316784732589034, 0.2409996230759993, -0.9466938587253081, -0.01067737635257743, -0.23981836632101255, 0.545209073359456, -0.9725343711365086, -0.1829386415546678, 0.5212458722401213, -0.9664191115639135
29.39236165113929, 1.0, 0.0, 0.0, 1.0, 4.193578305925643, -0.4571180227824618, 0.3335880742754256, 0.0, 0.0, -3.6793489274566453, -0.15800721293332362, -0.010507506527789146, 0.1333050234900614, -1.0392485602280126, 0.04161544116640482, 0.2562303855537869, -0.9550050265764269, -0.0098508899505417, -0.22410405970296582, 0.5629998624799523, -0.9922204755701906, -0.1836694135849273, 0.5091597238401839, -0.974420651719587
29.419187937002672, 1.0, 0.0, 0.0, 1.0, 4.190103105817522, -0.44870599406106104, 0.33315176827566967, 0.0, 0.0, -3.7134183105031426, -0.16881346220154447, -0.015050211857002158, 0.12359809193289022, -1.031389443659014, 0.03359270097682324, 0.2718353628766889, -0.9660236591880302, -0.008888302559618507, -0.20879587696563398, 0.5778000115342913, -1.0132843736594526, -0.183321548551612, 0.49878371931036486, -0.982450209183077
29.445135039344954, 1.0, 0.0, 0.0, 1.0, 4.186612352643695, -0.4402347244535171, 0.33271753174918045, 0.0, 0.0, -3.7463711304778404, -0.17926042804939807, -0.020245590636947478, 0.11615220856180716, -1.023809289495593, 0.025841430948460153, 0.2865236448469619, -0.9784037906484384, -0.007586279448374102, -0.19397916461488837, 0.5886142381814748, -1.0340147212048998, -0.18138736107174297, 0.4909868409766221, -0.989522299725316
29.47017560393791, 1.0, 0.0, 0.0, 1.0, 4.183100354330881, -0.43171519756317117, 0.3322745759146555, 0.0, 0.0, -3.778172647510894, -0.1886703077082144, -0.025547559358277978, 0.11071128759834073, -1.0164116696044547, 0.018901605463688836, 0.2999392438947624, -0.9921795704415262, -0.0071074363125713256, -0.17970561519636122, 0.5937585962929032, -1.0539728379643172, -0.17808123251103883, 0.48586598308044593, -0.9957809811457702
29.4942860983842, 1.0, 0.0, 0.0, 1.0, 4.179564939226424, -0.4231538534164426, 0.3318128054482597, 0.0, 0.0, -3.8087929754576844, -0.19691463880653087, -0.03090049405036453, 0.10747828711768291, -1.0097000589586347, 0.0130273812032788, 0.31147781284565174, -1.0068874949659805, -0.006697913087408186, -0.1659461863957937, 0.5937220492714771, -1.0716299454353084, -0.17286988790127084, 0.4839259671027829, -1.000224750393099
29.517414273827836, 1.0, 0.0, 0.0, 1.0, 4.176004006522043, -0.4145518418720788, 0.3313350759233748, 0.0, 0.0, -3.8381657582711, -0.2036950527580959, -0.03602928105429696, 0.10641712391817483, -1.0039374577828808, 0.00856280493780619, 0.3203832338060077, -1.021608830762021, -0.00646779544050531, -0.15269391815728434, 0.5885274070744868, -1.085616156685294, -0.16398934592417283, 0.48653390887590314, -1.0071892873321864
29.53952421641487, 1.0, 0.0, 0.0, 1.0, 4.17241257258824, -0.4059045757566177, 0.3308423587254116, 0.0, 0.0, -3.866245385356634, -0.20876910576282076, -0.04064904855285384, 0.10750934354776744, -0.9993373126699548, 0.005709891825423446, 0.32599173733007303, -1.0355492389135326, -0.006287363966085867, -0.13987492777565355, 0.5787684656117463, -1.0941414701344565, -0.15242949095478625, 0.492136069375334, -1.0143683927470097
29.56062435284377, 1.0, 1.0, 1.0, 1.0, 4.168781367710659, -0.39720785481589166, 0.3303295380728586, 0.0, 0.0, -3.893042558621339, -0.21140757709388175, -0.04421124174747555, 0.11050945404229677, -0.9958827342927379, 0.004845244274587623, 0.3280043234548126, -1.0480849205455216, -0.0061472521029981905, -0.12761481355829493, 0.565621784993606, -1.0974722010985196, -0.13919401871678078, 0.5000592144083855, -1.0205176055945107
29.580684833618495, 1.0, 1.0, 1.0, 1.0, 4.1650903701782225, -0.38846209594181585, 0.32978993960789277, 0.0, 0.0, -3.9185193692052374, -0.21161947699741937, -0.04661531331858097, 0.11558708687722986, -0.993818911402255, 0.005819271482260672, 0.3261943988662934, -1.0588437184816126, -0.006166534948270802, -0.11610339450009095, 0.5501665339463674, -1.097315814993967, -0.12493869960439972, 0.5110114748008836, -1.0261821336346344
29.59981988580907, 0.0, 1.0, 1.0, 0.0, 4.1613204847063345, -0.3796686029434202, 0.32922058922903885, 0.0, 0.0, -3.9426441439157496, -0.20913651850076473, -0.04754420096627875, 0.12272105806951243, -0.9931131154099049, 0.008564528588530393, 0.3206034326750472, -1.0673497798593015, -0.006178586707936855, -0.10553394402765304, 0.5340501247783205, -1.096035185441847, -0.10900379059003575, 0.5244597454191406, -1.031099528983137
29.619131387536328, 0.0, 1.0, 1.0, 0.0, 4.1574564416067945, -0.3708197219031195, 0.32862766402108334, 0.0, 0.0, -3.965349437795146, -0.20362417694883742, -0.046691102043630306, 0.13160175482687586, -0.9931162656444259, 0.012846966390195854, 0.31079594587386605, -1.0712962813232645, -0.006229058546471052, -0.09589522236510353, 0.5183150036488658, -1.0946737422033392, -0.09203120485695833, 0.5397373398554517, -1.0339555133895344
29.638644984903785, 0.0, 1.0, 1.0, 0.0, 4.153484521593367, -0.36190798963819215, 0.32802185876028883, 0.0, 0.0, -3.9865845341712403, -0.1952709498856934, -0.044230434614324764, 0.14227960470592613, -0.9940932264426497, 0.018660992541670106, 0.29727225675438856, -1.0712962813232643, -0.0065834112047307245, -0.08702080171272306, 0.5026096397357159, -1.093310504297511, -0.07363149895167409, 0.5549953937063102, -1.0339555133895344
29.65837583435416, 0.0, 1.0, 1.0, 0.0, 4.149390444074359, -0.3529321813583372, 0.3274146134512766, 0.0, 0.0, -4.006337824142206, -0.1851194001638608, -0.04106956057188904, 0.15520063469947593, -0.9966448916983274, 0.02547011219004585, 0.28206470545657203, -1.0712962813232643, -0.00669963818126292, -0.07894861792868756, 0.4876929657743205, -1.0922313095729057, -0.05590126120381818, 0.5720485518403793, -1.0339555133895344
29.678338467703867, 0.0, 1.0, 1.0, 0.0, 4.145165097372873, -0.3438893318176267, 0.32682229178292416, 0.0, 0.0, -4.024591176265512, -0.173155797802461, -0.03727553243982198, 0.16941130495540316, -0.9985098210128595, 0.03334877266481479, 0.2659789149618482, -1.0712962813232643, -0.006793559736542665, -0.07235987299775, 0.47365814074041496, -1.0920567037901, -0.04033159863247275, 0.5895289942287422, -1.0339555133895344
29.698527241591105, 0.0, 1.0, 1.0, 0.0, 4.140798481532506, -0.33478827067783884, 0.3262466444287982, 0.0, 0.0, -4.041281907029588, -0.1604339537501376, -0.033260347403161805, 0.18509821901496468, -0.9996681545570124, 0.04140284798105619, 0.2483609597282668, -1.0712962813232643, -0.006550625611758949, -0.0673604698170863, 0.46058885131928073, -1.0919505976203525, -0.027456616801950266, 0.6073923348057911, -1.0339555133895344
29.71893120921515, 0.0, 1.0, 1.0, 0.0, 4.13628759111677, -0.32563773291451564, 0.32569044249398377, 0.0, 0.0, -4.0564036120276, -0.14789086109254407, -0.0294385312461982, 0.20281249812878283, -1.0009322255545372, 0.050203775736167036, 0.2295728475705392, -1.0712962813232643, -0.006809520735455072, -0.06394304616567804, 0.44854576750024416, -1.0943745816342656, -0.0172011428797431, 0.624894453058296, -1.0339555133895344
29.739541568975646, 0.0, 1.0, 1.0, 0.0, 4.131638126373291, -0.31644103731427853, 0.32515395028250565, 0.0, 0.0, -4.069995465794491, -0.1358564190676253, -0.025415687671971953, 0.2218509325649687, -1.0018676102254265, 0.05872247938495868, 0.21034682923514728, -1.0712962813232643, -0.00682438576547255, -0.06197788721894087, 0.43740278672475996, -1.0972586123795314, -0.008717592557346648, 0.6432665379658545, -1.0339555133895344
29.76035453040836, 0.0, 1.0, 1.0, 0.0, 4.126866196223668, -0.307193144389561, 0.3246410397120885, 0.0, 0.0, -4.082115974179133, -0.12341488550405004, -0.020668471166737378, 0.24111211884808342, -1.002030657489368, 0.06724587497367997, 0.19122327221943894, -1.0712962813232643, -0.0067657439616848015, -0.061366419834617256, 0.42715170057868496, -1.1012090949089732, -0.0020472226617444197, 0.6618514624646609, -1.0339555133895344
29.781371994194544, 0.0, 1.0, 1.0, 0.0, 4.121995942252023, -0.2978811052867342, 0.3241562148502895, 0.0, 0.0, -4.092821563529655, -0.11141531544516084, -0.015729041606054966, 0.26094967316338336, -1.002030657489368, 0.07528323030279645, 0.1723406583484847, -1.0712962813232643, -0.006448511938627838, -0.06192500030077803, 0.4177357957261787, -1.1057380976756506, 0.003254434465656788, 0.6816759243526805, -1.0339555133895344
29.802594694203137, 0.0, 1.0, 1.0, 0.0, 4.117065838405065, -0.28848457268306166, 0.32370372772216804, 0.0, 0.0, -4.102211581852559, -0.09985585388421052, -0.011015740933563448, 0.28115453040829874, -1.002030657489368, 0.08407998325288712, 0.15308953180634938, -1.0712962813232643, -0.005850447673333104, -0.06335919816665408, 0.4090137659556166, -1.1103531499978303, 0.006253723516016885, 0.7009710630829717, -1.0339555133895344
29.824017943992487, 0.0, 1.0, 1.0, 0.0, 4.112110552106585, -0.27898804460253007, 0.32329312052045556, 0.0, 0.0, -4.110368596030151, -0.08958832954314506, -0.006694794651264955, 0.30183113030871017, -1.002030657489368, 0.09218647834098832, 0.1340123242181756, -1.0712962813232643, -0.0053254869010942295, -0.06525445370094309, 0.40019636089302874, -1.1135177925352453, 0.007420239131724614, 0.7203459450567851, -1.0382730936897824
29.845636907427384, 0.0, 1.0, 1.0, 0.0, 4.107160549163819, -0.26937855107443653, 0.32293090139116565, 0.0, 0.0, -4.117445409005609, -0.07998133898788425, -0.0025606514065716407, 0.3227849476742359, -1.0020863417567487, 0.10010485206842412, 0.11467590812101716, -1.0712962813232643, -0.004710002755259896, -0.06736664876855551, 0.3919169746016178, -1.116208064819146, 0.007015216230013474, 0.7378416451087356, -1.0438133263320966
29.867443955666307, 0.0, 1.0, 1.0, 0.0, 4.102241445268904, -0.2596477106639315, 0.32262045724051347, 0.0, 0.0, -4.123630893782183, -0.07098131722087782, 0.001380048241690425, 0.3439674924258452, -1.0023436708376587, 0.10897410656486302, 0.09509553204120154, -1.0712962813232643, -0.00417509975534863, -0.06938129086956338, 0.38436792971535955, -1.1185888087779081, 0.005439104230925126, 0.7519806501665444, -1.0497368318235083
29.889454606133793, 1.0, 1.0, 1.0, 1.0, 4.09736367906843, -0.24978238855089435, 0.32236827850341804, 0.0, 0.0, -4.129240675597928, -0.06087981689202222, 0.006115261981444686, 0.36453290299802366, -1.002438184319505, 0.11806010879638294, 0.0763803522636212, -1.0712962813232643, -0.0035057890986335935, -0.07107167140956049, 0.37743578459864785, -1.1193312851400583, 0.0032567045080102827, 0.7624706289469007, -1.0561145948590205
29.91166186146579, 1.0, 1.0, 1.0, 1.0, 4.092543089730399, -0.23977976560592626, 0.3221816757747105, 0.0, 0.0, -4.134592456552726, -0.04973880240478758, 0.011704845682767636, 0.3845224518372619, -1.002438184319505, 0.12726433984626045, 0.05797881280340007, -1.070863999177133, -0.0032806654071550136, -0.07205690042860691, 0.3702827233321953, -1.1165939287155102, 0.0011006588798146931, 0.7689368233819469, -1.0643715650335155
29.934045299349187, 1.0, 1.0, 1.0, 1.0, 4.0877964973449705, -0.22964445931570848, 0.32205835751124795, 0.0, 0.0, -4.139925272802615, -0.03916615701223023, 0.017318979783590337, 0.4044544216396896, -1.002556167238456, 0.1357939726186542, 0.03855070698945542, -1.068068289728478, -0.0037381282497270653, -0.0717867034371759, 0.36291392432913183, -1.1097020219543734, -0.0007499983211831381, 0.7703502953031077, -1.0740922928065906
29.956567893870442, 1.0, 1.0, 1.0, 1.0, 4.083134509495327, -0.21939347471509635, 0.32200271197727753, 0.0, 0.0, -4.145433621225072, -0.028464899922157443, 0.022772727777822903, 0.4238145039793314, -1.0024683555881082, 0.14419570294773867, 0.018936988907257177, -1.0636362446817984, -0.004335122360806709, -0.06994202136590591, 0.3561529398903434, -1.0982287018505053, -0.0017592528200414772, 0.7662467206604224, -1.0831237633140778
29.979209168755137, 1.0, 1.0, 1.0, 1.0, 4.078567965371269, -0.20903473411287557, 0.3220198740277972, 0.0, 0.0, -4.15128579505807, -0.017732160154611962, 0.027759983523201564, 0.44244095796401756, -1.0026152596922573, 0.15254171971988004, -0.001120255034135716, -1.0571524448290575, -0.004890501056603768, -0.06599825464784707, 0.3511373074873397, -1.0820347814622278, -0.0012125543924491997, 0.7566613237473947, -1.0904026981487973
30.00195829889681, 1.0, 1.0, 1.0, 1.0, 4.074103050231934, -0.19857312508991765, 0.3221090820857457, 0.0, 0.0, -4.157607204213131, -0.006033058957976681, 0.032782668972614705, 0.4597269924670929, -1.0030023605761877, 0.16124120826276295, -0.020738245587874824, -1.0488412769779385, -0.005112050395846837, -0.06013687456206039, 0.34931549273577456, -1.062348677028546, 0.001217362344015886, 0.7416368745334515, -1.0940726455514684
30.024800669650432, 1.0, 1.0, 1.0, 1.0, 4.069747003827777, -0.1880152685301642, 0.3222658239092146, 0.0, 0.0, -4.16446404292262, 0.0054321168532132915, 0.0369406194715461, 0.4761960614764183, -1.004569052380448, 0.16941181806244843, -0.04049937322204829, -1.0378226443663352, -0.0053875441622412285, -0.0547805986894801, 0.3518447678421245, -1.041284778939284, 0.005637471792675056, 0.7205774736016017, -1.093197667894881
30.047719997632225, 1.0, 1.0, 1.0, 1.0, 4.065512564522879, -0.1773666337558199, 0.3224921662466867, 0.0, 0.0, -4.172018887542969, 0.01791589303053408, 0.0412315420052199, 0.49083064348469857, -1.0066826218408533, 0.17785450744613418, -0.05940972775630758, -1.0244795495771912, -0.006447725214481246, -0.049512076230472414, 0.3587902859038006, -1.0205544313938366, 0.012026622874767603, 0.6916212908736968, -1.0861255773526417
30.070674687108173, 1.0, 1.0, 1.0, 1.0, 4.061367800576347, -0.16666381290980722, 0.3227875423431397, 0.0, 0.0, -4.180362224094651, 0.031002538425531835, 0.04550981846785016, 0.5034889178833691, -1.0098221412611612, 0.18628706343884113, -0.07681674540395075, -1.0090096465100824, -0.007559018853695644, -0.04440138748718204, 0.37131621796076403, -1.0005963146344192, 0.02101035508904166, 0.659003034543194, -1.0787630082487378
30.093598003610488, 1.0, 1.0, 1.0, 1.0, 4.057228001185826, -0.1559758911814006, 0.3231385326385499, 0.0, 0.0, -4.189469163618168, 0.043856516284929196, 0.049485520891412296, 0.513871230479425, -1.0140846815853275, 0.19421953970940517, -0.09221132679166488, -0.9922029298386714, -0.008512049627617207, -0.039675003274421326, 0.3899266283688579, -0.9829392071634281, 0.031990232790681306, 0.6242878763144386, -1.0712893391573608
30.116468981358814, 1.0, 1.0, 1.0, 1.0, 4.053050106593541, -0.14533091102327594, 0.3234987367902484, 0.0, 0.0, -4.1993494273996514, 0.055364128024430546, 0.05203257974029409, 0.5221012143501035, -1.0198625443889733, 0.20092405196754853, -0.10497473977600803, -0.9752244387637136, -0.009250556339743777, -0.035434016435600894, 0.41480667892426987, -0.9689529959134424, 0.04505115784452008, 0.5886382763594151, -1.0640204779540006
30.139295127748934, 1.0, 1.0, 1.0, 1.0, 4.04886691229684, -0.13471210105078538, 0.3238463469914028, 0.0, 0.0, -4.210024144615778, 0.06629464517453953, 0.053813182820761245, 0.5270679932369974, -1.0262035456342424, 0.20671472019044862, -0.11409143016188206, -0.9591005408732157, -0.009776955251270276, -0.031936095562707906, 0.4452726710759905, -0.9594665984295375, 0.06038880000112978, 0.5518448666979199, -1.0568413725391772
30.162126657881654, 1.0, 1.0, 1.0, 1.0, 4.044761548723494, -0.12406007392065842, 0.3242135524749757, 0.0, 0.0, -4.22151352321688, 0.07587198344344556, 0.05412824973820539, 0.5287845518284322, -1.03263604650285, 0.21128508604159799, -0.11896001509920695, -0.9448969744051621, -0.01040167243459682, -0.028863933647771872, 0.47945006011284874, -0.9551862200338367, 0.07766283538345602, 0.5152210492775974, -1.0506921596916763
30.184965961700335, 1.0, 1.0, 1.0, 1.0, 4.04079795564924, -0.11335034097943962, 0.32460690498352057, 0.0, 0.0, -4.233794055938164, 0.08330251993513617, 0.05240968144178582, 0.527500076988746, -1.0388677856637167, 0.21436559222350077, -0.11940397930516566, -0.9330970525806574, -0.010979872617181915, -0.026101737551168964, 0.5156627123226484, -0.9545426929072356, 0.09612997067300513, 0.4789743503925713, -1.0450276316515528
30.207824811621094, 1.0, 0.0, 0.0, 1.0, 4.036979032244001, -0.10257780279432001, 0.3250324140276228, 0.0, 0.0, -4.24675230027833, 0.08817999060603565, 0.04846596492400419, 0.5232412214392913, -1.0444382766242055, 0.21595490818980115, -0.11527751802661454, -0.9245023164469381, -0.011480657385406679, -0.024367638521527245, 0.5526860408421814, -0.9545426929072355, 0.11541289374241681, 0.4427827134426044, -1.0401102363030499
30.23070830811181, 1.0, 0.0, 0.0, 1.0, 4.033296034676688, -0.09174502236502487, 0.3254954174586705, 0.0, 0.0, -4.260211096304157, 0.09079718709903187, 0.04257890183183133, 0.5157858212636496, -1.0488989738625756, 0.21645395163273282, -0.10646246424131213, -0.92, -0.012051402870629502, -0.022890746479639755, 0.5891781399893549, -0.9545426929072355, 0.13549285097895997, 0.4067949170078828, -1.0372542518966525
30.25360272902009, 1.0, 0.0, 0.0, 1.0, 4.029750687735421, -0.0808606692722863, 0.3259959629603795, 0.0, 0.0, -4.273954635768919, 0.09013722630892806, 0.03429014897791548, 0.5057095454328633, -1.0526247200322891, 0.2155462071274167, -0.09341911709677735, -0.92, -0.012332527121916867, -0.02217610583847466, 0.6254404681350804, -0.9545426929072355, 0.15604685765430518, 0.37231211214710397, -1.0372542518966525
30.27649682231144, 1.0, 0.0, 0.0, 1.0, 4.026347340175084, -0.06993125472749957, 0.32652854783194407, 0.0, 0.0, -4.287880790159622, 0.08746444152597202, 0.02470882344624048, 0.49219131740256783, -1.0542060091476173, 0.21351367196547102, -0.07828090823413822, -0.92, -0.012849418680722494, -0.02205477505974369, 0.6605408711992492, -0.9542487605209893, 0.17683190500985788, 0.3376411801897437, -1.0372542518966525
30.299364638891046, 1.0, 0.0, 0.0, 1.0, 4.023081673213414, -0.058973623684474154, 0.3270903260367257, 0.0, 0.0, -4.301970624158373, 0.08526626850722563, 0.015037964106941875, 0.47440079973045846, -1.0523410798330854, 0.21178002486302563, -0.06123848061759402, -0.92, -0.013256055108878468, -0.022219469947260533, 0.6941579816515614, -0.9523672680986529, 0.19990724200570462, 0.30423062256015065, -1.0372542518966525
30.322199195562458, 1.0, 0.0, 0.0, 1.0, 4.019955196380615, -0.04799275909151325, 0.327681816646031, 0.0, 0.0, -4.316264216640004, 0.07980715577915043, 0.003875662407716809, 0.4549869021389661, -1.0511827462889323, 0.2084508203156481, -0.04293104697644471, -0.92, -0.014007870417789793, -0.022842807605239147, 0.7263000444811386, -0.950370032051749, 0.22467883860606494, 0.27179404851668865, -1.0372542518966525
30.344985600167078, 1.0, 0.0, 0.0, 1.0, 4.016956849779402, -0.037001172474452185, 0.3282877159118653, 0.0, 0.0, -4.330785643019118, 0.07439068759983673, -0.007232050021487063, 0.4329396135944084, -1.0499186752914074, 0.20430412451573599, -0.023137086195605984, -0.92, -0.014391099607735729, -0.023575335762563873, 0.7574038106100331, -0.9465343109534843, 0.2507406353239649, 0.24062209367225326, -1.0372542518966525
30.3676879615247, 1.0, 0.0, 0.0, 1.0, 4.014068467276437, -0.026023624965122526, 0.32889834676470076, 0.0, 0.0, -4.3455516711441415, 0.06866485114751872, -0.0185642955298251, 0.40891621100133413, -1.0489832906205183, 0.20009338537625446, -0.002749737677445251, -0.92, -0.014959492546342502, -0.024359950482173844, 0.7876868634537219, -0.9426639889840552, 0.277297441241462, 0.21018576872974934, -1.0372542518966525
30.390278627108035, 1.0, 0.0, 0.0, 1.0, 4.011272814614433, -0.015079728535243198, 0.32949990545000357, 0.0, 0.0, -4.360587158821116, 0.06230419212693409, -0.030425234162585885, 0.3836707280682464, -1.0488202433565768, 0.1957772982705412, 0.017648218492142136, -0.92, -0.015468770212417318, -0.025200912193647774, 0.8172517588365482, -0.9382492977514223, 0.304299465420895, 0.18090191559422641, -1.0372542518966525
30.412735086045693, 1.0, 0.0, 0.0, 1.0, 4.008547910962787, -0.0041871605600627086, 0.33007825851440437, 0.0, 0.0, -4.3759183256236, 0.05600472766410356, -0.042270406496356265, 0.35720113125369285, -1.0488202433565768, 0.19175829267795955, 0.03768732447271912, -0.92, -0.015996216127833345, -0.026078933627154455, 0.8462500298418342, -0.933650075769797, 0.33144142384514613, 0.15182022527988592, -1.0372542518966525
30.573568502047376, 1.0, 0.0, 0.0, 1.0, 4.005852639334543, 0.006635259560176549, 0.3306261498587472, 0.0, 0.0, -4.1716598873014625, 0.052979058080974355, -0.05337639315925509, 0.32957752860051326, -1.0488202433565768, 0.18637065657060492, 0.058059965941283494, -0.92, -0.0165255924576797, -0.027795833662285642, 0.8756938778872987, -0.9290350234476173, 0.3630077120408043, 0.12668121337875368, -1.0372542518966525
30.734553639377065, 1.0, 1.0, 1.0, 1.0, 4.003159675598145, 0.017374064241137067, 0.33114500045776374, 0.0, 0.0, -3.9672087628927577, 0.0497671309273085, -0.06419543469845815, 0.3018816744505757, -1.0488202433565768, 0.1804240959382057, 0.07780509233480457, -0.92, -0.017513801241157433, -0.029545210142796836, 0.9047166917545187, -0.9258703809102024, 0.3946508316696362, 0.101554475853794, -1.0327280743194505
30.895724912174767, 1.0, 1.0, 1.0, 1.0, 4.000450646536691, 0.028025252819061524, 0.33164422580174036, 0.0, 0.0, -3.7625212464396767, 0.04673295052104891, -0.0747188095383714, 0.2740797837695186, -1.048764559089196, 0.17407401231152966, 0.0976785678113868, -0.9200100170917375, -0.018524102509867867, -0.03106036237356294, 0.9333570454885799, -0.9231801086263017, 0.42613814516508736, 0.07792788248716405, -1.0242741115062484
31.057137709795494, 1.0, 1.0, 1.0, 1.0, 3.99771098273141, 0.03858828374317739, 0.33213972227913996, 0.0, 0.0, -3.5575269934613547, 0.04417962141741482, -0.08466608407779784, 0.24621996891788805, -1.048507230008286, 0.1664199069398893, 0.11788768536218544, -0.9200100170917374, -0.01943450761664834, -0.03163493543193978, 0.9612087718875556, -0.9207993646675395, 0.45743745499123223, 0.05725237750227936, -1.013466972508143
31.21888118061899, 1.0, 1.0, 1.0, 1.0, 3.994931041172573, 0.049056828703199364, 0.33262234551565995, 0.0, 0.0, -3.352112785515517, 0.04132163592371848, -0.09469030541342771, 0.21860891198476143, -1.0484127165264399, 0.15885557551544868, 0.13778699974773367, -0.9200100184110208, -0.020593755812871078, -0.031171874366626804, 0.9882249919140206, -0.9200568883053893, 0.48813029073338615, 0.03981560649663666, -1.001028438224576
31.381043776997565, 1.0, 1.0, 1.0, 1.0, 3.9921055548531674, 0.05941995722906955, 0.33308351925441204, 0.0, 0.0, -3.1461662881147268, 0.03782677401204908, -0.10483982787034452, 0.19123933661944986, -1.0484127165264396, 0.15115109832733017, 0.15766752205485288, -0.9200100184110207, -0.02150627752038336, -0.029607637317410496, 1.0143020933695313, -0.92, 0.517857960697148, 0.0261965794764207, -0.9863101757703298
31.543697484274663, 1.0, 1.0, 1.0, 1.0, 3.989226997920445, 0.0696639728546145, 0.3335328551701138, 0.0, 0.0, -2.9395960798728105, 0.034021307512932794, -0.11504985758540198, 0.16401173249168172, -1.0482947336074888, 0.14303053570657726, 0.17758582232083078, -0.9203421847923038, -0.022020368356271133, -0.026806638124640077, 1.0391335678887994, -0.92, 0.5465312447679967, 0.016916104742428627, -0.9698825521040607
31.706914857755798, 1.0, 1.0, 1.0, 1.0, 3.986265896388463, 0.07980192967823597, 0.3339986487797329, 0.0, 0.0, -2.7323100155517692, 0.03031911476389914, -0.12489101684234323, 0.13663547475271984, -1.0473217577997669, 0.13474314238517862, 0.19733407105362336, -0.9207791750026357, -0.022431206204168167, -0.02229816626657475, 1.0621580216498823, -0.92, 0.5734823672950077, 0.012925838229625288, -0.9537353292338099
31.7279654864415, 1.0, 1.0, 1.0, 1.0, 3.98317702974592, 0.08986379555293515, 0.33452742576599126, 0.0, 0.0, -2.7430666465909432, 0.02220995279913579, -0.1352367714594628, 0.11082293230631535, -1.0449736206563345, 0.128455410798339, 0.2179003230328039, -0.9230025800773884, -0.02273698071751818, -0.014296836348521578, 1.0806538424072916, -0.92, 0.5942987632887212, 0.012599648203256323, -0.938826067365247
31.74902655782519, 1.0, 1.0, 1.0, 1.0, 3.9799144853864403, 0.09987618718828499, 0.33518975121634353, 0.0, 0.0, -2.751523989041676, 0.01339960082434587, -0.14515843202109407, 0.08587225536429866, -1.0409101989394312, 0.12192246934117709, 0.23779822722602204, -0.9242416306106562, -0.0233795906241202, -0.004366440213374803, 1.0957323450231125, -0.92, 0.6113893147735043, 0.01708300074944576, -0.9271545798069022
31.770143363301575, 1.0, 1.0, 1.0, 1.0, 3.9764509773254395, 0.10985035283224949, 0.33599373408726285, 0.0, 0.0, -2.757307364185043, 0.005051457998611346, -0.15371515698737648, 0.06161570351465027, -1.034779469863722, 0.11597612265202184, 0.25775069121425076, -0.9250308207612882, -0.02404232251056546, 0.008448520652828539, 1.1060435239478372, -0.92, 0.62454496840701, 0.027405276633991584, -0.92
31.791244308493194, 1.0, 1.0, 1.0, 1.0, 3.972792393820627, 0.11974617208753337, 0.3368789958953858, 0.0, 0.0, -2.7603344993893173, -0.00406761323936754, -0.16201671152130284, 0.03870911383603292, -1.0269563663211456, 0.10976234641437979, 0.2774481620508503, -0.925992760578981, -0.024241546298830945, 0.022654643932851964, 1.1128555426339395, -0.92, 0.6338352764035348, 0.045477980334798225, -0.92
31.81224477424174, 1.0, 1.0, 1.0, 1.0, 3.9690016365051273, 0.12953826325280351, 0.33775802339826316, 0.0, 0.0, -2.76076793451832, -0.014301683244171843, -0.17021317645933023, 0.017385756744651534, -1.0172105070637425, 0.10280761426564008, 0.29679402319338566, -0.9284637249375068, -0.02431351131708368, 0.03845699239022804, 1.1161639124891953, -0.92, 0.6390798974238071, 0.06663476696583318, -0.92
31.83315234003949, 1.0, 1.0, 1.0, 1.0, 3.9651681627546043, 0.13926379953111945, 0.3385850361415318, 0.0, 0.0, -2.7589012000158086, -0.024937099946888166, -0.1782664969546634, -0.0020186643635772216, -1.0057242481242903, 0.09545062913890019, 0.31639836824554607, -0.933696290221816, -0.02436612030172319, 0.05537853113498337, 1.116325715796523, -0.92, 0.6410384041623197, 0.08962571155661522, -0.92
31.85396432850844, 1.0, 1.0, 1.0, 1.0, 3.9613251440865653, 0.14893416268484957, 0.33938391821725034, 0.0, 0.0, -2.7549784679357026, -0.035010202084374255, -0.1852896386205336, -0.019396518400276275, -0.992457614152544, 0.08829664572943188, 0.3365783073717883, -0.9422587982732462, -0.02441333680472548, 0.07354245618755487, 1.1133806342216592, -0.92, 0.6398270188647184, 0.11351886094566285, -0.92
31.87461846271563, 1.0, 1.0, 1.0, 1.0, 3.957436308179583, 0.15850104672568208, 0.3401520265851703, 0.0, 0.0, -2.749136643148772, -0.04604952198723399, -0.19249428124445042, -0.03346993140314094, -0.9786391286311288, 0.08040407944652361, 0.35646407006864234, -0.9541456014386582, -0.02446009393866815, 0.0921306234624094, 1.1072815777677658, -0.92, 0.6352915444046311, 0.1383803215036228, -0.92
31.895015447464207, 1.0, 1.0, 1.0, 1.0, 3.9534211022513257, 0.1678758730207173, 0.3408424145834787, 0.0, 0.0, -2.7414762811039575, -0.057156671450126685, -0.19921073635269035, -0.04407106396985124, -0.9649742258821684, 0.0724761147762769, 0.375785700757986, -0.969803578897202, -0.02460450698201954, 0.11074535572881913, 1.0989998316915324, -0.92, 0.627933173714726, 0.16297035990846842, -0.92
31.915139790225485, 1.0, 1.0, 1.0, 1.0, 3.949226145063128, 0.1770218900271827, 0.34144532748631073, 0.0, 0.0, -2.732081289189962, -0.06818025889299746, -0.20540303775423904, -0.051215209053767786, -0.9520603799405242, 0.06461022958249238, 0.39348116946369804, -0.9891336546906427, -0.02472505912364709, 0.12892530569665137, 1.0898607183629319, -0.92, 0.6185083815547862, 0.18721844884215164, -0.92
31.93496076139979, 1.0, 1.0, 1.0, 1.0, 3.9448612076895584, 0.18591936417988392, 0.34194977896554135, 0.0, 0.0, -2.7211404185486865, -0.07882596052557436, -0.21100684957365945, -0.054799984245564856, -0.940560344342944, 0.057088315533813785, 0.4090568656118375, -1.0122593485036782, -0.024848546811867833, 0.14771091242064455, 1.079652154983979, -0.92, 0.6074700628680926, 0.21139693916646587, -0.92
31.954452965052752, 1.0, 1.0, 1.0, 1.0, 3.940334219251361, 0.19455028976712932, 0.3423502159118653, 0.0, 0.0, -2.7088403335346243, -0.08903134645599117, -0.2161769208321838, -0.05453631482434832, -0.931221884583782, 0.05027852852702972, 0.4217769207643332, -1.0387438515435072, -0.024861364962263377, 0.16602031388563382, 1.0687995422557182, -0.92, 0.5949487059223831, 0.23595149811579655, -0.92
31.973618119439863, 0.0, 1.0, 1.0, 0.0, 3.935639048985073, 0.20290380171367123, 0.34266221455165324, 0.0, 0.0, -2.6953569221641764, -0.09750399780385262, -0.2203696370672985, -0.05069851983627697, -0.924248896259747, 0.04523906930535688, 0.43099400001907934, -1.0672647184361244, -0.024897298272867737, 0.1844841861048639, 1.057348929842462, -0.92, 0.5815443337748333, 0.26014752700733224, -0.92
31.992473099158953, 0.0, 1.0, 1.0, 0.0, 3.930766277313233, 0.21097434452601865, 0.34290679659162254, 0.0, 0.0, -2.6807781715229555, -0.10377241945077462, -0.2235030822084165, -0.04316121217458898, -0.9205261096796183, 0.042591217824534344, 0.4360939999299732, -1.0960072403501147, -0.025053836413619395, 0.20305326197182402, 1.0455873564238272, -0.92, 0.5676811731671159, 0.28406325503704866, -0.92
32.011054780852405, 0.0, 1.0, 1.0, 0.0, 3.925718130384173, 0.2187740840230672, 0.34310120173863007, 0.0, 0.0, -2.665124612267286, -0.10894445453331755, -0.2258439295047579, -0.0315216042198294, -0.9209709053659886, 0.038922565570366774, 0.4366711221878771, -1.1218844934491237, -0.025104887431559926, 0.22181945724705063, 1.0341119724149161, -0.92, 0.5530450495699515, 0.3078748688308817, -0.92
32.029405622096455, 0.0, 1.0, 1.0, 0.0, 3.920492204938616, 0.2263158375876293, 0.34326400348118374, 0.0, 0.0, -2.648372660573967, -0.10860351851583286, -0.22550798843143682, -0.018766744788327856, -0.9209709053659886, 0.03558555054808043, 0.4339216062392313, -1.1428705734748164, -0.02516187822304198, 0.24008653239980987, 1.0231728379703615, -0.92, 0.5379492456382864, 0.33155334851145785, -0.92
32.047580044568655, 0.0, 1.0, 1.0, 0.0, 3.915091724395752, 0.2336242038863048, 0.34343330655779164, 0.0, 0.0, -2.630434802947758, -0.10424219185442184, -0.2227715925128208, -0.004684610304469548, -0.9209709053659886, 0.031410940467941975, 0.42817955166799765, -1.158544947714754, -0.025324556829221922, 0.2582684150010679, 1.0115881275641165, -0.92, 0.5222791955646241, 0.3551566349726109, -0.92
32.06563442977128, 0.0, 1.0, 1.0, 0.0, 3.909526762281146, 0.24073204483304728, 0.3436404514312744, 0.0, 0.0, -2.6112360650413797, -0.0980202724818094, -0.21891090615321068, 0.010813653928972032, -0.9209709053659886, 0.02522883473027514, 0.4180361754179406, -1.166097088013498, -0.02533597829400062, 0.2746408971798969, 1.0014161416538125, -0.92, 0.506064664718685, 0.3788249569837685, -0.92
32.08359492579546, 0.0, 1.0, 1.0, 0.0, 3.903803770882743, 0.24765246561595397, 0.3438967527662005, 0.0, 0.0, -2.5906997216611747, -0.08835144840397338, -0.21306566086567788, 0.026891423270121024, -0.9209709053659886, 0.01778447719602274, 0.4049109405206014, -1.166097088013498, -0.025368746721718054, 0.2909792582551732, 0.9907208194369249, -0.92, 0.4892739880867234, 0.4023263649862872, -0.92
32.101460707672004, 0.0, 1.0, 1.0, 0.0, 3.8979129927498954, 0.25436776706150627, 0.34420210974557064, 0.0, 0.0, -2.5687172053392766, -0.07009022751114047, -0.2026732525529753, 0.04103908035829075, -0.9209709053659886, 0.01188341930224188, 0.39438264136662154, -1.166097088013498, -0.02544977318067258, 0.3069589269274854, 0.9787350918279156, -0.92, 0.471831246257262, 0.42552560970086517, -0.92
32.25601304921495, 0.0, 1.0, 1.0, 0.0, 3.8918555450439456, 0.2608727536882675, 0.34455590929303853, 0.0, 0.0, -2.764998679098818, -0.05245718512936581, -0.19158539618629322, 0.05480338082051, -0.9209709053659886, 0.00647436379043428, 0.38475131567043225, -1.166097088013498, -0.025536204889595012, 0.32293252924383825, 0.96514324951993, -0.92, 0.45043056276363524, 0.4463955864541167, -0.92
32.40951742096583, 0.0, 1.0, 1.0, 0.0, 3.885646098000663, 0.2671774891444617, 0.3449428367614747, 0.0, 0.0, -2.9599492312224314, -0.03383538426720257, -0.1801831956307427, 0.06775416247831685, -0.9209709053659886, 0.0014264726798198177, 0.3755746436543005, -1.166097088013498, -0.02561461216795072, 0.3380954231331654, 0.9509514970191167, -0.92, 0.42909786512906767, 0.46723978598658844, -0.92
32.56187944504202, 0.0, 1.0, 1.0, 0.0, 3.8793009049551834, 0.27329062666211834, 0.34533846037728455, 0.0, 0.0, -3.1534490017991965, -0.015214296889917855, -0.16870176915797333, 0.08012379912244434, -0.9209709053659886, -0.0031701330364977804, 0.3665807980724825, -1.1660870709217606, -0.025712031234579026, 0.35222094530123943, 0.9360569455479858, -0.92, 0.40823680935001144, 0.48754050986069253, -0.92
32.713028531820115, 0.0, 1.0, 1.0, 0.0, 3.872841864994595, 0.2792189298357285, 0.34571145330156605, 0.0, 0.0, -3.3454083420073775, 0.0023711206272851388, -0.15763243921255826, 0.09206228429604625, -0.9209709053659887, -0.007062882376858963, 0.3574799770699874, -1.1660870709217608, -0.025811552782442505, 0.3646334051008925, 0.9208834148508561, -0.92, 0.38793822487317314, 0.5070375624248495, -0.92
32.86284787698958, 0.0, 1.0, 1.0, 0.0, 3.8662954275948667, 0.2849724040712632, 0.3460519191196987, 0.0, 0.0, -3.535678910372607, 0.01793652098188058, -0.1463691142776155, 0.10375177275102719, -0.9209709053659886, -0.01054821048843801, 0.3477124450773303, -1.1660870696024774, -0.025890276496468904, 0.3752355225697581, 0.9056529207935069, -0.92, 0.36853211863334107, 0.5255053638124144, -0.92
33.01118324665314, 0.0, 1.0, 1.0, 0.0, 3.859686066763742, 0.29056784050805257, 0.34634137289864686, 0.0, 0.0, -3.7240648298453225, 0.03031720667086718, -0.1351856231080034, 0.115750729280642, -0.9209709053659887, -0.013940435995714304, 0.3369498712797442, -1.1660870696024774, -0.025504733133867537, 0.3839951521686506, 0.8906145039292949, -0.92, 0.3502336871265455, 0.543270499222159, -0.9208179451659249
33.15797611364648, 0.0, 1.0, 1.0, 0.0, 3.8530305835178926, 0.2960256266593935, 0.3465535599844797, 0.0, 0.0, -3.910491770926858, 0.039378078064025046, -0.12394652598523984, 0.12808976073840309, -0.9209709053659886, -0.017384129640297806, 0.3251155677296502, -1.1657549032211942, -0.024928030082685907, 0.3911582102032938, 0.876307150628799, -0.92, 0.33323087184921557, 0.5611177812467735, -0.924371766751105
33.3032916587003, 0.0, 1.0, 1.0, 0.0, 3.84635009765625, 0.30134745325361, 0.3466608374459403, 0.0, 0.0, -4.095042513145219, 0.04558285040858495, -0.11226988991067564, 0.1407289342075273, -0.9209709053659887, -0.020519464007251447, 0.31248541881181385, -1.1653179130108626, -0.024412051830430166, 0.3957706589408736, 0.8619913639932841, -0.92, 0.31788801879647505, 0.5783583586428032, -0.9310015302365586
33.33154524124126, 0.0, 1.0, 1.0, 0.0, 3.8396744128635953, 0.30650963987622964, 0.34662998880658835, 0.0, 0.0, -4.059160463318202, 0.053976064508203844, -0.09944159012935974, 0.15187297180358514, -0.9209709053659886, -0.025724521451711148, 0.29848525650451674, -1.1630945079361097, -0.02400406698145866, 0.3965951532145436, 0.8505005879208757, -0.92, 0.30806915973048926, 0.5957751019911823, -0.9400136251442734
33.35955565011142, 0.0, 1.0, 1.0, 0.0, 3.8330383600507467, 0.3114841359002251, 0.346412160055978, 0.0, 0.0, -4.023587244053104, 0.06163673047004745, -0.08681117497649325, 0.16224427250889248, -0.9209709053659887, -0.030448342643544315, 0.28480014596057995, -1.161855457402842, -0.023542256175047304, 0.3952146506943469, 0.8413899827293924, -0.92, 0.3012365085598896, 0.6114548177883192, -0.9505680388220678
33.38674952704227, 0.0, 1.0, 1.0, 0.0, 3.8264613832746233, 0.3162546307700023, 0.3460366085597447, 0.0, 0.0, -3.989051020350924, 0.06870894221704417, -0.07523303309819655, 0.17181728956027462, -0.9209709053659886, -0.034890192089473825, 0.27103374672382724, -1.1610662672522098, -0.023020479505325004, 0.3907739493471639, 0.8362091368055665, -0.92, 0.29761240810986983, 0.6240839933097134, -0.961222608908793
33.41293629557165, 0.0, 1.0, 1.0, 0.0, 3.8199181583949504, 0.3208557919093543, 0.3455879715510778, 0.0, 0.0, -3.955793824318613, 0.0786241590112977, -0.06328032880355661, 0.17965451076180852, -0.9209709053659886, -0.037263146310824245, 0.25827738949293677, -1.1601043274345173, -0.02265716357428096, 0.384673079660978, 0.8338964116571043, -0.92, 0.29734783797597786, 0.6328713509783472, -0.970665074496133
33.43811374883455, 1.0, 1.0, 1.0, 1.0, 3.813366086142404, 0.3253341320582801, 0.34516461099897117, 0.0, 0.0, -3.923818458674727, 0.08935338905582504, -0.0531851118299004, 0.1887455713734744, -0.9248043397013908, -0.038846752134835315, 0.24572418103965088, -1.1576333630759914, -0.022004719940882295, 0.37647953411685303, 0.8344819431761807, -0.92, 0.29995805779570545, 0.6381854197116975, -0.9777218820540031
33.46233356271698, 1.0, 1.0, 1.0, 1.0, 3.8067908314296175, 0.3296978139877322, 0.34482684544154585, 0.0, 0.0, -3.8930592950440475, 0.10793556093017642, -0.04046643919180875, 0.19277236093102784, -0.9248043455715245, -0.035058735414857996, 0.23494726664842472, -1.1524007977916821, -0.021455288291434567, 0.36618495581521154, 0.8373888630830866, -0.92, 0.3051995044513903, 0.6402709611700456, -0.98259740984644
33.48577133619464, 1.0, 1.0, 1.0, 1.0, 3.800196982792446, 0.333936257362366, 0.3445921979631697, 0.0, 0.0, -3.8632933227274218, 0.1208173917768163, -0.03211508238021203, 0.20161663619442885, -0.9323569349675582, -0.03448199975190171, 0.22207479605283056, -1.143838289740252, -0.021349765846053116, 0.35476525613561993, 0.8413817526232471, -0.92, 0.3126955397168779, 0.6390654966478116, -0.9851791388148916
33.5086522412283, 1.0, 1.0, 1.0, 1.0, 3.7935892895289838, 0.33805923802512056, 0.34447912624904087, 0.0, 0.0, -3.834234573334676, 0.13628219672509131, -0.022234899374942083, 0.2079556754867641, -0.9388737601960423, -0.03181637129525297, 0.20988595669776205, -1.1319514865748401, -0.021323948866676514, 0.34354241927182494, 0.8485457975885646, -0.92, 0.32200130392252785, 0.6351142945210861, -0.9851791388148916
33.53115746335031, 1.0, 1.0, 1.0, 1.0, 3.7869719995771134, 0.3420780658721926, 0.3444931316375733, 0.0, 0.0, -3.8056529412397166, 0.15025635430936432, -0.013652575529289798, 0.21418915764061378, -0.9472789626832369, -0.02961082146897895, 0.19762978827701919, -1.116293509116296, -0.021314271173363254, 0.33170811622800106, 0.856049889738298, -0.92, 0.33284820770468954, 0.6299095547739993, -0.9851791388148916
33.55338410601781, 1.0, 1.0, 1.0, 1.0, 3.780352126530239, 0.3459851142338346, 0.3446285847255162, 0.0, 0.0, -3.7774251050519965, 0.16416609363774567, -0.005407817795998507, 0.21904800796112758, -0.9562111766559872, -0.027045347356451477, 0.18659624531955368, -1.0969634333228555, -0.021331498776345985, 0.32017646356756563, 0.8639837975737912, -0.92, 0.3448028876319483, 0.6235709201789754, -0.9851791388148916
33.575422115320755, 1.0, 1.0, 1.0, 1.0, 3.773735931941441, 0.34977458545139883, 0.3448766899108887, 0.0, 0.0, -3.749436833237255, 0.17960692693450647, 0.0034765063980935476, 0.22092915902144789, -0.9636286171575845, -0.023040043358644863, 0.17772549532654944, -1.07383773950982, -0.02145978431650719, 0.308610964093453, 0.8721890738224108, -0.92, 0.3577432444748584, 0.6160236955482289, -0.9851791388148916
33.597342936313204, 1.0, 1.0, 1.0, 1.0, 3.7671386446271624, 0.3534303685597013, 0.34522310256958016, 0.0, 0.0, -3.7215973905768407, 0.20090403020202352, 0.01519913726810179, 0.21597892314039366, -0.9637248715310255, -0.014748437390943137, 0.17248566708168891, -1.0473532364699911, -0.021451200791233044, 0.297693511813184, 0.8810828580145065, -0.92, 0.370540676698409, 0.6082258623232054, -0.9851791388148915
33.619176392172484, 1.0, 1.0, 1.0, 1.0, 3.760577245439802, 0.35693726130894277, 0.3456384686061314, 0.0, 0.0, -3.6938689016355575, 0.21914277629189552, 0.02500971710082553, 0.21037041345162993, -0.9636232301254132, -0.008724174447263755, 0.17003142412386882, -1.0188323695773736, -0.02132396710978592, 0.28774634634191104, 0.8906496281519715, -0.92, 0.3832955267659918, 0.5999410002856681, -0.9851791388148916
33.64095530018047, 1.0, 0.0, 0.0, 1.0, 3.7540682438441686, 0.36029495171138237, 0.3461046504974366, 0.0, 0.0, -3.6662096884654147, 0.23177937673262702, 0.03178206546973658, 0.20453404805632447, -0.9632130623345362, -0.007018458857604169, 0.17047173478947975, -0.9900898476633836, -0.02118143453408038, 0.27741365041484783, 0.8998997801010976, -0.92, 0.3961765883655625, 0.5909424520887798, -0.9851791388148915
33.662722267153924, 1.0, 0.0, 0.0, 1.0, 3.7476146480015347, 0.36350548063005744, 0.34660438128880094, 0.0, 0.0, -3.6385656404091304, 0.23860310531706186, 0.03543705729645753, 0.19846956317670686, -0.963261218376655, -0.006827967993838205, 0.17384971731762433, -0.9642125945643744, -0.021176331900789467, 0.26704320496875583, 0.9091299559211972, -0.92, 0.40871379177660544, 0.5805796791174263, -0.9851791388148916
33.6844439085628, 1.0, 0.0, 0.0, 1.0, 3.7412197385515493, 0.36656410626002744, 0.347119095666068, 0.0, 0.0, -3.6109791558198645, 0.24244030924207496, 0.037162702077870764, 0.19220663217240094, -0.9632612183766552, -0.004598213716672531, 0.18077413104110177, -0.9432265145386819, -0.02121277520471554, 0.25697585192976335, 0.9168619191249847, -0.92, 0.42139474136713934, 0.5703334497769305, -0.9851791388148915
33.706072584382234, 1.0, 0.0, 0.0, 1.0, 3.734887335641044, 0.3694566713060654, 0.3476247147151402, 0.0, 0.0, -3.5835107375291826, 0.24207221957096722, 0.03638870881274186, 0.18643494443135153, -0.963261218376655, -0.0008753437031772145, 0.19033667516965422, -0.9275521402987439, -0.021147684710821936, 0.24670345740244817, 0.924813701956489, -0.92, 0.43403362064332107, 0.5596862742012741, -0.9851791388148916
33.7276086963542, 1.0, 0.0, 0.0, 1.0, 3.728616444723947, 0.3721741444723949, 0.34810094697134836, 0.0, 0.0, -3.5561598753247807, 0.23954889709431068, 0.034371500260999645, 0.18115130757119555, -0.9632612183766552, 0.0055269475356890235, 0.2040249806654495, -0.92, -0.02123952745767029, 0.23782133588090915, 0.9308138667773506, -0.92, 0.44656828467168486, 0.5484474733156312, -0.9851791388148915
33.749111129655404, 1.0, 0.0, 0.0, 1.0, 3.722409016745431, 0.3747070516858784, 0.34854381561279296, 0.0, 0.0, -3.528851785032257, 0.23317153374711083, 0.0302043546336966, 0.17697174550541453, -0.963261218376655, 0.013840277891381212, 0.2204468441016347, -0.92, -0.021314301829592427, 0.22855443606585177, 0.9366608912288509, -0.92, 0.4589070694431263, 0.5367785574291235, -0.9851791388148916
33.77066035832964, 1.0, 0.0, 0.0, 1.0, 3.7162863785879954, 0.377068546840123, 0.3489592770167759, 0.0, 0.0, -3.501484264615977, 0.21760792183756772, 0.02122746316128519, 0.17590434016318948, -0.9632612183766552, 0.021204807177152316, 0.23398348050294943, -0.92, -0.021347059691071833, 0.21920608202296138, 0.942910618823075, -0.92, 0.47095815394949947, 0.5247584734313445, -0.9851791388148916
33.792280775767566, 1.0, 0.0, 0.0, 1.0, 3.710261851719448, 0.3792655290876118, 0.34934686388288233, 0.0, 0.0, -3.4740263344698152, 0.1995470073777054, 0.010951528754293933, 0.17606443260673174, -0.963261218376655, 0.029106993453991963, 0.24638255894133643, -0.92, -0.021385892618839174, 0.21017873226692213, 0.9488453674463779, -0.92, 0.48249208799705456, 0.512278925611752, -0.9851791388148916
33.81394159956158, 1.0, 0.0, 0.0, 1.0, 3.7043407848903116, 0.38129433495657805, 0.3497135053362165, 0.0, 0.0, -3.4465170882514196, 0.18119269627143497, 0.0003766465015808129, 0.1766124948775903, -0.9632612183766552, 0.037524814520144445, 0.2580592154855443, -0.92, -0.021428069653463905, 0.20145514620211016, 0.9544423602724926, -0.92, 0.49324180867174355, 0.4994346772465013, -0.9851791388148916
33.8356421530892, 1.0, 0.0, 0.0, 1.0, 3.698529853820801, 0.3831511933462962, 0.35006720951625286, 0.0, 0.0, -3.4189573852713386, 0.16314367524482323, -0.010238523271412848, 0.17714546476786405, -0.963261218376655, 0.046110132123751736, 0.2690382078963169, -0.92, -0.02147208834820943, 0.19302882858078377, 0.9597197835868654, -0.92, 0.5029012765540403, 0.48652333114344926, -0.9851791388148916
33.857366505324784, 1.0, 0.0, 0.0, 1.0, 3.69282774244036, 0.38483236176627045, 0.3504115608760289, 0.0, 0.0, -3.3913674579321538, 0.1453233948468981, -0.020930672318849073, 0.1774118784187271, -0.963261218376655, 0.053784625469564855, 0.2793692520290874, -0.9207190409600852, -0.021531065522570895, 0.18472856147053546, 0.9649057049447551, -0.92, 0.5111340634242655, 0.47391803907074576, -0.9851791388148916
33.87902015024605, 1.0, 0.0, 0.0, 1.0, 3.687224589756557, 0.3863340704781671, 0.35075275012425017, 0.0, 0.0, -3.363867328882147, 0.1294461294860587, -0.031939595549888934, 0.17728768342937937, -0.963261218376655, 0.061533000911642745, 0.28978309282750575, -0.9236370557794122, -0.021480617349402376, 0.1767945648589587, 0.9700362894674711, -0.92, 0.5176779824071107, 0.46212133607370776, -0.9851791388148916
33.90040923597927, 1.0, 0.0, 0.0, 1.0, 3.6817113876342775, 0.3876565633501327, 0.3511033984592983, 0.0, 0.0, -3.336703190000963, 0.11661189324257581, -0.04308438278212186, 0.1766376442011777, -0.963261218376655, 0.06968507646030192, 0.3000271614561873, -0.9287669273000132, -0.022020995051880904, 0.1688468378190123, 0.9743273735065595, -0.92, 0.5224976980338533, 0.4502115443206557, -0.9843611936489668
33.92138895655308, 1.0, 0.0, 0.0, 1.0, 3.6762863213675367, 0.38880634035382977, 0.3514724295479911, 0.0, 0.0, -3.3100589448722166, 0.10656737435560008, -0.05445873657985399, 0.17533948987882295, -0.9632612183766552, 0.07815180164613136, 0.30930155961121325, -0.9358066024009742, -0.0226149843804544, 0.16081991078045252, 0.9776597983090659, -0.92, 0.5254533396366392, 0.43831000902279926, -0.9808073720637865
33.941892101224546, 1.0, 0.0, 0.0, 1.0, 3.6709555380684997, 0.3897863633292064, 0.35185349873134075, 0.0, 0.0, -3.284019951139459, 0.09882046008648036, -0.06637845344339835, 0.17362540735803203, -0.963261218376655, 0.08664737352507344, 0.3168440190250371, -0.9441931390840147, -0.023126957017660925, 0.1533871372559033, 0.9816273181406866, -0.92, 0.5264935889582513, 0.4264636647216128, -0.974177608578333
33.9619765759573, 1.0, 0.0, 0.0, 1.0, 3.6657303837367468, 0.39060455458504834, 0.3522284848349435, 0.0, 0.0, -3.258512668228858, 0.0941559125561492, -0.0778082463326195, 0.17180431468261767, -0.9646796698741428, 0.09593821079473155, 0.3216033328390272, -0.9510319227246153, -0.023754855450613777, 0.14586821289398674, 0.9859260289257409, -0.92, 0.526042256745551, 0.4154407675747351, -0.9652806994604238
33.9818600541005, 1.0, 0.0, 0.0, 1.0, 3.6606129837036137, 0.39127293995448537, 0.35257904188973566, 0.0, 0.0, -3.2332606509869954, 0.09037620549250855, -0.08859620434243697, 0.16937118994363606, -0.9646796698741428, 0.10453407994709407, 0.32284384657818554, -0.9574243269724259, -0.024317376302486714, 0.13862249880101032, 0.9892072904021522, -0.92, 0.5235668276957963, 0.4060710245301478, -0.9547262857826295
34.00185865235402, 1.0, 0.0, 0.0, 1.0, 3.65559852055141, 0.3918037830080307, 0.35288290296282093, 0.0, 0.0, -3.20786243120503, 0.08917126824788901, -0.09715916206863187, 0.16635528247888984, -0.9646796698741428, 0.1121662976584606, 0.32022810257035755, -0.9608273691145427, -0.024756508377389613, 0.13153522192910314, 0.9922671018525825, -0.92, 0.5192995778286926, 0.3995460238522846, -0.9440717156959043
34.022173197795674, 1.0, 0.0, 0.0, 1.0, 3.6506891359601705, 0.39220170634133494, 0.3531275708334786, 0.0, 0.0, -3.182062958494129, 0.08738319820033623, -0.10460892824549894, 0.16395230572448963, -0.9646796698741428, 0.11717940012102317, 0.31281562732342877, -0.9608273691145426, -0.02523148170734665, 0.12472372631974793, 0.9946641788618675, -0.92, 0.5130785918817401, 0.3962885603734058, -0.9346292501085642
34.04299730214323, 1.0, 0.0, 0.0, 1.0, 3.6458962140764513, 0.39247602667127357, 0.3533058316367013, 0.0, 0.0, -3.155616345972732, 0.08705838577246548, -0.10901594808415957, 0.15916867859853506, -0.9608462355387405, 0.12106542603176794, 0.30293737783059954, -0.9608273691145427, -0.025921684334364946, 0.11823293866780282, 0.9965911156930624, -0.92, 0.5049490765196829, 0.3964417828917303, -0.9275724425506942
34.06449091450018, 1.0, 1.0, 1.0, 1.0, 3.6412264415196014, 0.3926428747177126, 0.35340913636343824, 0.0, 0.0, -3.128319458279401, 0.08120882911383619, -0.11481428597882172, 0.15834538050917532, -0.9608462296686068, 0.11887219466836059, 0.28913146485291463, -0.9608273691145426, -0.026518711614489376, 0.11276843060984262, 0.9980017297050694, -0.92, 0.494948058953048, 0.39950544306201546, -0.9226969147582574
34.08667219373327, 0.0, 1.0, 1.0, 0.0, 3.636680009024484, 0.39271958419254865, 0.35342853682381775, 0.0, 0.0, -3.100149233653378, 0.08347710794266135, -0.11502583144070024, 0.15143972205067602, -0.953293640272573, 0.1187913174992314, 0.2757684893879399, -0.9608273691145427, -0.02674259802734345, 0.10734290064737116, 0.9996657571126315, -0.92, 0.4832161428388459, 0.4054075215497618, -0.9201151857898057
34.10946404734502, 0.0, 1.0, 1.0, 0.0, 3.6322541863577706, 0.3927112327303207, 0.3533590480259487, 0.0, 0.0, -3.07120357956646, 0.08525759501971418, -0.11526448593020623, 0.14587816818272886, -0.946776815044089, 0.11589387167770271, 0.26125018471478245, -0.9608273691145426, -0.026829674725390457, 0.10169992594614771, 0.9994232288472125, -0.92, 0.47014166643254873, 0.41375999883219006, -0.9201151857898058
34.13282636847245, 0.0, 1.0, 1.0, 0.0, 3.6279435239519393, 0.39262049198150656, 0.3532061127253941, 0.0, 0.0, -3.0415334317346274, 0.08900213273731007, -0.11295586648395942, 0.13950501445142804, -0.9383716125568944, 0.11236774055987041, 0.24669627641439548, -0.9608273691145427, -0.026821458854578487, 0.09673092192039905, 0.9997866051323713, -0.92, 0.45588153923869995, 0.4231125679381554, -0.9201151857898057
34.15674393160077, 0.0, 1.0, 1.0, 0.0, 3.623745433262417, 0.39245677879878477, 0.3529799093518939, 0.0, 0.0, -3.0111581265616545, 0.09230407021743413, -0.10932286185374704, 0.1340715994418555, -0.929439398584144, 0.10778791179915191, 0.2316429324670062, -0.9608273691145426, -0.026756184068253593, 0.09200152736675422, 1.0000559699554743, -0.92, 0.4408737908124478, 0.43307093831818505, -0.9201151857898058
34.18122311077416, 0.0, 1.0, 1.0, 0.0, 3.6196553856985916, 0.3922347252709527, 0.35270215851919995, 0.0, 0.0, -2.980069569011449, 0.09370950503301989, -0.10530774896994179, 0.1311669595802572, -0.9220219580825467, 0.10208410672346611, 0.21565722470284943, -0.9608273691145427, -0.026372457942033915, 0.08775336436654468, 1.0000972476614236, -0.92, 0.42526796526204036, 0.44381716381675795, -0.9201151857898057
34.20627548452171, 0.0, 1.0, 1.0, 0.0, 3.615667179652623, 0.39197633675166565, 0.35239042282104494, 0.0, 0.0, -2.9482530543520613, 0.08742402748614068, -0.10339594893551153, 0.13517747094162227, -0.9219257037091058, 0.09211219985374071, 0.19801628924267842, -0.9608273691145426, -0.025935184025120822, 0.08353922013296322, 0.9991189001565077, -0.92, 0.4106158829917251, 0.45401812383803103, -0.9205270169911615
34.2319121876893, 0.0, 1.0, 1.0, 0.0, 3.611774760654995, 0.39170548234667113, 0.35205748013087684, 0.0, 0.0, -2.9156944413292227, 0.08159698525642967, -0.09941374489691115, 0.13995518409576307, -0.9219114032259768, 0.0831758618145314, 0.18040859420153593, -0.9608273691145427, -0.025540704300681116, 0.0788639496485541, 0.9975551199192816, -0.92, 0.3972540996378129, 0.4640690332648769, -0.9223311389910606
34.2580957302437, 0.0, 1.0, 1.0, 0.0, 3.607968106951032, 0.39143172877175486, 0.3516991860525949, 0.0, 0.0, -2.8824413422851336, 0.07864739349463219, -0.09251813467035848, 0.144744192199537, -0.9219114032259768, 0.0773791342409809, 0.1630883030743801, -0.9608273691145426, -0.025145800224955415, 0.07490063676971569, 0.9958434804316781, -0.92, 0.3857876092842752, 0.476638112837848, -0.9299328695048523
34.28474079723455, 1.0, 1.0, 1.0, 1.0, 3.6042408970424114, 0.391148570605687, 0.35131443159920833, 0.0, 0.0, -2.8486021072067618, 0.07733784083895376, -0.0834972030031371, 0.15015256056817464, -0.9214184514974877, 0.07364205948060398, 0.1458381218364446, -0.9608273691145427, -0.024678164099002548, 0.07120545226605975, 0.9932900016720335, -0.92, 0.3769586497846035, 0.49097463485256965, -0.9429536416147665
34.311795754643015, 1.0, 1.0, 1.0, 1.0, 3.600590591430664, 0.390849611418588, 0.3509065818786622, 0.0, 0.0, -2.814242311298007, 0.07454663460779187, -0.07405481594471096, 0.15624546948483015, -0.9214184514974876, 0.0697309689739419, 0.12795053269944565, -0.9608273691145426, -0.02415293735283978, 0.0679988888169082, 0.9912746163503491, -0.92, 0.37023108947226574, 0.5039410255252971, -0.9591038316057627
34.33914932812385, 1.0, 1.0, 1.0, 1.0, 3.59700921194894, 0.3905297504152572, 0.3504813371385847, 0.0, 0.0, -2.779503272977347, 0.07152680791152863, -0.06388712996024441, 0.1619337113623362, -0.9214184514974877, 0.0662015610906164, 0.10979866832853465, -0.9608273691145427, -0.023564164719037654, 0.0649187166444503, 0.9893379033986631, -0.92, 0.36585593440630115, 0.5144583698589754, -0.975590054923008
34.366640164214004, 1.0, 1.0, 1.0, 1.0, 3.5934883717128208, 0.39018298762185255, 0.3500418322426933, 0.0, 0.0, -2.7445899111428496, 0.06735631928760595, -0.05370711318045598, 0.16752403562270382, -0.9214184514974876, 0.06231972394769806, 0.09092349342976434, -0.9608273691145426, -0.023118166702057876, 0.062192146399911316, 0.9863753714916373, -0.92, 0.36346759362456554, 0.5218283820935407, -0.9912775292667921
34.3940467506833, 1.0, 1.0, 1.0, 1.0, 3.59002237047468, 0.3898121254784722, 0.3495918791634697, 0.0, 0.0, -2.7097835463268423, 0.0627831769033501, -0.043570714877973316, 0.17240388607884166, -0.9214184514974877, 0.05823298759004191, 0.07175985297018728, -0.9608273691145427, -0.022581381194201756, 0.05980336533746637, 0.9833857297570023, -0.92, 0.36272815306065104, 0.5256860063732592, -1.0044664808446366
34.42113631343305, 1.0, 1.0, 1.0, 1.0, 3.586608488900321, 0.3894255331584388, 0.3491321631840298, 0.0, 0.0, -2.6753798016346595, 0.058502809885991665, -0.033265928164264776, 0.17638194864994836, -0.9214184514974876, 0.05407045361612164, 0.052473578876220915, -0.9608273691145427, -0.022041330403314463, 0.05746250574179098, 0.9804508179865897, -0.92, 0.36346103897800264, 0.5250763956762082, -1.013489264944378
34.44768356266607, 1.0, 1.0, 1.0, 1.0, 3.583241724286761, 0.38901970658983526, 0.348667231968471, 0.0, 0.0, -2.641664795108724, 0.054441900037992194, -0.02327998089069843, 0.17929345731295784, -0.9214184514974877, 0.05036422191303278, 0.033340282948081265, -0.9608273691145426, -0.021215419363640048, 0.05535260540404922, 0.978215337866545, -0.92, 0.3655483880565159, 0.5181979515011333, -1.0154932209346443
34.47348175394306, 1.0, 1.0, 1.0, 1.0, 3.579909319196429, 0.38858160359518884, 0.3482063157217844, 0.0, 0.0, -2.6089010921869478, 0.05132294218127539, -0.013876889115393745, 0.18053990667255904, -0.9214184514974876, 0.046527455045068104, 0.014304583388892836, -0.9608273691145427, -0.020804304616888168, 0.05371818774081397, 0.9751092586430342, -0.92, 0.3687894584126412, 0.5083065295612152, -1.0158282527048754
34.49842819144893, 1.0, 1.0, 1.0, 1.0, 3.5766091482979916, 0.38809549604143434, 0.3477615778786796, 0.0, 0.0, -2.5772191165544984, 0.046949358690100806, -0.00643042406879453, 0.18095192096787935, -0.9214184514974877, 0.042828269488501616, -0.004631768338233315, -0.9608273691145426, -0.02072673263489579, 0.051912065490268784, 0.9722223294185081, -0.92, 0.372537978474051, 0.49643999067340566, -1.0158282527048754
34.52247486413936, 1.0, 1.0, 1.0, 1.0, 3.573336143493653, 0.38754947798592726, 0.3473467336382185, 0.0, 0.0, -2.5466798422376478, 0.04468388020160783, 0.000527037720638619, 0.17945648277517876, -0.9214184514974876, 0.04021584668516307, -0.02278365345133505, -0.9601083281544576, -0.020635132351594084, 0.05026628662953514, 0.9693072020099873, -0.92, 0.3763262638151204, 0.4837367235330207, -1.0158282527048754
34.545604174687206, 1.0, 1.0, 1.0, 1.0, 3.5700859778268, 0.38692690168108285, 0.34696374075753356, 0.0, 0.0, -2.5173056178418873, 0.04406518491729002, 0.006662461843169045, 0.17616868469127586, -0.9214184514974877, 0.03817386832315263, -0.040275233495176414, -0.9571903133351304, -0.020652116710503484, 0.048459283643688504, 0.9663727819765026, -0.92, 0.38023942176408987, 0.4702976664143131, -1.0158282527048754
34.56785510689483, 1.0, 1.0, 1.0, 1.0, 3.566850275312152, 0.3862091800144743, 0.3466225038255964, 0.0, 0.0, -2.489046933938202, 0.04517062407598365, 0.011916207377653403, 0.17071605686025665, -0.9214184514974876, 0.03678196646561683, -0.05646272357667344, -0.9520604418145295, -0.020570217229564775, 0.04680345692816667, 0.9640460850097992, -0.92, 0.3842736640873357, 0.4566443797676694, -1.0158282527048754
34.58929658482698, 1.0, 1.0, 1.0, 1.0, 3.563620719909668, 0.3853780787331719, 0.3463284070151193, 0.0, 0.0, -2.4618162569643753, 0.04746581630416343, 0.016185886540053596, 0.16345913495162498, -0.9214184514974877, 0.035778945023613694, -0.07079678252810509, -0.9450207667135684, -0.02050440997893916, 0.04497675119145688, 0.9622201471965851, -0.92, 0.38844650504712874, 0.44270143383364546, -1.0158282527048754
34.61004316783599, 1.0, 1.0, 1.0, 1.0, 3.560401109967913, 0.38441636426108244, 0.3460809026445662, 0.0, 0.0, -2.4354680965429325, 0.05073447037792085, 0.019594743824766364, 0.15463874569340738, -0.9214184514974876, 0.035022384865125676, -0.0827187481302474, -0.9366342300305283, -0.02046016572094911, 0.042906720086024426, 0.9602610729839273, -0.92, 0.39290484754323185, 0.4287438947934109, -1.0158282527048754
34.630239417451854, 1.0, 1.0, 1.0, 1.0, 3.5571936089651928, 0.38331272738320504, 0.3458842318398613, 0.0, 0.0, -2.4098188595307866, 0.05371537400128463, 0.021466960595474704, 0.14466317821517785, -0.92, 0.033746096887780117, -0.09143956008607483, -0.9297954463899273, -0.02028691973000291, 0.04079792827329961, 0.9581876383689075, -0.92, 0.3971929782443947, 0.4148457462666366, -1.0157130669150698
34.65005274032384, 1.0, 1.0, 1.0, 1.0, 3.554010276794434, 0.3820551810945786, 0.34573770523071296, 0.0, 0.0, -2.3846559394833693, 0.05731835977395294, 0.022207093053936335, 0.13462227917844394, -0.92, 0.033226197898640245, -0.09673006105878239, -0.9234030421421169, -0.020191869938826924, 0.03831876301040927, 0.9567041950984213, -0.92, 0.4016648921937897, 0.40093193551051237, -1.01571306691507
34.66949029338784, 1.0, 0.0, 0.0, 1.0, 3.5508607373918806, 0.38063916274479476, 0.3456298800877163, 0.0, 0.0, -2.359970247092089, 0.057791657940683125, 0.021240800484353183, 0.12513552986435686, -0.92, 0.032779451067039805, -0.09858387177790026, -0.92, -0.020266480267844885, 0.03581786537326582, 0.9548743013689397, -0.92, 0.4059929079027364, 0.3867393309476307, -1.0157130669150698
34.68850753070929, 1.0, 0.0, 0.0, 1.0, 3.547751481192453, 0.37906842844826855, 0.34554387910025464, 0.0, 0.0, -2.335818355693852, 0.05558556826267773, 0.01880356076263794, 0.11639443814019632, -0.92, 0.032809767670795374, -0.09689656881295645, -0.92, -0.020212686101381244, 0.03280269862821227, 0.953593474516307, -0.92, 0.41023851694261576, 0.3726895374892735, -1.01571306691507
34.706992737984315, 1.0, 0.0, 0.0, 1.0, 3.5446834564208984, 0.3773473324094502, 0.34547175134931296, 0.0, 0.0, -2.3123421424545643, 0.051370064090556354, 0.015355867228291015, 0.10856586865492754, -0.92, 0.03362269375937334, -0.09319890686269461, -0.92, -0.02016142369544699, 0.029582177678559578, 0.9525385341643722, -0.92, 0.41445470362273207, 0.35861711529425, -1.0157130669150698
34.724887409651394, 1.0, 0.0, 0.0, 1.0, 3.541658646719797, 0.375480411393302, 0.34541032518659326, 0.0, 0.0, -2.2896159094373743, 0.045037985556540705, 0.010877252092909353, 0.1016269473848087, -0.92, 0.03548158626351424, -0.08799994990254309, -0.92, -0.020113639888210105, 0.026170277527504743, 0.9517501896342405, -0.92, 0.41869833687721897, 0.3445577657228287, -1.0157130669150698
34.742161334474424, 1.0, 0.0, 0.0, 1.0, 3.53868214743478, 0.3734724453517371, 0.3453553254263742, 0.0, 0.0, -2.2676780249121244, 0.03634136608478213, 0.005294576551070704, 0.09568467286937081, -0.92, 0.038570830522014134, -0.08189305123165731, -0.92, -0.020068413493776527, 0.02257093709427788, 0.9512509872640653, -0.92, 0.42299716992417535, 0.3305196545910034, -1.0157130669150698
34.758759051779975, 1.0, 0.0, 0.0, 1.0, 3.5357598386492053, 0.3713297830309189, 0.3453011308397566, 0.0, 0.0, -2.2465989239340725, 0.026128555030974863, -0.0013776413619531489, 0.09061751214391635, -0.92, 0.042974852769753, -0.07545939357658772, -0.92, -0.020025495011374406, 0.01879195117127321, 0.9510540577908771, -0.92, 0.4273671320386169, 0.31651339898296077, -1.0157130669150698
34.77460294507014, 1.0, 0.0, 0.0, 1.0, 3.5328993552071712, 0.3690616553170343, 0.3452459703172957, 0.0, 0.0, -2.2264771794555593, 0.01558841492378385, -0.009054806225017071, 0.08616117592146724, -0.92, 0.04856233148205284, -0.06883221148634726, -0.92, -0.019984638717953074, 0.014845712297095182, 0.9511906543216465, -0.92, 0.4317865875474557, 0.3025417332196771, -1.0157130669150698
34.789610674180594, 1.0, 0.0, 0.0, 1.0, 3.530104751586914, 0.36667574541909376, 0.3451868711199079, 0.0, 0.0, -2.207417363485283, 0.005958006229937266, -0.017206203801472125, 0.08182463791911872, -0.92, 0.055054630520770094, -0.06178372738112049, -0.92, -0.02002462609173017, 0.010809594037202977, 0.9515752708142605, -0.92, 0.4362850947548892, 0.28855637822708574, -1.0157130669150698
34.803691949119106, 1.0, 0.0, 0.0, 1.0, 3.5273794828142444, 0.3641793373652869, 0.34511430195399695, 0.0, 0.0, -2.189534144313374, -0.0026694213965113844, -0.025824454502776064, 0.07754898281403237, -0.92, 0.06144803912948334, -0.05429309745328169, -0.92, -0.020245221690798027, 0.006731115897054231, 0.9522185183240752, -0.92, 0.4408428806637118, 0.2745559239850729, -1.0157130669150698
34.816736978019364, 1.0, 0.0, 0.0, 1.0, 3.5247277396065853, 0.3615796749932427, 0.34502202715192526, 0.0, 0.0, -2.1729669576100417, -0.009167110890100303, -0.03483566417801054, 0.07286920156785008, -0.92, 0.0675285050831637, -0.04646499640724786, -0.92, -0.02066762488478324, 0.002623262533460915, 0.9533843636692273, -0.92, 0.4450437712888299, 0.2607918634510163, -1.0153012357137141
34.82865253854515, 1.0, 0.0, 0.0, 1.0, 3.5221530260358542, 0.35887895039149714, 0.34491053853716175, 0.0, 0.0, -2.1578341957422906, -0.013164314787789153, -0.043923260638349323, 0.06774134285119524, -0.92, 0.07399570589834767, -0.038330203273458825, -0.92, -0.02117084568224517, -0.0016319968051663463, 0.9546180510160754, -0.92, 0.44842808413078383, 0.24709857774267877, -1.013497113713815
34.83942157058104, 1.0, 0.0, 0.0, 1.0, 3.5196616962977822, 0.35607432978493847, 0.34478754997253425, 0.0, 0.0, -2.1441575250567086, -0.015256618183252713, -0.053274741339128316, 0.062492897998935475, -0.92, 0.0800846231820453, -0.029685524765100117, -0.92, -0.021600176675487477, -0.005905397444959661, 0.9563301024467864, -0.92, 0.4502828934914097, 0.2311290422194943, -1.0058953832000233
34.84907393273043, 1.0, 0.0, 0.0, 1.0, 3.517264137268067, 0.35316834313528894, 0.3446577385493688, 0.0, 0.0, -2.1318990251269887, -0.015044753103073938, -0.06276418908509639, 0.05674469846922293, -0.92, 0.08610446287147575, -0.02041989677324573, -0.92, -0.022081484873296482, -0.0104515519277602, 0.9585013287863913, -0.92, 0.4502124101412574, 0.2140583384696449, -0.9928746110901091
34.85767228005668, 0.0, 0.0, 0.0, 1.0, 3.5149685941423696, 0.35016652243477975, 0.3445219652993338, 0.0, 0.0, -2.120979124022646, -0.012782520769206876, -0.07232121867681428, 0.0507052406650361, -0.92, 0.09179759435247434, -0.010755627895937734, -0.92, -0.02256412976500355, -0.015053024584665788, 0.9610071188054212, -0.92, 0.4482160069870818, 0.1975934151009136, -0.9767244210991128
34.865376608694504, 0.0, 0.0, 0.0, 1.0, 3.512784135001047, 0.3470747116633826, 0.34437839780535023, 0.0, 0.0, -2.111194626652613, -0.009568527920105081, -0.08230237673753273, 0.04482937679754617, -0.92, 0.09680241160070702, -0.0010191137712868058, -0.92, -0.023105520360749386, -0.019612519219751934, 0.9633669229638838, -0.92, 0.4442096025819366, 0.18337497492228372, -0.9602381977818676
34.87294016039931, 0.0, 0.0, 0.0, 1.0, 3.510722143990653, 0.34390453474862254, 0.34422733579363146, 0.0, 0.0, -2.1023471474559012, -0.004479116804244212, -0.09202538046291411, 0.0384757677232998, -0.92, 0.10181087727282245, 0.00921262634270004, -0.92, -0.023499664370137424, -0.024364808668363817, 0.9666682517352186, -0.92, 0.43848593705779754, 0.17212638554849646, -0.9445507234380833
34.88047326413365, 0.0, 0.0, 0.0, 1.0, 3.508792157854353, 0.34067002296447774, 0.344071615764073, 0.0, 0.0, -2.0942363661297905, 0.001732369044806445, -0.10144022795591813, 0.03213886483336605, -0.92, 0.10665291998837163, 0.019499484024419193, -0.92, -0.023980865060422536, -0.029302286848498955, 0.9699655785258182, -0.92, 0.43142024099433246, 0.16424910296097958, -0.9313617718602388
34.887965699788296, 0.0, 0.0, 0.0, 1.0, 3.506997887747629, 0.337381445339748, 0.34391967909676696, 0.0, 0.0, -2.086713122968264, 0.008358825716860812, -0.11071176804653178, 0.025992887395902334, -0.92, 0.11114312193838678, 0.029711931806331922, -0.92, -0.0244608332139053, -0.034157648095098185, 0.9732715491692058, -0.92, 0.42332043500189814, 0.16071634982257305, -0.9223389877604973
34.89540573645014, 0.0, 0.0, 0.0, 1.0, 3.505341769627163, 0.3340504080908641, 0.34377393586294996, 0.0, 0.0, -2.0796496462114646, 0.014843187442600698, -0.11961274292686508, 0.020285866471253817, -0.92, 0.11481794539263745, 0.0395953752442651, -0.92, -0.025212899393769327, -0.0392335629029722, 0.9759628707187679, -0.92, 0.41441905033972587, 0.16334886769921625, -0.9203350317702313
34.90277171364217, 0.0, 0.0, 0.0, 1.0, 3.5038290241786414, 0.3306924315861295, 0.34363058907645094, 0.0, 0.0, -2.0729015929081847, 0.020276357361802645, -0.12801596797926015, 0.01574550089324827, -0.92, 0.11850861828099737, 0.04938737211586824, -0.92, -0.02548678669206384, -0.04489414561568051, 0.9796686831852819, -0.92, 0.40498003222143897, 0.16894453490246372, -0.92
34.91005398199133, 0.0, 0.0, 0.0, 1.0, 3.502450190952846, 0.32732246467045395, 0.3434835338592529, 0.0, 0.0, -2.0664446626614628, 0.02677090608689395, -0.13450462511563951, 0.011734046399011905, -0.92, 0.12193847094832957, 0.059096446199231815, -0.92, -0.025363973418932047, -0.05017730922198409, 0.9834575087640188, -0.92, 0.3956853433757989, 0.17644751845581225, -0.92
34.91724710539845, 0.0, 0.0, 0.0, 1.0, 3.501198310852051, 0.3239508104324343, 0.34332684380667555, 0.0, 0.0, -2.060277588555635, 0.031960510994170264, -0.1401970835803314, 0.009234755759277683, -0.92, 0.12500953781363008, 0.06825385588049401, -0.92, -0.025174192192816584, -0.05536786787517027, 0.9873997074408682, -0.92, 0.38703433606933946, 0.18471631063843486, -0.92
34.924340538525996, 0.0, 0.0, 0.0, 1.0, 3.5000664465768, 0.32058954851967975, 0.3431641401563373, 0.0, 0.0, -2.0543941575220743, 0.03559707643249422, -0.14495472299786552, 0.00840044388795975, -0.92, 0.12747684817541838, 0.0767391739627634, -0.92, -0.024913632822175447, -0.06090917459567523, 0.9911431698442034, -0.92, 0.37893232579754105, 0.19344216831646913, -0.920000019471984
34.931310485409256, 0.0, 0.0, 0.0, 1.0, 3.499052881513323, 0.3172552231379919, 0.3429901681627547, 0.0, 0.0, -2.048794795787578, 0.037793922943629064, -0.14866170691422836, 0.0093739404976886, -0.92, 0.12936982854933152, 0.08468753241356794, -0.92, -0.024581222127268005, -0.06644435251069544, 0.9947286386780227, -0.92, 0.37118303489622545, 0.20253959518212866, -0.9200008709492282
34.9381369718284, 0.0, 0.0, 0.0, 1.0, 3.4981604712350034, 0.3139607075282507, 0.342803750719343, 0.0, 0.0, -2.043461995796559, 0.038939792785465444, -0.15133484466245756, 0.012236926746030136, -0.92, 0.13070642308969707, 0.09213928519664451, -0.92, -0.024172285638592122, -0.07146424307193908, 0.9985082978606884, -0.92, 0.36372738670292737, 0.21170153940582276, -0.920000939601925
34.94480968952475, 0.0, 0.0, 0.0, 1.0, 3.497387128557478, 0.31071521350315656, 0.34260594640459335, 0.0, 0.0, -2.038343013583646, 0.0391092444971173, -0.15304928282770397, 0.01646140671066352, -0.92, 0.13159756678263462, 0.09903147226359972, -0.92, -0.0237040934783834, -0.07679741782527279, 1.0030123730607083, -0.92, 0.3563318478957882, 0.22079073105777658, -0.9200744672063157
34.951322048812386, 0.0, 0.0, 0.0, 1.0, 3.496722510201591, 0.30752758298601446, 0.3423962211608887, 0.0, 0.0, -2.0334223124573687, 0.03808963120167828, -0.15384946581476486, 0.021630116779076957, -0.92, 0.13186619239538638, 0.10558292262469085, -0.92, -0.02316917797622393, -0.08153006340939317, 1.0065456369678474, -0.92, 0.349001412364636, 0.22976233849850142, -0.9201975545991209
34.95766269081051, 0.0, 0.0, 0.0, 1.0, 3.49614739554269, 0.30440986292702826, 0.34217543465750566, 0.0, 0.0, -2.028721346981459, 0.03615765693976317, -0.15390401358237565, 0.027312315468960346, -0.92, 0.1316859594574857, 0.11167887442650233, -0.92, -0.02269486028335834, -0.08599414412607106, 1.0101146852811618, -0.92, 0.34183972011855773, 0.23866212814719603, -0.9207733237647686
34.96382487524921, 0.0, 0.0, 0.0, 1.0, 3.4956490107945037, 0.301369346209935, 0.3419437912532262, 0.0, 0.0, -2.024215983587718, 0.034372020006656644, -0.1539326396153689, 0.03305256124089987, -0.92, 0.131389808818027, 0.11763789023043457, -0.92, -0.022061807213885447, -0.09051395989696802, 1.0135920199178992, -0.92, 0.3348026163737606, 0.24743418988096716, -0.9211032098954085
34.96980784320956, 0.0, 0.0, 0.0, 1.0, 3.495216658455985, 0.29840927055903865, 0.34170150756835943, 0.0, 0.0, -2.0198260736501936, 0.03268587566619346, -0.153897290367931, 0.03851984254476948, -0.92, 0.13111053001731382, 0.12335660402477704, -0.92, -0.02149546058194271, -0.09437924157804954, 1.0167796746180813, -0.92, 0.32789596332710697, 0.2561714314667892, -0.9219132472291476
34.97561606056443, 0.0, 0.0, 0.0, 1.0, 3.4948408889770515, 0.2955295753479006, 0.34144812175205785, 0.0, 0.0, -2.015465934507413, 0.03104987979187756, -0.1539799008276152, 0.04356155703703691, -0.92, 0.13084973697329716, 0.12887124364770325, -0.92, -0.02092995857636522, -0.09776619958130546, 1.019757558967145, -0.92, 0.3210780392121407, 0.26484634443842087, -0.9229895097488832
34.98125388607586, 0.0, 0.0, 0.0, 1.0, 3.494513696943011, 0.2927297156197686, 0.3411807032993862, 0.0, 0.0, -2.011113940775307, 0.029379636427638533, -0.15405165629646805, 0.04835090488519891, -0.92, 0.13058540410054628, 0.13421485261581842, -0.92, -0.02037229859235786, -0.10070026546746946, 1.0220595949593299, -0.92, 0.3143611836324543, 0.27344853572658223, -0.924350637710002
34.98672383225301, 0.0, 0.0, 0.0, 1.0, 3.4942277908325194, 0.29000972747802756, 0.34089868681771424, 0.0, 0.0, -2.006792566973639, 0.027582705095857613, -0.15410478838121014, 0.05294088151621761, -0.92, 0.13030100915666948, 0.13936367288477197, -0.92, -0.01989127253272596, -0.10331977527362546, 1.0238443200881808, -0.92, 0.3077940404582878, 0.28201130416000264, -0.9262003887322774
34.992030807558464, 0.0, 0.0, 0.0, 1.0, 3.4939769308907644, 0.28736812455313565, 0.340604955128261, 0.0, 0.0, -2.00250582879655, 0.025592661915032896, -0.15397858175726473, 0.05734236676873751, -0.9200506943337242, 0.1299207645121397, 0.14433360810258442, -0.9201141350706504, -0.019179260550929816, -0.10673104036703752, 1.0251989204454013, -0.92, 0.30137371978728694, 0.2902200216258309, -0.9269385993868742
34.99718320185604, 0.0, 0.0, 0.0, 1.0, 3.493753362383161, 0.28480164664132274, 0.3403005395616804, 0.0, 0.0, -1.9982527226157727, 0.023598230103396362, -0.15400773355642064, 0.0616228720381093, -0.9200506943337242, 0.129682291888561, 0.1491606135444033, -0.9201141350706504, -0.018625233643644632, -0.1083549717104442, 1.0260068460474652, -0.92, 0.2950954528728733, 0.2986731486210716, -0.9290197097976315
35.00218925006573, 0.0, 0.0, 0.0, 1.0, 3.4935509654453827, 0.28230681896209736, 0.3399859551021031, 0.0, 0.0, -1.9940288180729406, 0.021566874458398173, -0.1541568591181261, 0.06577524229898482, -0.9200506943337242, 0.1294727743665153, 0.1538560646011091, -0.9201141350706504, -0.01799047680926861, -0.1087487769437951, 1.0258229408978898, -0.92, 0.288958578448445, 0.30706831275206403, -0.9310625817744282
35.00706116420371, 0.0, 0.0, 0.0, 1.0, 3.493364132472447, 0.27987803731645877, 0.3396612112862724, 0.0, 0.0, -1.9898162080041344, 0.019275343394025042, -0.15440186382618784, 0.06984289355195376, -0.9200506943337243, 0.1291839972861354, 0.15842171757802867, -0.9201999612051165, -0.017424251010681877, -0.10840518422702843, 1.0248125056220474, -0.92, 0.2829699902285942, 0.31546605902955394, -0.9335165511676431
35.011808613036884, 0.0, 0.0, 0.0, 1.0, 3.4931869997297014, 0.2775109311512541, 0.33932649476187576, 0.0, 0.0, -1.9855992502123236, 0.017068047801604386, -0.1545571225782954, 0.07379540348582161, -0.9200506943337242, 0.12904557190306096, 0.16304446877251214, -0.9205959955536872, -0.01695549730491388, -0.1074707486604525, 1.0225646978614051, -0.92, 0.2771193964424349, 0.3238881519442732, -0.9364590849056461
35.01643834472592, 0.0, 0.0, 0.0, 1.0, 3.493012482779367, 0.2752026530674528, 0.3389803150721959, 0.0, 0.0, -1.9813715061133137, 0.014263212641814882, -0.15496823963021916, 0.0778076748496007, -0.9200506943337243, 0.12863656523773395, 0.16745391554822062, -0.9210370920650547, -0.016340248338048848, -0.10580662486919437, 1.019036076000613, -0.92, 0.27136890144602227, 0.3322824092494935, -0.9391600982381084
35.02094904120584, 0.0, 0.0, 0.0, 1.0, 3.4928300639561245, 0.27295469420296825, 0.3386217853001186, 0.0, 0.0, -1.9771252580688365, 0.011799641080214125, -0.15508651481148322, 0.08169727272279029, -0.920187047670583, 0.12852234700606077, 0.1719736872491584, -0.9217703454762719, -0.015775597889226254, -0.10319075531706011, 1.0140383885511166, -0.92, 0.26576090190047486, 0.3407024133854872, -0.9422018900828378
35.02535342968969, 0.0, 0.0, 0.0, 1.0, 3.4926391111101425, 0.2707607943671092, 0.3382511738368443, 0.0, 0.0, -1.9728177928814978, 0.008986153794132661, -0.1552695703881673, 0.08574315361135594, -0.9207522882591631, 0.12827591918465425, 0.17648197940420304, -0.9228098395531585, -0.015295824657127494, -0.09976658321256258, 1.0076959220133903, -0.92, 0.26025310298208215, 0.3491522664362786, -0.945649346915262
35.02966836090416, 0.0, 0.0, 0.0, 1.0, 3.4924337877546034, 0.26861312116895425, 0.3378677422659738, 0.0, 0.0, -1.9684138809865661, 0.005990867333382568, -0.15538260951362806, 0.08988224751522447, -0.9216543527534811, 0.12802596518978704, 0.1810160805246587, -0.9240683353930131, -0.014249600625333396, -0.09577422524648904, 1.0006039087829706, -0.9200061270416463, 0.2547297327835026, 0.35744703865245464, -0.9475283884763324
35.03390727993821, 0.0, 0.0, 0.0, 1.0, 3.4922119740077426, 0.26650530065809, 0.337472129549299, 0.0, 0.0, -1.9639560010783652, 0.0029269005846378404, -0.1553863977091307, 0.09408964221846863, -0.9228496740290412, 0.12780598500446416, 0.185624593791083, -0.9255371229158477, -0.012999778769518652, -0.09126613560748129, 0.9933176451597648, -0.9217631818529284, 0.24927820473571707, 0.36568710531649395, -0.9488917255514027
35.03809189809651, 0.0, 0.0, 0.0, 1.0, 3.4919731358119424, 0.2644266680308753, 0.3370666885375977, 0.0, 0.0, -1.9594672627584888, -0.0003741857509687372, -0.15540161215767104, 0.09845177916913586, -0.9244048959648857, 0.12746924567499654, 0.19021368902652744, -0.927092758691731, -0.011881411548613012, -0.08629843374143917, 0.9859832652880692, -0.9260328758739654, 0.24395353919968285, 0.37399898205882376, -0.9507226996380579
35.04224356767913, 0.0, 0.0, 0.0, 1.0, 3.4917178998674667, 0.26236658436911464, 0.3366540609087263, 0.0, 0.0, -1.9549463007577859, -0.0037197475133306534, -0.1553256681945388, 0.10290361804598004, -0.9262119957751237, 0.1271231178715408, 0.1949109271342097, -0.9288801395075914, -0.011096297680709561, -0.08092050750589477, 0.9786558257917287, -0.9332195523635228, 0.23876869523619207, 0.3824643680651672, -0.953592614572977
35.04638169193213, 0.0, 0.0, 0.0, 1.0, 3.4914472743443086, 0.260315296990531, 0.3362365709032331, 0.0, 0.0, -1.9503761357711134, -0.007070806585725504, -0.15516458742832556, 0.10744236359980984, -0.9282251783570389, 0.12677097533549767, 0.1996478365436473, -0.9307024860464331, -0.010305439102996371, -0.07515366692139248, 0.9711901583906692, -0.9425472288473485, 0.2336521166955857, 0.39096614589572903, -0.9564034428431419
35.0505240452688, 0.0, 0.0, 0.0, 1.0, 3.491163144792829, 0.2582637017113824, 0.335818213054112, 0.0, 0.0, -1.9457154344697962, -0.010235623578125696, -0.15482875335897028, 0.11202558851979794, -0.930383529438644, 0.12651178832330948, 0.20446282257073736, -0.9325764977944615, -0.009471930250854336, -0.06890540192916542, 0.9635956688748634, -0.9541470904308026, 0.22855097779052658, 0.39947299937764946, -0.9589423217900961
35.0546874728866, 0.0, 0.0, 0.0, 1.0, 3.490864475795201, 0.256203524725778, 0.33540360723223006, 0.0, 0.0, -1.9409271776664085, -0.013446187515277862, -0.15436466920294634, 0.11669568332230626, -0.9326478965403499, 0.12626772824087507, 0.20925185238659302, -0.9344907419417755, -0.008556652479163976, -0.062135301235336185, 0.9557965472595055, -0.9679689864205887, 0.22342950824584235, 0.4078978813140034, -0.9608684994545941
35.05888962559072, 0.0, 0.0, 0.0, 1.0, 3.49054867880685, 0.2541263164792744, 0.33499645914350246, 0.0, 0.0, -1.93598542083591, -0.01664343555546287, -0.15380640044076324, 0.12144549940674389, -0.9349768972118154, 0.12603474899378678, 0.21417657301109974, -0.9365012069597684, -0.007532723595786376, -0.055279661600134346, 0.9472688378956445, -0.9834713298679265, 0.21826441806899113, 0.41623108428484745, -0.962019331117828
35.063150936773795, 0.0, 0.0, 0.0, 1.0, 3.4902139227730893, 0.25202212265559626, 0.3346017306191581, 0.0, 0.0, -1.9308541498487242, -0.01997193676207268, -0.15307174861734962, 0.12634822194793274, -0.9373331372343736, 0.12559886672151135, 0.21919102267256635, -0.9385820001305214, -0.006967229992246565, -0.04832295809342559, 0.9376403226600531, -1.0014512736131582, 0.21308455857195427, 0.4247052511074849, -0.9640514423537034
35.06748738880789, 0.0, 0.0, 0.0, 1.0, 3.4898591014317106, 0.2498831261907307, 0.3342244434356689, 0.0, 0.0, -1.9255091011497822, -0.023510930207815674, -0.15228503710591607, 0.13138970524307195, -0.9397359469900406, 0.12502247874697986, 0.22448848926340895, -0.9411581338714481, -0.006160312345159196, -0.04090023385024711, 0.9267576298189335, -1.0199651584858251, 0.2078016287638742, 0.4330189823059679, -0.9647055617144664
35.07191362570942, 0.0, 0.0, 0.0, 1.0, 3.489480361938477, 0.24770265613283454, 0.3338676357269287, 0.0, 0.0, -1.9199311623859685, -0.02732288090296863, -0.15145380846018971, 0.13661311440199755, -0.9421468975123021, 0.12424952913818284, 0.22995924775474585, -0.9444907708499871, -0.005653065682010892, -0.03335432654915251, 0.9139647179708187, -1.039572677317785, 0.20246034788868236, 0.44139912186835945, -0.9655942280708086
35.07650517823583, 0.0, 0.0, 0.0, 1.0, 3.489070287431989, 0.24547551495688325, 0.33353499412536625, 0.0, 0.0, -1.91409989067743, -0.031428825496513, -0.15058655749386388, 0.14189530984612161, -0.944525466095138, 0.12335974118877824, 0.23568180455334425, -0.9490206165286587, -0.005215924878738435, -0.026216858801027365, 0.8982035564982231, -1.0591601796437473, 0.19705157294175493, 0.4497343979799817, -0.9659187964038178
35.0812879860774, 0.0, 0.0, 0.0, 1.0, 3.4886232267107284, 0.24319891350609937, 0.33323320525033134, 0.0, 0.0, -1.9080257247186332, -0.03609271789280418, -0.14980258066727473, 0.14745663002667783, -0.9469304571091792, 0.12209666192424674, 0.24156979361116368, -0.9551969886143067, -0.005004372700105108, -0.018677352529977487, 0.8781979353600674, -1.0783416798075445, 0.19161615810651275, 0.45806019099912193, -0.9660537483876833
35.0862633890624, 0.0, 0.0, 0.0, 1.0, 3.4881438664027624, 0.2408693051338198, 0.3329600742885045, 0.0, 0.0, -1.9017069629276797, -0.04120923482698503, -0.14902611694962348, 0.1532519647445989, -0.9493725349879957, 0.12067334256807613, 0.24711097615693764, -0.9634772993482047, -0.004905755673657216, -0.01171223826781946, 0.8552213096799689, -1.0959073503047931, 0.1861618422584577, 0.4664550217221105, -0.9659306609948782
35.09142392238155, 0.0, 0.0, 0.0, 1.0, 3.4876385443551206, 0.23848247494016397, 0.3327092811039516, 0.0, 0.0, -1.8951530856123626, -0.04644434429888377, -0.1480598421843253, 0.15927005178337444, -0.9518273677594238, 0.11936391204203337, 0.25139463353306957, -0.9735924989496912, -0.005000472218637403, -0.005006120896833356, 0.8281760863626613, -1.1117229440513732, 0.18063026795352616, 0.4747735220864799, -0.9653548918292304
35.09671856473424, 1.0, 1.0, 1.0, 1.0, 3.48710805620466, 0.23603619677679902, 0.3324796758379255, 0.0, 0.0, -1.8884288898244457, -0.05164712814589267, -0.14683118806397527, 0.165469584418719, -0.9543009694917309, 0.1183597991511048, 0.25332496198118426, -0.984079694092494, -0.005205569854322983, 0.0017434932907868488, 0.7974843860466125, -1.1245843262776112, 0.17515358236893544, 0.4833366231478399, -0.9650250056985905
35.10206964609476, 1.0, 1.0, 1.0, 1.0, 3.4865530504499165, 0.2335269229752679, 0.33227173941476007, 0.0, 0.0, -1.8816330164965824, -0.05636702172010044, -0.14518207078650835, 0.17163334529127822, -0.9565898833282087, 0.1178534514699293, 0.25248981745012816, -0.9939607298025546, -0.005137287781293535, 0.0078063164165231595, 0.7638967980820927, -1.1338165664057975, 0.16976027904267715, 0.4921854260731198, -0.9642149683648514
35.10739538345026, 1.0, 1.0, 1.0, 1.0, 3.4859756687709265, 0.23094881023679487, 0.3320854704720633, 0.0, 0.0, -1.8748693300551014, -0.06003115157128497, -0.1426392678206439, 0.17753810225144767, -0.9584061488785879, 0.11815584194264625, 0.24859062090555145, -1.0027813162404358, -0.005155009754202805, 0.013390582742684374, 0.7279411678195816, -1.1402693771774637, 0.164521556425843, 0.5011333611933206, -0.9631387058451159
35.11283512181982, 1.0, 1.0, 1.0, 1.0, 3.4853792245047432, 0.22829514435359433, 0.33191945620945523, 0.0, 0.0, -1.868226371786502, -0.06257625635398241, -0.13939493452337454, 0.18315565507722234, -0.9597712119608495, 0.11915882439941543, 0.24129452048251737, -1.0095504442908851, -0.0054100751153104785, 0.018552025377061347, 0.6906334550080058, -1.1446565983741037, 0.15939442136986745, 0.5099324579497447, -0.961777577883997
35.118446263565694, 1.0, 1.0, 1.0, 1.0, 3.484766518729074, 0.22555729491370088, 0.3317713860103062, 0.0, 0.0, -1.8617272349221532, -0.06376770138997526, -0.13535815704193446, 0.18837570437479104, -0.960528582357045, 0.12065670668356658, 0.2304056420198531, -1.011935230534876, -0.005214762946794036, 0.02335894437433212, 0.6524661753216002, -1.1456713007151378, 0.1544636248333929, 0.5192005138717322, -0.9599278268617217
35.124253109663485, 1.0, 1.0, 1.0, 1.0, 3.4841376931326735, 0.22272278547287008, 0.33163792337690084, 0.0, 0.0, -1.855342709462906, -0.06410652912485948, -0.13102336739552212, 0.19354113105141077, -0.9609867069241318, 0.12231343837374155, 0.21777026764259205, -1.0118210954642255, -0.00564494537208399, 0.028890771064768495, 0.6136088202726153, -1.1456713007176518, 0.14963657892193313, 0.5285285701886593, -0.9591896162071248
35.130285344628014, 1.0, 1.0, 1.0, 1.0, 3.4834978975568505, 0.2197753075190955, 0.3315157890319824, 0.0, 0.0, -1.8490136015333987, -0.0634205307294627, -0.125853517347308, 0.19838586065928546, -0.9609892132332462, 0.1235676375883413, 0.20478993538345067, -1.0118210954642255, -0.006153249102100681, 0.032378054518620455, 0.5749865790862695, -1.1456713007176518, 0.1449663647292856, 0.5375899450150261, -0.9571085057963676
35.13658123564712, 1.0, 1.0, 1.0, 1.0, 3.4828532573155, 0.2166940740176612, 0.3314025347573417, 0.0, 0.0, -1.842691083788915, -0.06223157219712983, -0.12030370488873394, 0.20338385943181833, -0.9609892132332462, 0.12442148004696878, 0.1918780313127725, -1.0118210954642255, -0.0067771899974054, 0.0342658210562591, 0.5374412022097488, -1.1456713007176518, 0.14028309861977986, 0.5468993991734113, -0.9550656338195708
35.14318787209814, 1.0, 1.0, 1.0, 1.0, 3.482209941319057, 0.2134540036746436, 0.3312964861733573, 0.0, 0.0, -1.8363431864175903, -0.06039638524949955, -0.11434614732437266, 0.2085664758426192, -0.9609892132332462, 0.12499126288431953, 0.17889352959086105, -1.0117352693297594, -0.007296492180969059, 0.034994159975616175, 0.5010011367947541, -1.1456713007176518, 0.1355776045579538, 0.556562640251494, -0.952611664426356
35.150146839326645, 1.0, 1.0, 1.0, 1.0, 3.4815760694231312, 0.21003274474825198, 0.3311982985905239, 0.0, 0.0, -1.8299119668144532, -0.058281290092706196, -0.10812512298904407, 0.21398430721324507, -0.9609892132332462, 0.12520170005215508, 0.16620037879325375, -1.0113392349811887, -0.00773717336019101, 0.034685675786506574, 0.46601831009236044, -1.1456713007176518, 0.1308309094725925, 0.5665510135487963, -0.9496691306883529
