1.593110828575151350e-01 1.056406789627934439e-01 -3.025321073532105109e-01 1.931780262168902029e-01 -4.191038457480424778e-02 -3.349359245300293497e-01 -2.555961578268095558e-01 7.845264701931793649e-02 -3.107317323684692933e-01 -2.347369188413150620e-01 -7.492460122986698001e-02 -3.290291042327881388e-01
1.593110828575151350e-01 1.056406789627934439e-01 -3.025321073532105109e-01 1.931780262168902029e-01 -4.191038457480424778e-02 -3.349359245300293497e-01 -2.555961578268095558e-01 7.845264701931793649e-02 -3.107317323684692933e-01 -2.347369188413150620e-01 -7.492460122986698001e-02 -3.290291042327881388e-01
1.524227498558199945e-01 9.208357640514580611e-02 -3.092948598861693932e-01 1.999220174339458866e-01 -5.345791987170965542e-02 -3.290443058013915456e-01 -2.577086650913412713e-01 2.285059094065643864e-02 -3.169918365478517353e-01 -2.223750474401602339e-01 -1.284335742268009617e-01 -3.221831150054933479e-01
1.523288514332898635e-01 9.232758001231758382e-02 -3.092488021850584579e-01 1.998227479176649946e-01 -5.323565240955741018e-02 -3.290928335189818310e-01 -2.577501167263647752e-01 2.303902546047629021e-02 -3.169280071258545051e-01 -2.225102196628314655e-01 -1.282635188590209308e-01 -3.221338863372802952e-01
1.522587339672469009e-01 9.257581584467869384e-02 -3.092051286697388157e-01 1.997355406078724915e-01 -5.301598865971585139e-02 -3.291442985534668297e-01 -2.577918662550792717e-01 2.325883153118521451e-02 -3.168679828643799490e-01 -2.226198067603663566e-01 -1.280471504957804985e-01 -3.221058578491211577e-01
1.521953090102521611e-01 9.283529330548467851e-02 -3.091686697006226781e-01 1.996428187758767514e-01 -5.278512142840204729e-02 -3.292055053710938317e-01 -2.578345667415480880e-01 2.351071317875260205e-02 -3.168164987564088264e-01 -2.227241361607378567e-01 -1.278003787389650203e-01 -3.220909805297852424e-01
1.521365694946154867e-01 9.311591745093508732e-02 -3.091392917633057902e-01 1.995611300414907308e-01 -5.254275869652583891e-02 -3.292754001617432813e-01 -2.578906061953812889e-01 2.395336193675802472e-02 -3.167859525680544186e-01 -2.228246979528996641e-01 -1.275287730848648216e-01 -3.220994062423708226e-01
1.520864045224445682e-01 9.339726170519851989e-02 -3.091244382858276962e-01 1.994709260068194823e-01 -5.229297724743819237e-02 -3.293576784133911972e-01 -2.579918254371829645e-01 2.459902604889180680e-02 -3.167745943069458781e-01 -2.229132741653304384e-01 -1.272198186941994325e-01 -3.221315641403199037e-01
1.520539660106184909e-01 9.370143363757404975e-02 -3.091197700500488699e-01 1.994045519481187634e-01 -5.202505256848065363e-02 -3.294481773376465306e-01 -2.580422585455015017e-01 2.486839618917380257e-02 -3.168097276687622532e-01 -2.229682437720215682e-01 -1.268720816965404063e-01 -3.222094602584839595e-01
1.520468741145602765e-01 9.402762241855291969e-02 -3.091343994140625662e-01 1.993503409114349700e-01 -5.173911647304862971e-02 -3.295518798828125373e-01 -2.580677718682483635e-01 2.486481212490044765e-02 -3.168680305480957582e-01 -2.230007191019939272e-01 -1.264853292374623905e-01 -3.223136348724365829e-01
1.520483892265162007e-01 9.439746819598300587e-02 -3.091576213836669806e-01 1.993137700858916561e-01 -5.141970862286467797e-02 -3.296569604873657022e-01 -2.581408104863996966e-01 2.532547656540789019e-02 -3.169546861648559477e-01 -2.229973512970283844e-01 -1.260297630264961000e-01 -3.224562330245971942e-01
1.520481385917595019e-01 9.479410984855060618e-02 -3.091929502487183457e-01 1.992627382011346038e-01 -5.107190272469155912e-02 -3.297635383605957426e-01 -2.582258825038088457e-01 2.584184927988958380e-02 -3.170324249267577610e-01 -2.229982997235206710e-01 -1.255244316506627933e-01 -3.226011962890624751e-01
1.520376448488998666e-01 9.523268174126348073e-02 -3.092413539886474383e-01 1.992075667239002756e-01 -5.069002486274042790e-02 -3.298647422790527139e-01 -2.583268186986186765e-01 2.640982910936680653e-02 -3.170988292694091881e-01 -2.229936926160998312e-01 -1.249661276388627784e-01 -3.227508945465087931e-01
1.520101394179747267e-01 9.570006498644610671e-02 -3.092810792922974228e-01 1.991329421523502785e-01 -5.027905336072191478e-02 -3.299544830322266309e-01 -2.584372629385630615e-01 2.701750683042944759e-02 -3.171314926147461577e-01 -2.229957258484989435e-01 -1.243671360878728371e-01 -3.228799552917481219e-01
1.519658899731454182e-01 9.617885279481255822e-02 -3.093001241683960290e-01 1.990337610668959922e-01 -4.984163975889840253e-02 -3.300255126953125506e-01 -2.585473040223835173e-01 2.764055615632250718e-02 -3.171194858551025786e-01 -2.230128146585363957e-01 -1.237511863813707119e-01 -3.229789371490479066e-01
1.518827757075517093e-01 9.669734037290023121e-02 -3.093106145858766087e-01 1.989020628169268223e-01 -4.937455141176773366e-02 -3.300805253982544984e-01 -2.586801452119679157e-01 2.829207725650564886e-02 -3.170467538833618426e-01 -2.230571620179890580e-01 -1.231035459578887631e-01 -3.230331344604492338e-01
1.517852927031607124e-01 9.721242601987603593e-02 -3.093167037963867050e-01 1.987406149687859225e-01 -4.890242688539745558e-02 -3.301201696395874019e-01 -2.588219666392885809e-01 2.894230453065618769e-02 -3.169352693557738188e-01 -2.231352630235176049e-01 -1.224674244619902430e-01 -3.230565471649168852e-01
1.516429564994658807e-01 9.774303066715807342e-02 -3.093131465911865829e-01 1.985423705619666357e-01 -4.841932284846697104e-02 -3.301425905227661772e-01 -2.589847729949282806e-01 2.957340186834139101e-02 -3.167975540161133141e-01 -2.232438830267373664e-01 -1.218457204998752846e-01 -3.230504961013794252e-01
1.514587646741801519e-01 9.827638172500949287e-02 -3.092988986968993603e-01 1.983071533460552260e-01 -4.792499614364277571e-02 -3.301535959243774299e-01 -2.591709348055356577e-01 3.017508920872844641e-02 -3.166467256546020015e-01 -2.234039181639080329e-01 -1.212576059945950357e-01 -3.230184192657470366e-01
1.512516201443046271e-01 9.884743878319454669e-02 -3.092798395156859392e-01 1.980599697536786497e-01 -4.739988329932500605e-02 -3.301600284576414746e-01 -2.593727752615870297e-01 3.075434659405912319e-02 -3.165094394683836687e-01 -2.235743655241192729e-01 -1.206709054481498455e-01 -3.229742975234984326e-01
1.510365828284177259e-01 9.946162989997742176e-02 -3.092078847885131876e-01 1.978107527502926122e-01 -4.682972904777651241e-02 -3.301156110763549534e-01 -2.595827979242247285e-01 3.132819975280385499e-02 -3.163707561492919984e-01 -2.237454013602418190e-01 -1.201079909764155018e-01 -3.228937501907348517e-01
1.508243822144441915e-01 1.000881332937656049e-01 -3.092129106521607218e-01 1.975638841675687596e-01 -4.624877313933990070e-02 -3.301477403640747932e-01 -2.597977323957956775e-01 3.184889255036500028e-02 -3.163571853637694997e-01 -2.239300189511768679e-01 -1.195917263102293515e-01 -3.228984136581420361e-01
1.506109462558652690e-01 1.007319050084167222e-01 -3.092362232208252237e-01 1.973455653964902856e-01 -4.565492055310677727e-02 -3.302038307189941735e-01 -2.600077228441119437e-01 3.231589714342286007e-02 -3.164306468963622998e-01 -2.241079571751017352e-01 -1.191327383378548987e-01 -3.229403657913207937e-01
1.504018669342381265e-01 1.013814355868447592e-01 -3.092942876815794606e-01 1.971355095123629164e-01 -4.504799251374119046e-02 -3.302997512817381631e-01 -2.602204126817556640e-01 3.274287069511723491e-02 -3.165887613296508585e-01 -2.242942496304857480e-01 -1.187109940660200924e-01 -3.230330057144165101e-01
1.501827873903909538e-01 1.020434214070840423e-01 -3.093449420928954252e-01 1.969266838747653903e-01 -4.442715964760350633e-02 -3.303944225311278848e-01 -2.604332361535814377e-01 3.314067391608425256e-02 -3.167825813293455584e-01 -2.244916002637503960e-01 -1.183189249907706936e-01 -3.231363697052000439e-01
1.499687427812053109e-01 1.027141723923592764e-01 -3.093925065994262424e-01 1.967263111405803955e-01 -4.379869076682038620e-02 -3.304881639480590216e-01 -2.606500478434112256e-01 3.351611885491058429e-02 -3.169956369400023788e-01 -2.246887020480752284e-01 -1.179468259003221831e-01 -3.232470817565917809e-01
1.497510921169270814e-01 1.033942367321717126e-01 -3.094447727203371024e-01 1.965350276638018756e-01 -4.316087038452758734e-02 -3.305865545272829165e-01 -2.608666459637494772e-01 3.387419834796735058e-02 -3.172216005325317889e-01 -2.248944513547670998e-01 -1.175800887738342460e-01 -3.233663482666016553e-01
1.495451407045638170e-01 1.040770303146240777e-01 -3.094981784820556858e-01 1.963517813295634351e-01 -4.251415620881341534e-02 -3.306781501770019727e-01 -2.610684584505328920e-01 3.423878588140568530e-02 -3.174586505889893107e-01 -2.250810406990633172e-01 -1.172039853916971297e-01 -3.234968109130859637e-01
1.493429851359838745e-01 1.047678160661112134e-01 -3.095540781021118293e-01 1.961676921672339535e-01 -4.185489511552942937e-02 -3.307638616561889844e-01 -2.612579878474587392e-01 3.458780237887240649e-02 -3.176860876083373308e-01 -2.252735040804470235e-01 -1.168406360716267578e-01 -3.236227340698241139e-01
1.491280891297908917e-01 1.054512359922157860e-01 -3.096026010513305837e-01 1.959835578797904931e-01 -4.120033718893655744e-02 -3.308339662551879612e-01 -2.614398296625699003e-01 3.492400104501805491e-02 -3.178928108215332005e-01 -2.254760132346941004e-01 -1.164894154658245029e-01 -3.237278051376342725e-01
1.489166938228347892e-01 1.061364172987252358e-01 -3.096417207717895859e-01 1.957946235103346921e-01 -4.054260644395058649e-02 -3.308907289505005345e-01 -2.616150956003638339e-01 3.526278262543996317e-02 -3.180634088516235414e-01 -2.256889753031163792e-01 -1.161402433021964942e-01 -3.238078184127807790e-01
1.486918142679169164e-01 1.068319602128705859e-01 -3.096721763610840172e-01 1.955968435647921777e-01 -3.987512444289111752e-02 -3.309281368255615474e-01 -2.617664615666180916e-01 3.561329329389101295e-02 -3.181615705490112855e-01 -2.259041541541031706e-01 -1.157798710913290341e-01 -3.238500471115112744e-01
1.484547777873372887e-01 1.075334085474102114e-01 -3.096941204071044229e-01 1.953861742717122318e-01 -3.919081935786319915e-02 -3.309507627487181525e-01 -2.619038885072605960e-01 3.597534443318359948e-02 -3.181919784545898522e-01 -2.261476463650564928e-01 -1.154012181608104204e-01 -3.238584299087524654e-01
1.481990385781385422e-01 1.082493474540014711e-01 -3.097092981338500639e-01 1.951624174843884507e-01 -3.848809456260007117e-02 -3.309644432067870845e-01 -2.620392604481470711e-01 3.636048645720740130e-02 -3.181812639236450968e-01 -2.263958736566535346e-01 -1.150146024783009757e-01 -3.238474817276001949e-01
1.479558885426716097e-01 1.089681737699692426e-01 -3.097141618728637691e-01 1.949539354176718364e-01 -3.777811071489404343e-02 -3.309633750915527139e-01 -2.621623429367250790e-01 3.675629345192665820e-02 -3.181314725875853400e-01 -2.266483052326578873e-01 -1.146160301817621963e-01 -3.238179178237913791e-01
1.477025287251919894e-01 1.096982087382268878e-01 -3.097100181579589551e-01 1.947450091939423589e-01 -3.705333239946848739e-02 -3.309541292190551487e-01 -2.622762467379043394e-01 3.716545851939663525e-02 -3.180467529296873708e-01 -2.269050855041619408e-01 -1.141991028712429634e-01 -3.237725181579588218e-01
1.474520423861417073e-01 1.104386299682622030e-01 -3.097039861679076189e-01 1.945323646517667926e-01 -3.632025064697218253e-02 -3.309400577545165145e-01 -2.624361910668647213e-01 3.873545907850494546e-02 -3.179424209594725603e-01 -2.271445707448675466e-01 -1.137479516859526696e-01 -3.237246437072752725e-01
1.472320198628849219e-01 1.111767213945484833e-01 -3.096923418045044452e-01 1.943511604878849219e-01 -3.559019297312730062e-02 -3.309172887802124263e-01 -2.625772297648797937e-01 4.062978083838644783e-02 -3.178330726623534441e-01 -2.273579926682377517e-01 -1.132857078793746280e-01 -3.236781997680663325e-01
1.470204894162303044e-01 1.118968487279558555e-01 -3.096757574081421271e-01 1.941979796506049238e-01 -3.487655062507153542e-02 -3.308885116577148788e-01 -2.626711103791442015e-01 4.233592780572366376e-02 -3.177186079025269283e-01 -2.275501069627258177e-01 -1.128127059638726337e-01 -3.236281032562256521e-01
1.468193107949014864e-01 1.126093637809298387e-01 -3.096576614379882852e-01 1.940610100136519467e-01 -3.416856743244905958e-02 -3.308551664352417099e-01 -2.627480817557801829e-01 4.379569592024022684e-02 -3.176195306777955252e-01 -2.277205301017123096e-01 -1.123461773310371198e-01 -3.235918684005738566e-01
1.466369694374969612e-01 1.133234266935948809e-01 -3.096374816894532644e-01 1.939436100624974957e-01 -3.345909741529182885e-02 -3.308194942474366740e-01 -2.628126580090613396e-01 4.498406121131572760e-02 -3.175374336242677287e-01 -2.278653560972487557e-01 -1.118570539907520617e-01 -3.235615034103395127e-01
1.464932938073054136e-01 1.140452947257030586e-01 -3.096166725158691624e-01 1.938617020104309030e-01 -3.274290565271498893e-02 -3.307833213806152250e-01 -2.628588531507927706e-01 4.572815364766812107e-02 -3.174948425292968834e-01 -2.279623428154733122e-01 -1.113582861422608428e-01 -3.235578031539916855e-01
1.463731421968513247e-01 1.147616445045151756e-01 -3.096139545440673158e-01 1.938160132906008581e-01 -3.202364907458638693e-02 -3.307681341171263556e-01 -2.628964190695634584e-01 4.589815397463764546e-02 -3.175207681655883851e-01 -2.280117247277894110e-01 -1.108278697000907170e-01 -3.236171169281006343e-01
1.463025248332547601e-01 1.154888586619383650e-01 -3.096084756851195108e-01 1.938181498332545993e-01 -3.129384092302257142e-02 -3.307494325637816424e-01 -2.629353319271702238e-01 4.534054663021717252e-02 -3.176170463562009716e-01 -2.279906470060110713e-01 -1.102587005971094464e-01 -3.237241430282590815e-01
1.462248954265163714e-01 1.162177392508123991e-01 -3.095487232208251616e-01 1.938252372233912058e-01 -3.056541809782040153e-02 -3.306753702163695574e-01 -2.629621375144349238e-01 4.406714806798595063e-02 -3.176495809555055505e-01 -2.279326760360409210e-01 -1.096664864358277147e-01 -3.237810440063478290e-01
1.461438525986327175e-01 1.169506249025121791e-01 -3.094605560302735037e-01 1.938298877548827459e-01 -2.983180765364012305e-02 -3.305601091384888224e-01 -2.629520781536440754e-01 4.230324495099660465e-02 -3.176123447418213175e-01 -2.278585736538866480e-01 -1.090449379751014802e-01 -3.237884111404419341e-01
1.460705029700208879e-01 1.176849826268371313e-01 -3.093543548583985170e-01 1.938375928137710813e-01 -2.910024228771364296e-02 -3.304135055541992938e-01 -2.629730530765188035e-01 4.261467809646340976e-02 -3.175375957489014467e-01 -2.277605969940239561e-01 -1.084156985658204647e-01 -3.237710828781128480e-01
1.459779923629931364e-01 1.184013351280580328e-01 -3.092366523742677287e-01 1.938461564254936875e-01 -2.837976228405136164e-02 -3.302475566864014889e-01 -2.629872962821879767e-01 4.318970711740451746e-02 -3.174060792922975272e-01 -2.276725132385667982e-01 -1.078028154354637724e-01 -3.237096519470216149e-01
1.458889475948595693e-01 1.191212328872622850e-01 -3.091072483062743959e-01 1.938547679073600871e-01 -2.766903505707370148e-02 -3.300598402023315336e-01 -2.629813856317037568e-01 4.377911493486477679e-02 -3.172238273620605620e-01 -2.275673422229927689e-01 -1.071888805199572858e-01 -3.236155385971069554e-01
1.457682217506836853e-01 1.198389914190339106e-01 -3.089674015045166811e-01 1.938504971413082811e-01 -2.695444272403252350e-02 -3.298660202026367783e-01 -2.629879129832087270e-01 4.438111213418594742e-02 -3.169900770187378258e-01 -2.274765660019436031e-01 -1.065735505463507315e-01 -3.234713716506958381e-01
1.456139616344213072e-01 1.205672126861957461e-01 -3.088187046051026341e-01 1.938212370250457783e-01 -2.622088088069882139e-02 -3.296743316650391775e-01 -2.629981691336415461e-01 4.495660996473421767e-02 -3.167248315811157511e-01 -2.274297651328674175e-01 -1.059735803169331858e-01 -3.232806320190429461e-01
1.454438370552683102e-01 1.213174063796410851e-01 -3.086513586044311586e-01 1.937797745552682083e-01 -2.546843651586676305e-02 -3.294772119522094700e-01 -2.629854309189514905e-01 4.550514379827893391e-02 -3.164383096694947661e-01 -2.273919249725114000e-01 -1.054083827729147549e-01 -3.230620260238648567e-01
1.452607665202906295e-01 1.220933571370608622e-01 -3.084707040786743293e-01 1.937297606609158229e-01 -2.469258494057588460e-02 -3.292822904586792387e-01 -2.629641834166788761e-01 4.606320345317631293e-02 -3.161379976272583048e-01 -2.273736429988640340e-01 -1.048497930064951622e-01 -3.228248424530029692e-01
1.450961154154319366e-01 1.228715154474555593e-01 -3.082690687179566735e-01 1.936954806498070170e-01 -2.391853124443897582e-02 -3.290765447616578743e-01 -2.629140499092469385e-01 4.659520125578366784e-02 -3.158641834259033887e-01 -2.273355337751442329e-01 -1.043002951737646011e-01 -3.225904006958008052e-01
1.449293658074523317e-01 1.236462953165174961e-01 -3.080593318939209291e-01 1.936622759637017521e-01 -2.315340255945904507e-02 -3.288741512298584135e-01 -2.628750149253902824e-01 4.708894788286751426e-02 -3.156218404769896568e-01 -2.273191505301758175e-01 -1.037886208160893053e-01 -3.223690910339354621e-01
1.447650600921899511e-01 1.244138275164127228e-01 -3.078411312103271902e-01 1.936356655609390298e-01 -2.239369811835292823e-02 -3.286719198226928929e-01 -2.628224013716982665e-01 4.753956857390029267e-02 -3.154275293350219944e-01 -2.273171619739605409e-01 -1.033151297984114952e-01 -3.221928186416626594e-01
1.445905416987018355e-01 1.251594150337826949e-01 -3.076225156784058168e-01 1.935924948237017218e-01 -2.165141412881497335e-02 -3.284713287353515643e-01 -2.627645647635713511e-01 4.793987706143349597e-02 -3.152265090942383274e-01 -2.273279093551681118e-01 -1.028723062695429541e-01 -3.220562524795532733e-01
1.444110701681940445e-01 1.258743442006149404e-01 -3.074037141799926820e-01 1.935558455588190507e-01 -2.094306912946319182e-02 -3.282708234786987367e-01 -2.627392336537507367e-01 4.832588825137549421e-02 -3.151152153015136514e-01 -2.273805914269992901e-01 -1.024733003780843449e-01 -3.219613952636718457e-01
1.442114201495544590e-01 1.265539007440550090e-01 -3.071798009872437896e-01 1.935234318683039245e-01 -2.027123353328871141e-02 -3.280671854019166500e-01 -2.627270565745737363e-01 4.868372958511712340e-02 -3.149958534240724917e-01 -2.274658161899346664e-01 -1.020923885583073093e-01 -3.218945426940920118e-01
1.440123227444078946e-01 1.272320370770256837e-01 -3.069171352386474427e-01 1.935057309475335940e-01 -1.959735440246648808e-02 -3.278346986770629412e-01 -2.627696364752634683e-01 4.905270622620655496e-02 -3.148036308288573726e-01 -2.275649451150398850e-01 -1.017332189290909572e-01 -3.218265552520751527e-01
1.437914545652892728e-01 1.279157849898307220e-01 -3.066120548248291167e-01 1.934735834715395064e-01 -1.890072807169269897e-02 -3.275719852447510072e-01 -2.628668642867517669e-01 4.950835717759850818e-02 -3.145130176544189693e-01 -2.277003002364628714e-01 -1.013776840493372522e-01 -3.217223854064941713e-01
1.435767841696467539e-01 1.286122288442952954e-01 -3.062693996429443621e-01 1.934600849508968101e-01 -1.818955185638833350e-02 -3.272742719650268417e-01 -2.629971221906368117e-01 5.007566818933621711e-02 -3.141502065658569598e-01 -2.278275740035857755e-01 -1.010268390876393890e-01 -3.215751333236694376e-01
1.433349411740441615e-01 1.293194959959176604e-01 -3.058863325119019483e-01 1.934218552365440658e-01 -1.747916428240268993e-02 -3.269324941635132764e-01 -2.632001770229062676e-01 5.051471771613324363e-02 -3.137993402481079608e-01 -2.280062102491074161e-01 -1.007140272612696008e-01 -3.213458652496338774e-01
1.430392100491533203e-01 1.300347385485744189e-01 -3.054676074981688139e-01 1.933275401272789851e-01 -1.677236746949196944e-02 -3.265502996444701322e-01 -2.634721487259427675e-01 5.077759604021506862e-02 -3.135433835983275075e-01 -2.282405315655019196e-01 -1.004264345401652825e-01 -3.210434932708738920e-01
1.426476628850905370e-01 1.307656041202641117e-01 -3.050511140823364831e-01 1.931371648382159412e-01 -1.606181897543902670e-02 -3.261642236709595410e-01 -2.638411403633794672e-01 5.089226826299682316e-02 -3.133697481155397480e-01 -2.285640288172093582e-01 -1.001533793827252827e-01 -3.206799669265748554e-01
1.422072481766152030e-01 1.314981217392204582e-01 -3.046608800888061519e-01 1.928842501297404199e-01 -1.536271047513500243e-02 -3.257822818756103689e-01 -2.642547762423280155e-01 5.083215714192172024e-02 -3.133228607177734326e-01 -2.289543419988050998e-01 -9.991279875090161577e-02 -3.202748842239380167e-01
1.417130308935667937e-01 1.322177713508213004e-01 -3.043088312149047070e-01 1.926060972998165088e-01 -1.469143122486223085e-02 -3.254250879287718945e-01 -2.646342150631599277e-01 5.066537173815399003e-02 -3.132876462936401984e-01 -2.293695120199586157e-01 -9.968168277622976858e-02 -3.198418588638306526e-01
1.410924144145637715e-01 1.329553718604846724e-01 -3.040371198654174822e-01 1.922269358989388000e-01 -1.400114059068721661e-02 -3.251522178649902672e-01 -2.648712980219250501e-01 5.056439421120354633e-02 -3.131521863937378192e-01 -2.298629476793485060e-01 -9.946544776434128321e-02 -3.194202632904052930e-01
1.403853359911951815e-01 1.336826212442769612e-01 -3.038396854400634006e-01 1.917642422411954262e-01 -1.330607962242223719e-02 -3.249548454284666987e-01 -2.649735739735601947e-01 5.114076970495379237e-02 -3.129720754623413481e-01 -2.303951528606552890e-01 -9.923927790804022708e-02 -3.190471334457397612e-01
1.394407763880179396e-01 1.343774151368041236e-01 -3.037124414443971299e-01 1.911666064661430020e-01 -1.262062410880135377e-02 -3.248462553024293320e-01 -2.655692454676601977e-01 5.323853220865577829e-02 -3.129895372390747443e-01 -2.310401231255052590e-01 -9.903059104805733703e-02 -3.187751932144164968e-01
1.383461119749879731e-01 1.349861364233868322e-01 -3.036764926910399676e-01 1.905270201781133765e-01 -1.199291325923036722e-02 -3.248171157836913236e-01 -2.667878084479495260e-01 5.499351714662270574e-02 -3.131418151855470122e-01 -2.317550524271090040e-01 -9.885422433297647027e-02 -3.186663885116578498e-01
1.372696520826167110e-01 1.355114206978657032e-01 -3.037924642562866429e-01 1.898575427076166777e-01 -1.147108510047419039e-02 -3.249199409484863077e-01 -2.681957297033786825e-01 5.621575470991434925e-02 -3.132731981277466771e-01 -2.325709198243416098e-01 -9.869137249386494837e-02 -3.188173265457154293e-01
1.363393850779099081e-01 1.359542302313797857e-01 -3.040312833786009139e-01 1.890910940622854142e-01 -1.107847698297569072e-02 -3.251289148330687162e-01 -2.693720802205807341e-01 5.682674843443392271e-02 -3.131771249771118093e-01 -2.335960035296555659e-01 -9.851934286225180748e-02 -3.191826744079589440e-01
1.357798225855575136e-01 1.362685596361540852e-01 -3.043776006698608039e-01 1.882656624293083947e-01 -1.089802056404126640e-02 -3.254374094009399032e-01 -2.698229381246053382e-01 5.691345415712752154e-02 -3.127089710235596565e-01 -2.348135283655375938e-01 -9.835758419727873292e-02 -3.197563858032227424e-01
1.357102935233812369e-01 1.364686894290171315e-01 -3.046977014541625839e-01 1.873079497733812770e-01 -1.094555617645164014e-02 -3.257140274047851669e-01 -2.691380599012521690e-01 5.649078303910546467e-02 -3.115941495895385716e-01 -2.362486903049620945e-01 -9.820936535966259817e-02 -3.203969545364379612e-01
1.355349819074866680e-01 1.366691908862142368e-01 -3.047640199661255100e-01 1.862749721418616722e-01 -1.112642526368812224e-02 -3.257386846542358882e-01 -2.668494587850743227e-01 5.504808040968297428e-02 -3.091260261535643816e-01 -2.377890521421371639e-01 -9.798269228291295319e-02 -3.207670660018920317e-01
1.346140795381539634e-01 1.367842938762474647e-01 -3.044512100219726736e-01 1.851968432100288553e-01 -1.153906275217049526e-02 -3.254404087066650741e-01 -2.622636019126503015e-01 5.816477289349875068e-02 -3.038918037414550244e-01 -2.393738026232921368e-01 -9.769926958278450646e-02 -3.205919952392577432e-01
1.331968862188788738e-01 1.367297821879858433e-01 -3.038025207519531867e-01 1.840328237188786631e-01 -1.223954001660405161e-02 -3.249068517684937096e-01 -2.535759026637952607e-01 6.258645898303862032e-02 -2.966284484863280779e-01 -2.410644371057005797e-01 -9.743831829750390638e-02 -3.200354452133178373e-01
1.316577618706407660e-01 1.365331780236049286e-01 -3.028452510833740119e-01 1.826697247612660002e-01 -1.310232002327013645e-02 -3.241036434173584224e-01 -2.422440573544117626e-01 6.730707028025252614e-02 -2.915644044876098961e-01 -2.428800594256687873e-01 -9.729186189036620469e-02 -3.191229362487792987e-01
1.302993310702283414e-01 1.360341041713100108e-01 -3.015531845092773722e-01 1.809780420077280738e-01 -1.416514509626812246e-02 -3.229911727905274144e-01 -2.264310141276551225e-01 7.355586770838143384e-02 -2.874000234603882320e-01 -2.449470634596541130e-01 -9.721412165079666712e-02 -3.178406448364258230e-01
1.296086746228751474e-01 1.357479887495432469e-01 -2.997998828887939449e-01 1.790425125135000628e-01 -1.550153059860127219e-02 -3.214420623779296604e-01 -2.068120896855094037e-01 8.048315263398278518e-02 -2.836106081008910040e-01 -2.472456305021124567e-01 -9.724182787826984864e-02 -3.159950323104857017e-01
1.299811951000149346e-01 1.356078953880805460e-01 -2.976305360794067600e-01 1.768019958812649395e-01 -1.704936932139211603e-02 -3.193980188369751061e-01 -1.970984777952000666e-01 8.803863699744482463e-02 -2.863380022048950257e-01 -2.498511079942773716e-01 -9.733544811503257177e-02 -3.136451454162598185e-01
1.317848735372132429e-01 1.352224279361678438e-01 -2.949701852798461976e-01 1.742094340840880384e-01 -1.877407017174229781e-02 -3.169039554595947661e-01 -1.925739778066169472e-01 9.304588052275974963e-02 -2.899598426818846830e-01 -2.528927549048805012e-01 -9.748641782145932300e-02 -3.111086673736571662e-01
1.355665687610195236e-01 1.343288449464531964e-01 -2.910092086791992716e-01 1.711449379016447003e-01 -2.075748165266794870e-02 -3.139991588592530025e-01 -1.941049834285578923e-01 9.456110397796393952e-02 -2.920413942337037883e-01 -2.564581951523316472e-01 -9.757242228255344485e-02 -3.085014553070070109e-01
1.434797594327421599e-01 1.317109415531013128e-01 -2.803186101913451300e-01 1.674096910733674781e-01 -2.299695181848068065e-02 -3.106260890960692578e-01 -2.026245350824217029e-01 9.550963157443971563e-02 -2.926160497665404314e-01 -2.606696575704631202e-01 -9.803014737836730774e-02 -3.056386871337889444e-01
1.554374670061006714e-01 1.268775053977422018e-01 -2.677130670547485103e-01 1.629381994279759938e-01 -2.536464395528518351e-02 -3.071098871231078831e-01 -2.095324134776045677e-01 9.517886546663656411e-02 -2.902435846328734748e-01 -2.654635441162059850e-01 -9.895229719805379021e-02 -3.025128145217895193e-01
1.741509639206194060e-01 1.195574034182316780e-01 -2.556310195922851802e-01 1.575723506393694462e-01 -2.785620894749098880e-02 -3.038819665908814027e-01 -2.153006098766333531e-01 9.452759028013930920e-02 -2.882449741363525830e-01 -2.717166285993288244e-01 -1.001390049647698649e-01 -2.996685523986816757e-01
1.986202068002686782e-01 1.082925749529821957e-01 -2.452954311370850737e-01 1.511414470346434114e-01 -3.041554730043576418e-02 -3.012712974548341083e-01 -2.216084677154421811e-01 9.350524402498563981e-02 -2.869434375762940914e-01 -2.786874971504850751e-01 -1.012855119273570470e-01 -2.964795846939088375e-01
2.257431153267000223e-01 9.266293409018525051e-02 -2.380855102539062296e-01 1.440736817329494879e-01 -3.310823747963893837e-02 -2.993415231704711355e-01 -2.289175616740014574e-01 9.220730288667607077e-02 -2.858831806182861590e-01 -2.842540515910740306e-01 -1.026380921490310100e-01 -2.919426889419556304e-01
2.557833010616064051e-01 7.982710424963475326e-02 -2.344812889099120445e-01 1.354729255170813995e-01 -3.545982560856743987e-02 -2.983113737106322105e-01 -2.368306423714218178e-01 9.092616981651444052e-02 -2.852744216918945419e-01 -2.884579907256351605e-01 -1.041803415214641593e-01 -2.868412036895751638e-01
2.859165633383189964e-01 7.638391293332857934e-02 -2.345194740295410141e-01 1.255755888489072380e-01 -3.871300526173820922e-02 -2.981843919754028072e-01 -2.455302415986782560e-01 8.985677811726736075e-02 -2.855924053192137602e-01 -2.903887075811102392e-01 -1.055220008604186854e-01 -2.811210889816282976e-01
3.160885495384904709e-01 7.199317200330043742e-02 -2.369164581298828787e-01 1.143059769605286324e-01 -4.220950528031604948e-02 -2.980928344726563317e-01 -2.549676556228228641e-01 8.928972382285609022e-02 -2.862278146743775231e-01 -2.869698307378344415e-01 -1.059784242617797245e-01 -2.736959762573242805e-01
3.440503281635892141e-01 6.727405099343629347e-02 -2.411793823242187329e-01 1.025677841922537636e-01 -4.493145165562932586e-02 -2.984983749389648056e-01 -2.650264045556059989e-01 8.923187721826980612e-02 -2.874743766784667587e-01 -2.747082793055565797e-01 -1.054539795983855388e-01 -2.666393346786498642e-01
3.644608015746736984e-01 6.369461460314848611e-02 -2.475960893630981541e-01 9.165765912118170600e-02 -4.659989567084647094e-02 -2.992612094879150697e-01 -2.757274216187211024e-01 8.998956878720444641e-02 -2.893137187957763867e-01 -2.501103655090296529e-01 -1.038583022389250737e-01 -2.613193769454956183e-01
3.734965389394764301e-01 6.082501075557379677e-02 -2.574024076461790544e-01 8.028912367401321026e-02 -4.769839953161183338e-02 -2.996285600662230153e-01 -2.871290721573752647e-01 9.142621201982684132e-02 -2.911447782516479732e-01 -2.178115778021785520e-01 -1.011446834856635502e-01 -2.599536724090576456e-01
3.731237607428980474e-01 5.857915022656157156e-02 -2.700768060684205496e-01 6.913157366493903611e-02 -4.842608868349788237e-02 -2.990197963714600893e-01 -2.990019826986651807e-01 9.329436499138483996e-02 -2.924223775863648567e-01 -1.814551741628434023e-01 -9.769023796055208153e-02 -2.642169733047486369e-01
3.650305115803049727e-01 5.696891189796980670e-02 -2.819542903900146280e-01 5.941610603700125254e-02 -4.887623503602096797e-02 -2.971490402221679261e-01 -3.113886429804845202e-01 9.545623177732784348e-02 -2.928823585510253458e-01 -1.437488275972326757e-01 -9.323790210569052328e-02 -2.684598989486693954e-01
3.515455538091479815e-01 5.632117794732428157e-02 -2.899144239425660019e-01 5.202796599343469802e-02 -4.907373448820495643e-02 -2.945105094909668542e-01 -3.245139373281881734e-01 9.783782918396928541e-02 -2.923963518142700946e-01 -1.095163829390758958e-01 -8.768545626172358221e-02 -2.707112498283387181e-01
3.371241713021538855e-01 5.641830147033378984e-02 -2.930571098327636737e-01 4.666566502163894958e-02 -4.912184674099084880e-02 -2.882454938888549534e-01 -3.377071444543632284e-01 1.007614965275735741e-01 -2.911021919250488255e-01 -8.377375375181098094e-02 -8.172825100540584420e-02 -2.713828368186950168e-01
3.220416093317831630e-01 5.740590715746896056e-02 -2.928703851699828720e-01 4.939206536947553239e-02 -4.887933633335517225e-02 -2.717242403030395437e-01 -3.500381881031926490e-01 1.046071030748250141e-01 -2.888578672409057302e-01 -7.481090025167137780e-02 -7.593011129479129706e-02 -2.730076880455016841e-01
3.064632634012917634e-01 5.890278384650714238e-02 -2.912107915878295872e-01 6.400236036056448918e-02 -4.816610429007729677e-02 -2.617998523712158354e-01 -3.640230021635449953e-01 1.089665808698459248e-01 -2.857671804428099094e-01 -8.058405022555473196e-02 -7.031318605942958599e-02 -2.743764538764952299e-01
2.907229581887658676e-01 6.121391112150009056e-02 -2.891520185470580206e-01 9.076173726382426310e-02 -4.654756229615616969e-02 -2.496114892959594433e-01 -3.774440249878528442e-01 1.220595488872278644e-01 -2.816703958511352912e-01 -9.453947249229920080e-02 -6.545260421221157920e-02 -2.728671092987061120e-01
2.749136389336071518e-01 6.373460691524206190e-02 -2.864858884811403161e-01 1.181235126391715906e-01 -4.418693815704795996e-02 -2.372332496643068112e-01 -3.880274152765522122e-01 1.363681460477232654e-01 -2.757477397918702833e-01 -1.107827726012958758e-01 -6.042746631724547901e-02 -2.704594821929933168e-01
2.591451693823241254e-01 6.626464548839010316e-02 -2.834425754547119092e-01 1.539332999016012060e-01 -4.049368771232354086e-02 -2.275588817596435609e-01 -3.948614982604252144e-01 1.477560497663293615e-01 -2.687096662521361035e-01 -1.252261919958073400e-01 -5.489411375972048923e-02 -2.676259346008299511e-01
2.431640130059327387e-01 6.863644706976854137e-02 -2.803191347122191979e-01 1.861595722977259226e-01 -3.598735798666860553e-02 -2.222353668212890265e-01 -3.984771450752981337e-01 1.534549371869317336e-01 -2.617567033767699836e-01 -1.391313101072536307e-01 -4.988628404068926048e-02 -2.670062823295592525e-01
2.274450752892535899e-01 7.022786057166691132e-02 -2.777929229736328387e-01 2.184792755478512094e-01 -3.763189127343449097e-02 -2.198449916839599894e-01 -3.956817332539283028e-01 1.572677916320093239e-01 -2.559965248107910485e-01 -1.534436491196738139e-01 -4.517832761651987411e-02 -2.666628141403198371e-01
2.124005670414841895e-01 7.064503525553164631e-02 -2.760706110000609725e-01 2.506639787098287053e-01 -4.067237732580909759e-02 -2.212886257171630955e-01 -3.841546245867059062e-01 1.586911231978547498e-01 -2.520862741470336621e-01 -1.680477923458883749e-01 -4.041632337803311575e-02 -2.671016592979430504e-01
1.978942356805172553e-01 7.013714277172035383e-02 -2.750661487579346143e-01 2.861153750534066731e-01 -4.579903142084348205e-02 -2.255300350189209657e-01 -3.644404784589773127e-01 1.568456205997523778e-01 -2.502484006881713352e-01 -1.827913264439612051e-01 -3.577353784494283206e-02 -2.684682197570800177e-01
1.838873868347582763e-01 6.883510398152381526e-02 -2.746927614212036906e-01 3.236989653583186577e-01 -5.501612970986077822e-02 -2.302799673080445086e-01 -3.391492520442921377e-01 1.522234783357128141e-01 -2.486376066207885427e-01 -1.975129704108054551e-01 -3.126992766003730551e-02 -2.705816192626953054e-01
1.704172734887292040e-01 6.692657954957560718e-02 -2.748435802459717747e-01 3.633498943501295431e-01 -7.918596785007568639e-02 -2.386337203979493338e-01 -3.108854088703011387e-01 1.453659929934557893e-01 -2.480731029510497565e-01 -2.123044168725855274e-01 -2.701354196544512171e-02 -2.733386845588682834e-01
1.572973084855758541e-01 6.478644804829766790e-02 -2.753569669723511248e-01 3.787146281708906881e-01 -9.615707310567711552e-02 -2.342468233108521147e-01 -2.787147721452024052e-01 1.427021100529745345e-01 -2.485326738357544474e-01 -2.274347899304599852e-01 -2.299014514408895954e-02 -2.768637914657593457e-01
1.441308838164093997e-01 6.250755511975669698e-02 -2.759905881881712930e-01 3.807871923290204186e-01 -1.139132629080725490e-01 -2.607367486953734437e-01 -2.453184646313625317e-01 1.397236629239176353e-01 -2.492494602203368104e-01 -2.427777744810948879e-01 -1.909472037391113375e-02 -2.807096309661864519e-01
1.312624522399035432e-01 6.025021080910573923e-02 -2.769455547332763112e-01 3.736097077182110593e-01 -1.267209494977564743e-01 -2.833000702857970676e-01 -2.120363565242648352e-01 1.362354081936346106e-01 -2.512546033859252570e-01 -2.581209454698696892e-01 -1.481283050123069489e-02 -2.840212173461914014e-01
1.195723347243301121e-01 5.810844177024944435e-02 -2.778323192596435787e-01 3.703652921505729556e-01 -1.264048372801957199e-01 -2.825153942108154514e-01 -1.804288124855577269e-01 1.318587924635009623e-01 -2.550567455291747332e-01 -2.728738292087913297e-01 -9.953794238010585382e-03 -2.862813110351561385e-01
1.094995459808710409e-01 5.619997866758674743e-02 -2.785611982345581605e-01 3.545343779150301744e-01 -1.271874953735541436e-01 -2.851861758232117072e-01 -1.488236542113403060e-01 1.265111364387714599e-01 -2.584942407608032400e-01 -2.875868340447695348e-01 -5.017873635860176096e-03 -2.880303115844726758e-01
1.013856282464329905e-01 5.602539870996344623e-02 -2.790432758331297669e-01 3.365782551995577521e-01 -1.252375331137670356e-01 -2.898283143043516863e-01 -1.187815037485496356e-01 1.222405113576444657e-01 -2.605490870475768994e-01 -3.024031029861314335e-01 -5.699989030130275802e-04 -2.897312183380126860e-01
9.481686376218889656e-02 5.778322493013571259e-02 -2.789619846343994736e-01 3.218476254809387038e-01 -1.199397288662509553e-01 -2.927916665077209823e-01 -9.467864513331447629e-02 1.171709711274886989e-01 -2.613181490898132675e-01 -3.169369184781876680e-01 3.382818436782689120e-03 -2.909872074127197727e-01
9.032799785485819133e-02 5.881724650249103153e-02 -2.782653875350951655e-01 3.064097849642329341e-01 -1.176813344301260861e-01 -2.955907673835753702e-01 -7.646325244122989528e-02 1.129189945291911995e-01 -2.608843035697936408e-01 -3.310364905311597994e-01 6.770251066687493768e-03 -2.917346687316894061e-01
8.906841600721814023e-02 5.915423755941329881e-02 -2.760267944335937917e-01 2.927446855384686075e-01 -1.164335691422468816e-01 -2.973734636306763490e-01 -6.637144112685963715e-02 1.078224279141489356e-01 -2.623221321105957959e-01 -3.446635630636600833e-01 9.627304900749047989e-03 -2.921493358612061164e-01
9.187699453776929093e-02 5.723558946591119495e-02 -2.690711326599120046e-01 2.796379808658943644e-01 -1.156072526361396069e-01 -2.988356466293334290e-01 -6.455160610690018064e-02 1.019683944074057241e-01 -2.662452573776245002e-01 -3.571581261979341337e-01 1.156691090690950552e-02 -2.926568431854248420e-01
1.007400644485985652e-01 5.352106186950314481e-02 -2.610535926818848274e-01 2.668452890579724457e-01 -1.149948072711218933e-01 -3.004466505050659708e-01 -6.799056656985193181e-02 9.893392561076690128e-02 -2.700019736289978600e-01 -3.695355820057938945e-01 1.298902829902447154e-02 -2.931547660827637514e-01
1.181539387318109036e-01 5.064083338484150210e-02 -2.552337570190429394e-01 2.542220539661860790e-01 -1.141152625013889810e-01 -3.021030683517456072e-01 -7.558229072870363552e-02 9.998121646715815714e-02 -2.730284829139709157e-01 -3.822863318118252529e-01 1.412200842780980681e-02 -2.934570426940917853e-01
1.400167996377271462e-01 4.701588843528589634e-02 -2.498684711456299612e-01 2.419945828408523736e-01 -1.131118276291671609e-01 -3.034831447601318843e-01 -8.624548623313459117e-02 1.026458450190239347e-01 -2.761616964340209424e-01 -3.944830388386278974e-01 1.489612667943238100e-02 -2.928372974395751505e-01
1.655655226477349418e-01 4.318492410964635403e-02 -2.463824005126953320e-01 2.299595805709593599e-01 -1.122168412511127394e-01 -3.042771430015563938e-01 -9.911086623935047579e-02 1.045928086964791059e-01 -2.814399595260620446e-01 -4.053302139440689844e-01 1.521198319232930363e-02 -2.909687395095825191e-01
1.935198718054841061e-01 4.137012668257345621e-02 -2.443850631713867239e-01 2.178887090233688206e-01 -1.120728919729016837e-01 -3.051024289131164524e-01 -1.129605469624478525e-01 1.060447084359456282e-01 -2.879099745750427486e-01 -4.139704409605878821e-01 1.514532460552379944e-02 -2.886022920608520281e-01
2.221551367217933504e-01 3.928395326315000519e-02 -2.441719074249266708e-01 2.057532833354647483e-01 -1.117806717635874553e-01 -3.061308832168578298e-01 -1.256942464515511115e-01 1.071750275930549168e-01 -2.917897243499755211e-01 -4.195368345163749124e-01 1.488524212176473016e-02 -2.860436315536498686e-01
2.511175299109817960e-01 3.618189080458500406e-02 -2.458314628601074303e-01 1.934457182206724968e-01 -1.115100270542117855e-01 -3.068813247680663991e-01 -1.367538717426367012e-01 1.080628615294074168e-01 -2.931813449859620446e-01 -4.216741574902966860e-01 1.461818233777036069e-02 -2.837202997207642907e-01
2.803564270798016289e-01 3.256492337898754530e-02 -2.485060806274414225e-01 1.807743727603529915e-01 -1.114574966211724499e-01 -3.077869124412536683e-01 -1.481240921258093479e-01 1.085718062982604787e-01 -2.937328548431396569e-01 -4.195456752196626837e-01 1.475053782224372556e-02 -2.817102737426758208e-01
3.092415190677010317e-01 2.890969189560335662e-02 -2.524464817047118448e-01 1.691496829120412160e-01 -1.108400297538433832e-01 -3.080977602005003924e-01 -1.596139696166096467e-01 1.089228779600436431e-01 -2.939904947280884140e-01 -4.115186260606150670e-01 1.531273997593059211e-02 -2.803658361434936963e-01
3.351882613988271808e-01 2.562271847211656378e-02 -2.576797504425049068e-01 1.576529647849821414e-01 -1.099108456650461224e-01 -3.078009767532349228e-01 -1.708166520638134123e-01 1.094130114189482000e-01 -2.940349740982055038e-01 -3.971090071877327876e-01 1.676761972340639478e-02 -2.795889110565185076e-01
3.565805809227051149e-01 2.306128685697087649e-02 -2.632061882019043342e-01 1.464512227882455719e-01 -1.086880577081737465e-01 -3.078177804946899965e-01 -1.815273878148409847e-01 1.100852056224957132e-01 -2.939196271896362678e-01 -3.761868407653501389e-01 1.751708508951699966e-02 -2.780855817794800067e-01
3.729032786249704690e-01 2.146292984764938336e-02 -2.680073757171629878e-01 1.355969518444618549e-01 -1.072005003396522826e-01 -3.079504508972167320e-01 -1.920387644519615244e-01 1.108119387605265294e-01 -2.940770835876465039e-01 -3.497207260384574412e-01 5.296013774730538859e-03 -2.776750297546387025e-01
3.842879733590303659e-01 2.084109899129732088e-02 -2.730913848876953542e-01 1.247376871450721764e-01 -1.065977893903713447e-01 -3.080375022888184322e-01 -2.023741912075062988e-01 1.113772383042752889e-01 -2.943772048950196174e-01 -3.174673319259281312e-01 -5.635979673353774810e-03 -2.773358173370362167e-01
3.880070590647716755e-01 2.102735506705915441e-02 -2.791683597564697528e-01 1.138594007936941516e-01 -1.063772479439140939e-01 -3.082216424942016975e-01 -2.128103777653261586e-01 1.117217554003874513e-01 -2.948064918518066846e-01 -2.811244765286764480e-01 -1.488942552983091999e-02 -2.762920446395874530e-01
3.850297909526680384e-01 2.162211413701059862e-02 -2.852744455337524188e-01 1.025585450265486670e-01 -1.065893772663281530e-01 -3.084087629318237322e-01 -2.236800429529098300e-01 1.118744586648425521e-01 -2.953903121948242005e-01 -2.424123218160798565e-01 -2.282837016437610014e-02 -2.749952573776245357e-01
3.778635502502038501e-01 2.253180356342414717e-02 -2.897929544448852868e-01 9.086229481376255357e-02 -1.068502690662652688e-01 -3.081368036270142330e-01 -2.349501531656396636e-01 1.120264871080177693e-01 -2.959677190780640177e-01 -2.029868955614452797e-01 -2.929933580262997911e-02 -2.746462793350220033e-01
3.680720079549630319e-01 2.360011060982247777e-02 -2.931710691452025230e-01 7.905104979360741413e-02 -1.069192464424358058e-01 -3.074253911972044673e-01 -2.466349844993976914e-01 1.121408378700774061e-01 -2.965977020263672048e-01 -1.641057883813099583e-01 -3.462004155114313531e-02 -2.734480733871459956e-01
3.568675170519167716e-01 2.518350791950348458e-02 -2.958469409942625639e-01 6.754641459200885767e-02 -1.068748267713620081e-01 -3.064089555740355242e-01 -2.586904428307885140e-01 1.122988873039521968e-01 -2.973265142440795761e-01 -1.275253634644319123e-01 -3.903860777929096804e-02 -2.726572198867797669e-01
3.445918217747310774e-01 2.736532136704860826e-02 -2.981662387847902052e-01 5.654991655725377653e-02 -1.068458517309999189e-01 -3.048624725341798625e-01 -2.711596671884684007e-01 1.126259943645861877e-01 -2.982449741363525919e-01 -9.471398028113899026e-02 -4.257524358207841891e-02 -2.741262454986572727e-01
3.316316628384246568e-01 3.004023074585322750e-02 -2.999483222961425444e-01 4.750391181856537109e-02 -1.067561104407759170e-01 -3.018819684982299578e-01 -2.841432283350607824e-01 1.130899185449028566e-01 -2.989717407226563095e-01 -6.730234595235284889e-02 -4.511910714455852345e-02 -2.743755145072937496e-01
3.185114257276626115e-01 3.277527679453030168e-02 -3.010510225296020304e-01 5.376961760108824734e-02 -1.090941926523902594e-01 -2.968901081085205118e-01 -2.976082264911044661e-01 1.135823762712226681e-01 -2.992808599472046027e-01 -4.978398338004619283e-02 -4.654905599057909682e-02 -2.757064433097839440e-01
3.055244065810125420e-01 3.575973107816816932e-02 -3.013263244628905380e-01 6.325474578084182287e-02 -1.119613042262685432e-01 -2.914654846191405135e-01 -3.109740339696254185e-01 1.141553765116380958e-01 -2.988885469436645681e-01 -3.987851829173453405e-02 -4.733972941851693345e-02 -2.748929162025451900e-01
2.922261803418304549e-01 3.879363215561373868e-02 -3.009920711517333758e-01 7.629646010598606365e-02 -1.156900552457994363e-01 -2.876941652297972940e-01 -3.237109197150248030e-01 1.146622448939416117e-01 -2.978463096618653161e-01 -3.967731154334214888e-02 -4.742895481532857088e-02 -2.735985226631165168e-01
2.784781048187126018e-01 4.212450399272606172e-02 -3.000344963073730553e-01 9.266364250894182364e-02 -1.189641925595282812e-01 -2.833607215881347452e-01 -3.362952707527727125e-01 1.151356500231735247e-01 -2.961008186340330917e-01 -4.765927368141920084e-02 -4.688850357212209080e-02 -2.754798693656920205e-01
2.643200712640048078e-01 4.550896525677462084e-02 -2.986170310974121667e-01 1.139874069743312263e-01 -1.211188802802093123e-01 -2.764283676147461510e-01 -3.495125753737733376e-01 1.162959601654976333e-01 -2.937832708358764089e-01 -5.976003571736615561e-02 -4.601183721648474667e-02 -2.790791435241698482e-01
2.498355411431335826e-01 4.921011464039753286e-02 -2.970317764282228157e-01 1.415116628275121524e-01 -1.211458263256233181e-01 -2.652246875762940825e-01 -3.622711784456898454e-01 1.186651310166864232e-01 -2.907456512451171426e-01 -7.147325956396306801e-02 -4.506205437335369934e-02 -2.796816296577452898e-01
2.353385292533799744e-01 5.268790261114739137e-02 -2.952098436355589661e-01 1.651887233294054291e-01 -1.032792264355231887e-01 -2.250229091644286861e-01 -3.739458016025488107e-01 1.215951002689822924e-01 -2.869818325042723939e-01 -8.214348511894783988e-02 -4.395411741135983597e-02 -2.778391571044920849e-01
2.208695710853061378e-01 5.535928221690874368e-02 -2.938399238586426043e-01 1.797693063621228493e-01 -1.086919809089571254e-01 -2.252568836212158476e-01 -3.842668356153425280e-01 1.249635125397670909e-01 -2.828924579620360480e-01 -9.402745703457038307e-02 -4.233083519151432939e-02 -2.772643084526061341e-01
2.063163574210372386e-01 5.798551075425387863e-02 -2.921506328582763601e-01 2.131718319130807560e-01 -1.072943004430723518e-01 -2.235972328186034974e-01 -3.918375637632717789e-01 1.279919157481559100e-01 -2.784116382598876838e-01 -1.063779504444724855e-01 -4.026239033816420704e-02 -2.767755217552184677e-01
1.916769803514712378e-01 6.017611901250444900e-02 -2.905189962387085822e-01 2.443840527535159346e-01 -1.070902916476103861e-01 -2.249350090026856486e-01 -3.963425801004690774e-01 1.305745015668450526e-01 -2.738235635757447217e-01 -1.196551823766306422e-01 -3.733576350918441089e-02 -2.769356627464295006e-01
1.771195988390401876e-01 6.193223601269620682e-02 -2.890164060592651518e-01 2.863729205139808887e-01 -1.045783730076167012e-01 -2.326098747253417809e-01 -3.977596303841886005e-01 1.322388145074949173e-01 -2.691161794662475515e-01 -1.337938179744825040e-01 -3.285220704407545989e-02 -2.778969140052795495e-01
1.627568844509076074e-01 6.313837161114248253e-02 -2.876801128387451167e-01 3.097212430817766204e-01 -1.100562641555150600e-01 -2.377341766357422004e-01 -3.942051379744106465e-01 1.325158067243827620e-01 -2.651257772445678729e-01 -1.482599201404212197e-01 -2.659822415776280299e-02 -2.793000168800354177e-01
1.486573282746037894e-01 6.380334314915299398e-02 -2.866619033813476713e-01 3.374462267774891999e-01 -1.172614222605363188e-01 -2.486761398315430194e-01 -3.844949846306675578e-01 1.318690462719301071e-01 -2.626776189804077566e-01 -1.627997139587044062e-01 -1.852347308912956347e-02 -2.812123961448669829e-01
1.349008762703310105e-01 6.399811341399072595e-02 -2.860101575851441980e-01 3.724150836262978270e-01 -1.311057959703401388e-01 -2.580797119140626483e-01 -3.658419094516761616e-01 1.384137629041108375e-01 -2.614570970535278760e-01 -1.767959349282720583e-01 -9.342455232657816133e-03 -2.828780002593994647e-01
1.215084968753387812e-01 6.364555352142166333e-02 -2.854172677993773166e-01 3.866408938922837879e-01 -1.377132267728017057e-01 -2.644830913543699813e-01 -3.406829763617904572e-01 1.456183150808032234e-01 -2.611486740112304861e-01 -1.902996481735270695e-01 5.134081318804856187e-04 -2.841072721481323060e-01
1.083304400655914629e-01 6.315953528228653024e-02 -2.847575874328614476e-01 3.873706786924158707e-01 -1.432560160658236659e-01 -2.752711219787598584e-01 -3.114355336469162294e-01 1.490444992216578279e-01 -2.609845657348632830e-01 -2.033736365885164821e-01 1.078632942118776250e-02 -2.852305431365966815e-01
9.546746908590225678e-02 6.243630126876964503e-02 -2.838168783187865474e-01 3.820438219264377100e-01 -1.435867173042915113e-01 -2.901403684616087886e-01 -2.799458556773234963e-01 1.492385926598713275e-01 -2.603131313323974738e-01 -2.173552784015657935e-01 1.755721015557934472e-02 -2.861515111923217947e-01
8.263927639178099416e-02 6.137301097688850626e-02 -2.824206275939940558e-01 3.743592652254936759e-01 -1.427219524133698236e-01 -2.985941309928892839e-01 -2.483687267582137537e-01 1.470196943704590309e-01 -2.599851150512695330e-01 -2.324635444454737077e-01 2.199363546489962323e-02 -2.868065567016601647e-01
7.017350324244478466e-02 6.012643783380727802e-02 -2.804211826324463641e-01 3.631848594680034403e-01 -1.409952883143986979e-01 -3.030053586959839396e-01 -2.169841497930032337e-01 1.420046177141170152e-01 -2.610589475631713285e-01 -2.478533258966712782e-01 2.665996991963130724e-02 -2.873264617919921160e-01
6.051850184516616160e-02 5.903730102184591433e-02 -2.783412094116211044e-01 3.496814117502240471e-01 -1.383604015047218139e-01 -3.051326270103454918e-01 -1.863322015899012141e-01 1.338159013942313846e-01 -2.626937646865845077e-01 -2.634345471865394694e-01 3.146822204255689259e-02 -2.877175874710083403e-01
5.314086724371644421e-02 5.788386193886128905e-02 -2.761274547576904048e-01 3.339246886927725311e-01 -1.354330624888932244e-01 -3.059365363121032133e-01 -1.562984366025654270e-01 1.227383476060813772e-01 -2.636921854019165790e-01 -2.793717489502274831e-01 3.625115051669426658e-02 -2.878520507812500906e-01
4.846166046536588834e-02 5.701821338454231280e-02 -2.730067272186280092e-01 3.183617138682566794e-01 -1.320595859207555622e-01 -3.057664031982422759e-01 -1.268240251543675257e-01 1.104794829151412999e-01 -2.632659788131714862e-01 -2.953954152448588499e-01 4.085148655240916638e-02 -2.878426141738892330e-01
4.776962232764539462e-02 5.682541013033298727e-02 -2.692287654876708847e-01 3.028100969777470231e-01 -1.284408510086834099e-01 -3.052497692108154248e-01 -9.949706728471116590e-02 9.837514232170244122e-02 -2.600026435852050843e-01 -3.113699274937490324e-01 4.521752077560015071e-02 -2.878767223358154048e-01
5.229025379166989812e-02 5.737904299589582230e-02 -2.651495761871337509e-01 2.873072156582890946e-01 -1.249271346443843189e-01 -3.046834750175475559e-01 -7.746741062909348607e-02 8.787514838189330879e-02 -2.567923707962035396e-01 -3.265536267550420702e-01 4.906996842872400622e-02 -2.878469867706298091e-01
6.567551461091963860e-02 5.914282145158934745e-02 -2.605348510742188650e-01 2.722380388264341033e-01 -1.217026738777242101e-01 -3.043073911666871467e-01 -6.022011128489869469e-02 7.921910653284011672e-02 -2.552591390609741384e-01 -3.418773853201821922e-01 5.243294359609949884e-02 -2.878739089965820508e-01
9.092812600006694446e-02 6.261321826360766174e-02 -2.549809331893920783e-01 2.572726495004153957e-01 -1.188561074070570156e-01 -3.042499084472656268e-01 -4.807132145685065472e-02 7.281791185667818578e-02 -2.558478660583495823e-01 -3.573459291708676044e-01 5.567610147024680545e-02 -2.872848052978515532e-01
1.202637552482865579e-01 6.677142300057249680e-02 -2.507089252471924601e-01 2.423014405395119975e-01 -1.164910701875149085e-01 -3.040552492141724295e-01 -4.222389741973703314e-02 6.898648872903689888e-02 -2.588579936027526340e-01 -3.720377252482092723e-01 5.855922462610121948e-02 -2.858359069824218390e-01
1.516753871214662486e-01 7.122117195287057390e-02 -2.498827571868897091e-01 2.272944035570092780e-01 -1.143884044999453481e-01 -3.040067620277405180e-01 -4.701847533936864831e-02 6.893547935096963619e-02 -2.622119755744933833e-01 -3.852041487522241958e-01 6.048062536024340075e-02 -2.837496776580810121e-01
1.842371742449717686e-01 7.528295329632937738e-02 -2.519664974212647568e-01 2.122680347523030753e-01 -1.125832090771957811e-01 -3.040851469039917987e-01 -5.843162232778716797e-02 7.058642175202717306e-02 -2.651574273109436608e-01 -3.967789977947182578e-01 6.119021355904802340e-02 -2.813842649459839529e-01
2.171293084168000598e-01 7.898400442094394291e-02 -2.554194850921630566e-01 1.971243035950028255e-01 -1.111342405737646977e-01 -3.043022794723510005e-01 -7.344459074489671779e-02 7.258105528825897768e-02 -2.689474053382874263e-01 -4.068013215493336276e-01 6.075075940950417502e-02 -2.788134593963623731e-01
2.493912549602451123e-01 8.298779421165625170e-02 -2.578707332611083203e-01 1.818033310607926611e-01 -1.098266716045871033e-01 -3.045477457046507630e-01 -8.942348570898206450e-02 7.375819409700189178e-02 -2.718338556289672803e-01 -4.174850139943543370e-01 5.228736940882235812e-02 -2.757085151672363232e-01
2.831687122488033004e-01 8.733249149972899250e-02 -2.610996217727659663e-01 1.662540361469229677e-01 -1.087468728716437932e-01 -3.046475048065184210e-01 -1.052471592233450437e-01 7.353670261198334834e-02 -2.736206765174865607e-01 -4.257827746358723298e-01 3.956079844794073430e-02 -2.722125883102416988e-01
3.147227288003526247e-01 9.152054375858462154e-02 -2.646665639877319176e-01 1.505266644301282153e-01 -1.079810332301620324e-01 -3.045338983535766375e-01 -1.216264299793320125e-01 7.157936721341964792e-02 -2.747908134460448903e-01 -4.301681521363140415e-01 2.301292096039863483e-02 -2.686456651687622044e-01
3.418677763169267192e-01 9.509131205324158898e-02 -2.663505859375000506e-01 1.346288728699286952e-01 -1.076631867896011285e-01 -3.042149848937988899e-01 -1.378823600247345293e-01 6.776217261705182182e-02 -2.755932326316833936e-01 -4.259330178487064633e-01 3.253757001277932104e-03 -2.663564701080322616e-01
3.604864592108748544e-01 9.703374264535520599e-02 -2.683336610794065935e-01 1.188433786411652177e-01 -1.078810591076221764e-01 -3.034770412445066956e-01 -1.539604810586227557e-01 6.235243696488556447e-02 -2.758359904289244269e-01 -4.110341164718630536e-01 -1.759700754516791560e-02 -2.656175966262815935e-01
3.709462594769928900e-01 9.762667992651313797e-02 -2.732649202346802420e-01 1.034781335370087291e-01 -1.084455538261902829e-01 -3.024775333404541855e-01 -1.695573351061805123e-01 5.584421634896258313e-02 -2.760768814086914658e-01 -3.878479655375258739e-01 -3.672848158395550233e-02 -2.651303739547730132e-01
3.746128387264083814e-01 9.712461395377544604e-02 -2.798107929229736723e-01 8.840561150017768599e-02 -1.089673720428202680e-01 -3.013293857574463330e-01 -1.845175832307713037e-01 4.890841405815569976e-02 -2.769247121810913814e-01 -3.585679270254151785e-01 -5.212382814732412217e-02 -2.643694610595703764e-01
3.715071337770429749e-01 9.608330238938295187e-02 -2.863147230148315736e-01 7.375364008086819634e-02 -1.099763446574714559e-01 -2.998771018981933878e-01 -1.990101571153123361e-01 4.302132881939686043e-02 -2.781408472061157600e-01 -3.244104209541606165e-01 -6.270332787387813966e-02 -2.641491909027099960e-01
3.601849693343369130e-01 9.477778294681585280e-02 -2.920894403457641175e-01 6.069210116135177746e-02 -1.117959597102706898e-01 -2.977723665237426709e-01 -2.137371167295588070e-01 4.234444344138136446e-02 -2.797583217620848162e-01 -2.874194463707184233e-01 -6.833674049162616337e-02 -2.659835786819456649e-01
3.448981104631345662e-01 9.406034083017400516e-02 -2.959540910720825924e-01 4.863870678263293446e-02 -1.134134643486274241e-01 -2.949595136642456650e-01 -2.288580342782670363e-01 4.137660194999805141e-02 -2.816361923217773344e-01 -2.489882453540046003e-01 -6.986655293595971095e-02 -2.698517150878905757e-01
3.280436036153712154e-01 9.392368004201204212e-02 -2.986843080520628635e-01 3.913371629122750633e-02 -1.147307069169289928e-01 -2.915615482330320973e-01 -2.442308920402884997e-01 4.023362171187545161e-02 -2.837081451416016420e-01 -2.075661674329395412e-01 -6.827018094938774873e-02 -2.712459774017335068e-01
3.118486361730286593e-01 9.429933671361864778e-02 -3.004527063369750728e-01 3.247200505344902816e-02 -1.150838131142195436e-01 -2.879020853042602024e-01 -2.595725239688442265e-01 3.902275972045592123e-02 -2.858539123535155935e-01 -1.693854536107130826e-01 -6.521741142529398350e-02 -2.719720907211303218e-01
2.960190919335795590e-01 9.505335703269912617e-02 -3.011229677200317756e-01 2.907526401664365517e-02 -1.133747655690861000e-01 -2.817480964660644682e-01 -2.746304740693736868e-01 3.766992680737236976e-02 -2.875337858200072150e-01 -1.346466282253976632e-01 -6.221839646200958557e-02 -2.723245663642882564e-01
2.807173692651624419e-01 9.571434986031883418e-02 -3.012168331146240496e-01 3.700583832067518009e-02 -1.096319927726663035e-01 -2.673729963302612367e-01 -2.893083628030352905e-01 3.629396807886994814e-02 -2.888780755996704364e-01 -1.021458162794578878e-01 -5.999160357057714554e-02 -2.705534501075744780e-01
2.654626621188420077e-01 9.639503719374686863e-02 -3.010178632736205673e-01 5.471368523007068968e-02 -1.055969995240999132e-01 -2.577972717285155757e-01 -3.034032040190995372e-01 3.534935824457861864e-02 -2.897663373947144128e-01 -7.276905118730217503e-02 -6.552364111760219934e-02 -2.669359726905823349e-01
2.500772154446181395e-01 9.743004440913780040e-02 -3.007537097930909065e-01 7.824983264922596993e-02 -9.993313068559034340e-02 -2.493038196563721609e-01 -3.164307885902999939e-01 3.500586772608781788e-02 -2.900465221405030269e-01 -4.880730955709783325e-02 -6.917203738384926359e-02 -2.630463023185730664e-01
2.347071326613273667e-01 9.873298599258731323e-02 -3.003309602737427308e-01 1.060316333599683053e-01 -9.164182156847175409e-02 -2.433538074493409031e-01 -3.284517157195454562e-01 3.539432025311871344e-02 -2.899850912094116828e-01 -3.226118914844097740e-02 -7.209039052506548140e-02 -2.602404518127442445e-01
2.193892099521231598e-01 1.003390620419432333e-01 -2.997107620239258252e-01 1.364342500142848857e-01 -8.034753990879023311e-02 -2.395247859954834357e-01 -3.408189827604989897e-01 3.611693290546509616e-02 -2.901002426147461510e-01 -2.744437187654655622e-02 -7.369233786025336519e-02 -2.626251811981201723e-01
2.042584385671669112e-01 1.020523914054906056e-01 -2.989775581359863099e-01 1.684820603173723952e-01 -6.740075455591143516e-02 -2.386763114929199292e-01 -3.538175762775371269e-01 3.690555130635857911e-02 -2.900984687805175932e-01 -2.954046479171297881e-02 -7.419701269312281577e-02 -2.693310971260070574e-01
1.894039836858928683e-01 1.037292472737484095e-01 -2.982613916397094944e-01 2.015526631255856738e-01 -5.168806762297429441e-02 -2.390171642303467459e-01 -3.659758227798757813e-01 3.877009253365881758e-02 -2.893730993270874352e-01 -3.512061418537480023e-02 -7.280675735536612514e-02 -2.742659111022949792e-01
1.748829042800645051e-01 1.048628184727573021e-01 -2.975700016021728955e-01 2.350429854017418996e-01 -3.408073356754069000e-02 -2.406993789672851880e-01 -3.766822657222625437e-01 4.223910827330873419e-02 -2.876639814376830140e-01 -4.366657092529842299e-02 -7.012729162170540376e-02 -2.768328447341917853e-01
1.606856203580600828e-01 1.055256745169977917e-01 -2.970532054901122709e-01 2.684667578185148118e-01 -1.563907829680030726e-02 -2.437204856872558500e-01 -3.854672380004566246e-01 4.688284136080007880e-02 -2.851814336776734016e-01 -5.437566097327181658e-02 -6.793523442187721084e-02 -2.784451980590820774e-01
1.469385882895002382e-01 1.055537068070281914e-01 -2.968988485336302996e-01 3.020218039922581976e-01 2.562382122423489950e-03 -2.490834159851074148e-01 -3.921472230340418696e-01 5.270351224405550594e-02 -2.824203701019286639e-01 -6.615935492005517449e-02 -6.631152423076033808e-02 -2.817708725929259916e-01
1.335856194540163411e-01 1.049032468187984651e-01 -2.967461557388306193e-01 3.359105532419058848e-01 1.833312396548976431e-02 -2.569550724029541766e-01 -3.914750689023641095e-01 5.899503838704248104e-02 -2.793173761367798713e-01 -7.886252752239403252e-02 -6.472679789930978200e-02 -2.849773664474488100e-01
1.209525005716499957e-01 1.032762660496649720e-01 -2.969256134033202987e-01 3.649803037944804318e-01 3.131540433383904476e-02 -2.671081895828247288e-01 -3.853040533575590731e-01 6.529896620135011709e-02 -2.767108316421507674e-01 -9.189762255094197085e-02 -6.321148776885340825e-02 -2.875999183654784352e-01
1.086867084592433447e-01 1.009784135601889121e-01 -2.972323055267334646e-01 3.881052422313174266e-01 4.096270900396853376e-02 -2.757520647048951057e-01 -3.760795734464006945e-01 7.201904349062121513e-02 -2.741626710891724716e-01 -1.048783817786114458e-01 -6.177867381182670925e-02 -2.894616479873657888e-01
9.633707802275531806e-02 9.834275868601549675e-02 -2.974713964462280535e-01 4.016454216007463440e-01 4.854739610808164740e-02 -2.852307243347168564e-01 -3.647274862805860440e-01 7.846853904005807179e-02 -2.701215620040893772e-01 -1.185197406862586039e-01 -6.115125468036433642e-02 -2.915013332366943599e-01
8.422995377871084210e-02 9.517671792017634580e-02 -2.976751441955565181e-01 4.053213407995042705e-01 5.317151701571454225e-02 -2.951560754775999773e-01 -3.517155068766530390e-01 8.294741549778684997e-02 -2.659816141128538702e-01 -1.320183687747245593e-01 -6.114657901826490993e-02 -2.930030984878538858e-01
7.264715679268364534e-02 9.143586101140609157e-02 -2.979007978439331406e-01 3.991129571676787502e-01 5.471834377258992521e-02 -3.051119775772095366e-01 -3.350571138934847482e-01 8.490900924781472070e-02 -2.621788759231568067e-01 -1.454741469753192962e-01 -6.153987234800220585e-02 -2.944672126770019882e-01
6.158141817469078849e-02 8.730825850057097326e-02 -2.979423685073851469e-01 3.879056378691891349e-01 5.427429506170114437e-02 -3.134594793319701034e-01 -3.158814448205088943e-01 8.367915305028986173e-02 -2.598988838195802065e-01 -1.588497087987823519e-01 -6.228061280947808087e-02 -2.958629674911500418e-01
5.061379539320853826e-02 8.264647470193357826e-02 -2.975368041992187407e-01 3.767964296035602456e-01 5.347128888830607329e-02 -3.182190151214599472e-01 -2.957806050819111743e-01 8.045148640489083181e-02 -2.583600397109985236e-01 -1.722504443130626617e-01 -6.349842406535809169e-02 -2.969733352661133030e-01
4.025889235683977746e-02 7.788125779367957580e-02 -2.963759107589720720e-01 3.655440673805961938e-01 5.258942755923758094e-02 -3.194233770370482617e-01 -2.753125299332730980e-01 7.606117614871359123e-02 -2.574573535919189027e-01 -1.856494775081633797e-01 -6.510940185585552265e-02 -2.976454801559447749e-01
3.131628920984932951e-02 7.360141481023629861e-02 -2.949217958450318089e-01 3.526123026642983271e-01 5.105566302342151586e-02 -3.205242891311645970e-01 -2.544500805703420188e-01 7.095743811568439030e-02 -2.574992818832397834e-01 -1.989446951065950986e-01 -6.710659796514696629e-02 -2.982763833999634295e-01
2.341365134283199603e-02 6.977514376086216275e-02 -2.931736774444579918e-01 3.395591983473232878e-01 4.902498283936322643e-02 -3.214912672042846697e-01 -2.325939473846247996e-01 6.583578381016914893e-02 -2.586422271728515687e-01 -2.119468741720530180e-01 -6.938304643311082875e-02 -2.994995231628417853e-01
1.779579650600031024e-02 6.720842249861780360e-02 -2.913508911132812740e-01 3.270311030744734726e-01 4.691152846878536564e-02 -3.222346754074097430e-01 -2.086891984394007860e-01 6.156353759317907681e-02 -2.599130268096924157e-01 -2.244060811744952588e-01 -7.179938346257742909e-02 -3.006897706985474095e-01
1.619688447721498448e-02 6.700902668269603790e-02 -2.898336334228515110e-01 3.148340653132209455e-01 4.486497290171587160e-02 -3.227291698455810320e-01 -1.839723750076616704e-01 5.836136498374309284e-02 -2.614257068634032732e-01 -2.361771819009396700e-01 -7.429230948091961051e-02 -3.015608377456664990e-01
2.037227453108448119e-02 7.039461314925832269e-02 -2.871718187332151784e-01 3.030513863781940098e-01 4.286000816177228112e-02 -3.230834312438963796e-01 -1.583674240422864588e-01 5.582998967805923723e-02 -2.622600574493407777e-01 -2.472197788534990504e-01 -7.688139149591169397e-02 -3.022485370635986102e-01
3.044931308951225046e-02 7.775581263304777446e-02 -2.831802434921265599e-01 2.918991035793409017e-01 4.049876517429661094e-02 -3.232675738334656601e-01 -1.330445444800363031e-01 5.361092840292094874e-02 -2.620185585021972408e-01 -2.574810208569040526e-01 -7.986930095845465316e-02 -3.028021116256713885e-01
4.683544924767053808e-02 8.971375578239279558e-02 -2.773586626052856885e-01 2.813621215399115250e-01 3.764902241055120835e-02 -3.233666892051696995e-01 -1.118828919888970597e-01 5.181538002786435088e-02 -2.618182678222656934e-01 -2.672185875479979877e-01 -8.332332168271854023e-02 -3.033337087631226003e-01
6.717817580327120619e-02 1.052990899245154904e-01 -2.709107131958006232e-01 2.712715128962679967e-01 3.445703410320641313e-02 -3.233656949996946972e-01 -9.591546366921840927e-02 5.045130224889021048e-02 -2.637735195159910950e-01 -2.769368590907878014e-01 -8.722464884518155159e-02 -3.039435739517210577e-01
8.927695000429156091e-02 1.234198496694114550e-01 -2.652875347137451101e-01 2.614543664414610280e-01 3.080756763529791942e-02 -3.233067531585693266e-01 -8.432070021636990653e-02 4.949123405214925914e-02 -2.662158651351928529e-01 -2.866284151155853999e-01 -9.161181779722073204e-02 -3.046071500778197993e-01
1.115354806165267665e-01 1.431563225187539035e-01 -2.615923709869384384e-01 2.517924707609616175e-01 2.672792580435343068e-02 -3.232154054641723229e-01 -7.792251970031074948e-02 4.865808846291735934e-02 -2.688630027770995690e-01 -2.961157015752829968e-01 -9.645979487150718734e-02 -3.050213785171508318e-01
1.330544855472646781e-01 1.637401815325417176e-01 -2.596921558380127504e-01 2.422004823759350833e-01 2.214772932610363509e-02 -3.230853195190430127e-01 -7.972298825943036071e-02 4.768343246845472422e-02 -2.739274425506590949e-01 -3.052094922212854611e-01 -1.016069128642046321e-01 -3.051686782836913192e-01
1.535048930369229125e-01 1.847110781841655169e-01 -2.591380996704102380e-01 2.325739084912954446e-01 1.702737421192564160e-02 -3.230447454452515244e-01 -8.732558632117982944e-02 4.635644124572614599e-02 -2.818986101150512402e-01 -3.137274851517679042e-01 -1.071242731088492134e-01 -3.049868650436400874e-01
1.738680570948712978e-01 2.066472435935198249e-01 -2.605178375244141531e-01 2.228383022595619156e-01 1.140823310067125285e-02 -3.229644079208374707e-01 -9.724134250151457437e-02 4.455897591513032635e-02 -2.879643173217774077e-01 -3.214354871548152359e-01 -1.128415010946425823e-01 -3.040715904235840594e-01
1.924702726357974125e-01 2.278664214300703816e-01 -2.612444801330566779e-01 2.129987445099910115e-01 5.332745934021790313e-03 -3.228902931213379346e-01 -1.075736061491539552e-01 4.193017054954034650e-02 -2.905789132118225537e-01 -3.288842323561905756e-01 -1.187280979307813733e-01 -3.027242059707642152e-01
2.077899847193440397e-01 2.471131611303580833e-01 -2.605174942016601491e-01 2.030933450741372326e-01 -1.284960228302059471e-03 -3.227579803466796848e-01 -1.185742914688483474e-01 3.818182504133171146e-02 -2.921798486709593634e-01 -3.346702340104136808e-01 -1.258322321949119360e-01 -3.005930919647215593e-01
2.193115194451774330e-01 2.640871760783330413e-01 -2.597511405944824547e-01 1.937223595613962734e-01 -8.523939585563702903e-03 -3.223007125854492894e-01 -1.298162037597330731e-01 3.309321746995746993e-02 -2.926760072708130545e-01 -3.388269984949474067e-01 -1.339786342605711611e-01 -2.973481435775757742e-01
2.273942034102630905e-01 2.778722193148066011e-01 -2.609834976196289125e-01 1.845491483672258848e-01 -1.598231729088366027e-02 -3.215135879516601292e-01 -1.414309854206770578e-01 2.663167846345576226e-02 -2.930510849952697727e-01 -3.410501684420483848e-01 -1.429392091199225834e-01 -2.931813926696776873e-01
2.314129921729950468e-01 2.896396379793915732e-01 -2.652127189636231397e-01 1.754490029151820618e-01 -2.357273384678043593e-02 -3.202231521606446196e-01 -1.527596986600581186e-01 1.856866215592168842e-02 -2.928074569702147079e-01 -3.409722780511493245e-01 -1.520748816023489713e-01 -2.880918951034544540e-01
2.288255625086592360e-01 2.998282415658520828e-01 -2.737481184005737811e-01 1.666115732508466341e-01 -3.132919861969485353e-02 -3.184425563812255944e-01 -1.637670672110202730e-01 9.163219893795801485e-03 -2.916212673187255078e-01 -3.369065866631664741e-01 -1.608942342323582131e-01 -2.824996967315672736e-01
2.229420774811772810e-01 3.055035371428860280e-01 -2.845674724578857173e-01 1.583765257233648582e-01 -3.918983749090297619e-02 -3.164597053527831716e-01 -1.742478751472129328e-01 -1.375548149176106238e-03 -2.902881879806518128e-01 -3.261478073733188321e-01 -1.690084262641287083e-01 -2.780322666168212886e-01
2.162675283953161554e-01 3.043119510800122440e-01 -2.939718742370605598e-01 1.508494375750041028e-01 -4.749348410065180187e-02 -3.145266313552856352e-01 -1.841605678785802058e-01 -1.308221701746851984e-02 -2.893979902267456161e-01 -3.034068789114856002e-01 -1.772299056265514428e-01 -2.755869312286376993e-01
2.093898924024986674e-01 2.997404342864758986e-01 -3.010116691589355686e-01 1.440723875196861792e-01 -5.629122770082876231e-02 -3.126538295745849849e-01 -1.933980301727223350e-01 -2.592530692540395004e-02 -2.890915651321411817e-01 -2.712977035481305421e-01 -1.849133001670433263e-01 -2.741269989013672137e-01
2.025943288281212284e-01 2.935972160196475556e-01 -3.064382143020630833e-01 1.380755299999961716e-01 -6.505859147546969035e-02 -3.105075473785401385e-01 -2.018694456773603152e-01 -3.932741289529018830e-02 -2.893218297958374818e-01 -2.340195292600882881e-01 -1.909274379841699454e-01 -2.745451946258545828e-01
1.950120311373173265e-01 2.867140884752489294e-01 -3.104320259094239254e-01 1.328534077659703216e-01 -7.383484790060239333e-02 -3.077486009597779071e-01 -2.096170604257709957e-01 -5.356000702654901968e-02 -2.901637811660768285e-01 -1.929076457044566206e-01 -1.954596869071041076e-01 -2.770505733489991851e-01
1.835559454390769951e-01 2.821354105482192232e-01 -3.128786344528197150e-01 1.288184858319492698e-01 -8.153391015959299271e-02 -3.046960754394530402e-01 -2.166751924216764880e-01 -6.860680265337049111e-02 -2.920328731536864231e-01 -1.501831467776063855e-01 -1.961608921898730928e-01 -2.809092636108397323e-01
1.713159201008207511e-01 2.771030482521731342e-01 -3.144130296707153827e-01 1.261459171072893126e-01 -8.584842824979795062e-02 -3.018350429534912283e-01 -2.230623397756456572e-01 -8.444929786195415344e-02 -2.945658321380615341e-01 -1.054503687506134213e-01 -1.910119706794310701e-01 -2.815014715194702477e-01
1.582799749884470919e-01 2.718387723203357087e-01 -3.155200166702271103e-01 1.258464197709461829e-01 -8.640773271792216714e-02 -2.991148443222046427e-01 -2.284442732536821064e-01 -1.010950512783389266e-01 -2.970030422210693799e-01 -6.329031720333461175e-02 -1.846125977240732630e-01 -2.806469793319702477e-01
1.445935919322601237e-01 2.663229235425635943e-01 -3.160241575241088952e-01 1.299563632550514436e-01 -8.322050687043679174e-02 -2.958490295410156068e-01 -2.326328402733349732e-01 -1.182321026959162469e-01 -2.990792865753173491e-01 -2.595355567174968681e-02 -1.754745558023341201e-01 -2.780638046264648500e-01
1.309538212193270823e-01 2.604635104599016815e-01 -3.159400053024292720e-01 1.348332165246204917e-01 -7.263290721516914294e-02 -2.894420738220215839e-01 -2.357758221893661854e-01 -1.353064982860174015e-01 -3.004477567672730332e-01 6.945363924711414616e-03 -1.677378995077298263e-01 -2.748696775436402229e-01
1.172909806651078746e-01 2.547315239382209051e-01 -3.153940172195435210e-01 1.408557359050848223e-01 -5.345561654187337697e-02 -2.804738826751709824e-01 -2.377937386709574608e-01 -1.519896992030908278e-01 -3.009767265319824858e-01 3.532935922557652736e-02 -1.619762762251368282e-01 -2.718091888427734970e-01
1.034806495634456869e-01 2.491806836200071429e-01 -3.145111198425293297e-01 1.469313770190096291e-01 -2.681874269560406004e-02 -2.724486274719238321e-01 -2.386055904520306414e-01 -1.679411921286338427e-01 -3.007552881240844744e-01 5.742271925317110615e-02 -1.584359538041968940e-01 -2.694570703506469767e-01
8.975727175406025826e-02 2.436905660654974382e-01 -3.131980247497557768e-01 1.524361097787307051e-01 5.907451622058051965e-03 -2.655906219482421227e-01 -2.386456050700309917e-01 -1.829853273904465116e-01 -3.000686187744140976e-01 6.989308522182732797e-02 -1.584100057512068394e-01 -2.708161420822143839e-01
7.600472704917823896e-02 2.378952034471248922e-01 -3.115825147628785152e-01 1.566092946788752438e-01 4.227114604805697756e-02 -2.597853775024414613e-01 -2.382084156569637401e-01 -1.972252766209552366e-01 -2.991505498886108949e-01 7.200557174696867180e-02 -1.611501313986798134e-01 -2.768361825942994292e-01
6.218576456574192307e-02 2.316345073843337210e-01 -3.096853752136230487e-01 1.592578572034504814e-01 7.972302848858989210e-02 -2.554729576110840172e-01 -2.374455940626604700e-01 -2.106971995785851537e-01 -2.981481380462646658e-01 6.878619940700389512e-02 -1.665901623410412924e-01 -2.850679082870483660e-01
4.885907411668215933e-02 2.249046021320230682e-01 -3.075076503753662593e-01 1.589305157622561970e-01 1.178032899658904842e-01 -2.530558986663818954e-01 -2.453805307964989080e-01 -2.171050259509668678e-01 -2.970515937805176532e-01 6.258949201091465464e-02 -1.730451031597067812e-01 -2.914456481933594412e-01
3.624146820540887631e-02 2.173929432197257150e-01 -3.051656408309936785e-01 1.576843224625841811e-01 1.555552078082983458e-01 -2.517774314880371622e-01 -2.543732765337836654e-01 -2.227187258981581375e-01 -2.951182909011841327e-01 5.635994016499328019e-02 -1.800947755581170373e-01 -2.943196792602539302e-01
2.459544948485480748e-02 2.091678323890667213e-01 -3.030684108734130744e-01 1.586463195541334414e-01 1.936252961240702564e-01 -2.534249706268310587e-01 -2.631816105136403072e-01 -2.275931088998070784e-01 -2.920102853775023988e-01 5.092085107935676036e-02 -1.865315943170537116e-01 -2.947497315406799046e-01
1.412545619387959445e-02 2.001680704678495681e-01 -3.015153522491455518e-01 1.606496207953174160e-01 2.325633072774031529e-01 -2.583776111602783532e-01 -2.677080386033139359e-01 -2.338568823031563215e-01 -2.872704286575317734e-01 4.520208341751472125e-02 -1.942173670626318460e-01 -2.946658964157105043e-01
4.915702573371233397e-03 1.903007963082884446e-01 -3.004642219543457449e-01 1.632592170128868148e-01 2.703713166760806086e-01 -2.659399051666260227e-01 -2.654634240934135581e-01 -2.415750373437016707e-01 -2.812677783966063827e-01 3.823192525415029797e-02 -2.030601944192183539e-01 -2.950755329132079274e-01
-3.039680107015552135e-03 1.797630915204391500e-01 -2.999160547256470855e-01 1.677208145095019920e-01 3.050951494302963640e-01 -2.754015274047852402e-01 -2.546654531790375486e-01 -2.498949722864737266e-01 -2.736749525070191202e-01 3.083543851182050932e-02 -2.131212983005716100e-01 -2.961905927658081694e-01
-9.785583533664640732e-03 1.687904765886024672e-01 -2.996864337921142374e-01 1.730120048254455978e-01 3.337917078548761074e-01 -2.827430076599121156e-01 -2.347733315529025866e-01 -2.567671923031767944e-01 -2.642740888595580540e-01 2.363697118511640105e-02 -2.237666743856893681e-01 -2.975792570114135782e-01
-1.555770189666295933e-02 1.573263083786914651e-01 -2.995702714920043808e-01 1.746509833140120205e-01 3.504340148992698412e-01 -2.879298372268676576e-01 -2.233939713810893235e-01 -2.496385648465072604e-01 -2.528445739746093546e-01 1.694440336304700589e-02 -2.347607587980772570e-01 -2.988227100372314315e-01
-2.051214065305150339e-02 1.458654774676101384e-01 -2.995511789321899654e-01 1.738525107462660091e-01 3.551690526483446964e-01 -2.942984886169434100e-01 -2.131761561206843569e-01 -2.324366059490024783e-01 -2.406824226379394860e-01 1.103889122872250828e-02 -2.459577666535000262e-01 -2.998870630264282577e-01
-2.511020783821374738e-02 1.346631549065503142e-01 -2.993370742797851758e-01 1.719349014264066056e-01 3.481660585352389092e-01 -3.018374128341675400e-01 -1.983764923919804357e-01 -2.107125935254481885e-01 -2.296601982116699692e-01 5.827550983918627914e-03 -2.572847113147405107e-01 -3.007787628173828609e-01
-2.920808536989411355e-02 1.235734518609593047e-01 -2.986628980636597541e-01 1.677314019309641413e-01 3.351363626432500853e-01 -3.091088504791260627e-01 -1.800095529970164865e-01 -1.856544367129999706e-01 -2.227454109191895071e-01 1.230719895230991678e-03 -2.688037713772923887e-01 -3.014205045700074082e-01
-3.256402753372955594e-02 1.133220750310803826e-01 -2.971145076751709468e-01 1.620831217937772628e-01 3.212577045226150951e-01 -3.144354410171509295e-01 -1.602239798795047354e-01 -1.602342465244749603e-01 -2.196873779296875107e-01 -3.099390329348680750e-03 -2.807001546767498024e-01 -3.017362470626831494e-01
-3.504662679709417972e-02 1.039126209574791210e-01 -2.951676912307740208e-01 1.583026139333031101e-01 3.078153868099675061e-01 -3.172612924575806681e-01 -1.406133060729019835e-01 -1.355959612735304631e-01 -2.214264507293702000e-01 -7.246386086532913273e-03 -2.929549572109103051e-01 -3.017610759735108172e-01
-3.704729121801855762e-02 9.622290007867261019e-02 -2.929342384338379790e-01 1.557371961688290007e-01 2.957720773487898525e-01 -3.185807199478150054e-01 -1.216675540241175524e-01 -1.108488627354832640e-01 -2.264938468933105908e-01 -1.113472980102800380e-02 -3.052925617243209544e-01 -3.015699453353882231e-01
-3.841207136096551344e-02 9.062994062996770905e-02 -2.899455709457397501e-01 1.534702008478722735e-01 2.834781570178124266e-01 -3.191422672271728711e-01 -1.043689711142144483e-01 -8.696314868821326816e-02 -2.340107555389404348e-01 -1.474754778822272294e-02 -3.174914070332604532e-01 -3.012790794372558478e-01
-3.911383307558718991e-02 8.887851871452204233e-02 -2.868774480819702988e-01 1.501346242566258260e-01 2.706944944386582841e-01 -3.190691967010498842e-01 -8.988229692508808988e-02 -6.579519632143823737e-02 -2.428412170410156889e-01 -1.826419893762247504e-02 -3.294657227970718139e-01 -3.009947366714478267e-01
-3.912129838620825861e-02 9.267319694507049344e-02 -2.809117431640623663e-01 1.465488778766670108e-01 2.590723853117953834e-01 -3.181220169067381365e-01 -7.883851748018325112e-02 -4.863405686619516610e-02 -2.514475555419921626e-01 -2.173996363600697035e-02 -3.411908190256517925e-01 -3.003930110931396502e-01
-3.811367907091400831e-02 1.046861946274718763e-01 -2.735498638153076589e-01 1.431233418492927068e-01 2.487123830723126094e-01 -3.166694564819336755e-01 -7.075495811744736407e-02 -3.538192515713400876e-02 -2.579159994125366784e-01 -2.514850687768745152e-02 -3.526899757465235541e-01 -2.992542572021484881e-01
-3.639201472820705052e-02 1.254241357744649565e-01 -2.657673616409301776e-01 1.394397541774829163e-01 2.379275292212086612e-01 -3.150157423019409042e-01 -6.662745002676068173e-02 -2.944037903673054138e-02 -2.627766985893249529e-01 -2.839263440106712388e-02 -3.648394144294374031e-01 -2.976635284423828076e-01
-3.464330384945583929e-02 1.508043899935643528e-01 -2.583573217391968435e-01 1.358311281658920455e-01 2.262704900072050052e-01 -3.130718679428101114e-01 -6.655994843770747516e-02 -3.261905805356723337e-02 -2.660267896652220854e-01 -3.178023500554265357e-02 -3.760334591602130239e-01 -2.952820796966552086e-01
-3.298281207873682286e-02 1.798673019098985804e-01 -2.530308837890625773e-01 1.326367240101127831e-01 2.140005161523284294e-01 -3.109567232131958403e-01 -6.839612276327008966e-02 -4.085482841283970268e-02 -2.680552978515625684e-01 -3.508594953994446930e-02 -3.869514353691601016e-01 -2.917806882858277051e-01
-3.119235801347465531e-02 2.117158509898627028e-01 -2.501803989410399942e-01 1.300062247713669183e-01 2.011012445645624924e-01 -3.088125629425048646e-01 -7.133349863683829950e-02 -5.257010280805010649e-02 -2.692551941871643706e-01 -3.667713733790239905e-02 -3.969546868410050444e-01 -2.872253103256226514e-01
-2.747808580450679036e-02 2.456805058680887333e-01 -2.508142776489258874e-01 1.280735225322215121e-01 1.877530538707953833e-01 -3.068320531845094012e-01 -7.481904718494203355e-02 -6.623900793832834810e-02 -2.701229782104493382e-01 -3.573922792550789096e-02 -4.049227445163751660e-01 -2.823267335891724850e-01
-2.219375457613191258e-02 2.795225180061202130e-01 -2.523904771804809655e-01 1.267662826975917700e-01 1.741581315209574654e-01 -3.048080320358276252e-01 -7.818129704247096801e-02 -8.103249105436989563e-02 -2.725692052841186541e-01 -3.348409393786297428e-02 -4.111518029148646947e-01 -2.768598861694335778e-01
-1.558194164309927021e-02 3.125049388319561805e-01 -2.532682151794434233e-01 1.259812002087508931e-01 1.604940749889083862e-01 -3.028118486404419163e-01 -8.070169422183234853e-02 -9.514526438292281174e-02 -2.740481348037719922e-01 -3.044814133639239806e-02 -4.153899016021030954e-01 -2.709021825790405846e-01
-7.831525046200833728e-03 3.430441991395978274e-01 -2.532500476837158399e-01 1.255190556657768686e-01 1.466434029949236773e-01 -3.008860845565795583e-01 -8.238346986612501976e-02 -1.090186816032564510e-01 -2.744191188812256099e-01 -2.724803571087794363e-02 -4.151057508473007807e-01 -2.648964710235595654e-01
9.513729653420066601e-04 3.684723480379814009e-01 -2.556902856826783199e-01 1.253509383542769640e-01 1.328173142096146508e-01 -2.991216964721680749e-01 -8.340906797768124492e-02 -1.239615934098974304e-01 -2.748905844688416256e-01 -2.420436505456145804e-02 -4.083343615328244303e-01 -2.593652267456055815e-01
9.567574170503037601e-03 3.856282052303513508e-01 -2.607186193466186630e-01 1.251049517456221671e-01 1.194747163799597389e-01 -2.974845190048217569e-01 -8.353824429686151909e-02 -1.391259696148293701e-01 -2.753824801445008408e-01 -2.133047779414082301e-02 -3.945105422023419406e-01 -2.545404167175294163e-01
1.735430934913646112e-02 3.909625101325478469e-01 -2.682597799301147390e-01 1.247752031813442880e-01 1.070165663773148534e-01 -2.958541984558105686e-01 -8.289486309881807791e-02 -1.540951934582110161e-01 -2.756483669281004634e-01 -1.864302522052800615e-02 -3.732326699045360741e-01 -2.496099300384521102e-01
2.431684352011426187e-02 3.884355131555138341e-01 -2.761943597793578564e-01 1.245623467510162258e-01 9.543588800617762435e-02 -2.943833560943602823e-01 -8.174014984297128805e-02 -1.687080914092848605e-01 -2.758901114463807036e-01 -1.281382940365324852e-02 -3.474052175430673017e-01 -2.453449459075928429e-01
3.037188012785915769e-02 3.807645728453099010e-01 -2.820325536727905646e-01 1.241934434288365086e-01 8.382155214145158018e-02 -2.933239145278931370e-01 -8.038747345916125164e-02 -1.828561849010937324e-01 -2.762740201950074082e-01 -1.320240937817122873e-03 -3.196771772395115008e-01 -2.417876214981079519e-01
3.585437398371524309e-02 3.696483611996879137e-01 -2.856953735351561718e-01 1.233785196612474239e-01 7.291910794679150321e-02 -2.926481742858885737e-01 -7.897597855681304235e-02 -1.965179154851427190e-01 -2.768337841033935987e-01 8.611693559631518335e-03 -2.894442451716304210e-01 -2.398934383392334335e-01
4.161938711866661200e-02 3.568948956529520711e-01 -2.875901002883911040e-01 1.229013341112993457e-01 6.317717628241700800e-02 -2.920059556961059344e-01 -5.000000000000005135e-02 -2.155113029479980569e-01 -2.777025671005248775e-01 4.999999999999994726e-02 -2.526574873924255504e-01 -2.392010517120361224e-01
4.718131819958263501e-02 3.438070896501019824e-01 -2.889871330261230553e-01 1.233804090131283698e-01 5.497072138990776596e-02 -2.913925046920776696e-01 -5.000000000000005135e-02 -2.270576190948486728e-01 -2.788278646469116162e-01 4.999999999999995420e-02 -2.187186813354492221e-01 -2.419980688095093035e-01
5.238552510015711400e-02 3.310248277596563038e-01 -2.905063648223877304e-01 1.249200042789797016e-01 4.906516480523879370e-02 -2.913482351303101070e-01 -5.000000000000005829e-02 -2.380354928970337680e-01 -2.799525566101074836e-01 4.999999999999996114e-02 -1.843687248229980979e-01 -2.458084363937378392e-01
5.710557731987938451e-02 3.187507587651947638e-01 -2.925254936218261714e-01 1.247408126751534674e-01 4.365780729554528256e-02 -2.888975782394409553e-01 -5.000000000000005829e-02 -2.486056566238403487e-01 -2.811752099990844633e-01 4.999999999999996808e-02 -1.511229801177979004e-01 -2.503152818679809655e-01
6.294983766628201027e-02 3.065061984141537188e-01 -2.946645755767821617e-01 1.262022797506558436e-01 4.684669735696166126e-02 -2.655608625411986501e-01 -5.007226562499943884e-02 -2.588249301910400813e-01 -2.827875108718872488e-01 4.999999999999997502e-02 -1.217283439636230175e-01 -2.555016155242920139e-01
6.891408220878200708e-02 2.939200035694037316e-01 -2.971433801651001683e-01 1.328224500729144331e-01 5.805909085401840530e-02 -2.558296031951904914e-01 -5.517333984375021039e-02 -2.683687591552733620e-01 -2.850621337890625884e-01 4.999999999999998196e-02 -9.858143806457518588e-02 -2.575758070945740608e-01
7.453295969069480276e-02 2.813375303269181060e-01 -2.999659700393676465e-01 1.418033318715710145e-01 7.384203063873592821e-02 -2.465464134216308334e-01 -8.857128852818876852e-02 -2.727511019381239077e-01 -2.879230804443358993e-01 3.751156329729131433e-02 -9.290900878442470701e-02 -2.623031253814697150e-01
8.030480994001155948e-02 2.685897095744972929e-01 -3.029561109542847075e-01 1.528813179131036371e-01 8.986995147167814446e-02 -2.391351909637451367e-01 -9.391336809665959406e-02 -2.804829052930918887e-01 -2.911726207733154603e-01 3.630291889077766343e-02 -9.252157712209518881e-02 -2.702434320449829119e-01
8.554457428997688795e-02 2.557374863540292642e-01 -3.058182544708252237e-01 1.653574980180645970e-01 1.054614331697019680e-01 -2.361105365753173868e-01 -1.008283327850121314e-01 -2.873957276922936011e-01 -2.944644041061401651e-01 3.374952993713335736e-02 -9.758969976178114014e-02 -2.780420513153076256e-01
8.195984134675084187e-02 2.477605476213406155e-01 -3.083554668426514156e-01 1.796401391983129814e-01 1.208654670549343391e-01 -2.370880813598633674e-01 -1.085093486147732100e-01 -2.932899901520922281e-01 -2.969460124969482973e-01 2.995525733111549169e-02 -1.070029193595549433e-01 -2.853054018020630411e-01
7.670228109026952512e-02 2.410248477530301803e-01 -3.101539869308471697e-01 1.962574568715194367e-01 1.336613833975613397e-01 -2.374564189910888246e-01 -1.151597583807304759e-01 -2.979202476662033972e-01 -2.980341453552246000e-01 2.603183039173001534e-02 -1.168513354351028849e-01 -2.927770109176635605e-01
7.098338173457650890e-02 2.349361245492438410e-01 -3.113078374862670583e-01 2.185326981408264035e-01 1.389335000375250262e-01 -2.396648521423339617e-01 -1.211594678388206170e-01 -3.003321284887536802e-01 -2.982111377716062939e-01 2.258006060096582474e-02 -1.236733553045167994e-01 -2.976655216217039546e-01
6.495906288491422320e-02 2.292537367931529180e-01 -3.117978591918943998e-01 2.433374808536643008e-01 1.383462050548716626e-01 -2.432720489501952743e-01 -1.297369572302411456e-01 -2.998809772272358898e-01 -2.972065992355346631e-01 1.772255543345402015e-02 -1.303847086961971713e-01 -3.015384788513183478e-01
5.861264559823214926e-02 2.238779710109341514e-01 -3.116387815475462619e-01 2.686828360279200911e-01 1.328610642726529012e-01 -2.500463981628416321e-01 -1.430470998872337418e-01 -2.946447913777542893e-01 -2.959165306091308123e-01 9.904943224906287425e-03 -1.377319129346621929e-01 -3.046318025588988787e-01
5.164518680225596570e-02 2.194724463060796216e-01 -3.109198732376098340e-01 2.944205774272560805e-01 1.240353735521733392e-01 -2.606057472229004190e-01 -1.583508061708122638e-01 -2.838140330664369326e-01 -2.962328596115112456e-01 -2.629448437978729181e-04 -1.447684825287869903e-01 -3.066586370468139533e-01
4.419883031306291732e-02 2.157010022211243716e-01 -3.096836204528807812e-01 3.138213889068126594e-01 1.092918225336244054e-01 -2.676031703948973939e-01 -1.704514709862601229e-01 -2.677060520452430037e-01 -2.944818325042725116e-01 -1.099253190372631583e-02 -1.511691716720187095e-01 -3.073714942932129213e-01
3.688306021357552755e-02 2.125817131683672978e-01 -3.078829164505005322e-01 3.232523229088883343e-01 9.206779715274229781e-02 -2.776330871582032289e-01 -1.778459558352985526e-01 -2.455496804542522948e-01 -2.891914625167847364e-01 -2.206190665640259119e-02 -1.567610737780480989e-01 -3.070908756256104377e-01
2.993102052673284053e-02 2.098992527816512521e-01 -3.058426589965820286e-01 3.282773340032955067e-01 7.521541489102619160e-02 -2.894249076843261603e-01 -1.804220158347389635e-01 -2.196814194572591361e-01 -2.805891437530516619e-01 -3.325970139902677952e-02 -1.616302533334967317e-01 -3.064039011001585822e-01
2.339682140523950682e-02 2.073524479637494644e-01 -3.036674613952635715e-01 3.282807325380522889e-01 5.950857589343699905e-02 -3.029298801422118381e-01 -1.785175653253902317e-01 -1.924556764388640762e-01 -2.719252033233642840e-01 -4.436762116620773105e-02 -1.660725947205702879e-01 -3.056964225769043253e-01
1.690850663551267397e-02 2.048799669553742209e-01 -3.011716289520264267e-01 3.273734724558251541e-01 4.828908560771788538e-02 -3.134972829818726270e-01 -1.832460945042607703e-01 -1.557191408849245007e-01 -2.646283788681030869e-01 -5.549161467713981111e-02 -1.702653875322191479e-01 -3.049407501220703920e-01
9.739675770533001709e-03 2.029654578070518300e-01 -2.984338064193725604e-01 3.231642363174082599e-01 4.092047489689548678e-02 -3.192921824455261515e-01 -1.853020707276525070e-01 -1.175865663671016026e-01 -2.599665613174439449e-01 -6.714516573113468723e-02 -1.741334577999917033e-01 -3.041172523498536506e-01
2.156889487125696059e-03 2.013945384830567731e-01 -2.953437299728393084e-01 3.162490525730632940e-01 3.518506582680672179e-02 -3.217068405151366495e-01 -1.839778353906481034e-01 -8.214701517097236505e-02 -2.600193376541136692e-01 -7.955812842531492790e-02 -1.776301048864306065e-01 -3.033896846771239608e-01
-4.897190703323367478e-03 2.001766903091797833e-01 -2.920093078613280602e-01 3.076866716013645919e-01 3.115557214511735507e-02 -3.220146627426146435e-01 -1.807678783843441050e-01 -4.983009644321270692e-02 -2.621724386215210090e-01 -9.341669698203464156e-02 -1.806262633010589091e-01 -3.031682748794555793e-01
-9.798076718754281100e-03 1.993577183328139046e-01 -2.885398120880126038e-01 2.978582953515579446e-01 2.843022809843887000e-02 -3.210596699714659552e-01 -1.736943670169196485e-01 -1.951992500589529167e-02 -2.626700181961059699e-01 -1.093812205324353748e-01 -1.827613262032647123e-01 -3.035512847900390665e-01
-1.076573842003795967e-02 1.984940972797064607e-01 -2.853245563507080806e-01 2.877608729080871064e-01 2.622566466251900763e-02 -3.197978706359864143e-01 -1.635347182956138068e-01 7.254697336650725581e-03 -2.619034547805786928e-01 -1.267845001242670633e-01 -1.835044632273343246e-01 -3.043587989807129968e-01
-7.057791128028220728e-03 1.972326420247131062e-01 -2.825888795852662394e-01 2.778422332860345789e-01 2.409177288408814732e-02 -3.192766327857972652e-01 -1.516124769129056915e-01 2.989325836407305537e-02 -2.590693683624268884e-01 -1.450583702464356972e-01 -1.825602862167624296e-01 -3.053134078979493626e-01
2.000128237606049741e-03 1.955787525328880339e-01 -2.800203628540040013e-01 2.684404358547937686e-01 2.160237313835673689e-02 -3.191129655838013113e-01 -1.398118248755777226e-01 4.707193324761884540e-02 -2.558100528717041633e-01 -1.637737161085685567e-01 -1.796104481411517073e-01 -3.058657379150391264e-01
1.787431123324777216e-02 1.932268995219895702e-01 -2.781909532546997244e-01 2.596937692410605236e-01 1.835611094777078733e-02 -3.190189189910889178e-01 -1.293714313525662352e-01 5.938924002101175076e-02 -2.542888469696045206e-01 -1.819626972710857160e-01 -1.747240875851525932e-01 -3.060937852859497155e-01
4.040124733158186043e-02 1.894560663448086046e-01 -2.758629245758056903e-01 2.512966330737694265e-01 1.448102972371492769e-02 -3.190141983032226958e-01 -1.226956382341257146e-01 6.764328180780698752e-02 -2.569449825286865829e-01 -1.988214467448272682e-01 -1.681553693776088876e-01 -3.060076017379761426e-01
6.691088451379306745e-02 1.836830898942766188e-01 -2.731335372924803551e-01 2.429931599044180546e-01 1.034446684740165934e-02 -3.188765139579772256e-01 -1.209658556718739009e-01 7.240772331367660575e-02 -2.642621560096739541e-01 -2.142740937662303558e-01 -1.605396521220185668e-01 -3.059091730117796670e-01
9.585152109491534844e-02 1.759470503179292877e-01 -2.704083461761474516e-01 2.349871412121024017e-01 5.981352075741769303e-03 -3.186421461105346520e-01 -1.229840042653166099e-01 7.365042180068732958e-02 -2.734772105216978777e-01 -2.283781323029313026e-01 -1.523627201496747241e-01 -3.061574287414549622e-01
1.271249439994254493e-01 1.664437451614602104e-01 -2.679471130371092746e-01 2.273399098197379509e-01 1.353413130210145976e-03 -3.183941121101378502e-01 -1.274301897053627675e-01 7.221556568555406730e-02 -2.820013995170592702e-01 -2.412595408920701345e-01 -1.440466833245782619e-01 -3.066429634094237633e-01
1.594922863856768069e-01 1.554147539820174562e-01 -2.663584203720092414e-01 2.199542004481767343e-01 -3.461222580482550826e-03 -3.182210392951965172e-01 -1.334867209264253285e-01 6.864646263639011259e-02 -2.891091794967651230e-01 -2.494777092948404218e-01 -1.471988395813461081e-01 -3.068887920379638201e-01
1.918391144435464823e-01 1.425406630944202890e-01 -2.654612464904785307e-01 2.128244660060462090e-01 -8.376023917298469623e-03 -3.181200690269470055e-01 -1.403007628895235337e-01 6.455411660708569588e-02 -2.947627515792846653e-01 -2.572938047733939193e-01 -1.510505973423877935e-01 -3.071560544967651407e-01
2.227009965785924916e-01 1.279071401522477724e-01 -2.653887529373168963e-01 2.057828826371481679e-01 -1.360598903248785158e-02 -3.180908699035644438e-01 -1.472694045262035456e-01 6.113257433487945952e-02 -2.985800380706787327e-01 -2.646689745215384248e-01 -1.548899136041930191e-01 -3.070523519515991340e-01
2.478118749008777766e-01 1.270715622307284354e-01 -2.662650794982910352e-01 1.986238980439484214e-01 -1.922397737297776299e-02 -3.181435413360595987e-01 -1.538570739016603406e-01 5.775939434890215579e-02 -3.005833311080933212e-01 -2.715485222674692833e-01 -1.586384232711370856e-01 -3.065841550827027029e-01
2.724728632014310481e-01 1.236939832530155881e-01 -2.675260276794433900e-01 1.912343815662181645e-01 -2.512290154274057080e-02 -3.182281417846679616e-01 -1.597780120961247441e-01 5.418613790774506889e-02 -3.011489839553833092e-01 -2.780723659045062912e-01 -1.620989780283452752e-01 -3.056347293853760028e-01
2.956498707691891936e-01 1.177776844072839779e-01 -2.685225744247436985e-01 1.834611257897627579e-01 -3.125985653816101134e-02 -3.182359237670898677e-01 -1.669806985552193257e-01 5.052954172109959396e-02 -3.018963880538940714e-01 -2.845804169686815266e-01 -1.652735452299888830e-01 -3.040083904266357440e-01
3.182235914805408017e-01 1.103829360517175895e-01 -2.688058204650879413e-01 1.753350579479062421e-01 -3.727171451960298310e-02 -3.181178970336914769e-01 -1.751183140634184898e-01 4.670550733512830732e-02 -3.029464836120605020e-01 -2.911734722950681808e-01 -1.687040146792307682e-01 -3.018535537719725936e-01
3.393525844304673966e-01 1.011851859635748974e-01 -2.680064554214477424e-01 1.670801798481767464e-01 -4.308082604232369578e-02 -3.178545875549316224e-01 -1.831520425895217796e-01 4.282978861177285518e-02 -3.035176582336425732e-01 -2.970354120854101221e-01 -1.696898468940025995e-01 -2.983270998001098517e-01
3.577263033717387186e-01 9.055472902520536604e-02 -2.664742059707642108e-01 1.586998958791878966e-01 -4.848670984818398422e-02 -3.174955101013184344e-01 -1.911580723798767811e-01 3.924362739262239608e-02 -3.037106246948242938e-01 -3.005564825398858719e-01 -1.653741635273526245e-01 -2.931345577239991007e-01
3.725384013954264883e-01 7.889875522379459494e-02 -2.657134313583374152e-01 1.501467067630155861e-01 -5.348427118725887497e-02 -3.171116561889648633e-01 -1.993472297629882151e-01 3.601544460975888984e-02 -3.036183710098266930e-01 -3.012078080564076776e-01 -1.545277846794500809e-01 -2.867672796249389755e-01
3.841789459264047801e-01 6.648081074198763929e-02 -2.669183034896851492e-01 1.414710509421290285e-01 -5.816126857806328682e-02 -3.167076988220215439e-01 -2.076391770551456184e-01 3.305712973992956660e-02 -3.032525892257691980e-01 -2.940982061113661672e-01 -1.494608285216481869e-01 -2.805354089736940004e-01
3.927318340576160249e-01 5.353809920996331628e-02 -2.697354288101196929e-01 1.326422214244605269e-01 -6.244062982573245213e-02 -3.163447875976562740e-01 -2.160626799760135830e-01 3.041384961931022091e-02 -3.027788562774658687e-01 -2.774144609847741805e-01 -1.509788543940310812e-01 -2.755623645782471209e-01
3.974614157267304937e-01 4.012130546708545659e-02 -2.737263841629028471e-01 1.234325900013469868e-01 -6.628892055055116139e-02 -3.160242290496826367e-01 -2.246268388396160665e-01 2.818327949215718164e-02 -3.021966476440430815e-01 -2.542007508706021768e-01 -1.486261022794935216e-01 -2.721216554641724961e-01
3.985122943474869728e-01 2.672572705709601662e-02 -2.784921665191649742e-01 1.138308976626025842e-01 -6.959102531513458589e-02 -3.158978099822997154e-01 -2.333288743038298974e-01 2.644996508343532005e-02 -3.017474765777587997e-01 -2.276655097781515869e-01 -1.427141166843088615e-01 -2.705571622848511049e-01
3.950015380684419042e-01 1.382880399611782080e-02 -2.840399665832518128e-01 1.040686241867952166e-01 -7.223231768583623924e-02 -3.159512777328489785e-01 -2.421446813158383282e-01 2.534123695501333540e-02 -3.015519495010375861e-01 -2.006741507296933569e-01 -1.339598471888114040e-01 -2.717467660903930549e-01
3.868842683906869029e-01 1.695997754074578256e-03 -2.901209278106689493e-01 9.424545919223620283e-02 -7.444098496865896031e-02 -3.161208505630493382e-01 -2.511499415848545969e-01 2.488660298564952800e-02 -3.018134088516235547e-01 -1.744213582925256967e-01 -1.233846914487184837e-01 -2.731544847488402983e-01
3.769411053647633292e-01 -9.748586015874971533e-03 -2.958414239883422892e-01 8.453352476610859201e-02 -7.625718199760991856e-02 -3.164436120986938716e-01 -2.602530030563993124e-01 2.511158587593313729e-02 -3.024286813735962420e-01 -1.491602669280334692e-01 -1.118525097631772602e-01 -2.747175140380859748e-01
3.676300782279686152e-01 -2.061434024624631683e-02 -3.006098289489747555e-01 7.448909109304087395e-02 -7.738494219070665703e-02 -3.167912883758546294e-01 -2.695160372713716335e-01 2.571732295322859407e-02 -3.032232112884520325e-01 -1.236979190499642306e-01 -9.982813458011249863e-02 -2.755888957977293829e-01
3.595857523122067967e-01 -3.135733213177246959e-02 -3.043754644393921738e-01 6.421544889015923241e-02 -7.796933739527674156e-02 -3.172241420745850471e-01 -2.789114581096869827e-01 2.661074649315967044e-02 -3.039996213912964373e-01 -1.004938662892151807e-01 -8.869644464477280388e-02 -2.757907934188843502e-01
3.521706054263570307e-01 -4.140586614036051438e-02 -3.070941181182861301e-01 5.398039407290099873e-02 -7.806753130250529416e-02 -3.176883430480956783e-01 -2.883336513838412607e-01 2.785086058050049995e-02 -3.047366209030151207e-01 -8.138938826860941944e-02 -7.936442324252353242e-02 -2.750815553665161284e-01
3.444106644998293776e-01 -5.119309383672263764e-02 -3.091439695358276785e-01 4.397616276233856647e-02 -7.803054201784861976e-02 -3.179099674224853955e-01 -2.977143869926588415e-01 2.950020410223197498e-02 -3.052381486892700724e-01 -6.801907614567187510e-02 -7.248744946229906949e-02 -2.742190427780151762e-01
3.355897671015313777e-01 -6.012669409090351524e-02 -3.109749956130981596e-01 3.445372318098051390e-02 -7.819290206338846971e-02 -3.177830858230590860e-01 -3.070736232678275002e-01 3.172472525093891771e-02 -3.055028314590454985e-01 -6.130490246020201678e-02 -6.792227837484683672e-02 -2.759681816101074991e-01
3.254740620622709746e-01 -6.810949454767979694e-02 -3.127036638259887424e-01 2.576709445830967574e-02 -7.876138875828921082e-02 -3.172009773254394482e-01 -3.151567687745582824e-01 3.410565380947364056e-02 -3.048952741622924512e-01 -6.019883081725644486e-02 -6.493345779690792852e-02 -2.785302848815918164e-01
3.143719296995636237e-01 -7.514678306089159210e-02 -3.142387075424194487e-01 1.889294791048265823e-02 -7.902350362180146637e-02 -3.161523551940917942e-01 -3.225073008331646451e-01 3.672730276628097257e-02 -3.036940927505493160e-01 -6.596694435750481700e-02 -6.316436711595173337e-02 -2.817828102111816779e-01
3.026651901697549052e-01 -8.113793707947059008e-02 -3.150689716339111213e-01 1.380317161718240190e-02 -7.881856307589825417e-02 -3.140477247238159242e-01 -3.308503705529380889e-01 3.945255355236982481e-02 -3.018308086395263268e-01 -7.907880086343105352e-02 -6.188019212044353762e-02 -2.873977251052856063e-01
2.906357851309595564e-01 -8.606790106121500750e-02 -3.150416345596313561e-01 1.183881568370057785e-02 -7.792800744007544189e-02 -3.100666875839233616e-01 -3.392216217793032063e-01 4.223236753866081716e-02 -2.990153856277465994e-01 -9.353916150998088652e-02 -5.925246789828778754e-02 -2.897895975112915190e-01
2.785616517996256647e-01 -9.028664162053692821e-02 -3.142586345672607751e-01 1.443838151502980713e-02 -7.428785623851245912e-02 -2.881901092529297048e-01 -3.465290271399883992e-01 4.607426808891994241e-02 -2.951506299972534442e-01 -1.098787293682007005e-01 -5.497201875694782136e-02 -2.917137546539306792e-01
2.669097066541252783e-01 -9.315903188160493120e-02 -3.129330034255981552e-01 2.582914636457686944e-02 -8.009599711386365672e-02 -2.774460144042968923e-01 -3.516753177157453947e-01 5.362303367836783463e-02 -2.907061309814453764e-01 -1.265931746141422121e-01 -4.869941344058687643e-02 -2.929205722808838064e-01
2.557170488424153065e-01 -9.524580085875083979e-02 -3.109143419265746888e-01 4.162655958510216858e-02 -9.204647280484204441e-02 -2.765905685424804306e-01 -3.535870905154982480e-01 7.430644229639166154e-02 -2.865233678817749041e-01 -1.421639473368819795e-01 -4.039115867935506865e-02 -2.927218980789184632e-01
2.451343743529089125e-01 -9.670363586686531177e-02 -3.090168972015381321e-01 6.181767895948498542e-02 -1.108867584032698500e-01 -2.752232522964478401e-01 -3.519496735958569933e-01 9.635315517334364088e-02 -2.835068483352661817e-01 -1.564016287886917378e-01 -3.001364503312888357e-02 -2.924831695556641131e-01
2.351463931903819971e-01 -9.773004479179724091e-02 -3.071737451553344656e-01 9.909149899458986888e-02 -1.268012482928905782e-01 -2.470775623321533332e-01 -3.466709604236202780e-01 1.181229752000759192e-01 -2.804513330459594833e-01 -1.691325331993780157e-01 -1.814890943154967573e-02 -2.919292325973510960e-01
2.268818172872052730e-01 -9.660353797454823699e-02 -3.055942697525025342e-01 1.222627559520196167e-01 -1.475283586567462113e-01 -2.211947174072266264e-01 -3.373708653869095242e-01 1.377598447122947434e-01 -2.763255901336669762e-01 -1.801372504227126969e-01 -5.602542019679829233e-03 -2.912682027816771990e-01
2.214718354950500900e-01 -9.159141829552619463e-02 -3.042366142272949769e-01 1.415552048916021155e-01 -1.671127273736749685e-01 -1.991739196777344012e-01 -3.223313786674693038e-01 1.546629488111795347e-01 -2.713185758590698216e-01 -1.895388600647585631e-01 7.648161592188777724e-03 -2.906909103393555127e-01
2.165561034635704596e-01 -8.624407554500101991e-02 -3.032139272689819975e-01 1.603945278151979181e-01 -1.874328880672861686e-01 -1.878822441101074547e-01 -3.025896248458969651e-01 1.680337794062876922e-01 -2.660987396240233616e-01 -1.974858398465149933e-01 2.131017996332079667e-02 -2.904782743453979132e-01
2.120273652866637160e-01 -8.072532828022142837e-02 -3.025663681030273389e-01 1.777036093478032708e-01 -2.075699028734291351e-01 -1.772835083007812396e-01 -2.814553965701273031e-01 1.771757199975067254e-01 -2.608995456695556436e-01 -2.040999789987268942e-01 3.439015862505361010e-02 -2.907931394577026318e-01
2.077008864994406290e-01 -7.494875194164277166e-02 -3.023587532043457426e-01 1.880215651493773177e-01 -2.229091799785878347e-01 -1.630479354858398733e-01 -2.587006924901747440e-01 1.860288615922524313e-01 -2.573700447082519771e-01 -2.098941643031227156e-01 4.641681395307641761e-02 -2.917970771789551443e-01
2.035092007628535593e-01 -6.885161534817320350e-02 -3.029083652496338264e-01 1.900700955313436857e-01 -2.316101400813667666e-01 -1.547461814880371211e-01 -2.315997304952804037e-01 2.010501741276997378e-01 -2.555504245758056792e-01 -2.153597541659533765e-01 5.696847841789924594e-02 -2.938309926986694687e-01
1.997303351162500462e-01 -6.229075603830450114e-02 -3.037083358764648411e-01 1.804977911709375882e-01 -2.429344633136951148e-01 -1.625211448669433290e-01 -2.041515630945682225e-01 2.143008159595583273e-01 -2.555236930847167853e-01 -2.205663476533475387e-01 6.689596173715942062e-02 -2.962789840698242250e-01
1.961441020850765438e-01 -5.513690206255589255e-02 -3.046593255996704608e-01 1.692567729835140755e-01 -2.552581484004465828e-01 -1.906647224426269993e-01 -1.762168237094798029e-01 2.206382075678701704e-01 -2.573000450134277917e-01 -2.256333086552498868e-01 7.629042193104541847e-02 -2.990395994186402229e-01
1.927852657888639576e-01 -4.759450255338616709e-02 -3.057340879440307302e-01 1.618077267263640096e-01 -2.785683795065112545e-01 -2.348951644897460667e-01 -1.454928808333862678e-01 2.202577081139441284e-01 -2.601894779205322084e-01 -2.306299343011297964e-01 8.557700614874810818e-02 -3.021636695861816269e-01
1.898163516310222287e-01 -4.005406876783876302e-02 -3.067221422195435254e-01 1.389699160841471048e-01 -2.899771186945966361e-01 -2.449693984985352457e-01 -1.144001662742024916e-01 2.174426300349422969e-01 -2.635134334564209757e-01 -2.354173525252837851e-01 9.531617428450686602e-02 -3.052791185379029049e-01
1.874174390757563646e-01 -3.280837753240958832e-02 -3.076020593643188916e-01 1.181582838023187976e-01 -2.895188877863158483e-01 -2.642927188873291366e-01 -8.489172638812254867e-02 2.116119474138798695e-01 -2.668784065246581072e-01 -2.398224827195751807e-01 1.057377758647350674e-01 -3.081278676986693998e-01
1.855949571894687788e-01 -2.598909092865232806e-02 -3.079877443313598917e-01 1.001946886347813565e-01 -2.877386942001367576e-01 -2.803304405212402872e-01 -5.657705992882168522e-02 2.036351448991748914e-01 -2.701926059722901119e-01 -2.437481844108386475e-01 1.173709869821880358e-01 -3.103831548690796360e-01
1.843685158480314334e-01 -1.916006668820023628e-02 -3.074854106903076589e-01 8.750779807459392601e-02 -2.809964466930831573e-01 -2.934149379730225382e-01 -3.086255406572797899e-02 1.926701167150724481e-01 -2.731323046684266953e-01 -2.472258007165833715e-01 1.299201647138583660e-01 -3.120135755538941957e-01
1.838715919130111676e-01 -1.284875761140998052e-02 -3.058811779022216903e-01 7.842957531144864602e-02 -2.712385281192226105e-01 -3.003333492279052774e-01 -7.383095731179664667e-03 1.785054142734948113e-01 -2.738338251113891508e-01 -2.502523733423440144e-01 1.430608894782775253e-01 -3.129141111373901496e-01
1.840088906394948820e-01 -9.468543268498122445e-03 -3.027290267944336422e-01 7.184751368636993485e-02 -2.611455299628341331e-01 -3.040908021926880256e-01 1.182128410018452869e-02 1.646736271185984535e-01 -2.735971326828002259e-01 -2.527527584512269110e-01 1.567367413803099074e-01 -3.130564470291136714e-01
1.838725227318216415e-01 -1.076078475275085711e-02 -2.966531820297241273e-01 6.744283523182163786e-02 -2.510892607048992864e-01 -3.056738204956054861e-01 2.589322929328458089e-02 1.539845619627682460e-01 -2.747876281738281246e-01 -2.544974404473624996e-01 1.714776956168576061e-01 -3.123994131088256854e-01
1.839271092185784662e-01 -1.870102857950364794e-02 -2.855117340087891531e-01 6.377342269514109374e-02 -2.409607636869254832e-01 -3.062086458206177420e-01 3.499127139336012660e-02 1.449216696483811018e-01 -2.770070381164550510e-01 -2.548299077383485711e-01 1.870461811796935714e-01 -3.107836742401122732e-01
1.830709367311947333e-01 -3.518579949773237292e-02 -2.727061338424684456e-01 6.044630294213218513e-02 -2.313618401471465025e-01 -3.058154983520509629e-01 4.071644756917860292e-02 1.386136194901857466e-01 -2.786776251792908443e-01 -2.538836904321817856e-01 2.028029525629905516e-01 -3.084501190185547359e-01
1.806354601942884441e-01 -5.948945166543724572e-02 -2.607977218627928750e-01 5.702547484272603440e-02 -2.222342636771560687e-01 -3.041037244796752081e-01 4.512602485525300106e-02 1.394713761168870358e-01 -2.822384495735168475e-01 -2.522578115755472750e-01 2.184519834129604599e-01 -3.054357643127441624e-01
1.773683833621120809e-01 -8.978862078439782402e-02 -2.518337745666504590e-01 5.296408648711213585e-02 -2.132853401447493691e-01 -3.017504854202271436e-01 4.528746990472413969e-02 1.467318824517090947e-01 -2.874439663887024543e-01 -2.502502185902892307e-01 2.337523652552089826e-01 -3.022937364578247577e-01
1.729027127594672808e-01 -1.248118067207479864e-01 -2.443422145843506255e-01 4.759900182196726004e-02 -2.043957605781698827e-01 -2.989679927825927841e-01 4.262776362014997211e-02 1.571140199053854269e-01 -2.920657367706298024e-01 -2.480122489575022071e-01 2.482728319552649499e-01 -2.985677118301390820e-01
1.744185749750767900e-01 -1.583266423081559071e-01 -2.385127372741698837e-01 4.105244937658045212e-02 -1.953593549767600190e-01 -2.959352893829344522e-01 3.917957566251380197e-02 1.661816896898246076e-01 -2.926096863746643351e-01 -2.453385185046642047e-01 2.611373918438419373e-01 -2.937479419708252104e-01
1.881535894734400749e-01 -1.831498273035626623e-01 -2.386680145263672115e-01 3.390120584155786876e-02 -1.863663529389205376e-01 -2.938312025070191069e-01 3.509562420759813894e-02 1.733776390104512233e-01 -2.905547089576721587e-01 -2.399169178131712044e-01 2.687319015430564284e-01 -2.894574136734009429e-01
2.005229800249583028e-01 -2.070817873347746974e-01 -2.403396339416504213e-01 2.658768195596665496e-02 -1.771491275744885296e-01 -2.929268045425415523e-01 3.028905409125062786e-02 1.809519072976009668e-01 -2.895350379943847363e-01 -2.324173118495073131e-01 2.714686210018393275e-01 -2.845707149505614653e-01
2.127701109642151645e-01 -2.314890166320823783e-01 -2.450768299102783487e-01 2.009658189604343614e-02 -1.677980805668743691e-01 -2.910264129638672204e-01 2.537046911544674210e-02 1.891885771380465431e-01 -2.893599052429199348e-01 -2.239817131431855457e-01 2.696922460113981845e-01 -2.780455513000488765e-01
2.230184670305029870e-01 -2.538452721075686314e-01 -2.514732856750488410e-01 1.504819764404249222e-02 -1.590432971688098274e-01 -2.860862846374511714e-01 2.066403444030333325e-02 1.980479431694976422e-01 -2.896053714752197528e-01 -2.153054966189042740e-01 2.636095373328798397e-01 -2.711201353073120490e-01
2.284453872637933480e-01 -2.687006961955064055e-01 -2.573459692001343058e-01 1.149839989341695096e-02 -1.508997081742382007e-01 -2.789535446166993005e-01 1.601883444704288451e-02 2.073290256718676172e-01 -2.904262132644653827e-01 -2.056425554753835427e-01 2.527628942385470312e-01 -2.648448534011841327e-01
2.284774448621491039e-01 -2.742584554009308562e-01 -2.670625038146973163e-01 7.685968405267383508e-03 -1.433499934218801786e-01 -2.742583580017090017e-01 1.160385471508752764e-02 2.168678614540254790e-01 -2.918434400558471697e-01 -1.930695557998704237e-01 2.348120353347541989e-01 -2.611150808334350426e-01
2.249858779437151346e-01 -2.723761966064065509e-01 -2.790695304870606797e-01 2.266613517102653019e-03 -1.343442454500889949e-01 -2.738217992782593924e-01 7.481575323872044492e-03 2.266005667803596135e-01 -2.937600297927856485e-01 -1.763797926084808010e-01 2.097400783090607734e-01 -2.596879978179931769e-01
2.194247611633059203e-01 -2.654247534595629565e-01 -2.896147031784057080e-01 -7.742655484309877989e-03 -1.229779398846109761e-01 -2.804117221832275186e-01 3.558275369406269095e-03 2.365043595529255915e-01 -2.956474704742432236e-01 -1.580959636033905935e-01 1.823200628831977421e-01 -2.597817010879517330e-01
2.118794531789646163e-01 -2.555471462096463031e-01 -2.968012685775756054e-01 -4.091125025310720503e-02 -1.197475473685179759e-01 -3.066543359756468967e-01 7.441038587711890084e-05 2.466197776467981551e-01 -2.973739404678344966e-01 -1.394405609641354293e-01 1.542084234067019333e-01 -2.618277902603149965e-01
2.060505562219150932e-01 -2.455752975366465585e-01 -3.009937305450439693e-01 -5.129203231840846061e-02 -1.159450455202416380e-01 -3.072794408798217858e-01 -3.501508246091786236e-03 2.568345844630700592e-01 -2.987610979080200235e-01 -1.209126266314586307e-01 1.259290681482083396e-01 -2.635303516387939582e-01
2.009340109288537402e-01 -2.357523562448229637e-01 -3.038318986892700746e-01 -5.493569182603814244e-02 -1.086544711582636408e-01 -3.070769996643066824e-01 -7.170675291935879603e-03 2.671145210074881149e-01 -3.001634044647217281e-01 -1.040322748915673279e-01 9.950179354834029488e-02 -2.673399038314819842e-01
1.961857018549006126e-01 -2.252109692404566932e-01 -3.057907934188842658e-01 -5.593849193608328718e-02 -1.024512842664908330e-01 -3.057081909179687473e-01 -1.096005806006063177e-02 2.773718896217813312e-01 -3.016212005615234171e-01 -8.876889644821112091e-02 7.392328950368985685e-02 -2.697325034141540567e-01
1.917296067988570607e-01 -2.138226674174488751e-01 -3.072403163909912527e-01 -5.649027223388678604e-02 -9.992189202143419990e-02 -3.027911014556885494e-01 -1.486711939458371101e-02 2.880055445671560466e-01 -3.034541053771973029e-01 -7.613179164894190443e-02 5.073165929048878420e-02 -2.710683507919312007e-01
1.876672859785684100e-01 -2.017668982420306178e-01 -3.084765739440917809e-01 -5.500682370898089812e-02 -9.965141468943410075e-02 -2.933900041580199680e-01 -1.868191842120854596e-02 2.989795036521107341e-01 -3.053853769302368182e-01 -6.686296201783333004e-02 3.233687742016708166e-02 -2.726688714027404314e-01
1.840495524496922330e-01 -1.890222387738725307e-01 -3.094497461318969633e-01 -5.125380010413003312e-02 -1.102777572106985737e-01 -2.771410484313964750e-01 -2.180799605741552682e-02 3.101239939093086151e-01 -3.068147535324096675e-01 -6.058870074021263652e-02 1.895132133054963294e-02 -2.749013061523437607e-01
1.807891882426150842e-01 -1.756795269881397115e-01 -3.098759050369262469e-01 -4.270718558904307988e-02 -1.291250717674480020e-01 -2.641186161041259584e-01 -2.424075623882449015e-02 3.213111703692266286e-01 -3.075672502517700080e-01 -5.728739120290032849e-02 1.176989028284721253e-02 -2.777968616485595454e-01
1.776551028256307951e-01 -1.622636911523809566e-01 -3.096904916763306148e-01 -2.839281920148965105e-02 -1.521344892724011133e-01 -2.535954303741455584e-01 -2.621222194758128510e-02 3.322640444625447054e-01 -3.074682207107544696e-01 -5.962723320568489443e-02 9.646229332639488091e-03 -2.782803649902344523e-01
1.744677495037789405e-01 -1.488870631851042514e-01 -3.092400903701781889e-01 -9.371591729547448790e-03 -1.765487648693508937e-01 -2.461375446319579996e-01 -2.755454662610253014e-02 3.427285163741463081e-01 -3.065544481277465705e-01 -6.234349144978149071e-02 1.263841631892926101e-02 -2.804754443168639977e-01
1.709865339137492946e-01 -1.357134377605068165e-01 -3.087078924179078032e-01 1.220176149499288543e-02 -2.009871189933189473e-01 -2.413753719329835012e-01 -2.814612604526360584e-02 3.525569292885010197e-01 -3.048913164138794540e-01 -6.348304639491583745e-02 1.986443109009100941e-02 -2.852461428642273367e-01
1.671001737479411997e-01 -1.228057125867390853e-01 -3.080789394378661838e-01 3.476907149232051630e-02 -2.242385231915203225e-01 -2.380255241394042542e-01 -2.818620108143543579e-02 3.614852134406481565e-01 -3.024999446868896213e-01 -6.336961854152194096e-02 2.939722582992274069e-02 -2.896617956161499086e-01
1.628994592005460484e-01 -1.104351103253006505e-01 -3.076405591964721520e-01 5.673925613729684236e-02 -2.468362379527529460e-01 -2.366876335144042776e-01 -2.758216103309100997e-02 3.694378167912051869e-01 -2.996741647720336799e-01 -6.458889224476196955e-02 3.852299318011502549e-02 -2.909170074462890110e-01
1.583448765376820611e-01 -9.872289304645387453e-02 -3.074988622665406068e-01 7.654450484377782471e-02 -2.693752741569069853e-01 -2.373917121887207382e-01 -2.673579068368475697e-02 3.771344353694752183e-01 -2.967614192962647057e-01 -6.702017769102201761e-02 4.701453252948623734e-02 -2.921471590995789458e-01
1.534733073443505236e-01 -8.765668380032132223e-02 -3.078059597015381788e-01 9.452018383003524260e-02 -2.900506491053592706e-01 -2.416731567382813251e-01 -2.585758171033185338e-02 3.792673328317389680e-01 -2.938922758102417987e-01 -6.924151253090929381e-02 5.618917144390814244e-02 -2.937086100578308878e-01
1.483024622501434298e-01 -7.720861840253340214e-02 -3.085582513809205230e-01 1.108433837495040458e-01 -3.103398892409658383e-01 -2.512556381225587443e-01 -2.384854807552951039e-02 3.757355466851622916e-01 -2.919748611450196929e-01 -7.134731891720240415e-02 6.676473833442277128e-02 -2.956514377593995602e-01
1.430394195626097376e-01 -6.754646815581549779e-02 -3.095408697128295694e-01 1.248526790450443374e-01 -3.308389782452595962e-01 -2.652265472412109193e-01 -2.095785796721016947e-02 3.686569075226762138e-01 -2.903039474487304483e-01 -7.292787790019868155e-02 7.802593403669397243e-02 -2.980185027122497221e-01
1.375733565413227721e-01 -5.851724424708006772e-02 -3.106008214950561341e-01 1.336177250000952776e-01 -3.457997060615155549e-01 -2.787490005493163947e-01 -1.932381035892237475e-02 3.584121373933911725e-01 -2.885554666519164480e-01 -7.398304048179080161e-02 8.953140617576987870e-02 -3.007052464485168164e-01
1.316969912955381627e-01 -4.981586056761924675e-02 -3.116020078659058057e-01 1.368758341899001252e-01 -3.552457403751171916e-01 -2.924161453247070552e-01 -1.880606810909570686e-02 3.446241500525175083e-01 -2.860409040451050156e-01 -7.464930766761904146e-02 1.010773331942447506e-01 -3.035149116516113743e-01
1.255021896535182813e-01 -4.160312131813229813e-02 -3.124681253433226336e-01 1.347185667021590372e-01 -3.605194793335227965e-01 -3.056419391632079208e-01 -1.902623617494722530e-02 3.267665203568875798e-01 -2.835315866470337065e-01 -7.532061776376661189e-02 1.126117386310898083e-01 -3.062875909805298225e-01
1.191093179613639530e-01 -3.348021424440172922e-02 -3.131769104003906401e-01 1.318359203882876751e-01 -3.606928708841357079e-01 -3.165617246627808190e-01 -1.051306848259803139e-02 3.057757302948063693e-01 -2.810886497497557812e-01 -7.597811066697113258e-02 1.241515427715893793e-01 -3.088784379959105819e-01
1.123519304021775300e-01 -2.533773140528650103e-02 -3.137493200302124419e-01 1.292704319373237931e-01 -3.551370245686252813e-01 -3.248709363937378747e-01 -2.843662768832778964e-03 2.824556964012157056e-01 -2.793319244384764866e-01 -7.839631009760009150e-02 1.354996435065384530e-01 -3.114425725936889044e-01
1.056040186238958178e-01 -1.776183375615830035e-02 -3.139448518753050754e-01 1.254225595365849322e-01 -3.456507553173062686e-01 -3.302928133010863410e-01 3.957122590900780112e-03 2.585474934103614286e-01 -2.788340396881102690e-01 -8.226943041747500351e-02 1.465827269820684509e-01 -3.137981433868407555e-01
9.938987264684780165e-02 -1.105207175006066300e-02 -3.138111801147461244e-01 1.212694673005229734e-01 -3.345407674500709416e-01 -3.337055273056030447e-01 1.003257313188270911e-02 2.335052845577874903e-01 -2.788517589569092237e-01 -8.631489972644718067e-02 1.574784939337468270e-01 -3.159838886260986635e-01
9.422912439798440676e-02 -5.446945146422209338e-03 -3.126161308288573637e-01 1.173299168379944996e-01 -3.231947813300293793e-01 -3.354197425842284641e-01 1.532655833162029080e-02 2.075102412223689963e-01 -2.784246368408204164e-01 -9.048255373665961554e-02 1.684216054951082897e-01 -3.182810134887695819e-01
9.062795998550721155e-02 -1.223229008050934208e-03 -3.096083707809448304e-01 1.135680171034421926e-01 -3.128231898298668434e-01 -3.362329835891723628e-01 1.987782623636115062e-02 1.825019687536074964e-01 -2.792617578506469966e-01 -9.484170029317573469e-02 1.792821877009293796e-01 -3.207517309188842591e-01
8.894276181896054734e-02 1.471324889252216550e-03 -3.035572166442871422e-01 1.097315647402485050e-01 -3.026295244654513272e-01 -3.369065494537353822e-01 2.426065414618024801e-02 1.571162308614571512e-01 -2.803857727050780291e-01 -9.947728752072118596e-02 1.895865815545907662e-01 -3.225245161056517484e-01
8.998025905782462697e-02 2.397134055372875105e-03 -2.923150701522828632e-01 1.057793715429640874e-01 -2.928859122873502252e-01 -3.372766942977907245e-01 2.856856295849873745e-02 1.317897346359291066e-01 -2.795375509262085778e-01 -1.043554688050013224e-01 1.992200325196020194e-01 -3.236766119003296471e-01
9.503844106482266241e-02 1.063941793054773433e-03 -2.767965240478515998e-01 1.016211226355236835e-01 -2.835470278425042956e-01 -3.374279184341431037e-01 3.235705397448132570e-02 1.096641961985173053e-01 -2.779239435195923202e-01 -1.093852311722443849e-01 2.081739398806781438e-01 -3.244216938018799068e-01
1.036525609844886620e-01 -1.815880715093302900e-03 -2.600766391754150697e-01 9.732302052299054984e-02 -2.746275924337640006e-01 -3.374241847991943932e-01 3.517341562677778199e-02 9.327580278657617019e-02 -2.780982322692870379e-01 -1.144247650611617817e-01 2.165626677713577697e-01 -3.249245662689208003e-01
1.151505870000648912e-01 -5.564841733660133571e-03 -2.444026870727538936e-01 9.277703766689054943e-02 -2.663769401407402038e-01 -3.374101371765136359e-01 3.705856360346479472e-02 8.149841163744075967e-02 -2.800328941345213707e-01 -1.193172412383017855e-01 2.234457132536649959e-01 -3.249949140548704651e-01
1.285483942340238384e-01 -9.502487830539647906e-03 -2.296541614532470743e-01 8.813322299675878380e-02 -2.583609347916051568e-01 -3.372805233001708869e-01 3.830068473283224778e-02 7.407718087292690379e-02 -2.834212608337402517e-01 -1.243878518588196480e-01 2.302397570136890115e-01 -3.249732608795166122e-01
1.427434122425224605e-01 -1.291639300746028063e-02 -2.185509986877441357e-01 8.349566907053225517e-02 -2.502191221590738812e-01 -3.371753807067870423e-01 3.852125767571767945e-02 7.295156263775076644e-02 -2.890439100265503880e-01 -1.297238062343301634e-01 2.373280318758056728e-01 -3.250415821075440248e-01
1.607478460110029483e-01 -1.744952019480483507e-02 -2.133948249816894904e-01 7.867720857018817293e-02 -2.421141621402554955e-01 -3.372280187606812030e-01 3.742044178096994023e-02 7.953242764337058179e-02 -2.966393656730652029e-01 -1.353312799327379135e-01 2.443735069121593662e-01 -3.250965185165405891e-01
1.815632949489353887e-01 -2.247153547761044506e-02 -2.126876373291015920e-01 7.360508849175854962e-02 -2.340790718179232566e-01 -3.373433465957642041e-01 3.586667435039338214e-02 8.777589650503882235e-02 -3.035642452239990519e-01 -1.414883841967523315e-01 2.511203434636240517e-01 -3.250104494094848695e-01
2.038616457673343985e-01 -2.732493869750562271e-02 -2.154507560729981286e-01 6.832555424350220119e-02 -2.261581646443707738e-01 -3.374211139678955917e-01 3.397544628595818017e-02 9.581229493506482342e-02 -3.081538696289062296e-01 -1.479121457745511958e-01 2.573365355526153198e-01 -3.244422168731689315e-01
2.272257353778337485e-01 -3.175530984676315505e-02 -2.207765884399414125e-01 6.293429024820572371e-02 -2.184610633081996434e-01 -3.373143024444580362e-01 3.141243157504505779e-02 1.041603092268613556e-01 -3.109260149002075480e-01 -1.542065389269838827e-01 2.628101663655831310e-01 -3.230629796981811519e-01
2.527704875362978276e-01 -3.611301148625899182e-02 -2.280543537139892440e-01 5.754958573606880345e-02 -2.109850246428464915e-01 -3.370035619735716748e-01 2.812504811612237185e-02 1.127971216643423868e-01 -3.124476189613342170e-01 -1.603611619355145845e-01 2.662911089243297780e-01 -3.210859699249267729e-01
2.746099257006933692e-01 -3.813645416908546110e-02 -2.382291145324707538e-01 5.222944831273073490e-02 -2.038165959246924785e-01 -3.363568086624145748e-01 2.371043150441273784e-02 1.214283888861527327e-01 -3.126933355331421027e-01 -1.658370618315065381e-01 2.677454820485089537e-01 -3.181075210571289169e-01
2.906937061568021230e-01 -3.701785240114291442e-02 -2.502901096343994602e-01 4.710065222127432505e-02 -1.969738695573194087e-01 -3.354331893920898811e-01 1.801851955467138194e-02 1.302169283028217772e-01 -3.133570070266724072e-01 -1.701477119018003359e-01 2.677886049300178817e-01 -3.141615648269653893e-01
2.994061983415050587e-01 -3.255613493173327433e-02 -2.637690181732178507e-01 4.215487606523802416e-02 -1.906158504963879896e-01 -3.342183418273926288e-01 1.109124265573171314e-02 1.388211340285353534e-01 -3.136699457168579674e-01 -1.735166788311059138e-01 2.658221108643809560e-01 -3.091105766296387003e-01
3.007623006124504617e-01 -2.523434681954940528e-02 -2.788742561340333825e-01 3.707708147380675556e-02 -1.849712077003602961e-01 -3.326322145462037860e-01 3.056265102655456034e-03 1.468317574467281339e-01 -3.129683847427368604e-01 -1.764616987621727418e-01 2.610156285495807138e-01 -3.014296836853027628e-01
2.950000700833531608e-01 -1.598539434036619356e-02 -2.959800882339478911e-01 3.185250876680435772e-02 -1.802836606050788604e-01 -3.306357831954957471e-01 -5.705033265190673220e-03 1.538662875417429188e-01 -3.120582885742188006e-01 -1.779989192691277811e-01 2.512611217701673505e-01 -2.905822772979736457e-01
2.834972175416766715e-01 -5.565958971015035062e-03 -3.101252527236937340e-01 2.634271011759872771e-02 -1.762962765259813713e-01 -3.283782548904418119e-01 -1.450267048880108517e-02 1.597718197347234026e-01 -3.114156742095947616e-01 -1.783711645586518180e-01 2.309206806873328466e-01 -2.776863880157470765e-01
2.737143031003372307e-01 4.318182930648513385e-03 -3.216839952468872332e-01 2.103304674965161478e-02 -1.728611770370095391e-01 -3.258268995285034109e-01 -2.306478074047720733e-02 1.646400616602306521e-01 -3.112222547531128258e-01 -1.783376729963877250e-01 2.035734019618712642e-01 -2.630606145858764844e-01
2.642671074602215842e-01 1.362582257716864892e-02 -3.272447366714479888e-01 1.618724726847744003e-02 -1.700676560049065311e-01 -3.230499382019045296e-01 -3.119165547521218773e-02 1.687231550963879945e-01 -3.114210004806519660e-01 -1.777527402358402009e-01 1.722759055283356044e-01 -2.472904891967774577e-01
2.560157305009558848e-01 2.230614533233324370e-02 -3.298703975677489963e-01 1.208351540609019920e-02 -1.679233107793985103e-01 -3.202419729232787726e-01 -3.946754924441590873e-02 1.725539971495439473e-01 -3.120683021545410107e-01 -1.767391702651622820e-01 1.384176276034454478e-01 -2.322864551544189249e-01
2.482301370660509876e-01 3.045368954400829234e-02 -3.307799930572509761e-01 9.255474363321733455e-03 -1.663013225398000672e-01 -3.175368423461913947e-01 -4.785667735469702200e-02 1.761143153114635151e-01 -3.132696123123169252e-01 -1.766699549643843126e-01 1.041398582622928837e-01 -2.214641399383545095e-01
2.405381464086699950e-01 3.841115786878522564e-02 -3.309527797698975649e-01 8.100313921182886526e-03 -1.650305581027766422e-01 -3.146217842102051465e-01 -5.663838817608550513e-02 1.793308319105250681e-01 -3.148923988342285929e-01 -1.773127432859828434e-01 7.044321773167308565e-02 -2.166677494049073227e-01
2.326206302827692474e-01 4.624433772893178640e-02 -3.312878293991088352e-01 8.331143703751722751e-03 -1.635734401722795384e-01 -3.115708847045897678e-01 -6.595975677305027096e-02 1.821780746044397437e-01 -3.167559022903442822e-01 -1.785539086434103084e-01 3.681737724764000408e-02 -2.178330345153808856e-01
2.243905530903428369e-01 5.401031879233090388e-02 -3.325147457122803463e-01 1.027048723857121662e-02 -1.614157984424955672e-01 -3.090081710815430482e-01 -7.597836977638636191e-02 1.846301294360598033e-01 -3.187089366912842503e-01 -1.802735454762582346e-01 4.198534723461447293e-03 -2.239563865661621800e-01
2.160080414419593975e-01 6.160278169585610419e-02 -3.337741823196411217e-01 1.443470318791899298e-02 -1.583358342703972688e-01 -3.070246810913085933e-01 -8.678501229407015183e-02 1.865330023016797401e-01 -3.204023427963257897e-01 -1.815815298486257445e-01 -2.658513524541536444e-02 -2.331997222900391853e-01
2.075183239340109287e-01 6.898971850840344977e-02 -3.346652669906615141e-01 2.134087086651877824e-02 -1.541327338252176660e-01 -3.053072328567503768e-01 -9.820617461454497765e-02 1.877750073943023068e-01 -3.217635793685911794e-01 -1.823548199762544120e-01 -5.407750257157874912e-02 -2.457552022933959524e-01
1.989491530326409907e-01 7.619781897618500832e-02 -3.352738828659058146e-01 3.109481341457892567e-02 -1.486423959189205612e-01 -3.040248508453369247e-01 -1.098104955084742845e-01 1.883206023899428316e-01 -3.228813142776489897e-01 -1.821446995579650840e-01 -7.928049785891852497e-02 -2.584174652099609504e-01
1.904611597753800012e-01 8.318433993529368575e-02 -3.356118459701537549e-01 4.360560972681755409e-02 -1.411912748704614584e-01 -3.031636543273925621e-01 -1.213135911631718078e-01 1.880771164544885465e-01 -3.236525363922118648e-01 -1.817372555982550153e-01 -1.016526098330071404e-01 -2.695181484222411439e-01
1.819008051846754126e-01 9.014073319692608721e-02 -3.356497354507445019e-01 5.841670693864331465e-02 -1.327755407433443280e-01 -3.021188373565672491e-01 -1.322957800316479082e-01 1.872914235491023038e-01 -3.242139024734496666e-01 -1.823487302132351107e-01 -1.178650374047981453e-01 -2.793904657363891486e-01
1.731799781319923737e-01 9.692166172977889627e-02 -3.354640502929688850e-01 7.502171104654400957e-02 -1.231223994964749935e-01 -3.003386230468751417e-01 -1.429271617229046498e-01 1.858679317462262337e-01 -3.247910614013673203e-01 -1.843394929561965045e-01 -1.262770575619498459e-01 -2.894102258682252349e-01
1.643878478553110201e-01 1.034458200370098613e-01 -3.350755424499510804e-01 9.288372175965223243e-02 -1.115156080304518377e-01 -2.972080488204955073e-01 -1.533633527880719494e-01 1.836645681363688332e-01 -3.254145259857177952e-01 -1.878824798234847160e-01 -1.308550804528338385e-01 -2.978404684066772168e-01
1.555051584621115479e-01 1.098405174831559999e-01 -3.345629472732543630e-01 1.116703327144203950e-01 -9.793910313112992594e-02 -2.935373897552489564e-01 -1.637272892358519749e-01 1.805309475374076156e-01 -3.259835071563721431e-01 -1.919875055984189838e-01 -1.323536083822949572e-01 -3.048904724121094256e-01
1.466056052187124925e-01 1.160173684878830769e-01 -3.339467973709106530e-01 1.318177258055326373e-01 -8.269977089223655431e-02 -2.904053659439087554e-01 -1.739440022543938258e-01 1.764833705526774321e-01 -3.264145870208740585e-01 -1.977559788400959917e-01 -1.315080632567760532e-01 -3.124898595809936785e-01
1.378010160239288018e-01 1.218755869137442271e-01 -3.332671327590943089e-01 1.515358706550568590e-01 -6.542211526284526235e-02 -2.874618597030640377e-01 -1.831528191973970099e-01 1.709900214859107481e-01 -3.260808105468749885e-01 -2.033609825024443318e-01 -1.288787923200135077e-01 -3.191613502502441135e-01
1.289931579920791660e-01 1.273716442226277834e-01 -3.323594589233399010e-01 1.709986201089840063e-01 -4.581650217310941076e-02 -2.853120155334473163e-01 -1.885423616143462322e-01 1.702832932380211883e-01 -3.249971456527710467e-01 -2.070958390818410655e-01 -1.251946045421231668e-01 -3.228057785034180172e-01
1.201874381148563542e-01 1.323715903710797059e-01 -3.311776847839356108e-01 1.895806962683340424e-01 -2.366112360839311979e-02 -2.839560813903809766e-01 -1.905245596019529419e-01 1.756440270079022703e-01 -3.228461236953736324e-01 -2.099683906699131297e-01 -1.213128979777235161e-01 -3.245405693054200236e-01
1.115797372855252267e-01 1.366069014571056894e-01 -3.302804679870605664e-01 2.071981970227473047e-01 -1.780477973621630294e-05 -2.835466499328613277e-01 -1.928077927788872659e-01 1.799157257865426629e-01 -3.198957366943357972e-01 -2.124292469879120182e-01 -1.184004833652663180e-01 -3.250385494232176375e-01
1.033560101268251041e-01 1.401159343125614742e-01 -3.296887893676756498e-01 2.234022217896327045e-01 2.547472512439924452e-02 -2.852573032379149276e-01 -1.954401493112855048e-01 1.815403499395759623e-01 -3.160241670608520681e-01 -2.147914144968601780e-01 -1.160060198764535921e-01 -3.247955913543701389e-01
9.560541401151878560e-02 1.429317558956926526e-01 -3.292315931320190514e-01 2.389324452808007648e-01 5.230206302127972384e-02 -2.886166448593139866e-01 -1.982940911706559395e-01 1.794543199894260144e-01 -3.110030527114868715e-01 -2.176331694989691035e-01 -1.130583182749852061e-01 -3.245176572799682857e-01
8.826124768588422542e-02 1.450826423841732327e-01 -3.288725585937500862e-01 2.517105259294761255e-01 7.873921742527270617e-02 -2.922866125106812207e-01 -2.016847127706021536e-01 1.726342558290984430e-01 -3.050010652542115008e-01 -2.209209762785995790e-01 -1.097082997579475194e-01 -3.244491596221924512e-01
8.148296874855454064e-02 1.464928845695288306e-01 -3.285973997116088952e-01 2.588846908447410833e-01 1.029276198799924519e-01 -2.950420923233032511e-01 -2.058327032014221625e-01 1.599300796075121822e-01 -2.980792732238769505e-01 -2.245969589140528744e-01 -1.063385433446085160e-01 -3.245999164581299112e-01
7.504829885333227923e-02 1.474864887024903148e-01 -3.284074420928955185e-01 2.620956462064379933e-01 1.236777739605894044e-01 -2.984332342147827388e-01 -2.101420572096942274e-01 1.405371771633184830e-01 -2.893757171630860769e-01 -2.283233123662342101e-01 -1.034088696877117630e-01 -3.247186965942384096e-01
6.901840335906389567e-02 1.480892585865822009e-01 -3.282205553054809988e-01 2.628733632431139999e-01 1.409404263813578972e-01 -3.024827260971069687e-01 -2.151832084559747449e-01 1.186834231218246993e-01 -2.799909038543700324e-01 -2.321146815054785928e-01 -1.011334925332420115e-01 -3.247908563613891020e-01
6.318780087680028745e-02 1.484524216384147943e-01 -3.279526109695434788e-01 2.611251132890340942e-01 1.549682723865639655e-01 -3.066904277801513756e-01 -2.138955359655728694e-01 1.076994627910482782e-01 -2.704320497512817667e-01 -2.357167350903580649e-01 -9.949743538817698574e-02 -3.247333784103393906e-01
5.759145087022074505e-02 1.484639283052190395e-01 -3.278296966552733949e-01 2.563069425692868775e-01 1.642950752703696560e-01 -3.116820354461669607e-01 -2.090500478114078464e-01 1.009147772926910769e-01 -2.622281188964842302e-01 -2.391329227785493061e-01 -9.818691618108855990e-02 -3.247637195587156911e-01
5.270499730499236118e-02 1.477851009105907165e-01 -3.278393907546996999e-01 2.468339003758209804e-01 1.676739488718606008e-01 -3.173147315979004124e-01 -2.042705126954845740e-01 9.387637532197110057e-02 -2.576773424148559588e-01 -2.424036173782745385e-01 -9.748466305860864489e-02 -3.250177116394042942e-01
4.822137633978536286e-02 1.468297527321412721e-01 -3.279563302993774299e-01 2.346834567869356403e-01 1.695480936488486801e-01 -3.226716012954711776e-01 -2.005344582652361651e-01 8.696959187661908175e-02 -2.586476058959961688e-01 -2.455474149210809809e-01 -9.703273596005139445e-02 -3.255626363754273167e-01
4.339203366959763775e-02 1.459831736627338339e-01 -3.282499618530273500e-01 2.266321397172414709e-01 1.708621305569033022e-01 -3.276122350692748930e-01 -1.974494185165952265e-01 8.021322049878540361e-02 -2.634573860168457071e-01 -2.485774748634198839e-01 -9.646625791127344529e-02 -3.263355846405029403e-01
3.817989660476980157e-02 1.451654069063364472e-01 -3.286711807250975448e-01 2.210478248357810593e-01 1.717393938506175943e-01 -3.319656009674071262e-01 -1.938905952713163572e-01 7.351536120045076839e-02 -2.707989044189453853e-01 -2.516806731202587688e-01 -9.584113318861554875e-02 -3.271474571228028538e-01
3.294598339591721381e-02 1.441794262690080652e-01 -3.291262407302856241e-01 2.171918873029176633e-01 1.721083697159593306e-01 -3.357885141372680682e-01 -1.915611888636448989e-01 6.711154494168589113e-02 -2.797741241455077854e-01 -2.548627037879903079e-01 -9.540380507184098580e-02 -3.278817291259765732e-01
2.780193009067147281e-02 1.426843281043529421e-01 -3.295831317901611324e-01 2.145941853342521188e-01 1.715945582597366847e-01 -3.390484066009521458e-01 -1.929732919927964474e-01 6.080891042160067178e-02 -2.910310001373291322e-01 -2.581143981010644017e-01 -9.571002511968527970e-02 -3.288657207489013579e-01
2.274312434190831761e-02 1.404318669311529766e-01 -3.297839803695678529e-01 2.115929640903045639e-01 1.702472157250723428e-01 -3.413434095382690270e-01 -1.970746179146870281e-01 5.395944838219107753e-02 -3.000346918106078786e-01 -2.610851315691228858e-01 -9.683996217729037848e-02 -3.297472114562988166e-01
1.784489258078691271e-02 1.376533423475511664e-01 -3.297433156967163881e-01 2.080116255160388561e-01 1.684277719757875103e-01 -3.429487438201905269e-01 -2.041081311080518434e-01 4.636760649495697689e-02 -3.058057851791382564e-01 -2.633328907757596093e-01 -9.862209418886047629e-02 -3.302268190383911839e-01
1.349775173517381299e-02 1.344009404235513849e-01 -3.294837684631348185e-01 2.040942399319393419e-01 1.661145134167553161e-01 -3.441928071975708381e-01 -2.123763490904165552e-01 3.799987187057319443e-02 -3.105768222808839574e-01 -2.655668160724911075e-01 -1.008205873069068642e-01 -3.303834791183473119e-01
9.698749874731411869e-03 1.310762547747580942e-01 -3.288415117263794318e-01 2.002629995414176023e-01 1.635595260321554834e-01 -3.450640792846679794e-01 -2.204424113397204232e-01 2.898455253489938196e-02 -3.141067380905151474e-01 -2.677619332235147143e-01 -1.039615198459140633e-01 -3.302166862487793120e-01
6.581524387257002562e-03 1.282031979774489738e-01 -3.278795833587646591e-01 1.968317966194199631e-01 1.607535403052277323e-01 -3.456278009414673336e-01 -2.285854366548622230e-01 1.930280159512968302e-02 -3.178269834518432924e-01 -2.699308206848411440e-01 -1.078674146282360136e-01 -3.297696180343628325e-01
4.090454778953520054e-03 1.258419977028785164e-01 -3.265335006713865895e-01 1.937476907548013882e-01 1.576861897714467720e-01 -3.458373184204100448e-01 -2.355726801671568227e-01 9.500869096641169353e-03 -3.214539690017699236e-01 -2.718012501493456412e-01 -1.121956386966362906e-01 -3.284793777465819242e-01
2.101471800983370497e-03 1.240885498430261552e-01 -3.246650953292846697e-01 1.908839501497652247e-01 1.544940823460725920e-01 -3.456804151535034508e-01 -2.410352774238819218e-01 -2.312747696163533484e-04 -3.241485900878906534e-01 -2.728391491458379003e-01 -1.174459355305171038e-01 -3.258317966461181658e-01
7.110001060931930850e-04 1.232921122512213724e-01 -3.223405475616455962e-01 1.881104453947345378e-01 1.512746172553228463e-01 -3.451159591674805571e-01 -2.452813142395639245e-01 -9.612408312487129292e-03 -3.254541177749634695e-01 -2.704129236126037172e-01 -1.237748881169552784e-01 -3.217966718673707094e-01
9.502394950262893492e-05 1.242702394987262593e-01 -3.192062873840332826e-01 1.852732566375744905e-01 1.482133841118309925e-01 -3.440570659637451900e-01 -2.489566077733086913e-01 -1.870666685404628882e-02 -3.254607410430908621e-01 -2.615558063545608269e-01 -1.316298644008945529e-01 -3.159217424392700702e-01
3.643409773054773204e-05 1.270678430336439069e-01 -3.151412601470947594e-01 1.822075855541526179e-01 1.454945992867251736e-01 -3.423319263458252104e-01 -2.523794568815338479e-01 -2.734983348035775058e-02 -3.246633167266844699e-01 -2.489429505367522222e-01 -1.424366659611413510e-01 -3.085986204147337930e-01
4.762604665413672222e-04 1.318386594453186955e-01 -3.097827405929566846e-01 1.789084062573895739e-01 1.430613687927987099e-01 -3.400725860595704142e-01 -2.556195291333746566e-01 -3.543159085248959173e-02 -3.233882780075073571e-01 -2.289134718840140081e-01 -1.552619428206328256e-01 -3.010998935699463197e-01
1.397772586830089980e-03 1.387781109484217956e-01 -3.032239980697633008e-01 1.753303706713830179e-01 1.408766569420415449e-01 -3.374223823547364831e-01 -2.587112153445313423e-01 -4.271007875300491391e-02 -3.215361137390138069e-01 -1.999048705926391722e-01 -1.674794721145709264e-01 -2.940137548446656868e-01
2.997773465770424417e-03 1.489163099287278968e-01 -2.963904399871827300e-01 1.714169287735633207e-01 1.390483565719352610e-01 -3.346657915115357484e-01 -2.617688070958198998e-01 -4.911789200235745084e-02 -3.195108814239502881e-01 -1.613417438062247911e-01 -1.762036088373366838e-01 -2.864771814346314116e-01
5.237392602266154051e-03 1.627384785316456917e-01 -2.895063943862915545e-01 1.671698586082584481e-01 1.372023154168674486e-01 -3.318800611495972275e-01 -2.649707248815465488e-01 -5.478455209283637078e-02 -3.174683542251586221e-01 -1.228732207938295906e-01 -1.813115221541078959e-01 -2.823649663925170139e-01
7.578066395779937958e-03 1.798377252092153156e-01 -2.834172744750977357e-01 1.625273904173034911e-01 1.352929252618723099e-01 -3.293038721084595721e-01 -2.683338994373706266e-01 -6.005655384309606382e-02 -3.155813188552857307e-01 -8.435374121979419271e-02 -1.811783315283388984e-01 -2.806515283584595233e-01
9.417515561992120809e-03 1.997457283738368616e-01 -2.784572048187256010e-01 1.573301359582618963e-01 1.333117516152196314e-01 -3.271577758789062651e-01 -2.719185620813548976e-01 -6.539591021320176334e-02 -3.140877552032471098e-01 -4.652650387386191022e-02 -1.791242196599784897e-01 -2.790059537887573660e-01
1.039806831057864256e-02 2.210174935797084295e-01 -2.748240585327148544e-01 1.516866364680142798e-01 1.311790655149273621e-01 -3.252827377319336133e-01 -2.755975028567519414e-01 -7.151138442563043096e-02 -3.128468389511107062e-01 -1.108009486082590922e-02 -1.754863997345334770e-01 -2.773788948059081050e-01
1.032481542715080886e-02 2.430459903996089466e-01 -2.726357908248901452e-01 1.456968401087245513e-01 1.287806684220211828e-01 -3.236494750976562362e-01 -2.790751451409445028e-01 -7.907442252381953474e-02 -3.119468469619752216e-01 1.914996931061667407e-02 -1.717600823948783884e-01 -2.781925101280213752e-01
8.715987348376828814e-03 2.654554943180616466e-01 -2.727532072067260782e-01 1.393879160254781202e-01 1.260321615935895978e-01 -3.221741409301757675e-01 -2.818512136310266092e-01 -8.859526661031597028e-02 -3.112922735214233572e-01 4.247864460586973923e-02 -1.668628113372508381e-01 -2.806966109275818022e-01
5.308964023755878558e-03 2.870550626845419506e-01 -2.735132474899292232e-01 1.326645477279741192e-01 1.228238726168981859e-01 -3.207462329864502748e-01 -2.837965389538146810e-01 -9.972368758255092946e-02 -3.107686157226561829e-01 5.752703236185413571e-02 -1.620957961509414125e-01 -2.844302744865416788e-01
6.186819446184280147e-04 3.077953446429659845e-01 -2.758730287551880433e-01 1.258284047050906018e-01 1.190718769577869540e-01 -3.192920465469361035e-01 -2.843460229626028068e-01 -1.127660678555425511e-01 -3.100403614044189848e-01 6.501745899931017647e-02 -1.582289757343805225e-01 -2.881750483512878769e-01
-5.609082978106708084e-03 3.254742514054972391e-01 -2.787371654510499286e-01 1.190099458213035449e-01 1.148467674784096199e-01 -3.177800483703614454e-01 -2.859491425133949827e-01 -1.223611720790553359e-01 -3.088209171295164812e-01 6.815618819253616012e-02 -1.565838877404179541e-01 -2.898760218620299312e-01
-1.332392339410296694e-02 3.385895944410863834e-01 -2.812252016067505189e-01 1.123541038586740731e-01 1.100798671546088653e-01 -3.163034315109253258e-01 -2.914747713295620657e-01 -1.261182334944430106e-01 -3.071955175399779248e-01 6.712436839044147452e-02 -1.587241470656362841e-01 -2.923118848800658198e-01
-2.152839088080696003e-02 3.481699737059980593e-01 -2.847106952667237123e-01 1.059188684236720412e-01 1.047452960688663309e-01 -3.148113555908203520e-01 -2.963287132371625887e-01 -1.306961532926819713e-01 -3.050881071090698615e-01 6.368756784448337260e-02 -1.639253017313964111e-01 -2.955760593414307191e-01
-2.932350406818463179e-02 3.534730408644013999e-01 -2.888042659759521569e-01 9.983450320600729955e-02 9.881377379774648750e-02 -3.132139129638671915e-01 -3.007340408703510493e-01 -1.359779561336262321e-01 -3.023762960433959979e-01 6.110765513866554116e-02 -1.709103822597455302e-01 -2.978876872062683479e-01
-3.676161237601624499e-02 3.536754499714928057e-01 -2.931635303497314160e-01 9.385039974205033886e-02 9.201990714204594246e-02 -3.116824407577514777e-01 -3.041228218465482636e-01 -1.418297292580713020e-01 -2.990507574081420761e-01 5.771860424393678718e-02 -1.780339925511655319e-01 -2.988032503128051909e-01
-4.346737156805942359e-02 3.483691991044678971e-01 -2.973798770904542144e-01 8.835642151920462817e-02 8.447125193833096568e-02 -3.102218885421754169e-01 -3.042889402676294264e-01 -1.473113748471889806e-01 -2.952755994796754102e-01 5.342165557562751632e-02 -1.845959061971693127e-01 -2.993295092582703987e-01
-4.983055424389533361e-02 3.401815835426537094e-01 -3.006636686325074304e-01 8.357664025100415561e-02 7.662624377693620648e-02 -3.090557355880738100e-01 -2.995058995138169533e-01 -1.548853660759446083e-01 -2.915103693008423424e-01 4.934777256767362841e-02 -1.917462701897407751e-01 -3.000740404129029204e-01
-5.569738694426590309e-02 3.306753895424110468e-01 -3.028603239059448615e-01 7.932532801028670255e-02 6.890962218587876054e-02 -3.079336614608765288e-01 -2.881872208091711962e-01 -1.677831846447812025e-01 -2.879427738189696551e-01 4.552584102772834485e-02 -1.997319140206242905e-01 -3.012100906372069398e-01
-6.094394697540771871e-02 3.195722948740797875e-01 -3.044918174743653227e-01 7.582369676359425326e-02 6.183602188334262617e-02 -3.067761964797974250e-01 -2.708498629722208006e-01 -1.854275756964194610e-01 -2.840031309127808434e-01 4.204035576427433973e-02 -2.082643634129639210e-01 -3.025480432510376794e-01
-6.549252068511365876e-02 3.082274604828126319e-01 -3.058152933120727446e-01 7.394210372786250152e-02 5.534735428230934395e-02 -3.054459543228149609e-01 -2.494547199284248284e-01 -2.047249814028347381e-01 -2.785591382980345254e-01 3.888968691375163655e-02 -2.171794517163331273e-01 -3.037734575271605064e-01
-6.981035337397167861e-02 2.971861781841525496e-01 -3.069701213836670828e-01 7.363791043789669200e-02 5.071899529980497534e-02 -3.042420883178711954e-01 -2.258051297953866665e-01 -2.233255456442066467e-01 -2.711970634460450502e-01 3.600484550974278330e-02 -2.260637042226132654e-01 -3.047275753021241318e-01
-7.423376384120458638e-02 2.866203630169890659e-01 -3.078692312240600693e-01 7.278394184514268284e-02 4.831427059807676117e-02 -3.027051181793212753e-01 -2.008022257415566503e-01 -2.379283467783316897e-01 -2.623361558914184544e-01 3.315251416965551978e-02 -2.347859787595166225e-01 -3.053024787902832160e-01
-7.855216089870371843e-02 2.762839448527267816e-01 -3.085388822555540367e-01 7.082177869102118661e-02 4.955223045578851376e-02 -3.002489633560179172e-01 -1.853272397791385917e-01 -2.409655332093201541e-01 -2.533848018646239764e-01 3.018590902069054338e-02 -2.433472215929597948e-01 -3.056282920837402051e-01
-8.294482947700831943e-02 2.659766351645507787e-01 -3.086917467117309966e-01 6.711256158420533802e-02 5.514839745812761401e-02 -2.904442329406738965e-01 -1.754944746706605108e-01 -2.366758150833578878e-01 -2.449337596893310653e-01 2.706396024414865764e-02 -2.517999123192686817e-01 -3.053790683746337442e-01
-8.700353958806900101e-02 2.558118725342220512e-01 -3.082238597869872421e-01 6.583982061721378731e-02 7.070664140740609560e-02 -2.735925884246825368e-01 -1.652780411097300173e-01 -2.306065561871458447e-01 -2.376941223144530269e-01 2.401519072148954048e-02 -2.601492958379949538e-01 -3.043794937133788014e-01
-9.049805105798926219e-02 2.458972970417208359e-01 -3.072789735794068111e-01 6.607041108019018338e-02 9.383727911645446673e-02 -2.608285493850708292e-01 -1.544516462642046561e-01 -2.227246496225938344e-01 -2.333569355010986779e-01 2.111151492250520900e-02 -2.685332241466825143e-01 -3.029170436859131565e-01
-9.348391247230916634e-02 2.361576080223008745e-01 -3.059682340621948660e-01 6.462895638235874318e-02 1.207690976775514652e-01 -2.501343173980712931e-01 -1.422179220557419355e-01 -2.103540521970062582e-01 -2.313029403686523433e-01 1.831246658346062650e-02 -2.770132405604175396e-01 -3.012638492584228667e-01
-9.583817150408600882e-02 2.267154053720160933e-01 -3.044668836593628636e-01 6.050798191293860900e-02 1.491876663504074496e-01 -2.413238925933838264e-01 -1.292616563430570298e-01 -1.936272250325542787e-01 -2.304066104888916611e-01 1.550596881005987526e-02 -2.855614800392670127e-01 -2.997909660339355686e-01
-9.746726966574925655e-02 2.177670702386296786e-01 -3.029979677200316801e-01 5.655638610805524547e-02 1.786725503971725026e-01 -2.367310352325439071e-01 -1.173616817273361035e-01 -1.760342810850154260e-01 -2.314883537292481142e-01 1.256439072144049929e-02 -2.940253762796082304e-01 -2.987351865768433368e-01
-9.850214577583787934e-02 2.093417250978745758e-01 -3.017084999084473362e-01 5.245174218551663936e-02 2.088852639884967721e-01 -2.372802181243897357e-01 -1.065490420479290046e-01 -1.574019634434489223e-01 -2.336890525817871822e-01 9.392211986361934106e-03 -3.022069873357532410e-01 -2.980475158691406889e-01
-9.905119494243597167e-02 2.013929503175638513e-01 -3.007133932113647545e-01 4.992642064627308973e-02 2.390565978842647821e-01 -2.437245864868164413e-01 -9.700417941198033467e-02 -1.381155685892503926e-01 -2.367311115264892907e-01 6.109342545915580347e-03 -3.099419921068554684e-01 -2.976221723556519150e-01
-9.910672439140941203e-02 1.937194890516960588e-01 -3.000608940124512847e-01 4.953208405187811691e-02 2.684888664304598271e-01 -2.534449501037598917e-01 -8.881795208692279397e-02 -1.188508742688733910e-01 -2.412074012756348640e-01 2.787710120036895889e-03 -3.177067223335505730e-01 -2.976200551986695197e-01
-9.869301266086455415e-02 1.862430367631918993e-01 -2.997344036102296272e-01 5.399050047257571150e-02 2.964432385549738980e-01 -2.654487915039063783e-01 -8.167101058316063311e-02 -9.963236983976708760e-02 -2.459952373504639134e-01 -5.091305191908812589e-04 -3.258839723384685527e-01 -2.979922122955322439e-01
-9.812814587832872915e-02 1.787195610273770718e-01 -2.994703407287598318e-01 6.650494015589926422e-02 3.224577983491360711e-01 -2.755463762283325568e-01 -7.588139518225431313e-02 -8.246638483698738586e-02 -2.517796344757080584e-01 -3.670906008117549857e-03 -3.345058859831288034e-01 -2.984962911605835711e-01
-9.711256288621122890e-02 1.713832850517605089e-01 -2.990234060287474960e-01 7.604590426401680592e-02 3.317466875735631260e-01 -2.822737092971801531e-01 -7.102047153196386353e-02 -6.667685895216583780e-02 -2.582845373153687119e-01 -6.699517985483890992e-03 -3.435779573756729266e-01 -2.987374610900879746e-01
-9.568359679089248615e-02 1.642429690814534438e-01 -2.983298130035400009e-01 8.083438490533453868e-02 3.333389043976476285e-01 -2.939582366943359060e-01 -6.728106656583690559e-02 -5.399766633216191575e-02 -2.638329119682312762e-01 -9.666870350545614388e-03 -3.528706869796357504e-01 -2.985682315826416744e-01
-9.400704295518988451e-02 1.573195467861797370e-01 -2.973299617767334313e-01 8.251547146408026723e-02 3.298194184114877081e-01 -3.046504230499267885e-01 -6.503579856706837026e-02 -4.632873070266455007e-02 -2.674442071914673313e-01 -1.280977574920159900e-02 -3.623605305169168567e-01 -2.980213136672973939e-01
-9.234229423491087385e-02 1.508149284335870421e-01 -2.960040063858032644e-01 8.258999476223266578e-02 3.226928232449773892e-01 -3.096735639572144039e-01 -6.484556538225423605e-02 -4.570633608373421419e-02 -2.710379714965820419e-01 -1.611906687256681181e-02 -3.720977327853097205e-01 -2.970490093231201723e-01
-9.074858922028877783e-02 1.444737792544183719e-01 -2.943068380355834401e-01 8.080179579985330429e-02 3.123196547381754673e-01 -3.115362520217894726e-01 -6.702359524646320232e-02 -5.352111630976698342e-02 -2.774113817214965971e-01 -1.956165847083607412e-02 -3.816867907816228200e-01 -2.955552358627319687e-01
-8.882101712110855585e-02 1.380731087225516296e-01 -2.923600215911865141e-01 7.807805842232581894e-02 3.004396280325230539e-01 -3.120367045402526740e-01 -7.035775770822244590e-02 -6.575215234337286607e-02 -2.834920496940612766e-01 -2.297238603880033536e-02 -3.910660144696871954e-01 -2.936947174072265798e-01
-8.612476651071618305e-02 1.318326467937263324e-01 -2.901782341003418253e-01 7.490761603136342206e-02 2.890762887741654685e-01 -3.119016904830932968e-01 -7.338293139399348908e-02 -7.719396798015208672e-02 -2.856838126182556503e-01 -2.571452930938759873e-02 -4.002824089878790903e-01 -2.915212125778198771e-01
-8.270230439415929280e-02 1.262510373488043847e-01 -2.875683040618896569e-01 7.198892522988188658e-02 2.780386096930345108e-01 -3.118998713493347230e-01 -7.588571343260024082e-02 -8.740547389587355331e-02 -2.857349104881286572e-01 -2.784658978396391260e-02 -4.084072709452716832e-01 -2.890492362976074259e-01
-8.063424632364558919e-02 1.210717972115972207e-01 -2.849203891754151785e-01 6.958303883260447131e-02 2.673208053903081693e-01 -3.119252414703370113e-01 -7.832155740966602331e-02 -9.758721524319181884e-02 -2.855979676246644394e-01 -2.950882998777418220e-02 -4.149246927561685006e-01 -2.862954111099244581e-01
-8.222641670040345407e-02 1.167035715807687862e-01 -2.819367666244506632e-01 6.739211357303391547e-02 2.571240275133859776e-01 -3.115632362365722829e-01 -8.059914942399756810e-02 -1.076379305726820751e-01 -2.863090367317199791e-01 -3.087290417804282316e-02 -4.192240853988719596e-01 -2.834472675323486679e-01
-8.187264003226965570e-02 1.162545728711769366e-01 -2.768040246963501261e-01 6.561594639351187030e-02 2.473774518994972527e-01 -3.112891216278076412e-01 -8.247978829607423290e-02 -1.177123688072427982e-01 -2.873631806373596054e-01 -3.236658493381022739e-02 -4.209036411601793648e-01 -2.810325212478637646e-01
-8.085243723443441555e-02 1.193859798247298293e-01 -2.715748424530030070e-01 6.419553639837810577e-02 2.381679775053939241e-01 -3.112863130569458736e-01 -8.387495473366482490e-02 -1.276292827444469036e-01 -2.883336133956909686e-01 -3.462579057982390074e-02 -4.185963017529498176e-01 -2.793373603820801243e-01
-7.947174565875680941e-02 1.255055139642039796e-01 -2.674696607589722164e-01 6.297344477093072546e-02 2.296844385247508447e-01 -3.119066781997681392e-01 -8.445971155156224708e-02 -1.372198202339569573e-01 -2.899134654998778982e-01 -3.694427690566278594e-02 -4.110101642584884640e-01 -2.786013240814208536e-01
-7.743354522753650993e-02 1.346357380776195545e-01 -2.636651344299316690e-01 6.185557830761959086e-02 2.219403035073070352e-01 -3.129648847579956650e-01 -8.438299295401882616e-02 -1.462368330149819984e-01 -2.919619913101196840e-01 -3.878824491448084472e-02 -3.985551771126104037e-01 -2.777717561721801953e-01
-7.497335408746885754e-02 1.476096850253974246e-01 -2.598591060638428818e-01 6.066727091253117793e-02 2.148753710605536549e-01 -3.139904804229737278e-01 -8.368535980400082508e-02 -1.545791595946925390e-01 -2.939133949279785218e-01 -2.989629369688766303e-02 -3.842141495503835769e-01 -2.757927961349487256e-01
-7.232090387722722724e-02 1.653753178477196384e-01 -2.560201377868652761e-01 5.925819768527286480e-02 2.085312016367821264e-01 -3.146830720901490075e-01 -8.255287427831689562e-02 -1.621474127048640468e-01 -2.953645915985108061e-01 -2.026063968434330814e-02 -3.652215013233729990e-01 -2.727892084121704697e-01
-6.783183128725886468e-02 1.858699166776001666e-01 -2.526859207153319686e-01 5.777192847836612466e-02 2.028768746854126837e-01 -3.151137847900389866e-01 -8.070747285568856400e-02 -1.690891364797544871e-01 -2.964039821624755433e-01 -9.598643122066659317e-03 -3.410904160881103042e-01 -2.693867750167845965e-01
-6.566359291654741415e-02 2.076370652982692244e-01 -2.505066604614256676e-01 5.622926694681162213e-02 1.976627468423680922e-01 -3.154254074096678462e-01 -7.812338196911645938e-02 -1.755327055998440189e-01 -2.971893138885497998e-01 2.122144884550522526e-03 -3.093558439795733861e-01 -2.653400535583495534e-01
-6.312814434305404065e-02 2.301298606781624623e-01 -2.498305816650391309e-01 5.479841455117930721e-02 1.926499171472449701e-01 -3.156656618118286461e-01 -7.524765921653918388e-02 -1.815194372882377449e-01 -2.979075975418091216e-01 1.323567030609310025e-02 -2.726642197162525982e-01 -2.605460233688354776e-01
-5.944215270055720757e-02 2.532169935295419116e-01 -2.514229030609130833e-01 5.348826526987125046e-02 1.878182831200323477e-01 -3.159577293395996467e-01 -7.315381284346189616e-02 -1.869611670649485025e-01 -2.986299247741699414e-01 2.272343637338651232e-02 -2.341729893272656848e-01 -2.552283878326416233e-01
-5.201930382085408894e-02 2.775486233343541498e-01 -2.555349273681641886e-01 5.237461953311790125e-02 1.830997935501615104e-01 -3.161892528533936653e-01 -7.640550817779746817e-02 -1.915982146495775751e-01 -2.993574638366699459e-01 3.030069040995823568e-02 -1.956531332245813048e-01 -2.525001258850098074e-01
-4.422255539706973493e-02 2.986963945550203947e-01 -2.579654235839844434e-01 5.346238223483842922e-02 1.782321356484821984e-01 -3.165980978012085667e-01 -7.947935750646384356e-02 -1.963053503590507509e-01 -3.003146953582764289e-01 3.571966245845119292e-02 -1.622337344553460292e-01 -2.571512527465821263e-01
-3.537070608321706000e-02 3.182775726043626241e-01 -2.592441101074218768e-01 5.802959893397226232e-02 1.729080854439639103e-01 -3.171128911972045383e-01 -8.255391726836190658e-02 -2.011232075872849689e-01 -3.014579315185546560e-01 3.939268772859738643e-02 -1.339129363694503416e-01 -2.700954933166503924e-01
-2.553800926878824207e-02 3.359276673787229273e-01 -2.593364639282226269e-01 6.236160074623683242e-02 1.670056385422666323e-01 -3.178204507827758762e-01 -8.571348465054892674e-02 -2.061127045901072485e-01 -3.028319473266601336e-01 4.190284726119143655e-02 -1.102129216602250883e-01 -2.860869617462158399e-01
-1.474471693211828333e-02 3.510459865355806675e-01 -2.589794845581055438e-01 6.648525205244606995e-02 1.604459621565640370e-01 -3.187807197570801665e-01 -8.890214909023724799e-02 -2.113288461848413791e-01 -3.045384998321534198e-01 4.343790268263340165e-02 -9.368792880513723831e-02 -2.962352104187012669e-01
-3.380540401120762928e-03 3.626949471496153654e-01 -2.590344352722167565e-01 7.028878473889810241e-02 1.532109075189456160e-01 -3.199797983169555549e-01 -9.315057373046869982e-02 -2.171403926610946666e-01 -3.066810102462769194e-01 4.999999999999998196e-02 -9.366926193237308518e-02 -3.036473865509033976e-01
8.281351109937266919e-03 3.706799027109414779e-01 -2.600859184265137403e-01 7.371231334107981870e-02 1.452599554122555592e-01 -3.210746021270752815e-01 -9.642150878906240175e-02 -2.229384076595306852e-01 -3.087178297042847408e-01 4.999999999999998196e-02 -1.006336069107056780e-01 -3.061237664222717925e-01
1.998006430067810618e-02 3.761820138668639513e-01 -2.626418037414550710e-01 7.661818989180591011e-02 1.366440165258885064e-01 -3.219395418167114165e-01 -1.000300903320313073e-01 -2.290784990787505804e-01 -3.103346557617187029e-01 4.999999999999998196e-02 -1.084706783294677596e-01 -3.049998612403869158e-01
3.145870908806040755e-02 3.787127298167743961e-01 -2.668220825195312118e-01 7.901595077970099967e-02 1.275870658773997635e-01 -3.227091331481933278e-01 -1.038954467773436363e-01 -2.354903697967529463e-01 -3.115036458969117072e-01 4.999999999999997502e-02 -1.163727664947509788e-01 -3.063382191658020615e-01
4.236949645006426318e-02 3.777056685209329578e-01 -2.725307960510254812e-01 8.087711903469890773e-02 1.180911281871340618e-01 -3.232498617172241961e-01 -1.078635253906250896e-01 -2.419236910343170177e-01 -3.121526069641114010e-01 4.999999999999997502e-02 -1.234823656082153359e-01 -3.105667777061463242e-01
5.269480619686851830e-02 3.736567550897791912e-01 -2.791129894256592081e-01 8.216916179622729688e-02 1.080292430833243444e-01 -3.235203952789306725e-01 -1.119606933593748077e-01 -2.481632280349731212e-01 -3.120910139083862278e-01 4.999999999999997502e-02 -1.290221071243285722e-01 -3.132446951866150187e-01
6.198686314621922738e-02 3.654830690519176306e-01 -2.861817378997801864e-01 8.279344450973753766e-02 9.714689235655493693e-02 -3.235333938598632386e-01 -1.161340942382812630e-01 -2.541349804401398238e-01 -3.112865896224976114e-01 4.999999999999997502e-02 -1.352283954620361883e-01 -3.141299004554748975e-01
7.061302375662267816e-02 3.546347254068389909e-01 -2.934128780364991251e-01 8.279416966577442250e-02 8.566215147017561260e-02 -3.231835050582886337e-01 -1.207588500976562729e-01 -2.609585613012314065e-01 -3.102783985137940181e-01 4.999999999999996808e-02 -1.420553541183471324e-01 -3.142555613517761803e-01
7.935548267791320276e-02 3.431993848832008975e-01 -2.999366302490234504e-01 8.213700217714037244e-02 7.359382253400258145e-02 -3.225504179000854288e-01 -1.233200410100148969e-01 -2.675979897492151705e-01 -3.092700881958007630e-01 2.755332664156696573e-02 -1.539218305542508491e-01 -3.139230270385742205e-01
8.832398610807661032e-02 3.325971055680639887e-01 -3.052191753387450412e-01 8.075141013636411014e-02 6.138110560378230718e-02 -3.217554636001586088e-01 -1.290010516843050070e-01 -2.745134993301665549e-01 -3.081248064041136603e-01 2.365138238008669333e-02 -1.624274938613362029e-01 -3.134811897277831050e-01
9.757221863608442347e-02 3.224447035073909618e-01 -3.088111419677734837e-01 7.878592261412997733e-02 4.944694519055631288e-02 -3.209845132827759406e-01 -1.351658003889076864e-01 -2.797589379597589798e-01 -3.064815540313721165e-01 1.911751491632394245e-02 -1.710368532408360898e-01 -3.130186862945557036e-01
1.059729361242393864e-01 3.113580529403873753e-01 -3.106562871932984082e-01 7.626040493747530957e-02 3.810508130114786951e-02 -3.201564903259278005e-01 -1.412490658855670156e-01 -2.830984680522267705e-01 -3.041771717071533598e-01 1.381801237338513288e-02 -1.795893677194694837e-01 -3.126375074386597008e-01
1.127906166648562081e-01 2.998081505244883926e-01 -3.113242931365966526e-01 7.353336705070698254e-02 2.822224011213121317e-02 -3.191165561676025386e-01 -1.472098297552021928e-01 -2.823619452853944889e-01 -3.010490674972534086e-01 7.682891677538584985e-03 -1.877563912110825350e-01 -3.123837299346923779e-01
1.174945728841131909e-01 2.887525952063876300e-01 -3.117782468795776141e-01 7.182259025340818892e-02 2.175099827505404607e-02 -3.176473350524902095e-01 -1.539987092406406854e-01 -2.747820622799757029e-01 -2.971134347915648233e-01 7.874793009162370239e-04 -1.951685979965513407e-01 -3.122898025512694242e-01
1.200614187975106995e-01 2.786488911826286996e-01 -3.121118230819702188e-01 7.173936962259445937e-02 1.902615714700852875e-02 -3.151109905242919784e-01 -1.606089956386659579e-01 -2.616241067568674805e-01 -2.917223138809204031e-01 -6.617979208441808481e-03 -2.016478567900348295e-01 -3.123407192230224783e-01
1.211573787919935086e-01 2.696106945347550576e-01 -3.122746534347535241e-01 7.323118931636427020e-02 1.926702179915219804e-02 -3.070200366973877548e-01 -1.661183078188636919e-01 -2.448167968138676986e-01 -2.858052558898926399e-01 -1.442894195123105294e-02 -2.071605907006435765e-01 -3.127564878463746090e-01
1.220884170321076545e-01 2.613209648348818748e-01 -3.123664684295654470e-01 7.962477092757067054e-02 2.649340152157145245e-02 -2.893081970214843590e-01 -1.694622005707371315e-01 -2.236030318883304724e-01 -2.818443412780761714e-01 -2.246372131468926669e-02 -2.115743696716494704e-01 -3.137836284637451345e-01
1.235839287642320761e-01 2.533931288230922285e-01 -3.125464506149290833e-01 9.226103352819384207e-02 4.136130116279655017e-02 -2.755947036743163214e-01 -1.698930114491997156e-01 -1.975797936945736244e-01 -2.781832237243652139e-01 -3.063709565058646278e-02 -2.149767222899005570e-01 -3.151017732620239320e-01
1.256487132781068383e-01 2.455007991692342018e-01 -3.126849861145019616e-01 1.086136204984909648e-01 5.925478136821031583e-02 -2.637321300506592081e-01 -1.684123264293424238e-01 -1.676133067323975767e-01 -2.751268453598022523e-01 -3.904628599095458924e-02 -2.176091918936233771e-01 -3.164947338104248109e-01
1.278629669011420167e-01 2.374321985247898614e-01 -3.127424068450927463e-01 1.269741696883077142e-01 7.739354200964759789e-02 -2.546558971405029070e-01 -1.666863820928955464e-01 -1.341922425248359141e-01 -2.737931413650512846e-01 -4.782491972533362695e-02 -2.198419052853393674e-01 -3.178804321289062096e-01
1.299097835459274153e-01 2.291690542940394426e-01 -3.127198524475097718e-01 1.456047867984281707e-01 9.354140089521369161e-02 -2.510945434570312496e-01 -1.632830019129772881e-01 -1.019449311300820726e-01 -2.770468778610228333e-01 -5.648326494052501728e-02 -2.219328007647359269e-01 -3.191943283081053462e-01
1.270301219258737346e-01 2.248777470928002842e-01 -3.125995988845824414e-01 1.647429127422067041e-01 1.079760678364468096e-01 -2.506784934997557945e-01 -1.582765446428126277e-01 -6.968175877163546028e-02 -2.799125308990477734e-01 -6.452229408167947655e-02 -2.242278830739094786e-01 -3.205391521453856973e-01
1.220524034749994186e-01 2.222486243816272355e-01 -3.125058860778809344e-01 1.844766742480214439e-01 1.206491904886611705e-01 -2.520345325469971476e-01 -1.522121942500727632e-01 -3.896098884347479890e-02 -2.797788901329041344e-01 -7.196537687927442861e-02 -2.267516003074483977e-01 -3.218188114166260494e-01
1.172524988806986912e-01 2.193784309319991022e-01 -3.124000854492187673e-01 2.167744715369487596e-01 1.156060615472334629e-01 -2.561918373107910374e-01 -1.459383219540078824e-01 -1.338701721861281640e-02 -2.800616092681884606e-01 -7.924368181397899169e-02 -2.293006721496448630e-01 -3.230281658172607373e-01
1.126298658335236624e-01 2.163793792189484255e-01 -3.125151653289795495e-01 2.461036512339143667e-01 1.030622100294952270e-01 -2.633021278381348362e-01 -1.397387574777935459e-01 8.694241473904289197e-03 -2.804376168251038193e-01 -8.694200573783403274e-02 -2.315708904014548986e-01 -3.243866176605225138e-01
1.081695813589663852e-01 2.133518902450021737e-01 -3.124406499862670827e-01 2.672989758902164503e-01 8.335445372156469190e-02 -2.703527278900146325e-01 -1.346338047255979387e-01 2.608603485839271208e-02 -2.817269797325134273e-01 -9.537879530094270364e-02 -2.333200976187991271e-01 -3.255525321960449636e-01
1.038160348054248949e-01 2.103060103622219068e-01 -3.120925302505492827e-01 2.930308480378467362e-01 5.817356407315939226e-02 -2.798158378601073859e-01 -1.306334114697925708e-01 3.716667543588304118e-02 -2.838324875831604865e-01 -1.046050199233224676e-01 -2.344134467643759212e-01 -3.264667196273804417e-01
9.954199259733037541e-02 2.072774913704375499e-01 -3.112241811752318732e-01 3.006917118356116636e-01 3.886999014973448185e-02 -2.940371341705321773e-01 -1.294108886458465446e-01 4.307809124683087409e-02 -2.869445462226868360e-01 -1.147059876222644714e-01 -2.346156435055646861e-01 -3.270044536590576700e-01
9.542268136604567519e-02 2.042761556315434990e-01 -3.098091812133789702e-01 3.050844245301082558e-01 2.361099449873091394e-02 -3.103878278732300489e-01 -1.317289318728731284e-01 4.513785880587112276e-02 -2.932431526184082760e-01 -1.259154583914157410e-01 -2.337079874654782452e-01 -3.274077148437500862e-01
9.157243716828365743e-02 2.011779659019284350e-01 -3.077677507400512491e-01 3.054495733987523942e-01 1.129393269880343831e-02 -3.213348908424377148e-01 -1.365131389723506783e-01 4.545682475819880219e-02 -2.995160932540893439e-01 -1.383434690760079744e-01 -2.316670788504294198e-01 -3.274548597335815159e-01
8.811102934143373588e-02 1.979974397665909547e-01 -3.050555057525635161e-01 3.027868716265900151e-01 1.208011055653518406e-03 -3.259800858497619580e-01 -1.432123899097835495e-01 4.477924691601951890e-02 -3.042256612777710090e-01 -1.503440032305173313e-01 -2.294756300254596204e-01 -3.264852733612060853e-01
8.495346796658212463e-02 1.950092236006115420e-01 -3.018289060592650452e-01 2.985265270486133771e-01 -6.944115022435304319e-03 -3.278210110664366850e-01 -1.508674238079867613e-01 4.388000757574763572e-02 -3.063437290191650675e-01 -1.571611898225748760e-01 -2.316445034514892920e-01 -3.245337839126587465e-01
8.234291993991099678e-02 1.919884638888255113e-01 -2.982765932083130678e-01 2.926722961606140760e-01 -1.332852219515875958e-02 -3.276797719001770526e-01 -1.586498658638628156e-01 4.331579604249805038e-02 -3.057457990646361701e-01 -1.640235351683531073e-01 -2.331071984728581570e-01 -3.218097610473632519e-01
8.045716564727210807e-02 1.885611070540684497e-01 -2.944139976501463640e-01 2.855240601785221655e-01 -1.765230236975967593e-02 -3.263161582946776385e-01 -1.666974534730221169e-01 4.235649668412631852e-02 -3.039802665710449325e-01 -1.710697997431698814e-01 -2.347063107272457649e-01 -3.184243507385253746e-01
7.967086782656776500e-02 1.843745732042985086e-01 -2.906658620834352558e-01 2.771753233929740157e-01 -2.203079178593597698e-02 -3.243069858551027029e-01 -1.747547183152369232e-01 4.074132632405935706e-02 -3.025783033370972319e-01 -1.782974326306536184e-01 -2.373694421315222791e-01 -3.147386093139649121e-01
8.071644850367674928e-02 1.791115278291249835e-01 -2.872803516387940626e-01 2.685958125173486533e-01 -2.657258471970321001e-02 -3.220878930091858883e-01 -1.828623181510203310e-01 3.870756033798804230e-02 -3.013679237365723407e-01 -1.857094445323405063e-01 -2.396939005051516580e-01 -3.104306192398072484e-01
8.415155654597944457e-02 1.722422393814516117e-01 -2.842233200073241983e-01 2.607861390655107359e-01 -3.141541442714214372e-02 -3.202023072242736745e-01 -1.908843558023150255e-01 3.623095505343143508e-02 -3.003876752853393284e-01 -1.934155627175305203e-01 -2.402838801722044226e-01 -3.055297727584838641e-01
9.115797710058207159e-02 1.631599319624692790e-01 -2.800829763412476248e-01 2.535784482919883343e-01 -3.636027067424949660e-02 -3.188925213813782467e-01 -1.986378357717755172e-01 3.354525077607635464e-02 -2.995922584533692312e-01 -2.021848490416983668e-01 -2.379326939098632687e-01 -3.001202268600464684e-01
1.024853835453975598e-01 1.515268254257765290e-01 -2.756591339111328920e-01 2.463755507817257384e-01 -4.136871290430158693e-02 -3.178013749122620135e-01 -2.061804470528481037e-01 3.087303934381022130e-02 -2.989761800765990962e-01 -2.116414267780785674e-01 -2.315808177854492556e-01 -2.936411113739013090e-01
1.183601958785385488e-01 1.377790893790626081e-01 -2.714795322418212531e-01 2.391610076461166967e-01 -4.612835080648426678e-02 -3.167056674957275386e-01 -2.134833271610743211e-01 2.834978920303819760e-02 -2.987255401611327854e-01 -2.215626814520075261e-01 -2.212004397588299698e-01 -2.856884307861328187e-01
1.386245962869806780e-01 1.225664802400880798e-01 -2.673744888305665812e-01 2.320309988748713304e-01 -5.028862229897447522e-02 -3.158298273086549979e-01 -2.205513500562616969e-01 2.622292391774697085e-02 -2.989237422943116229e-01 -2.304511654470601800e-01 -2.062920925877374523e-01 -2.760874814987183123e-01
1.614892184178971790e-01 1.062293463297340618e-01 -2.635453243255616029e-01 2.249673373143815658e-01 -5.346001524253163328e-02 -3.152600307464600293e-01 -2.274690768852487555e-01 2.490533674454110946e-02 -2.994795436859131743e-01 -2.366634382443999485e-01 -1.853711403070175401e-01 -2.660634012222291012e-01
1.856966887487139228e-01 8.836932867592521557e-02 -2.604355401992798358e-01 2.179498015416827250e-01 -5.598510247641848986e-02 -3.150592203140259451e-01 -2.342135193262744608e-01 2.420652423964139710e-02 -3.002704591751099716e-01 -2.356265111181608529e-01 -1.679035560767864754e-01 -2.569473237991333758e-01
2.103877429681750844e-01 6.879669505207700042e-02 -2.585370368957518039e-01 2.109726428705188950e-01 -5.805444020182926046e-02 -3.151358909606932213e-01 -2.408770972050996440e-01 2.397602264921816495e-02 -3.011285896301269527e-01 -2.248344477958243437e-01 -1.554498059191645742e-01 -2.497901649475097463e-01
2.368639971223927831e-01 5.148378086962969447e-02 -2.594466276168821972e-01 2.041067345112294595e-01 -5.981757539051204414e-02 -3.153414649963378058e-01 -2.473489804894528354e-01 2.433571328878435247e-02 -3.018705196380614408e-01 -2.095502467670361524e-01 -1.419731943157442611e-01 -2.464843959808349083e-01
2.604052913674682057e-01 4.194416076805224797e-02 -2.612448282241821573e-01 1.974745868866797927e-01 -6.117305111030078846e-02 -3.158717889785767063e-01 -2.534536196170595890e-01 2.520819617463768147e-02 -3.027028961181640887e-01 -1.878962917924024145e-01 -1.277240643730343239e-01 -2.477552146911621567e-01
2.828981744465586257e-01 3.123964957183991697e-02 -2.637891502380371178e-01 1.906863531622952634e-01 -6.283136438061989737e-02 -3.166659708023071840e-01 -2.595553214099970973e-01 2.633840632577122420e-02 -3.036482400894165434e-01 -1.652614297086317241e-01 -1.145598142749593845e-01 -2.551890487670898655e-01
3.040652452754102342e-01 1.901997301821749600e-02 -2.671674127578734237e-01 1.832681441316826310e-01 -6.909440649579534632e-02 -3.176112480163573171e-01 -2.655204441670041549e-01 2.761689326807283129e-02 -3.043395776748656911e-01 -1.418215601611900190e-01 -1.022833687245201795e-01 -2.639857358932494735e-01
3.236829101261396446e-01 5.201364088113856476e-03 -2.702520866394043653e-01 1.753153665408094253e-01 -7.501488729711396075e-02 -3.187416095733643373e-01 -2.715778904801510185e-01 2.915211403123023348e-02 -3.050233764648437873e-01 -1.187678407060097779e-01 -9.134308162258653052e-02 -2.726331920623780158e-01
3.406155999108695931e-01 -9.760266883183821296e-03 -2.723424596786500063e-01 1.666955296999351743e-01 -8.041364156655093909e-02 -3.200024576187134873e-01 -2.778055628229764151e-01 3.088603749777960039e-02 -3.058487148284912416e-01 -9.954895989095052800e-02 -8.262462856753628737e-02 -2.811647720336913903e-01
3.535149283849142177e-01 -2.562056996809030512e-02 -2.740937108993530824e-01 1.573104255445862409e-01 -8.533506549995006907e-02 -3.212186212539673291e-01 -2.841579754013404679e-01 3.260514340714365522e-02 -3.068327875137328298e-01 -8.636655054907951823e-02 -7.641421030302862627e-02 -2.896667404174804172e-01
3.618033161805268572e-01 -4.158850297691404907e-02 -2.764036102294921138e-01 1.472228425866227153e-01 -8.956617011911216508e-02 -3.223072595596312429e-01 -2.906016641200405703e-01 3.419906940914425875e-02 -3.078503532409668231e-01 -8.677943256199549538e-02 -7.429292127704671678e-02 -2.991851015090942201e-01
3.651557779745595034e-01 -5.724315093150163236e-02 -2.798276014328003325e-01 1.365033074327129947e-01 -9.310863674826710956e-02 -3.234776945114136160e-01 -2.972063858989076324e-01 3.568115027343490842e-02 -3.089779920578002437e-01 -9.474281804824924436e-02 -7.401244534538488351e-02 -3.057754726409911417e-01
3.647029904236538389e-01 -7.263261647409058330e-02 -2.841904706954956339e-01 1.252031696501845204e-01 -9.596609391458776894e-02 -3.247733516693115385e-01 -3.041342811322117479e-01 3.720951718669376213e-02 -3.101082105636596697e-01 -1.058279677519056161e-01 -7.393301405718953612e-02 -3.091450519561767529e-01
3.607205146280937913e-01 -8.692649515770198287e-02 -2.897761793136596764e-01 1.134803206680809889e-01 -9.789202718460926489e-02 -3.261286230087280247e-01 -3.108702313269134931e-01 3.922762499317102719e-02 -3.107234306335449059e-01 -1.164755557646086626e-01 -7.299947042713271494e-02 -3.095258874893188628e-01
3.521357824948822546e-01 -9.948548244090400783e-02 -2.969035167694091260e-01 1.012742029176859765e-01 -9.888392064214615584e-02 -3.273591299057005966e-01 -3.175221605494779054e-01 4.170185201709322026e-02 -3.102766008377075835e-01 -1.260591893165810828e-01 -7.086523071076898661e-02 -3.100010318756104000e-01
3.407712460102139129e-01 -1.101335017489546847e-01 -3.033553428649902739e-01 8.886284724636372978e-02 -9.881800705494539483e-02 -3.281758565902710423e-01 -3.236568935087506538e-01 4.517500200040950459e-02 -3.079799194335937629e-01 -1.360256402385479346e-01 -6.759674106141863592e-02 -3.108447809219360702e-01
3.291710462830411132e-01 -1.189336841854731625e-01 -3.073957653045654159e-01 7.674464035146082164e-02 -9.761107195525109415e-02 -3.283997125625610081e-01 -3.280375003757186603e-01 5.029529628685854015e-02 -3.038509244918822794e-01 -1.463984956920351133e-01 -6.303946244848657177e-02 -3.106752748489379767e-01
3.188723642733292118e-01 -1.270926938182368460e-01 -3.098381156921386492e-01 6.520302798163772617e-02 -9.560319264048505739e-02 -3.280497093200683834e-01 -3.283352766329738492e-01 5.785545752842805034e-02 -2.986626214981079053e-01 -1.565293870325878689e-01 -5.741509602557451353e-02 -3.106411952972412127e-01
3.093649176857490302e-01 -1.341506115052099046e-01 -3.109649009704590350e-01 5.449379546474317215e-02 -9.295227541083421474e-02 -3.271597690582275786e-01 -3.230747987075952565e-01 6.892134726106005638e-02 -2.927592773437500684e-01 -1.664627601054154138e-01 -5.043669206155768775e-02 -3.102583904266357773e-01
3.002741942640905770e-01 -1.395121424492448692e-01 -3.113217229843138756e-01 4.492598099960004587e-02 -8.988912294492318322e-02 -3.258609552383421870e-01 -3.122202895612632978e-01 8.679905338823966365e-02 -2.864212055206297181e-01 -1.756843530139338971e-01 -4.242322163071092500e-02 -3.098512382507322416e-01
2.914092492490116815e-01 -1.434768249686377839e-01 -3.113247365951538059e-01 3.640989837810947038e-02 -8.664936035475828691e-02 -3.244361991882324103e-01 -2.953498248812058136e-01 1.065322133350005973e-01 -2.804679937362670739e-01 -1.842816863252587922e-01 -3.323157612427275753e-02 -3.098402042388915811e-01
2.828092130286479766e-01 -1.462832737666844851e-01 -3.112664861679076966e-01 2.882361217307513948e-02 -8.334710666047347172e-02 -3.229295034408569132e-01 -2.735594310329084733e-01 1.272117614114575412e-01 -2.761442871093751084e-01 -1.918129945899591238e-01 -2.312831780231631301e-02 -3.105129308700562696e-01
2.745982202143467665e-01 -1.480679952419038659e-01 -3.114475269317627526e-01 2.218832317519518760e-02 -8.013233867905443508e-02 -3.213573713302613211e-01 -2.475648918355010664e-01 1.473674473007409169e-01 -2.735853357315063961e-01 -1.982225389549883421e-01 -1.236546548509775273e-02 -3.117361993789673491e-01
2.670129005470063266e-01 -1.488461592213076723e-01 -3.117830533981323926e-01 1.689252428741598588e-02 -7.739579632725428204e-02 -3.195480413436890266e-01 -2.208439765219926132e-01 1.655037281224186196e-01 -2.759019966125487722e-01 -2.035690954979038070e-01 -1.858831744946103093e-03 -3.131011600494384428e-01
2.600231008357793971e-01 -1.487596751759552860e-01 -3.118658943176269016e-01 1.326541209087928053e-02 -7.557796582962147958e-02 -3.173739356994628724e-01 -1.943799725913853971e-01 1.844907266140239366e-01 -2.828709383010865053e-01 -2.079153977779799323e-01 7.973266524275997302e-03 -3.139628763198853423e-01
2.533545870122300703e-01 -1.481572300019513289e-01 -3.117977018356323238e-01 1.104048121064986343e-02 -7.469816456861354259e-02 -3.148905677795409974e-01 -1.718573573846610691e-01 2.043381779706487933e-01 -2.928766841888427730e-01 -2.115410411316680506e-01 1.762294470227915993e-02 -3.148097772598266175e-01
2.468229185452719410e-01 -1.473181779731636554e-01 -3.117643852233887292e-01 9.826088684277631269e-03 -7.459521284777639871e-02 -3.117656869888306148e-01 -1.594692963896274240e-01 2.200690445854120436e-01 -3.025152273178101092e-01 -2.145789807893541956e-01 2.739529728500737088e-02 -3.154071016311646436e-01
2.402679742417397901e-01 -1.461599384531356294e-01 -3.118058605194092281e-01 1.083115340331253923e-02 -7.641619799409710145e-02 -3.085785217285156867e-01 -1.546864138070805361e-01 2.313080579844155604e-01 -3.082684488296509318e-01 -2.175420034585085205e-01 3.761347007104519358e-02 -3.159225578308105797e-01
2.337629899907680553e-01 -1.448106869027636356e-01 -3.120507593154905890e-01 1.419671844516036396e-02 -8.044854123720920902e-02 -3.039960260391234015e-01 -1.547492237841567309e-01 2.378715882161360484e-01 -3.112766284942625750e-01 -2.201242545081321667e-01 4.813170975568368398e-02 -3.164043493270872753e-01
2.271457951840009648e-01 -1.434854845014311153e-01 -3.124872083663940980e-01 1.900834036286076778e-02 -8.610155997359210389e-02 -2.913004465103150031e-01 -1.597052097475943899e-01 2.419503844649140700e-01 -3.131788749694824903e-01 -2.225052649875211008e-01 5.899633831152113761e-02 -3.174030036926270282e-01
2.207422135207722236e-01 -1.419460505380560900e-01 -3.130795021057128924e-01 2.712849895598100358e-02 -9.513687966403294727e-02 -2.783152408599853800e-01 -1.652866589816748555e-01 2.441993746036769941e-01 -3.139871377944944975e-01 -2.246870269741474135e-01 6.934579615685179665e-02 -3.190897674560545516e-01
2.144732099731898878e-01 -1.400867334825285360e-01 -3.137818498611448792e-01 3.746482522260381059e-02 -1.066863907358829161e-01 -2.657056922912596209e-01 -1.705989859362092020e-01 2.482371261708403165e-01 -3.155438632965087975e-01 -2.269504577642322274e-01 7.198299065240620909e-02 -3.181400175094604155e-01
2.082932432937746603e-01 -1.380612502463029190e-01 -3.146089000701904337e-01 4.808140972564398097e-02 -1.190231376462014545e-01 -2.544294185638427686e-01 -1.757237598312594296e-01 2.526385615539128993e-01 -3.172592420578001504e-01 -2.266927607311277348e-01 7.351625660881042079e-02 -3.132930870056150896e-01
2.022224623730285997e-01 -1.358239598574061957e-01 -3.154436941146850359e-01 5.905438140904969990e-02 -1.322139414627788168e-01 -2.478930492401122954e-01 -1.801138620362470744e-01 2.570506737379124607e-01 -3.179650087356565846e-01 -2.217938489662724111e-01 7.425423822638901883e-02 -3.049284000396726979e-01
1.963333064960724461e-01 -1.332260924011929026e-01 -3.161297340393065536e-01 7.055375598195354203e-02 -1.462989276678549055e-01 -2.461731357574462598e-01 -1.835208345306293676e-01 2.618357808029942446e-01 -3.175764865875244092e-01 -2.069577918172106901e-01 7.413830423499490063e-02 -2.928588314056396746e-01
1.906470881441607867e-01 -1.303904066957724539e-01 -3.166453714370727202e-01 8.259413976154565684e-02 -1.613136590597916142e-01 -2.471025962829589417e-01 -1.862174754647003549e-01 2.668929478636135055e-01 -3.167755432128905868e-01 -1.834897649446678713e-01 6.793298744978300274e-02 -2.803184051513671338e-01
1.852290772826232501e-01 -1.275157250649693319e-01 -3.170401830673218457e-01 9.261823731970969531e-02 -1.792783607280798441e-01 -2.479409141540527828e-01 -1.886164166114358554e-01 2.722601318271211657e-01 -3.162031097412108527e-01 -1.603845799858506227e-01 5.458741499260446467e-02 -2.733681697845458114e-01
1.801562482818349076e-01 -1.247213796176630807e-01 -3.173257179260254301e-01 9.514264750289387618e-02 -2.003016712627945783e-01 -2.461673278808594045e-01 -1.904067170611031534e-01 2.775241664277406373e-01 -3.158362979888916233e-01 -1.360858227463133951e-01 3.784358832667750194e-02 -2.760707778930664436e-01
1.754762918874179234e-01 -1.219308441360132111e-01 -3.175024671554565470e-01 9.355885752249458454e-02 -2.209803780853495381e-01 -2.464476795196533510e-01 -1.920478669462051258e-01 2.827785412148688948e-01 -3.158988780975341970e-01 -1.134141107041094776e-01 2.216477938059311509e-02 -2.850488252639770681e-01
1.711156082792578137e-01 -1.192086456074092776e-01 -3.175387258529663304e-01 8.954209326752450571e-02 -2.392723299427502726e-01 -2.493247146606445419e-01 -1.934370865613633250e-01 2.882018494875062675e-01 -3.162437362670897367e-01 -9.642278808191576123e-02 1.061147836910911191e-02 -2.951022357940673024e-01
1.668804504173409253e-01 -1.164016520049254433e-01 -3.175295610427855686e-01 8.489119040985412812e-02 -2.540799066808835383e-01 -2.552803726196288259e-01 -1.948577503017246970e-01 2.935682835515487921e-01 -3.168038625717163326e-01 -8.880866239598998735e-02 6.028102304494374619e-03 -3.020073432922363299e-01
1.641436108070065403e-01 -1.121949074257518469e-01 -3.174078865051269682e-01 8.435421261364715872e-02 -2.633160126198436646e-01 -2.614719886779785507e-01 -1.958946143396884110e-01 2.991379830929904449e-01 -3.174363965988159508e-01 -8.882493225190590813e-02 7.593048376961411550e-03 -3.081920785903931037e-01
1.630729592326439770e-01 -1.063385343967721275e-01 -3.171150274276733905e-01 8.833985071213609763e-02 -2.733239164768502816e-01 -2.658323593139648722e-01 -1.969432614532734827e-01 3.051475931294317379e-01 -3.179177541732788881e-01 -9.109239717771880351e-02 1.140607887081790395e-02 -3.103710885047913370e-01
1.620689491067095478e-01 -1.002150725706991985e-01 -3.166697521209717037e-01 8.562267530299864926e-02 -2.869113597258505788e-01 -2.739823122024536151e-01 -1.973831652366820344e-01 3.109712588134347366e-01 -3.176027364730835134e-01 -9.392303261520631996e-02 1.623483275101871709e-02 -3.112615771293640310e-01
1.612629538768493853e-01 -9.380658836281637047e-02 -3.161355323791503746e-01 7.360525429188849444e-02 -2.987918817511830971e-01 -2.899533767700195330e-01 -1.969190366209115084e-01 3.164319819961726177e-01 -3.161320705413817045e-01 -9.655331214502343995e-02 2.089230131009210678e-02 -3.123277039527891930e-01
1.607948043675548888e-01 -8.703239690908165516e-02 -3.154405899047852402e-01 4.235582426501585673e-02 -3.192708116734860324e-01 -3.127512521743774920e-01 -1.948112667533175579e-01 3.213928330313182147e-01 -3.136333532333374641e-01 -9.960452297538603672e-02 2.559742134370531635e-02 -3.131127209663391864e-01
1.604844305062047005e-01 -7.971460828956516975e-02 -3.144960327148437762e-01 2.957367916343126013e-02 -3.254733630197897964e-01 -3.184048099517822195e-01 -1.915078213935829665e-01 3.260043852903055650e-01 -3.102553339004516797e-01 -1.031645449860560393e-01 3.079937793449561562e-02 -3.129174942970275874e-01
1.603337050452924017e-01 -7.188908838431012915e-02 -3.134502763748169274e-01 2.318482504040952907e-02 -3.242666594902672283e-01 -3.236434335708618382e-01 -1.868706092524252127e-01 3.296084689725714556e-01 -3.064049882888794096e-01 -1.069779440253157965e-01 3.687490931698345076e-02 -3.124017281532288082e-01
1.604326038484245320e-01 -6.368638243169669200e-02 -3.123788566589355553e-01 1.999893380447917424e-02 -3.198630029150952292e-01 -3.259515995979309078e-01 -1.792928677440498442e-01 3.314925954051017865e-01 -3.021887178421020503e-01 -1.106261396056559820e-01 4.396028209280519045e-02 -3.120924420356750439e-01
1.605488496902167661e-01 -5.536581686276355330e-02 -3.114577121734620757e-01 1.889494954373238667e-02 -3.119449718310253195e-01 -3.257097954750062252e-01 -1.666015794588348031e-01 3.304030765404589176e-01 -2.979468984603882986e-01 -1.139403249825516606e-01 5.162974065533337820e-02 -3.119989271163941535e-01
1.606925187190466064e-01 -4.725290740306656995e-02 -3.105207653045653493e-01 1.884890604814817849e-02 -3.030136038141994503e-01 -3.250028700828551664e-01 -1.499071776734920147e-01 3.270341375873436207e-01 -2.934543962478636803e-01 -1.167386009440229966e-01 5.969416208514437966e-02 -3.122815961837767662e-01
1.608509402666600807e-01 -3.962175460625005918e-02 -3.095006866455078387e-01 1.933185152154287545e-02 -2.941229981975587715e-01 -3.250951619148254590e-01 -1.305984759013406604e-01 3.209649846068954315e-01 -2.884080762863159286e-01 -1.189573045089761805e-01 6.798768640273157582e-02 -3.125237340927124463e-01
1.609624941210832105e-01 -3.273174314562034282e-02 -3.084947843551636426e-01 1.979985068846595864e-02 -2.859478304869290666e-01 -3.253819937705993981e-01 -1.090318608336197231e-01 3.123442422978601751e-01 -2.839027233123779803e-01 -1.205550295086498941e-01 7.629833172425067034e-02 -3.127662820816040634e-01
1.609592098551596018e-01 -2.626702541056033513e-02 -3.074908800125122910e-01 2.023257106121421900e-02 -2.782902263993299874e-01 -3.257562370300293719e-01 -8.668942215031827381e-02 3.010918911809464804e-01 -2.803580636978150187e-01 -1.216034472353777762e-01 8.454925221470081798e-02 -3.131622667312622954e-01
1.611824513776650147e-01 -2.043538548969336954e-02 -3.065070838928223296e-01 2.059266866282125075e-02 -2.710845096352011985e-01 -3.261925287246704719e-01 -6.475675100754779701e-02 2.867086321081008804e-01 -2.785000486373901962e-01 -1.222045606985591865e-01 9.268793571810216014e-02 -3.137964744567871556e-01
1.618749481279495028e-01 -1.503687341551702972e-02 -3.054955024719238632e-01 2.105307923146505777e-02 -2.641770253930560974e-01 -3.266708965301514112e-01 -4.450648932419702664e-02 2.699087980085922434e-01 -2.785869522094726602e-01 -1.224724927747013331e-01 1.007672177050048523e-01 -3.145774192810059100e-01
1.630955855282312239e-01 -1.029788121349986540e-02 -3.044092531204223295e-01 2.166313618741085023e-02 -2.573903723634022866e-01 -3.271664280891418142e-01 -2.531237651811397982e-02 2.511161445670945791e-01 -2.800017995834350737e-01 -1.224483014587069429e-01 1.088767086327606798e-01 -3.155332918167114142e-01
1.646589002044326899e-01 -7.332939865211496322e-03 -3.033825702667238278e-01 2.221384710384670391e-02 -2.508262183686295055e-01 -3.277023859024049690e-01 -6.215258992222347234e-03 2.304042743685738859e-01 -2.820375652313232839e-01 -1.222475699825509576e-01 1.169055559688914336e-01 -3.167311592102051709e-01
1.656823399038037659e-01 -7.648728303558671726e-03 -3.027721042633057524e-01 2.248788189599128240e-02 -2.446395882889102480e-01 -3.282561702728272190e-01 1.183834097318410550e-02 2.087068643676231461e-01 -2.842626686096192401e-01 -1.220790333557252028e-01 1.246071942856086801e-01 -3.180444784164429550e-01
1.661173918548772277e-01 -1.192682027091616914e-02 -3.008956260681152073e-01 2.256516101991623557e-02 -2.387188277172052620e-01 -3.286329813003539546e-01 2.855720039007154931e-02 1.865026169244055898e-01 -2.859633893966674334e-01 -1.219436457569528370e-01 1.320934186437324742e-01 -3.191251440048217258e-01
1.662763536752909777e-01 -2.062138418572205534e-02 -2.958454961776734171e-01 2.243087943212690449e-02 -2.329738011779096118e-01 -3.288749046325684100e-01 4.314724738437037549e-02 1.634511326228186290e-01 -2.857366557121277517e-01 -1.218260545439850961e-01 1.394108345304076457e-01 -3.199598665237427531e-01
1.659201652114381809e-01 -3.313763229344500461e-02 -2.892284412384034109e-01 2.196249309229753033e-02 -2.273415507504762401e-01 -3.289729185104370845e-01 5.441036741818414124e-02 1.411243501030420289e-01 -2.828351349830627859e-01 -1.217308740690729446e-01 1.465625848459287672e-01 -3.205353469848633563e-01
1.649094091901907866e-01 -4.933987679374061269e-02 -2.819176883697510627e-01 2.109387269116728969e-02 -2.217719446648344639e-01 -3.289634485244751216e-01 6.037777991273224343e-02 1.242459922424863361e-01 -2.823507280349731863e-01 -1.215550531024930103e-01 1.536246917783750943e-01 -3.208951444625854910e-01
1.635061720366194349e-01 -7.084248069936338599e-02 -2.748214931488036639e-01 1.968856034228347318e-02 -2.162946672838360618e-01 -3.289396877288818244e-01 6.121797911133006198e-02 1.114747697426277800e-01 -2.843497343063354221e-01 -1.212793895030256919e-01 1.607832304659658762e-01 -3.211984272003173824e-01
1.620164730326428548e-01 -9.558209851412019509e-02 -2.690846176147461688e-01 1.774619410197875169e-02 -2.109086327853604281e-01 -3.289846582412720433e-01 5.895178216802236804e-02 1.039469787643602927e-01 -2.883661623001099183e-01 -1.209105234922464162e-01 1.683704036176933982e-01 -3.218189783096314094e-01
1.741939245646375034e-01 -1.087319955515143322e-01 -2.651981182098389067e-01 1.529344338159051297e-02 -2.055269813241729637e-01 -3.290405006408691491e-01 5.442704727704690548e-02 1.035019210113976990e-01 -2.936477394104004546e-01 -1.204191282682143677e-01 1.762540701381401509e-01 -3.229440898895263867e-01
1.899598500555375047e-01 -1.212862980760417708e-01 -2.640629215240479222e-01 1.225504958462821092e-02 -2.000796247770398328e-01 -3.292807598114014245e-01 4.832306148403413271e-02 1.092213298312995212e-01 -3.001874465942382386e-01 -1.195013493713559527e-01 1.839238219364918436e-01 -3.242240734100341193e-01
2.068008604888953161e-01 -1.342393350422386722e-01 -2.647224636077880611e-01 8.627855227661532234e-03 -1.944452832358867234e-01 -3.297468681335448681e-01 4.273321754110487314e-02 1.146128978768587020e-01 -3.056251974105835822e-01 -1.179710229310701880e-01 1.907763482645005171e-01 -3.247284383773804128e-01
2.243593047468493418e-01 -1.471260938149611674e-01 -2.664170951843261581e-01 4.433568734264412003e-03 -1.885621036328693489e-01 -3.303505678176880123e-01 4.003955270798405935e-02 1.205684103516223293e-01 -3.094684095382690403e-01 -1.165251659569130904e-01 1.974846895514915379e-01 -3.253453321456908909e-01
2.421729821496668988e-01 -1.593114960319876872e-01 -2.693170375823974450e-01 -6.181816183055410807e-05 -1.823616144228639713e-01 -3.309806318283080584e-01 3.748444877491322741e-02 1.269418721034312747e-01 -3.119526524543762003e-01 -1.156709748273149485e-01 2.053149594668158551e-01 -3.264504594802856152e-01
2.592748011121325802e-01 -1.699601804461628729e-01 -2.733814163208008741e-01 -4.861656079393567031e-03 -1.758080367103392883e-01 -3.315932054519654115e-01 3.332091882051232967e-02 1.333129917891235083e-01 -3.136304540634156091e-01 -1.161543119919176831e-01 2.135264815745504807e-01 -3.277457590103149965e-01
2.742363390057862560e-01 -1.776747576637207060e-01 -2.786153335571288636e-01 -9.859331945633903471e-03 -1.688981887739674503e-01 -3.321101922988891619e-01 2.866339430512558628e-02 1.396801643939270809e-01 -3.151010818481445042e-01 -1.176098296838242879e-01 2.217462736995943207e-01 -3.288333768844604044e-01
2.829444225704156879e-01 -1.791241207411504166e-01 -2.898302574157715639e-01 -1.506305549229598750e-02 -1.615511022454395595e-01 -3.323740119934082693e-01 2.354552676400289979e-02 1.461678758445524584e-01 -3.163519783020020126e-01 -1.200121210990374165e-01 2.293387408606787359e-01 -3.291999692916871001e-01
2.872758900655039138e-01 -1.764720346845323196e-01 -3.026349229812621555e-01 -2.021499405469964761e-02 -1.538689944846912405e-01 -3.322866125106810897e-01 1.806918452207838255e-02 1.527789426098221659e-01 -3.170156927108764844e-01 -1.230385121083303890e-01 2.355916790797014659e-01 -3.283179445266724006e-01
2.871163952630497729e-01 -1.699718928701088316e-01 -3.130540342330931924e-01 -2.561199344089416102e-02 -1.462070949208093551e-01 -3.317270679473876549e-01 1.242360997244212201e-02 1.592914615889981511e-01 -3.172582740783692068e-01 -1.261797166921569402e-01 2.391592724473918519e-01 -3.252383823394776052e-01
2.838386225630109561e-01 -1.612909812145533472e-01 -3.203753061294556392e-01 -3.152156216708963676e-02 -1.388939049290876249e-01 -3.306101388931275142e-01 6.809402815412167465e-03 1.657228714895272459e-01 -3.172677202224730708e-01 -1.287602688145694230e-01 2.394979825425034015e-01 -3.184835119247436119e-01
2.780668102402199526e-01 -1.512823557166632082e-01 -3.245812053680420806e-01 -3.783586304831269842e-02 -1.319438623198414540e-01 -3.288778133392334935e-01 1.257531770102307545e-03 1.722984765239518601e-01 -3.174536294937134739e-01 -1.300023364486699862e-01 2.375590525780579276e-01 -3.079436988830567268e-01
2.711510165630985902e-01 -1.410381227602678367e-01 -3.257972259521483838e-01 -4.444090079910328200e-02 -1.254656849330592905e-01 -3.264501161575316668e-01 -4.483942291841430672e-03 1.789732846633611263e-01 -3.175342197418213330e-01 -1.290885306354805639e-01 2.317288072974949542e-01 -2.932709999084473496e-01
2.640993233031870280e-01 -1.307552027489698454e-01 -3.257817668914795295e-01 -5.119723115326935137e-02 -1.192240294632258280e-01 -3.238199157714843901e-01 -8.925707498082129099e-03 1.862113649583488628e-01 -3.178143472671509095e-01 -1.253123996592585554e-01 2.196467669147762480e-01 -2.731900997161865741e-01
2.569841950610349812e-01 -1.203835752259288239e-01 -3.255719156265259318e-01 -5.732623570369299593e-02 -1.131638824260211285e-01 -3.211681146621704896e-01 -1.127630745211651714e-02 1.942461262207220429e-01 -3.185996408462524188e-01 -1.177903649764171223e-01 1.980147752155612118e-01 -2.514583463668822461e-01
2.499182422364036871e-01 -1.097029403981714391e-01 -3.254354305267334602e-01 -6.200428315336079660e-02 -1.077418601176276386e-01 -3.184124488830566979e-01 -1.344087313329261901e-02 2.023603147486155718e-01 -3.196195716857910818e-01 -1.084847637327048808e-01 1.712690933589054998e-01 -2.316894836425781867e-01
2.428676776368587087e-01 -9.864200134641817885e-02 -3.254370660781858993e-01 -6.488548502220094216e-02 -1.049236237924864729e-01 -3.157867164611815047e-01 -1.563984172258309213e-02 2.103972996122416284e-01 -3.206647510528564116e-01 -9.884487224524363125e-02 1.427826652668726382e-01 -2.195244331359862966e-01
2.355790530865858323e-01 -8.732253239070153494e-02 -3.256721611022947993e-01 -6.613298875997773718e-02 -1.030182697407899250e-01 -3.125975151062010959e-01 -1.796517841488386863e-02 2.183415043030125513e-01 -3.217548437118530336e-01 -8.841185590598223121e-02 1.110775328501394932e-01 -2.148472709655761814e-01
2.277720178315403576e-01 -7.592507865985015370e-02 -3.261190528869629124e-01 -6.507687916247920090e-02 -1.027848243264611328e-01 -3.088328619003296027e-01 -2.087900271489283310e-02 2.260512410383818116e-01 -3.227616949081421049e-01 -7.912586086478000380e-02 8.171582955321989028e-02 -2.172171516418457404e-01
2.194920851333709289e-01 -6.438813108552274289e-02 -3.266090936660767108e-01 -6.054668249771773952e-02 -1.051720827065495412e-01 -3.045239562988281690e-01 -2.481132632791720194e-02 2.334610344172303176e-01 -3.235714359283448083e-01 -7.091687043955854919e-02 5.493337958552677730e-02 -2.257148952484131499e-01
2.107239037335457421e-01 -5.261163025843523106e-02 -3.270860834121704364e-01 -5.012592490658584338e-02 -1.112930540002658869e-01 -2.977559013366699592e-01 -2.994612086880624191e-02 2.405419848911214131e-01 -3.242629451751709024e-01 -6.698433411987093911e-02 3.019647482758089363e-02 -2.365815563201904836e-01
2.015011560443094596e-01 -4.082201567357342936e-02 -3.274865026473997576e-01 -3.363760213290287182e-02 -1.214247688041117101e-01 -2.888474960327147012e-01 -3.641378988423955854e-02 2.471758594214571725e-01 -3.247675199508666677e-01 -6.560855190516369506e-02 8.037636292020443329e-03 -2.472099895477294640e-01
1.918877559139068878e-01 -2.923305690494446690e-02 -3.279066677093506743e-01 -1.187220537828859862e-02 -1.341078348659050790e-01 -2.784694881439209735e-01 -4.425903757287259765e-02 2.532892259366560372e-01 -3.251503152847290967e-01 -6.316339159426301308e-02 -1.107589363650786536e-02 -2.547912425994873775e-01
1.817455284557696338e-01 -1.781823631439026501e-02 -3.283462352752685720e-01 1.388251706413426434e-02 -1.460583007699586544e-01 -2.680326957702636737e-01 -5.297038531912104387e-02 2.593146861781575607e-01 -3.256017656326294363e-01 -6.399397794663003181e-02 -2.800816394830910050e-02 -2.573478622436523588e-01
1.709574938980283343e-01 -6.559991773554256500e-03 -3.287458915710450569e-01 4.225822850925114310e-02 -1.541388594626009745e-01 -2.591534442901612389e-01 -6.249030486913716154e-02 2.658785546917901144e-01 -3.265482110977174224e-01 -6.692272969048072839e-02 -3.946282022796500366e-02 -2.618785209655762891e-01
1.595128320715306913e-01 4.344684220748046277e-03 -3.290705556869505943e-01 7.324609052828091882e-02 -1.584924659530093649e-01 -2.536312408447264355e-01 -7.251367554728432863e-02 2.719426855781360564e-01 -3.274197311401367272e-01 -7.258056761767142651e-02 -4.796233025061702460e-02 -2.676254482269286861e-01
1.474339944659512347e-01 1.459223165259989491e-02 -3.294286460876464373e-01 1.052667080448371484e-01 -1.587053231787666219e-01 -2.515348167419432790e-01 -8.270701877935784929e-02 2.768570510396256568e-01 -3.282973928451538570e-01 -8.215270849544875631e-02 -5.410849569703249373e-02 -2.744108266830445064e-01
1.350197804212484032e-01 2.377624484111881542e-02 -3.297015161514282866e-01 1.387959678582961764e-01 -1.548862114535022594e-01 -2.525113506317139267e-01 -9.293713534104669494e-02 2.811513743604283633e-01 -3.289233036041260272e-01 -9.342813061789401186e-02 -5.679567020639554598e-02 -2.838729686737060942e-01
1.222483781107925049e-01 3.182752498929422580e-02 -3.298380203247070486e-01 1.731464817422945501e-01 -1.469778176255728819e-01 -2.554174251556396436e-01 -9.762383364009857845e-02 2.886404888678766878e-01 -3.292676706314087154e-01 -1.059280528466206850e-01 -5.664321255643438302e-02 -2.952197880744933944e-01
1.091292893366673927e-01 3.888899046286565381e-02 -3.296713562011718279e-01 2.065977059025602136e-01 -1.363493342125799423e-01 -2.612911052703856818e-01 -1.024339169363808200e-01 2.958010726804284340e-01 -3.289159269332886382e-01 -1.166525217421553601e-01 -5.384624181317849978e-02 -3.041602869033814271e-01
9.576567379852493622e-02 4.492121697953254528e-02 -3.290946407318114941e-01 2.394245012760745361e-01 -1.241244869850589155e-01 -2.690080947875976292e-01 -1.074043784407640589e-01 3.019257415765546071e-01 -3.273038501739501949e-01 -1.245735386807605705e-01 -4.897227504952932076e-02 -3.098859472274780313e-01
8.276279613978410055e-02 4.983965640390437823e-02 -3.279952831268309610e-01 2.717531297569086846e-01 -1.108918848621199410e-01 -2.771890563964842791e-01 -1.124190337491308561e-01 3.071255681929507264e-01 -3.240936584472656756e-01 -1.316779294412662726e-01 -4.302260869313231234e-02 -3.141177649497985946e-01
7.025088917924172949e-02 5.359617426873829193e-02 -3.262195463180542210e-01 3.014651617582753129e-01 -9.870696257736208401e-02 -2.842375822067261248e-01 -1.173078772867515579e-01 3.112505556843380150e-01 -3.184523792266846232e-01 -1.382744417055907504e-01 -3.625903152965856413e-02 -3.167475457191467614e-01
5.798826970930351377e-02 5.620722187997766184e-02 -3.240741558074949347e-01 3.239274303647752817e-01 -8.692329531445819324e-02 -2.910039777755735191e-01 -1.234375077735304638e-01 3.127802212326153408e-01 -3.108771295547484437e-01 -1.449514702810814903e-01 -2.871265756501213684e-02 -3.180390615463256077e-01
4.611021542495588599e-02 5.773824706811293839e-02 -3.214848680496216193e-01 3.357025732096331483e-01 -7.490627231248844775e-02 -3.016984052658081006e-01 -1.317243305975651091e-01 3.083476973943821697e-01 -3.015192718505859681e-01 -1.516975800021784504e-01 -2.082247298282603049e-02 -3.186803932189941624e-01
3.466926612731578705e-02 5.821786383175941992e-02 -3.187324829101562673e-01 3.427623713264290051e-01 -6.506515428475631579e-02 -3.133302469253539946e-01 -1.431135201509470822e-01 2.948967692632213922e-01 -2.910972948074339595e-01 -1.587377814431098211e-01 -1.329288659759307600e-02 -3.186578006744383851e-01
2.368995514280977654e-02 5.776122123493830640e-02 -3.164848537445068555e-01 3.438580513812243833e-01 -5.522172887602312674e-02 -3.210810489654541411e-01 -1.564606440414327004e-01 2.721261114520816538e-01 -2.795114345550537283e-01 -1.662377120656886031e-01 -6.753519760791193427e-03 -3.185494251251220765e-01
1.336324876702389523e-02 5.647464501871260478e-02 -3.144683952331542298e-01 3.405150223485216565e-01 -4.653939633962289601e-02 -3.262883014678954474e-01 -1.673141792033910336e-01 2.458427918281883839e-01 -2.664860887527465971e-01 -1.742283968246610693e-01 -9.121885001539403737e-04 -3.184822816848755234e-01
3.853918718135961735e-03 5.455657413866202288e-02 -3.129505844116211577e-01 3.342071986595859245e-01 -3.861766394321976270e-02 -3.301390237808228267e-01 -1.633942063135008227e-01 2.304990992887884782e-01 -2.555734748840332582e-01 -1.829705519838095151e-01 4.532735236873933204e-03 -3.188749809265137292e-01
-4.589162403201675969e-03 5.223271379225209038e-02 -3.117647809982300178e-01 3.255908878978124865e-01 -3.127928010389627311e-02 -3.330690975189208869e-01 -1.565582305003518082e-01 2.135857927330808426e-01 -2.479511852264404403e-01 -1.924337332695006675e-01 9.749061442843931502e-03 -3.197076482772827077e-01
-1.155568398182601694e-02 4.982961993067056006e-02 -3.107462997436523655e-01 3.152009541059191400e-01 -2.451311797377159207e-02 -3.351843757629394682e-01 -1.475577767213708813e-01 1.949615927907742408e-01 -2.448888177871704208e-01 -2.020877847647137848e-01 1.465687736885094850e-02 -3.207611913681030491e-01
-1.697058216276874434e-02 4.759832655502827664e-02 -3.097006006240844433e-01 3.037208374995756244e-01 -1.785502413838037372e-02 -3.365265769958495912e-01 -1.380151048004603365e-01 1.763409592265264281e-01 -2.444914312362670983e-01 -2.117775990173649259e-01 1.907755710024644502e-02 -3.218326063156127792e-01
-1.979495499371213690e-02 4.638310571406600163e-02 -3.093169708251951588e-01 2.923696324886391196e-01 -1.189549989707164301e-02 -3.377275915145872554e-01 -1.286205282533949834e-01 1.588078485037642817e-01 -2.457994098663329741e-01 -2.210222622127057113e-01 2.292149072070354121e-02 -3.230118007659911750e-01
-2.088335747164825340e-02 4.607818300676922579e-02 -3.093971033096313272e-01 2.816859528292137149e-01 -6.855645627337036974e-03 -3.391038722991943088e-01 -1.186494819211035001e-01 1.419065767654916210e-01 -2.478825206756590793e-01 -2.300132342814947273e-01 2.637391709780705085e-02 -3.242375726699827654e-01
-1.908403353483795889e-02 4.781849656291565359e-02 -3.090753574371336576e-01 2.718544754138077502e-01 -2.531720501096484943e-03 -3.406682796478270325e-01 -1.095448575793661339e-01 1.271967453926165503e-01 -2.511675138473509206e-01 -2.386408695086557896e-01 2.939757398947501210e-02 -3.255369491577146945e-01
-1.414124497689785848e-02 5.236109469817596535e-02 -3.079971904754639223e-01 2.629058549329542083e-01 1.108120765098030702e-03 -3.423334474563599628e-01 -1.031776624985304008e-01 1.155948989712132779e-01 -2.577075738906859925e-01 -2.468120714061793897e-01 3.184737228595616032e-02 -3.266803283691405713e-01
-5.684692861890026233e-03 6.061048022581579098e-02 -3.054653663635255034e-01 2.542068210364052394e-01 3.806312847979664848e-03 -3.441443414688111213e-01 -9.896998785466387671e-02 1.062491188602180947e-01 -2.664723367691042011e-01 -2.544449614075636745e-01 3.329949955649416649e-02 -3.274787731170656357e-01
6.359875330965977791e-03 7.340876100334325915e-02 -3.016452045440673468e-01 2.457937922354882510e-01 5.613292369889055777e-03 -3.457128973007201900e-01 -9.533171260145392734e-02 9.817748385341172612e-02 -2.743167324066161927e-01 -2.615998683220915333e-01 3.364022258316987091e-02 -3.278355045318603334e-01
1.903716338943223230e-02 8.899343068803050594e-02 -2.971839733123780025e-01 2.376800809131157100e-01 6.973068343991500884e-03 -3.467060918807984282e-01 -9.323274390071793760e-02 9.172833473872593624e-02 -2.814166135787964373e-01 -2.682429762640805015e-01 3.321684361283386289e-02 -3.275940914154053529e-01
3.080060666756907067e-02 1.062781578097324875e-01 -2.927804870605468235e-01 2.297412316462938420e-01 7.808558841520582550e-03 -3.470528383255004345e-01 -9.306746130606759204e-02 8.670320064071013189e-02 -2.858037681579589373e-01 -2.740664840743254338e-01 3.203874149934760052e-02 -3.264279956817626727e-01
4.153755663633851986e-02 1.251218831885215765e-01 -2.891282100677489142e-01 2.220453992168572310e-01 8.338687690942064856e-03 -3.468254680633543474e-01 -9.583873628448165427e-02 8.290801828950050689e-02 -2.889372415542602601e-01 -2.800415639955570746e-01 3.055685661790208396e-02 -3.245107383728027539e-01
5.158579691245385873e-02 1.455511197460514772e-01 -2.851627941131592014e-01 2.148467143953830538e-01 8.311530925831908667e-03 -3.460941286087036439e-01 -1.042591002635042535e-01 8.058866486875709834e-02 -2.950047154426574947e-01 -2.863480741411277286e-01 2.703184305844706647e-02 -3.217552776336670139e-01
6.095822209669694847e-02 1.676142248090209674e-01 -2.803811283111573571e-01 2.080742068264170297e-01 7.772731507159957864e-03 -3.448567075729371267e-01 -1.181409127879948784e-01 7.898626742828390723e-02 -3.032848711013795828e-01 -2.926192187085531748e-01 1.710191081868925322e-02 -3.176126308441163948e-01
6.993362829237367850e-02 1.922300333066629396e-01 -2.748487586975096875e-01 2.016383587626154328e-01 7.042581663448191365e-03 -3.430311460494994136e-01 -1.334187810091953252e-01 7.668849337018690537e-02 -3.110751075744628835e-01 -2.982041095492767857e-01 6.662924839905229324e-03 -3.137356538772583248e-01
7.771747266341219595e-02 2.177845765946678225e-01 -2.690010185241700214e-01 1.957274146595266717e-01 5.896267254450693329e-03 -3.405361623764038836e-01 -1.463439881308873369e-01 7.235518588739746348e-02 -3.155246372222901274e-01 -3.020014351430583277e-01 -5.557687145803458240e-03 -3.121197862625122998e-01
8.171420806619265897e-02 2.403275477875674582e-01 -2.669560356140138202e-01 1.905054884622505440e-01 4.544073072573526217e-03 -3.375241346359253991e-01 -1.585134534192577938e-01 6.572585326965407759e-02 -3.183383007049561675e-01 -3.039417670265760485e-01 -2.054108144505818051e-02 -3.107379121780396991e-01
8.103220638262209619e-02 2.583927281769866635e-01 -2.703899879455565758e-01 1.857142498950844489e-01 3.299165708828682986e-03 -3.342046852111815736e-01 -1.706753128090406912e-01 5.676447179981959634e-02 -3.193225021362305349e-01 -3.037070431443840146e-01 -4.522821480132571681e-02 -3.078615446090698926e-01
7.752801923806082462e-02 2.737021152609225849e-01 -2.809886474609375462e-01 1.810412373080955151e-01 2.005680330027209690e-03 -3.308418483734131277e-01 -1.827689889292569425e-01 4.550954870703329685e-02 -3.185232276916504235e-01 -2.988332992324554405e-01 -7.258620568977552923e-02 -3.034051771163940869e-01
7.112374341793671617e-02 2.840920651028358002e-01 -2.945723409652710734e-01 1.763030037494498214e-01 5.443441418381683716e-04 -3.276282234191895681e-01 -1.942124511256253794e-01 3.214312573012576002e-02 -3.163276357650755544e-01 -2.852378212885294806e-01 -1.008670485797419636e-01 -2.983830471038816934e-01
6.250813670313593029e-02 2.888053157225063394e-01 -3.087936611175538526e-01 1.713296212891795844e-01 -1.206378015956577343e-03 -3.243864412307740364e-01 -2.040086847091031608e-01 1.737605968437521547e-02 -3.133352775573730598e-01 -2.580738282759156288e-01 -1.277698394688157602e-01 -2.927602453231811785e-01
5.351020734873013218e-02 2.904047090659122032e-01 -3.159504671096802220e-01 1.660454799680748383e-01 -3.422289588694657492e-03 -3.216081542968750595e-01 -2.120322181873166845e-01 2.385566666118284218e-03 -3.108433599472046338e-01 -2.286044556280005802e-01 -1.521573914440982611e-01 -2.873761720657349583e-01
4.464032471343305081e-02 2.887898315617843381e-01 -3.184984703063965528e-01 1.604555653983022190e-01 -6.270808625408984260e-03 -3.192736167907715417e-01 -2.188626694086883429e-01 -1.222123730823340693e-02 -3.090591735839843257e-01 -1.955142065327799272e-01 -1.738049436458498909e-01 -2.824408311843871755e-01
3.671942281137217934e-02 2.840525624445002784e-01 -3.185890264511108683e-01 1.549658267451676785e-01 -9.849490432199833889e-03 -3.173614234924316269e-01 -2.248996517806083617e-01 -2.654839017439344917e-02 -3.080919570922851514e-01 -1.610187121665548615e-01 -1.897364309854481235e-01 -2.783838434219360058e-01
2.832846119760006054e-02 2.782263166337162197e-01 -3.178503437042237145e-01 1.492354931287241115e-01 -1.386219950117073205e-02 -3.157442827224732351e-01 -2.301499702626455535e-01 -4.050946006520844689e-02 -3.080405349731445974e-01 -1.245098442279588269e-01 -1.984480178741261369e-01 -2.768969221115112900e-01
1.965009967850674111e-02 2.721986338817866113e-01 -3.175877447128295228e-01 1.437074274975510546e-01 -1.805055764130622867e-02 -3.143867559432982905e-01 -2.345788315249345835e-01 -5.421058738764480966e-02 -3.087371797561646036e-01 -8.791588686552775922e-02 -2.020008873176510900e-01 -2.782161159515381676e-01
1.091656133762561320e-02 2.657047366566901991e-01 -3.177914257049558877e-01 1.385096162685926224e-01 -2.206408194621764518e-02 -3.130906887054441534e-01 -2.380890481931838831e-01 -6.828988920572155730e-02 -3.099165792465209401e-01 -5.311544819987816524e-02 -2.009007385761061304e-01 -2.811941738128661550e-01
2.586701034213316486e-03 2.588756966078906152e-01 -3.182172603607177908e-01 1.340342656560591372e-01 -2.554795957507165205e-02 -3.116967315673828121e-01 -2.401400677029239539e-01 -8.281071084546159922e-02 -3.112681312561034197e-01 -2.112526975536009599e-02 -1.932291436777505700e-01 -2.841708059310912304e-01
-5.292132554523369670e-03 2.519526103975585074e-01 -3.184197587966917653e-01 1.302052909557217253e-01 -2.809557181713265989e-02 -3.099635572433470099e-01 -2.406713736198740350e-01 -9.777880298634744616e-02 -3.122772760391235303e-01 7.040440651163895613e-03 -1.818032364656229083e-01 -2.861946268081664857e-01
-1.315632188466265423e-02 2.445635384649829658e-01 -3.181918210983275541e-01 1.265130768498783920e-01 -2.937254750616726667e-02 -3.074266357421873708e-01 -2.401948079885738996e-01 -1.128164706373037673e-01 -3.126606626510620157e-01 3.151052971463298019e-02 -1.701438406486975585e-01 -2.866347045898437473e-01
-2.106977882627080953e-02 2.367971496734227466e-01 -3.178636426925658953e-01 1.232250202730167665e-01 -2.906507341312799739e-02 -3.042980165481566912e-01 -2.388895389064750463e-01 -1.276698133090142240e-01 -3.128636808395386382e-01 5.266562515663449767e-02 -1.605374359784623173e-01 -2.862264986038208781e-01
-2.888650375729606354e-02 2.287844955603024755e-01 -3.174789543151854687e-01 1.216137888949064272e-01 -2.330528167495162645e-02 -3.022957153320312007e-01 -2.366743152177485654e-01 -1.421056883447304464e-01 -3.129712696075440115e-01 6.873725296239532878e-02 -1.541942532894396423e-01 -2.864389152526856108e-01
-3.660220733939092280e-02 2.206404148088764450e-01 -3.167336053848266442e-01 1.197860991633399180e-01 -1.247483343632862195e-02 -3.002788944244384473e-01 -2.377541285083490941e-01 -1.517070468697085117e-01 -3.125752611160278471e-01 7.727440424122433704e-02 -1.501458701878964908e-01 -2.874594707489013801e-01
-4.402754375306584811e-02 2.125557188436466571e-01 -3.153310985565185853e-01 1.151600115942500169e-01 2.996617705530657365e-03 -2.926624937057495379e-01 -2.432635915961843809e-01 -1.563809259962262166e-01 -3.113715572357176886e-01 7.970262346215431504e-02 -1.485810732544523560e-01 -2.902540321350096653e-01
-5.127446054768482198e-02 2.044878243539315632e-01 -3.124811477661132431e-01 1.078347796813207832e-01 2.453750990342316515e-02 -2.793708772659301287e-01 -2.486978547092350833e-01 -1.608321019536907148e-01 -3.081189699172973695e-01 7.898828457860193608e-02 -1.506221103684494411e-01 -2.927447004318237123e-01
-5.831386384684812685e-02 1.963112884941490832e-01 -3.088803405761717524e-01 9.787268613478793122e-02 4.988210103842512233e-02 -2.677379961013792720e-01 -2.535928656212892429e-01 -1.644614966324509930e-01 -3.036377210617065558e-01 7.565220174486914084e-02 -1.564410069670127690e-01 -2.962266893386840683e-01
-6.483593421559499803e-02 1.881013755728867254e-01 -3.054096860885620046e-01 8.804097824043863318e-02 7.948634981232022279e-02 -2.578595943450927575e-01 -2.588351713726877446e-01 -1.688332198102363013e-01 -2.989467592239379856e-01 7.062032834188988750e-02 -1.619729916168516914e-01 -2.984763164520263801e-01
-7.096439401991654072e-02 1.796932934188963382e-01 -3.023382968902588175e-01 7.725364178327558118e-02 1.096239292359278833e-01 -2.499581642150879301e-01 -2.641156109704060895e-01 -1.742298631607469561e-01 -2.940164251327515021e-01 6.572188741768969500e-02 -1.658977461206163351e-01 -2.967359132766724250e-01
-7.657608315841787916e-02 1.714160620504924792e-01 -2.997110719680786683e-01 6.549011507074065097e-02 1.410672661630060498e-01 -2.442589111328125617e-01 -2.687176159568561706e-01 -1.811758572013263957e-01 -2.889025325775145814e-01 6.024314289965088803e-02 -1.708025926002351980e-01 -2.944223041534423380e-01
-8.140244308494058723e-02 1.633321689798085119e-01 -2.977118558883667387e-01 5.306228486978688264e-02 1.731709090200501400e-01 -2.416255016326904759e-01 -2.684482139452887828e-01 -1.909878257242116351e-01 -2.836025543212891131e-01 5.425330538734195879e-02 -1.765591189808090600e-01 -2.940622038841247954e-01
-8.510685167545023466e-02 1.553879425288833271e-01 -2.965335674285888845e-01 4.148248975200377608e-02 2.054263517669927541e-01 -2.435698909759521913e-01 -2.602370558521185373e-01 -2.057840265216226705e-01 -2.786019725799561142e-01 4.788067493586710410e-02 -1.831780934270815231e-01 -2.947867794036865829e-01
-8.728482819064947718e-02 1.475643459817422287e-01 -2.963896675109863876e-01 3.345563374279114655e-02 2.384394196193607429e-01 -2.494815940856933978e-01 -2.458882538809700480e-01 -2.212943248400213725e-01 -2.733643360137939515e-01 4.168350329697342871e-02 -1.907447352932935547e-01 -2.964460105895996289e-01
-8.808396027813852891e-02 1.398208257794495146e-01 -2.966836900711060099e-01 3.038118104534008601e-02 2.716926431284347188e-01 -2.575320739746094212e-01 -2.257229003825041991e-01 -2.367841558666836654e-01 -2.665878410339356241e-01 3.591080473972710352e-02 -1.991264138592720445e-01 -2.984893794059754191e-01
-8.753207405714817646e-02 1.323327572110241379e-01 -2.975507802963256454e-01 3.326431710850667745e-02 3.039984993447862882e-01 -2.664474744796752059e-01 -2.012184032032351688e-01 -2.502198484858179084e-01 -2.580404491424561075e-01 3.067272325369971298e-02 -2.081418206565640583e-01 -3.009447927474976359e-01
-8.659652019042696214e-02 1.251177910376394253e-01 -2.981475324630735724e-01 4.522235134597529793e-02 3.378129100168792420e-01 -2.749698896408079851e-01 -1.762172464877842237e-01 -2.610720429672754861e-01 -2.507926578521728622e-01 2.596540483699807944e-02 -2.173903386171824048e-01 -3.029692001342773056e-01
-8.519414522784055088e-02 1.178111826959119812e-01 -2.983343048095703498e-01 5.602734593651068074e-02 3.530616434188533770e-01 -2.804314012527466260e-01 -1.668438338169709323e-01 -2.580140765389918878e-01 -2.455322713851927907e-01 2.163367827880494088e-02 -2.268116680268495167e-01 -3.045806999206542298e-01
-8.350736444108544654e-02 1.106516260956463549e-01 -2.984985132217408688e-01 6.622231877586633175e-02 3.588768101490585338e-01 -2.906159038543702500e-01 -1.566113065793452164e-01 -2.454616759150110017e-01 -2.424227590560914525e-01 1.766633728286998162e-02 -2.364001861879650723e-01 -3.061331148147584114e-01
-8.172581057346020583e-02 1.037760460239220695e-01 -2.978513402938842702e-01 7.444495502448776614e-02 3.562526465340081772e-01 -3.043353266716003480e-01 -1.446559693459397999e-01 -2.283685309590418044e-01 -2.408893842697143461e-01 1.385765155576132446e-02 -2.461021515471393528e-01 -3.068453903198242183e-01
-7.978411556618084099e-02 9.736462421351455010e-02 -2.964179296493530957e-01 7.683474986676526453e-02 3.479402117330470667e-01 -3.158516783714294673e-01 -1.323167395214872033e-01 -2.090240857885234393e-01 -2.407240219116212332e-01 1.008317497852169453e-02 -2.559059048731036623e-01 -3.067112894058229289e-01
-7.767963541601861921e-02 9.143485127268372037e-02 -2.945317525863647146e-01 7.690997282063220808e-02 3.379887990811299425e-01 -3.211766500473021702e-01 -1.203221652972840394e-01 -1.886789052635412522e-01 -2.417903537750244469e-01 6.236967349228281221e-03 -2.657648170077943073e-01 -3.060340900421142929e-01
-7.567026587159630946e-02 8.634823582230559402e-02 -2.925601692199707449e-01 7.638292314131803207e-02 3.281173303912964245e-01 -3.209629960060120246e-01 -1.093168222677395607e-01 -1.685699554202099160e-01 -2.429142923355103179e-01 2.275656881062432246e-03 -2.757724779169499207e-01 -3.053504962921143040e-01
-7.426076461652841854e-02 8.293086567846233437e-02 -2.906788225173950746e-01 7.326625869890127096e-02 3.174527010056108489e-01 -3.203556652069092237e-01 -9.954904378472793913e-02 -1.492639872615355023e-01 -2.438784093856811719e-01 -1.889648029376633787e-03 -2.859074296431787232e-01 -3.047986049652099960e-01
-7.740610058987767994e-02 8.006810043807092991e-02 -2.881480569839478534e-01 6.852547899996612457e-02 3.061704106187350116e-01 -3.197132534980774432e-01 -9.126917302942805232e-02 -1.314444435944565615e-01 -2.457480068206787660e-01 -6.159117910598116419e-03 -2.960436867007064099e-01 -3.043347473144532023e-01
-8.040617570202718278e-02 7.958806885039255985e-02 -2.843989820480347097e-01 6.446203413683999905e-02 2.947277325466816089e-01 -3.187571592330932790e-01 -8.405322243411494920e-02 -1.139073134126030590e-01 -2.474468011856079397e-01 -1.033892663094790332e-02 -3.064263616892648479e-01 -3.035790462493896946e-01
-8.280360105937434323e-02 8.206396405617139012e-02 -2.800546092987060698e-01 6.144986268574288701e-02 2.838165122739447765e-01 -3.176859159469604399e-01 -7.800142797138097384e-02 -9.809905145734540421e-02 -2.506829376220702787e-01 -1.435621247380075571e-02 -3.169789858594793674e-01 -3.026745672225952255e-01
-8.427221234571703745e-02 8.782317393221977797e-02 -2.754102916717529603e-01 5.899623553025954564e-02 2.734128269473565798e-01 -3.164853925704956272e-01 -7.323305501237895032e-02 -8.471495881684072693e-02 -2.549870557785033354e-01 -1.829257039930575618e-02 -3.275014848802711986e-01 -3.016998453140258274e-01
-8.459757645442528284e-02 9.837259493176359060e-02 -2.707249660491943821e-01 5.668680159733253954e-02 2.633149930030526109e-01 -3.153279991149902650e-01 -6.961732057095602888e-02 -7.317666491272403761e-02 -2.593210430145264089e-01 -2.203495863129013160e-02 -3.380691262030219857e-01 -3.007181901931763046e-01
-8.370580868590613011e-02 1.155459427384996907e-01 -2.660337562561036484e-01 5.450363345276573040e-02 2.533826126603745954e-01 -3.144042582511902828e-01 -6.790156048440781911e-02 -6.794593948580374132e-02 -2.645945639610292055e-01 -2.532071237419292881e-02 -3.485009951982714349e-01 -2.998422927856446707e-01
-8.102330729973855616e-02 1.365017754559733620e-01 -2.614862937927245889e-01 5.248490192877705574e-02 2.434665429120280999e-01 -3.137369556427002104e-01 -6.741012155866209221e-02 -6.679492857772946490e-02 -2.674943919181823615e-01 -2.806045005742183879e-02 -3.584241124710173532e-01 -2.988734884262084779e-01
-8.187360847292687871e-02 1.580584380533627820e-01 -2.573331422805786861e-01 5.057020138345010019e-02 2.333009806094686056e-01 -3.132027645111084557e-01 -6.821943032172612942e-02 -7.062235997890854711e-02 -2.715556879043579674e-01 -3.066898522427278367e-02 -3.679878384996542739e-01 -2.975555677413941336e-01
-8.365980345422985298e-02 1.805420802147668924e-01 -2.542966194152832538e-01 4.896249896484698022e-02 2.226837419544080432e-01 -3.127826995849610214e-01 -7.023414417783802044e-02 -7.999861836429200679e-02 -2.781635375022888934e-01 -3.295194862069901476e-02 -3.771299151219164036e-01 -2.955566329956055283e-01
-8.423610293432584606e-02 2.033853756140141522e-01 -2.527065105438233150e-01 4.766236942465858911e-02 2.115574934606708202e-01 -3.126696271896362567e-01 -7.250582936510238663e-02 -9.177572980813722414e-02 -2.834799189567566158e-01 -3.465424027936336859e-02 -3.858262445610343150e-01 -2.931384391784668253e-01
-8.349533473229228675e-02 2.258587576333035418e-01 -2.525441379547118670e-01 4.656498526845445629e-02 1.999804616324655226e-01 -3.126633567810058190e-01 -7.425262608530636133e-02 -1.028849962900067888e-01 -2.845798010826109392e-01 -3.531187086006327275e-02 -3.939187701311439027e-01 -2.899567670822142396e-01
-8.158949133093240658e-02 2.482328309888739704e-01 -2.543474788665772146e-01 4.555328250343716745e-02 1.882052505266918474e-01 -3.126861305236817157e-01 -7.569312723396728892e-02 -1.142385600754954877e-01 -2.854676098823548114e-01 -3.419234137199830131e-02 -4.007106906266112434e-01 -2.861882133483887314e-01
-7.536617001001488791e-02 2.730258532357452972e-01 -2.580328245162963885e-01 4.464151270784823267e-02 1.766359683176009499e-01 -3.125861902236938827e-01 -7.676663335301933677e-02 -1.257350979514333111e-01 -2.861701817512512513e-01 -3.172215503718682494e-02 -4.044094553028820260e-01 -2.823205347061157333e-01
-6.936175715854349388e-02 2.955644845624021411e-01 -2.596108932495116983e-01 4.354857268397940850e-02 1.652524205166536753e-01 -3.126540727615356730e-01 -7.698410896350259269e-02 -1.376335774813030599e-01 -2.873173446655273300e-01 -2.577590163287335479e-02 -4.043882493194295158e-01 -2.785464401245117405e-01
-6.123864403931692652e-02 3.183430542443828060e-01 -2.604898233413696640e-01 4.460609314559021987e-02 1.540886505858881927e-01 -3.128289432525634961e-01 -7.636712267201956061e-02 -1.499300145805730067e-01 -2.890687055587768950e-01 -1.767474161309107172e-02 -3.999547383184775540e-01 -2.739658756256103667e-01
-5.101550582030290465e-02 3.401155801385334354e-01 -2.598626346588135405e-01 4.957395661791470093e-02 1.427973809341234190e-01 -3.130588407516480265e-01 -7.494876326136803990e-02 -1.621983988240507935e-01 -2.908803100585938273e-01 -7.879710512741847084e-03 -3.887002794821525220e-01 -2.676864976882935565e-01
-3.907796690846990911e-02 3.587691977881798389e-01 -2.587461538314820286e-01 5.402017259738823435e-02 1.310122714433136770e-01 -3.133792276382447173e-01 -7.285110764258372062e-02 -1.740598342673598531e-01 -2.925508422851562096e-01 2.722886726030750160e-03 -3.699651954909332074e-01 -2.598330278396606130e-01
-2.582500987055989794e-02 3.731868528206070956e-01 -2.596635599136352113e-01 5.782930039870631811e-02 1.187090230507470423e-01 -3.137507600784301132e-01 -7.031617618948585169e-02 -1.855836080340879934e-01 -2.942307014465331827e-01 1.329247739877866680e-02 -3.428648052775790656e-01 -2.523397560119628458e-01
-1.160629593060363146e-02 3.839602252783207992e-01 -2.619959087371826478e-01 6.093463348701472215e-02 1.061281379413710202e-01 -3.140829248428345100e-01 -6.803659589202731839e-02 -1.966584712631414822e-01 -2.957277030944824858e-01 2.195480133751421051e-02 -3.115649253863494450e-01 -2.453764410018921260e-01
3.385426519254601530e-03 3.913950709313617216e-01 -2.653288288116455451e-01 6.333398681321496249e-02 9.347898796041392844e-02 -3.142652673721313961e-01 -6.606950213391353521e-02 -2.073810665342115944e-01 -2.969607133865356796e-01 2.893109374376683432e-02 -2.763292214194962848e-01 -2.398144836425781523e-01
1.873232342535746664e-02 3.949872925357665321e-01 -2.699696226119995823e-01 6.502764616123060670e-02 8.104026661842160528e-02 -3.142572326660156845e-01 -6.954452377744342606e-02 -2.176241599441361418e-01 -2.980771799087524876e-01 3.366497290100545214e-02 -2.422140685702106888e-01 -2.383544797897339529e-01
3.370506212374008159e-02 3.928809713593949260e-01 -2.769456024169921760e-01 6.592388729962739280e-02 6.838720067967865579e-02 -3.138139123916626194e-01 -7.557647705078128497e-02 -2.281152105331420710e-01 -2.989782161712646325e-01 4.999999999999996114e-02 -2.023705959320068193e-01 -2.396691865921020403e-01
4.791162307205135140e-02 3.863624311564856084e-01 -2.851976175308227335e-01 6.586694724947611546e-02 5.524679836145605927e-02 -3.123527021408080695e-01 -8.077630615234379641e-02 -2.387278318405151312e-01 -2.993132467269898345e-01 4.999999999999996808e-02 -1.684360027313232533e-01 -2.424087066650391364e-01
6.177851089747726787e-02 3.779567849528886470e-01 -2.927792186737060431e-01 6.493722421880210316e-02 4.214484563968771969e-02 -3.098258705139160241e-01 -8.615438842773440187e-02 -2.500618171691894598e-01 -2.993355722427368248e-01 4.999999999999997502e-02 -1.369787406921386674e-01 -2.478440685272216837e-01
7.483033160008087381e-02 3.678906526789432752e-01 -2.987624711990356507e-01 6.340446724745990581e-02 3.016408056502763169e-02 -3.065193624496460045e-01 -9.181762695312500888e-02 -2.617074894905090376e-01 -2.990846462249756033e-01 4.999999999999998196e-02 -1.090211391448974165e-01 -2.586584873199463397e-01
8.647865133888563149e-02 3.560973268663761293e-01 -3.025396032333374507e-01 6.166715291991442527e-02 2.014117449377111901e-02 -3.022100467681885227e-01 -9.766793823242186923e-02 -2.734386348724365257e-01 -2.980822868347168808e-01 4.999999999999998196e-02 -8.572086811065673939e-02 -2.669807095527649832e-01
9.634849685597191016e-02 3.427713685396449605e-01 -3.045331926345825058e-01 6.078506825792872464e-02 1.396061581241945029e-02 -2.975184793472289702e-01 -1.036389160156250405e-01 -2.852739930152893288e-01 -2.960881729125977579e-01 4.999999999999998890e-02 -6.773715019226074496e-02 -2.715902276039124374e-01
1.043433785328392316e-01 3.284804490741042859e-01 -3.049348516464234216e-01 6.089497012509544754e-02 1.084653143471310532e-02 -2.905303211212159065e-01 -1.098875427246093772e-01 -2.969119334220886586e-01 -2.935230607986450968e-01 4.999999999999998890e-02 -6.278695106506347601e-02 -2.793641300201417099e-01
1.102776695757066994e-01 3.139479109114464150e-01 -3.043666381835937185e-01 6.298250110369940646e-02 1.195538453120515224e-02 -2.784574146270751838e-01 -1.136746988025195276e-01 -3.073577040075529676e-01 -2.911090059280395104e-01 3.944459975923403361e-02 -7.894986517414684379e-02 -2.847625274658203143e-01
1.145689154078743111e-01 2.996595536799261383e-01 -3.032673377990723340e-01 6.788683357314254097e-02 1.777328168705104988e-02 -2.668744916915893883e-01 -1.203259447613397315e-01 -3.175013803718199634e-01 -2.890079803466796271e-01 3.647855530377348138e-02 -8.793993832120208798e-02 -2.848691482543944664e-01
1.174969569448671425e-01 2.859805231733792974e-01 -3.023215932846070042e-01 7.539991222391279058e-02 2.705012624100314872e-02 -2.561945648193360014e-01 -1.275938978816238689e-01 -3.263884693464423892e-01 -2.869994468688965572e-01 3.275141661149477690e-02 -9.815462155727104621e-02 -2.831108636856079497e-01
1.195567346262257358e-01 2.730525054063102641e-01 -3.018682451248169141e-01 8.612733401050683135e-02 4.003826008270439107e-02 -2.469249362945556692e-01 -1.355112224785068320e-01 -3.337357106082510794e-01 -2.851713247299194620e-01 2.826339098968431648e-02 -1.091118116647994823e-01 -2.838436050415039102e-01
1.211432544973301273e-01 2.603351181817634696e-01 -3.015910882949828786e-01 9.941410957139777682e-02 5.486063225819776124e-02 -2.395323295593261848e-01 -1.443747364437295289e-01 -3.395578032900100074e-01 -2.834581108093262580e-01 2.336199679047023386e-02 -1.197030590291996155e-01 -2.851041526794434455e-01
1.225946368460475444e-01 2.478250330133720813e-01 -3.013796396255493115e-01 1.141247492921264456e-01 6.930324233623381958e-02 -2.371292037963867172e-01 -1.536889030004253698e-01 -3.424648764372731913e-01 -2.816848106384275963e-01 1.788694613340316084e-02 -1.291308654068097916e-01 -2.860261578559874507e-01
1.235615674203238423e-01 2.356206520814640437e-01 -3.011676425933836332e-01 1.307497315679345407e-01 8.403474974217522986e-02 -2.374956054687499263e-01 -1.626914698555408934e-01 -3.412385109809902839e-01 -2.797512598037718567e-01 1.091835398713484478e-02 -1.390551758862040854e-01 -2.875483698844908398e-01
1.239844826868946870e-01 2.238271959992143012e-01 -3.010682363510131521e-01 1.509520549731376837e-01 1.009176963550558054e-01 -2.411403293609619136e-01 -1.721344103209142828e-01 -3.370861058061560556e-01 -2.780057163238525142e-01 1.863143743036685396e-03 -1.491570671001895276e-01 -2.891751403808593412e-01
1.238386040223373730e-01 2.125515169864551912e-01 -3.011584014892578209e-01 1.733881611400341083e-01 1.180894146582668613e-01 -2.493652172088623165e-01 -1.846122620484680898e-01 -3.284118826080078546e-01 -2.767200441360472274e-01 -9.471267222166374067e-03 -1.589184148233113159e-01 -2.905923051834105597e-01
1.231730684062448400e-01 2.017010921215541541e-01 -3.014913244247437452e-01 2.091617856173432488e-01 1.240854548015087461e-01 -2.584279842376709935e-01 -2.006341077128863393e-01 -3.145715366913208744e-01 -2.764139719009400253e-01 -2.263460779015006447e-02 -1.679973046124455804e-01 -2.921337909698487056e-01
1.221614745224135212e-01 1.912775507165889455e-01 -3.020971221923828276e-01 2.406084949771994108e-01 1.207550907805848839e-01 -2.590529937744140976e-01 -2.129627802359908006e-01 -2.938073030862153878e-01 -2.768873043060303130e-01 -3.694333270746101572e-02 -1.758798966956367782e-01 -2.941982240676880300e-01
1.182554820459417316e-01 1.839089118854047300e-01 -3.028634376525879413e-01 2.666824839990667995e-01 1.142900154010297181e-01 -2.610769243240357307e-01 -2.203520884316091388e-01 -2.684206549817780285e-01 -2.766445655822754590e-01 -5.164550649022357082e-02 -1.823799222221374472e-01 -2.968327970504761604e-01
1.117503473020083071e-01 1.793138250584297155e-01 -3.036466808319090993e-01 2.863908502316958038e-01 1.076295599217109294e-01 -2.703306217193602867e-01 -2.230643294339329230e-01 -2.411117258342829195e-01 -2.745646352767943665e-01 -6.631413320266400790e-02 -1.876224307804685854e-01 -2.994385833740234037e-01
1.050591671052022169e-01 1.750489042923848992e-01 -3.042761535644532001e-01 2.915791256012958410e-01 1.046996000931661452e-01 -2.745157690048218302e-01 -2.214213800576512459e-01 -2.133854994150980178e-01 -2.722092218399048691e-01 -8.067706458504209088e-02 -1.918946858871333205e-01 -3.018450040817261537e-01
9.823319792765718150e-02 1.709220102862453738e-01 -3.047357864379884873e-01 3.068744943143760784e-01 1.002652109698391886e-01 -2.752264280319215439e-01 -2.238540054912671884e-01 -1.792919932358870150e-01 -2.702131338119507786e-01 -9.433623286266558383e-02 -1.955948135268728572e-01 -3.040229625701905136e-01
9.128743024015509300e-02 1.669169772283012609e-01 -3.047385091781616429e-01 3.174387974276552393e-01 8.769340545095760664e-02 -2.829873008728027717e-01 -2.246639640014580497e-01 -1.426744623776519949e-01 -2.690637321472168497e-01 -1.071631859042096180e-01 -1.989414514774404397e-01 -3.057518167495728023e-01
8.436109207200470639e-02 1.631877043892709100e-01 -3.044057865142822950e-01 3.168963093571610101e-01 7.679710990684904259e-02 -2.902240009307862079e-01 -2.224660257189655377e-01 -1.053490211492881801e-01 -2.691847820281982884e-01 -1.195261683972195094e-01 -2.019311636841219781e-01 -3.069860954284668875e-01
7.750112365449864094e-02 1.597319388827584119e-01 -3.038948507308960600e-01 3.105749761935612252e-01 6.764438395111782576e-02 -2.971221227645874374e-01 -2.180804703631178676e-01 -6.968612171498395069e-02 -2.703595561981201323e-01 -1.317075678247981996e-01 -2.044851817413395889e-01 -3.079052658081055105e-01
7.052859968208757824e-02 1.567186593480101586e-01 -3.031912059783936075e-01 3.009579820063065236e-01 6.011972135972895592e-02 -3.042978305816650964e-01 -2.120944992273719187e-01 -3.570599038695505822e-02 -2.721179742813110702e-01 -1.441706379983364594e-01 -2.064980442233321223e-01 -3.087676925659180172e-01
6.321583797922203374e-02 1.540211438556932377e-01 -3.020609779357910085e-01 2.908096490143783353e-01 5.455163091624014304e-02 -3.074621434211731175e-01 -2.049785342792004861e-01 -2.790129756192805122e-03 -2.728842086791992694e-01 -1.573719447128538451e-01 -2.077550775133731320e-01 -3.094589824676514112e-01
5.662297941050506433e-02 1.513521061593641193e-01 -3.005460329055786861e-01 2.810670101722239078e-01 5.098067671600471640e-02 -3.065398139953613987e-01 -1.950171860354747988e-01 2.674025834492101128e-02 -2.731090612411499752e-01 -1.711296631700929827e-01 -2.082005526465930401e-01 -3.100230188369751394e-01
5.157254499418293531e-02 1.484402643658443433e-01 -2.986628456115722474e-01 2.719996079824641422e-01 4.810402169006314232e-02 -3.046487469673156423e-01 -1.841780717291540137e-01 5.347842492080105703e-02 -2.734415001869202611e-01 -1.852201635781248190e-01 -2.077464644023219176e-01 -3.103903932571411839e-01
4.765829900099363692e-02 1.457157544052340159e-01 -2.964439077377319931e-01 2.636055646259936047e-01 4.482763184664030620e-02 -3.032377166748047581e-01 -1.741049346040038914e-01 7.307991211833328449e-02 -2.757261986732482684e-01 -1.999301364107181622e-01 -2.058469168443742836e-01 -3.104311580657958536e-01
4.590315506683036867e-02 1.435220369193137280e-01 -2.938462467193604377e-01 2.549872004769865863e-01 4.134482134314197005e-02 -3.018059463500977202e-01 -1.645713435188532747e-01 8.742837843073446302e-02 -2.777598853111267752e-01 -2.154723892105253336e-01 -2.020532482622577619e-01 -3.101854057312012358e-01
4.696910034943231615e-02 1.416739966210864565e-01 -2.906925458908080628e-01 2.462040201004214168e-01 3.774608842039831741e-02 -3.007090587615966482e-01 -1.575775593854557566e-01 9.758415920928389942e-02 -2.800160903930664080e-01 -2.311458156409970099e-01 -1.960350584404300101e-01 -3.095652074813842747e-01
5.138062848047424136e-02 1.393103643249040402e-01 -2.862757987976074503e-01 2.395813124846760955e-01 2.771202830207888240e-02 -3.000047607421875151e-01 -1.565960589380046009e-01 1.057211193291718865e-01 -2.838860173225402628e-01 -2.462449574343301140e-01 -1.883109872395799245e-01 -3.089742107391357240e-01
5.997828285456700825e-02 1.355542894895985229e-01 -2.803359766006468523e-01 2.324489495211586043e-01 1.777041979983196018e-02 -2.992490787506102423e-01 -1.610788418550549994e-01 1.104420741318091204e-01 -2.891240997314452055e-01 -2.617901261541833446e-01 -1.793614527234328182e-01 -3.077385921478270614e-01
7.339798134144584485e-02 1.299050380825439444e-01 -2.735401268005371866e-01 2.248857721771409524e-01 7.912328044719321718e-03 -2.980732650756836577e-01 -1.685413953050409752e-01 1.097058622934357630e-01 -2.932988638877869203e-01 -2.734252732167984923e-01 -1.781695715671391123e-01 -3.053806514739990652e-01
9.310492144281175275e-02 1.219928094964730647e-01 -2.664973897933959890e-01 2.170444757822109771e-01 -2.070633117461029293e-03 -2.959780616760254168e-01 -1.773622745771847309e-01 1.069170037535911166e-01 -2.952637715339661018e-01 -2.827157859125377648e-01 -1.817549899530870317e-01 -3.019558877944946151e-01
1.182669570518453117e-01 1.126213742845480481e-01 -2.596964950561523877e-01 2.089951833995046804e-01 -1.213723238650372960e-02 -2.926118869781494936e-01 -1.867268457264689707e-01 1.041754418723238457e-01 -2.966118736267091549e-01 -2.916658693029446914e-01 -1.839744708204694712e-01 -2.977610273361207538e-01
1.457939766213132149e-01 1.018750421349645385e-01 -2.538808221817017152e-01 2.002081482543078272e-01 -2.174892863054427028e-02 -2.886001892089843923e-01 -1.963597730181949330e-01 1.012896078618114454e-01 -2.968363685607909308e-01 -2.993257826155936163e-01 -1.837475166154055595e-01 -2.927629442214965128e-01
1.740353226339280135e-01 8.917171214816164981e-02 -2.501092262268067024e-01 1.903353162058422088e-01 -3.073098778847231649e-02 -2.850696105957031823e-01 -2.051529365604622124e-01 9.858544065182178739e-02 -2.956887121200562074e-01 -3.044916872104435623e-01 -1.793398924054560029e-01 -2.871337671279907688e-01
2.037009952056855755e-01 7.391815962726154543e-02 -2.487889308929443488e-01 1.792692237971559299e-01 -3.877134620773686757e-02 -2.828330774307251105e-01 -2.139154617542746717e-01 9.708244490776882230e-02 -2.943630332946777228e-01 -3.072326879354998486e-01 -1.658441792032906703e-01 -2.810299081802368204e-01
2.340698009774561661e-01 5.624491667919145899e-02 -2.489439601898194576e-01 1.671745515800087400e-01 -4.557015652095206676e-02 -2.815616626739503303e-01 -2.231363914030539408e-01 9.589034101333934745e-02 -2.934126062393189738e-01 -3.053469790172519960e-01 -1.454476488172463666e-01 -2.740148944854737811e-01
2.662790154129560105e-01 4.610390044906535756e-02 -2.517129154205322572e-01 1.538519394981281152e-01 -5.225957401291909943e-02 -2.811283035278320797e-01 -2.328216233243186606e-01 9.523582639467272071e-02 -2.927407426834106596e-01 -2.948556875837922697e-01 -1.213066879761911243e-01 -2.663147659301758341e-01
2.957144958877122032e-01 3.343763444017411324e-02 -2.529481334686279892e-01 1.395228833737583163e-01 -5.793082838333560303e-02 -2.834531803131103977e-01 -2.424939090250927687e-01 9.514564246509013556e-02 -2.927343292236329053e-01 -2.698867334841756893e-01 -1.149771261055158034e-01 -2.613942785263062007e-01
3.229950219409664092e-01 2.045301346501075465e-02 -2.529352302551269305e-01 1.244837248648882622e-01 -6.168092415961051733e-02 -2.894888420104980153e-01 -2.525082344873331719e-01 9.559066667879459467e-02 -2.931225938796996888e-01 -2.406417739406609690e-01 -1.074988748637684260e-01 -2.612629098892211843e-01
3.464874253822373684e-01 6.942666761619725735e-03 -2.534526653289794762e-01 1.116098888755478330e-01 -6.438726976764300169e-02 -2.884760971069336155e-01 -2.626599910852488451e-01 9.686674103598667818e-02 -2.938223619461059477e-01 -2.079080545422458681e-01 -9.843668585280448968e-02 -2.635308380126952787e-01
3.674108276665840056e-01 -6.742721820717702264e-03 -2.547787351608277184e-01 1.008809397207369590e-01 -6.635164137540527918e-02 -2.810807056427002126e-01 -2.730933088640415951e-01 9.890287267046971031e-02 -2.946177072525024698e-01 -1.728596612716945813e-01 -8.813575077999682983e-02 -2.660609979629516841e-01
3.842730264248814254e-01 -2.015360545543751908e-02 -2.559998435974121245e-01 9.049537429243249831e-02 -6.756658618154541551e-02 -2.748123569488525875e-01 -2.837403877327006052e-01 1.015821821791790536e-01 -2.954158897399903894e-01 -1.377320582701994089e-01 -7.784241958793861049e-02 -2.662112445831300578e-01
3.954609543979297759e-01 -3.295547635202544096e-02 -2.581785411834717214e-01 7.890297963444217744e-02 -6.789178144796173542e-02 -2.722610397338867672e-01 -2.942397131405438682e-01 1.046207193625868087e-01 -2.962473983764649099e-01 -1.062078740053362391e-01 -6.913393739814241434e-02 -2.673819203376770481e-01
3.993374979373991440e-01 -4.475390803009444279e-02 -2.632435007095337287e-01 6.576280609272677768e-02 -6.726939629514674945e-02 -2.772493429183960356e-01 -3.042150727468239113e-01 1.079715588580514585e-01 -2.969338531494142286e-01 -8.026357595098909670e-02 -6.248152460353058324e-02 -2.707971520423890777e-01
3.970504752392827186e-01 -5.615831414561504864e-02 -2.721239347457886648e-01 5.460051137659584219e-02 -6.666391425946657789e-02 -3.084394569396973207e-01 -3.141352654351456386e-01 1.118706039970372712e-01 -2.973786516189574902e-01 -5.782079501867508353e-02 -5.753852577678234687e-02 -2.752422208786010627e-01
3.899998608881518058e-01 -6.501956574695016977e-02 -2.826897497177122687e-01 4.919071983363167144e-02 -6.699617493631160325e-02 -3.115739698410033287e-01 -3.251344931230282786e-01 1.163314523555332713e-01 -2.975495977401731995e-01 -4.279191296777871967e-02 -5.448079857606710763e-02 -2.788172907829283842e-01
3.799163869129381088e-01 -7.336015446571236831e-02 -2.913200922012327831e-01 3.804419452523086220e-02 -6.530118314208782637e-02 -3.109574193954466881e-01 -3.364655048363905943e-01 1.212684759369120346e-01 -2.970365447998045694e-01 -3.896661796201501132e-02 -5.300167128679879325e-02 -2.831001396179197993e-01
3.672744880880507434e-01 -8.103574412873228161e-02 -2.971983642578126528e-01 2.313822274131216439e-02 -6.169580382985753730e-02 -3.081573123931886649e-01 -3.475100303460643691e-01 1.269047067379174831e-01 -2.953027172088622532e-01 -4.486141807685989358e-02 -5.214127394544485622e-02 -2.861994476318359126e-01
3.541374671554254339e-01 -8.833724610092907881e-02 -3.003455324172974450e-01 1.101134146580481227e-02 -5.830330458187643616e-02 -3.041677589416504901e-01 -3.571924825049638819e-01 1.333984650996964394e-01 -2.917023725509644283e-01 -5.789005882043478379e-02 -5.104029575700570059e-02 -2.874129862785340106e-01
3.407529567753073696e-01 -9.433941007474613838e-02 -3.015168876647950080e-01 8.137581445020608539e-04 -5.492112405056508162e-02 -2.993201942443848296e-01 -3.646716701859594179e-01 1.405183030394343280e-01 -2.864939661026001949e-01 -7.520894282037002276e-02 -4.898370766572437279e-02 -2.864342279434204941e-01
3.272238166302472995e-01 -9.891253291329839270e-02 -3.011382503509521524e-01 -7.262903281331204233e-03 -5.185032035463432720e-02 -2.937442798614502415e-01 -3.692918490536272191e-01 1.482192349318162683e-01 -2.802689905166625417e-01 -9.124231864911939993e-02 -4.582019110966827069e-02 -2.835835118293761337e-01
3.139429253845115175e-01 -1.017268522925875163e-01 -2.994029922485351713e-01 -1.146094124394488739e-02 -5.019588587409749142e-02 -2.828635854721069931e-01 -3.696056152448564114e-01 1.566736298297640995e-01 -2.735522432327270881e-01 -1.067733150247168611e-01 -4.132261340124877835e-02 -2.819748468399048136e-01
3.006095619799578622e-01 -1.034192554944761283e-01 -2.965249605178832959e-01 -7.573041835434352748e-03 -5.261395090579870648e-02 -2.682515926361083713e-01 -3.641160601020539400e-01 1.656232933160502185e-01 -2.666228170394897568e-01 -1.221392095386264753e-01 -3.530329139827088902e-02 -2.802017040252685609e-01
2.876607928711406581e-01 -1.043479949363628756e-01 -2.931097049713134450e-01 1.891588759836415612e-03 -5.842198048434250890e-02 -2.547432394027709934e-01 -3.518778332350646076e-01 1.749348873039021091e-01 -2.600177402496337553e-01 -1.373103737623681542e-01 -2.743096480549562025e-02 -2.778138823509216371e-01
2.750868733055799598e-01 -1.046214984100795886e-01 -2.897118825912475826e-01 1.597450662586422099e-02 -6.754085803201972937e-02 -2.448319168090820619e-01 -3.336830153421559420e-01 1.858112609565189532e-01 -2.539762182235716925e-01 -1.523429840741487296e-01 -1.716859111762963214e-02 -2.751178069114684210e-01
2.629145258201819324e-01 -1.042551243082458501e-01 -2.865960664749145903e-01 3.352686225607019732e-02 -7.963675920773517769e-02 -2.430386562347412460e-01 -3.105807909349633800e-01 1.970675642571316222e-01 -2.484240312576294074e-01 -1.666298995970247054e-01 -4.540854936069801950e-03 -2.726063699722290345e-01
2.512847968422317058e-01 -1.031900443928917416e-01 -2.840893144607544163e-01 5.415427529797638140e-02 -9.464909588559447529e-02 -2.488221759796142574e-01 -2.836476783915897193e-01 2.074144319835858896e-01 -2.430080480575561030e-01 -1.793027144252564153e-01 9.704832369074482823e-03 -2.706311793327330628e-01
2.404024228580755873e-01 -1.014121040167731136e-01 -2.823933763504029582e-01 7.370370495186928661e-02 -1.190767530656219875e-01 -2.601370258331299756e-01 -2.547192705292367632e-01 2.148458284547621333e-01 -2.389663858413697550e-01 -1.902901444447360479e-01 2.544630602256871266e-02 -2.695679111480713819e-01
2.303114029796503037e-01 -9.909147564204251468e-02 -2.817254323959350049e-01 9.265881860476453402e-02 -1.489653645826830297e-01 -2.661176414489745401e-01 -2.247088752327937033e-01 2.190144406274383004e-01 -2.390568037033081739e-01 -1.994471341832138034e-01 4.186739318539579174e-02 -2.697109575271606774e-01
2.208246715127485937e-01 -9.652368689904453070e-02 -2.819874210357665167e-01 1.068175658036919495e-01 -1.837159212117824847e-01 -2.679429979324339794e-01 -1.945126404801531539e-01 2.212061828886669190e-01 -2.413256568908691557e-01 -2.069096014523665872e-01 5.897345651934796790e-02 -2.710832376480102335e-01
2.117406145325592126e-01 -9.382438579908503051e-02 -2.828727455139160574e-01 1.157609712495655668e-01 -2.220699926645318123e-01 -2.680164165496826678e-01 -1.616806385827732617e-01 2.206660851312746696e-01 -2.444817371368408487e-01 -2.127328888204168544e-01 7.648987162515552551e-02 -2.736419935226440669e-01
2.030405894951233248e-01 -9.092376274397792613e-02 -2.841455621719360392e-01 1.218685641876625092e-01 -2.587320926463877457e-01 -2.672506494522094433e-01 -1.273348324819874033e-01 2.180485567806112190e-01 -2.485658235549926820e-01 -2.172059727204949664e-01 9.417152117442489923e-02 -2.773208732604980353e-01
1.945139367981278122e-01 -8.812348893018709384e-02 -2.856037492752075968e-01 1.256119579683729337e-01 -2.898243108231727816e-01 -2.666780490875244602e-01 -9.296058930646869389e-02 2.138013032750841758e-01 -2.535619850158691846e-01 -2.202902859950905956e-01 1.116495428568954340e-01 -2.815032787322998553e-01
1.861553403873749124e-01 -8.523373710862133801e-02 -2.873101634979248198e-01 1.305704847717041595e-01 -3.161964033270621144e-01 -2.685928936004639001e-01 -5.871638043205681945e-02 2.060112054123134639e-01 -2.572831125259399387e-01 -2.222724197150040548e-01 1.287335189136196156e-01 -2.854570646286010982e-01
1.793707001646557830e-01 -8.071181234028854123e-02 -2.890018720626831294e-01 1.358338349302808390e-01 -3.271315167775444843e-01 -2.751677913665772079e-01 -2.664754636314724257e-02 1.967310917733909870e-01 -2.614740128517151208e-01 -2.234491420440565257e-01 1.452220105758982305e-01 -2.889457054138183656e-01
1.753996616893733762e-01 -7.332558347450127134e-02 -2.903802080154419540e-01 1.465693394237484459e-01 -3.262953367398820914e-01 -2.627438802719117006e-01 3.671859203716071329e-03 1.859507903314221444e-01 -2.649011011123658110e-01 -2.242603224288053365e-01 1.607183569985548566e-01 -2.917143745422364209e-01
1.714375606539071395e-01 -6.582753965610706193e-02 -2.913490982055663703e-01 1.410834346773446046e-01 -3.322685873245642130e-01 -2.705382461547851669e-01 3.015410605732055105e-02 1.728234233168460254e-01 -2.671448535919189182e-01 -2.250290214101247077e-01 1.757576458246493667e-01 -2.946343393325805415e-01
1.673728360182328012e-01 -5.810831111925658654e-02 -2.917504711151123753e-01 1.322414883619829062e-01 -3.331938108827454115e-01 -2.804022235870362034e-01 5.270147236424503612e-02 1.620246231603214571e-01 -2.696087832450866362e-01 -2.253940588000318268e-01 1.907805177318099288e-01 -2.972546834945678507e-01
1.631077338220505712e-01 -5.036757821109243832e-02 -2.916671772003174845e-01 1.212467719079880768e-01 -3.288659226324792684e-01 -2.876684875488282334e-01 6.960256906245622377e-02 1.526592539135331883e-01 -2.706779212951659908e-01 -2.250941819991706394e-01 2.058102891604875195e-01 -2.992286891937255278e-01
1.586241036379475167e-01 -4.271691966866934809e-02 -2.910593576431275142e-01 1.104916573488851084e-01 -3.209111230454393393e-01 -2.951742644309998109e-01 7.909266991199137564e-02 1.470716478095788760e-01 -2.716772909164429373e-01 -2.236063866685404911e-01 2.209940179086696821e-01 -3.006842536926270237e-01
1.539336275052857750e-01 -3.531597163759045421e-02 -2.899477119445801332e-01 1.027253755521608108e-01 -3.138566973455984010e-01 -3.000591416358948660e-01 8.285629057063600977e-02 1.479885953920370145e-01 -2.745938081741333692e-01 -2.214786677547369298e-01 2.367856595616933679e-01 -3.014853687286377371e-01
1.488653225514880163e-01 -2.899757398886507187e-02 -2.882351417541504368e-01 9.763229032492540260e-02 -3.068384949140054996e-01 -3.007127661705017441e-01 8.262981874531093174e-02 1.546399662539165165e-01 -2.789498300552367693e-01 -2.257395954559575368e-01 2.481625835988272577e-01 -3.015198297500609748e-01
1.435448019231914674e-01 -2.469989867844889914e-02 -2.856622476577759251e-01 9.218335172787882337e-02 -2.990839662138493615e-01 -3.005648941993714351e-01 7.938504617830721699e-02 1.643024290284332278e-01 -2.820147795677185876e-01 -2.317181387078398602e-01 2.561890754505509737e-01 -3.003404731750489165e-01
1.380688287661752944e-01 -2.318570033103374561e-02 -2.826908893585205473e-01 8.639683169586277744e-02 -2.906125210860387442e-01 -2.992640633583069087e-01 7.379816994797612495e-02 1.747532406938628324e-01 -2.839635534286499285e-01 -2.361103761814337954e-01 2.638930898793658830e-01 -2.979172296524048025e-01
1.330036439694135542e-01 -2.425930882551537160e-02 -2.792593212127686408e-01 8.021543596160102263e-02 -2.816944255933986341e-01 -2.956229848861695597e-01 6.784662899417223669e-02 1.851740280999555899e-01 -2.864728350639344501e-01 -2.380835056013724804e-01 2.709793897710349175e-01 -2.945135755538941802e-01
1.286455700258311574e-01 -2.868085029748521780e-02 -2.740054578781127570e-01 7.363153193989369072e-02 -2.727092097106321722e-01 -2.923270769119262202e-01 6.231676521362702892e-02 1.952990995322523016e-01 -2.884820313453674845e-01 -2.376061321251718705e-01 2.772608611773773601e-01 -2.907327718734741828e-01
1.247900835345249204e-01 -3.694642028590412047e-02 -2.681234617233276829e-01 6.679398978452498470e-02 -2.638015790917512815e-01 -2.903116745948792210e-01 5.735169645528759297e-02 2.048455231554702771e-01 -2.895396919250488588e-01 -2.341729311054521201e-01 2.820490288696523296e-01 -2.862756080627441579e-01
1.213853725026968894e-01 -4.906036763302439041e-02 -2.623384399414062651e-01 5.936364398707182077e-02 -2.546448545943891251e-01 -2.896821565628051598e-01 5.284999691131363198e-02 2.141740000957116918e-01 -2.895554466247558523e-01 -2.257041762346391200e-01 2.842237235488089819e-01 -2.810521287918090749e-01
1.186986370357996368e-01 -6.738888825289261753e-02 -2.569220657348633141e-01 5.237808039517466430e-02 -2.457403291594172368e-01 -2.893941636085510805e-01 4.862862611793399015e-02 2.232966186451469381e-01 -2.889519567489624574e-01 -2.102301687487787007e-01 2.831949573472397064e-01 -2.754990501403808967e-01
1.165437692940181624e-01 -8.979360930090882209e-02 -2.522316856384278494e-01 4.591974585651807661e-02 -2.371438376105401979e-01 -2.897701759338379701e-01 4.470168392592727136e-02 2.322625971007335755e-01 -2.884507341384886514e-01 -1.882620552992851637e-01 2.784556802830731037e-01 -2.695705432891844500e-01
1.159383465234814642e-01 -1.157566294853320243e-01 -2.485544605255127493e-01 4.002650075207266761e-02 -2.288326929603913540e-01 -2.910300345420838153e-01 4.112728349712876930e-02 2.409842850663736213e-01 -2.882361264228821551e-01 -1.741182833126856677e-01 2.645005770241538601e-01 -2.639025564193726026e-01
1.237337572061356084e-01 -1.404569641376252342e-01 -2.459498901367188073e-01 3.435053639325234831e-02 -2.209098688455863879e-01 -2.930137176513672448e-01 3.771544026854893594e-02 2.493766856272626731e-01 -2.883149881362915834e-01 -1.666967482400766032e-01 2.453832425165490827e-01 -2.595899600982666811e-01
1.314428447604900629e-01 -1.671273409001202970e-01 -2.448126764297485214e-01 2.897681251300487926e-02 -2.130749567801526745e-01 -2.955364675521849893e-01 3.455189542262221414e-02 2.575795240167975120e-01 -2.886783285140991917e-01 -1.575566206167400840e-01 2.236907409666901436e-01 -2.579941101074219034e-01
1.390625009581626381e-01 -1.947873791680166389e-01 -2.451801223754883352e-01 2.394988520251399577e-02 -2.051498842993101923e-01 -2.987502903938293874e-01 3.170142074874700289e-02 2.658458182650551560e-01 -2.894015426635742627e-01 -1.458272524283333316e-01 1.977078592729973050e-01 -2.595029182434082649e-01
1.443583014590545111e-01 -2.243550673361513204e-01 -2.485977144241333092e-01 1.880235908326681471e-02 -1.979898018832257078e-01 -3.038483686447143173e-01 2.970330137159199468e-02 2.743115876033987988e-01 -2.902081985473633496e-01 -1.314870666351438122e-01 1.668057130206964389e-01 -2.633159608840943133e-01
1.485690093837243320e-01 -2.510824063743916645e-01 -2.501754016876220899e-01 1.027167188287179955e-02 -1.934233433500641974e-01 -3.111823291778564871e-01 2.805490639633857752e-02 2.826678411388826584e-01 -2.911060066223144505e-01 -1.170378716318926510e-01 1.355328126915099907e-01 -2.671176977157593280e-01
1.522369315017788605e-01 -2.775873861543763366e-01 -2.525479812622070108e-01 4.787927550212088545e-03 -1.856087731256181039e-01 -3.126460857391357151e-01 2.669808884866842202e-02 2.910807569713286247e-01 -2.920252294540404692e-01 -1.028088916225982918e-01 1.047563962262098719e-01 -2.679611368179320996e-01
1.539634888537021462e-01 -3.014234478408555629e-01 -2.549104518890381588e-01 2.841746941590825304e-03 -1.756511688994647213e-01 -3.131436843872070774e-01 2.561074991850458005e-02 2.998334080941935098e-01 -2.933235855102538370e-01 -8.901750040137354492e-02 7.498710993560944726e-02 -2.680833406448363543e-01
1.538298214515104456e-01 -3.216680836048837477e-01 -2.572990341186524033e-01 -5.962629469058733367e-04 -1.644099688968232442e-01 -3.087338895797729910e-01 2.475906291817027427e-02 3.091209748018983183e-01 -2.945738048553467325e-01 -7.622567896426221679e-02 4.716234706603257554e-02 -2.667494339942932391e-01
1.517892543472322275e-01 -3.381035642929238749e-01 -2.597607774734498332e-01 -6.723838377891776241e-03 -1.540297975200547453e-01 -2.926666779518128370e-01 2.412693660719464339e-02 3.187701835337637402e-01 -2.953502769470214839e-01 -6.512357051686570864e-02 2.277479463516398489e-02 -2.674918479919433656e-01
1.478774301414154391e-01 -3.507375867372223288e-01 -2.628154392242432191e-01 -1.212475773466031165e-02 -1.450462316226080461e-01 -2.914493532180786883e-01 2.371934124929660215e-02 3.285662791258061599e-01 -2.957974500656128658e-01 -5.647405262266164128e-02 3.616757474434708491e-03 -2.705624217987061542e-01
1.421260228366897360e-01 -3.589245918716020278e-01 -2.662802572250366206e-01 -1.736127399243653571e-02 -1.355716314519481436e-01 -2.916241307258605753e-01 2.338681819438109821e-02 3.384624792755064893e-01 -2.960997171401977268e-01 -5.072086596080013082e-02 -9.138605557186180173e-03 -2.747284526824951278e-01
1.347934281721490379e-01 -3.635051675859046205e-01 -2.697594852447510183e-01 -2.238315846860238281e-02 -1.259064729911650582e-01 -2.910856742858887181e-01 2.302964192505183028e-02 3.483833191910177263e-01 -2.963384122848510827e-01 -4.861556538746784201e-02 -1.380952387786654224e-02 -2.796080155372620002e-01
1.260065892137708365e-01 -3.638644918286385033e-01 -2.736689109802246112e-01 -2.724327602650523580e-02 -1.155651693350747827e-01 -2.881777448654174734e-01 2.269243762734365899e-02 3.580427849905469806e-01 -2.962076492309569375e-01 -4.936462595714134760e-02 -1.212691996964799374e-02 -2.821931333541868869e-01
1.156882175849098804e-01 -3.595223122974893215e-01 -2.782674474716186341e-01 -3.202518051678233946e-02 -1.040792006912018008e-01 -2.861253948211670006e-01 2.230248008716240182e-02 3.687144770967958340e-01 -2.958081502914428618e-01 -5.263982712814872789e-02 -4.746390660221016383e-03 -2.825022954940795694e-01
1.046229389044629199e-01 -3.526711236226112156e-01 -2.827298898696899432e-01 -3.654073869175222117e-02 -9.164617622650930717e-02 -2.911409397125244158e-01 2.240639918746908932e-02 3.796803331667449877e-01 -2.949280567169189626e-01 -5.784954300123755500e-02 7.206457161904489261e-03 -2.840285224914551043e-01
9.314578417975449831e-02 -3.456674568804151693e-01 -2.871844453811645548e-01 -3.965044058027199919e-02 -8.673694092055811433e-02 -3.071959133148193244e-01 2.319420852643094833e-02 3.899462755040971618e-01 -2.937243099212646369e-01 -6.258151928760967431e-02 1.850337304232907432e-02 -2.846041173934936164e-01
8.253546654104339242e-02 -3.373975756905438494e-01 -2.916792411804198792e-01 -4.250153141408412327e-02 -8.069902805016021530e-02 -3.068394012451171604e-01 2.406096545267011333e-02 3.990412964767653392e-01 -2.920419044494628746e-01 -6.706572647297645573e-02 2.970037926050388133e-02 -2.856101627349853511e-01
7.274240664286917013e-02 -3.280517212983228292e-01 -2.947713441848754945e-01 -4.517927184057088374e-02 -7.162448527033361823e-02 -3.055320854187011936e-01 2.503962954969926602e-02 4.060846900739919496e-01 -2.897847480773925732e-01 -7.154576713854600423e-02 4.184543359276759328e-02 -2.868084068298339950e-01
6.390827872089424599e-02 -3.180607021078439844e-01 -2.970813627243042432e-01 -4.743549408451733923e-02 -5.993601470124854114e-02 -3.039668149948120401e-01 2.647940484367600211e-02 4.094602544559382551e-01 -2.875471849441528782e-01 -7.561293734063936900e-02 5.513907439898457774e-02 -2.882881350517273455e-01
5.577589276563871268e-02 -3.075728210258090178e-01 -2.985375041961669251e-01 -4.909680541069171705e-02 -4.863814616588332113e-02 -3.020618267059325679e-01 2.840992073610934532e-02 4.086092666386454964e-01 -2.854709310531615696e-01 -7.896235745262783490e-02 6.910393119217309033e-02 -2.891000909805297447e-01
4.838334868609590889e-02 -2.968839452348531194e-01 -2.992788858413696351e-01 -5.022115176789222757e-02 -4.045777006617101712e-02 -3.001730222702026496e-01 3.093934090743713505e-02 4.031463315416045634e-01 -2.833931131362915079e-01 -8.133126805375180679e-02 8.337025563153661889e-02 -2.886311454772949037e-01
4.181015963241033889e-02 -2.864213492096344682e-01 -2.995187492370606219e-01 -5.100509296955865746e-02 -3.434646059780668143e-02 -2.977983016967774010e-01 3.435901649909163524e-02 3.931696535348773724e-01 -2.812520141601563273e-01 -8.256816528708867120e-02 9.768437066095682353e-02 -2.877321333885193289e-01
3.619968143851180070e-02 -2.761961371282088407e-01 -2.993298501968383873e-01 -5.164497918781360553e-02 -3.151867331542330258e-02 -2.929195041656494358e-01 3.912344320787873586e-02 3.792648232042688528e-01 -2.788636465072631965e-01 -8.265376697878425161e-02 1.121299109240914832e-01 -2.870507354736328010e-01
3.129714862073020021e-02 -2.660697986706385132e-01 -2.986338014602661906e-01 -5.276883497094315284e-02 -3.736145859223565652e-02 -2.723865385055542765e-01 4.534579582162166778e-02 3.627002206567876419e-01 -2.759002847671509495e-01 -8.151473157422647886e-02 1.267731503826519945e-01 -2.865115590095520526e-01
2.738901771265741733e-02 -2.560769009281534947e-01 -2.976917810440065093e-01 -5.657108821752850070e-02 -5.244655847058717069e-02 -2.666047401428224273e-01 5.337097185405967337e-02 3.446295793230250704e-01 -2.723156852722168342e-01 -7.920320872949694613e-02 1.413206630304481848e-01 -2.862243385314942046e-01
2.436051201659164903e-02 -2.462391941862959177e-01 -2.966169090270996955e-01 -6.772171338849417022e-02 -7.273492623555236070e-02 -2.667434139251709801e-01 6.276096920716464633e-02 3.249440593839577063e-01 -2.679217548370362301e-01 -7.565229049827643104e-02 1.555281297078188185e-01 -2.859658594131470610e-01
2.225867731808887570e-02 -2.367029669193070063e-01 -2.954564065933228401e-01 -7.969491092126329557e-02 -9.903716901476743162e-02 -2.737863798141480509e-01 6.982385253906250866e-02 3.019067788124084606e-01 -2.634451408386231375e-01 -5.000000000000004441e-02 1.821863865852356157e-01 -2.859689493179322084e-01
2.074228234040843832e-02 -2.274866433054854309e-01 -2.943801231384278183e-01 -9.105224512579465634e-02 -1.292758394917729592e-01 -2.758940429687500862e-01 8.047009277343752931e-02 2.771436810493468905e-01 -2.591859502792357994e-01 -5.000000000000004441e-02 1.910806775093078780e-01 -2.859872169494628857e-01
1.961130055049426640e-02 -2.185523416245329364e-01 -2.935450477600098362e-01 -1.071370268047419499e-01 -1.610547794855912707e-01 -2.745582742691040634e-01 9.059509277343753830e-02 2.505647993087768421e-01 -2.557453174591065581e-01 -5.000000000000004441e-02 1.996674942970275979e-01 -2.861089677810669807e-01
1.866948669599398369e-02 -2.097346244836811313e-01 -2.931060190200806548e-01 -1.288861360048836058e-01 -1.901215527486773416e-01 -2.710834093093872910e-01 9.981970214843745304e-02 2.234332752227783658e-01 -2.537095613479615208e-01 -5.000000000000005135e-02 2.081060671806335416e-01 -2.866817207336426199e-01
1.797335083878572742e-02 -2.011006150150333738e-01 -2.932018680572509028e-01 -1.499835597258258324e-01 -2.171154579387118977e-01 -2.692373008728026762e-01 1.072977294921875352e-01 1.953830981254577881e-01 -2.532126064300537216e-01 -5.000000000000005135e-02 2.163065671920776367e-01 -2.880116529464721853e-01
1.752758408284895569e-02 -1.924790605064665150e-01 -2.937116880416870135e-01 -1.665372609217128375e-01 -2.421155068878665384e-01 -2.695578403472900231e-01 1.114202880859373607e-01 1.661305510997772572e-01 -2.548440189361572683e-01 -5.000000000000005135e-02 2.245200276374816895e-01 -2.899872083663940781e-01
1.714114399065104488e-02 -1.838268154497780804e-01 -2.945109195709229022e-01 -1.774766381496269418e-01 -2.648556094208635581e-01 -2.696996994018555638e-01 1.136281738281249842e-01 1.366886186599731434e-01 -2.562976927757263934e-01 -5.000000000000005135e-02 2.328131818771362604e-01 -2.923701019287109903e-01
1.678432954680687123e-02 -1.751094606209172566e-01 -2.954312343597412793e-01 -1.834812753268048047e-01 -2.851916495681123820e-01 -2.629792327880860481e-01 1.138987075479911959e-01 1.078552063279341888e-01 -2.585006399154664014e-01 -1.227515366214733394e-02 2.536547571997747608e-01 -2.948036499023438672e-01
1.638735061519832475e-02 -1.663266893594833595e-01 -2.963152999877929905e-01 -1.929026958210254550e-01 -3.000266760303056390e-01 -2.578091831207275919e-01 1.154929760724286991e-01 8.161859459350513657e-02 -2.605869622230529981e-01 -1.073523379555477164e-03 2.641359672161285865e-01 -2.969019718170166633e-01
1.612926008937842770e-02 -1.574538207547014623e-01 -2.969259805679321795e-01 -2.025717974621410455e-01 -3.043784273477181390e-01 -2.625978775024414569e-01 1.174912322178281870e-01 5.750243968039114861e-02 -2.617321009635926177e-01 1.108270633061458899e-02 2.742212523496553311e-01 -2.987460346221924579e-01
2.093373960531474259e-02 -1.494162780785512901e-01 -2.970755500793455517e-01 -2.128350592228103189e-01 -2.994789306664418227e-01 -2.775233573913573060e-01 1.182660864720492810e-01 3.842423940058982412e-02 -2.632932229042053152e-01 2.415532230744324438e-02 2.840028459902627644e-01 -3.001737661361694176e-01
2.593986114675803784e-02 -1.411674275004203838e-01 -2.967154569625854443e-01 -2.463745309430857844e-01 -2.833811421000298481e-01 -3.028037519454955806e-01 1.193552716963222488e-01 2.472886392037548092e-02 -2.652251429557799245e-01 3.791187782000612905e-02 2.932731047560636628e-01 -3.011313409805296271e-01
3.079820958155453370e-02 -1.327544169950065356e-01 -2.959060640335083869e-01 -2.541750570200080883e-01 -2.749330974149283846e-01 -3.078206701278687341e-01 1.224654003436034533e-01 1.622197095764660313e-02 -2.674802274703979021e-01 5.270634712116447490e-02 3.019048020276327016e-01 -3.017495985031127814e-01
3.560784107086304578e-02 -1.246009458723611185e-01 -2.945753498077393617e-01 -2.533532184994494729e-01 -2.651782163801736925e-01 -3.111288757324219834e-01 1.276506667949288687e-01 1.341216303769691975e-02 -2.702247304916383097e-01 6.830825077092581021e-02 3.095898509848929447e-01 -3.019224567413331117e-01
3.958165368480734414e-02 -1.176816862252779566e-01 -2.926009387969970010e-01 -2.493575552995674627e-01 -2.539556425241060733e-01 -3.112936515808104598e-01 1.340562192924112384e-01 1.589642040726575029e-02 -2.739221878051757986e-01 8.385473996967857113e-02 3.165554427535837712e-01 -3.015034790039062829e-01
4.235358487532106531e-02 -1.113556807816237365e-01 -2.899131889343262158e-01 -2.454326700074916934e-01 -2.423868087113113245e-01 -3.102748222351074392e-01 1.405019088496889390e-01 2.263056685294754372e-02 -2.783598322868347519e-01 9.902448475143135753e-02 3.235169268377743879e-01 -3.003771944046020881e-01
4.378802364302311623e-02 -1.060341459373599915e-01 -2.868438596725463863e-01 -2.411549695210393751e-01 -2.307607999900943008e-01 -3.090737528800964196e-01 1.465837141720068570e-01 3.251280966611208578e-02 -2.823853082656860303e-01 1.133994795213667944e-01 3.302632816399196924e-01 -2.987710447311401341e-01
4.261717446370738571e-02 -1.023267869443870159e-01 -2.835008211135864875e-01 -2.363311897941050566e-01 -2.190112962217307668e-01 -3.081369752883911795e-01 1.524830534154408002e-01 4.382144128731024074e-02 -2.844004650115966593e-01 1.251963222193868130e-01 3.367679415450498537e-01 -2.965222043991088130e-01
3.809427998486483724e-02 -1.003170920672308009e-01 -2.786359853744506676e-01 -2.313885691362290720e-01 -2.071407615008246106e-01 -3.070313425064086776e-01 1.584616883965585532e-01 5.510340742579337286e-02 -2.860634703636169562e-01 1.290857702997772471e-01 3.462875912795650435e-01 -2.934418506622314404e-01
3.000011747517171423e-02 -1.009622639945885331e-01 -2.712444515228271680e-01 -2.267727707084221112e-01 -1.955276021293541056e-01 -3.056578416824340949e-01 1.645901073196561759e-01 6.555539528936374372e-02 -2.866682691574096720e-01 1.330057432093235403e-01 3.547737209805831293e-01 -2.893925876617431392e-01
2.020603339679367255e-02 -1.050871691241007239e-01 -2.648567504882813339e-01 -2.225466521500815698e-01 -1.840763353838663907e-01 -3.040455002784729910e-01 1.702299189593997064e-01 7.566508419916596895e-02 -2.860993642807007631e-01 1.369050720587732251e-01 3.611019347256538836e-01 -2.845981426239014289e-01
8.886595202560049200e-03 -1.138375609466256710e-01 -2.592412014007568488e-01 -2.184929213990022823e-01 -1.728614867278756573e-01 -3.023523707389831894e-01 1.754189112254637417e-01 8.544271020274707418e-02 -2.850136632919311741e-01 1.405048927167390771e-01 3.632920466152926853e-01 -2.793982858657836910e-01
-5.435076064685767649e-03 -1.261663323215189147e-01 -2.538804931640624707e-01 -2.148031180568732434e-01 -1.620463066867531554e-01 -3.007847471237182213e-01 1.803143678599184452e-01 9.502490649058595307e-02 -2.839370269775391420e-01 1.435034524867239702e-01 3.602665361460156146e-01 -2.741958017349244159e-01
-2.500434712402835324e-02 -1.405249751178026252e-01 -2.494640941619872820e-01 -2.114784682177782427e-01 -1.515606196490526247e-01 -2.994935436248779004e-01 1.849017060249713018e-01 1.044416213305698060e-01 -2.831687231063842458e-01 1.462745809100957084e-01 3.508368008388106363e-01 -2.690080327987670605e-01
-4.244361159624902152e-02 -1.585083345884568118e-01 -2.470434255599975870e-01 -2.080678836260776987e-01 -1.415680952911659296e-01 -2.985972328186035640e-01 1.894869576976093706e-01 1.134533546167631468e-01 -2.828849763870239231e-01 1.396259740156630680e-01 3.431277168877125971e-01 -2.633368558883667498e-01
-6.005823537965473968e-02 -1.778478490995265560e-01 -2.470946426391600892e-01 -2.046577661944005699e-01 -1.319184349800310296e-01 -2.983689184188841881e-01 1.939968734890450408e-01 1.221415578935354934e-01 -2.832942504882813850e-01 1.297564859926719771e-01 3.331401694447623796e-01 -2.575247688293458292e-01
-7.945988401733170003e-02 -1.976168844247943590e-01 -2.485649604797363355e-01 -2.011609800189190500e-01 -1.228078200777767831e-01 -2.986314005851745668e-01 1.985162201818415073e-01 1.303002408393909850e-01 -2.841956872940063494e-01 1.182778504946165599e-01 3.191097131021750077e-01 -2.525037832260131898e-01
-9.986332144519952103e-02 -2.164593190152081792e-01 -2.504835815429689028e-01 -1.976009418371855730e-01 -1.140616988609476773e-01 -2.993216629028321862e-01 2.030798485532560871e-01 1.381096741320781973e-01 -2.856004304885865763e-01 1.052337784828933087e-01 3.010751389599694017e-01 -2.499466485977174246e-01
-1.215397664831381064e-01 -2.346258479127697194e-01 -2.523997135162353578e-01 -1.938039895607836793e-01 -1.055406743185102747e-01 -3.001846237182617116e-01 2.078453302051065654e-01 1.456563753689243956e-01 -2.871998186111450191e-01 9.107240216664319599e-02 2.791713348898752223e-01 -2.498911638259887491e-01
-1.452882762647400017e-01 -2.509178904162017720e-01 -2.547951669692993804e-01 -1.898936317568344079e-01 -9.734383515558307776e-02 -3.011709160804749152e-01 2.128713247256991958e-01 1.525879872432538420e-01 -2.887427635192871822e-01 7.507653874784230019e-02 2.525984433904300275e-01 -2.525119895935059033e-01
-1.679705282115589726e-01 -2.657580422135895626e-01 -2.562980718612671294e-01 -1.856320194748053154e-01 -8.930931916304103713e-02 -3.023494119644165590e-01 2.179812631686308122e-01 1.593585560941177537e-01 -2.902106685638428107e-01 5.871692805476720622e-02 2.240658933168358791e-01 -2.560790653228760538e-01
-1.903165431192844759e-01 -2.786982523080254737e-01 -2.576611633300779913e-01 -1.810269631927545753e-01 -8.135587079609292449e-02 -3.035897917747496511e-01 2.233805473972312328e-01 1.660032522092846075e-01 -2.916095180511474316e-01 4.188503830337000217e-02 1.935818197158469256e-01 -2.589349718093871822e-01
-2.104139389735255883e-01 -2.879543668809848023e-01 -2.600264520645141353e-01 -1.760621488972799464e-01 -7.352465685613557289e-02 -3.048714132308960045e-01 2.290028585653369197e-01 1.726656853363033595e-01 -2.929461164474487234e-01 2.552766275832493714e-02 1.631654696404078730e-01 -2.609484214782714639e-01
-2.282405132536017012e-01 -2.938708971038170858e-01 -2.635866708755494336e-01 -1.707377384105083218e-01 -6.580587766601400657e-02 -3.060917253494263579e-01 2.348269988856807600e-01 1.793178114011164948e-01 -2.940791435241700280e-01 1.013637531742554027e-02 1.336559258443311693e-01 -2.627463932037354399e-01
-2.431298852861069337e-01 -2.961255020906031765e-01 -2.672973699569702322e-01 -1.650704357719814663e-01 -5.802616497235853904e-02 -3.071211404800415212e-01 2.408226252132799061e-01 1.859697039021513953e-01 -2.948526449203491273e-01 -3.633245747695662553e-03 1.064030334018176982e-01 -2.645858092308044363e-01
-2.548672431065648336e-01 -2.946866245993069455e-01 -2.709437866210937518e-01 -1.590341871723025546e-01 -5.003675809706467636e-02 -3.078505439758301154e-01 2.469855602944531769e-01 1.926724508380893708e-01 -2.952620477676390909e-01 -1.504944648464167159e-02 8.325089651627239073e-02 -2.650290412902831516e-01
-2.628371158071107772e-01 -2.894017656508293124e-01 -2.758120603561401429e-01 -1.527153293343362361e-01 -4.195041545757509371e-02 -3.083918781280517440e-01 2.533808662329957162e-01 1.992898762225905618e-01 -2.954744691848755767e-01 -2.340854684760932530e-02 6.595001456502566639e-02 -2.671060843467713553e-01
-2.655826206347988716e-01 -2.797475542217113809e-01 -2.825847549438477158e-01 -1.460615650434413104e-01 -3.372708348604581269e-02 -3.086770792007447195e-01 2.600220981780066998e-01 2.056654882597983569e-01 -2.953923912048340705e-01 -2.857596231281021165e-02 5.507210276794809872e-02 -2.704244394302368626e-01
-2.653620714063219532e-01 -2.679162644775623381e-01 -2.894391126632690492e-01 -1.390779220865931420e-01 -2.534589675784659768e-02 -3.086334962844848318e-01 2.669032532772633859e-01 2.116528409755958351e-01 -2.947980899810790922e-01 -3.003432228515673028e-02 5.162079170199899980e-02 -2.750042982101440492e-01
-2.643029786941934467e-01 -2.557970402857652759e-01 -2.940011425018310143e-01 -1.316298415112566456e-01 -1.692365952896183329e-02 -3.085541458129882342e-01 2.746584812485868832e-01 2.184508161793403958e-01 -2.943024702072142840e-01 -2.877260306487276070e-02 5.334835863223090502e-02 -2.766321773529052397e-01
-2.623471757518880398e-01 -2.433468040663630538e-01 -2.970480318069458336e-01 -1.234961436210581243e-01 -8.349100480215733422e-03 -3.084313602447510405e-01 2.829860358495757122e-01 2.257478716303665256e-01 -2.935175676345824769e-01 -2.404154876018784262e-02 6.123764802343292096e-02 -2.807016320228575834e-01
-2.601147222567387063e-01 -2.311329593847847585e-01 -2.992792768478392262e-01 -1.150562024687452611e-01 1.428642200457588829e-04 -3.080612678527830939e-01 2.911576175093466001e-01 2.325569172434721610e-01 -2.919578094482421782e-01 -1.786143192372915273e-02 7.098549345162921687e-02 -2.831532497406005766e-01
-2.573969135547944931e-01 -2.191486775846507584e-01 -3.007844419479370757e-01 -1.077908587610527380e-01 8.150118332809271060e-03 -3.071369810104370712e-01 2.984729878117770019e-01 2.378953693147372594e-01 -2.896852369308471897e-01 -1.123313553056042025e-02 8.060334649923683870e-02 -2.836725778579712309e-01
-2.539865866379312220e-01 -2.076688728952819640e-01 -3.015887756347657156e-01 -1.009154970798872841e-01 1.578119275662899501e-02 -3.060419530868531135e-01 3.042657144788620260e-01 2.406885156579230689e-01 -2.869991607666016464e-01 -3.744861472651440926e-03 9.025563551505190463e-02 -2.831396336555481730e-01
-2.500007613245129878e-01 -1.963779931051522210e-01 -3.018389673233032311e-01 -9.434556835981425249e-02 2.278894276080255937e-02 -3.043138093948364320e-01 3.084624781433826235e-01 2.404957183991758285e-01 -2.842547912597656046e-01 5.226239216725638015e-03 1.004486666696228908e-01 -2.828324646949768040e-01
-2.452539574198917549e-01 -1.859529680223489245e-01 -3.015495653152466260e-01 -8.942147528878176266e-02 2.834821105776123146e-02 -3.018622179031372199e-01 3.111671047764421050e-01 2.380793962923730689e-01 -2.813497276306152761e-01 1.587387289180429428e-02 1.106352073035401090e-01 -2.824471802711486790e-01
-2.401166932322993386e-01 -1.766551982578296043e-01 -3.007335062026977313e-01 -8.650875442774869084e-02 3.242215100517722992e-02 -2.983709402084350204e-01 3.125315092948731666e-01 2.331919041475872256e-01 -2.781998796463013290e-01 2.755239261432648745e-02 1.198727625819990816e-01 -2.817238969802857151e-01
-2.350739569358902825e-01 -1.680887774640511534e-01 -2.994934768676756898e-01 -8.759282449700511730e-02 3.488724674845221363e-02 -2.919335193634032266e-01 3.131508552698130110e-01 2.255666868357845689e-01 -2.750594158172606218e-01 4.021251347005849741e-02 1.279159716587114082e-01 -2.807700438499449724e-01
-2.306032049954800933e-01 -1.600222783436386076e-01 -2.980654544830322883e-01 -8.992304846446524946e-02 3.180881983979498562e-02 -2.555237693786621689e-01 3.132363194293083519e-01 2.141372252269152232e-01 -2.722207994461059988e-01 5.364454281587924950e-02 1.344639953316082714e-01 -2.798645849227905935e-01
-2.259168168950391187e-01 -1.532168959444509815e-01 -2.968784780502319864e-01 -1.039475552745896952e-01 2.897481254695461611e-02 -2.444993419647217558e-01 3.117921784681789710e-01 1.981934754394284459e-01 -2.698009605407715727e-01 6.788430036361531306e-02 1.393867465355418944e-01 -2.792809076309205052e-01
-2.212213132679677341e-01 -1.470413940466141489e-01 -2.958267374038696662e-01 -1.214854845349317286e-01 2.564437583401620729e-02 -2.346250076293945885e-01 3.084001931052406387e-01 1.786813712558359135e-01 -2.667028350830079608e-01 8.193921257232594790e-02 1.427811742076086632e-01 -2.789362068176270970e-01
-2.166345358747744365e-01 -1.411142664619325915e-01 -2.949395627975464063e-01 -1.428165103388519264e-01 2.227753493791590628e-02 -2.294940586090088441e-01 3.028328078911407539e-01 1.570405841259046031e-01 -2.627301664352417188e-01 9.528364520939491822e-02 1.450666734486463771e-01 -2.788317127227783465e-01
-2.121860802303400795e-01 -1.352718968984800429e-01 -2.943129081726075236e-01 -1.646676808404716197e-01 2.155000219917942855e-02 -2.289340991973878026e-01 2.962922612956713775e-01 1.336041156642100991e-01 -2.580503578186035263e-01 1.079341390172041670e-01 1.465259214867322135e-01 -2.790422792434692489e-01
-2.077947599227313591e-01 -1.293769492062304960e-01 -2.937836856842040989e-01 -1.861700588088568142e-01 2.462366706803732763e-02 -2.293304748535156534e-01 2.889010847114822367e-01 1.087990781649419703e-01 -2.530091972351074525e-01 1.195451957155450051e-01 1.476300433130829370e-01 -2.795939416885376283e-01
-2.034841056825963113e-01 -1.235151321651793421e-01 -2.934230966567993315e-01 -2.075416980953008472e-01 3.109646408829812303e-02 -2.327880306243896580e-01 2.805740904337522545e-01 8.381918607033805868e-02 -2.499750680923462087e-01 1.304644151740484981e-01 1.483206255502265147e-01 -2.805366439819336200e-01
-1.992770072099036283e-01 -1.176699123516141421e-01 -2.935330314636230287e-01 -2.295062781757329917e-01 4.152121022037431886e-02 -2.397117347717285241e-01 2.708225865590805359e-01 5.893982213934258196e-02 -2.487736530303955862e-01 1.408870531198711806e-01 1.486713869039246183e-01 -2.819332761764526962e-01
-1.951803646483732113e-01 -1.119103443661088743e-01 -2.939990444183350204e-01 -2.502017536951465226e-01 5.682321202142881500e-02 -2.471325511932374042e-01 2.597849171182294303e-01 3.446601581837177575e-02 -2.494491643905640266e-01 1.508547848530916724e-01 1.486310115541876198e-01 -2.836675806045533266e-01
-1.911939470356196491e-01 -1.063905123934170693e-01 -2.948134632110596121e-01 -2.680697617827160761e-01 7.515486792094243362e-02 -2.524208135604858461e-01 2.469472408544468034e-01 8.976199842924068029e-03 -2.519754905700684056e-01 1.603591785529775715e-01 1.482123270741517174e-01 -2.856588382720947616e-01
-1.873424695015472596e-01 -1.010916719492377103e-01 -2.957199783325195619e-01 -2.808736667659718078e-01 9.446031561933977694e-02 -2.600934333801269704e-01 2.309503816423121580e-01 -1.659101701219953262e-02 -2.547632570266722407e-01 1.692880596554081074e-01 1.476690414427487830e-01 -2.878652210235594922e-01
-1.835263185126640439e-01 -9.619265327405175647e-02 -2.965500183105468923e-01 -3.001715937660838218e-01 1.241718637389952196e-01 -2.612592287063598695e-01 2.139637003435228280e-01 -4.066110355644164676e-02 -2.575119323730470366e-01 1.777648924676638320e-01 1.468703587173423308e-01 -2.899673290252686719e-01
-1.797901094132710320e-01 -9.118827763369183326e-02 -2.972158498764037038e-01 -2.962157709880945400e-01 1.404298178033884792e-01 -2.767009658813475159e-01 1.968833329421076916e-01 -6.178470839640490264e-02 -2.606551904678344744e-01 1.857863322930421723e-01 1.459008731373146461e-01 -2.918665428161620889e-01
-1.757764126561463247e-01 -8.635443246423431252e-02 -2.976986808776855842e-01 -2.926418345065795457e-01 1.509772262955672295e-01 -2.913924689292908266e-01 1.805949680203155494e-01 -8.042128027356508502e-02 -2.634064884185791655e-01 1.937520740774862360e-01 1.445602403031771011e-01 -2.935915870666504501e-01
-1.713450089074986804e-01 -8.163427032242806525e-02 -2.980421466827393173e-01 -2.876414014004628483e-01 1.586154583704669219e-01 -3.049610443115234881e-01 1.677883270390297943e-01 -9.705305544495351766e-02 -2.657151932716370624e-01 2.018255564018016368e-01 1.427781970826412783e-01 -2.951073522567749796e-01
-1.659730432072705764e-01 -8.121842720819799633e-02 -2.982657785415648855e-01 -2.865669152775831008e-01 1.636220574109426285e-01 -3.049306006431579119e-01 1.577219890953239778e-01 -1.107452877216287823e-01 -2.680469150543212109e-01 2.101715509163903373e-01 1.403491348930039073e-01 -2.964298744201659397e-01
-1.605719148872173374e-01 -8.168999924408926194e-02 -2.982707090377808012e-01 -2.787957002876079726e-01 1.656468232656763684e-01 -3.057865972518921671e-01 1.507543686290641061e-01 -1.210167926059815824e-01 -2.711640472412110148e-01 2.187978777001324815e-01 1.370801737980841262e-01 -2.975039167404175400e-01
-1.554547094469653501e-01 -8.214400182714177989e-02 -2.979883308410645193e-01 -2.723315099840745712e-01 1.648153487587957211e-01 -3.062715549468994491e-01 1.473961315110248194e-01 -1.264316664044282945e-01 -2.754397816658020748e-01 2.275922861062429636e-01 1.330486291680870459e-01 -2.982995767593384362e-01
-1.508060558476792545e-01 -8.238107302345254457e-02 -2.974026412963866051e-01 -2.666609752812729717e-01 1.642219543202974030e-01 -3.068951101303099560e-01 1.487888650996017637e-01 -1.297234685962479483e-01 -2.797282094955443332e-01 2.367244469894826397e-01 1.279409299799015298e-01 -2.987431497573851402e-01
-1.468064373934849509e-01 -8.237509085572070067e-02 -2.967016763687133629e-01 -2.606731366122349569e-01 1.641410529431074627e-01 -3.070738644599914635e-01 1.543600196819501780e-01 -1.327511846643363858e-01 -2.836355991363525564e-01 2.460065238719019998e-01 1.217738389311203984e-01 -2.990675706863403227e-01
-1.434244556293317874e-01 -8.222683536391192649e-02 -2.959400386810301931e-01 -2.551642627582380585e-01 1.644152544798380411e-01 -3.073419566154479421e-01 1.597687193959436425e-01 -1.345639789712722301e-01 -2.866685838699342681e-01 2.550674508817585284e-01 1.148820734140802435e-01 -2.994454164505006566e-01
-1.408141873954777690e-01 -8.172580886354777197e-02 -2.950437946319580118e-01 -2.500674222587589424e-01 1.650999968005147367e-01 -3.076030750274658665e-01 1.643573115231605486e-01 -1.363963808888340179e-01 -2.883495826721191868e-01 2.637063698617395646e-01 1.075008664181598267e-01 -2.998204202651977845e-01
-1.389769823099933910e-01 -8.088668795221339025e-02 -2.939050884246826589e-01 -2.451060106303058761e-01 1.661128542841148470e-01 -3.077595467567444398e-01 1.690151512925681110e-01 -1.375527689106881279e-01 -2.894570035934448393e-01 2.716710016364744518e-01 1.003841041910664561e-01 -2.999638433456421338e-01
-1.381748381443137497e-01 -7.940336134785318245e-02 -2.925734252929687584e-01 -2.401143523044699246e-01 1.672335405076155468e-01 -3.079153795242309255e-01 1.738995662596636849e-01 -1.380646205535030202e-01 -2.907438821792603378e-01 2.789498797935894836e-01 9.336536046048532489e-02 -2.998718376159669186e-01
-1.385598835962544573e-01 -7.707041984157728121e-02 -2.913185329437255611e-01 -2.349499287622700550e-01 1.685656885568601882e-01 -3.079693217277526540e-01 1.789757257218781428e-01 -1.380215435964649573e-01 -2.923091573715209668e-01 2.853573668380448014e-01 8.709240197676226813e-02 -2.994961090087890354e-01
-1.401907148625049504e-01 -7.413749117475451622e-02 -2.903396196365356507e-01 -2.296933698918017519e-01 1.699170742549330759e-01 -3.078501148223876660e-01 1.841179061625528302e-01 -1.376611441512198275e-01 -2.934298725128173801e-01 2.908124436437561910e-01 8.195725990571267605e-02 -2.986382598876953232e-01
-1.438321627882243603e-01 -7.040269518514905012e-02 -2.867128534317017197e-01 -2.241112155225993552e-01 1.711433558402415400e-01 -3.075023550987244225e-01 1.893929603647750148e-01 -1.370162332004155603e-01 -2.940778131484985680e-01 2.954338617614513107e-01 7.821676417291908989e-02 -2.972591037750244580e-01
-1.520151888501262427e-01 -6.202383154417757255e-02 -2.726677246093749951e-01 -2.185017916333294452e-01 1.722153041980099275e-01 -3.071485085487365430e-01 1.945515870457783791e-01 -1.365654862888427967e-01 -2.942655677795409930e-01 3.004863573428418477e-01 7.595969329139645732e-02 -2.956813068389892440e-01
-1.613188802588422510e-01 -5.420899761246214532e-02 -2.672017354965210978e-01 -2.128634664404829846e-01 1.731960316844127767e-01 -3.068619627952576256e-01 1.998245386985698091e-01 -1.362575249748435580e-01 -2.943290824890137380e-01 3.066988861834330504e-01 7.430149299499842763e-02 -2.942181463241577699e-01
-1.734481572575710673e-01 -4.534778790553534861e-02 -2.622074241638183700e-01 -2.072381047673368670e-01 1.740786952487615724e-01 -3.064833207130432391e-01 2.051036483252829112e-01 -1.360790600023635000e-01 -2.943297262191774122e-01 3.116098861165468858e-01 7.192967851969545023e-02 -2.921384782791139334e-01
-1.873441483100793392e-01 -3.531281141126016432e-02 -2.574081535339356464e-01 -2.016049515327356656e-01 1.747393126121772611e-01 -3.061605877876282800e-01 2.104830419429135069e-01 -1.361525735449191088e-01 -2.942649669647216526e-01 3.130006487316515651e-01 6.893548940788223056e-02 -2.890464801788329985e-01
-2.024911886321932863e-01 -2.399661044763003181e-02 -2.527009267807008852e-01 -1.958778158294589566e-01 1.753322469742450429e-01 -3.057428379058839685e-01 2.158523893689644202e-01 -1.364185292373465697e-01 -2.941588563919068089e-01 3.109369168799898109e-01 6.598975060645483059e-02 -2.849092502593995047e-01
-2.182601806538836675e-01 -1.104923658102539841e-02 -2.496227998733522302e-01 -1.902203246968524886e-01 1.757085148838184729e-01 -3.053865356445313872e-01 2.211460855528094016e-01 -1.368186959350634613e-01 -2.940070314407349228e-01 3.047075670572037542e-01 6.344549432252684362e-02 -2.799791736602783576e-01
-2.356449734897687331e-01 -4.396935453694218732e-03 -2.490017051696777062e-01 -1.845593783825215939e-01 1.756979565797631981e-01 -3.049999685287475559e-01 2.264135965417806984e-01 -1.374342570376925754e-01 -2.937764711380004834e-01 2.942536837828801377e-01 6.105679631500175036e-02 -2.745131320953368981e-01
-2.535310827217360785e-01 2.544411252160948267e-03 -2.501875467300415101e-01 -1.789899248982596558e-01 1.752669162385739055e-01 -3.048014612197876283e-01 2.315076590691918790e-01 -1.383554387166013311e-01 -2.934836835861205362e-01 2.791243417717164665e-01 5.872336522608198606e-02 -2.683909292221068332e-01
-2.728110405676675843e-01 1.083431906796237382e-02 -2.530065126419067667e-01 -1.736046412759062463e-01 1.748292589640700057e-01 -3.047010416984558545e-01 2.363948662840882342e-01 -1.394498564144909247e-01 -2.933956880569458248e-01 2.591527599393208536e-01 5.682528743402689292e-02 -2.619854373931885250e-01
-2.906120586184550714e-01 1.911150854223900297e-02 -2.567188663482666833e-01 -1.682725802814089289e-01 1.741951533485733006e-01 -3.048808045387268462e-01 2.411996685484623926e-01 -1.407373909974418968e-01 -2.936649675369263357e-01 2.351615737879318158e-01 5.551562018634047940e-02 -2.567192192077637491e-01
-3.063261310234328127e-01 2.702444822943688568e-02 -2.607414789199827831e-01 -1.629634000432199914e-01 1.733960320829244783e-01 -3.052835650444029603e-01 2.459846717911677305e-01 -1.422091856915069508e-01 -2.942786474227905291e-01 2.086224834884078116e-01 5.473125393585377696e-02 -2.534650821685791033e-01
-3.190445491995478888e-01 3.431348032199839360e-02 -2.648958320617675888e-01 -1.576848229632440423e-01 1.723901249814534242e-01 -3.058434433937073371e-01 2.507769657477595393e-01 -1.438970217668844309e-01 -2.951030845642091394e-01 1.824360016131140183e-01 5.403162355746167489e-02 -2.534472818374635117e-01
-3.289333309664543292e-01 4.089623784795018424e-02 -2.678621883392334202e-01 -1.523877812000392629e-01 1.710907488008956978e-01 -3.065826101303100737e-01 2.555706316383251631e-01 -1.457687870788134943e-01 -2.960008926391601847e-01 1.573727112775816783e-01 5.343667678016603140e-02 -2.554366178512573748e-01
-3.345593261441466293e-01 4.609509205527264480e-02 -2.702162904739380256e-01 -1.468840617186983333e-01 1.694874478443639532e-01 -3.074600000381470521e-01 2.605512449821326681e-01 -1.477592129500808482e-01 -2.969625396728516331e-01 1.313372160486846463e-01 5.287668524410203685e-02 -2.582613630294800511e-01
-3.362335124211957016e-01 5.057716204614474270e-02 -2.743377513885498220e-01 -1.412720529032038819e-01 1.677857922145233327e-01 -3.082257289886474738e-01 2.657206358728348428e-01 -1.499410428068593260e-01 -2.979181356430053995e-01 1.069167537951329627e-01 5.227284838077556062e-02 -2.630852551460266531e-01
-3.346862607643029675e-01 5.433761155694046691e-02 -2.804416580200195797e-01 -1.355060566424542423e-01 1.659800194786080207e-01 -3.089824361801147834e-01 2.711088728348400312e-01 -1.522563964330674591e-01 -2.988192291259765265e-01 8.474120694929146436e-02 5.167049416208302492e-02 -2.685247774124144837e-01
-3.299720193773151844e-01 5.731617216024469108e-02 -2.866109104156495113e-01 -1.293036375048246811e-01 1.640996416526794288e-01 -3.097698993682861945e-01 2.767876189982448332e-01 -1.548101304492167929e-01 -2.996236391067505500e-01 6.680972212355956730e-02 5.118490939663420530e-02 -2.743225069046021369e-01
-3.234077028969215561e-01 5.967825737717008527e-02 -2.915485973358152849e-01 -1.227886060566571874e-01 1.624521271587975602e-01 -3.102021808624266241e-01 2.827714369189583410e-01 -1.575391562932793588e-01 -3.003211469650268195e-01 5.604256047227910986e-02 5.092963809463838670e-02 -2.797841448783874307e-01
-3.161381675642697120e-01 6.181342825864937635e-02 -2.948395223617553129e-01 -1.158749199489777226e-01 1.605488809622776514e-01 -3.106285066604613787e-01 2.889497524907391202e-01 -1.604306026902987958e-01 -3.008711309432984260e-01 5.385267485753020972e-02 5.081223969812583008e-02 -2.854721755981445841e-01
-3.094007421908017696e-01 6.414036374759757297e-02 -2.971854181289673158e-01 -1.089277425262746846e-01 1.582727988974143574e-01 -3.110235710144043098e-01 2.951718333427114649e-01 -1.634911960538991405e-01 -3.011892719268797758e-01 5.755657958266085367e-02 5.071461426917570070e-02 -2.887462706565855908e-01
-3.025330068395703509e-01 6.648319382650515197e-02 -2.990841884613038015e-01 -1.019785857629395553e-01 1.557575203162757660e-01 -3.114562149047852002e-01 3.013528131441244318e-01 -1.668198247073084672e-01 -3.013383312225342281e-01 6.331182445724921337e-02 5.050723050448948509e-02 -2.899200577735901452e-01
-2.953723231243292058e-01 6.877026699144259125e-02 -3.007292289733887181e-01 -9.503612215970599908e-02 1.532037718203650145e-01 -3.117376966476441136e-01 3.074726373803298163e-01 -1.703748617615584438e-01 -3.012928791046143306e-01 7.064318164191958627e-02 5.014714978671047652e-02 -2.914734692573547892e-01
-2.881933898632589308e-01 7.094152063292719079e-02 -3.020504398345946195e-01 -8.796697983137888310e-02 1.505024149698614422e-01 -3.118881244659422736e-01 3.134412884239708985e-01 -1.739375707037622565e-01 -3.011189527511596298e-01 7.875350173276066124e-02 4.931817735902147004e-02 -2.939204258918762247e-01
-2.810735024591062281e-01 7.277891446063763925e-02 -3.032256669998169007e-01 -8.089903712490223442e-02 1.477530058447817929e-01 -3.120493764877319554e-01 3.195212023873349461e-01 -1.774525302612739719e-01 -3.008842296600341970e-01 8.674856576298643762e-02 4.805455803933578879e-02 -2.956897706985474050e-01
-2.736234754803275604e-01 7.399365364588500471e-02 -3.044850368499755211e-01 -7.422880146783936151e-02 1.452186499903646011e-01 -3.121526641845702721e-01 3.254680378065915591e-01 -1.810296234385120606e-01 -3.004373807907105287e-01 9.467350916933853222e-02 4.637186622852124129e-02 -2.967062993049622288e-01
-2.659979807320829726e-01 7.474377173452112499e-02 -3.058453769683837087e-01 -6.841072719770982524e-02 1.432008975306639509e-01 -3.122392768859862389e-01 3.308303923983198502e-01 -1.845026029660706834e-01 -2.998891229629517818e-01 1.032215721986684126e-01 4.408062244450534212e-02 -2.978956599235536018e-01
-2.584205034120246602e-01 7.544182144841629634e-02 -3.072681922912597896e-01 -6.436306159212779043e-02 1.421185519294303201e-01 -3.121259136199951434e-01 3.349728564089096694e-01 -1.878067376649090736e-01 -2.992607469558714595e-01 1.118959819256846316e-01 4.111885662946968695e-02 -2.992131872177122842e-01
-2.509775099584105607e-01 7.625307643329674867e-02 -3.085347528457642596e-01 -6.241356148237777596e-02 1.425325303293049350e-01 -3.115639896392822794e-01 3.374902589354411009e-01 -1.910780252936297996e-01 -2.984099264144898234e-01 1.204253633274098151e-01 3.752018458036514986e-02 -3.003385610580445175e-01
-2.436840579392872685e-01 7.696892970991126015e-02 -3.096080274581909375e-01 -6.299975095753031218e-02 1.483132480896552641e-01 -3.078051204681396813e-01 3.380935750699335385e-01 -1.942019804186641829e-01 -2.973025102615357018e-01 1.286914038368349722e-01 3.339972653653912327e-02 -3.012887759208679461e-01
-2.366153327168491194e-01 7.764239081055596126e-02 -3.103473682403564693e-01 -6.456658714940594068e-02 1.558483442286710263e-01 -3.026282901763915900e-01 3.352576565935033726e-01 -1.979420770332349921e-01 -2.960207529067993004e-01 1.365556120327143241e-01 2.881906166927358792e-02 -3.020557661056518794e-01
-2.297133854626998706e-01 7.917367053494857310e-02 -3.105795974731445641e-01 -6.377214098305949985e-02 1.507265060972522719e-01 -2.733879203796387158e-01 3.300473216506454310e-01 -2.015909676579319132e-01 -2.942690296173096076e-01 1.437927677412316196e-01 2.389296864030339071e-02 -3.024539394378662482e-01
-2.232363371355389758e-01 7.926434737653201279e-02 -3.104951877593993825e-01 -7.023378989382261794e-02 1.591596855817666301e-01 -2.596137256622313982e-01 3.229578271157511615e-01 -2.050106160994782101e-01 -2.921359176635742738e-01 1.506842479060647444e-01 1.840629673366146746e-02 -3.027092094421387491e-01
-2.169291430615172267e-01 7.961707803637441128e-02 -3.099177379608155647e-01 -7.673068811444169746e-02 1.697905990812930144e-01 -2.488243408203126561e-01 3.137610343790145362e-01 -2.079982714680368994e-01 -2.892218561172485991e-01 1.570096400133131620e-01 1.259203140348671979e-02 -3.024210424423218191e-01
-2.107651169841452676e-01 7.989010805946900051e-02 -3.089988393783569820e-01 -8.294730728052174262e-02 1.825444491259395341e-01 -2.405987377166748376e-01 3.021108378948542117e-01 -2.107719127605970355e-01 -2.855202836990357040e-01 1.628862251090721913e-01 6.465039918512098527e-03 -3.017807121276855908e-01
-2.047443212559308667e-01 8.016465028810473847e-02 -3.079590339660644438e-01 -8.766725741319951470e-02 1.999774574173784347e-01 -2.381864662170410096e-01 2.880601968461796725e-01 -2.134827736403186460e-01 -2.816254444122314737e-01 1.683481851421307629e-01 4.272708894065280205e-05 -3.010382719039916832e-01
-1.987819897026804339e-01 8.020672029884465259e-02 -3.070137138366700880e-01 -9.025129791454258865e-02 2.192466794563115717e-01 -2.401681156158448904e-01 2.706474532385386156e-01 -2.154160982009438730e-01 -2.782257575988770215e-01 1.735300063066851362e-01 -6.682229642144980886e-03 -3.004546327590942867e-01
-1.929619654083005176e-01 7.998952248023102896e-02 -3.062888116836547936e-01 -9.067675352468552996e-02 2.407969079970802839e-01 -2.474003334045410396e-01 2.495360128147327827e-01 -2.161263105794726802e-01 -2.754389591217040190e-01 1.784097204991799135e-01 -1.370165093482889757e-02 -3.001620883941649165e-01
-1.872441267565528866e-01 7.950716300849029750e-02 -3.056925268173217858e-01 -8.830797223431367804e-02 2.635697614311947601e-01 -2.567190475463867472e-01 2.267276498510475413e-01 -2.162201886608202672e-01 -2.737046022415161040e-01 1.830225735588816849e-01 -2.110914143121261910e-02 -3.001079530715942689e-01
-1.817413039191652091e-01 7.840794003386171440e-02 -3.052725811004639578e-01 -8.117909223466525381e-02 3.004981236102863829e-01 -2.647978706359864209e-01 2.025537836323826335e-01 -2.151844379622378511e-01 -2.727723665237427597e-01 1.873876098056067030e-01 -2.890321847926444893e-02 -3.004108352661133408e-01
-1.762126929376993945e-01 7.697256312504274778e-02 -3.051912517547606396e-01 -7.599687867457506629e-02 3.162042295274813952e-01 -2.674896259307860125e-01 1.766099804600168299e-01 -2.131049828650525835e-01 -2.726166553497315626e-01 1.915621758210662440e-01 -3.716244114011789390e-02 -3.012759895324708115e-01
-1.707278345162193400e-01 7.527244319066030143e-02 -3.050827856063842991e-01 -6.824585105361957726e-02 3.247632709049032562e-01 -2.787239332199096808e-01 1.485519818522390290e-01 -2.100259952001068964e-01 -2.731741209030151274e-01 1.954810273994239123e-01 -4.577521366523730484e-02 -3.021403713226318288e-01
-1.651638995692614742e-01 7.320348630063559792e-02 -3.049832839965820330e-01 -6.109150589504025453e-02 3.304557065993432019e-01 -2.908555622100830185e-01 1.187921910875692211e-01 -2.045325903520910094e-01 -2.745523853302003214e-01 1.992411865999709764e-01 -5.467612915678668473e-02 -3.031161994934082893e-01
-1.614454502141426107e-01 6.855696612815456725e-02 -3.046087141036987744e-01 -5.505165138601758601e-02 3.333346989772757452e-01 -3.017239089012146436e-01 8.800156685480277352e-02 -1.966743105670115122e-01 -2.749088640213013246e-01 2.028648245693157881e-01 -6.388368327716852091e-02 -3.039911336898803995e-01
-1.599952622613022846e-01 6.102025325053225813e-02 -3.040060205459594878e-01 -5.031087505427103701e-02 3.335999956821729673e-01 -3.105128164291381943e-01 5.850116752104783657e-02 -1.884044979512659035e-01 -2.753479738235473651e-01 2.063183277967157725e-01 -7.355161460634422610e-02 -3.047941703796386848e-01
-1.585832778090654205e-01 5.330044581446902879e-02 -3.032910890579222918e-01 -4.468761740867482901e-02 3.325442316726233694e-01 -3.118570775985716748e-01 3.033342817709568096e-02 -1.799038521299110294e-01 -2.753898639678955540e-01 2.095595577220146499e-01 -8.387919013624436926e-02 -3.056310052871704097e-01
-1.573600953808533820e-01 4.551539184949592032e-02 -3.025749893188476314e-01 -4.050572526366591486e-02 3.264296031226893158e-01 -3.127202649116515576e-01 3.938326774993311519e-03 -1.702241862041582454e-01 -2.729478640556335933e-01 2.124748497515178691e-01 -9.500771367450044913e-02 -3.065186948776245646e-01
-1.562007914957539711e-01 3.765057102248666604e-02 -3.018374748229980531e-01 -3.751982225747271804e-02 3.175824596028089530e-01 -3.128216619491576700e-01 -1.891685517060140431e-02 -1.601985531834900778e-01 -2.697271771430969078e-01 2.150064347377095286e-01 -1.072560116425821386e-01 -3.074368495941162127e-01
-1.550046700166964331e-01 2.977333233831495896e-02 -3.010105915069580251e-01 -3.638305746786826833e-02 3.080194794940767644e-01 -3.133207101821899876e-01 -3.794647273590685127e-02 -1.501973808254001841e-01 -2.669892163276671448e-01 2.169529668618376539e-01 -1.209068363843350952e-01 -3.082566661834715838e-01
-1.536790356106242927e-01 2.238750119765466062e-02 -3.000012750625609126e-01 -3.546193355984300632e-02 2.987196125562972537e-01 -3.139418787956236856e-01 -5.213990894532957027e-02 -1.409774874300445680e-01 -2.656684322357176775e-01 2.181573752443245751e-01 -1.354391661812506253e-01 -3.088973350524901185e-01
-1.522562649155499159e-01 1.566627987682706058e-02 -2.989365596771240141e-01 -3.379889797219051695e-02 2.895938807374228707e-01 -3.143908972740173113e-01 -6.125517949174497101e-02 -1.337548772435082356e-01 -2.667511696815490496e-01 2.185004349023267345e-01 -1.504513547610752400e-01 -3.094221134185790589e-01
-1.507582555057585538e-01 9.911214685256880541e-03 -2.978243274688719966e-01 -3.152754261513361633e-02 2.809338549135284024e-01 -3.149317879676818421e-01 -6.599355182697121125e-02 -1.285194317346888548e-01 -2.695436711311339772e-01 2.177931089368305151e-01 -1.656349748416051371e-01 -3.098710746765136470e-01
-1.494935997561485097e-01 5.488708397254141169e-03 -2.964510984420776207e-01 -2.834882436552350893e-02 2.726766394580452113e-01 -3.155261297225951944e-01 -6.605795155472714286e-02 -1.276151254408593450e-01 -2.759406347274779847e-01 2.161199825809828889e-01 -1.811375595006433081e-01 -3.101652069091797026e-01
-1.486419897574079441e-01 3.732680647228175941e-03 -2.945762319564820264e-01 -2.487123780428301956e-02 2.648931458877067380e-01 -3.157719273567200502e-01 -6.422044434452270356e-02 -1.306168964503890417e-01 -2.820873064994812718e-01 2.134161911367225550e-01 -1.967412747773732706e-01 -3.101825733184815359e-01
-1.486346015580875257e-01 8.724542580153246685e-03 -2.904437274932861190e-01 -2.115349193894683344e-02 2.571527728657979073e-01 -3.158705515861511270e-01 -6.199933382714478691e-02 -1.370506736063822339e-01 -2.869875259399414236e-01 2.094916024836099566e-01 -2.118961369419490037e-01 -3.095626754760741894e-01
-1.492209587973921670e-01 2.047444384549598762e-02 -2.793704576492309632e-01 -1.712107476418907315e-02 2.495222534463261144e-01 -3.156596870422363477e-01 -5.977522436459124094e-02 -1.450443778855538546e-01 -2.902514142990112456e-01 2.045850975486840362e-01 -2.263243265777943325e-01 -3.085038204193115696e-01
-1.500775873709599695e-01 3.841573630729083061e-02 -2.673501939773559322e-01 -1.270885873326463300e-02 2.419663916722810670e-01 -3.151236815452575502e-01 -5.707158924212533263e-02 -1.525922089951337601e-01 -2.921343727111816446e-01 1.985781259828787726e-01 -2.405213217765232725e-01 -3.070654315948486146e-01
-1.514618697988394935e-01 6.358058582026267225e-02 -2.571016139984131366e-01 -7.970475755870731760e-03 2.344882968493153808e-01 -3.141410322189331361e-01 -5.337949183676302806e-02 -1.591793774626952818e-01 -2.928960938453674667e-01 1.918937617316207045e-01 -2.532720799354103436e-01 -3.048066635131836399e-01
-1.543321127844177465e-01 9.391687225772513137e-02 -2.478921241760254635e-01 -2.943306305913842569e-03 2.271223066545114966e-01 -3.129694814682007498e-01 -4.907154913130645085e-02 -1.658281536944743728e-01 -2.930735917091370490e-01 1.929997421622302589e-01 -2.588624667182600203e-01 -3.014720315933228090e-01
-1.724177491129280926e-01 1.138502013551112302e-01 -2.422982997894287671e-01 2.145929713156219387e-03 2.199707859141865618e-01 -3.116381378173828653e-01 -4.443305113955310637e-02 -1.723197762377436937e-01 -2.928543920516968324e-01 1.921050720853747507e-01 -2.613171252576697579e-01 -2.971885080337525187e-01
-1.924692223036043037e-01 1.350479282954405169e-01 -2.407692642211914369e-01 6.881376294600075050e-03 2.126819157776967395e-01 -3.104138631820679284e-01 -3.969183626805102699e-02 -1.788880209912622199e-01 -2.924904556274414147e-01 1.888819132503737896e-01 -2.617453207789007807e-01 -2.924836940765381255e-01
-2.127580135336203104e-01 1.555067422858852355e-01 -2.423581905364989575e-01 1.086612510591766778e-02 2.053715142867311716e-01 -3.093051118850707049e-01 -3.553416416371441011e-02 -1.854827419790804344e-01 -2.918342657089233461e-01 1.829954508579269279e-01 -2.614224117374557288e-01 -2.869745559692382653e-01
-2.320236767921902143e-01 1.747125073435733811e-01 -2.462106628417968790e-01 1.476202780132238046e-02 1.982635183544694812e-01 -3.083872957229614187e-01 -3.163884015556740759e-02 -1.921482735966960065e-01 -2.915251798629759916e-01 1.737990410239965144e-01 -2.606676671094230735e-01 -2.809961338043212020e-01
-2.500554374538899172e-01 1.925132074479649069e-01 -2.522107048034668564e-01 1.858805726893790478e-02 1.908009630452175975e-01 -3.080664176940918764e-01 -2.775779294297718580e-02 -1.990168950376288992e-01 -2.915301580429077721e-01 1.682216949803151396e-01 -2.548798693693421491e-01 -2.738567657470704075e-01
-2.652301830296925345e-01 2.068354023569808353e-01 -2.602972908020018683e-01 2.264868685302813545e-02 1.832005745166253030e-01 -3.080737943649290989e-01 -2.383040411433594297e-02 -2.060995767522487143e-01 -2.918163270950317467e-01 1.640364316486472851e-01 -2.423508284630953857e-01 -2.650477046966552841e-01
-2.743882736309328774e-01 2.141424352645165952e-01 -2.705390663146973740e-01 2.684918022356563849e-02 1.752496910610974179e-01 -3.084668321609498332e-01 -1.983039622982303574e-02 -2.133622468272889372e-01 -2.923589868545533044e-01 1.587946079457830395e-01 -2.261807307547681334e-01 -2.561233110427857396e-01
-2.766907445391489362e-01 2.137600575128566494e-01 -2.801792354583740874e-01 2.983076115859349675e-02 1.720477010871175882e-01 -3.063514823913575102e-01 -1.577435779783194214e-02 -2.207907814603871088e-01 -2.932846040725707315e-01 1.521360827876214739e-01 -2.076796533126106792e-01 -2.492987127304077122e-01
-2.760658895672635227e-01 2.098436902322821929e-01 -2.898992795944214107e-01 3.250088195415648529e-02 1.694896430720379543e-01 -3.037492008209228267e-01 -1.160221634572829175e-02 -2.282433197912701051e-01 -2.944682283401489076e-01 1.434699337928153906e-01 -1.867109501877919076e-01 -2.435236186981201145e-01
-2.736558547184476664e-01 2.038121048161572468e-01 -2.980566377639770059e-01 3.466132613706714161e-02 1.671735916503674368e-01 -3.006558103561400852e-01 -7.170216405768800594e-03 -2.357143779621811708e-01 -2.957694120407104998e-01 1.325907222596265922e-01 -1.629695760485562750e-01 -2.396963710784912605e-01
-2.695222908122754668e-01 1.957966656717118337e-01 -3.030288667678832648e-01 3.623066850945366735e-02 1.648454472896873080e-01 -2.975554771423339351e-01 -2.535590928857647808e-03 -2.432165422629227747e-01 -2.971525545120238809e-01 1.204227172369222720e-01 -1.375807682988017255e-01 -2.368689746856689204e-01
-2.638867567853913632e-01 1.858871585299126383e-01 -3.062034196853637980e-01 3.724732796358425080e-02 1.620803667265727777e-01 -2.947562522888184100e-01 2.316506655445388363e-03 -2.507951686896159327e-01 -2.986552782058716216e-01 1.081024275816651892e-01 -1.123549691766922709e-01 -2.345403022766113788e-01
-2.581610070056177819e-01 1.755399798435638425e-01 -3.083538169860839395e-01 3.785552516959950903e-02 1.596233104961637117e-01 -2.921196289062499840e-01 7.481424290090299412e-03 -2.584657676861035758e-01 -3.002873725891113121e-01 9.632201979288965155e-02 -8.797959711253015846e-02 -2.353752727508544584e-01
-2.522849513569873636e-01 1.648856899472984083e-01 -3.098969335556030491e-01 3.801102727709742418e-02 1.589001912804547945e-01 -2.890623350143433079e-01 1.284610341133946010e-02 -2.662268935228792599e-01 -3.020491046905517951e-01 8.538939917865094598e-02 -6.500910374462393060e-02 -2.382569236755371356e-01
-2.463017262227532589e-01 1.539203969964203500e-01 -3.113398237228394150e-01 3.640251768016034006e-02 1.594241859101991343e-01 -2.865807361602783487e-01 1.832103442294995277e-02 -2.741499451514159968e-01 -3.038862915039062806e-01 7.554147924636760159e-02 -4.426274055552865960e-02 -2.425250930786133075e-01
-2.402025543442370403e-01 1.429083949008918553e-01 -3.128496236801147634e-01 3.208449934717907265e-02 1.610251353916659633e-01 -2.847955389022827077e-01 2.371362289625181252e-02 -2.822056558103988588e-01 -3.057404155731200945e-01 6.705962429121997692e-02 -2.597286727355179251e-02 -2.474856681823730531e-01
-2.339595347473579778e-01 1.317546979462076995e-01 -3.145261974334716548e-01 2.541877502697799385e-02 1.634574334482137570e-01 -2.830969543457030890e-01 2.899013857720525444e-02 -2.903310990686154280e-01 -3.077647609710694176e-01 5.942386163596908438e-02 -9.377472804430363879e-03 -2.512958021163941291e-01
-2.275810015359467642e-01 1.204696052781930593e-01 -3.160898180007934988e-01 1.546356780580462886e-02 1.661331558888984039e-01 -2.807744188308716193e-01 3.415084524820186096e-02 -2.983761465947880609e-01 -3.096001405715942956e-01 5.281093815976101863e-02 4.969495329706957037e-03 -2.537918968200684189e-01
-2.210449754592554439e-01 1.088927080240285894e-01 -3.172904701232908686e-01 2.778710242211948622e-03 1.675531292478251999e-01 -2.751819915771482883e-01 3.900952491046609516e-02 -3.062744616980792589e-01 -3.109122104644775342e-01 4.776128992666995449e-02 1.586993437848009669e-02 -2.576363868713378302e-01
-2.143877081591518130e-01 9.701769666117235347e-02 -3.182374353408812251e-01 -1.201443348995691329e-02 1.698511902390984207e-01 -2.680347080230711665e-01 4.341153948771463156e-02 -3.140735971889185851e-01 -3.119839591979980398e-01 4.465789976382110449e-02 2.254308621820828168e-02 -2.625460739135742072e-01
-2.075182196551600966e-01 8.481967362279782541e-02 -3.189776773452758785e-01 -2.910601152164414562e-02 1.739009329648640301e-01 -2.604313297271728112e-01 4.738363649406140965e-02 -3.224436799559278199e-01 -3.130566663742065381e-01 4.368752726016693344e-02 2.463162148683938069e-02 -2.698327274322509517e-01
-2.003555244749757325e-01 7.254595901377540457e-02 -3.195139045715332804e-01 -4.741405196439364700e-02 1.783842937967225484e-01 -2.539920825958252859e-01 5.097401405657864260e-02 -3.317554670473990552e-01 -3.140702934265137691e-01 4.472439980269695553e-02 2.240788979349860738e-02 -2.796538586616517108e-01
-1.928523794430741789e-01 6.065572864056686941e-02 -3.199619407653809255e-01 -7.507517551326133021e-02 1.864786515823604884e-01 -2.379449672698975560e-01 5.426088595276341853e-02 -3.414575603918663105e-01 -3.147728319168091593e-01 4.697234463937507987e-02 1.751178137201813562e-02 -2.874849481582642530e-01
-1.849473507879551837e-01 4.930618107520765708e-02 -3.202662439346313783e-01 -9.765485547229554864e-02 1.901444124170414973e-01 -2.118620891571045273e-01 5.721011755637851748e-02 -3.509713414086245153e-01 -3.148862953186035707e-01 5.007998942558594679e-02 1.052575747266554229e-02 -2.936475176811218502e-01
-1.764726895981975074e-01 3.808683287279877178e-02 -3.206778497695922936e-01 -9.368888214885462418e-02 1.985584072886991125e-01 -2.187246627807616917e-01 5.978859394768727686e-02 -3.598327531926842626e-01 -3.143952674865722607e-01 5.435468807057240725e-02 5.222610087081448749e-04 -2.985698504447936719e-01
-1.675148687165078365e-01 2.733028309815314916e-02 -3.210565490722654958e-01 -1.199511066982553165e-01 2.060758767327265373e-01 -2.239799137115477956e-01 6.194505482316385592e-02 -3.673024281231834776e-01 -3.132356901168823482e-01 5.804712283435678466e-02 -8.879317812887414785e-03 -3.010496158599853533e-01
-1.580489348221810197e-01 1.708231632604170075e-02 -3.212829990386962820e-01 -1.472990287669063147e-01 2.152093595315981434e-01 -2.338218612670898144e-01 6.359761710065632567e-02 -3.731599916502448266e-01 -3.112774343490600226e-01 6.146774315364267327e-02 -1.841525903782253309e-02 -3.038005251884460245e-01
-1.481125342937865685e-01 7.331835296640200339e-03 -3.213573617935179816e-01 -1.732930444415065885e-01 2.208502251359256985e-01 -2.443776245117187107e-01 6.499345238559685323e-02 -3.772102828772215810e-01 -3.088660211563109548e-01 6.467412330450444946e-02 -2.823271449889970877e-02 -3.063227386474608460e-01
-1.379415786541310918e-01 -1.636502657046449982e-03 -3.213462944030760493e-01 -1.983926208983881057e-01 2.271616883517589836e-01 -2.573041648864745068e-01 6.618578897320295806e-02 -3.777084170706723198e-01 -3.064020080566406401e-01 6.772277793286118897e-02 -3.842216705845145908e-02 -3.082079405784606818e-01
-1.277562948743527216e-01 -9.578480369372290026e-03 -3.213044185638428418e-01 -2.208622998498441237e-01 2.355705918450733127e-01 -2.696519012451172315e-01 6.750085501244046382e-02 -3.732475989406369155e-01 -3.042041940689087509e-01 7.064812370585966950e-02 -4.906178456648478681e-02 -3.095165891647339573e-01
-1.176146942850959248e-01 -1.643267742672940845e-02 -3.213455600738525653e-01 -2.365616734042277902e-01 2.417184269050963730e-01 -2.819470186233520859e-01 6.957401189689511878e-02 -3.630038449182036997e-01 -3.020769042968750040e-01 7.353023630661091603e-02 -5.992877310460087426e-02 -3.107174534797668697e-01
-1.076087491710822908e-01 -2.221287592188059615e-02 -3.213608713150024054e-01 -2.457794984391580562e-01 2.436676213731525653e-01 -2.976087636947631343e-01 6.470933478125376337e-02 -3.505720618308465486e-01 -2.995250291824341216e-01 7.636048802442604866e-02 -7.053664431219476560e-02 -3.122785301208496622e-01
-9.779527398717097197e-02 -2.705843887740188788e-02 -3.215302104949949724e-01 -2.527879043616894084e-01 2.434879629683554814e-01 -3.114641447067259539e-01 5.778912084229285290e-02 -3.351474161742903357e-01 -2.964985818862915234e-01 7.922591440645737615e-02 -8.067030647180406522e-02 -3.143448371887206938e-01
-8.820086432416852917e-02 -3.120285223191855695e-02 -3.214866847991943444e-01 -2.572266833919110152e-01 2.420451336966265576e-01 -3.208323640823364520e-01 5.094438640578270033e-02 -3.149797928952270953e-01 -2.929281015396118515e-01 8.236171600582839480e-02 -9.040124419854363158e-02 -3.166895933151245290e-01
-7.924123436460174530e-02 -3.479195917192355603e-02 -3.210159893035888778e-01 -2.569282873973722792e-01 2.381950114814065378e-01 -3.277415056228637491e-01 4.384372317745505176e-02 -2.908080020594493997e-01 -2.891271944046020503e-01 8.614801207745266531e-02 -9.962592497979738670e-02 -3.188435430526733172e-01
-7.083017110689357465e-02 -3.794512997638844337e-02 -3.203825206756591992e-01 -2.538362455063110090e-01 2.320446295256514413e-01 -3.330129070281983017e-01 3.699683380620416573e-02 -2.653469374360206690e-01 -2.857726116180419051e-01 9.304920330442320586e-02 -1.075513850368626234e-01 -3.208251256942748486e-01
-6.273727667562131738e-02 -4.076243755587172224e-02 -3.197784299850464085e-01 -2.488080812222659144e-01 2.240186843178756382e-01 -3.370264883041382276e-01 3.016156384893455000e-02 -2.382931453302124247e-01 -2.828585357666015820e-01 1.000333654874183409e-01 -1.154940872567818133e-01 -3.228912134170532355e-01
-5.536793246713011402e-02 -4.323721244983633888e-02 -3.189825792312622754e-01 -2.419452396418432516e-01 2.150751646265907646e-01 -3.396868247985840861e-01 2.477714321484330434e-02 -2.128600979046767760e-01 -2.813253183364868848e-01 1.070638869576129859e-01 -1.233222483129170904e-01 -3.248360652923584779e-01
-4.900403743685886881e-02 -4.522019426539330977e-02 -3.172469110488891908e-01 -2.343750401537935957e-01 2.062565681898124170e-01 -3.411923570632934832e-01 1.886816600103059793e-02 -1.862092790752791216e-01 -2.793399448394775497e-01 1.139244907479373403e-01 -1.309517296423061972e-01 -3.267049188613891930e-01
-4.435310989422864419e-02 -4.670395281733778770e-02 -3.134871454238891131e-01 -2.268306438360976895e-01 1.978889212968021061e-01 -3.420666141510009250e-01 1.293039930400806392e-02 -1.612763276413582691e-01 -2.794657964706421804e-01 1.205694314429284486e-01 -1.382244677987609638e-01 -3.285099382400513135e-01
-4.323373163167389122e-02 -4.772779507848354252e-02 -3.060890645980834934e-01 -2.200154687553322330e-01 1.904009277795107868e-01 -3.427314920425414968e-01 7.763463183416773050e-03 -1.403362621617288697e-01 -2.834616298675537438e-01 1.269945430517562257e-01 -1.451214616280487590e-01 -3.302075500488281246e-01
-4.809652049926300271e-02 -4.841409383013556972e-02 -2.934051437377930283e-01 -2.133435204581901057e-01 1.837962740280288665e-01 -3.435111494064331250e-01 3.813109549253380914e-03 -1.239948086916312364e-01 -2.900610990524292165e-01 1.333593060779050821e-01 -1.514683263378998335e-01 -3.317639369964600071e-01
-5.866639405829140314e-02 -4.921160069762228750e-02 -2.791963882446287792e-01 -2.066899773058354928e-01 1.776498921744252835e-01 -3.444957656860350159e-01 1.327526513703561339e-03 -1.126606408049433961e-01 -2.968170328140258829e-01 1.396830750981231106e-01 -1.571585428021772257e-01 -3.332913274765014755e-01
-7.385020746664046343e-02 -5.070176766456294115e-02 -2.648211498260497621e-01 -2.004426858483132901e-01 1.718378284760318231e-01 -3.453609056472777827e-01 2.279261505890285699e-03 -1.094014505566921064e-01 -3.026146359443664391e-01 1.457918126421453575e-01 -1.623099727280489513e-01 -3.345518608093261403e-01
-9.148764392258826317e-02 -5.324232630312887571e-02 -2.513415355682372399e-01 -1.942895894463440021e-01 1.663061475842027570e-01 -3.460495920181274054e-01 7.912998065029375194e-03 -1.151138034984273140e-01 -3.099893469810486302e-01 1.521410223532584927e-01 -1.665011570638620930e-01 -3.350523061752320175e-01
-1.106760307083635847e-01 -5.696898410712412930e-02 -2.424678249359131788e-01 -1.880649150176019468e-01 1.610851618842278343e-01 -3.464831562042237079e-01 1.574520987066519578e-02 -1.245299259735720976e-01 -3.163643188476563117e-01 1.588828790916400058e-01 -1.698062321171990297e-01 -3.348225803375244891e-01
-1.308823683524417691e-01 -6.201745749029879962e-02 -2.386150760650634362e-01 -1.817201478036157003e-01 1.559671705697620037e-01 -3.467048282623289568e-01 2.427353669821494253e-02 -1.343136590313236678e-01 -3.214389724731444020e-01 1.660691449112891571e-01 -1.734752238967958993e-01 -3.345526905059813538e-01
-1.531421695310073994e-01 -6.854354523459542381e-02 -2.376791782379150120e-01 -1.753333247096828251e-01 1.509855030726843794e-01 -3.467442054748534619e-01 3.201519324529848026e-02 -1.410832269038292119e-01 -3.249773712158202654e-01 1.742688646660060792e-01 -1.765112149704928246e-01 -3.339110298156737766e-01
-1.770944902722359215e-01 -7.656328212121663035e-02 -2.397390098571777206e-01 -1.690766115384953194e-01 1.463326845425005351e-01 -3.465798301696776385e-01 3.984845463325818044e-02 -1.461223511289137800e-01 -3.281585474014282466e-01 1.826444602472693801e-01 -1.772407067013669901e-01 -3.324279708862304950e-01
-2.025530311341317002e-01 -8.600732170663849541e-02 -2.456731910705567956e-01 -1.632143048691004905e-01 1.421203656057254128e-01 -3.462245531082154826e-01 4.818593756625697000e-02 -1.498779385791826069e-01 -3.300992746353150764e-01 1.906347110212547880e-01 -1.747596013859454012e-01 -3.300054140090943888e-01
-2.280921103578784359e-01 -9.669627159573279673e-02 -2.522518749237060987e-01 -1.577712507423393862e-01 1.384044514575087093e-01 -3.455980987548828431e-01 5.695946808927493388e-02 -1.524445568184254474e-01 -3.306353492736816557e-01 1.974530993806076495e-01 -1.687650308313083658e-01 -3.267126102447510116e-01
-2.492595942112220131e-01 -1.077434438209098760e-01 -2.609683532714844323e-01 -1.527456738753443788e-01 1.350534879066595528e-01 -3.446498413085938295e-01 6.624264956680839256e-02 -1.543606775368024653e-01 -3.308473081588745868e-01 2.031118088015429202e-01 -1.605272572810788612e-01 -3.228495187759400364e-01
-2.672513841068696605e-01 -1.192596232380846166e-01 -2.734218330383301199e-01 -1.480076087190602963e-01 1.319495735064583897e-01 -3.434285469055176065e-01 7.589649555255777169e-02 -1.558236867865944730e-01 -3.309920282363891797e-01 2.071379802143679949e-01 -1.505120853650920576e-01 -3.181049270629883186e-01
-2.787189335188515193e-01 -1.300332619010383661e-01 -2.887558860778809411e-01 -1.433642092493994380e-01 1.290960640553497074e-01 -3.418384761810303596e-01 8.592192668827372537e-02 -1.565461681347448675e-01 -3.308882827758789502e-01 2.094115962219321170e-01 -1.385768538760348001e-01 -3.126644630432129368e-01
-2.806084889487074907e-01 -1.384019901386929763e-01 -3.058847064971922936e-01 -1.386341491918545721e-01 1.262944845529774263e-01 -3.398902435302733616e-01 9.587371225422336440e-02 -1.566673671993855099e-01 -3.303644676208496445e-01 2.093009051918315877e-01 -1.200241028407751515e-01 -3.050764627456665212e-01
-2.775712146202141684e-01 -1.453153727625171587e-01 -3.202562112808228223e-01 -1.334251389623165585e-01 1.232720690111838713e-01 -3.376736230850220233e-01 1.056876094937206495e-01 -1.564281855938379207e-01 -3.294939107894899188e-01 2.121350565835127266e-01 -9.126975153909751282e-02 -2.983612413406374064e-01
-2.710073784734505775e-01 -1.509882663964736138e-01 -3.301482267379761137e-01 -1.278023968873325256e-01 1.200374897881905378e-01 -3.352519483566284708e-01 1.153238230807104858e-01 -1.560649891133532308e-01 -3.285190076828003458e-01 2.137335085756384701e-01 -6.022147704806779522e-02 -2.944771165847778760e-01
-2.627962129791724388e-01 -1.560154856141217072e-01 -3.335459537506103023e-01 -1.221720155595124313e-01 1.167623150544856853e-01 -3.324771614074706894e-01 1.248095444364910878e-01 -1.556399420252920773e-01 -3.272632570266723606e-01 2.124422926310788606e-01 -2.794182322890209624e-02 -2.932308168411254523e-01
-2.537765123611209761e-01 -1.601996932438120858e-01 -3.330967397689818532e-01 -1.169535581917815759e-01 1.137684295743470325e-01 -3.298014183044432612e-01 1.342158234465015421e-01 -1.549049571349331855e-01 -3.261791486740110435e-01 2.084271595898838370e-01 5.074344497487545680e-03 -2.940693254470823081e-01
-2.442607205581010799e-01 -1.638237047622402853e-01 -3.315270872116088396e-01 -1.119264012269021585e-01 1.107578609580552320e-01 -3.269373865127562784e-01 1.436271422383553487e-01 -1.537398824321812296e-01 -3.251420469284058146e-01 2.034158216101636385e-01 3.743500810517014221e-02 -2.950272197723389223e-01
-2.346907813791617170e-01 -1.675076095681183874e-01 -3.297618885040283776e-01 -1.070538650338120901e-01 1.073746100125740899e-01 -3.239856882095337731e-01 1.527331757157796288e-01 -1.520484071733136378e-01 -3.241418523788452966e-01 1.971313464279566552e-01 6.572620482665010588e-02 -2.964100046157837620e-01
-2.252269229453864319e-01 -1.710637859779916004e-01 -3.285974807739256431e-01 -1.027698055201335392e-01 1.037311041307677484e-01 -3.208360071182249640e-01 1.617077495743518001e-01 -1.495881546790069905e-01 -3.231437845230101247e-01 1.930391666295201425e-01 8.920323152284223567e-02 -3.015787382125852956e-01
-2.162604008388513965e-01 -1.748183418470538597e-01 -3.275485248565673801e-01 -9.937317425331268494e-02 9.996115518283033019e-02 -3.174343843460082915e-01 1.708117297354173614e-01 -1.461501515966142084e-01 -3.222283573150634406e-01 1.920242898303212153e-01 1.078600876170452000e-01 -3.058025140762328786e-01
-2.078662869360063947e-01 -1.788487128448812691e-01 -3.264366073608398477e-01 -9.732427469615273496e-02 9.613492324117085819e-02 -3.137880010604858216e-01 1.797392101057239122e-01 -1.418051478758336204e-01 -3.214739866256713929e-01 1.937505831204564544e-01 1.171067590697205951e-01 -3.109017581939697572e-01
-1.995584384009276013e-01 -1.830295246621550798e-01 -3.252468080520629079e-01 -9.701110068389490193e-02 9.237728862464363033e-02 -3.099027557373046360e-01 1.883895928948695619e-01 -1.361504120151284525e-01 -3.207730979919434233e-01 1.963211382633391067e-01 1.183829183749715436e-01 -3.152266759872436874e-01
-1.912522148048729220e-01 -1.873008794730389170e-01 -3.238499708175659464e-01 -9.876706118820317848e-02 8.765319792623990636e-02 -3.057358093261718923e-01 1.964871497763928665e-01 -1.291880139033403097e-01 -3.197646064758301043e-01 1.997589993664123376e-01 1.162308732175099113e-01 -3.166939897537232040e-01
-1.830190604832450940e-01 -1.916153528897788227e-01 -3.222594137191773234e-01 -1.026383452259662238e-01 8.225953065977124889e-02 -3.014721794128418786e-01 2.006680350008979707e-01 -1.294738315139429274e-01 -3.183322162628174357e-01 2.032301019595534330e-01 1.145262250174304275e-01 -3.164363307952881565e-01
-1.746494356353046895e-01 -1.959476008397453839e-01 -3.206305952072144305e-01 -1.083171291009953768e-01 7.609876509689426916e-02 -2.972039766311646014e-01 2.033579680945017676e-01 -1.324948530797878110e-01 -3.165563364028929905e-01 2.064542098780519364e-01 1.125006231127476108e-01 -3.165791435241698815e-01
-1.660895192209422000e-01 -2.002232926884490727e-01 -3.191493768692016397e-01 -1.156247528393842539e-01 6.891533347566147771e-02 -2.929006357192993071e-01 2.056525084792596159e-01 -1.355838937729892113e-01 -3.144723196029662882e-01 2.086998593180731665e-01 1.096606559091091171e-01 -3.167117280960082826e-01
-1.572147612891620361e-01 -2.043039924541290575e-01 -3.180096168518066757e-01 -1.242355102127693511e-01 6.063810724922236856e-02 -2.886530084609986169e-01 2.078096162246814982e-01 -1.386437285479965309e-01 -3.122936506271361545e-01 2.103812263368298741e-01 1.071230401694637652e-01 -3.165780134201049423e-01
-1.480192120293703228e-01 -2.081107564113076902e-01 -3.173210544586180237e-01 -1.338503969434254870e-01 5.130798877257423951e-02 -2.839675731658934388e-01 2.099778491288004367e-01 -1.413115919755595917e-01 -3.101159448623657111e-01 2.124378884505950527e-01 1.044064613152230758e-01 -3.169517107009887646e-01
-1.385183824373913408e-01 -2.115354123691931543e-01 -3.171666021347046005e-01 -1.455047010238167127e-01 4.107268704124841102e-02 -2.802826137542724916e-01 2.125422632023330760e-01 -1.431107255356173225e-01 -3.080497522354127549e-01 2.152187859666431502e-01 1.014477145023507249e-01 -3.178892822265626528e-01
-1.289728891757636886e-01 -2.144549513646865080e-01 -3.174523324966431193e-01 -1.598298929587729789e-01 2.953602093265522699e-02 -2.789118165969849406e-01 2.155957021557082243e-01 -1.441620214779222864e-01 -3.061346359252929972e-01 2.184510477459240818e-01 9.864857787674356782e-02 -3.191113729476929284e-01
-1.195047255241496048e-01 -2.168646211026628579e-01 -3.181504507064818466e-01 -1.759788902022501600e-01 1.633982720372981201e-02 -2.792893667221068021e-01 2.187639180209465239e-01 -1.454807192057550602e-01 -3.042404623031616517e-01 2.218254178330074100e-01 9.606776396071715907e-02 -3.206276578903198282e-01
-1.102261555370225715e-01 -2.186937798578389436e-01 -3.192409629821776895e-01 -1.926394418234690098e-01 1.597762649951858793e-03 -2.802150650024413658e-01 2.216228226879257968e-01 -1.430005706998301040e-01 -3.021603984832763046e-01 2.252694409289618394e-01 9.366095624835410471e-02 -3.223192043304443088e-01
-1.011294680685284886e-01 -2.199689282260972878e-01 -3.207317180633545428e-01 -2.072575237182761321e-01 -1.374552947727405994e-02 -2.797746963500977180e-01 2.241340192273770238e-01 -1.364380543700226822e-01 -2.999782676696777783e-01 2.286994034029662948e-01 9.145624180539460579e-02 -3.241509265899658598e-01
-9.318672849881343145e-02 -2.203644256812289370e-01 -3.222945709228515754e-01 -2.207898594523914071e-01 -2.880841026878322442e-02 -2.790368003845214995e-01 2.261863384558858436e-01 -1.251963992526494152e-01 -2.968837041854857084e-01 2.320636057956847464e-01 8.980093708964456689e-02 -3.260056562423704896e-01
-8.666398087543258910e-02 -2.199929234117519172e-01 -3.238263435363769593e-01 -2.326585853764672196e-01 -4.392698964130420380e-02 -2.788047428131103511e-01 2.270325557982890152e-01 -1.090947701681913018e-01 -2.923991985321043874e-01 2.351937632105288167e-01 8.882084049264200865e-02 -3.278733606338499751e-01
-8.100464502566591396e-02 -2.191603402995402905e-01 -3.250658626556396924e-01 -2.410298667071649747e-01 -5.818542332237149062e-02 -2.794280405044555771e-01 2.255353448125446136e-01 -9.319021201548828570e-02 -2.881052227020264866e-01 2.382107536666539793e-01 8.825982196354657805e-02 -3.294602603912354932e-01
-7.591343745553452704e-02 -2.180730429218805666e-01 -3.261044807434083648e-01 -2.462290348580635224e-01 -7.203910517835357408e-02 -2.810759515762330518e-01 2.209457182998866842e-01 -7.897129218276771612e-02 -2.853101415634155535e-01 2.409637364810459370e-01 8.806226068907255233e-02 -3.308157176971435742e-01
-7.087089865643786402e-02 -2.169676656136484971e-01 -3.271042699813843102e-01 -2.495986867634896744e-01 -8.603823403456890839e-02 -2.836898822784424401e-01 2.135515883472826337e-01 -6.884725297900778918e-02 -2.856450624465941557e-01 2.434362942312726374e-01 8.794521313944311802e-02 -3.320786018371581494e-01
-6.578344119628685982e-02 -2.159402331616088466e-01 -3.282010049819947817e-01 -2.516015819445997503e-01 -1.012102992357073045e-01 -2.872689266204835334e-01 2.050107832930688212e-01 -6.542980834818434843e-02 -2.916127796173096920e-01 2.456531985103161120e-01 8.776718097264220309e-02 -3.334180898666383452e-01
-6.105773155891047743e-02 -2.147855816076221780e-01 -3.290703983306885738e-01 -2.525413761096645393e-01 -1.163113002280684177e-01 -2.914749164581299512e-01 1.989630680789366279e-01 -6.250254794493873001e-02 -3.009635038375854110e-01 2.478785521829069971e-01 8.763408334143137079e-02 -3.345665140151977135e-01
-5.719604791144493328e-02 -2.133841436671100877e-01 -3.297919769287108172e-01 -2.527270661441861077e-01 -1.301130753230548553e-01 -2.964806289672850537e-01 1.981141698667721607e-01 -6.013049465348227485e-02 -3.098640842437744292e-01 2.502134407606614319e-01 8.765540000044899638e-02 -3.356219215393066446e-01
-5.374045425220581873e-02 -2.118178003247056518e-01 -3.305054302215575945e-01 -2.522876789146248355e-01 -1.432838745146938209e-01 -3.025419969558715838e-01 2.027290853020778938e-01 -5.783186840928484368e-02 -3.167378873825072993e-01 2.526800022800750334e-01 8.777864075768111729e-02 -3.367078943252563294e-01
-5.046894675985337531e-02 -2.101019970510374646e-01 -3.309482641220093391e-01 -2.500575683005553662e-01 -1.546809184591694808e-01 -3.101889820098877593e-01 2.083096977142644690e-01 -5.523470166404387954e-02 -3.214762802124023766e-01 2.553909526842141342e-01 8.792139213982995416e-02 -3.375398893356323926e-01
-4.700900558138710467e-02 -2.081756460047364810e-01 -3.311261625289917965e-01 -2.460374697937166011e-01 -1.622300498312389538e-01 -3.188121910095215727e-01 2.143176082078558919e-01 -5.223863481874337772e-02 -3.250519914627075790e-01 2.583657678382556000e-01 8.814626207730319463e-02 -3.380794401168824015e-01
-4.315687165529680236e-02 -2.060494412103837936e-01 -3.309763116836548225e-01 -2.424936494102343243e-01 -1.665390935022213470e-01 -3.274163503646850826e-01 2.204022325950762418e-01 -4.844189930216268036e-02 -3.277660818099974449e-01 2.615228607461159704e-01 8.844065948020488066e-02 -3.382861585617064626e-01
-3.906156177416332531e-02 -2.037580666788511852e-01 -3.305929203033447505e-01 -2.388389517815364682e-01 -1.690877539817959019e-01 -3.331040687561035440e-01 2.259615771550170238e-01 -4.384205840849797475e-02 -3.301719684600830096e-01 2.647038944774585678e-01 8.886991489759540896e-02 -3.381378288269042964e-01
-3.488895715096906186e-02 -2.013129903162132472e-01 -3.298352165222167565e-01 -2.352497925783433308e-01 -1.699667177790767369e-01 -3.362509698867797714e-01 2.305423283699600812e-01 -3.867967568322554228e-02 -3.306169767379761870e-01 2.678382994007231788e-01 8.951690681243268388e-02 -3.374070138931275498e-01
-3.052887081816635373e-02 -1.988311908903295233e-01 -3.290241641998289945e-01 -2.315355513801970466e-01 -1.696691587281703995e-01 -3.378021306991576544e-01 2.339281015357433380e-01 -3.315645925099271196e-02 -3.296893901824951567e-01 2.707253804406647424e-01 9.031761772874381811e-02 -3.364373989105224894e-01
-2.577448106517869764e-02 -1.962301739888135943e-01 -3.283054132461549202e-01 -2.274274195990134140e-01 -1.687137550512495532e-01 -3.382285423278809655e-01 2.371516759364979132e-01 -2.705158140764141184e-02 -3.280663175582886892e-01 2.735457195651378459e-01 9.107254605331618902e-02 -3.355089874267579431e-01
-2.073505095371645790e-02 -1.934821516290504140e-01 -3.276440258026123153e-01 -2.231325029610957689e-01 -1.678127206063569077e-01 -3.380488224029540856e-01 2.402497713971303017e-01 -2.141027372341470711e-02 -3.262714834213256698e-01 2.762837125740014166e-01 9.184949390660943069e-02 -3.345759506225585711e-01
-1.580898182699758819e-02 -1.906181613438476530e-01 -3.270703763961793076e-01 -2.188728843946628477e-01 -1.674150604715109736e-01 -3.374532527923584935e-01 2.433006147877344039e-01 -1.604475500105309593e-02 -3.249221343994141420e-01 2.788826527800954969e-01 9.278499397919984237e-02 -3.336992139816284952e-01
-1.105466539431947809e-02 -1.875042780104123896e-01 -3.265936965942382586e-01 -2.146556970907661510e-01 -1.670847618631613463e-01 -3.366966314315795739e-01 2.464652674205062843e-01 -1.104182303711833540e-02 -3.243094844818115163e-01 2.819866195377673801e-01 9.594788096039448544e-02 -3.329241247177123775e-01
-6.541078500807782914e-03 -1.841254542462595900e-01 -3.261044235229492716e-01 -2.107850436761267710e-01 -1.660645195630738868e-01 -3.358700771331787349e-01 2.494703343829250131e-01 -6.256647974716249283e-03 -3.241270322799683079e-01 2.846704374563038820e-01 1.016078944402254297e-01 -3.316234035491943954e-01
-2.235156404969934618e-03 -1.806049544407355156e-01 -3.251573152542114320e-01 -2.072781541014510065e-01 -1.645024484583580415e-01 -3.346922798156738432e-01 2.523498149634482157e-01 -1.821606134704216451e-03 -3.239037580490112256e-01 2.861244076158713234e-01 1.066287646092556884e-01 -3.290334768295288259e-01
1.615867059000700157e-03 -1.769593594283893900e-01 -3.240959281921387269e-01 -2.042937824487014442e-01 -1.623109963510833698e-01 -3.336361761093140088e-01 2.550471800659236954e-01 2.570931752519427238e-03 -3.239680213928223251e-01 2.839100225990235926e-01 1.108338662240882233e-01 -3.252474946975708603e-01
5.197323212050249108e-03 -1.731610309817850357e-01 -3.229021759033202099e-01 -2.017136935346731941e-01 -1.597420774164715895e-01 -3.326632709503172802e-01 2.574568611531709017e-01 8.106443893764712916e-03 -3.242446632385254102e-01 2.770515489748011650e-01 1.152577473271712005e-01 -3.199368400573731064e-01
8.361031100226047619e-03 -1.695669770976974133e-01 -3.216040534973144127e-01 -1.994901048290426138e-01 -1.570895869449090987e-01 -3.318692989349364963e-01 2.589141887428949018e-01 1.498216686767572803e-02 -3.245614690780639355e-01 2.655453769974049916e-01 1.199444814869853881e-01 -3.134878988265991095e-01
1.130074181298976882e-02 -1.661459373328578182e-01 -3.202219457626343524e-01 -1.974385952824591339e-01 -1.544009769261871223e-01 -3.313191289901734060e-01 2.595682228478463638e-01 2.273183349219075333e-02 -3.247780580520630567e-01 2.476814461786318311e-01 1.233735822264292459e-01 -3.072536106109620135e-01
1.423427820053276699e-02 -1.626546399145621935e-01 -3.188334436416626061e-01 -1.952952692756243225e-01 -1.517717884196783940e-01 -3.308901948928832937e-01 2.598456624122695846e-01 3.052082077255381665e-02 -3.248957366943358016e-01 2.219119083310935603e-01 1.283844829145566746e-01 -3.009422702789305570e-01
1.712669818613497125e-02 -1.592249307742627795e-01 -3.175246686935424556e-01 -1.931232483930970800e-01 -1.492432667944307567e-01 -3.305311555862426309e-01 2.613391745062386695e-01 3.404845065352031519e-02 -3.250382347106933190e-01 1.888144323503249400e-01 1.376224667241337796e-01 -2.951634187698364276e-01
1.998742623219032510e-02 -1.558980004835701649e-01 -3.161079664230346808e-01 -1.907942313520811506e-01 -1.467037055790397504e-01 -3.301452989578247399e-01 2.633755137941288238e-01 3.652807585163284770e-02 -3.250918550491332382e-01 1.533063257785965694e-01 1.434992010305784216e-01 -2.914716882705687406e-01
2.272565536674783088e-02 -1.528140598747401713e-01 -3.145850391387939871e-01 -1.882699791815525825e-01 -1.440736973751770011e-01 -3.297566623687744891e-01 2.655195753583144969e-01 3.907590260516461550e-02 -3.249984760284424512e-01 1.162510577917865995e-01 1.452724920248496532e-01 -2.907937068939209779e-01
2.540619573493179198e-02 -1.496779258507371368e-01 -3.131503982543946130e-01 -1.854581695876993952e-01 -1.413482757225916209e-01 -3.294757719039917987e-01 2.677048001426344803e-01 4.171506229844841596e-02 -3.248034114837646258e-01 8.006749223699595464e-02 1.451438292182382628e-01 -2.911925311088561785e-01
2.787462000878945453e-02 -1.477177267959565443e-01 -3.119498653411865718e-01 -1.823228828991546591e-01 -1.385224131329156338e-01 -3.293018264770508075e-01 2.703116490109308545e-01 4.443222000355490087e-02 -3.248077936172485414e-01 4.716449345217595124e-02 1.445817034971974002e-01 -2.948637313842773500e-01
3.012395731087237280e-02 -1.476050889891534212e-01 -3.107351322174072283e-01 -1.789037380197925908e-01 -1.356692785140058144e-01 -3.291561145782470610e-01 2.733442176400209811e-01 4.717881191072489933e-02 -3.251508398056029980e-01 1.711657490930910963e-02 1.434705315121821978e-01 -2.990830321311950812e-01
3.231166161450353680e-02 -1.487057107226038566e-01 -3.089525051116941978e-01 -1.752783530054382588e-01 -1.328443449799633913e-01 -3.290234203338621710e-01 2.766892115443164157e-01 4.997435435391603398e-02 -3.256465930938720610e-01 -8.587653298083267051e-03 1.413853580179275926e-01 -3.030385441780090172e-01
3.464779577212289546e-02 -1.511420678950158303e-01 -3.057739849090576612e-01 -1.711922439790915518e-01 -1.301131531844236522e-01 -3.288660068511963241e-01 2.804582523875812639e-01 5.284503953745013638e-02 -3.261071939468382919e-01 -2.683200970267547031e-02 1.370206097307491988e-01 -3.056468195915221786e-01
3.696122657282339963e-02 -1.563335125533396042e-01 -3.011172695159911594e-01 -1.668789825428766693e-01 -1.273857082241998395e-01 -3.286974973678588596e-01 2.843987145276292150e-01 5.571955758096697187e-02 -3.264717407226561119e-01 -3.357503719982124490e-02 1.348302126053707028e-01 -3.104082055091856307e-01
3.921341952241671341e-02 -1.654719005021892397e-01 -2.961082143783569376e-01 -1.624386610630062788e-01 -1.245338069896498867e-01 -3.285634202957153360e-01 2.883202143232660997e-01 5.858153571442821506e-02 -3.265886325836181436e-01 -3.463694586413325338e-02 1.355454900346790004e-01 -3.139906926155090483e-01
4.133896923369476117e-02 -1.801659722225012472e-01 -2.916144342422485880e-01 -1.580754791849761087e-01 -1.213531253024216078e-01 -3.284741086959839240e-01 2.920511242264414165e-01 6.166139690527627781e-02 -3.263633317947388091e-01 -3.360725389747969138e-02 1.377777330641195563e-01 -3.158440728187561497e-01
4.364994186053004765e-02 -1.993537503433118196e-01 -2.877114648818969722e-01 -1.537615953655990519e-01 -1.177563264292596640e-01 -3.284214658737182324e-01 2.956172657253333669e-01 6.503822588090196755e-02 -3.257133598327635604e-01 -3.144225083364590723e-02 1.411063583206726146e-01 -3.170744652748107018e-01
4.639837414502202828e-02 -2.217979747853714989e-01 -2.840126104354859238e-01 -1.494809187014659591e-01 -1.137434276604296635e-01 -3.282809133529663859e-01 2.988834835728350070e-01 6.866737169531222928e-02 -3.245162267684937318e-01 -2.824515950440369128e-02 1.454165322183870734e-01 -3.180052371025086089e-01
4.980557788612195724e-02 -2.466115892991743996e-01 -2.808044261932373109e-01 -1.452338754077428518e-01 -1.094404720736868730e-01 -3.281266517639160329e-01 3.020610142416966237e-01 7.205538657439250483e-02 -3.228278846740722519e-01 -2.477545282189613784e-02 1.502430098907678868e-01 -3.191698546409607040e-01
5.425071848460646246e-02 -2.698543732760663172e-01 -2.801541872024537749e-01 -1.409101224689038867e-01 -1.049715374830789139e-01 -3.279849929809571796e-01 3.043533814267129767e-01 7.558934849124999966e-02 -3.206066436767579519e-01 -2.192901708774502856e-02 1.549753178842529777e-01 -3.205871672630311586e-01
5.958994087276660301e-02 -2.862403793241624639e-01 -2.839531345367432014e-01 -1.364471254316497184e-01 -1.002038621571240962e-01 -3.278052349090576634e-01 3.049770541238134847e-01 7.960201593721380475e-02 -3.177444143295288237e-01 -1.856467590697426229e-02 1.597261364792527394e-01 -3.224533696174621822e-01
6.509285686216131905e-02 -2.924586806671518602e-01 -2.932497568130493226e-01 -1.321156124863666903e-01 -9.509830069359531679e-02 -3.274486560821533443e-01 3.037013188833653787e-01 8.532071762856796582e-02 -3.138524932861328498e-01 -1.491435643453045690e-02 1.646430308353158678e-01 -3.239956302642822417e-01
7.025755310482023619e-02 -2.929290375647092826e-01 -3.034008522033691535e-01 -1.283109888945854760e-01 -8.958421200451724409e-02 -3.267495555877685809e-01 3.000287261483174373e-01 9.409118569555742495e-02 -3.089833850860594922e-01 -1.145157630706228336e-02 1.699362252863688971e-01 -3.251130552291869313e-01
7.458649633161469616e-02 -2.897187830365022809e-01 -3.131998414993286683e-01 -1.251697653488397233e-01 -8.375221072336598571e-02 -3.256945533752442223e-01 2.927492379075486983e-01 1.067286054004506074e-01 -3.034084005355835445e-01 -8.418026907679274085e-03 1.758827733290792561e-01 -3.258685297966004146e-01
7.760582668542991003e-02 -2.837490959269790003e-01 -3.191153259277344501e-01 -1.227128856405654833e-01 -7.779637034702752141e-02 -3.243829603195190758e-01 2.805368855953598306e-01 1.239858481162437326e-01 -2.971785182952881299e-01 -5.914273272937281556e-03 1.823852594759371171e-01 -3.262348980903626017e-01
7.951118207078552991e-02 -2.748044093608251748e-01 -3.203905124664307436e-01 -1.207832912137428438e-01 -7.189146173622829039e-02 -3.227650661468506321e-01 2.641224160370091445e-01 1.420268520140595403e-01 -2.890631504058837620e-01 -3.944184734704841988e-03 1.891977690263285106e-01 -3.262197346687316646e-01
8.069636466709897982e-02 -2.656927919112077041e-01 -3.197624225616455540e-01 -1.192081959782468198e-01 -6.602376837290516165e-02 -3.208344049453735747e-01 2.454017832411308775e-01 1.593175437148486862e-01 -2.781184835433960223e-01 -2.454490185005320235e-03 1.962951319432491293e-01 -3.258616728782654515e-01
8.159612023478279852e-02 -2.566970144981402524e-01 -3.195534152984619847e-01 -1.179537311152506901e-01 -5.998053679894908841e-02 -3.186705417633057813e-01 2.248891433655648142e-01 1.770766540179441462e-01 -2.652267856597901319e-01 -1.347467912099206688e-03 2.035969784057212184e-01 -3.252219934463501660e-01
8.222491651539641511e-02 -2.482794662191557811e-01 -3.192967052459714794e-01 -1.177347405457047080e-01 -5.331193427574407173e-02 -3.161878509521482417e-01 2.023611397029619896e-01 1.947908399426988013e-01 -2.512695617675780313e-01 -5.105607052107996591e-04 2.110127277588875194e-01 -3.244150848388671071e-01
8.263396795401602157e-02 -2.405165622107534040e-01 -3.188760824203490385e-01 -1.187142548370602319e-01 -4.849909114402128907e-02 -3.137175626754760138e-01 1.776649486523384502e-01 2.104810805751033964e-01 -2.355945701599121422e-01 -6.839475276132489512e-07 2.184078242414503879e-01 -3.234072418212891042e-01
8.284572212483493070e-02 -2.329134909979471979e-01 -3.183512516021729244e-01 -1.198825594913661002e-01 -4.623800171059024716e-02 -3.113402099609375862e-01 1.559354819225592381e-01 2.218454331171723082e-01 -2.179882736206055494e-01 2.388562419810835724e-04 2.257990885666779635e-01 -3.221770353317261470e-01
8.302719532214253295e-02 -2.253507055924532654e-01 -3.176472682952881099e-01 -1.195559883304944115e-01 -4.609108442137540423e-02 -3.088254232406615896e-01 1.487448625484638631e-01 2.229624903880528530e-01 -1.994245834350585889e-01 5.080227997956293651e-04 2.331889188722940931e-01 -3.208219738006591881e-01
8.313060490199247754e-02 -2.177574136123512083e-01 -3.167036552429199903e-01 -1.171266179894084047e-01 -4.898582022061483132e-02 -3.057224674224854333e-01 1.406461195180878088e-01 2.206929177562408084e-01 -1.807035560607911095e-01 7.209739756568328550e-04 2.405714798863526627e-01 -3.193175668716431437e-01
8.313849091094725752e-02 -2.101525969952166284e-01 -3.155132551193237100e-01 -1.100243023665961467e-01 -5.546511578207420634e-02 -2.944188327789306614e-01 1.322896787457248091e-01 2.152341609023162017e-01 -1.635561103820800666e-01 1.005692413482139891e-03 2.479275517725257616e-01 -3.176999301910400364e-01
8.269277943410496823e-02 -2.028410756587077091e-01 -3.141621751785279582e-01 -1.026629962349163289e-01 -7.241999913520441590e-02 -2.788333816528321685e-01 1.240242792602655880e-01 2.068801187044004841e-01 -1.491754646301270970e-01 1.434535465760861106e-03 2.551218129469420837e-01 -3.160182495117188628e-01
8.221832623643883509e-02 -1.956303026361657649e-01 -3.127145452499390244e-01 -9.531787160841694029e-02 -9.434809479269509747e-02 -2.655331153869629479e-01 1.162860235307577594e-01 1.962971553626060572e-01 -1.399585647583008463e-01 2.140683657947894947e-03 2.622733988723361942e-01 -3.143421525955200635e-01
8.163990739090366822e-02 -1.884967303232669145e-01 -3.112403888702391375e-01 -8.672432708701004189e-02 -1.200109339915019641e-01 -2.534507102966307435e-01 1.082834920442386217e-01 1.826678477300860415e-01 -1.345290107727050988e-01 3.133755848819988477e-03 2.694197167157865724e-01 -3.127487058639526474e-01
8.088874482288524459e-02 -1.814686432037281860e-01 -3.096743268966675733e-01 -7.823545057516585743e-02 -1.463195987506191176e-01 -2.440133876800537616e-01 1.001210601139695261e-01 1.659670593639074043e-01 -1.320504684448242927e-01 4.408409996391068897e-03 2.766048100302456736e-01 -3.111896581649781224e-01
7.976731374120507589e-02 -1.746539382359270920e-01 -3.085452671051024942e-01 -7.023608625717207843e-02 -1.725761193009580086e-01 -2.382599182128906368e-01 9.241550472215370737e-02 1.479366821915806540e-01 -1.326256675720215439e-01 5.883452745915701554e-03 2.839186402075232762e-01 -3.102312107086181991e-01
7.839959624250335268e-02 -1.679618726810232776e-01 -3.076486892700195375e-01 -6.399293911438502791e-02 -1.983751891501941977e-01 -2.366717643737792920e-01 8.563368494432130329e-02 1.303103160057219601e-01 -1.386777610778808789e-01 7.632926626525246561e-03 2.913352328921008372e-01 -3.096375293731689626e-01
7.689299787591227786e-02 -1.613475943685817315e-01 -3.069089622497559455e-01 -6.043599822753099177e-02 -2.233905239836992684e-01 -2.407982082366943999e-01 7.957930648254349371e-02 1.128234230664248300e-01 -1.520705337524413947e-01 9.718727510737983077e-03 2.987248060653093229e-01 -3.093447895050048246e-01
7.519767341525776527e-02 -1.547368235242131407e-01 -3.062756223678589906e-01 -6.013758422841013196e-02 -2.474938016186360168e-01 -2.487670249938965794e-01 7.424502418220027544e-02 9.547153392855063647e-02 -1.694089431762695608e-01 1.174069641762352095e-02 3.062152240039177631e-01 -3.093880577087402273e-01
7.333586559967150698e-02 -1.481246156638626743e-01 -3.058073825836181703e-01 -6.299695469681393378e-02 -2.702117315649985030e-01 -2.585834426879882741e-01 6.979556995106653283e-02 7.943364798925428572e-02 -1.890974349975586000e-01 1.372817723661932943e-02 3.140467370875143494e-01 -3.098290081024169806e-01
7.142830590600156293e-02 -1.414633807368429474e-01 -3.056917352676393196e-01 -7.405241201695653142e-02 -2.953531326420947289e-01 -2.722657461166383408e-01 6.610887336157872385e-02 6.500413712240044051e-02 -2.060358734130861014e-01 1.589907233744508597e-02 3.222017586200173755e-01 -3.106246061325074748e-01
6.945303690240391126e-02 -1.348569291079083077e-01 -3.057388038635254768e-01 -8.671063885208962763e-02 -3.087559640569795816e-01 -2.767535514831543919e-01 6.339754130519933972e-02 5.353819699857410158e-02 -2.219668693542480864e-01 1.805250303764993625e-02 3.295512633600876096e-01 -3.112101383209229244e-01
6.753958919793238980e-02 -1.281454409280807227e-01 -3.056637306213379479e-01 -9.888170253830073919e-02 -3.109564642726638795e-01 -2.847696704864502437e-01 6.163390853611899756e-02 4.553261762265561896e-02 -2.375316972732544607e-01 2.002048573734314246e-02 3.377195111376140035e-01 -3.115129156112671494e-01
6.569255430117228178e-02 -1.212764540077118786e-01 -3.054427976608277140e-01 -1.091003747218121933e-01 -3.074769459182766784e-01 -2.987741870880127881e-01 6.104523344534373147e-02 4.196250624422593473e-02 -2.522750682830811053e-01 2.210927104357002237e-02 3.467620135527701986e-01 -3.115001316070557524e-01
6.374580502972071461e-02 -1.139156923120814013e-01 -3.049577541351318755e-01 -1.179468169078011913e-01 -3.009105130445338117e-01 -3.079174680709839129e-01 6.179799756445773090e-02 4.381095502163672578e-02 -2.655969638824463575e-01 2.432927655676258433e-02 3.562364589964019945e-01 -3.110683364868164769e-01
6.162462911567781476e-02 -1.060742842524379365e-01 -3.040954990386963153e-01 -1.225804486343351624e-01 -2.927470876019929169e-01 -3.141045875549317024e-01 6.420406598867317571e-02 5.231825987339760314e-02 -2.766931314468384362e-01 2.676535014415093450e-02 3.658978272899589546e-01 -3.099137992858886914e-01
5.947144296528435875e-02 -9.750482630385566563e-02 -3.027746267318724982e-01 -1.227004607269986530e-01 -2.831765251636659819e-01 -3.184270210266113010e-01 6.805674151328930388e-02 6.626390948251022206e-02 -2.855713219642638800e-01 2.933721475987900035e-02 3.756473384070208588e-01 -3.080361957550048491e-01
5.748924857044656472e-02 -8.916863053184631571e-02 -3.010000963211059699e-01 -1.195871528147163521e-01 -2.717013166204558239e-01 -3.213710327148437407e-01 7.245377763636316748e-02 8.190711962160948656e-02 -2.921828432083128924e-01 3.185618045652358066e-02 3.851528638135210958e-01 -3.053525419235228466e-01
5.578817551484309412e-02 -8.251439799706863920e-02 -2.986421031951903560e-01 -1.158375385787439454e-01 -2.587609022254575564e-01 -3.229605884552001482e-01 7.649122942746219844e-02 9.559965859292894608e-02 -2.953833074569701678e-01 3.404645285769423990e-02 3.936562144748978476e-01 -3.016478462219237544e-01
5.439244503467613456e-02 -7.883169065491615890e-02 -2.957229633331299179e-01 -1.129728225528505992e-01 -2.456174889498468905e-01 -3.221482391357422537e-01 7.981609716110228681e-02 1.066114850225508004e-01 -2.954983396530151962e-01 3.538295463554987086e-02 3.988753340147525583e-01 -2.974842805862427109e-01
5.319685505170181766e-02 -7.854667570385920339e-02 -2.915967817306518994e-01 -1.102436919667161008e-01 -2.333073386616793810e-01 -3.203903908729553995e-01 8.270249164555466825e-02 1.163315178244165859e-01 -2.943219799995422936e-01 3.661444155237497666e-02 4.010005080397566757e-01 -2.923366613388062030e-01
5.202536572491649886e-02 -8.261577440873474343e-02 -2.848697538375854488e-01 -1.077312337414794013e-01 -2.222424788837911724e-01 -3.184202213287353755e-01 8.530704892004259410e-02 1.258393266941841004e-01 -2.935229201316833514e-01 4.026139637262624721e-02 4.000638715173075455e-01 -2.858915777206421094e-01
5.070483710739406846e-02 -9.097761605403553720e-02 -2.773483390808104687e-01 -1.055342803327244811e-01 -2.116475600824157255e-01 -3.161498589515684965e-01 8.767053691758358580e-02 1.354733663005690536e-01 -2.925388307571410440e-01 4.610534282637962500e-02 3.947030467734733983e-01 -2.777056903839110191e-01
4.896427104407254094e-02 -1.034849323943082822e-01 -2.705934543609619380e-01 -1.037499184267927366e-01 -2.016380632694683706e-01 -3.137410993576049689e-01 8.975541582841267685e-02 1.452335021369365875e-01 -2.914159221649170184e-01 4.914408379171868180e-02 3.847043868821152235e-01 -2.685868330001831006e-01
4.655092661273338428e-02 -1.229811608332510714e-01 -2.642511625289917232e-01 -1.020801442188527253e-01 -1.920840701765422487e-01 -3.112371749877930194e-01 9.126335824657416662e-02 1.554645252807582423e-01 -2.903817100524902495e-01 4.258351953810785018e-02 3.691814690017530820e-01 -2.601122159957885982e-01
4.317782253110911961e-02 -1.481660242001709704e-01 -2.577995080947875772e-01 -1.004298532507363756e-01 -1.827594085388595246e-01 -3.088069076538085822e-01 9.217053505793341983e-02 1.659324583217998694e-01 -2.895009870529174911e-01 3.435922768439309688e-02 3.500616713269655844e-01 -2.517507047653197993e-01
3.869573717336689811e-02 -1.757291817924255262e-01 -2.525211448669434366e-01 -9.884648559193409678e-02 -1.735072191452665669e-01 -3.065916271209717103e-01 9.247468579709247627e-02 1.763364997204142914e-01 -2.886425466537475004e-01 2.512414238320516413e-02 3.278146895527769833e-01 -2.421645135879516575e-01
3.319343336221662610e-02 -2.041496882069387397e-01 -2.492288084030150619e-01 -9.718507153657487962e-02 -1.644488856893860929e-01 -3.047112698554991228e-01 9.273452308291466051e-02 1.862023335092315435e-01 -2.877149028778075990e-01 1.600041702915062924e-02 3.015840770748000610e-01 -2.301244039535522146e-01
2.665768051146588657e-02 -2.324900427064572062e-01 -2.481113691329956961e-01 -9.534654600683545311e-02 -1.556086055556461512e-01 -3.033084506988525941e-01 9.339797803315513791e-02 1.955152772377289905e-01 -2.870166988372803707e-01 7.923563886388908239e-03 2.734229248539135071e-01 -2.178109235763550644e-01
1.654963599469241875e-02 -2.621898108549147177e-01 -2.516974134445190137e-01 -9.344687929414303984e-02 -1.468106316674460676e-01 -3.025976486206053973e-01 9.440374421348071698e-02 2.044422471373730787e-01 -2.868589372634888224e-01 5.140035998105405013e-04 2.437678455795496968e-01 -2.098446769714356064e-01
6.034573710760250675e-03 -2.918146804221186108e-01 -2.553103084564208869e-01 -9.150222458396052583e-02 -1.377273803461354640e-01 -3.030152482986449569e-01 9.589542729621178263e-02 2.131489415892586226e-01 -2.878646106719970343e-01 -6.468062756020381832e-03 2.123008172469521837e-01 -2.067962760925292631e-01
-5.497534362459192969e-03 -3.198832303673725952e-01 -2.589443464279175267e-01 -8.958740100520648508e-02 -1.280850063822466800e-01 -3.038372011184692911e-01 9.802130716443865910e-02 2.219709479117956130e-01 -2.893957252502442068e-01 -1.269491127708099326e-02 1.817233469072092877e-01 -2.072857780456543453e-01
-1.803565826738605382e-02 -3.440372679516128795e-01 -2.623920221328735480e-01 -8.780722505196114636e-02 -1.178564584735180554e-01 -3.049699659347534508e-01 1.006285637766000524e-01 2.310946529612130651e-01 -2.912499351501464107e-01 -1.837341730767545062e-02 1.529614908265651552e-01 -2.116305894851684133e-01
-3.126094548859834066e-02 -3.628098045269773086e-01 -2.663972539901732772e-01 -8.633811888780551502e-02 -1.072186226488126559e-01 -3.062772436141967258e-01 1.034688650116723785e-01 2.405138744177439669e-01 -2.930445022583006986e-01 -2.348766860163898490e-02 1.272958508622933083e-01 -2.210642499923705928e-01
-4.436114999170266693e-02 -3.743003252671825432e-01 -2.715485353469848651e-01 -8.480122527180523895e-02 -9.605726121255486749e-02 -3.074333925247192401e-01 1.060584631531422406e-01 2.504259145166763956e-01 -2.942645425796509007e-01 -2.809933427839594877e-02 1.053639217472158440e-01 -2.341255779266357417e-01
-5.652461801163551069e-02 -3.775377368954950796e-01 -2.786240930557251638e-01 -8.296166759290504733e-02 -8.405405377648070275e-02 -3.083315582275391598e-01 1.079040933594285073e-01 2.611191923904145895e-01 -2.948763914108276096e-01 -3.230360144832802871e-02 8.681260582372887780e-02 -2.471061534881591470e-01
-6.723274180787672250e-02 -3.733821958263973673e-01 -2.871180887222289924e-01 -8.089192649777264543e-02 -7.130152223279224988e-02 -3.087704916000366118e-01 1.087070524554094447e-01 2.726966465340129320e-01 -2.948097152709960866e-01 -3.594700034716730164e-02 7.175038271749779872e-02 -2.568441576957702921e-01
-7.635434798419599156e-02 -3.640014857032262130e-01 -2.942546386718749574e-01 -7.883201956219561268e-02 -5.836260149917583961e-02 -3.087311954498290767e-01 1.083465957980015576e-01 2.848634722768876304e-01 -2.939582414627074924e-01 -3.850399859641738531e-02 6.209080105368285779e-02 -2.634174890518188317e-01
-8.393477896498716118e-02 -3.514157332834508818e-01 -2.993329019546507874e-01 -7.662693171706702611e-02 -4.590412908514120149e-02 -3.084302587509153981e-01 1.069742846527642621e-01 2.965968235606659120e-01 -2.923454971313476647e-01 -3.945374925051045589e-02 6.045522686604756779e-02 -2.704395265579223606e-01
-9.077889502351593753e-02 -3.381443367406871126e-01 -3.023965759277343346e-01 -7.478175588383539907e-02 -3.427092609726878347e-02 -3.076259489059448016e-01 1.040239424849061373e-01 3.072026590586111605e-01 -2.902362318038940181e-01 -3.973475130835289748e-02 6.349380273095155125e-02 -2.759609670639037726e-01
-9.679913453807398316e-02 -3.243690827136950228e-01 -3.040122146606445419e-01 -7.420040599777719126e-02 -2.378864967887665480e-02 -3.059390802383423202e-01 1.015259329294795343e-01 3.165458520475571969e-01 -2.880535192489624419e-01 -3.923618431871555429e-02 7.162432700255103035e-02 -2.809986968040466548e-01
-1.006368510006979133e-01 -3.106315977839319009e-01 -3.045988101959228866e-01 -7.483985354184621852e-02 -1.426821853474692300e-02 -3.034452457427978533e-01 1.085078374318489136e-01 3.237589759755165053e-01 -2.861119003295898855e-01 -3.830732783983802070e-02 8.233290536568774187e-02 -2.845383353233337242e-01
-1.022272234049500794e-01 -2.970397772945804760e-01 -3.047172613143921405e-01 -7.589260704774918043e-02 -8.799860030035997621e-03 -3.007839365005493537e-01 1.165938898584099465e-01 3.301481646225983835e-01 -2.840623826980591127e-01 -3.700547700207980351e-02 9.326468932339457285e-02 -2.859909148216247532e-01
-1.026827159803733736e-01 -2.841242132876865556e-01 -3.044455356597900453e-01 -7.375425946796915211e-02 -6.549308247367859048e-03 -2.870682544708252348e-01 1.253441796196455293e-01 3.343274677858544264e-01 -2.806479377746581294e-01 -3.464213835284924575e-02 1.043217399456988215e-01 -2.864590497016906157e-01
-1.026779532302109083e-01 -2.722395532993842071e-01 -3.040501184463501039e-01 -8.730930579320668461e-02 -1.428697344291348509e-02 -2.685315246582031246e-01 1.340153488033920537e-01 3.357216609326122425e-01 -2.754746551513671537e-01 -3.051552920164079391e-02 1.154552347839385706e-01 -2.866684408187866184e-01
-1.029572562836676142e-01 -2.611030600583214012e-01 -3.034606332778929660e-01 -1.112007720313753223e-01 -2.565908456535621190e-02 -2.570093793869017706e-01 1.421622401095427035e-01 3.338154361649133817e-01 -2.690626401901245468e-01 -2.421486345969277310e-02 1.277150687284167030e-01 -2.874659485816955518e-01
-1.035261204708013416e-01 -2.505392442901983596e-01 -3.026529092788696751e-01 -1.392900914538749424e-01 -4.184489584003480561e-02 -2.507718677520752726e-01 1.495797873455866900e-01 3.280027189264410059e-01 -2.608866567611695109e-01 -1.537844073615549090e-02 1.402550898170208116e-01 -2.880369944572449548e-01
-1.040694502210023631e-01 -2.406351180535594714e-01 -3.017584009170533044e-01 -1.685402125427208353e-01 -5.707086466825109922e-02 -2.489408798217773999e-01 1.576273940255495110e-01 3.175720457147218623e-01 -2.523490018844605220e-01 -4.486045894547263657e-03 1.521840776404164153e-01 -2.883048267364502482e-01
-1.043976541198354119e-01 -2.310980997179651053e-01 -3.010080118179321307e-01 -2.001253293419759105e-01 -6.994022315453515826e-02 -2.520839900970459069e-01 1.666040954953414976e-01 3.028402384466516994e-01 -2.440085430145263468e-01 7.615778985245132138e-03 1.631463704416296345e-01 -2.888069982528686519e-01
-1.043385813856127775e-01 -2.217397522719376235e-01 -3.006757469177246400e-01 -2.257283075767354541e-01 -8.115390690494588000e-02 -2.563236207962036328e-01 1.762319765363722646e-01 2.840263152805602709e-01 -2.357581586837768917e-01 1.976024750391653512e-02 1.729096429013076974e-01 -2.898174495697021791e-01
-1.037287047163875514e-01 -2.127669290540297187e-01 -3.009306259155273278e-01 -2.448562128076518518e-01 -9.099269740432457121e-02 -2.602162380218505655e-01 1.849013854896447984e-01 2.625016848000593650e-01 -2.282097692489623575e-01 3.085319359997146932e-02 1.813446171706115106e-01 -2.913878841400145414e-01
-1.001000772412759254e-01 -2.060393570642644334e-01 -3.014090127944945019e-01 -2.631294046338540915e-01 -1.008899430017644039e-01 -2.635534925460814581e-01 1.935680206797624758e-01 2.384075255666733562e-01 -2.221111650466918996e-01 4.074854865376975610e-02 1.889079317795995250e-01 -2.932001609802246112e-01
-9.415998889438653707e-02 -2.010636827509911795e-01 -3.018893451690672913e-01 -2.796546483182147380e-01 -1.070807115595848596e-01 -2.661278839111327343e-01 2.014102025099918092e-01 2.124628429160639320e-01 -2.189934129714966038e-01 4.954280193913659230e-02 1.959129852132007743e-01 -2.950639219284058035e-01
-8.823740484245143345e-02 -1.964488389314515415e-01 -3.020157880783082005e-01 -2.936069116783890376e-01 -1.068500230134827728e-01 -2.723277540206909819e-01 2.078256505926903974e-01 1.846879984805209762e-01 -2.180446739196778005e-01 5.795594923056398423e-02 2.024163365609840670e-01 -2.964202375411987833e-01
-8.228322590753506249e-02 -1.922561729602007274e-01 -3.015967197418212842e-01 -3.029525679485506884e-01 -9.636274034301328673e-02 -2.864753360748291122e-01 2.126794767529713859e-01 1.569590890617444945e-01 -2.197112007141114320e-01 6.664461428794554720e-02 2.084808723576498657e-01 -2.970424289703370024e-01
-7.647537404848150921e-02 -1.884306854330053682e-01 -3.005340690612793297e-01 -3.207886980230909013e-01 -6.103761902675544637e-02 -3.083094425201416411e-01 2.159870008879013481e-01 1.296705264627788512e-01 -2.239914150238037638e-01 7.588838608173850697e-02 2.139943898696065605e-01 -2.969864387512207715e-01
-7.033570544472372843e-02 -1.852624692898796610e-01 -2.990500469207763579e-01 -3.243828551029269702e-01 -4.807036113558280088e-02 -3.124837822914123264e-01 2.180041075233028480e-01 1.041662140069352788e-01 -2.317311067581176443e-01 8.588251463949825304e-02 2.190386735879852054e-01 -2.965378017425536750e-01
-6.413044545940310703e-02 -1.828788041752480442e-01 -2.972908945083618804e-01 -3.212826671390907052e-01 -4.148094650923236926e-02 -3.143296952247620069e-01 2.200861796203281151e-01 7.771232122252877406e-02 -2.430191345214844090e-01 9.648533268258743800e-02 2.234311098238327409e-01 -2.959889812469482795e-01
-5.800415319116007662e-02 -1.808262068782842957e-01 -2.952743358612060498e-01 -3.151209439626446174e-01 -3.841568441734680150e-02 -3.127115888595581317e-01 2.217510714857920395e-01 5.132045657055769872e-02 -2.548240346908569043e-01 1.076822973625754520e-01 2.273667537863520161e-01 -2.955441875457763823e-01
-5.278208947611642832e-02 -1.786920428325422805e-01 -2.930592699050904026e-01 -3.072918856186945824e-01 -3.528179502980802185e-02 -3.116476650238037549e-01 2.221849934055154518e-01 2.638208582725466711e-02 -2.645005292892455562e-01 1.192402489943034938e-01 2.307436061445535258e-01 -2.951898546218871267e-01
-4.864652969040425545e-02 -1.765652053723616166e-01 -2.907904357910154891e-01 -2.992593531767323567e-01 -3.203133086064299806e-02 -3.110825271606443843e-01 2.177974601691696210e-01 4.900782756424165720e-03 -2.719271202087402139e-01 1.310819664056595280e-01 2.333966440749455085e-01 -2.950550718307494713e-01
-4.558215142889866789e-02 -1.745819563957645149e-01 -2.882825870513915922e-01 -2.919664592902268541e-01 -2.883564902271777697e-02 -3.105834217071533065e-01 2.141702511738038939e-01 -1.202802441509175091e-02 -2.779406375885009606e-01 1.433322947902489763e-01 2.351756596519730957e-01 -2.950005359649657821e-01
-4.345347542624103387e-02 -1.730576025529181883e-01 -2.857455463409425134e-01 -2.855866236196003549e-01 -2.593098512127764432e-02 -3.101455564498902806e-01 2.169068714398768860e-01 -2.260713553706671097e-02 -2.827582950592042454e-01 1.561658087158906416e-01 2.360414672279592951e-01 -2.950668163299561830e-01
-4.262077703077041257e-02 -1.719174354733548071e-01 -2.831509799957275808e-01 -2.796613654096767876e-01 -2.317390519991738285e-02 -3.098821372985840483e-01 2.218622850141675484e-01 -2.369977212932271315e-02 -2.870419616699217968e-01 1.691223033439670231e-01 2.362144838512219014e-01 -2.952217502593993403e-01
-4.379958171468617545e-02 -1.707500296449829813e-01 -2.804629058837892486e-01 -2.743124296150769581e-01 -2.026702793599867436e-02 -3.098114867210389756e-01 2.271508775222549903e-01 -2.090296963412810460e-02 -2.895386047363281978e-01 1.816212225288658944e-01 2.358365383995617015e-01 -2.954066390991211821e-01
-4.779659110496339847e-02 -1.686809837003318546e-01 -2.777193517684936053e-01 -2.695389006752759165e-01 -1.685197369056626315e-02 -3.099082584381103178e-01 2.332627944785222174e-01 -1.760990504251162825e-02 -2.912575311660767219e-01 1.932980627102039994e-01 2.356470185739762413e-01 -2.958604211807251416e-01
-5.497911865678390547e-02 -1.655912919146242390e-01 -2.748515052795411084e-01 -2.651886523481902791e-01 -1.289744425837417718e-02 -3.101685352325440626e-01 2.396634266645697731e-01 -1.497685734801613988e-02 -2.926979608535766331e-01 2.035691367704971499e-01 2.358424194723222345e-01 -2.963654060363769549e-01
-6.545764462696282426e-02 -1.617044760965679617e-01 -2.716746683120728201e-01 -2.609468108867286640e-01 -8.577400901255527454e-03 -3.105755848884583226e-01 2.449337678945247010e-01 -1.211977730657903818e-02 -2.938972015380859060e-01 2.126453865591896586e-01 2.362370676152245608e-01 -2.966641016006469345e-01
-7.801822436177092979e-02 -1.571233970162959626e-01 -2.692742462158202454e-01 -2.566620537074740804e-01 -3.904738569030480333e-03 -3.115151758193969167e-01 2.493346442493445669e-01 -9.327326034758415263e-03 -2.953309316635132076e-01 2.202203542482931153e-01 2.369450199091019948e-01 -2.972048206329346298e-01
-9.166347899221974349e-02 -1.520315575212821402e-01 -2.676891536712646680e-01 -2.522678491094073050e-01 1.019956150592818411e-03 -3.128326148986816380e-01 2.537379506195908130e-01 -6.531963992678441189e-03 -2.969662446975707693e-01 2.264973075350015796e-01 2.379335578665687789e-01 -2.978083963394164702e-01
-1.061450809273157547e-01 -1.466559833822080328e-01 -2.668448467254639356e-01 -2.477521365913782359e-01 6.128196305291891410e-03 -3.144076867103577366e-01 2.581820455989974894e-01 -3.469180320271547657e-03 -2.986375780105591238e-01 2.320172155656777813e-01 2.396015920395212495e-01 -2.982862062454224028e-01
-1.219710173061524516e-01 -1.414285662386208231e-01 -2.667916698455811142e-01 -2.432943815639650453e-01 1.153206608559786961e-02 -3.161568017005920717e-01 2.626229909995154155e-01 -1.257741512578902654e-04 -3.003343315124512025e-01 2.366814468823606743e-01 2.428745785981179239e-01 -2.989028139114380256e-01
-1.389626143676451209e-01 -1.363888408927632634e-01 -2.675041503906250284e-01 -2.388822921020201939e-01 1.729789616778355799e-02 -3.179901237487793297e-01 2.672885679503690937e-01 3.551904548067308376e-03 -3.021653909683227890e-01 2.404515006188147064e-01 2.472559669643561997e-01 -2.998683567047119025e-01
-1.565164846721804892e-01 -1.303568907155944201e-01 -2.685285825729370468e-01 -2.344246267620242741e-01 2.327079483128062509e-02 -3.197996087074280180e-01 2.720003652847768350e-01 7.452959844915785226e-03 -3.040414400100708292e-01 2.437281260656511406e-01 2.513231601395995440e-01 -3.009466571807861701e-01
-1.740741596059661722e-01 -1.223245313869336520e-01 -2.697117443084717237e-01 -2.298795795278412157e-01 2.921596543923829503e-02 -3.214793653488159375e-01 2.767767836887057853e-01 1.141082874267290714e-02 -3.058907527923584446e-01 2.461532991963446271e-01 2.542188104336526866e-01 -3.016115016937256366e-01
-1.917617990108527182e-01 -1.142071279388835181e-01 -2.720630235671996910e-01 -2.252489816280403012e-01 3.485717259822578018e-02 -3.228862948417663414e-01 2.816160836383112542e-01 1.517238143172017217e-02 -3.075995512008666832e-01 2.470051079860990373e-01 2.552986293670147511e-01 -3.012728853225707937e-01
-2.099458260444367896e-01 -1.065686441082924762e-01 -2.755520839691161239e-01 -2.208953531143634796e-01 4.004969767207707670e-02 -3.238103885650634450e-01 2.863120788463989763e-01 1.823064463708440330e-02 -3.089906806945801332e-01 2.449092710929178240e-01 2.532257894916249974e-01 -2.996411962509155646e-01
-2.246034035342378832e-01 -1.030224828741838905e-01 -2.761915178298950946e-01 -2.165555126928905838e-01 4.448438375925258675e-02 -3.245478243827820686e-01 2.910416634178548123e-01 2.097618235383683083e-02 -3.102232284545897723e-01 2.385185018142741142e-01 2.475984213008829704e-01 -2.967954034805297403e-01
-2.394053145247359571e-01 -9.929167240223078783e-02 -2.768475170135498709e-01 -2.124168205622289918e-01 4.828118200185242681e-02 -3.249388809204102335e-01 2.953262684486029910e-01 2.315095360173452521e-02 -3.109914369583129390e-01 2.265713915825769975e-01 2.368623343708848028e-01 -2.922850484848021901e-01
-2.545156738618493120e-01 -9.535838630685147810e-02 -2.776601524353028427e-01 -2.085147952864650767e-01 5.140763039216920960e-02 -3.250113124847412993e-01 2.991413392573970542e-01 2.478019861083075037e-02 -3.113390369415283132e-01 2.093330183795085730e-01 2.215237594881161176e-01 -2.857426233291625595e-01
-2.696664530802290183e-01 -9.085511144936489480e-02 -2.782943220138549556e-01 -2.047716821279386701e-01 5.399732672252899324e-02 -3.248931331634521413e-01 3.027092920113007568e-01 2.595595932893618452e-02 -3.114187498092650941e-01 1.883450807089908086e-01 2.033812321364391884e-01 -2.777698917388915500e-01
-2.842795207324124718e-01 -8.548149677732023999e-02 -2.783343954086303640e-01 -2.009967474329522608e-01 5.629179354546892666e-02 -3.247010345458984371e-01 3.062386350270083213e-01 2.681053863743659837e-02 -3.112641019821166810e-01 1.665998348179461575e-01 1.851483618089779792e-01 -2.713507623672485325e-01
-2.977302595948666530e-01 -7.918968884983018652e-02 -2.775827522277832249e-01 -1.970886400215358381e-01 5.838108712648638898e-02 -3.245311517715454008e-01 3.098085280849181555e-01 2.743898798468685785e-02 -3.110765714645385982e-01 1.437523545245971701e-01 1.659727951248627376e-01 -2.685873289108276496e-01
-3.098814199416078385e-01 -7.201120483873275913e-02 -2.764273757934570530e-01 -1.929890870592171070e-01 6.034785733010791103e-02 -3.245276470184326190e-01 3.136041583514413422e-01 2.812420975823523572e-02 -3.111123008728027273e-01 1.202695925723697712e-01 1.465089836758686759e-01 -2.683622331619263113e-01
-3.204064548990310790e-01 -6.436440667847118102e-02 -2.750249691009521991e-01 -1.886241706497053527e-01 6.221345850927194332e-02 -3.246594448089599738e-01 3.177299771166557374e-01 2.894089326922219541e-02 -3.113668365478515776e-01 9.810758598152816146e-02 1.284094839493563067e-01 -2.714088172912597630e-01
-3.291841131084503602e-01 -5.620839754676876937e-02 -2.738732404708862922e-01 -1.839352852009903394e-01 6.411225400013902120e-02 -3.249411840438843346e-01 3.220588745942882802e-01 2.978554095333965646e-02 -3.116760463714601248e-01 7.702672133183235958e-02 1.116799103582131469e-01 -2.761460752487184256e-01
-3.361262840995065670e-01 -4.769828437943494925e-02 -2.736616916656494647e-01 -1.789705767192911468e-01 6.600527381182851039e-02 -3.253648872375489165e-01 3.264854540930778315e-01 3.050704370521448161e-02 -3.119167156219482262e-01 5.725275497630754468e-02 9.662157740921109572e-02 -2.797587366104125617e-01
-3.413093848845550893e-01 -3.881458081008030275e-02 -2.738464612960814781e-01 -1.737420033478718484e-01 6.792560073978132218e-02 -3.259115238189696506e-01 3.310222135098985774e-01 3.118113237950384531e-02 -3.120069141387938894e-01 4.111651471514865541e-02 8.469930399731040449e-02 -2.841621513366698326e-01
-3.447291652818171848e-01 -2.956152726888305535e-02 -2.743626184463502371e-01 -1.682698889558755795e-01 6.991482609482203847e-02 -3.265197916030885272e-01 3.357105058300938749e-01 3.186799487711131085e-02 -3.119517726898192178e-01 3.207414970892204925e-02 7.776317478836654307e-02 -2.904410595893858749e-01
-3.458087283794935574e-01 -2.024264778362050085e-02 -2.753981132507323237e-01 -1.624097929942002194e-01 7.187103764333695188e-02 -3.271739454269408376e-01 3.405799506584473169e-01 3.236627372390195323e-02 -3.117643852233887847e-01 3.154265674723977231e-02 7.617219955719373159e-02 -2.976108236312867694e-01
-3.452137524966387150e-01 -1.097461635059764767e-02 -2.768283815383911772e-01 -1.561031166186375163e-01 7.363695055575392168e-02 -3.278696985244751172e-01 3.456001730603713296e-01 3.242106845574593832e-02 -3.114116497039795539e-01 3.612380357322023117e-02 7.748160994918629196e-02 -3.017210359573364586e-01
-3.431682199218904494e-01 -1.977160627748449084e-03 -2.785627050399780424e-01 -1.494907859156479890e-01 7.495267009528489011e-02 -3.285715456008910795e-01 3.506677737591676891e-01 3.168723335196921287e-02 -3.108882970809936364e-01 4.216421698749040631e-02 7.931189963330095849e-02 -3.030977077484130477e-01
-3.396676269866857889e-01 6.111273533022563986e-03 -2.807284564971923024e-01 -1.427514981591676280e-01 7.540537571967745323e-02 -3.292413158416747088e-01 3.557934582894713982e-01 3.022128668287328568e-02 -3.101805562973021790e-01 4.871545319124626072e-02 8.098864381243822685e-02 -3.046379299163817778e-01
-3.350675668871543889e-01 1.351170250868893863e-02 -2.835719223022461488e-01 -1.357884610046680152e-01 7.702566862515716761e-02 -3.297843904495239564e-01 3.603703513744274667e-01 2.809952841913372634e-02 -3.091113538742065736e-01 5.562854262638704250e-02 8.252680342918922163e-02 -3.058898968696595055e-01
-3.293724223165068743e-01 2.038677801738872364e-02 -2.875878305435179971e-01 -1.285830113724082957e-01 7.909966515417968247e-02 -3.301119394302367005e-01 3.639483152975959701e-01 2.545544110625480583e-02 -3.075545520782469455e-01 6.319984049897134359e-02 8.398062216336872610e-02 -3.065657014846800976e-01
-3.227074788911134529e-01 2.669343117739250704e-02 -2.924887676239014134e-01 -1.209395721044458777e-01 8.072835351170294660e-02 -3.301921625137329563e-01 3.662005468482128490e-01 2.209640338591406516e-02 -3.052398033142089129e-01 7.171144833855866429e-02 8.502264676245366304e-02 -3.060661931037901851e-01
-3.140064842872235529e-01 3.212919671162520197e-02 -2.975226898193358283e-01 -1.130893584361259419e-01 8.196356480286862145e-02 -3.299213666915892240e-01 3.672940115868498223e-01 1.795429899704246990e-02 -3.024648590087889444e-01 8.120258558508827718e-02 8.545565243214096884e-02 -3.050694937705992205e-01
-3.046608994545651483e-01 3.718915691649298666e-02 -3.024894018173218124e-01 -1.053588128024292303e-01 8.298267212594973019e-02 -3.294995326995849849e-01 3.668366032409538513e-01 1.262110654642514818e-02 -2.994034166336058678e-01 9.142701644543294037e-02 8.508533350141508911e-02 -3.043732781410216082e-01
-2.964048856621331329e-01 4.251787919433840102e-02 -3.070057601928710689e-01 -9.784575252706911863e-02 8.387500904167981275e-02 -3.288995809555053107e-01 3.649787108017871762e-01 4.034985395012027909e-03 -2.963496084213257387e-01 1.022750427915071203e-01 8.381170885974841001e-02 -3.039927263259888379e-01
-2.891199063453372409e-01 4.792425715285379001e-02 -3.105532855987549468e-01 -9.087435375576721763e-02 8.466442061287227094e-02 -3.279577083587646991e-01 3.610445385506491078e-01 -6.962817546715183159e-03 -2.934924764633178862e-01 1.135983714921146998e-01 8.146652382861516162e-02 -3.038740081787109637e-01
-2.825676864003162092e-01 5.335621897165419847e-02 -3.127549047470093435e-01 -8.466701963223727256e-02 8.545643414946561822e-02 -3.267268676757812962e-01 3.546940498131899711e-01 -1.979832745904429314e-02 -2.904918975830077521e-01 1.249402243812125918e-01 7.800556516771296744e-02 -3.035778255462645570e-01
-2.763688071586314354e-01 5.869706312006633953e-02 -3.133530731201172315e-01 -7.951280934624049834e-02 8.641980622152309333e-02 -3.250099153518677397e-01 3.459803594384957548e-01 -3.397449166148873434e-02 -2.869274682998657622e-01 1.361659797195596266e-01 7.340398939504808040e-02 -3.028889007568359992e-01
-2.702537805997253240e-01 6.376137112317591116e-02 -3.128299255371094212e-01 -7.578234921110185707e-02 8.776928682209444998e-02 -3.223507757186889755e-01 3.349349435588147017e-01 -4.906194283811857876e-02 -2.825285787582397790e-01 1.471797061033870702e-01 6.772572137712232210e-02 -3.019124860763550133e-01
-2.639640677508407474e-01 6.807259648804162011e-02 -3.119981307983398233e-01 -7.403772132965107111e-02 8.975323509933712252e-02 -3.181995077133178418e-01 3.217568970111207571e-01 -6.508628180663698914e-02 -2.772243661880492982e-01 1.575648188752411250e-01 6.120270586350835818e-02 -3.007406492233276052e-01
-2.577054693302797128e-01 7.178554525856054025e-02 -3.112417240142821284e-01 -7.084071188154508758e-02 9.086111051334064270e-02 -2.950876016616820197e-01 3.067072200974683138e-01 -8.271196453192430909e-02 -2.720253772735595765e-01 1.669813982196902691e-01 5.410543552327989891e-02 -2.994113988876342947e-01
-2.516127214742665541e-01 7.522663586651054390e-02 -3.103268690109253214e-01 -7.821913258733056984e-02 9.735996756528525475e-02 -2.814776678085327832e-01 2.899607538156734887e-01 -9.948899030051736037e-02 -2.672774810791015976e-01 1.754704276487370485e-01 4.681956553788897690e-02 -2.981165142059326589e-01
-2.456262493859809326e-01 7.825465522713556665e-02 -3.092794389724730642e-01 -9.199257256774642788e-02 1.077767690631896147e-01 -2.736907835006713308e-01 2.722548468763856255e-01 -1.153063934191813772e-01 -2.629430980682372354e-01 1.832488666539472677e-01 3.938094713615376830e-02 -2.969728250503539391e-01
-2.396481334753425840e-01 8.076571675002555684e-02 -3.084438390731810697e-01 -1.093080876096513276e-01 1.209315849079214134e-01 -2.715194244384764866e-01 2.533586290897504312e-01 -1.297336279964622641e-01 -2.597984857559203498e-01 1.905037291283876721e-01 3.169041338886353226e-02 -2.962217731475829674e-01
-2.335812279802458036e-01 8.257988975255367570e-02 -3.081556720733644172e-01 -1.245171205346410348e-01 1.425990867547952679e-01 -2.736275644302370025e-01 2.334356411113144014e-01 -1.429851571824531931e-01 -2.584289426803589862e-01 1.973345968032770570e-01 2.371244928387713363e-02 -2.961589736938477491e-01
-2.275908412954421589e-01 8.383472823687911080e-02 -3.082376356124877370e-01 -1.335727345145727440e-01 1.734919710491998612e-01 -2.751350564956664413e-01 2.130550084919327070e-01 -1.546396784148466597e-01 -2.586832256317138090e-01 2.038201076951283441e-01 1.529872242689935685e-02 -2.966075582504271724e-01
-2.215820478317640507e-01 8.473059748318838291e-02 -3.086251850128173824e-01 -1.368447969585936397e-01 1.986458921140996647e-01 -2.745985240936279492e-01 1.921388839696410722e-01 -1.642930042419513403e-01 -2.603040523529052686e-01 2.100209525846069014e-01 6.372511255006291231e-03 -2.975273389816284197e-01
-2.155605778594965882e-01 8.524430133738941651e-02 -3.092413253784179195e-01 -1.401516942015205158e-01 2.191922463177846114e-01 -2.765310401916503680e-01 1.701375949693355039e-01 -1.718215893261385852e-01 -2.633505077362061630e-01 2.158875270355983256e-01 -2.790232599376725464e-03 -2.988733358383179328e-01
-2.094456547269119562e-01 8.545344713285589477e-02 -3.100239152908325080e-01 -1.462362599855406842e-01 2.354254960273170771e-01 -2.749785346984863210e-01 1.472565464503332588e-01 -1.767769451985770901e-01 -2.666784162521361190e-01 2.215001840914977982e-01 -1.241344541637393745e-02 -3.006288976669310720e-01
-2.033093874397429723e-01 8.525468147239056993e-02 -3.108412666320802265e-01 -1.495189032639829829e-01 2.541973475154423179e-01 -2.678052062988282578e-01 1.233352426294773152e-01 -1.784079635824357135e-01 -2.703691072463988432e-01 2.268055221523045117e-01 -2.250329176458264191e-02 -3.025973100662230908e-01
-1.971898392973932546e-01 8.469739549134838730e-02 -3.114374179840088130e-01 -1.454985350048288439e-01 2.755708884172859419e-01 -2.635074157714843990e-01 9.888180885400799092e-02 -1.771749375837518847e-01 -2.734591503143311009e-01 2.317458788713964435e-01 -3.344298610073537931e-02 -3.044674463272095122e-01
-1.910446284063035405e-01 8.393275339965886039e-02 -3.116577596664429350e-01 -1.367619933101812957e-01 2.933094293532154118e-01 -2.655331344604492938e-01 7.538392821092829155e-02 -1.745539927125766555e-01 -2.760108585357667899e-01 2.362631360602047703e-01 -4.524807079208013894e-02 -3.060671682357789525e-01
-1.861599119730767693e-01 8.141088968593199193e-02 -3.115396375656129258e-01 -1.274132689066704849e-01 3.028979197152289471e-01 -2.731302900314332427e-01 5.352220455623728917e-02 -1.719285199379222417e-01 -2.783116693496705540e-01 2.401182770833304725e-01 -5.771343776524413827e-02 -3.072757644653321685e-01
-1.839970260800298796e-01 7.559922548132252951e-02 -3.109977693557740008e-01 -1.183857589901862323e-01 3.053447393973381940e-01 -2.790936346054078143e-01 3.235192347416555869e-02 -1.681727060574110255e-01 -2.787958521842957005e-01 2.431020530083826403e-01 -7.086552088153952322e-02 -3.078765649795532910e-01
-1.819541264966617333e-01 6.996222753557908292e-02 -3.102956647872924800e-01 -1.107673589185367985e-01 3.028714987758134858e-01 -2.840552349090575968e-01 1.335995076018554883e-02 -1.630288794581193912e-01 -2.782690711021423291e-01 2.450791512751262780e-01 -8.467955271547861207e-02 -3.080492229461669895e-01
-1.800170901514208388e-01 6.427433914045888041e-02 -3.093637104034424046e-01 -1.048803103662645231e-01 2.977729353318651628e-01 -2.888807125091553130e-01 -1.892697566155829292e-03 -1.579754591749660819e-01 -2.783454484939575369e-01 2.458861593422584646e-01 -9.880499504973917768e-02 -3.077619428634643661e-01
-1.782605654808330220e-01 5.830459844220477889e-02 -3.081320114135742694e-01 -1.004060732933330230e-01 2.920547968064626243e-01 -2.930815429687500528e-01 -1.064595788270400467e-02 -1.531221452267545469e-01 -2.806443066596985281e-01 2.456405988683697528e-01 -1.127746844307059848e-01 -3.070734710693359681e-01
-1.764163380738917319e-01 5.224486526119435231e-02 -3.066370792388916633e-01 -9.701674090592299349e-02 2.851505964623661793e-01 -2.958387298583984859e-01 -1.601444376802613201e-02 -1.506674455640832910e-01 -2.833317203521729111e-01 2.452542877289332346e-01 -1.270689399629009730e-01 -3.068963356018066801e-01
-1.743856989372488120e-01 4.665572309898069481e-02 -3.048265666961670339e-01 -9.435286202318621251e-02 2.775123362581602970e-01 -2.964489288330078853e-01 -1.913263407846363395e-02 -1.519564884940738103e-01 -2.866485590934753080e-01 2.446301841901140639e-01 -1.416694520563847870e-01 -3.071503467559814071e-01
-1.724051740536655108e-01 4.203084316081158456e-02 -3.027531690597535241e-01 -9.195662669038424941e-02 2.702788747770223932e-01 -2.955760307312012558e-01 -2.039445766514511038e-02 -1.562622677665156112e-01 -2.903674407005311098e-01 2.433775041133232064e-01 -1.560323919175196639e-01 -3.072305746078491939e-01
-1.703935006662589680e-01 3.885790173535701164e-02 -3.003543682098389067e-01 -8.907111297094680302e-02 2.639597083759819829e-01 -2.940205116271973340e-01 -2.002285387012892048e-02 -1.625609570685733751e-01 -2.930997247695923402e-01 2.414627825334479949e-01 -1.701132291769305305e-01 -3.067604417800903760e-01
-1.682655979591420048e-01 3.772124339645252511e-02 -2.976874656677247488e-01 -8.552438702164201489e-02 2.578581757694994869e-01 -2.926168556213380456e-01 -1.839852476900226408e-02 -1.699306226424950050e-01 -2.941666789054870890e-01 2.392886537545659553e-01 -1.834687160381689996e-01 -3.057115573883056880e-01
-1.661928267714921081e-01 3.887484495532016193e-02 -2.949046726226806636e-01 -8.131263878321083605e-02 2.515607580412576594e-01 -2.915210075378418253e-01 -1.543334618944966485e-02 -1.777914288421402755e-01 -2.954751486778259273e-01 2.368023452235519244e-01 -1.957561336583018008e-01 -3.041468353271484792e-01
-1.649419645152383762e-01 4.218201640270446973e-02 -2.900675697326661195e-01 -7.693799723008190594e-02 2.452104587855169771e-01 -2.905776615142823260e-01 -1.186371720888944326e-02 -1.852481226008473869e-01 -2.960492725372314005e-01 2.344135140456552746e-01 -2.061199058672553708e-01 -3.019419546127318776e-01
-1.648728862569041609e-01 5.063191774843368853e-02 -2.793415946960450258e-01 -7.225704153034162580e-02 2.388413141107383897e-01 -2.897841234207154115e-01 -8.002228783061823836e-03 -1.915706676554316812e-01 -2.956480093002319953e-01 2.320666135197710922e-01 -2.141433715989787268e-01 -2.992895717620850382e-01
-1.648414025711025799e-01 6.273206324754615482e-02 -2.712573261260987634e-01 -6.725161985625871530e-02 2.324024276274291034e-01 -2.891330833435059589e-01 -4.433366967315610641e-03 -1.975763131976538411e-01 -2.948837966918946285e-01 2.296492932293274780e-01 -2.202287286459222171e-01 -2.961757965087891686e-01
-1.650599077245623325e-01 7.891534956002621559e-02 -2.635600156784057013e-01 -6.213540821284373183e-02 2.256747489740887069e-01 -2.884179325103759517e-01 -1.154519838007309063e-03 -2.039348900833569123e-01 -2.937047643661500063e-01 2.276122395756949301e-01 -2.254765847213419383e-01 -2.924272460937500928e-01
-1.658793760598845646e-01 1.010487891271958649e-01 -2.566086835861205451e-01 -5.694242537629073952e-02 2.189304724768052768e-01 -2.875067729949949968e-01 2.601739161307348169e-03 -2.104002536719162819e-01 -2.926941032409665633e-01 2.253108148195830385e-01 -2.290249757589338520e-01 -2.878016443252561229e-01
-1.671547386577813543e-01 1.281440551782710435e-01 -2.516043586730957737e-01 -5.181592105566994177e-02 2.121918619119949612e-01 -2.864815206527710489e-01 6.893109404250502559e-03 -2.167685012384635845e-01 -2.919250364303589418e-01 2.219626991160287000e-01 -2.303958507678444678e-01 -2.820203514099121622e-01
-1.806973396190187375e-01 1.476403628607349527e-01 -2.482407112121582660e-01 -4.678365621414329323e-02 2.054180527178632309e-01 -2.853893346786499641e-01 1.123058287325816307e-02 -2.229546447946793020e-01 -2.911583395004272989e-01 2.167020804282785429e-01 -2.289267564120072707e-01 -2.751094980239868759e-01
-1.950983821811051455e-01 1.685368952517999896e-01 -2.457365722656250639e-01 -4.183864248760307825e-02 1.985441194518720587e-01 -2.842425127029419296e-01 1.535566010809942539e-02 -2.290599263727509105e-01 -2.903183288574219256e-01 2.097120405692740330e-01 -2.234661989498980816e-01 -2.675734586715698970e-01
-2.107422973518589815e-01 1.912019923798107812e-01 -2.453018875122071063e-01 -3.701984184528298027e-02 1.915298591547680285e-01 -2.830977220535279004e-01 1.920323090481296235e-02 -2.352966393468017836e-01 -2.895744771957398100e-01 2.010617382792587726e-01 -2.139033419960960913e-01 -2.603119392395020215e-01
-2.256184123723310453e-01 2.127423754460314176e-01 -2.472290153503418630e-01 -3.242680326207868224e-02 1.843919436112667898e-01 -2.822136230468750284e-01 2.275551637214098810e-02 -2.416563781600095107e-01 -2.890753669738769238e-01 1.908669278329929442e-01 -2.007252704554269018e-01 -2.550986070632934033e-01
-2.387096040059056568e-01 2.313651139968047332e-01 -2.519548006057740208e-01 -2.808351852463646103e-02 1.771295738440914203e-01 -2.817338676452637580e-01 2.618022381660836673e-02 -2.481122575127472363e-01 -2.889090747833252815e-01 1.787858219136778115e-01 -1.834167667407949343e-01 -2.530123634338379834e-01
-2.479111115843898872e-01 2.438367972967314112e-01 -2.614080781936645170e-01 -2.389402742148284686e-02 1.696781224694971779e-01 -2.814571304321288880e-01 2.957804785334240683e-02 -2.547927554834533703e-01 -2.889969463348388556e-01 1.647938913447626330e-01 -1.625066404528957009e-01 -2.525763149261474605e-01
-2.532029942993995197e-01 2.504872867420437355e-01 -2.719784135818481552e-01 -1.999350022115890801e-02 1.624125754674067279e-01 -2.807446689605712642e-01 3.302207327618195132e-02 -2.616669804744020666e-01 -2.891392154693603334e-01 1.494101582757729751e-01 -1.390347973667062920e-01 -2.532193012237548557e-01
-2.547940081716243421e-01 2.529190550905872081e-01 -2.807772178649903250e-01 -1.589729694233614488e-02 1.551244286872902056e-01 -2.789785404205322727e-01 3.672982254600293262e-02 -2.687085860443899632e-01 -2.892837591171265599e-01 1.335128051753869949e-01 -1.143541558238163197e-01 -2.527897710800171560e-01
-2.530847523686562961e-01 2.511864421002880654e-01 -2.884980220794678418e-01 -1.109939316200085624e-02 1.471062132529712407e-01 -2.776735658645630433e-01 4.064417797613552319e-02 -2.759404703113057522e-01 -2.894533557891846298e-01 1.179767057465293673e-01 -9.005048643964549959e-02 -2.523327369689942201e-01
-2.477236102126620931e-01 2.441087049523404384e-01 -2.945662088394165878e-01 -5.355089893087541797e-03 1.382742714024410846e-01 -2.783933277130127837e-01 4.476930475223334094e-02 -2.836139402950542676e-01 -2.898743410110474206e-01 1.034138989735401415e-01 -6.732119337235217826e-02 -2.527833027839661018e-01
-2.422266668079116614e-01 2.364108733944678131e-01 -2.967726488113403560e-01 1.986728170322804576e-03 1.293769606840788899e-01 -2.814632720947266020e-01 4.905819500803197675e-02 -2.916558170628988922e-01 -2.904793186187743514e-01 9.060009532443825953e-02 -4.743731699792180789e-02 -2.540526170730590394e-01
-2.366930357227634285e-01 2.284194867471810997e-01 -2.973852939605713952e-01 1.128586338833540564e-02 1.218470662081852229e-01 -2.877530069351197373e-01 5.350018520717964021e-02 -2.998437164236733010e-01 -2.912056846618653050e-01 7.980122508354389743e-02 -3.082552751662592794e-02 -2.566046447753906889e-01
-2.308775710520697411e-01 2.204422946976005160e-01 -2.977552480697632231e-01 3.010765408374643098e-02 1.251235417396722449e-01 -3.016053743362427375e-01 5.802893905190896484e-02 -3.081805256899936563e-01 -2.920665330886841327e-01 7.109151579433491130e-02 -1.753629184385309403e-02 -2.602660961151123664e-01
-2.253397856924166942e-01 2.118922388797453149e-01 -2.981334300041200147e-01 4.057614925868268524e-02 1.308855281207059462e-01 -2.998557109832765133e-01 6.263098327620901518e-02 -3.165178612847058259e-01 -2.928809804916383541e-01 6.398851372330348342e-02 -6.672204388041638040e-03 -2.612599892616273567e-01
-2.200718240859350916e-01 2.030424400826971176e-01 -2.988161845207214506e-01 4.607444332083963229e-02 1.344052242721590074e-01 -2.972605199813842525e-01 6.711545937447631338e-02 -3.249101625063988696e-01 -2.935965938568114164e-01 5.914099270678537662e-02 7.071829452898678592e-04 -2.623360009193419495e-01
-2.150334506796400258e-01 1.940827680883585593e-01 -2.994721097946167476e-01 4.843496151460904148e-02 1.349886842623417293e-01 -2.942289323806763224e-01 7.131452057796901223e-02 -3.331441586158953028e-01 -2.940171356201172204e-01 5.776634526169477368e-02 2.734447215583895446e-03 -2.649703974723816580e-01
-2.101233909680528811e-01 1.849173549046692899e-01 -3.000855941772461732e-01 4.790452872508370319e-02 1.357432946952284447e-01 -2.906909675598144949e-01 7.521484983575678351e-02 -3.412437730287762316e-01 -2.941992731094361102e-01 5.991457903074506874e-02 -7.355507218661343216e-04 -2.706637425422668830e-01
-2.052460426706986252e-01 1.756522415621134536e-01 -3.005310077667234792e-01 4.393103325742284820e-02 1.335515242200593089e-01 -2.712601633071897722e-01 7.878458281492319026e-02 -3.492347272458047325e-01 -2.941631813049315758e-01 6.394815457125385683e-02 -7.239297571829221567e-03 -2.754110593795775497e-01
-2.007127319580026548e-01 1.660941734779228518e-01 -3.008377737998963464e-01 3.849164586005610067e-02 1.433338440010412662e-01 -2.611001319885254968e-01 8.162157699244747266e-02 -3.576460255368205110e-01 -2.939342517852783221e-01 6.850958482985761155e-02 -1.478114276180695144e-02 -2.792218012809753458e-01
-1.963556150793270283e-01 1.564415444999826266e-01 -3.010404391288757919e-01 3.110189433638727019e-02 1.564226383319278491e-01 -2.535485286712647057e-01 8.402153298757580879e-02 -3.664502176043508141e-01 -2.932712287902831672e-01 7.273692773293667646e-02 -2.204418639506678518e-02 -2.832632226943969100e-01
-1.920619589674339156e-01 1.467248800470922210e-01 -3.011386723518372222e-01 2.191038545692168549e-02 1.721095673235025769e-01 -2.505610580444336821e-01 8.599493080964364100e-02 -3.751370865314480052e-01 -2.922727556228638668e-01 7.631080850078139632e-02 -2.856860151746662760e-02 -2.855977649688721809e-01
-1.877776594400086541e-01 1.369895459457227405e-01 -3.012063212394714973e-01 1.037326134317802240e-02 1.901996942426698034e-01 -2.533819026947022324e-01 8.750506159611814994e-02 -3.833674786777765964e-01 -2.910299606323241695e-01 7.958536113775255272e-02 -3.505539949061752675e-02 -2.868125243186950279e-01
-1.834350654222581534e-01 1.269849756060588697e-01 -3.013020629882813273e-01 -3.107926367974855886e-03 2.086971351674659081e-01 -2.548018426895142241e-01 8.837475652417474403e-02 -3.906275549887289200e-01 -2.896257896423340417e-01 8.291042571169598974e-02 -4.235346635847678926e-02 -2.877153487205506011e-01
-1.789770348788086163e-01 1.170807696461572261e-01 -3.015588016510010183e-01 -1.863189567279784076e-02 2.274919959806188663e-01 -2.555312223434448304e-01 8.836519392183296573e-02 -3.962365213986283607e-01 -2.882138462066650697e-01 8.629147382149318646e-02 -5.066240965611279456e-02 -2.888268799781799623e-01
-1.744693668870180847e-01 1.074215708418693738e-01 -3.018910093307495268e-01 -3.477832570945986468e-02 2.483986161778906632e-01 -2.567829580307006698e-01 8.805537233868707125e-02 -4.000880029953052808e-01 -2.866429634094238010e-01 8.950590585214240891e-02 -5.970310942339814020e-02 -2.899657554626464684e-01
-1.699085140742499778e-01 9.797910091426657864e-02 -3.023164482116699747e-01 -5.158303879013446946e-02 2.683937148019517327e-01 -2.582994813919068378e-01 8.747665735805404408e-02 -4.010384069997587342e-01 -2.851966543197632653e-01 9.231780489900881514e-02 -6.923479966021184318e-02 -2.911870856285095899e-01
-1.652911001493234944e-01 8.876742970516737774e-02 -3.027068681716919007e-01 -6.933469594732996621e-02 2.857370759112098368e-01 -2.596728582382202277e-01 8.618566496795304621e-02 -3.976230763592824013e-01 -2.839117450714111479e-01 9.456442930356107057e-02 -7.897716575293160790e-02 -2.922987790107727246e-01
-1.606862941559329960e-01 8.000725284513288127e-02 -3.030216760635374706e-01 -8.669788203459284637e-02 3.014519750063997527e-01 -2.623077554702757386e-01 8.368059529579105482e-02 -3.908959384024922601e-01 -2.823509426116943555e-01 9.617903209423206423e-02 -8.895174655425125421e-02 -2.931864638328552375e-01
-1.561268679534348891e-01 7.176307750371110905e-02 -3.033016510009765576e-01 -1.038001935906998907e-01 3.180140614863464776e-01 -2.665148038864135760e-01 7.911007128043144598e-02 -3.817773265419378004e-01 -2.807730646133422825e-01 9.712112567866734714e-02 -9.909515199757341908e-02 -2.939875478744506943e-01
-1.517392606798757537e-01 6.406942171576568423e-02 -3.037764425277709734e-01 -1.210076558874191854e-01 3.405588775405683499e-01 -2.720006389617919962e-01 7.251365463444310600e-02 -3.704605784307497540e-01 -2.790230388641357639e-01 9.729794816935034840e-02 -1.094582906320658439e-01 -2.949958534240722519e-01
-1.473096965661477853e-01 5.675937330806284792e-02 -3.043739767074584712e-01 -1.347088625156881436e-01 3.573443790546110277e-01 -2.733822984695434277e-01 6.485288829728903803e-02 -3.552898619025455229e-01 -2.762256450653076678e-01 9.682149215528043640e-02 -1.195574597474289569e-01 -2.961578722000122732e-01
-1.427436760736598975e-01 4.788572741022867341e-02 -3.050543041229248353e-01 -1.443766835484455724e-01 3.667518596915099738e-01 -2.790812177658081872e-01 5.750655839173200723e-02 -3.355011372927256819e-01 -2.733801860809326745e-01 9.594107012946254121e-02 -1.287573572230298058e-01 -2.973606510162353778e-01
-1.379786147739256452e-01 3.527083868323661886e-02 -3.053225297927856241e-01 -1.535953662537234421e-01 3.691584510216766590e-01 -2.849629230499267640e-01 4.464314792389036113e-02 -3.140462280170184806e-01 -2.707557268142700146e-01 9.480064999538219406e-02 -1.375432669808456798e-01 -2.978390951156616451e-01
-1.323143884605669507e-01 2.186057529713898717e-02 -3.050965662002562140e-01 -1.624257836206401961e-01 3.655799677870390507e-01 -2.903500432968138534e-01 3.015894344710924602e-02 -2.902363499782951162e-01 -2.684354991912840660e-01 9.342979842879903241e-02 -1.465526521772214930e-01 -2.981368036270140576e-01
-1.267830503730203451e-01 1.392027109173198801e-02 -3.053028459548949858e-01 -1.702315183860046433e-01 3.608511555729685405e-01 -2.963871116638183145e-01 1.675075488214387842e-02 -2.654348684993986240e-01 -2.673235435485840084e-01 9.193138833826264289e-02 -1.564223323071721738e-01 -2.994911212921143040e-01
-1.222409180914943161e-01 8.976087314992380051e-03 -3.055709476470948038e-01 -1.741775831616983738e-01 3.554623890312976209e-01 -3.023331708908081894e-01 5.094091909081270575e-03 -2.407931559998298388e-01 -2.670378799438477557e-01 9.039502158098872142e-02 -1.665275937312491461e-01 -3.010742349624634384e-01
-1.176001564451523151e-01 3.646776453743859336e-03 -3.059081239700316979e-01 -1.763353483395571908e-01 3.482863483555444506e-01 -3.072074718475341637e-01 -4.559910215185487836e-03 -2.160374349088177715e-01 -2.675056905746459601e-01 8.923173289739394498e-02 -1.765888462777208401e-01 -3.028824300765990962e-01
-1.128445781696944955e-01 -1.596734621990787695e-03 -3.062081069946288037e-01 -1.769874622457085489e-01 3.396176539050898557e-01 -3.111212749481200301e-01 -1.235414323471076964e-02 -1.910237607589845565e-01 -2.677203769683836887e-01 8.877869285841094582e-02 -1.866038171788805544e-01 -3.049758214950560875e-01
-1.083251207947259070e-01 -6.008695499704994059e-03 -3.062382287979125151e-01 -1.764576012449971532e-01 3.303679114514737059e-01 -3.143661613464354132e-01 -1.840284019941012400e-02 -1.666910067954426866e-01 -2.675922698974609326e-01 8.928061311755568219e-02 -1.963798275039133623e-01 -3.070336122512817290e-01
-1.043096249173441348e-01 -9.333998755084803312e-03 -3.058453531265258873e-01 -1.750886473215503836e-01 3.210937817018316154e-01 -3.170242137908935165e-01 -2.348144691143528445e-02 -1.440910505402749897e-01 -2.679033155441283842e-01 9.010770787630192902e-02 -2.060844900320724926e-01 -3.088064546585082559e-01
-1.012275699158153297e-01 -1.167068135976985499e-02 -3.052765913009644061e-01 -1.731252694796951153e-01 3.123964234079423807e-01 -3.191058750152588330e-01 -2.795835774228584009e-02 -1.238280075513975009e-01 -2.676409692764282755e-01 9.072398665034570042e-02 -2.157354136120318289e-01 -3.103647203445435432e-01
-9.939254091604270147e-02 -1.304604187428671375e-02 -3.043788499832152383e-01 -1.710130537148402685e-01 3.044887714975654802e-01 -3.206487102508543963e-01 -3.193141673178714890e-02 -1.057232798389642903e-01 -2.661034102439880922e-01 9.099528182118019060e-02 -2.254099795023450648e-01 -3.116530294418335401e-01
-9.881232299540511355e-02 -1.380920241124367065e-02 -2.945812482833861656e-01 -1.689828538000385794e-01 2.968440112675416187e-01 -3.214348573684691623e-01 -3.535384498317935276e-02 -9.012967828721366037e-02 -2.626807708740234726e-01 9.078506037060748990e-02 -2.349662128283356022e-01 -3.122947092056274632e-01
-9.938032153626401299e-02 -1.443375476224622450e-02 -2.824719495773315714e-01 -1.672044179297317856e-01 2.890364629540898012e-01 -3.217137641906738232e-01 -3.814158400197575904e-02 -7.734933965656044796e-02 -2.589635868072508451e-01 9.010048262787515028e-02 -2.439658455053392572e-01 -3.124188966751097474e-01
-1.001787809453125178e-01 -1.541172189016453559e-02 -2.700483102798462154e-01 -1.655424556860159990e-01 2.809808420739079438e-01 -3.216806049346924157e-01 -4.029242017656898406e-02 -6.783409026158664090e-02 -2.562677974700929284e-01 8.883453065304673657e-02 -2.525315116723969577e-01 -3.119806785583497666e-01
-1.013547327204251391e-01 -1.653475706410430235e-02 -2.565837783813477158e-01 -1.636170197175201846e-01 2.727832737997896717e-01 -3.213555545806885405e-01 -4.163289217364708750e-02 -6.327207243547249005e-02 -2.559642906188965839e-01 8.696574100614043457e-02 -2.606719860692957580e-01 -3.109252614974976070e-01
-1.030098992951663378e-01 -1.774544125338938655e-02 -2.433669395446777239e-01 -1.614678191055644030e-01 2.646232034121831500e-01 -3.208025045394896635e-01 -5.000000000000001665e-02 -5.784085571765898437e-02 -2.620315093994141087e-01 8.719305419921880018e-02 -2.688084554672241500e-01 -3.096121807098389245e-01
-1.053855846607930358e-01 -1.890648238879672621e-02 -2.308055801391602491e-01 -1.591971402456796303e-01 2.564827513946210669e-01 -3.202814407348633652e-01 -5.000000000000001665e-02 -6.389869987964628961e-02 -2.706089730262757342e-01 9.012011718750001510e-02 -2.756926774978638028e-01 -3.084757680892944998e-01
-1.098422283296007634e-01 -1.969422159253268051e-02 -2.181361122131348362e-01 -1.568212292178277623e-01 2.481573983960430052e-01 -3.199993915557861612e-01 -5.000000000000001665e-02 -7.249217748641963166e-02 -2.790582151412964174e-01 9.324975585937514411e-02 -2.826106595993042037e-01 -3.076360816955566735e-01
-1.173619779775188082e-01 -2.001556646001334192e-02 -2.085359497070313206e-01 -1.543064961519336475e-01 2.397597939633152042e-01 -3.201850194931030735e-01 -5.000000000000002359e-02 -8.188134312629698208e-02 -2.862240405082703276e-01 9.650177001953137712e-02 -2.896204233169555886e-01 -3.070969123840332493e-01
-1.265843672772668516e-01 -2.076590836903178389e-02 -2.027021713256836333e-01 -1.517029788534809687e-01 2.311250641308461307e-01 -3.201949710845947150e-01 -5.000000000000002359e-02 -9.050664782524106555e-02 -2.903959817886353489e-01 9.972149658203131872e-02 -2.968505287170409845e-01 -3.061231155395508496e-01
-1.367964655982026878e-01 -2.234751709698106631e-02 -1.986439819335936996e-01 -1.489388009590606188e-01 2.224779405697382417e-01 -3.201012153625487633e-01 -5.000000000000002359e-02 -9.746596813201902076e-02 -2.918915028572082737e-01 1.029768066406250154e-01 -3.036048245429991965e-01 -3.047895259857177908e-01
-1.482885364375964576e-01 -2.464268110819747837e-02 -1.964825839996338086e-01 -1.459241019871151956e-01 2.141070021078436136e-01 -3.202216739654541455e-01 -5.000000000000002359e-02 -1.034566497802733992e-01 -2.925415272712708070e-01 1.066201171874997383e-01 -3.089358329772948775e-01 -3.035488004684448460e-01
-1.616103464121413924e-01 -2.658107527987992047e-02 -1.967592163085937762e-01 -1.421978224040766348e-01 2.060321677544923458e-01 -3.212032718658446862e-01 -5.000000000000003053e-02 -1.094062721729278237e-01 -2.933551759719849605e-01 1.110408325195310353e-01 -3.134700322151183771e-01 -3.029102249145508852e-01
-1.771187418550773107e-01 -2.742320518319765407e-02 -1.997213954925536883e-01 -1.375455631189889394e-01 1.981388428887692621e-01 -3.234952564239501616e-01 -3.018104741092856799e-02 -1.299906223670479755e-01 -2.955145998001098562e-01 1.128727718293752180e-01 -3.173893189016943062e-01 -3.033072490692138579e-01
-1.960319957018711035e-01 -2.619919733586166533e-02 -2.073061485290527417e-01 -1.319696158592414958e-01 1.905924591110594313e-01 -3.276573343276977246e-01 -2.309670641451566642e-02 -1.404009507201421647e-01 -2.993011350631714640e-01 1.179125960149728092e-01 -3.217910030359446005e-01 -3.051900978088379901e-01
-2.184641461238030491e-01 -2.351680011962918940e-02 -2.186849327087402872e-01 -1.259533258356377028e-01 1.833190518284758541e-01 -3.318362064361572994e-01 -1.385479222892431472e-02 -1.508665882986288953e-01 -3.029929466247558989e-01 1.323510756924674847e-01 -3.235647006434676509e-01 -3.065644950866699969e-01
-2.418681689663918222e-01 -2.271136045680125989e-02 -2.295239372253419230e-01 -1.204358152878848010e-01 1.765169182918250035e-01 -3.342797441482545096e-01 -4.008256366013478178e-03 -1.595795101546559625e-01 -3.053391809463503748e-01 1.491852146262205858e-01 -3.208200615226516894e-01 -3.057905073165896326e-01
-2.635067591763912698e-01 -2.497323378271279828e-02 -2.382109565734863432e-01 -1.158385380026273614e-01 1.704928290925021572e-01 -3.343662996292113831e-01 5.351913452725287623e-03 -1.662215908026783429e-01 -3.057335920333861812e-01 1.632244159415701390e-01 -3.140645193753609510e-01 -3.013670320510863920e-01
-2.814018130683741403e-01 -2.930885488237736786e-02 -2.469184226989745989e-01 -1.115253521096493672e-01 1.648789872881816498e-01 -3.331385107040405469e-01 1.401133041909490701e-02 -1.716591315823596531e-01 -3.053239936828613388e-01 1.744779150254877065e-01 -3.058026463318287980e-01 -2.936453742980957293e-01
-2.963483412571193965e-01 -3.408869279716696121e-02 -2.564233894348144638e-01 -1.070699591377810983e-01 1.595511627156887546e-01 -3.317212457656860680e-01 2.207511320728187260e-02 -1.765122772755497449e-01 -3.051804847717285440e-01 1.829666535574339670e-01 -2.961104202126863538e-01 -2.842092819213867250e-01
-3.080325093545726034e-01 -3.939109242832838920e-02 -2.666539115905763313e-01 -1.025272347802386880e-01 1.546563514864204569e-01 -3.299973077774048802e-01 2.980072713236791432e-02 -1.809733681656270077e-01 -3.055426998138430217e-01 1.885907289760098693e-01 -2.837486408146788763e-01 -2.735443372726442668e-01
-3.134220705295031606e-01 -4.515777324844755247e-02 -2.790328235626220454e-01 -9.796639471488839679e-02 1.501635258662894767e-01 -3.279903860092162615e-01 3.721931629187181373e-02 -1.850258800171969142e-01 -3.059707088470457470e-01 1.908020151130715991e-01 -2.676311437835002804e-01 -2.614349765777586043e-01
-3.133800456840653004e-01 -5.099888290333565860e-02 -2.909126873016356640e-01 -9.331689506933095457e-02 1.457274427747841938e-01 -3.259265155792235857e-01 4.477031703485731540e-02 -1.888482758321049781e-01 -3.062620372772217325e-01 1.890620955790183189e-01 -2.460448901148748480e-01 -2.478184146881103889e-01
-3.080153648609620376e-01 -5.682694810826822984e-02 -3.016326351165770081e-01 -8.865286197480924668e-02 1.413053264748953819e-01 -3.238029451370237899e-01 5.222271185322003434e-02 -1.923233337469333337e-01 -3.062628574371337731e-01 1.850057129662943112e-01 -2.232117854124797685e-01 -2.312484092712402128e-01
-3.015703389336283902e-01 -6.282139990408314167e-02 -3.089910144805909642e-01 -8.373632430746233424e-02 1.368252805104872294e-01 -3.217121334075929151e-01 5.982989934810321181e-02 -1.954857058691381044e-01 -3.060787410736084402e-01 1.786513894847664430e-01 -1.986998430763302625e-01 -2.144242305755615363e-01
-2.943236311610342715e-01 -6.935001955727534972e-02 -3.131632823944092703e-01 -7.875888695291716202e-02 1.324664146661162223e-01 -3.199281902313232950e-01 6.780344570333303456e-02 -1.983146934491616109e-01 -3.061584682464600360e-01 1.701750394548762202e-01 -1.726966517813021684e-01 -2.009996337890625762e-01
-2.868025511583338072e-01 -7.610978790780106862e-02 -3.153871793746949037e-01 -7.376788417647768548e-02 1.282984630486375677e-01 -3.184293527603149765e-01 7.591991572584969039e-02 -2.009200654706634337e-01 -3.065807600021361878e-01 1.658701635299456578e-01 -1.409767187933258503e-01 -1.938759536743163980e-01
-2.785413752426677547e-01 -8.351232691834625799e-02 -3.160310955047608283e-01 -6.893386006140987676e-02 1.238328357153024722e-01 -3.172583980560303440e-01 8.407057228771416812e-02 -2.034161942832412306e-01 -3.074081344604494004e-01 1.710907132666190655e-01 -1.053346878527127717e-01 -1.962904663085939250e-01
-2.696875218187577139e-01 -9.135849645213665882e-02 -3.159170932769775897e-01 -6.395906053193375906e-02 1.192277349108716300e-01 -3.162885684967041144e-01 9.250637151219304188e-02 -2.059169556908104493e-01 -3.087399215698242716e-01 1.751764147960689910e-01 -7.042794318055708991e-02 -2.058705635070801065e-01
-2.605954082336428557e-01 -9.960120647810466465e-02 -3.161836595535278960e-01 -5.899115204356245035e-02 1.144899504269653173e-01 -3.155408258438110458e-01 1.016258922565391742e-01 -2.083746786978755705e-01 -3.107519979476929262e-01 1.777632615994432230e-01 -3.600998150717524271e-02 -2.198818893432617494e-01
-2.509518566969799469e-01 -1.081678314335694641e-01 -3.171935434341430216e-01 -5.443368882604741887e-02 1.098894519085323734e-01 -3.149139328002928950e-01 1.113645283337133113e-01 -2.105950873942727952e-01 -3.133784217834473251e-01 1.788727315763807280e-01 -1.890894081861924092e-03 -2.353845138549805205e-01
-2.407825025028110244e-01 -1.165806464810591053e-01 -3.186397333145141175e-01 -5.057191023160932664e-02 1.056029852067783270e-01 -3.139378280639648078e-01 1.214099909984592135e-01 -2.122957030958791957e-01 -3.158774681091309211e-01 1.804927649216374053e-01 3.045801394761864234e-02 -2.529269142150879501e-01
-2.308875561460431158e-01 -1.229113895546077168e-01 -3.198494977951050200e-01 -4.728434984353621640e-02 1.021640923346343321e-01 -3.122240562438964862e-01 1.315757868767170602e-01 -2.129522799686567880e-01 -3.175866479873657444e-01 1.792802816682094735e-01 5.865546738024959156e-02 -2.711751766204834047e-01
-2.211389946295360120e-01 -1.282565454273041361e-01 -3.208228368759155624e-01 -4.462465355390452665e-02 9.853811097554786291e-02 -3.096975774765015066e-01 1.422815182319116245e-01 -2.123165032057459101e-01 -3.187839813232422048e-01 1.796063911655143008e-01 7.935489892096969644e-02 -2.880263395309448637e-01
-2.113437921941321018e-01 -1.335587962583511534e-01 -3.213151998519898078e-01 -4.418769923176391057e-02 9.454843028893177015e-02 -3.063573141098023256e-01 1.536755395798914126e-01 -2.101803595229437271e-01 -3.195162458419799623e-01 1.813696892883143452e-01 9.326731987470882057e-02 -2.997553892135619846e-01
-2.017461439333815554e-01 -1.386570472178183522e-01 -3.213379831314085444e-01 -4.723533257575033423e-02 9.043370069828139679e-02 -3.029622287750242671e-01 1.654681088751245310e-01 -2.066487809452227098e-01 -3.197681016921997132e-01 1.844741630266221177e-01 1.003554574488024070e-01 -3.070477457046508762e-01
-1.922613626469873160e-01 -1.438456767899988775e-01 -3.209623928070068910e-01 -5.421636296282612844e-02 8.585627176922136505e-02 -3.000470561981201656e-01 1.701905356732134889e-01 -2.106410757166465031e-01 -3.192115993499755056e-01 1.891202053771718905e-01 9.926721160700417712e-02 -3.118225879669188627e-01
-1.827863659582145139e-01 -1.493955406728361135e-01 -3.201557559967042055e-01 -6.449884764865772280e-02 8.015090917266706749e-02 -2.971025867462159242e-01 1.739675890210007070e-01 -2.149024850161999067e-01 -3.177755088806151762e-01 1.930905046460967001e-01 9.739113907231777834e-02 -3.124241943359374885e-01
-1.732505866555593410e-01 -1.551358725941186789e-01 -3.188080472946168697e-01 -7.737355004998505703e-02 7.326913153197725515e-02 -2.934198064804078854e-01 1.771042507993248472e-01 -2.189389146068624892e-01 -3.151938791275024632e-01 1.974465921205913743e-01 9.553316376370811491e-02 -3.132176370620727845e-01
-1.636814184279865025e-01 -1.606809377569337061e-01 -3.170033998489379945e-01 -9.200190938559923981e-02 6.541861583463089158e-02 -2.888650341033935920e-01 1.802773243697438632e-01 -2.232931766549355879e-01 -3.112284250259399476e-01 2.015148237407847209e-01 9.278730242922095250e-02 -3.135962123870849605e-01
-1.539970388666677958e-01 -1.657515106684410711e-01 -3.152835817337036328e-01 -1.072256884949989997e-01 5.651414283059225108e-02 -2.838671464920043963e-01 1.842707247421335459e-01 -2.260782682091239115e-01 -3.065071649551391886e-01 2.051525504138443368e-01 8.919820575128939444e-02 -3.135111827850342037e-01
-1.444195357366740984e-01 -1.701204264768189922e-01 -3.139297742843626948e-01 -1.242056412713252178e-01 4.742633919038154872e-02 -2.804826898574828142e-01 1.892675026803510574e-01 -2.248339389528689891e-01 -3.014746541976928706e-01 2.093290786147370408e-01 8.514739561294640269e-02 -3.135454244613647412e-01
-1.352491022964780187e-01 -1.737022735807081109e-01 -3.130616016387939293e-01 -1.422237752344915340e-01 3.801151984714152415e-02 -2.785476274490356063e-01 1.956680456554648062e-01 -2.182936455916809348e-01 -2.966672868728636447e-01 2.139645734458220649e-01 8.099541446578842341e-02 -3.139152379035948237e-01
-1.266115126269976576e-01 -1.765882025918942833e-01 -3.130786962509156113e-01 -1.613003128930234065e-01 2.802812428052584015e-02 -2.791738052368164524e-01 2.048101603227329426e-01 -2.071071658768764978e-01 -2.929028577804564937e-01 2.187022311034360345e-01 7.695436267669203412e-02 -3.148092598915099849e-01
-1.184412854152732536e-01 -1.788581736155699931e-01 -3.138757724761964130e-01 -1.812503450971524044e-01 1.676023300927083348e-02 -2.823675031661988521e-01 2.154446880626351146e-01 -1.914749118514015858e-01 -2.899475450515747177e-01 2.235616632679576221e-01 7.307775149634149203e-02 -3.159614009857177885e-01
-1.106774088674587764e-01 -1.805117212800763371e-01 -3.150602884292602601e-01 -1.997381517404487605e-01 5.217082427713765069e-03 -2.839498634338379346e-01 2.252603025056126584e-01 -1.726327966607275333e-01 -2.871041030883789702e-01 2.286182617750014412e-01 6.953113197334451212e-02 -3.171622486114502038e-01
-1.032911234411123397e-01 -1.815364577328894835e-01 -3.165899009704588041e-01 -2.133839696529084839e-01 -5.758424859511196425e-03 -2.854322929382322460e-01 2.320275633862907694e-01 -1.519843370404315164e-01 -2.838545866012572305e-01 2.338949723497886213e-01 6.661174498863992044e-02 -3.187779064178465904e-01
-9.629034901617665454e-02 -1.820332342760811184e-01 -3.184714527130125816e-01 -2.242461358513559988e-01 -1.625514299450610267e-02 -2.886050958633421537e-01 2.350574360537758256e-01 -1.328083618101159880e-01 -2.811467046737671227e-01 2.393496505632358995e-01 6.416704887352288333e-02 -3.208227272033691291e-01
-8.942325043145854524e-02 -1.822783345717602643e-01 -3.205675716400147035e-01 -2.329270908124255468e-01 -2.647044877029758325e-02 -2.931537837982178818e-01 2.297095728305132423e-01 -1.282093617053144952e-01 -2.787813396453858172e-01 2.446795421316283470e-01 6.192780762571177544e-02 -3.230004568099976159e-01
-8.262061808026546772e-02 -1.823232742448624433e-01 -3.225192804336547980e-01 -2.392674087091168911e-01 -3.660444014774975885e-02 -2.986073179244995157e-01 2.225031680709098070e-01 -1.221751056118859924e-01 -2.763794536590575279e-01 2.497940009154016872e-01 5.990691515064178185e-02 -3.249135513305663192e-01
-7.590065023128754473e-02 -1.820783327015848274e-01 -3.242243928909301354e-01 -2.427653250488641667e-01 -4.621982566539144244e-02 -3.049727745056152184e-01 2.131271193636372629e-01 -1.150570897512228907e-01 -2.743741722106932124e-01 2.546326594608647187e-01 5.814691165451599253e-02 -3.264336891174315358e-01
-6.949092268011647366e-02 -1.814542558133006023e-01 -3.255595035552978356e-01 -2.426416106997056343e-01 -5.374737702724602384e-02 -3.139477128982544052e-01 2.012632218977965792e-01 -1.072063230583653465e-01 -2.741789932250976447e-01 2.591494854408069037e-01 5.680027872868687044e-02 -3.274460668563842769e-01
-6.367679508201641581e-02 -1.802627550240940568e-01 -3.265405387878417831e-01 -2.400107521566525737e-01 -5.761055154047101112e-02 -3.218801708221435409e-01 1.895397126047515257e-01 -9.940136769015746332e-02 -2.767826576232910174e-01 2.632589364731249826e-01 5.617678823103505747e-02 -3.279572219848632675e-01
-5.868565504874539984e-02 -1.784927848340040757e-01 -3.271225137710571662e-01 -2.369552398767228452e-01 -5.931179939055956918e-02 -3.262083263397216881e-01 1.785695825342883680e-01 -9.197750411197727627e-02 -2.815774698257445530e-01 2.670436398111539766e-01 5.611459654796695229e-02 -3.279758901596068199e-01
-5.357643233827386053e-02 -1.767075206211169702e-01 -3.276251049041746799e-01 -2.326859439793007023e-01 -5.973588304925579739e-02 -3.293483896255491872e-01 1.676012912187782034e-01 -8.501272344017780924e-02 -2.877167339324950834e-01 2.709521880534377369e-01 5.614594958932615787e-02 -3.278574485778808500e-01
-4.782908471404374862e-02 -1.751500504561613880e-01 -3.280974550247192090e-01 -2.267434327709611785e-01 -6.015442868957213141e-02 -3.315268821716308434e-01 1.586501994610609034e-01 -7.894435032913912909e-02 -2.938623733520508985e-01 2.750823001947803048e-01 5.600302030382248164e-02 -3.276014108657838153e-01
-4.155810580515795910e-02 -1.737327999317428429e-01 -3.284962816238403138e-01 -2.203783895593804387e-01 -6.089566908355492636e-02 -3.328911752700805526e-01 1.543535809441502760e-01 -7.436119495522271194e-02 -3.011692352294921826e-01 2.793766934179621741e-01 5.548603236484954404e-02 -3.273520011901855375e-01
-3.506349284704642771e-02 -1.723341661708352734e-01 -3.288669843673706628e-01 -2.140639247859572325e-01 -6.175827318798622623e-02 -3.335294265747070774e-01 1.561442816591170069e-01 -7.092829211472273521e-02 -3.093737335205078987e-01 2.837943688453766211e-01 5.467891541005628214e-02 -3.270886726379395038e-01
-2.851426483461892009e-02 -1.708722617868038696e-01 -3.292047901153563605e-01 -2.081290945264447911e-01 -6.282772403975286912e-02 -3.335715122222899787e-01 1.621453546426725734e-01 -6.771863665708119373e-02 -3.164244813919066535e-01 2.883943479080325889e-01 5.358418389068594911e-02 -3.266739387512206383e-01
-2.248469061386069306e-02 -1.690805363566451336e-01 -3.293896074295042942e-01 -2.026415726284133689e-01 -6.364581781694624019e-02 -3.331691141128538813e-01 1.705386393290617419e-01 -6.396886594301118278e-02 -3.207534189224243160e-01 2.926910867778285130e-01 5.304956659810341341e-02 -3.257808942794799822e-01
-1.730731196474823153e-02 -1.669508772559407106e-01 -3.293496103286743248e-01 -1.974579596673628479e-01 -6.392269888433825542e-02 -3.325864191055298291e-01 1.801476248275748759e-01 -5.906974205537698919e-02 -3.223127813339233816e-01 2.961584201658131743e-01 5.341474589979041537e-02 -3.243655986785888845e-01
-1.265336319735926168e-02 -1.647406455468799769e-01 -3.290972681045533088e-01 -1.924974113991198832e-01 -6.394105440266775742e-02 -3.320222730636597785e-01 1.902482509417508239e-01 -5.279656877176072682e-02 -3.232545251846314360e-01 2.977984078037519411e-01 5.488795655563496328e-02 -3.225063009262085778e-01
-8.423759615482570573e-03 -1.626128617663534226e-01 -3.286201686859131499e-01 -1.878254265810877233e-01 -6.382341803418378756e-02 -3.316118402481079697e-01 1.990391883283980090e-01 -4.523012891031542859e-02 -3.244009132385254901e-01 2.975484369657114270e-01 5.746409144853999174e-02 -3.201095266342163792e-01
-4.387593721694678373e-03 -1.606500255201244731e-01 -3.279364652633668387e-01 -1.833277149239977144e-01 -6.375945047651118691e-02 -3.312559432983399610e-01 2.056118081870707825e-01 -3.650534804694286622e-02 -3.249560089111330763e-01 2.955125117844358273e-01 6.966142702367736361e-02 -3.166192836761477225e-01
-5.950433059423859694e-04 -1.588818994913459293e-01 -3.269943208694459091e-01 -1.791660225187469424e-01 -6.376637274445264014e-02 -3.306221361160279759e-01 2.108254378282934938e-01 -2.700980316470889472e-02 -3.248984785079957471e-01 2.903267953566103787e-01 8.238301493809038756e-02 -3.118292016983033599e-01
3.021234841451232722e-03 -1.573415150535556195e-01 -3.258634538650513335e-01 -1.752978927189102754e-01 -6.390864998669311403e-02 -3.297237701416016464e-01 2.150196716758354942e-01 -1.704808549332741813e-02 -3.244902820587158843e-01 2.782808444891766153e-01 9.403530026967013566e-02 -3.060168714523315847e-01
6.402107775782941990e-03 -1.559925213614780648e-01 -3.245850152969360636e-01 -1.717028955995071327e-01 -6.406400274119984639e-02 -3.286352081298828387e-01 2.186520833485879889e-01 -7.089577217225993822e-03 -3.239893836975097918e-01 2.603339565044667236e-01 1.032771752988959624e-01 -2.991578121185302641e-01
9.566567437629104609e-03 -1.548471308369361032e-01 -3.231456108093262447e-01 -1.682949713363632305e-01 -6.429509871396302256e-02 -3.273929853439331294e-01 2.211462246273406540e-01 2.304283884597344012e-03 -3.232386846542357750e-01 2.377964909296604312e-01 1.092644069040224208e-01 -2.918779821395873775e-01
1.265375727915528381e-02 -1.538753280830297276e-01 -3.216384477615356619e-01 -1.648252204250012509e-01 -6.467141526378392125e-02 -3.261098499298095699e-01 2.229468600168607872e-01 1.073962209826938297e-02 -3.224324722290038969e-01 2.127903125505324899e-01 1.117609459096214064e-01 -2.845519037246704297e-01
1.576082703530649193e-02 -1.530043179066535863e-01 -3.199983663558960134e-01 -1.613288854937491856e-01 -6.513254943769444805e-02 -3.247064704895019638e-01 2.243413883211421433e-01 1.798235890791137492e-02 -3.215065927505493248e-01 1.870004079400220121e-01 1.160869829014052473e-01 -2.813045520782471165e-01
1.878908498184080414e-02 -1.521679977225997571e-01 -3.183435220718384695e-01 -1.578230793805188159e-01 -6.566206541125393925e-02 -3.232875556945801754e-01 2.255807401422262881e-01 2.402499988480566451e-02 -3.205353326797485414e-01 1.555322841618992369e-01 1.244991468542795410e-01 -2.797595949172973495e-01
2.171514584327598890e-02 -1.513311636942841210e-01 -3.169838924407958891e-01 -1.543157453224114073e-01 -6.620716279281579908e-02 -3.220838375091552575e-01 2.265802430479144369e-01 2.998597104093858601e-02 -3.197657032012939382e-01 1.237801484079588538e-01 1.288499218410720237e-01 -2.813527173995971076e-01
2.451647642153327936e-02 -1.503746425518874275e-01 -3.160691471099854599e-01 -1.508042165419703207e-01 -6.666521985906440073e-02 -3.212930507659912949e-01 2.272759029270349507e-01 3.603305845319697970e-02 -3.193973178863526163e-01 9.119468671210134714e-02 1.306178717602783923e-01 -2.847466630935669984e-01
2.722453694892989703e-02 -1.493898881415764990e-01 -3.153777618408203365e-01 -1.474079648753176819e-01 -6.713440082791580221e-02 -3.206795520782471098e-01 2.273744861100288617e-01 4.247918798937053847e-02 -3.192158193588257031e-01 5.883865629477263992e-02 1.311845292950682695e-01 -2.859331579208374552e-01
2.986201131044717225e-02 -1.483452425015984733e-01 -3.148443765640259739e-01 -1.443159586820183526e-01 -6.735861107106889956e-02 -3.201423473358154803e-01 2.272142466476668177e-01 4.845020472596753280e-02 -3.191134376525879834e-01 2.814003282277410117e-02 1.320917137012225795e-01 -2.874880166053772612e-01
3.246664807608935083e-02 -1.472315384597029653e-01 -3.144494838714599338e-01 -1.415555433271946661e-01 -6.743296106482056518e-02 -3.195016736984253036e-01 2.298058992185275928e-01 4.788062397309167384e-02 -3.189802236557006676e-01 -4.412825122772426334e-04 1.336198633890491871e-01 -2.893959517478942867e-01
3.507048672862281280e-02 -1.459901377914868403e-01 -3.141568059921264755e-01 -1.390673262467621851e-01 -6.774352247874070032e-02 -3.184940357208251860e-01 2.324834402592413363e-01 4.739936965968099408e-02 -3.188829727172851625e-01 -2.330810865909693774e-02 1.363956247706329394e-01 -2.942698307037353578e-01
3.766555189302896872e-02 -1.446145628852044673e-01 -3.139189405441284997e-01 -1.365781085469282563e-01 -6.868254953485844472e-02 -3.172714300155640155e-01 2.355240003494505352e-01 4.699468314710603112e-02 -3.188113279342651984e-01 -4.063459570408885224e-02 1.393410357792370380e-01 -2.998932905197144172e-01
4.022794302096253938e-02 -1.431502699167080950e-01 -3.137822790145873841e-01 -1.343110159911197754e-01 -7.002395013765605469e-02 -3.157820625305175488e-01 2.388442157647708841e-01 4.670878735713587804e-02 -3.187683029174803728e-01 -5.161767668125796793e-02 1.411981500836727854e-01 -3.030871315002440225e-01
4.277601604793179052e-02 -1.416540381395749171e-01 -3.139520759582519194e-01 -1.323942139908118876e-01 -7.255842546096981371e-02 -3.141050596237182080e-01 2.423385227964815480e-01 4.641337258894918938e-02 -3.188978214263916700e-01 -5.508037285374417502e-02 1.411611676978331564e-01 -3.053609628677368959e-01
4.535638452241115559e-02 -1.400710722953939780e-01 -3.143123931884765909e-01 -1.310956099061656166e-01 -8.070980931492040267e-02 -3.121224184036255345e-01 2.458883003396902245e-01 4.609984268934798346e-02 -3.189615268707275964e-01 -5.374688903067916662e-02 1.420236977300512460e-01 -3.082866973876953187e-01
4.801989997615602884e-02 -1.384608146680003093e-01 -3.146902914047241540e-01 -1.283112361894192810e-01 -9.291236700319524533e-02 -3.088060302734375040e-01 2.493884617829797701e-01 4.585426015096374930e-02 -3.187389440536499419e-01 -5.110849270906356323e-02 1.426731859531655544e-01 -3.099114794731140377e-01
5.065737177586519813e-02 -1.369654036906589600e-01 -3.149050064086915679e-01 -1.214918233910190909e-01 -1.050966917425685820e-01 -2.933686847686768906e-01 2.527697586364383020e-01 4.570476569443018833e-02 -3.180534143447877327e-01 -4.954222741060108903e-02 1.422136302360861859e-01 -3.096521587371827700e-01
5.321352185208398644e-02 -1.355711804950357480e-01 -3.150266332626343035e-01 -1.176375642431659041e-01 -1.238616233515581477e-01 -2.772520275115967214e-01 2.557674961952806081e-01 4.576543006879557618e-02 -3.169471950531005389e-01 -4.735013246155049538e-02 1.410515165701822504e-01 -3.093833823204039657e-01
5.567099661725514320e-02 -1.342633832418480833e-01 -3.151425189971922558e-01 -1.142359631398480874e-01 -1.451098186160670045e-01 -2.673016567230223073e-01 2.578173322591002514e-01 4.598099969165594936e-02 -3.153168888092040545e-01 -4.463630752911168509e-02 1.399629874190370382e-01 -3.096421856880187673e-01
5.800716137538074191e-02 -1.330081832614379289e-01 -3.153239984512329896e-01 -1.098225250259859398e-01 -1.692805768786910803e-01 -2.644022769927979466e-01 2.586923793882626166e-01 4.644985811565674472e-02 -3.132793207168579896e-01 -4.167784958482653040e-02 1.392715354007512396e-01 -3.100037331581116384e-01
6.022846803041637803e-02 -1.317317271512530585e-01 -3.154788894653319242e-01 -1.058133128463673578e-01 -1.921306684484490324e-01 -2.653939647674559144e-01 2.588158902743408207e-01 4.802921587177301499e-02 -3.109716625213623242e-01 -3.848345122970044802e-02 1.390829074971697832e-01 -3.104362530708312806e-01
6.225932353598155611e-02 -1.304207140629287387e-01 -3.155480737686157666e-01 -1.022714254562182984e-01 -2.137965830902124886e-01 -2.687429733276368027e-01 2.578819476605271332e-01 5.077110663463799134e-02 -3.081534452438355332e-01 -3.508005712811877730e-02 1.393552330709982578e-01 -3.109899086952210290e-01
6.404054996951277778e-02 -1.291175635356226759e-01 -3.153728981018067978e-01 -1.003519449960050963e-01 -2.364883331194745364e-01 -2.759544963836672027e-01 2.549923923571866258e-01 5.439471335472517710e-02 -3.047670907974243670e-01 -3.157567290755962375e-02 1.399860304410669443e-01 -3.114373869895935565e-01
6.569459017867657069e-02 -1.277370122259415264e-01 -3.150333423614502526e-01 -1.025820294937217214e-01 -2.656395667716313636e-01 -2.837426538467407999e-01 2.489669967549002216e-01 5.977980426824758275e-02 -3.015201063156128236e-01 -2.805681269888304907e-02 1.409224969499321967e-01 -3.117601270675659508e-01
6.711374545108898804e-02 -1.262158853795213587e-01 -3.146265430450439493e-01 -1.040657796511331445e-01 -2.781022354212292491e-01 -2.864664239883423225e-01 2.389381748093814539e-01 6.621411254446177286e-02 -2.988679428100586288e-01 -2.456636605647048027e-02 1.422250764820165436e-01 -3.121776981353759917e-01
6.817531467454904237e-02 -1.246097203174584833e-01 -3.142813940048217458e-01 -1.079379801390287497e-01 -2.854249517164581529e-01 -2.926901073455810409e-01 2.251659900984179785e-01 7.140119234964885375e-02 -2.963555021286010671e-01 -2.140894900722861011e-02 1.438075090460983751e-01 -3.127552862167358172e-01
6.883604150044006498e-02 -1.230469896287569864e-01 -3.139825887680052774e-01 -1.112533363499790262e-01 -2.887701948246554906e-01 -3.033853788375853178e-01 2.092672944538059576e-01 7.621217951225961462e-02 -2.951407690048217791e-01 -1.848589756491413744e-02 1.455748195730490746e-01 -3.134636731147766309e-01
6.927794654553137699e-02 -1.213733452439262339e-01 -3.134760255813598406e-01 -1.130799300960326492e-01 -2.903955647876032553e-01 -3.132002944946288836e-01 1.920685112548942142e-01 7.950683347544319768e-02 -2.952492589950561630e-01 -1.578252901954886600e-02 1.475325770277818860e-01 -3.140118856430053618e-01
6.960422371168069333e-02 -1.194590102090972161e-01 -3.130519742965698349e-01 -1.138252193484242530e-01 -2.911373999691376779e-01 -3.187038607597351136e-01 1.732554049256944673e-01 7.909543956718248503e-02 -2.953160352706908354e-01 -1.319265161741935144e-02 1.497848889845018183e-01 -3.146510524749754900e-01
6.985923489709588985e-02 -1.173345641408389539e-01 -3.125990839004516575e-01 -1.132337173592987967e-01 -2.892672145935507033e-01 -3.220451803207396990e-01 1.557025245487255738e-01 7.498273836678426285e-02 -2.946198148727418031e-01 -1.067969321703647612e-02 1.522605269888340496e-01 -3.152352685928345721e-01
7.005066393029890648e-02 -1.150595336667367130e-01 -3.120740480422972696e-01 -1.109871233764559428e-01 -2.867789861775265625e-01 -3.235108966827391352e-01 1.410248410234147265e-01 7.219104763961464721e-02 -2.946349115371704186e-01 -8.264417954258515553e-03 1.548732426827691966e-01 -3.157006330490112478e-01
7.015488743757847256e-02 -1.126966128703357356e-01 -3.114896411895752837e-01 -1.086689347660245580e-01 -2.836422339633493106e-01 -3.238541622161866251e-01 1.285539921893252835e-01 7.286611012372924689e-02 -2.956794948577882165e-01 -5.933934806640409065e-03 1.576267917162055832e-01 -3.161141223907471542e-01
7.005545934522894314e-02 -1.101814943249762452e-01 -3.107822389602661883e-01 -1.066841880418429589e-01 -2.801896167747278121e-01 -3.234301109313965639e-01 1.184027672352888083e-01 7.500905946138612668e-02 -2.970721216201783199e-01 -3.844567853937039259e-03 1.605792877893512105e-01 -3.165074033737183545e-01
6.982552123445545655e-02 -1.075509646085960752e-01 -3.099530620574951767e-01 -1.048919504834007754e-01 -2.767404463599791864e-01 -3.226109023094178019e-01 1.121733888222575942e-01 7.801133720542445527e-02 -2.990966196060181326e-01 -1.917804085542984538e-03 1.636783285162846102e-01 -3.168630857467651940e-01
6.957133408180206369e-02 -1.048226810810959087e-01 -3.090738172531127814e-01 -1.033234020338519854e-01 -2.733044067863589222e-01 -3.217656774520873952e-01 1.131592358523725861e-01 8.125975036140439811e-02 -3.022474260330200169e-01 -9.402831826439694840e-05 1.668558230567819545e-01 -3.171673316955566091e-01
6.932721693969275123e-02 -1.020732650535504799e-01 -3.082278938293456783e-01 -1.020149568922615879e-01 -2.697800120609831764e-01 -3.212737388610839573e-01 1.172253195036041529e-01 8.463149554667459551e-02 -3.049221725463867050e-01 1.598866346002092431e-03 1.700402528572940164e-01 -3.174273128509521591e-01
6.909829186053711991e-02 -9.929625651817222676e-02 -3.074426670074462686e-01 -1.007867952205011852e-01 -2.662191814043084470e-01 -3.214120788574218457e-01 1.192054822293685257e-01 8.836489190545962491e-02 -3.058781642913817045e-01 3.090011305063297686e-03 1.732181214875308239e-01 -3.176310367584227468e-01
6.881825668395068207e-02 -9.649670981638572287e-02 -3.066727657318115696e-01 -9.970829416974491544e-02 -2.627518981058402647e-01 -3.215478320121765710e-01 1.208246035154753734e-01 9.188161757325451207e-02 -3.062661476135254413e-01 4.292159859879823847e-03 1.763787835713391816e-01 -3.175799436569214373e-01
6.844887953233735889e-02 -9.371346190548032751e-02 -3.058887739181518350e-01 -9.879101260813116792e-02 -2.594163041023660465e-01 -3.215091772079467503e-01 1.224395824317921488e-01 9.517629874401162260e-02 -3.064977855682372576e-01 5.395253369672864396e-03 1.794997857656137064e-01 -3.173782987594604421e-01
6.803269559196647998e-02 -9.101237413251415942e-02 -3.051231880187988965e-01 -9.800440606203723870e-02 -2.562040956125111180e-01 -3.213643498420715727e-01 1.240054493071782588e-01 9.811610808423573693e-02 -3.068021554946899765e-01 6.392685157318292455e-03 1.825159675274774795e-01 -3.171071786880493848e-01
6.758563290993352402e-02 -8.842214794278446810e-02 -3.043810815811158199e-01 -9.731199698911928431e-02 -2.531015807377088866e-01 -3.211434574127198238e-01 1.254275737132855284e-01 1.006419814488254683e-01 -3.071485967636108927e-01 7.295571444086879076e-03 1.854137030010873932e-01 -3.167976779937745069e-01
6.713286005439410287e-02 -8.599587299682694141e-02 -3.036425848007202610e-01 -9.670665326874217094e-02 -2.501889827986495396e-01 -3.208652634620667299e-01 1.263822867746329237e-01 1.030649420945857625e-01 -3.071114702224732040e-01 8.128555330602943441e-03 1.881591544913560066e-01 -3.164530725479126616e-01
6.666417483607245398e-02 -8.371943112463156589e-02 -3.028812475204468724e-01 -9.618790810285784976e-02 -2.474281272322951808e-01 -3.205477089881897945e-01 1.272286329496983837e-01 1.055665486278417886e-01 -3.069772071838379746e-01 8.891663349969963770e-03 1.908194147095435278e-01 -3.160739822387695908e-01
6.619117029899365678e-02 -8.154604756950174782e-02 -3.021313972473145260e-01 -9.573479114240046606e-02 -2.447696931417364941e-01 -3.202267832756043320e-01 1.279779349318893311e-01 1.080563199025385140e-01 -3.069782943725586910e-01 9.581437962117245188e-03 1.934160604308967635e-01 -3.156867761611939494e-01
6.569045997305672513e-02 -7.947143770835965459e-02 -3.014126081466675378e-01 -9.535582311515727882e-02 -2.421681475320487109e-01 -3.199428839683533532e-01 1.286924389657630730e-01 1.106517094865712980e-01 -3.071831674575806193e-01 1.018954565125686218e-02 1.959633968814131211e-01 -3.153454799652100071e-01
6.516808961255189658e-02 -7.754092256019251561e-02 -3.007312316894531490e-01 -9.507642792135219401e-02 -2.396609537633785092e-01 -3.197159357070923358e-01 1.292288489461461132e-01 1.131951406017284445e-01 -3.073699874877929838e-01 1.069560233398614280e-02 1.984378837339851320e-01 -3.150148077011108438e-01
6.460225206899493366e-02 -7.580489990462650762e-02 -3.000876970291138091e-01 -9.496377495832211690e-02 -2.372889386309096349e-01 -3.195550127029418985e-01 1.295838267063003091e-01 1.156033458063103342e-01 -3.075373287200928174e-01 1.107751559882022563e-02 2.007957675587206114e-01 -3.146951646804809766e-01
6.402552773106094663e-02 -7.414774297782752988e-02 -2.994710512161255500e-01 -9.489108333956847163e-02 -2.349865962875316572e-01 -3.194570417404175577e-01 1.298684942712186319e-01 1.179417327880197264e-01 -3.077421159744261892e-01 1.142778874061231575e-02 2.030546564559390643e-01 -3.144177408218383207e-01
6.347343875412936320e-02 -7.262256671448967527e-02 -2.988815517425537638e-01 -9.488339835666610711e-02 -2.328093314759387411e-01 -3.193817110061645814e-01 1.300675663316250008e-01 1.201694519173093223e-01 -3.079434556961059832e-01 1.173651833139829903e-02 2.051728766527057823e-01 -3.141588134765625484e-01
6.295350403968472119e-02 -7.119332180659426745e-02 -2.983117694854736102e-01 -9.495060213344028166e-02 -2.307237211906559560e-01 -3.193352503776550333e-01 1.301909757229331444e-01 1.222906176200555528e-01 -3.081323261260986435e-01 1.198075482932887958e-02 2.071427873776685580e-01 -3.139261503219604177e-01
6.244772365646927142e-02 -6.985228923875390350e-02 -2.977849597930908865e-01 -9.508402846197600011e-02 -2.287183022743508598e-01 -3.193241543769836932e-01 1.302186108398660780e-01 1.243136930043595434e-01 -3.082992906570435343e-01 1.215150197186097569e-02 2.089943680881963251e-01 -3.137463445663452588e-01
6.195708588257158034e-02 -6.860248387427678174e-02 -2.972610731124877836e-01 -9.526493004890725091e-02 -2.267706102321421502e-01 -3.193067498207092236e-01 1.302087143409589309e-01 1.262818610985706469e-01 -3.084534330368042254e-01 1.227468167775951080e-02 2.107387886959534440e-01 -3.135818929672241628e-01
6.146582917044297878e-02 -6.743083531936922004e-02 -2.967290802001952832e-01 -9.557719702794598149e-02 -2.248646948930258238e-01 -3.192562432289123286e-01 1.301082515228794978e-01 1.281964747131500715e-01 -3.085983390808105242e-01 1.229066886857020646e-02 2.124110717548778893e-01 -3.133825321197509783e-01
6.098314074634351295e-02 -6.636422523413945673e-02 -2.961907978057861657e-01 -9.600067197945055808e-02 -2.230237185322179461e-01 -3.191804571151733994e-01 1.299092080596637722e-01 1.300370527102744367e-01 -3.086723155975342192e-01 1.222337497486002122e-02 2.140445593190828943e-01 -3.131984682083130411e-01
6.051555258880053634e-02 -6.533933706615303871e-02 -2.956007738113403671e-01 -9.649381101881951417e-02 -2.212359046094985182e-01 -3.190565509796143284e-01 1.296380854751824074e-01 1.318104546331009819e-01 -3.086644096374512314e-01 1.208726413140771838e-02 2.157001708763146564e-01 -3.129393262863159886e-01
6.006266248140186559e-02 -6.447794113087615409e-02 -2.949841899871825657e-01 -9.705635361316207466e-02 -2.195078003074815987e-01 -3.188732881546020304e-01 1.293356184431106171e-01 1.335281191544698820e-01 -3.085903139114379856e-01 1.195445656003527035e-02 2.173240399471846052e-01 -3.125658197402954031e-01
5.966827578263823872e-02 -6.402972983643548388e-02 -2.944346971511840882e-01 -9.768893403907183415e-02 -2.178450459155908958e-01 -3.186399049758911195e-01 1.290028956741715027e-01 1.351998446056017489e-01 -3.085063571929931858e-01 1.177748242515652688e-02 2.189209016776393901e-01 -3.120090789794922048e-01
5.927573121471514661e-02 -6.383810294554607967e-02 -2.938748903274536195e-01 -9.845808676763223577e-02 -2.162133441221556485e-01 -3.183497161865234126e-01 1.285883182134584524e-01 1.368579936361282168e-01 -3.084374780654907111e-01 1.157761240259511104e-02 2.204933839157168785e-01 -3.113980407714843635e-01
5.887843855587085451e-02 -6.361326566705952090e-02 -2.932180185317994070e-01 -9.923636846693821567e-02 -2.145942216180958817e-01 -3.179940814971924379e-01 1.282073044640313353e-01 1.384983340504808424e-01 -3.083367319107056526e-01 1.143670325320453318e-02 2.220024290731502647e-01 -3.109001464843750839e-01
5.853952197857137385e-02 -6.350317015069423254e-02 -2.924712867736817268e-01 -9.983016953301741825e-02 -2.130094394539592262e-01 -3.175951166152954364e-01 1.280071066316838257e-01 1.400847355703017383e-01 -3.081839532852173602e-01 1.145093418979575839e-02 2.234353296662092703e-01 -3.104204530715942711e-01
5.829366893096895458e-02 -6.376811864146786357e-02 -2.917006225585937473e-01 -1.001980943109229694e-01 -2.114568516944063115e-01 -3.171685571670532222e-01 1.279976135550525140e-01 1.416192207452770802e-01 -3.079605979919434744e-01 1.164262153177959835e-02 2.247952779649415866e-01 -3.099782390594483794e-01
5.814963331970758598e-02 -6.468412883954564874e-02 -2.909062881469725581e-01 -1.004254733932029020e-01 -2.099390084281050894e-01 -3.167022962570189559e-01 1.280946655963358383e-01 1.431166049619112257e-01 -3.076416034698486457e-01 1.191140667482444571e-02 2.262005137118847098e-01 -3.095639152526855620e-01
5.807495830579358087e-02 -6.607823601697440652e-02 -2.900272388458251527e-01 -1.005465578328965104e-01 -2.084071896383330458e-01 -3.161994524002075257e-01 1.282791235385722928e-01 1.446094308680888618e-01 -3.072273988723754901e-01 1.223543313979977287e-02 2.276211917596452639e-01 -3.091371126174926598e-01
5.808524227361915732e-02 -6.811487383341345569e-02 -2.890894908905028426e-01 -1.005758692267419152e-01 -2.069013943027631086e-01 -3.156727571487425998e-01 1.285352047588908808e-01 1.460782891268457284e-01 -3.067291135787964529e-01 1.251570338749427580e-02 2.290268580392331721e-01 -3.086156721115112522e-01
5.816979565992626278e-02 -7.093542351552875602e-02 -2.880852003097534308e-01 -1.005446167450373268e-01 -2.054089704460048404e-01 -3.151202507019043031e-01 1.288432356703532455e-01 1.475297442045895857e-01 -3.061552257537841215e-01 1.279635150459139392e-02 2.304327462382918801e-01 -3.080735559463499973e-01
5.834723446672981928e-02 -7.466241626577747870e-02 -2.870028467178344922e-01 -1.004541461275655911e-01 -2.039358617236542159e-01 -3.145518655776977646e-01 1.291943480123528831e-01 1.489643268055282077e-01 -3.055269880294800844e-01 1.329732454726052782e-02 2.318067244107229474e-01 -3.076943464279175977e-01
5.860538672369113022e-02 -7.942359224522943517e-02 -2.857932109832763690e-01 -1.003094176673433036e-01 -2.024736182016063646e-01 -3.139886159896850271e-01 1.295877323405491832e-01 1.503853403247255305e-01 -3.048714275360107084e-01 1.399531095360309618e-02 2.331461308478190997e-01 -3.074805850982665900e-01
5.896095169825251586e-02 -8.540120748047236310e-02 -2.845312662124633851e-01 -1.001055931592923359e-01 -2.010159629263053027e-01 -3.134350414276123042e-01 1.300294329639909985e-01 1.517983372230375383e-01 -3.042052812576294119e-01 1.463682821803112544e-02 2.344985755905111269e-01 -3.072747392654419096e-01
5.938670532180217315e-02 -9.257054664865879690e-02 -2.832830209732056792e-01 -9.984504120137524530e-02 -1.995650708572857535e-01 -3.128877038955689138e-01 1.305120960580498091e-01 1.531925581365972677e-01 -3.035490818023682258e-01 1.519493202985224001e-02 2.359095290683776713e-01 -3.071137208938599650e-01
5.985452330050551606e-02 -1.009209205646561108e-01 -2.818854970932005988e-01 -9.954083449713758969e-02 -1.981238147593487042e-01 -3.123348684310912615e-01 1.310549672973974622e-01 1.546029487309891204e-01 -3.029273004531859437e-01 1.571638273230353822e-02 2.372686182251861065e-01 -3.068835515975951167e-01
6.033112108944728436e-02 -1.103539622243446539e-01 -2.805581731796265021e-01 -9.920519904370012076e-02 -1.966696687633266161e-01 -3.117804880142212021e-01 1.316252717368672498e-01 1.559933507726574131e-01 -3.022959680557251172e-01 1.620061068114018316e-02 2.386078788567709275e-01 -3.065756435394287327e-01
6.070020247604883401e-02 -1.212210438711485011e-01 -2.803577442169188916e-01 -9.884591912200811625e-02 -1.952036943033229610e-01 -3.112018222808837775e-01 1.322898536094267441e-01 1.573801939929712623e-01 -3.016616840362549290e-01 1.672032413547647894e-02 2.399493108879139358e-01 -3.061775512695313339e-01
6.078721218694643075e-02 -1.323983608937698286e-01 -2.791916294097900320e-01 -9.839838461485431176e-02 -1.938148836301691047e-01 -3.106456584930419873e-01 1.331292668471096841e-01 1.586827556966228236e-01 -3.010627288818359393e-01 1.736223490157610960e-02 2.412018857619513124e-01 -3.057954425811767463e-01
6.085710884943863752e-02 -1.424796831516444984e-01 -2.769809741973876527e-01 -9.797044682242454783e-02 -1.923456954322259049e-01 -3.101576490402221387e-01 1.338593005727937713e-01 1.600359066594804758e-01 -3.005429048538208470e-01 1.787971634820662709e-02 2.425189708740665695e-01 -3.054655094146729311e-01
6.080216953137475983e-02 -1.520998867839828683e-01 -2.745559568405152029e-01 -9.753828711170989263e-02 -1.908348310157860217e-01 -3.096962995529175533e-01 1.345876575674735953e-01 1.614085631119229758e-01 -3.000314397811890132e-01 1.840789424980473349e-02 2.440890121467373386e-01 -3.052125520706177042e-01
6.064060310922050889e-02 -1.610783227626693404e-01 -2.719359321594237988e-01 -9.711575920057463618e-02 -1.892590184415981480e-01 -3.092844743728637158e-01 1.352986349842638103e-01 1.628018972634529271e-01 -2.995360155105590283e-01 1.903400746613998634e-02 2.458717663238667028e-01 -3.050854940414428063e-01
6.033250817488206019e-02 -1.694795179655681494e-01 -2.690429801940917853e-01 -9.675201725331325497e-02 -1.875807248437166286e-01 -3.089520854949951434e-01 1.359715306492446096e-01 1.642737683848864427e-01 -2.991004819869995113e-01 1.960363976238219813e-02 2.476107175126147364e-01 -3.050069923400878791e-01
5.992542448695625801e-02 -1.774347028937118542e-01 -2.657247371673584491e-01 -9.649282777961235014e-02 -1.857673211729178597e-01 -3.087067003250122399e-01 1.365622537167011097e-01 1.658737090963794680e-01 -2.987613840103149898e-01 1.979838122322222921e-02 2.495002722836021369e-01 -3.049443264007569154e-01
5.947045282858885729e-02 -1.856309861839836872e-01 -2.617179698944092081e-01 -9.631916358792197430e-02 -1.838100735851495027e-01 -3.085563011169433767e-01 1.371175316486304419e-01 1.676352371587552792e-01 -2.985453100204467636e-01 1.969015662976895259e-02 2.514450341544616774e-01 -3.049653453826904337e-01
5.899630704712384432e-02 -1.946279527842371126e-01 -2.566223831176757675e-01 -9.625176732366100274e-02 -1.817056429169460752e-01 -3.085022325515746622e-01 1.375959225423974974e-01 1.695609059540217067e-01 -2.984865159988402961e-01 1.954474336707473503e-02 2.532277861932071827e-01 -3.051038522720336821e-01
5.830533883430927961e-02 -2.040827727701048921e-01 -2.506577606201170205e-01 -9.630885396423420619e-02 -1.794586047672181717e-01 -3.085368080139158642e-01 1.380070294062791803e-01 1.716295403246795859e-01 -2.985821409225463685e-01 1.953757416996886737e-02 2.547341379233495906e-01 -3.051928014755248553e-01
5.722080249583274408e-02 -2.140553570375681725e-01 -2.461115665435791022e-01 -9.649554443426135164e-02 -1.770539825799561373e-01 -3.086422891616821262e-01 1.383663082756353413e-01 1.737771751738445558e-01 -2.987428350448608216e-01 1.976082704272224405e-02 2.564781457162064182e-01 -3.051307172775268306e-01
5.581201040135747027e-02 -2.246831223850763171e-01 -2.426528472900391087e-01 -9.677309062992622835e-02 -1.744435783814024532e-01 -3.088288469314575679e-01 1.386914288080774438e-01 1.760674503166818894e-01 -2.989907236099243470e-01 1.990501050276338724e-02 2.585647182721733661e-01 -3.048539466857910218e-01
5.412283387940841628e-02 -2.365535430435314612e-01 -2.404494781494139755e-01 -9.711675193558144681e-02 -1.717129036777808315e-01 -3.090973777770995023e-01 1.390177956341498988e-01 1.785117374374937116e-01 -2.993835182189940602e-01 1.963603059878190477e-02 2.604064297093512392e-01 -3.038480634689330051e-01
5.204359484419553150e-02 -2.502961120121104943e-01 -2.395804996490478733e-01 -9.749881386024655816e-02 -1.689081788042219867e-01 -3.094019622802734459e-01 1.393780856372880406e-01 1.810860722553097046e-01 -2.998798627853393461e-01 1.890261968747168619e-02 2.614915139499053298e-01 -3.016832132339477557e-01
4.957600325182158485e-02 -2.666850589130471683e-01 -2.397809524536133607e-01 -9.783527495409742591e-02 -1.660225529303352154e-01 -3.097524471282959713e-01 1.398112578344360979e-01 1.837765042238556912e-01 -3.004529161453247665e-01 1.705509507125514690e-02 2.613325781861966512e-01 -2.981009836196900076e-01
4.674159816240206627e-02 -2.857051328084555530e-01 -2.407260818481445352e-01 -9.806590734823143751e-02 -1.631018415477926975e-01 -3.102228183746337797e-01 1.403588667432685566e-01 1.865368904463212685e-01 -3.011473150253295983e-01 1.336039476588554709e-02 2.589663126021684025e-01 -2.924365777969360480e-01
4.381430433297558991e-02 -3.056024756892863903e-01 -2.429017372131347940e-01 -9.818070421285471361e-02 -1.601481334316022243e-01 -3.105745143890381033e-01 1.409377447347593126e-01 1.893631629897965518e-01 -3.017166585922241295e-01 8.791395348119943054e-03 2.526305654675861101e-01 -2.846219558715820663e-01
4.100287696896069006e-02 -3.248172935449349930e-01 -2.450946731567382741e-01 -9.816290480179874767e-02 -1.571301111206732104e-01 -3.107032127380370823e-01 1.415459069750781562e-01 1.922468138990046649e-01 -3.020376176834106974e-01 2.398062938613679251e-03 2.369023827416376349e-01 -2.757202262878418741e-01
3.855426570237933254e-02 -3.421310078711675695e-01 -2.479955978393554861e-01 -9.796784075293259175e-02 -1.540708485747599443e-01 -3.107396335601806947e-01 1.422107130721422252e-01 1.951485351291454839e-01 -3.022824640274046626e-01 -4.207435130218054042e-03 2.170288645052883547e-01 -2.693478269577025408e-01
3.655268477917417852e-02 -3.558581944234694427e-01 -2.520347995758057125e-01 -9.763549314743438789e-02 -1.509390418014812107e-01 -3.107347030639648899e-01 1.429539916001311139e-01 1.981648052389546888e-01 -3.025706739425659819e-01 -1.062663973554133640e-02 1.944391825054202494e-01 -2.646674556732178107e-01
3.496762321737376805e-02 -3.653507958146257062e-01 -2.565555877685546937e-01 -9.723591427846856039e-02 -1.477092742099170297e-01 -3.106880970001221209e-01 1.437299620917693865e-01 2.013090215706507813e-01 -3.028065128326416500e-01 -1.675492436364916377e-02 1.694964780737902021e-01 -2.597151298522949459e-01
3.354286029326898622e-02 -3.715570331401854554e-01 -2.613149757385254679e-01 -9.685123354887223424e-02 -1.443510742297668126e-01 -3.105961151123047825e-01 1.444879640962591916e-01 2.045644732012057987e-01 -3.029409999847411661e-01 -2.738848832405982661e-02 1.457398270003258112e-01 -2.558245201110839195e-01
3.216702462391297923e-02 -3.747518972229962886e-01 -2.666834611892699436e-01 -9.650213669507635983e-02 -1.408502289763861881e-01 -3.104591913223265776e-01 1.452714261263937656e-01 2.079771253223867133e-01 -3.030585975646972741e-01 -3.803405544342157441e-02 1.252715744525136343e-01 -2.590068883895874086e-01
3.101758904892133392e-02 -3.756367527364081749e-01 -2.723355121612549001e-01 -9.610455605009696201e-02 -1.371086780429888186e-01 -3.102371807098388556e-01 1.461740564058918723e-01 2.115936553479227655e-01 -3.030642719268799024e-01 -4.539575309166889172e-02 1.104817212119640346e-01 -2.715793485641479488e-01
2.971934258136451137e-02 -3.748216426237641619e-01 -2.778857536315917920e-01 -9.579483017404535894e-02 -1.330713171162085651e-01 -3.099129171371459712e-01 1.471234569817914117e-01 2.154671069138428263e-01 -3.029481573104858549e-01 -5.212362909652206583e-02 1.010586760182682342e-01 -2.823521227836608971e-01
2.820601536362616138e-02 -3.723009977627898537e-01 -2.827526254653931481e-01 -9.560339883668067529e-02 -1.286351839648410267e-01 -3.094773836135864542e-01 1.480441307303179133e-01 2.197190128068778336e-01 -3.027405757904053085e-01 -5.797556553301191906e-02 9.781314507849908635e-02 -2.880485982894898100e-01
2.644715709335964185e-02 -3.686848784820623837e-01 -2.868412275314331517e-01 -9.553153329747281208e-02 -1.237247326584290652e-01 -3.089052553176880322e-01 1.488581138067581466e-01 2.244491016531123539e-01 -3.023872251510620890e-01 -6.209966655480479020e-02 9.902215879406509047e-02 -2.905340881347656667e-01
2.454918997972284009e-02 -3.644410435165193474e-01 -2.903095359802246866e-01 -9.559248191754533830e-02 -1.184096509348148835e-01 -3.082293815612793808e-01 1.495005742426359363e-01 2.296159514793396084e-01 -3.019433135986329120e-01 -6.389269330723738871e-02 1.030876157654410791e-01 -2.917691774368286750e-01
