0.000000000000000000e+00 0.000000000000000000e+00 3.288022918701172248e-01
0.000000000000000000e+00 0.000000000000000000e+00 3.288022918701172248e-01
1.005035400390674738e-02 5.520326018333435864e-02 3.368339462280274255e-01
1.020385742187546185e-02 5.486226916313172164e-02 3.368447036743164036e-01
1.033843994140681843e-02 5.449723124504089744e-02 3.368683547973633230e-01
1.047607421874996447e-02 5.410105109214783520e-02 3.368981094360352646e-01
1.060394287109378553e-02 5.368256449699402438e-02 3.369399566650391753e-01
1.073028564453171185e-02 5.323941469192505771e-02 3.369880599975586533e-01
1.083984375000035527e-02 5.276847958564758606e-02 3.370564956665039746e-01
1.090789794921942502e-02 5.226856350898743259e-02 3.371243209838867827e-01
1.097900390625028422e-02 5.173344731330872109e-02 3.372087783813476625e-01
1.104492187500039080e-02 5.116499900817871732e-02 3.372865600585938095e-01
1.110961914062524869e-02 5.056200146675110529e-02 3.373667068481445153e-01
1.119873046875063949e-02 4.993493556976318776e-02 3.374368972778321041e-01
1.130676269531250000e-02 4.929401159286499190e-02 3.374985046386719256e-01
1.145935058593750000e-02 4.863129377365112832e-02 3.375422210693360681e-01
1.162750244140653422e-02 4.797516107559204879e-02 3.375766296386718546e-01
1.184204101562524869e-02 4.732810139656067755e-02 3.375979156494141042e-01
1.210388183593735789e-02 4.668982267379761381e-02 3.376056976318360103e-01
1.238861083984410527e-02 4.604168891906738892e-02 3.376008529663085955e-01
1.266510009765653422e-02 4.537235975265503651e-02 3.375493545532226580e-01
1.294555664062535527e-02 4.471062898635864979e-02 3.375627822875977291e-01
1.320800781250053291e-02 4.405651092529297430e-02 3.375921554565429750e-01
1.346954345703199607e-02 4.340589523315430132e-02 3.376591415405273411e-01
1.372283935546914080e-02 4.275914430618286965e-02 3.377216644287108771e-01
1.397064208984399869e-02 4.211748123168945757e-02 3.377773590087891353e-01
1.420898437500017764e-02 4.147563219070435347e-02 3.378364868164063228e-01
1.443878173828139211e-02 4.083287239074707975e-02 3.379040451049805105e-01
1.467468261718796185e-02 4.018975257873536044e-02 3.379757995605469079e-01
1.489501953125049738e-02 3.955087184906006664e-02 3.380407257080078054e-01
1.513061523437553291e-02 3.890976428985596508e-02 3.380960769653320597e-01
1.536560058593750000e-02 3.825876474380493497e-02 3.381436462402344079e-01
1.562652587890678291e-02 3.759316682815552757e-02 3.381782073974609615e-01
1.588226318359442502e-02 3.691426277160644864e-02 3.382035369873047648e-01
1.613891601562489342e-02 3.622416257858276922e-02 3.382232208251952921e-01
1.639587402343689604e-02 3.552299499511719916e-02 3.382328720092773189e-01
1.664215087890674738e-02 3.481767416000366988e-02 3.382366104125976713e-01
1.685333251953125000e-02 3.411332845687867210e-02 3.382386703491211399e-01
1.703277587890639211e-02 3.342085123062134289e-02 3.382291336059570774e-01
1.720184326171914080e-02 3.274139881134034008e-02 3.382213516235352824e-01
1.733215332031257105e-02 3.206594944000244751e-02 3.382044525146485903e-01
1.741241455078146316e-02 3.139508724212647373e-02 3.381901092529296937e-01
1.745422363281257105e-02 3.072872638702393161e-02 3.382000274658203409e-01
1.743927001953160527e-02 3.006642103195190929e-02 3.382032318115233416e-01
1.740234375000060396e-02 2.941388845443726474e-02 3.381429595947266220e-01
1.735687255859375000e-02 2.877339363098144892e-02 3.380431671142578587e-01
1.731262207031214473e-02 2.814733505249024381e-02 3.379207534790039658e-01
1.725006103515625000e-02 2.754688501358033142e-02 3.377668304443360858e-01
1.719696044921903422e-02 2.697148323059082864e-02 3.375981063842773411e-01
1.715606689453164080e-02 2.641088724136353427e-02 3.374096984863281801e-01
1.715087890625000000e-02 2.586464405059814980e-02 3.372079391479492205e-01
1.716491699218813949e-02 2.532166481018067322e-02 3.369998092651367294e-01
1.715881347656189604e-02 2.476817131042480941e-02 3.367791671752929927e-01
1.715759277343753553e-02 2.421669721603394304e-02 3.365574569702149965e-01
1.714172363281196709e-02 2.367204189300537581e-02 3.363288040161133141e-01
1.712280273437549738e-02 2.313683032989503202e-02 3.361112518310547248e-01
1.712097167968806843e-02 2.261769294738770475e-02 3.358978576660156534e-01
1.713623046875056843e-02 2.211377382278442716e-02 3.356889648437499929e-01
1.717681884765642764e-02 2.161849498748780185e-02 3.354786987304688717e-01
1.722930908203146316e-02 2.111130237579345731e-02 3.352497787475585689e-01
1.730834960937510658e-02 2.057433605194092241e-02 3.349844665527343945e-01
1.739654541015678291e-02 2.000143527984619279e-02 3.346890563964843857e-01
1.752868652343764211e-02 1.939836978912353599e-02 3.343430633544922648e-01
1.774658203125056843e-02 1.878415107727050837e-02 3.339673538208007830e-01
1.805847167968810396e-02 1.816613674163818776e-02 3.335767669677734970e-01
1.846405029296871447e-02 1.754996299743652455e-02 3.331972808837890820e-01
1.890380859375007105e-02 1.692407131195068637e-02 3.328414840698242783e-01
1.941925048828174738e-02 1.630958557128906611e-02 3.325467605590820552e-01
2.002624511718753553e-02 1.572394847869873491e-02 3.323176498413086266e-01
2.075164794921935396e-02 1.517693519592284296e-02 3.321654052734375195e-01
2.154327392578192502e-02 1.466562271118164451e-02 3.320893783569336399e-01
2.237884521484367895e-02 1.420030593872070174e-02 3.321325988769531223e-01
2.334106445312489342e-02 1.379449367523193776e-02 3.322762222290038814e-01
2.444885253906292633e-02 1.348227500915527566e-02 3.325314254760742827e-01
2.573852539062571054e-02 1.326515674591064592e-02 3.327595062255859215e-01
2.719543457031203815e-02 1.304942607879638894e-02 3.327218933105469123e-01
2.886077880859438949e-02 1.293595314025879073e-02 3.322803421020508186e-01
3.074218750000046185e-02 1.299408435821533536e-02 3.315474624633789613e-01
3.290618896484431843e-02 1.310964107513427901e-02 3.305359191894531312e-01
3.548645019531182498e-02 1.331289291381836104e-02 3.292139358520508319e-01
3.842559814453139211e-02 1.367246627807616743e-02 3.274533767700195108e-01
4.180053710937503553e-02 1.416227817535400252e-02 3.251928634643554972e-01
4.565612792968742895e-02 1.477196693420410045e-02 3.224700088500976891e-01
5.010498046874989342e-02 1.559046268463135793e-02 3.193703765869141398e-01
5.528717041015696054e-02 1.668314933776856440e-02 3.158289642333983460e-01
6.125793457031214473e-02 1.794133663177491234e-02 3.121625061035157023e-01
6.817382812500039080e-02 1.929565906524659258e-02 3.087323303222656579e-01
7.615997314453171185e-02 2.073430538177491178e-02 3.058137054443360592e-01
8.543334960937531974e-02 2.221355676651001754e-02 3.035869140625000462e-01
9.575927734374989342e-02 2.340559959411622065e-02 3.020891113281249929e-01
1.071023559570312145e-01 2.410873174667359925e-02 3.015731735229492116e-01
1.194125366210938566e-01 2.439364910125733227e-02 3.013894195556641176e-01
1.326077270507814987e-01 2.409922122955323459e-02 3.020560760498046671e-01
1.466787719726569961e-01 2.261963129043580156e-02 3.035124893188476669e-01
1.618453979492189276e-01 2.011437892913819220e-02 3.053295822143554661e-01
1.779577636718752132e-01 1.691194057464600470e-02 3.070992584228516842e-01
1.949447631835941053e-01 1.307710647583009561e-02 3.081330032348632564e-01
2.127920532226568184e-01 8.521075248718271156e-03 3.084558029174805371e-01
2.314059448242193895e-01 3.379797935485859273e-03 3.081634063720702921e-01
2.506378173828123224e-01 -2.143802642822247029e-03 3.068120498657226358e-01
2.706671142578125355e-01 -8.267512321472152148e-03 3.045842666625976358e-01
2.911614990234374645e-01 -1.478563785552976934e-02 3.017676467895508141e-01
3.116860961914067474e-01 -2.173353672027585753e-02 2.984823913574219389e-01
3.320391845703118960e-01 -2.887412548065183132e-02 2.949813766479492116e-01
3.526116943359376421e-01 -3.602263927459712495e-02 2.916770858764647922e-01
3.730322265625005684e-01 -4.309619426727292341e-02 2.892822570800781534e-01
3.930197143554687855e-01 -4.975318431854245521e-02 2.879997177124024033e-01
4.126589965820315342e-01 -5.606939792633052616e-02 2.876828689575195996e-01
4.319583129882813566e-01 -6.209239482879635313e-02 2.882983703613281046e-01
4.510223388671876776e-01 -6.775220394134517932e-02 2.896441574096679794e-01
4.700289916992188566e-01 -7.333455562591548182e-02 2.914485473632812962e-01
4.889382934570312145e-01 -7.879065990447997603e-02 2.935874862670897478e-01
5.077609252929686789e-01 -8.419212818145749289e-02 2.962093276977538769e-01
5.265527343750004974e-01 -8.951842784881589021e-02 2.989203186035156445e-01
5.454254150390625000e-01 -9.478995800018308326e-02 3.016837234497070641e-01
5.643414306640623934e-01 -9.978078365325923627e-02 3.043878097534179483e-01
5.830310058593752842e-01 -1.043167066574096358e-01 3.068092651367188006e-01
6.013964843749999289e-01 -1.083056592941283869e-01 3.088603897094727158e-01
6.190548706054688211e-01 -1.117661428451537653e-01 3.105537719726563228e-01
6.360034179687499289e-01 -1.144918775558471380e-01 3.119599075317383008e-01
6.522698974609371092e-01 -1.167909765243529963e-01 3.130697937011719389e-01
6.681277465820318895e-01 -1.185193014144897139e-01 3.140600891113281001e-01
6.835833740234376066e-01 -1.198102140426635098e-01 3.149349517822266353e-01
6.988040161132813566e-01 -1.207585668563841974e-01 3.154378433227539302e-01
7.138522338867190342e-01 -1.215776777267455477e-01 3.157664794921875018e-01
7.287493896484376066e-01 -1.224461507797240389e-01 3.160502548217772878e-01
7.437811279296875355e-01 -1.231486463546751786e-01 3.162975616455078187e-01
7.587329101562501066e-01 -1.238759756088256281e-01 3.163096160888672070e-01
7.733062744140628553e-01 -1.246552228927611528e-01 3.162140197753906534e-01
7.875231933593749289e-01 -1.254683637619017633e-01 3.161428756713867694e-01
8.013473510742192829e-01 -1.262711095809936068e-01 3.161270065307617561e-01
8.148291015625002132e-01 -1.270634984970092085e-01 3.162237854003906445e-01
8.280749511718754619e-01 -1.276282453536986550e-01 3.163769073486328853e-01
8.414700317382814987e-01 -1.278769063949583840e-01 3.165293426513672292e-01
8.553707885742189987e-01 -1.278011846542357610e-01 3.165924758911132786e-01
8.697598266601564987e-01 -1.276052618026732588e-01 3.164861984252930194e-01
8.846826171874999645e-01 -1.272802305221557295e-01 3.163938827514648500e-01
9.000811767578120737e-01 -1.269378805160521761e-01 3.164025802612304705e-01
9.159503173828120737e-01 -1.267197561264037653e-01 3.165462799072266131e-01
9.322848510742192119e-01 -1.266340017318725031e-01 3.165744323730469434e-01
9.489865112304691763e-01 -1.265948057174682007e-01 3.163759918212890598e-01
9.659878540039068540e-01 -1.268027639389037731e-01 3.157806701660156312e-01
9.832525634765625355e-01 -1.274340963363646828e-01 3.148569793701172514e-01
1.000662536621094389e+00 -1.289395856857298850e-01 3.134913558959960822e-01
1.018253479003906392e+00 -1.311714696884154485e-01 3.117883987426758319e-01
1.035970764160156321e+00 -1.346985197067259998e-01 3.100662918090820730e-01
1.053679504394531730e+00 -1.388444471359251975e-01 3.083874435424804883e-01
1.071670532226562056e+00 -1.437799024581908613e-01 3.070598144531250240e-01
1.089654541015625533e+00 -1.487130308151244362e-01 3.057459564208984126e-01
1.107770080566406801e+00 -1.538442564010619185e-01 3.046381301879883541e-01
1.125952148437500355e+00 -1.592190885543822432e-01 3.037970275878906223e-01
1.144123229980468892e+00 -1.645779371261595903e-01 3.033753890991210955e-01
1.162314758300781570e+00 -1.699969244003295132e-01 3.035158462524414347e-01
1.180495605468750320e+00 -1.754375410079955511e-01 3.041818923950195819e-01
1.198796691894531641e+00 -1.811028051376342152e-01 3.050786514282226580e-01
1.217312927246094301e+00 -1.868409872055053489e-01 3.060689086914063495e-01
1.236115112304688068e+00 -1.926343679428099975e-01 3.069509811401367472e-01
1.255415954589844230e+00 -1.985724210739134576e-01 3.076631088256835955e-01
1.275056457519531783e+00 -2.047081136703490511e-01 3.083065338134766131e-01
1.294969482421875373e+00 -2.108293104171751475e-01 3.088547439575195508e-01
1.315454406738281623e+00 -2.167040205001830311e-01 3.091832275390625773e-01
1.336152343750000249e+00 -2.222542142868041137e-01 3.093646545410156934e-01
1.356756896972656445e+00 -2.274767255783080311e-01 3.095119018554688406e-01
1.377001037597656463e+00 -2.322990942001341985e-01 3.096045989990233727e-01
1.396679077148437198e+00 -2.366204977035521184e-01 3.097505874633789125e-01
1.416118164062500462e+00 -2.404236555099486250e-01 3.097537918090820241e-01
1.435328369140625338e+00 -2.437059354782103726e-01 3.096968765258789613e-01
1.454397277832031765e+00 -2.464183568954466386e-01 3.096729202270508408e-01
1.473437194824219088e+00 -2.487134313583373169e-01 3.097278900146485103e-01
1.492369079589844105e+00 -2.507015943527221569e-01 3.099011917114258274e-01
1.511307678222656659e+00 -2.523653745651244229e-01 3.101139373779296937e-01
1.530352783203125178e+00 -2.537830114364623135e-01 3.102757949829101358e-01
1.549564208984375302e+00 -2.548839902877806929e-01 3.103385086059570197e-01
1.568951110839844176e+00 -2.555620145797729004e-01 3.103342742919922292e-01
1.588332824707031410e+00 -2.557301282882689653e-01 3.100953216552734260e-01
1.607577819824219212e+00 -2.554071569442748491e-01 3.098401947021485192e-01
1.626595153808594318e+00 -2.547240400314330078e-01 3.096489639282227202e-01
1.645576782226562784e+00 -2.536515378952025612e-01 3.096681137084961177e-01
1.664846191406250231e+00 -2.522547101974486616e-01 3.099200744628906046e-01
1.684552001953125266e+00 -2.505794858932494651e-01 3.103256149291993005e-01
1.704442138671875551e+00 -2.487134695053099531e-01 3.107907791137695108e-01
1.724305114746094159e+00 -2.468099355697630226e-01 3.113072891235352246e-01
1.743742065429688459e+00 -2.448902463912962235e-01 3.114589996337890909e-01
1.762572631835937820e+00 -2.432312917709349154e-01 3.114302749633789391e-01
1.781072082519531641e+00 -2.421497488021848998e-01 3.114461441040039524e-01
1.799193725585937820e+00 -2.416283369064330111e-01 3.114653701782227335e-01
1.816870422363281445e+00 -2.415450429916380648e-01 3.114567871093750773e-01
1.834073486328125391e+00 -2.419466161727904241e-01 3.114692611694336311e-01
1.850909118652344088e+00 -2.429689359664915782e-01 3.115201110839843635e-01
1.867411499023437838e+00 -2.447092962265013105e-01 3.116330642700195774e-01
1.883846435546875142e+00 -2.467101240158079689e-01 3.118032760620117472e-01
1.900271911621094212e+00 -2.488827848434446988e-01 3.121689147949219256e-01
1.916712036132812713e+00 -2.511545324325560324e-01 3.129012222290039613e-01
1.933173828125000160e+00 -2.530999708175658003e-01 3.136392517089844345e-01
1.949705810546875195e+00 -2.545781850814818337e-01 3.147507019042968812e-01
1.966382141113281801e+00 -2.557344961166380659e-01 3.160420532226563273e-01
1.982970581054688264e+00 -2.563142919540404296e-01 3.173752517700195730e-01
1.999559020996094283e+00 -2.562878370285033292e-01 3.187785263061523322e-01
2.016234741210937820e+00 -2.557725477218626975e-01 3.202923126220703631e-01
2.033108520507812766e+00 -2.548067235946654407e-01 3.216858215332031312e-01
2.050184326171875515e+00 -2.532860898971556751e-01 3.228826828002929750e-01
2.067406311035156818e+00 -2.512400197982787020e-01 3.237391204833983682e-01
2.084749145507812873e+00 -2.486792898178099287e-01 3.244623870849610014e-01
2.101976013183594283e+00 -2.457331418991087479e-01 3.252475280761718546e-01
2.118679199218750586e+00 -2.425259923934935669e-01 3.259476013183594256e-01
2.134615173339843963e+00 -2.391861677169797862e-01 3.264527435302734260e-01
2.149681701660156818e+00 -2.356711530685423328e-01 3.268647308349609260e-01
2.163771362304688584e+00 -2.315835905075071810e-01 3.271478576660156179e-01
2.177001342773437820e+00 -2.268538808822630204e-01 3.273591537475586399e-01
2.189602661132812766e+00 -2.216341352462767589e-01 3.274934310913085733e-01
2.201727294921875355e+00 -2.158946752548216164e-01 3.275864334106445286e-01
2.213501586914063068e+00 -2.096081113815305985e-01 3.276634140014648144e-01
2.225054626464844088e+00 -2.028175878524779152e-01 3.277364273071289302e-01
2.236511535644531534e+00 -1.955844831466673484e-01 3.279326934814453809e-01
2.248015441894531730e+00 -1.878856039047239745e-01 3.281407089233399077e-01
2.259590148925781694e+00 -1.797001028060911665e-01 3.283516998291016176e-01
2.271168823242188495e+00 -1.708072042465209051e-01 3.285076828002929661e-01
2.282125854492188299e+00 -1.610030508041380426e-01 3.284373016357422514e-01
2.292498474121094088e+00 -1.507983541488646106e-01 3.280380935668945064e-01
2.302509765625000426e+00 -1.402331876754759343e-01 3.272491760253906090e-01
2.312143554687500213e+00 -1.292875051498411643e-01 3.261856384277344034e-01
2.321371459960937855e+00 -1.179546308517454567e-01 3.251119918823242028e-01
2.330155029296875568e+00 -1.061164426803587468e-01 3.242701644897461044e-01
2.338479614257813033e+00 -9.376513957977278269e-02 3.237695236206055149e-01
2.346435546875000444e+00 -8.091683864593490760e-02 3.236333007812500773e-01
2.354136352539062838e+00 -6.761746883392319440e-02 3.238336868286133541e-01
2.361618652343750568e+00 -5.384328365325912608e-02 3.245008392333983416e-01
2.369003295898437944e+00 -3.972695827484116343e-02 3.254178161621094079e-01
2.376317443847656641e+00 -2.578145503997786997e-02 3.262285919189453764e-01
2.383670043945312678e+00 -1.228270053863509542e-02 3.267589874267577965e-01
2.391265258789062820e+00 5.560255050660739551e-04 3.267596740722656934e-01
2.399207458496094070e+00 1.257019519805923496e-02 3.262473220825196085e-01
2.407463989257812909e+00 2.369746208190933595e-02 3.253008575439453320e-01
2.416088562011719176e+00 3.403776645660416128e-02 3.240601272583008008e-01
2.425335083007813086e+00 4.375018596649185576e-02 3.226232452392578942e-01
2.435269470214844301e+00 5.295502185821548968e-02 3.210290069580078454e-01
2.445580749511718999e+00 6.194384098052994198e-02 3.192451782226563006e-01
2.455964050292969159e+00 7.128576755523696740e-02 3.173484344482422337e-01
2.466108703613281605e+00 8.111211776733413814e-02 3.158289260864257653e-01
2.475860290527343910e+00 9.166514396667496678e-02 3.149526901245117694e-01
2.485182189941406605e+00 1.032294416427613770e-01 3.146779174804688051e-01
2.493801574707032120e+00 1.156824159622193982e-01 3.150262756347657067e-01
2.501750640869140785e+00 1.285985279083253496e-01 3.158327407836913903e-01
2.509126434326172106e+00 1.419629812240602029e-01 3.168929977416992116e-01
2.515701293945312944e+00 1.557750368118287765e-01 3.181133956909180105e-01
2.521727142333984428e+00 1.700528192520143200e-01 3.194217224121094212e-01
2.527435150146484677e+00 1.848740434646607977e-01 3.206400604248047514e-01
2.532907409667969567e+00 2.004327917099000544e-01 3.215573425292969079e-01
2.538177032470703587e+00 2.166910791397096414e-01 3.222131652832032067e-01
2.543143310546875480e+00 2.332073831558229282e-01 3.225197525024414702e-01
2.547737884521484641e+00 2.497890138626100431e-01 3.224610443115234482e-01
2.552113189697265749e+00 2.663003396987916882e-01 3.221492691040039880e-01
2.556535644531250373e+00 2.827491617202760321e-01 3.214709777832031046e-01
2.560996093750000480e+00 2.991570520401002908e-01 3.204122467041016220e-01
2.565218811035156588e+00 3.156436395645143000e-01 3.190468521118163814e-01
2.569114685058594194e+00 3.321846818923951949e-01 3.173932571411133274e-01
2.572692260742188264e+00 3.487800455093385543e-01 3.155859298706055194e-01
2.575948638916016442e+00 3.654526185989381837e-01 3.137391586303711621e-01
2.579046936035156445e+00 3.821986627578736750e-01 3.120637054443360370e-01
2.581738891601562891e+00 3.993160867691041838e-01 3.103041763305663947e-01
2.584015655517578391e+00 4.168502664566041682e-01 3.085441131591797337e-01
2.586023101806640856e+00 4.345137643814088735e-01 3.068679733276367116e-01
2.587774505615235032e+00 4.519881296157838291e-01 3.054370803833008630e-01
2.589689788818359872e+00 4.690871286392213624e-01 3.042841262817382875e-01
2.591929016113281303e+00 4.857523965835572888e-01 3.033134002685546893e-01
2.594347229003906463e+00 5.019999551773073332e-01 3.026641387939453809e-01
2.596877441406250320e+00 5.180057382583620473e-01 3.023830337524414658e-01
2.599683074951172124e+00 5.337856912612917171e-01 3.024446411132812873e-01
2.602870483398437962e+00 5.493748712539674450e-01 3.029571838378906090e-01
2.606651153564453427e+00 5.647337198257448287e-01 3.039375991821289258e-01
2.610928344726562766e+00 5.797982645034792659e-01 3.053236694335937917e-01
2.615366210937500213e+00 5.945602273941041904e-01 3.071049804687500107e-01
2.620210266113281339e+00 6.086201333999635699e-01 3.091876907348632963e-01
2.625792541503906730e+00 6.215731668472290750e-01 3.117878265380860103e-01
2.632206420898437926e+00 6.333760690689088646e-01 3.149412841796874751e-01
2.639213714599609517e+00 6.442157602310182307e-01 3.184601516723633008e-01
2.646978454589844709e+00 6.540432214736939809e-01 3.221317977905273633e-01
2.655325927734375480e+00 6.629490137100221281e-01 3.257171936035156978e-01
2.664152221679688015e+00 6.711752939224244763e-01 3.286833877563476447e-01
2.673406524658203498e+00 6.786693429946900613e-01 3.311327667236327876e-01
2.683006591796875284e+00 6.856862115859987394e-01 3.330757827758789036e-01
2.692946929931641087e+00 6.923311090469361773e-01 3.344553680419921626e-01
2.703402404785156588e+00 6.978696298599245118e-01 3.351742095947265465e-01
2.714590911865235157e+00 7.024740457534791593e-01 3.352404327392578542e-01
2.725979461669922443e+00 7.060631418228151546e-01 3.346370239257813184e-01
2.737467346191406747e+00 7.088717508316041416e-01 3.336944885253906312e-01
2.749197692871093945e+00 7.112764596939088468e-01 3.325247116088867472e-01
2.761432189941406712e+00 7.133564615249635699e-01 3.310030670166016487e-01
2.774395599365234943e+00 7.150250101089479227e-01 3.295259780883789125e-01
2.788084716796875195e+00 7.165659952163697666e-01 3.282508392333983727e-01
2.802231750488281214e+00 7.179107522964479626e-01 3.272452850341797115e-01
2.816595611572265678e+00 7.190509653091432529e-01 3.264429779052734348e-01
2.830457305908203658e+00 7.204012155532838468e-01 3.258702774047852468e-01
2.843775634765625338e+00 7.220173501968385477e-01 3.255861206054688761e-01
2.856648406982422284e+00 7.237608194351198287e-01 3.251633377075195952e-01
2.869048614501953587e+00 7.257270669937135876e-01 3.248074645996094079e-01
2.880998992919922230e+00 7.280004739761354315e-01 3.244772644042969167e-01
2.892480468750000533e+00 7.306567239761354582e-01 3.241632385253906401e-01
2.903489532470703516e+00 7.337196969985964046e-01 3.238977355957031179e-01
2.913947448730469514e+00 7.372074747085572977e-01 3.237184829711914347e-01
2.923962707519531801e+00 7.410495615005494585e-01 3.236675186157227380e-01
2.933583374023438051e+00 7.451090097427369718e-01 3.236761398315429750e-01
2.943006744384765838e+00 7.495243692398072533e-01 3.237152404785156312e-01
2.952425689697265820e+00 7.543100595474244718e-01 3.237963409423828542e-01
2.962043304443359837e+00 7.593403482437135477e-01 3.238817901611328320e-01
2.971988983154297159e+00 7.646196603775026190e-01 3.239027709960937695e-01
2.982197265625000426e+00 7.698553323745729315e-01 3.238515396118164524e-01
2.992469940185547461e+00 7.748593759536744896e-01 3.236850662231445241e-01
3.002797698974609464e+00 7.794431161880495118e-01 3.234603042602539613e-01
3.013307037353516460e+00 7.836057901382448287e-01 3.232263870239258097e-01
3.023971099853516087e+00 7.874163675308228916e-01 3.229783554077149121e-01
3.034813232421875284e+00 7.907545328140260787e-01 3.227731628417969123e-01
3.045895843505859624e+00 7.935825967788697755e-01 3.226145858764648544e-01
3.057223358154297355e+00 7.958311319351197843e-01 3.226628799438476802e-01
3.068806152343750426e+00 7.974429941177370029e-01 3.229461975097656090e-01
3.080719604492188068e+00 7.984011697769166638e-01 3.234695358276367116e-01
3.092936401367188282e+00 7.986438608169557085e-01 3.242564697265625240e-01
3.105348358154297550e+00 7.982425546646120251e-01 3.252658004760742294e-01
3.117957458496094070e+00 7.972701883316041238e-01 3.263846511840821085e-01
3.130707550048828836e+00 7.957430124282838246e-01 3.275628204345703010e-01
3.143560791015625355e+00 7.936651468276979537e-01 3.286978836059570863e-01
3.156381530761718679e+00 7.911183023452760255e-01 3.297524566650391620e-01
3.169215087890625338e+00 7.881887674331666815e-01 3.306489105224609260e-01
3.182059936523438104e+00 7.848579263687135432e-01 3.313627548217773500e-01
3.194747619628906854e+00 7.810394144058229182e-01 3.314501113891601403e-01
3.207221527099609393e+00 7.767299509048463113e-01 3.308394546508789391e-01
3.219213409423828498e+00 7.719714212417604360e-01 3.296015853881836266e-01
3.230597229003906889e+00 7.666454935073854227e-01 3.279954833984375373e-01
3.241262817382812855e+00 7.608540201187135033e-01 3.258422775268554616e-01
3.251007080078125444e+00 7.546457529067994718e-01 3.239530105590820996e-01
3.259784851074218892e+00 7.480174875259401057e-01 3.222236938476562562e-01
3.267635650634765909e+00 7.409647989273072666e-01 3.208657379150391398e-01
3.274642639160156854e+00 7.334593057632448065e-01 3.198131866455078409e-01
3.280953216552735086e+00 7.254648447036744496e-01 3.191622085571289569e-01
3.286605224609375320e+00 7.171381998062135166e-01 3.189174194335937518e-01
3.291864013671875533e+00 7.085173654556276013e-01 3.191232223510742649e-01
3.296846160888672550e+00 6.993834924697878153e-01 3.201544876098633141e-01
3.301243286132812926e+00 6.894777917861940608e-01 3.215155715942382697e-01
3.305151977539062980e+00 6.790274286270143733e-01 3.231297607421875773e-01
3.308702850341797230e+00 6.681051111221315564e-01 3.251036376953124751e-01
3.311853027343750533e+00 6.568945932388308151e-01 3.270930023193360237e-01
3.314536743164063104e+00 6.453753519058229582e-01 3.289631195068359881e-01
3.316913146972656712e+00 6.333936166763307618e-01 3.305196304321289524e-01
3.319102783203125462e+00 6.208284235000612883e-01 3.317209167480469345e-01
3.321160736083984766e+00 6.077399301528932929e-01 3.325076217651367072e-01
3.323387451171875284e+00 5.944149637222291283e-01 3.326962585449219079e-01
3.326088409423828551e+00 5.808583688735964312e-01 3.322304840087890732e-01
3.329311218261719052e+00 5.676675271987917659e-01 3.311255950927735059e-01
3.333088226318359659e+00 5.550449609756472613e-01 3.294654769897461533e-01
3.337352142333984695e+00 5.429610681533816319e-01 3.271021194458008097e-01
3.342127380371094247e+00 5.313164377212526990e-01 3.246072311401367871e-01
3.347591857910156676e+00 5.199962472915652389e-01 3.217912216186523677e-01
3.353544006347656925e+00 5.089240121841432929e-01 3.185431213378906445e-01
3.359884643554687855e+00 4.982946634292604871e-01 3.158065719604492561e-01
3.366453399658203338e+00 4.876279306411745451e-01 3.139824600219727202e-01
3.372644805908203480e+00 4.763993310928347213e-01 3.126824493408203454e-01
3.378413238525391105e+00 4.645786905288699087e-01 3.119086380004882919e-01
3.384075012207031552e+00 4.522453165054324264e-01 3.119666213989258363e-01
3.389474334716797266e+00 4.397242593765260943e-01 3.127048416137695463e-01
3.394587707519531428e+00 4.270299386978151923e-01 3.142518157958984482e-01
3.399518280029297124e+00 4.140654993057253375e-01 3.160897369384766398e-01
3.404133453369141193e+00 4.006881952285769044e-01 3.180055160522461399e-01
3.408936157226563068e+00 3.869470071792605048e-01 3.196530838012695552e-01
3.413681640625000568e+00 3.728157663345338935e-01 3.212279815673828587e-01
3.418348846435547372e+00 3.583842897415163153e-01 3.227198333740234348e-01
3.422843933105469194e+00 3.438256692886354493e-01 3.240227432250977202e-01
3.427021179199218892e+00 3.293947076797487661e-01 3.249472351074218501e-01
3.430422515869141264e+00 3.150198602676393400e-01 3.254156417846679750e-01
3.433097381591797337e+00 3.006956338882448287e-01 3.255523605346679616e-01
3.435179595947265963e+00 2.865028619766237239e-01 3.253152008056641176e-01
3.436830749511718963e+00 2.723354959487916949e-01 3.248925323486328010e-01
3.438206481933594461e+00 2.580451631546022417e-01 3.244219894409180460e-01
3.439564056396484659e+00 2.436247873306276457e-01 3.239247817993163858e-01
3.440804748535156499e+00 2.291932725906374313e-01 3.237254638671874796e-01
3.442044372558593857e+00 2.146649217605592908e-01 3.239434738159180371e-01
3.443349456787109908e+00 2.000451517105104604e-01 3.247367019653321085e-01
3.444939880371093999e+00 1.854904794692995573e-01 3.260646362304688850e-01
3.446805267333984624e+00 1.712980127334596814e-01 3.276991958618163947e-01
3.449067840576172550e+00 1.574419355392458197e-01 3.294972152709960689e-01
3.451900787353515909e+00 1.437820577621462259e-01 3.313613433837890865e-01
3.455670013427734943e+00 1.302319860458376333e-01 3.332508010864257963e-01
3.459817047119140732e+00 1.165279150009157494e-01 3.351774902343750417e-01
3.464173736572266016e+00 1.026636266708376155e-01 3.373000259399414613e-01
3.468781433105469159e+00 8.880243778228781582e-02 3.393852157592772700e-01
3.473632812500000444e+00 7.508788585662863613e-02 3.413832778930664391e-01
3.478742218017578658e+00 6.147065639495871009e-02 3.430749053955078898e-01
3.484133758544922355e+00 4.810915470123312832e-02 3.444160385131835866e-01
3.489862823486328480e+00 3.523201465606711630e-02 3.453605575561523588e-01
3.495865325927734801e+00 2.292636394500754266e-02 3.459249420166016220e-01
3.502089080810547372e+00 1.134635448455832002e-02 3.462762374877930149e-01
3.508336791992188175e+00 6.412649154665245321e-04 3.465091629028320686e-01
3.514752502441406357e+00 -9.018483161926056646e-03 3.466801757812499885e-01
3.521361083984375639e+00 -1.810819149017312696e-02 3.468647308349609437e-01
3.528097839355469389e+00 -2.713016033172584857e-02 3.471501846313477246e-01
3.535064392089844354e+00 -3.608689785003641598e-02 3.476879043579101936e-01
3.542302246093750107e+00 -4.498305797576879900e-02 3.483263702392578320e-01
3.549752197265625409e+00 -5.372123241424536094e-02 3.489146347045898322e-01
3.557371978759765963e+00 -6.217685222625708025e-02 3.493640823364257963e-01
3.565057830810546946e+00 -7.025197505950905863e-02 3.496386260986328320e-01
3.572799987792969034e+00 -7.786785602569556985e-02 3.496393508911133097e-01
3.580506591796875249e+00 -8.497771739959691928e-02 3.493526763916016131e-01
3.588123626708984659e+00 -9.145936489105199740e-02 3.488306732177735014e-01
3.595706176757812678e+00 -9.717904567718482767e-02 3.480703277587890998e-01
3.603278808593750604e+00 -1.019448995590207518e-01 3.470481033325195641e-01
3.610830535888672088e+00 -1.058728170394895030e-01 3.459612579345703320e-01
3.618214874267578374e+00 -1.091809225082394919e-01 3.448409194946289169e-01
3.625575408935547195e+00 -1.119160795211789627e-01 3.437282104492188628e-01
3.633018951416016051e+00 -1.142531919479367608e-01 3.428179092407226403e-01
3.640428771972656463e+00 -1.163497304916379371e-01 3.422984237670898544e-01
3.647724914550781961e+00 -1.183277845382688098e-01 3.422784729003907067e-01
3.654972839355469461e+00 -1.202802038192746503e-01 3.427020950317383186e-01
3.662100830078125480e+00 -1.225004148483273825e-01 3.435302658081055283e-01
3.669010162353516069e+00 -1.251121854782102083e-01 3.444459838867188761e-01
3.675655517578125142e+00 -1.281548833847043767e-01 3.452283401489257830e-01
3.682005157470703338e+00 -1.316222143173215453e-01 3.459207458496094123e-01
3.688078155517578338e+00 -1.354975271224972688e-01 3.464914245605469345e-01
3.693844909667968857e+00 -1.397653722763058937e-01 3.468549270629882608e-01
3.699260406494141229e+00 -1.443242597579953712e-01 3.470077056884766087e-01
3.704352264404297213e+00 -1.490983343124387683e-01 3.469430465698242205e-01
3.709136962890625444e+00 -1.540910673141477061e-01 3.467175598144531801e-01
3.713598785400391122e+00 -1.592553853988644963e-01 3.463301010131836222e-01
3.717728271484375568e+00 -1.644550085067746636e-01 3.457909698486328898e-01
3.721740722656250444e+00 -1.697072935104368130e-01 3.450405426025391353e-01
3.725839843750000213e+00 -1.749101209640500920e-01 3.440395660400391575e-01
3.730137786865234784e+00 -1.797801733016964887e-01 3.433212203979492116e-01
3.734556121826172248e+00 -1.843203687667844259e-01 3.429051895141601580e-01
3.739069824218750338e+00 -1.884608411788938065e-01 3.426375885009765865e-01
3.743729553222656659e+00 -1.921506261825559336e-01 3.424522705078125728e-01
3.748560028076171946e+00 -1.952919530868527931e-01 3.423489685058593857e-01
3.753285217285156961e+00 -1.979526472091672484e-01 3.423141784667969034e-01
3.757982025146485050e+00 -2.001987600326536054e-01 3.422835464477539391e-01
3.762403869628906605e+00 -2.019346570968625632e-01 3.422085494995117383e-01
3.766613159179687642e+00 -2.031306982040402553e-01 3.423459548950195108e-01
3.770661773681641016e+00 -2.034671545028683692e-01 3.428182907104492250e-01
3.774615478515625178e+00 -2.033735609054563021e-01 3.436100311279297603e-01
3.778492202758789276e+00 -2.033344602584836458e-01 3.446198959350585955e-01
3.782376174926758150e+00 -2.032850790023801035e-01 3.457243652343749973e-01
3.786248703002930149e+00 -2.029984617233273891e-01 3.468967742919921715e-01
3.790092086791992720e+00 -2.019881200790402953e-01 3.481424255371093901e-01
3.793916320800781783e+00 -1.999119138717649069e-01 3.492226715087890510e-01
3.797654647827148899e+00 -1.971458196640012150e-01 3.500902481079102291e-01
3.801173171997070277e+00 -1.938359975814817060e-01 3.508345718383789613e-01
3.804529953002930398e+00 -1.901746892929074562e-01 3.514048309326172070e-01
3.807572784423828516e+00 -1.861817312240598155e-01 3.518230361938476936e-01
3.810405120849609695e+00 -1.819216489791868063e-01 3.519414825439453054e-01
3.813142395019531783e+00 -1.775918149948117197e-01 3.516469497680664302e-01
3.815978851318359677e+00 -1.733067274093625376e-01 3.508735961914063450e-01
3.819036941528320739e+00 -1.691693830490109962e-01 3.495734710693360059e-01
3.822371826171875320e+00 -1.653544187545774036e-01 3.476201934814453498e-01
3.825926208496094105e+00 -1.617975187301632922e-01 3.451402587890625151e-01
3.829750595092773935e+00 -1.584469747543332530e-01 3.422768707275392064e-01
3.833896331787109979e+00 -1.554691457748410555e-01 3.393492813110352557e-01
3.838343887329101811e+00 -1.523990392684934359e-01 3.364154739379883186e-01
3.843159255981445810e+00 -1.491714429855344193e-01 3.337517852783203898e-01
3.848456878662109837e+00 -1.458120679855344215e-01 3.315869064331055105e-01
3.854230346679687891e+00 -1.422679471969602039e-01 3.297531814575195286e-01
3.860400772094727095e+00 -1.383880186080930219e-01 3.282393569946289169e-01
3.866839141845703320e+00 -1.340486097335812921e-01 3.269118423461914169e-01
3.873617630004883239e+00 -1.291438055038449384e-01 3.257281417846680238e-01
3.880486755371093999e+00 -1.236053228378293511e-01 3.246219940185547381e-01
3.887310485839844176e+00 -1.174709463119504305e-01 3.235181732177734304e-01
3.893923568725586648e+00 -1.106310606002805230e-01 3.224940795898437740e-01
3.900390090942383203e+00 -1.030344152450559103e-01 3.215412826538086577e-01
3.906632995605469283e+00 -9.463664531707738359e-02 3.205810089111328365e-01
3.912677993774414276e+00 -8.547306537628149292e-02 3.197989578247070197e-01
3.918193588256836613e+00 -7.586781978607154420e-02 3.193128509521485636e-01
3.923057174682617720e+00 -6.579882144927953758e-02 3.193178100585938317e-01
3.927529678344726882e+00 -5.500895023345923202e-02 3.196575088500976936e-01
3.931600875854492472e+00 -4.355214595794653504e-02 3.202575225830078809e-01
3.935084152221680398e+00 -3.179058551788307291e-02 3.209155960083007741e-01
3.938293762207031534e+00 -2.004663944244360757e-02 3.214552612304688584e-01
3.941470718383789595e+00 -8.514914512634037813e-03 3.217415924072265510e-01
3.944708099365234588e+00 2.743115425110104200e-03 3.218487472534179439e-01
3.948014373779297426e+00 1.383760929107689941e-02 3.215292282104492694e-01
3.951271972656250409e+00 2.480123996734643482e-02 3.206724472045897611e-01
3.954485702514649148e+00 3.565212726593042225e-02 3.194644088745117738e-01
3.957631683349609908e+00 4.646051883697534246e-02 3.180272979736328276e-01
3.960744628906250675e+00 5.727221965789819347e-02 3.165406723022461399e-01
3.963883209228516336e+00 6.802770137786889881e-02 3.151887435913086621e-01
3.967101058959961346e+00 7.870289325714135975e-02 3.141307754516602380e-01
3.970445327758789666e+00 8.932353496551538596e-02 3.134892578125000329e-01
3.973940734863281588e+00 1.000544691085817894e-01 3.133424682617188539e-01
3.977555160522461275e+00 1.109647226333620729e-01 3.137008209228516753e-01
3.981171417236328836e+00 1.221651887893679261e-01 3.143132705688477246e-01
3.984850234985351847e+00 1.337327146530153943e-01 3.148767776489258541e-01
3.988618850708008257e+00 1.457115221023561891e-01 3.153072280883789658e-01
3.992732849121094052e+00 1.580719137191775037e-01 3.155565948486328542e-01
3.997181930541992667e+00 1.708975076675417482e-01 3.156281204223633230e-01
4.001955184936523580e+00 1.842332410812380639e-01 3.154880447387695686e-01
4.006881103515625320e+00 1.980874872207644133e-01 3.152190704345703143e-01
4.011747360229492188e+00 2.124505472183230159e-01 3.149054641723633141e-01
4.016278152465821094e+00 2.266873407363894088e-01 3.145460052490234304e-01
4.020478744506836399e+00 2.405876779556276879e-01 3.140504760742188761e-01
4.024616775512695810e+00 2.539131784439088713e-01 3.135050888061523544e-01
4.028555755615235157e+00 2.665786790847780585e-01 3.132936019897460955e-01
4.032265777587890732e+00 2.785991525650026723e-01 3.134890670776367960e-01
4.035493469238281783e+00 2.897263956069948687e-01 3.143535537719727158e-01
4.038460617065430469e+00 2.999076128005984110e-01 3.156327743530273899e-01
4.041492462158203125e+00 3.091377878189088824e-01 3.167722244262695108e-01
4.044806365966797657e+00 3.173553323745729737e-01 3.174354858398438228e-01
4.048236541748047479e+00 3.246573305130007192e-01 3.178212280273438051e-01
4.051647796630859943e+00 3.314116907119753486e-01 3.181151123046874751e-01
4.054936904907227024e+00 3.378948450088503641e-01 3.183660049438477024e-01
4.058146667480468928e+00 3.441026926040652301e-01 3.186823577880859570e-01
4.061791152954102202e+00 3.500734567642214135e-01 3.189913482666016931e-01
4.065289840698242507e+00 3.560954523086550250e-01 3.194770736694336755e-01
4.068823928833007919e+00 3.622498178482058129e-01 3.200873107910156001e-01
4.072474670410156428e+00 3.686513757705690564e-01 3.209052200317382697e-01
4.076180572509765732e+00 3.753465127944948798e-01 3.219900054931641442e-01
4.080042266845703480e+00 3.823757410049440919e-01 3.233539886474610103e-01
4.084119415283203658e+00 3.898600625991824331e-01 3.246661300659180460e-01
4.088449554443359446e+00 3.977657938003542060e-01 3.258140106201171671e-01
4.092975463867187358e+00 4.059729242324831566e-01 3.268818588256836577e-01
4.097756347656250853e+00 4.144528436660768755e-01 3.278234024047852468e-01
4.103016967773437607e+00 4.232575845718385965e-01 3.285893554687500107e-01
4.108762207031250391e+00 4.324342966079714468e-01 3.291844863891602024e-01
4.115047454833984375e+00 4.418852472305300205e-01 3.295383377075196130e-01
4.121989135742187393e+00 4.515815210342409292e-01 3.297367401123046937e-01
4.129549484252930114e+00 4.614078378677370917e-01 3.299384613037108505e-01
4.137788391113281783e+00 4.713357400894167548e-01 3.301094360351563006e-01
4.146883773803711648e+00 4.812182092666628108e-01 3.301648635864258274e-01
4.156516265869140803e+00 4.905990457534792903e-01 3.301356048583984348e-01
4.166442337036133203e+00 4.990123987197878086e-01 3.300556106567382741e-01
4.176302108764648580e+00 5.062514734268190875e-01 3.298406906127929750e-01
4.185923843383789311e+00 5.123158121109011587e-01 3.296613616943360192e-01
4.195412063598633168e+00 5.170828104019167260e-01 3.296194381713867250e-01
4.204839782714843821e+00 5.206619501113893822e-01 3.298110122680664169e-01
4.214166793823242330e+00 5.234406518936161046e-01 3.301470489501953098e-01
4.223409652709960938e+00 5.258312082290651501e-01 3.305422134399413903e-01
4.232567291259766051e+00 5.279927682876589534e-01 3.309559936523437385e-01
4.241466445922851491e+00 5.301907968521121228e-01 3.313837738037108682e-01
4.250119552612305007e+00 5.326431894302371406e-01 3.319026107788086710e-01
4.258663482666015909e+00 5.352172708511354626e-01 3.324879760742188717e-01
4.267186508178711257e+00 5.377318429946902345e-01 3.333785171508789613e-01
4.275699996948242543e+00 5.401568460464479804e-01 3.341586990356445463e-01
4.284269104003906925e+00 5.424939584732058062e-01 3.348060531616211533e-01
4.292912597656250107e+00 5.446694803237918103e-01 3.352418823242188095e-01
4.301577072143555114e+00 5.467849969863893822e-01 3.355456466674805460e-01
4.310472488403320312e+00 5.489026498794558062e-01 3.353413314819335689e-01
4.319790420532227060e+00 5.508699655532839357e-01 3.342987747192383008e-01
4.329434967041016158e+00 5.526975107192996228e-01 3.326205749511719212e-01
4.339473342895508345e+00 5.546393442153932929e-01 3.305828399658203853e-01
4.349891510009766371e+00 5.568547677993777034e-01 3.283560485839843723e-01
4.360596237182617685e+00 5.593873834609988105e-01 3.263017959594727291e-01
4.371380462646484943e+00 5.621493768692018556e-01 3.244090194702149432e-01
4.381913909912110050e+00 5.651817178726198376e-01 3.227727432250976358e-01
4.392173461914063104e+00 5.681727838516237306e-01 3.212395782470703898e-01
4.402193756103516264e+00 5.709092569351198465e-01 3.197300262451172603e-01
4.411965827941894958e+00 5.732998895645143866e-01 3.184593887329101314e-01
4.421394805908203551e+00 5.751581048965457299e-01 3.175363464355469567e-01
4.430562362670898757e+00 5.760821771621706944e-01 3.170089645385743005e-01
4.439505424499512465e+00 5.763648080825808373e-01 3.168945236206055505e-01
4.448333206176758203e+00 5.761849069595339490e-01 3.170716781616210733e-01
4.456957015991211080e+00 5.753354120254519088e-01 3.173867721557617205e-01
4.465161972045899041e+00 5.739768838882448598e-01 3.179921646118164524e-01
4.473384513854981037e+00 5.724069833755497383e-01 3.187985916137695552e-01
4.481583976745605824e+00 5.705922174453738061e-01 3.197522277832031135e-01
4.489817695617675852e+00 5.686191034317019666e-01 3.209919662475586577e-01
4.498205947875977273e+00 5.664203882217410113e-01 3.224122924804688761e-01
4.506811981201172657e+00 5.639053201675416904e-01 3.237407989501953631e-01
4.515673866271972869e+00 5.613052225112918903e-01 3.249121017456054750e-01
4.524810867309570384e+00 5.587197351455691630e-01 3.261582489013672426e-01
4.534269638061523722e+00 5.560499048233036312e-01 3.274962158203125195e-01
4.544086914062500426e+00 5.532996225357058595e-01 3.288788909912109260e-01
4.554402999877930291e+00 5.503512811660770110e-01 3.301554412841797292e-01
4.565063629150390767e+00 5.470037317276004174e-01 3.311069412231445463e-01
4.575841255187988565e+00 5.430615854263308728e-01 3.315275878906249751e-01
4.586359405517578480e+00 5.385116815567020376e-01 3.314477462768554705e-01
4.596427497863770029e+00 5.333894586563113771e-01 3.309685821533203676e-01
4.605752143859863423e+00 5.279455804824831899e-01 3.302757186889647700e-01
4.614375686645508345e+00 5.222488260269168014e-01 3.296681900024414080e-01
4.622260932922364063e+00 5.163595438003543148e-01 3.293492813110352468e-01
4.629502868652344283e+00 5.103298807144168725e-01 3.293012161254883496e-01
4.636065216064453764e+00 5.042217493057253863e-01 3.292388839721680505e-01
4.641937026977539738e+00 4.980669641494753774e-01 3.289205856323242916e-01
4.647481002807617223e+00 4.919841623306277500e-01 3.284757156372070108e-01
4.652933235168457138e+00 4.860988092422488527e-01 3.279983825683594478e-01
4.658546180725098296e+00 4.802936792373661001e-01 3.275662155151367605e-01
4.664180908203125142e+00 4.746246957778933462e-01 3.273361892700195064e-01
4.669884605407715661e+00 4.690796518325808795e-01 3.273647613525391131e-01
4.675588531494141442e+00 4.636949777603152634e-01 3.276447219848632741e-01
4.681328506469727202e+00 4.582940912246706855e-01 3.280921096801757697e-01
4.687055816650390838e+00 4.527997446060183506e-01 3.286958999633788903e-01
4.692661399841308700e+00 4.470662164688113394e-01 3.293713302612304439e-01
4.697840919494629119e+00 4.407832956314090000e-01 3.299892349243164213e-01
4.702535400390625675e+00 4.340641641616824753e-01 3.305210800170897967e-01
4.706557350158691477e+00 4.270413064956668503e-01 3.310068435668945819e-01
4.709912414550781357e+00 4.199626016616824775e-01 3.314452667236328365e-01
4.712550010681153090e+00 4.127158594131472569e-01 3.318279190063476713e-01
4.714478111267090377e+00 4.053259134292605537e-01 3.320974655151367472e-01
4.716081199645996591e+00 3.977746057510379019e-01 3.324579544067383097e-01
4.717436866760253977e+00 3.899403238296511587e-01 3.328510971069336133e-01
4.718620605468750284e+00 3.816800928115847702e-01 3.331848068237305283e-01
4.719712753295898899e+00 3.730208826065065653e-01 3.334447402954101580e-01
4.720567855834961080e+00 3.639614343643191030e-01 3.336902923583984215e-01
4.721088218688965554e+00 3.544220209121706766e-01 3.338076705932617738e-01
4.721501884460449716e+00 3.441979074478152545e-01 3.336455078125000195e-01
4.721797218322754119e+00 3.333302736282351408e-01 3.333457107543945641e-01
4.721843032836914311e+00 3.220007371902468551e-01 3.329578704833984215e-01
4.721846237182617756e+00 3.106201982498171810e-01 3.326707382202149788e-01
4.721775283813476776e+00 2.994579553604128641e-01 3.324681015014647745e-01
4.721604003906250568e+00 2.886433649063113172e-01 3.323596115112305016e-01
4.721295204162598402e+00 2.783687067031863083e-01 3.323734588623047381e-01
4.720885925292969354e+00 2.686382150650027389e-01 3.325179595947266309e-01
4.720387001037598118e+00 2.593959665298464223e-01 3.327947540283203720e-01
4.719830245971680327e+00 2.505155611038210606e-01 3.331637878417968990e-01
4.719183197021484588e+00 2.418730592727663942e-01 3.335911102294921715e-01
4.718618164062500675e+00 2.335821008682253952e-01 3.340829391479492871e-01
4.718369216918945952e+00 2.257600641250613327e-01 3.346035308837891353e-01
4.718420982360839844e+00 2.182783746719363649e-01 3.349550933837890376e-01
4.718782653808593963e+00 2.110203504562381260e-01 3.351952667236328676e-01
4.719595832824707848e+00 2.039592790603640682e-01 3.353074569702149121e-01
4.720978622436524219e+00 1.970462846755984543e-01 3.353421325683594301e-01
4.723048515319824503e+00 1.902701234817507914e-01 3.353728027343749751e-01
4.725777435302735086e+00 1.836224508285525525e-01 3.354753036499024121e-01
4.729115715026855682e+00 1.770275831222536955e-01 3.356087799072265954e-01
4.733136157989502379e+00 1.704327917099001943e-01 3.359490509033203898e-01
4.737884407043457813e+00 1.637322759628298818e-01 3.365206451416016264e-01
4.743338088989258239e+00 1.568775320053103495e-01 3.372690887451171848e-01
4.749138774871826563e+00 1.497915410995486474e-01 3.381793518066406046e-01
4.755137653350830718e+00 1.423704385757449398e-01 3.392840499877930460e-01
4.761341686248779403e+00 1.345121526718142668e-01 3.405425567626952921e-01
4.767895412445068537e+00 1.260382413864138684e-01 3.418047256469727291e-01
4.774714641571045526e+00 1.169389295578005805e-01 3.429215545654297204e-01
4.781790962219238494e+00 1.075393819808962981e-01 3.437180252075195952e-01
4.789047603607178516e+00 9.814508914947539520e-02 3.440842361450195952e-01
4.796488647460938282e+00 8.882029056549102519e-02 3.438581008911133496e-01
4.804264984130860228e+00 7.962618350982696158e-02 3.428034515380860014e-01
4.812310485839843999e+00 7.057048320770294147e-02 3.416103668212890909e-01
4.820493812561035263e+00 6.162618160247832627e-02 3.407034606933594389e-01
4.828820514678955789e+00 5.276680469512969734e-02 3.400219268798828631e-01
4.837220191955566406e+00 4.404191493988067474e-02 3.395477600097656090e-01
4.845662040710450036e+00 3.547524929046660946e-02 3.393133087158203276e-01
4.854219493865967294e+00 2.707583904266387675e-02 3.392928237915039391e-01
4.862782478332519531e+00 1.870775699615508797e-02 3.394256515502930283e-01
4.871271877288818608e+00 1.031887054443389462e-02 3.396920318603516842e-01
4.879504642486573118e+00 1.830840110779115293e-03 3.400667877197265376e-01
4.887344970703125568e+00 -6.812324523925473996e-03 3.405982131958008585e-01
4.894934024810791762e+00 -1.570175170898407274e-02 3.413210601806641042e-01
4.902373733520508203e+00 -2.482525348663298242e-02 3.421172256469727779e-01
4.909719629287720544e+00 -3.412538051605191330e-02 3.428936309814453187e-01
4.917160606384277877e+00 -4.356215953826871740e-02 3.437414855957031667e-01
4.924659833908081374e+00 -5.317824840545624238e-02 3.445281524658203587e-01
4.932468347549439081e+00 -6.312123775482147980e-02 3.451844711303710955e-01
4.940564661026001225e+00 -7.343506336212127228e-02 3.455387039184570908e-01
4.948933763504029137e+00 -8.416005611419646870e-02 3.454785461425781135e-01
4.957496862411499450e+00 -9.516774654388396315e-02 3.449719543457031579e-01
4.966321487426758274e+00 -1.061164808273312166e-01 3.438674850463867561e-01
4.975501480102539453e+00 -1.168329000473019297e-01 3.424058456420897567e-01
4.985121746063232884e+00 -1.269206762313839498e-01 3.406427307128906401e-01
4.995213260650634979e+00 -1.362068319320675625e-01 3.389464874267578143e-01
5.005804157257080611e+00 -1.446386098861691116e-01 3.380101318359375329e-01
5.016965370178223083e+00 -1.520885229110714720e-01 3.374894256591797204e-01
5.028624572753906286e+00 -1.587963247299191138e-01 3.375540847778321085e-01
5.040820283889771325e+00 -1.650232076644894408e-01 3.381212158203125151e-01
5.053216381072998864e+00 -1.707245206832883055e-01 3.390317459106445552e-01
5.065809850692749805e+00 -1.758898687362668023e-01 3.402779312133789036e-01
5.078036031723023314e+00 -1.803839635848995815e-01 3.418278808593749885e-01
5.089832382202148509e+00 -1.841497564315792701e-01 3.435056228637695108e-01
5.101056528091430842e+00 -1.872145795822139913e-01 3.453882904052734126e-01
5.111633672714233967e+00 -1.895365858078000010e-01 3.473303146362305416e-01
5.121508378982544407e+00 -1.908192586898800613e-01 3.491633148193360459e-01
5.130753364562989027e+00 -1.910922956466671596e-01 3.506934661865234171e-01
5.139550476074218999e+00 -1.908371686935421419e-01 3.518618316650391487e-01
5.147928400039673669e+00 -1.900418615341183115e-01 3.525995941162108904e-01
5.156159420013428196e+00 -1.889453268051144164e-01 3.529428405761718679e-01
5.164290285110474166e+00 -1.873296308517452824e-01 3.529354782104492383e-01
5.172222385406494816e+00 -1.852299070358273125e-01 3.524718399047852557e-01
5.179660205841065235e+00 -1.829422712326046752e-01 3.514388961791992116e-01
5.186185388565063725e+00 -1.802324628829952979e-01 3.497859115600586710e-01
5.191522731781006428e+00 -1.772802686691281049e-01 3.475548477172852868e-01
5.196048145294190235e+00 -1.745858335494991920e-01 3.449597091674805327e-01
5.200204658508301492e+00 -1.720884656906124799e-01 3.422170181274414302e-01
5.204494752883911168e+00 -1.695773649215694956e-01 3.394696731567382608e-01
5.209300880432129688e+00 -1.667911481857296263e-01 3.367172927856445508e-01
5.214582424163818786e+00 -1.633721303939816294e-01 3.344635696411133452e-01
5.220401306152344212e+00 -1.589058065414425680e-01 3.326253814697266442e-01
5.226472415924072301e+00 -1.532659864425655882e-01 3.311883468627929705e-01
5.232549819946289205e+00 -1.471785306930539217e-01 3.302719421386719478e-01
5.238550186157227451e+00 -1.406591939926144230e-01 3.299711532592772834e-01
5.244383869171143076e+00 -1.336708021163937332e-01 3.300981063842772789e-01
5.249671287536621378e+00 -1.261871862411495793e-01 3.304170913696289347e-01
5.254460182189942152e+00 -1.182385015487667779e-01 3.306243438720702921e-01
5.259036865234375746e+00 -1.099963712692257622e-01 3.304872817993164125e-01
5.263541126251221058e+00 -1.017296934127804309e-01 3.302850646972657067e-01
5.268320770263672514e+00 -9.357691287994349127e-02 3.300475616455078587e-01
5.273641510009766442e+00 -8.557323932647670217e-02 3.293908996582031179e-01
5.279587707519532103e+00 -7.784055233001674345e-02 3.281326599121093812e-01
5.286090164184570561e+00 -7.030518054962126007e-02 3.254153747558593546e-01
5.293050689697266442e+00 -6.277087688446011948e-02 3.219365234375000107e-01
5.300217666625977486e+00 -5.512407779693571236e-02 3.186228485107421848e-01
5.307979907989502699e+00 -4.716316699981656230e-02 3.157623596191406756e-01
5.316033210754395277e+00 -3.910925388336148473e-02 3.134282608032227246e-01
5.323938922882080149e+00 -3.081939220428433351e-02 3.118147583007813139e-01
5.331498050689697621e+00 -2.194682598113980448e-02 3.111364288330078498e-01
5.338336200714111968e+00 -1.222510814666715601e-02 3.116647644042969123e-01
5.344432029724121236e+00 -1.691641807555828436e-03 3.128307647705078631e-01
5.349967746734619389e+00 9.570822715759610966e-03 3.147505111694336444e-01
5.355186500549316442e+00 2.119473934173617125e-02 3.166415710449218546e-01
5.360161476135254510e+00 3.307700634002718604e-02 3.184532470703125284e-01
5.364896240234375391e+00 4.520737171173129509e-02 3.204961318969727913e-01
5.369587402343750426e+00 5.769649982452425968e-02 3.219462890625000018e-01
5.374321403503418360e+00 7.054403781890902780e-02 3.227432556152344256e-01
5.379151191711426527e+00 8.367218494415316898e-02 3.230626220703125551e-01
5.384051208496094532e+00 9.711445331573520523e-02 3.231542892456055194e-01
5.389031105041504510e+00 1.108071660995486735e-01 3.229592437744140954e-01
5.394003601074219389e+00 1.246396303176883213e-01 3.225241775512696085e-01
5.398836212158203196e+00 1.384981679916385267e-01 3.216403121948242516e-01
5.403441848754883203e+00 1.521842050552371373e-01 3.205133743286132653e-01
5.407848739624023793e+00 1.656416940689090234e-01 3.193121643066406667e-01
5.412037162780761967e+00 1.789270639419558995e-01 3.181732101440429838e-01
5.415983314514160263e+00 1.919973516464236751e-01 3.172883148193360592e-01
5.419705734252930007e+00 2.049852609634402745e-01 3.166642303466796760e-01
5.423371315002441406e+00 2.181742906570437734e-01 3.161481399536133496e-01
5.426844100952148864e+00 2.317939043045047498e-01 3.157267303466797514e-01
5.430150947570801634e+00 2.459422540664676360e-01 3.155765075683594212e-01
5.433375663757324503e+00 2.606605386734012209e-01 3.154723663330077921e-01
5.436591758728027912e+00 2.756616067886356047e-01 3.153735275268555460e-01
5.440545387268066690e+00 2.903520822525028078e-01 3.152834625244140820e-01
5.444208374023437713e+00 3.048104906082156895e-01 3.154220886230468812e-01
5.447950668334961222e+00 3.190237283706668925e-01 3.156569595336914391e-01
5.451810379028320774e+00 3.330243730545047187e-01 3.159714813232422648e-01
5.455949783325195312e+00 3.467511224746707699e-01 3.164142150878906934e-01
5.460477409362793466e+00 3.602386140823367056e-01 3.169407577514647967e-01
5.465490417480468821e+00 3.735197305679324731e-01 3.175574035644531667e-01
5.471001777648925923e+00 3.867364358901980714e-01 3.182948226928711266e-01
5.476897163391114098e+00 4.000419855117801071e-01 3.191435165405274166e-01
5.483055191040039134e+00 4.136413431167605403e-01 3.199007720947265598e-01
5.489439620971680256e+00 4.277689218521121273e-01 3.201208038330078942e-01
5.496063728332519993e+00 4.425865793228152545e-01 3.198149414062499973e-01
5.503040542602539276e+00 4.578362131118777212e-01 3.192640991210937695e-01
5.510499610900879475e+00 4.732967615127566252e-01 3.183777160644531978e-01
5.518510284423828516e+00 4.887691736221316252e-01 3.170472259521485148e-01
5.527105293273926634e+00 5.039501810073855337e-01 3.153419418334961755e-01
5.536271934509278125e+00 5.184072732925417704e-01 3.136726684570312340e-01
5.545709686279296946e+00 5.320954751968387519e-01 3.122893066406250417e-01
5.555538635253906676e+00 5.448518610000613327e-01 3.112139434814453764e-01
5.565799407958984979e+00 5.567284250259402212e-01 3.105755157470703187e-01
5.576403503417969532e+00 5.678702020645144399e-01 3.103185577392578720e-01
5.587124366760254368e+00 5.780964136123660779e-01 3.103317184448242116e-01
5.597907600402832529e+00 5.874917459487918325e-01 3.105428237915038858e-01
5.608631477355957351e+00 5.960796213150026945e-01 3.110425491333007608e-01
5.619293823242188068e+00 6.038195657730105470e-01 3.118563003540039125e-01
5.629794502258301137e+00 6.109418344497684616e-01 3.130568237304688362e-01
5.640057754516601740e+00 6.174002313613895510e-01 3.146335525512695686e-01
5.650182685852051634e+00 6.232270669937137741e-01 3.164093322753906978e-01
5.660475883483886861e+00 6.284705209732059927e-01 3.181522674560547381e-01
5.671048316955566548e+00 6.331336832046512431e-01 3.196939010620117871e-01
5.681859436035156641e+00 6.374626398086551404e-01 3.210756607055664791e-01
5.692939529418945988e+00 6.414556360244755284e-01 3.220824737548828587e-01
5.704254379272461151e+00 6.451277017593387564e-01 3.227399368286133496e-01
5.715825195312500107e+00 6.483926630020145909e-01 3.232182998657227024e-01
5.727713470458985157e+00 6.511881875991826218e-01 3.236314697265625373e-01
5.740058135986328303e+00 6.536393976211551937e-01 3.238808364868164258e-01
5.752639617919922621e+00 6.559452295303348501e-01 3.240121383666992871e-01
5.765143737792969070e+00 6.583044290542606758e-01 3.240363616943360281e-01
5.777477188110352380e+00 6.605928277969363993e-01 3.238996047973633496e-01
5.789513702392578232e+00 6.626576471328738949e-01 3.235740585327149255e-01
5.801200256347656570e+00 6.645199441909794835e-01 3.229550094604491939e-01
5.812524108886718999e+00 6.664819955825809217e-01 3.218728561401367205e-01
5.823587875366211364e+00 6.686916589736942029e-01 3.203258819580078187e-01
5.834517364501953907e+00 6.713157129287723457e-01 3.184846420288086621e-01
5.845374526977539453e+00 6.743453836441043459e-01 3.164214248657226669e-01
5.856180191040039062e+00 6.777221155166629485e-01 3.143974227905274033e-01
5.867409973144531499e+00 6.812126016616826263e-01 3.125131530761718901e-01
5.879186782836914205e+00 6.844690561294559661e-01 3.109857864379883541e-01
5.891444015502930398e+00 6.870602655410770199e-01 3.099482269287109348e-01
5.904074935913086186e+00 6.890020227432255284e-01 3.089939804077149743e-01
5.917025146484375497e+00 6.897767877578738771e-01 3.080046768188476891e-01
5.929717178344726669e+00 6.895350122451785468e-01 3.075774688720703809e-01
5.942781677246093963e+00 6.886863565444950597e-01 3.077623672485352291e-01
5.956103515625000178e+00 6.868048715591434927e-01 3.085558624267578098e-01
5.969676437377930078e+00 6.838838434219364215e-01 3.096161575317383230e-01
5.983582229614258452e+00 6.801254510879520820e-01 3.107796401977539480e-01
5.997875213623047763e+00 6.756718683242801671e-01 3.120973892211914569e-01
6.012531127929687358e+00 6.705957269668583187e-01 3.133803100585937917e-01
6.027435073852539738e+00 6.648936319351199664e-01 3.144836349487305505e-01
6.042798385620117507e+00 6.585481882095340911e-01 3.153012008666992161e-01
6.058474349975586648e+00 6.517251062393192296e-01 3.155775375366211000e-01
6.074596633911133026e+00 6.444762659072880151e-01 3.151552505493164791e-01
6.091100387573242791e+00 6.367717981338504307e-01 3.138284606933594567e-01
6.107949066162110086e+00 6.286532449722292970e-01 3.117675704956055505e-01
6.124804992675781712e+00 6.202610254287723723e-01 3.092264480590820597e-01
6.140994796752930363e+00 6.116119241714481625e-01 3.062297744750976936e-01
6.156154861450195526e+00 6.026462793350223501e-01 3.027604980468749929e-01
6.170213241577148899e+00 5.934806299209598457e-01 2.990881271362304528e-01
6.183130722045898864e+00 5.839855051040653278e-01 2.955609054565430105e-01
6.195041275024414595e+00 5.742668771743778544e-01 2.926269073486328365e-01
6.206084594726562820e+00 5.644859933853153544e-01 2.904690856933593857e-01
6.216274871826172443e+00 5.546584558486942207e-01 2.891646881103516753e-01
6.225541076660157103e+00 5.446160745620731714e-01 2.888774414062500462e-01
6.233956985473633416e+00 5.343085718154910735e-01 2.895803756713867250e-01
6.241718368530273509e+00 5.238140726089481891e-01 2.910218734741211177e-01
6.249048538208008097e+00 5.132081079483037378e-01 2.930026168823242072e-01
6.255972442626953622e+00 5.025530481338504885e-01 2.952602691650391131e-01
6.262543106079101918e+00 4.917742013931278300e-01 2.978163070678711000e-01
6.268711929321289844e+00 4.808209085464481003e-01 3.004706497192383141e-01
6.274406585693359517e+00 4.696105051040653233e-01 3.029280776977539835e-01
6.280034332275390874e+00 4.580887460708621961e-01 3.050848312377929528e-01
6.285617752075196130e+00 4.462097024917606181e-01 3.068081207275391575e-01
6.291206054687500604e+00 4.339364480972293103e-01 3.081884307861328942e-01
6.296819381713867791e+00 4.211643075942996806e-01 3.092621154785156756e-01
6.302605972290039382e+00 4.081937265396121672e-01 3.100514144897461577e-01
6.308849487304687642e+00 3.951880884170536068e-01 3.105401535034180149e-01
6.315473861694336222e+00 3.823302316665653233e-01 3.105659408569336755e-01
6.322434310913086719e+00 3.696613550186161334e-01 3.103117294311523722e-01
6.329509124755859695e+00 3.571012926101688190e-01 3.095436401367188672e-01
6.336508331298828622e+00 3.445356225967410868e-01 3.084969253540039702e-01
6.343229064941406925e+00 3.321109247207645332e-01 3.071613998413086355e-01
6.349532928466797621e+00 3.200014352798465356e-01 3.056289215087890643e-01
6.355262756347656250e+00 3.082268762588505351e-01 3.041986770629883097e-01
6.360358123779297657e+00 2.967751741409305755e-01 3.031248016357421804e-01
6.364779663085937678e+00 2.856147241592411068e-01 3.025873489379883319e-01
6.368831329345703729e+00 2.748006677627566896e-01 3.024867553710938184e-01
6.372492523193360014e+00 2.640007066726688389e-01 3.027625961303711533e-01
6.375765075683593963e+00 2.529437112808231580e-01 3.033903427124023944e-01
6.378097534179687500e+00 2.415929460525516603e-01 3.041529388427735014e-01
6.380158691406250249e+00 2.303277826309207965e-01 3.051772613525391975e-01
6.381956176757812571e+00 2.189386606216434661e-01 3.063202972412109037e-01
6.383504638671875675e+00 2.074550676345829348e-01 3.077772445678711444e-01
6.384832763671875355e+00 1.957927370071415318e-01 3.090755386352539436e-01
6.385956726074219603e+00 1.837807226181034370e-01 3.099101943969727602e-01
6.386932220458985121e+00 1.712912893295292227e-01 3.105774993896485148e-01
6.387780456542968999e+00 1.583313131332401424e-01 3.110758132934570153e-01
6.388495025634766122e+00 1.448600149154667116e-01 3.114287109375000195e-01
6.389166564941406889e+00 1.307785367965702272e-01 3.116582794189453054e-01
6.389978027343750533e+00 1.158357667922977619e-01 3.118297119140625018e-01
6.390836639404296804e+00 1.001002168655399371e-01 3.119047088623047026e-01
6.391667327880860228e+00 8.378630161285441358e-02 3.119549865722656135e-01
6.392667999267578338e+00 6.694074153900185509e-02 3.119351882934570108e-01
6.393533630371093679e+00 4.974383831024209446e-02 3.116912002563476669e-01
6.394011840820312820e+00 3.288526058197061008e-02 3.115039367675781490e-01
6.394074401855469603e+00 1.631337642669716814e-02 3.111247558593750462e-01
6.393756561279297479e+00 1.839590072635760576e-04 3.104546279907226536e-01
6.393032226562500142e+00 -1.527127742767294544e-02 3.096758956909180238e-01
6.391795043945313282e+00 -3.001011371612507389e-02 3.088815612792968901e-01
6.389903106689454049e+00 -4.413501262664754760e-02 3.079100723266602335e-01
6.387391510009766016e+00 -5.772507190704306151e-02 3.068889160156250684e-01
6.384132995605469318e+00 -7.079305171966512877e-02 3.058425064086914835e-01
6.380021820068360050e+00 -8.329155445098837540e-02 3.048000259399414880e-01
6.375195922851562891e+00 -9.527893543243368124e-02 3.038824768066406001e-01
6.369875946044922799e+00 -1.068005895614620171e-01 3.032874984741211755e-01
6.364291076660157032e+00 -1.180517721176143620e-01 3.031972427368164746e-01
6.358369750976562429e+00 -1.289326047897335070e-01 3.038285369873047204e-01
6.352180328369141371e+00 -1.397131490707393675e-01 3.050724716186523633e-01
6.345708160400390874e+00 -1.504796361923213810e-01 3.067288131713867827e-01
6.338937835693359446e+00 -1.613034963607784256e-01 3.085314102172852513e-01
6.331896514892578764e+00 -1.722036123275753061e-01 3.102988739013672337e-01
6.324585647583008452e+00 -1.832856893539424881e-01 3.119041748046875728e-01
6.316934127807617649e+00 -1.946642827987667135e-01 3.131846160888671626e-01
6.308964080810547159e+00 -2.064227819442745193e-01 3.141200561523437296e-01
6.300642089843750071e+00 -2.186954450607295486e-01 3.147467346191406001e-01
6.291901779174804865e+00 -2.312854528427120415e-01 3.150144882202149388e-01
6.283254089355469141e+00 -2.443877935409542179e-01 3.148432464599609792e-01
6.274904632568359730e+00 -2.580369901657100784e-01 3.142350311279297204e-01
6.266802139282226847e+00 -2.719587850570674981e-01 3.134144515991210689e-01
6.258996276855468999e+00 -2.859988927841182749e-01 3.124708862304688139e-01
6.251438827514649077e+00 -3.000861120223995426e-01 3.112996978759765554e-01
6.244100189208984908e+00 -3.137839269638058037e-01 3.098034973144531135e-01
6.236982421875000071e+00 -3.272404623031612836e-01 3.080266494750977246e-01
6.230144195556641229e+00 -3.403471136093136340e-01 3.061585922241211177e-01
6.223719024658203480e+00 -3.529384756088253527e-01 3.044167633056641398e-01
6.217741012573242188e+00 -3.650779104232784733e-01 3.029640884399413814e-01
6.211800155639648935e+00 -3.765504598617550047e-01 3.019290466308593990e-01
6.205927963256836932e+00 -3.875397253036495515e-01 3.015823669433593812e-01
6.200062866210937607e+00 -3.978085088729854668e-01 3.017510528564453232e-01
6.194187393188476776e+00 -4.075808477401730023e-01 3.023683471679688983e-01
6.188092269897461861e+00 -4.170375585556026499e-01 3.031764144897460822e-01
6.181647109985352273e+00 -4.258215475082394175e-01 3.041330261230469345e-01
6.175128097534180682e+00 -4.345715475082393975e-01 3.052949447631836399e-01
6.168313369750976882e+00 -4.432576513290401587e-01 3.065171356201171760e-01
6.161229782104492791e+00 -4.518657064437863191e-01 3.077397460937499885e-01
6.153835754394531676e+00 -4.604504156112667612e-01 3.088898773193360370e-01
6.146098022460938282e+00 -4.691552877426143908e-01 3.098847122192383008e-01
6.138011779785156996e+00 -4.780235815048213821e-01 3.106846160888672159e-01
6.129493560791016371e+00 -4.869723272323605023e-01 3.113665695190429572e-01
6.120427017211914844e+00 -4.960582494735714665e-01 3.119326705932617960e-01
6.110755538940430220e+00 -5.053299093246456097e-01 3.122965164184570153e-01
6.100552749633789240e+00 -5.147507238388058237e-01 3.124806518554688051e-01
6.089882354736328551e+00 -5.243169546127315339e-01 3.125466842651367649e-01
6.078834609985351634e+00 -5.339904546737667124e-01 3.124571151733398500e-01
6.067441635131836541e+00 -5.438763570785518642e-01 3.122119445800781712e-01
6.055703964233399184e+00 -5.536342382431026499e-01 3.117954559326172603e-01
6.043868942260743005e+00 -5.629814672470089265e-01 3.112051696777343723e-01
6.032342987060547834e+00 -5.716634130477902254e-01 3.103958816528320508e-01
6.021459197998047408e+00 -5.795673513412472611e-01 3.092750091552735059e-01
6.011156692504883381e+00 -5.866317129135129038e-01 3.078515930175781401e-01
6.001314926147461648e+00 -5.926236104965206808e-01 3.062890548706055371e-01
5.991777954101562997e+00 -5.975110006332394752e-01 3.050292510986328809e-01
5.982426528930664844e+00 -6.014086294174191272e-01 3.039537353515625595e-01
5.973303985595703303e+00 -6.047042226791379260e-01 3.030713195800781579e-01
5.964400482177734553e+00 -6.075607442855832652e-01 3.024209899902343679e-01
5.955520706176757884e+00 -6.101080465316769397e-01 3.020426483154297070e-01
5.946728973388672124e+00 -6.123375844955442071e-01 3.020476455688476669e-01
5.938059997558593928e+00 -6.142058706283566316e-01 3.025610275268555416e-01
5.929608001708984943e+00 -6.156161642074582385e-01 3.035058898925782067e-01
5.921422042846680611e+00 -6.164801168441769175e-01 3.047869796752930016e-01
5.913510131835938211e+00 -6.167951345443722921e-01 3.061703796386718857e-01
5.905812072753906961e+00 -6.166904592514035333e-01 3.074804992675781445e-01
5.898116226196289169e+00 -6.159224081039426091e-01 3.086377639770507830e-01
5.890402908325195419e+00 -6.146175527572629305e-01 3.095910186767578676e-01
5.882633285522461009e+00 -6.129213094711301046e-01 3.103525466918946041e-01
5.874832229614257884e+00 -6.108700704574582252e-01 3.109473724365233727e-01
5.867081298828125568e+00 -6.084089803695675869e-01 3.113334960937500506e-01
5.859453506469726847e+00 -6.058200216293332385e-01 3.115443725585937962e-01
5.852017593383789240e+00 -6.034578084945675380e-01 3.115401382446288947e-01
5.844811553955078232e+00 -6.015009450912472966e-01 3.115158386230468812e-01
5.837868881225586115e+00 -5.998637533187863857e-01 3.116232986450195863e-01
5.831363296508789595e+00 -5.986898183822628727e-01 3.118358154296875240e-01
5.824994583129883274e+00 -5.978675222396847566e-01 3.120108337402344167e-01
5.818744201660156712e+00 -5.973098897933957208e-01 3.121143646240234215e-01
5.812477188110351634e+00 -5.972168874740597655e-01 3.121026535034180371e-01
5.806111297607422728e+00 -5.972960805892941760e-01 3.118643875122070197e-01
5.799380340576172799e+00 -5.974900960922238102e-01 3.115021820068359926e-01
5.792662200927734872e+00 -5.974425649642941538e-01 3.110700912475585778e-01
5.785846481323242863e+00 -5.973639059066769841e-01 3.106965942382813317e-01
5.779102020263672479e+00 -5.972179555892941361e-01 3.102895660400392108e-01
5.772289505004883026e+00 -5.969339132308957296e-01 3.098174209594727335e-01
5.765469512939453978e+00 -5.964437246322629171e-01 3.093322296142578809e-01
5.758681259155274290e+00 -5.957254934310910466e-01 3.088597793579102024e-01
5.751899185180664453e+00 -5.947133016586301224e-01 3.083494873046874751e-01
5.745283432006836222e+00 -5.932925558090207385e-01 3.078892822265625329e-01
5.738900527954101882e+00 -5.916964864730832607e-01 3.077173919677734792e-01
5.732599411010742330e+00 -5.899426412582394752e-01 3.079056472778320952e-01
5.726329650878906996e+00 -5.880699300765988013e-01 3.083740539550781090e-01
5.719997024536133345e+00 -5.859856557846067071e-01 3.090707702636719123e-01
5.713587646484375782e+00 -5.836789083480832252e-01 3.099289627075195730e-01
5.706900253295899006e+00 -5.812227773666378550e-01 3.109047241210938228e-01
5.699991607666015980e+00 -5.785556554794307749e-01 3.118669433593750373e-01
5.692789611816406747e+00 -5.757206869125363058e-01 3.127865524291992827e-01
5.685183792114258061e+00 -5.725835943222042923e-01 3.136101837158203898e-01
5.677179450988770526e+00 -5.692313909530636318e-01 3.143222351074218546e-01
5.668868942260743005e+00 -5.656189870834347211e-01 3.149301834106446041e-01
5.660301322937012714e+00 -5.617473745346065472e-01 3.154619140625000151e-01
5.651542816162109517e+00 -5.576250600814816050e-01 3.160043640136719345e-01
5.642627868652343892e+00 -5.532472753524776410e-01 3.165931243896484837e-01
5.633646850585938282e+00 -5.486478185653682615e-01 3.172451324462890465e-01
5.624569854736328978e+00 -5.438864278793331675e-01 3.179948730468750151e-01
5.615356864929199610e+00 -5.389342641830441316e-01 3.188488311767578853e-01
5.606121139526367259e+00 -5.337869787216183992e-01 3.198644561767578498e-01
5.597271804809571094e+00 -5.283984518051144663e-01 3.210248107910156357e-01
5.589007377624512607e+00 -5.226818990707394752e-01 3.220826263427735148e-01
5.581286735534668253e+00 -5.165712881088253550e-01 3.229923934936523855e-01
5.574188232421875000e+00 -5.101508474349972788e-01 3.236617202758789169e-01
5.567885017395020064e+00 -5.034942770004269263e-01 3.238677520751953587e-01
5.562094116210937855e+00 -4.964408254623410288e-01 3.238616867065430283e-01
5.556908950805664382e+00 -4.892703390121456719e-01 3.233215255737305061e-01
5.552236518859864134e+00 -4.818652105331419078e-01 3.224281616210937784e-01
5.548057479858399255e+00 -4.743224096298215287e-01 3.214132995605468723e-01
5.544207458496094532e+00 -4.666025686264034800e-01 3.205031890869141087e-01
5.540741882324219603e+00 -4.586792516708371181e-01 3.198443908691406268e-01
5.537653427124023864e+00 -4.504889822006222788e-01 3.193644638061523544e-01
5.534831237792968928e+00 -4.421263265609738369e-01 3.191604537963868005e-01
5.532228240966797550e+00 -4.335123205184933659e-01 3.194133300781250018e-01
5.529953613281250568e+00 -4.245572042465207696e-01 3.195848770141601625e-01
5.527921447753906925e+00 -4.150924444198605401e-01 3.198086090087890465e-01
5.526065216064453445e+00 -4.051239538192746292e-01 3.198519439697266042e-01
5.524399299621582493e+00 -3.946523427963253838e-01 3.197608108520507697e-01
5.522967720031738637e+00 -3.836672735214230467e-01 3.196589202880859570e-01
5.521831016540527770e+00 -3.721742391586300713e-01 3.196092529296875595e-01
5.520761451721192259e+00 -3.602168416976925247e-01 3.196733016967773233e-01
5.519549484252929794e+00 -3.479092931747433948e-01 3.198415679931640998e-01
5.517997589111328871e+00 -3.356271123886105379e-01 3.200742263793945330e-01
5.516033630371094176e+00 -3.235643148422238102e-01 3.203409881591796626e-01
5.513647117614746129e+00 -3.118429708480832119e-01 3.206077499389647922e-01
5.510692596435546875e+00 -3.005501317977902209e-01 3.208651657104492072e-01
5.507281112670899148e+00 -2.896675252914425736e-01 3.210385818481445996e-01
5.503461303710937891e+00 -2.790971136093136629e-01 3.209822387695312473e-01
5.499176025390625000e+00 -2.688419485092160000e-01 3.206488342285156445e-01
5.494348869323730788e+00 -2.588450002670285022e-01 3.199848098754882741e-01
5.488919601440430007e+00 -2.491133642196651510e-01 3.189015884399414302e-01
5.483179855346680398e+00 -2.396951818466182826e-01 3.175442047119141353e-01
5.477268218994140625e+00 -2.305800390243526732e-01 3.161188049316406845e-01
5.471546173095703125e+00 -2.216212224960323607e-01 3.148072357177734704e-01
5.466605682373047337e+00 -2.128023290634152020e-01 3.137030715942382697e-01
5.461818733215332067e+00 -2.040949392318721911e-01 3.129825897216796937e-01
5.456885681152344070e+00 -1.952013540267940883e-01 3.127901382446289791e-01
5.451725959777832031e+00 -1.860539770126339310e-01 3.130646057128906312e-01
5.446271171569824432e+00 -1.766089773178096956e-01 3.137612457275391620e-01
5.440698318481445916e+00 -1.669104146957393897e-01 3.148330230712891309e-01
5.435030670166016264e+00 -1.571464681625362736e-01 3.160050125122070286e-01
5.429129714965820419e+00 -1.473116064071651743e-01 3.171040649414063051e-01
5.423011970520019709e+00 -1.373792791366573729e-01 3.181799621582031001e-01
5.416626281738281534e+00 -1.272654485702510996e-01 3.192903442382812873e-01
5.409929504394531463e+00 -1.170440053939815761e-01 3.204276580810546671e-01
5.403049316406250746e+00 -1.067606496810909467e-01 3.215911788940429838e-01
5.396160087585450071e+00 -9.637107372283901241e-02 3.226997299194336311e-01
5.389392967224121200e+00 -8.597496509551968980e-02 3.238660354614257830e-01
5.382733764648437891e+00 -7.555103778839078466e-02 3.253465576171875595e-01
5.376187820434570774e+00 -6.512108325958218535e-02 3.268204421997070730e-01
5.369918403625488779e+00 -5.455173015594450697e-02 3.280247421264648189e-01
5.364164962768555256e+00 -4.374100208282438035e-02 3.290843124389648544e-01
5.358938674926758239e+00 -3.259068965911832844e-02 3.300217361450195064e-01
5.354182853698731037e+00 -2.105128765106168559e-02 3.308459396362305460e-01
5.349713039398193537e+00 -9.099669456481600249e-03 3.316309280395508541e-01
5.345296001434326705e+00 3.302912712097497150e-03 3.323401947021484837e-01
5.340745925903320312e+00 1.616104602813753927e-02 3.331840057373046671e-01
5.336086730957031676e+00 2.949854373931917739e-02 3.340161056518554661e-01
5.331266365051270384e+00 4.312872409820589503e-02 3.347443313598632564e-01
5.326206817626953693e+00 5.694979190826449100e-02 3.353988571166992561e-01
5.320861835479736790e+00 7.062332630157502900e-02 3.359607620239257741e-01
5.315151157379150781e+00 8.401869297027621253e-02 3.364435119628906845e-01
5.308748226165771911e+00 9.689029216766389951e-02 3.369746704101562740e-01
5.301651344299316726e+00 1.090960454940799185e-01 3.376280899047852113e-01
5.294118499755859908e+00 1.205439710617068755e-01 3.385958786010742072e-01
5.286041908264160760e+00 1.313580083847049329e-01 3.395812911987304838e-01
5.277546386718750426e+00 1.416310358047488671e-01 3.404162139892578098e-01
5.268865814208984588e+00 1.515763425827029998e-01 3.413613433837890954e-01
5.260118408203125817e+00 1.614567327499392968e-01 3.424954910278320552e-01
5.251187820434570774e+00 1.711199331283572711e-01 3.435544891357422692e-01
5.242414627075195455e+00 1.804162549972537222e-01 3.446113510131836311e-01
5.233885726928711790e+00 1.891795206069949720e-01 3.456655426025391220e-01
5.225538101196289809e+00 1.974152994155886909e-01 3.466813964843750151e-01
5.217151718139648509e+00 2.049829530715945869e-01 3.477403564453125373e-01
5.208710517883301527e+00 2.118685960769656762e-01 3.488450164794921760e-01
5.200400094985962340e+00 2.182003545761111718e-01 3.499805755615233993e-01
5.192160491943360157e+00 2.239775514602664330e-01 3.510414047241211533e-01
5.183898220062256534e+00 2.292791604995730870e-01 3.520221633911133630e-01
5.175583324432373900e+00 2.343446207046512020e-01 3.529743118286132741e-01
5.167244167327881499e+00 2.391908502578738716e-01 3.538514251708984037e-01
5.159028024673462554e+00 2.436044740676883424e-01 3.545632858276367427e-01
5.151201591491699538e+00 2.476040315628054989e-01 3.550651473999024699e-01
5.143828897476196538e+00 2.510899972915652811e-01 3.552667541503906623e-01
5.136918544769287109e+00 2.541512155532840156e-01 3.550733108520508496e-01
5.130360145568848118e+00 2.568609476089480648e-01 3.545103759765625417e-01
5.124020891189575266e+00 2.592326211929324997e-01 3.535276336669922470e-01
5.117769317626953196e+00 2.615291070938113305e-01 3.521701736450195686e-01
5.111338415145874059e+00 2.638883447647097924e-01 3.505775756835938228e-01
5.104643201828003463e+00 2.662687540054324842e-01 3.488247985839844079e-01
5.097665967941284570e+00 2.685572290420535357e-01 3.467854232788085689e-01
5.090369472503662784e+00 2.705827188491825019e-01 3.449290390014647656e-01
5.082917327880859482e+00 2.725103616714480426e-01 3.431948013305664569e-01
5.075695457458496485e+00 2.745590829849245962e-01 3.416963500976563095e-01
5.068822193145752664e+00 2.767330789566043170e-01 3.403176040649413814e-01
5.062407817840576918e+00 2.791062593460086338e-01 3.390070266723632653e-01
5.056566324234009535e+00 2.816694116592410313e-01 3.377266235351562562e-01
5.051297388076783079e+00 2.843958139419558995e-01 3.364189453125000506e-01
5.046569252014160512e+00 2.872952318191531185e-01 3.349693603515625506e-01
5.042481422424316406e+00 2.902077913284304977e-01 3.334015197753906756e-01
5.038807373046875426e+00 2.931543207168582077e-01 3.318403549194336444e-01
5.035413942337036985e+00 2.961010408401492655e-01 3.304549713134765643e-01
5.032027893066406854e+00 2.991338396072391048e-01 3.294237442016602069e-01
5.028519783020019673e+00 3.022756242752078215e-01 3.288686294555663858e-01
5.024795856475830824e+00 3.054769563674930022e-01 3.288540191650392019e-01
5.021007957458496485e+00 3.085213708877566074e-01 3.292895050048828542e-01
5.017253160476684570e+00 3.113726854324344040e-01 3.301506347656250062e-01
5.013478612899780806e+00 3.139419221878054778e-01 3.314164657592773011e-01
5.009723262786865305e+00 3.161923456192019533e-01 3.330916900634766087e-01
5.006131935119629617e+00 3.176417398452761609e-01 3.349384231567382741e-01
5.002731885910034926e+00 3.183107042312625090e-01 3.369308776855468590e-01
4.999461650848388672e+00 3.184833383560183862e-01 3.386854476928711222e-01
4.996438083648682138e+00 3.182622766494753730e-01 3.402390975952149788e-01
4.993655614852905877e+00 3.180001306533816741e-01 3.417586822509766087e-01
4.991072444915771733e+00 3.179002046585086005e-01 3.433946914672852957e-01
4.988379964828491886e+00 3.177788019180300405e-01 3.448570938110352424e-01
4.985470504760742827e+00 3.174029588699343596e-01 3.462230224609375018e-01
4.982455377578736133e+00 3.168213891983034936e-01 3.476005859374999840e-01
4.979268007278442987e+00 3.160870409011843907e-01 3.487450714111328676e-01
4.975822620391846307e+00 3.151703882217410380e-01 3.496466751098633585e-01
4.972144441604614329e+00 3.141378259658816896e-01 3.502318115234375195e-01
4.968355875015259215e+00 3.129492044448855537e-01 3.504827423095703276e-01
4.964388027191162678e+00 3.116295099258425405e-01 3.502231903076171715e-01
4.960213594436646112e+00 3.104154443740848035e-01 3.497815628051758052e-01
4.955749807357788583e+00 3.092751741409304755e-01 3.493395156860352735e-01
4.951224718093872212e+00 3.081046724319461139e-01 3.488667221069335911e-01
4.946796331405639791e+00 3.067791604995730448e-01 3.483810348510743005e-01
4.942396697998047372e+00 3.050972604751589490e-01 3.479666824340820197e-01
4.938244428634644301e+00 3.029282808303836450e-01 3.475685806274414480e-01
4.934382457733154759e+00 3.003898859024051182e-01 3.468100280761718945e-01
4.931045351028442880e+00 2.972854852676394821e-01 3.460392684936524077e-01
4.928336658477783239e+00 2.937150812149051382e-01 3.452017898559570641e-01
4.926142654418946165e+00 2.900800752639773883e-01 3.443326873779297692e-01
4.924305601119995934e+00 2.864777803421023616e-01 3.435250396728516398e-01
4.922432355880737909e+00 2.829644250869753908e-01 3.428092117309570197e-01
4.920535793304443573e+00 2.795419168472292881e-01 3.421925277709960689e-01
4.918526592254639063e+00 2.761119699478152834e-01 3.415151138305664302e-01
4.916352186203003072e+00 2.726407670974734243e-01 3.407989425659180283e-01
4.913881950378418573e+00 2.691044092178347946e-01 3.401805038452149210e-01
4.911059131622314666e+00 2.654374933242800716e-01 3.396907348632812740e-01
4.907934837341309198e+00 2.616702127456668747e-01 3.392623825073242116e-01
4.904572219848633452e+00 2.578158617019656873e-01 3.388923568725585866e-01
4.900696039199829102e+00 2.539101076126101808e-01 3.385685272216797381e-01
4.896545333862305505e+00 2.499054956436160824e-01 3.383015365600585689e-01
4.892227287292480575e+00 2.457710886001589767e-01 3.381340713500976536e-01
4.887907962799072692e+00 2.412453126907351808e-01 3.380860824584961399e-01
4.883570213317871556e+00 2.362083292007449431e-01 3.381712646484374973e-01
4.879232311248779652e+00 2.306749200820926160e-01 3.382931823730469523e-01
4.874935626983642578e+00 2.247529840469363605e-01 3.385027999877929794e-01
4.870681629180908523e+00 2.185185194015505927e-01 3.388200302124024788e-01
4.866385154724121698e+00 2.118296861648562845e-01 3.392105789184570730e-01
4.862269439697265661e+00 2.046718835830691474e-01 3.395304031372070597e-01
4.858679180145264453e+00 1.970665216445925960e-01 3.396367187500000107e-01
4.855731735229492863e+00 1.890162515640261831e-01 3.394896621704102113e-01
4.853401985168457777e+00 1.805841016769412222e-01 3.390796966552734881e-01
4.851669921875000568e+00 1.719270944595339967e-01 3.384135742187500684e-01
4.850467929840088566e+00 1.629376173019412288e-01 3.375157852172852024e-01
4.849680080413818928e+00 1.535786199569705024e-01 3.364274520874024343e-01
4.849289855957032103e+00 1.439361143112185548e-01 3.352381439208983460e-01
4.849158630371094070e+00 1.342342424392703182e-01 3.340546722412108815e-01
4.849196319580078907e+00 1.245191812515261953e-01 3.329114837646485192e-01
4.849224300384522124e+00 1.147877550125125101e-01 3.316948623657226536e-01
4.849381828308105824e+00 1.050399923324588092e-01 3.303605194091797648e-01
4.849437103271484695e+00 9.530404567718536724e-02 3.289541168212890554e-01
4.849298171997070916e+00 8.561435222625762842e-02 3.275294799804688850e-01
4.848833923339844532e+00 7.599534511566193029e-02 3.261149902343750684e-01
4.848064727783203409e+00 6.641361713409453527e-02 3.247509307861328187e-01
4.846989326477051385e+00 5.682448863983184661e-02 3.233606643676758541e-01
4.845689926147461080e+00 4.718481540679961284e-02 3.225112838745117783e-01
4.844074630737305043e+00 3.744574069976836644e-02 3.219812316894531401e-01
4.842021999359131357e+00 2.770441532135040075e-02 3.217491836547852202e-01
4.839945030212402521e+00 1.792442798614532484e-02 3.217754287719727380e-01
4.837874488830566477e+00 8.013701438904112517e-03 3.220968551635742250e-01
4.835664615631103835e+00 -2.129969596862492376e-03 3.228712768554689028e-01
4.832996654510498757e+00 -1.262442111968963693e-02 3.238196105957031889e-01
4.829962539672852273e+00 -2.367082118988007161e-02 3.247607727050781934e-01
4.826504039764405007e+00 -3.530202388763398896e-02 3.256741638183594523e-01
4.822621974945068501e+00 -4.753547191619843931e-02 3.264959640502930194e-01
4.818267917633057174e+00 -6.045557498931853485e-02 3.270979614257812917e-01
4.813588619232177734e+00 -7.413004398345918178e-02 3.275484771728516264e-01
4.808735332489014525e+00 -8.863362789154022314e-02 3.277582092285156179e-01
4.803834476470947301e+00 -1.036915349960323973e-01 3.275751800537108904e-01
4.799087791442871342e+00 -1.190352392196652176e-01 3.268290252685547292e-01
4.794593200683594070e+00 -1.340374708175655905e-01 3.252740783691406845e-01
4.790369491577148864e+00 -1.483076810836788939e-01 3.234230728149414258e-01
4.786354694366455220e+00 -1.617909383773800669e-01 3.211542816162108460e-01
4.782591133117676030e+00 -1.744675970077511351e-01 3.186017532348632830e-01
4.778995342254638956e+00 -1.865272092819210692e-01 3.159561843872070730e-01
4.775567588806152841e+00 -1.981852865219112803e-01 3.134137649536132830e-01
4.772309513092041655e+00 -2.096663999557491775e-01 3.111207122802734926e-01
4.769093036651611328e+00 -2.208818578720089520e-01 3.091866989135741983e-01
4.765833015441894638e+00 -2.318586874008175813e-01 3.077375717163086666e-01
4.762036323547364169e+00 -2.426668691635128494e-01 3.070230026245117649e-01
4.758505611419677983e+00 -2.537354421615597988e-01 3.075098724365233904e-01
4.755029926300049503e+00 -2.653310918807980645e-01 3.085436553955078764e-01
4.751598701477051101e+00 -2.776113653182980534e-01 3.100384826660156357e-01
4.748213386535645064e+00 -2.905180120468136562e-01 3.117922134399414569e-01
4.744924583435059517e+00 -3.041587972640988347e-01 3.134166259765625018e-01
4.741495189666748544e+00 -3.185226202011105512e-01 3.148565216064453942e-01
4.737815551757813104e+00 -3.335396718978879682e-01 3.159702224731445463e-01
4.733766212463379475e+00 -3.491231298446652587e-01 3.167837829589843501e-01
4.729175701141357990e+00 -3.650441884994504171e-01 3.173725814819335911e-01
4.723917694091797514e+00 -3.813376760482785066e-01 3.177191085815429528e-01
4.717836532592773580e+00 -3.977165365219113569e-01 3.179431457519531490e-01
4.711189651489258168e+00 -4.138963460922238102e-01 3.180054779052734482e-01
4.703979072570801279e+00 -4.293965291976925003e-01 3.178611297607422115e-01
4.696396522521973260e+00 -4.434394979476925513e-01 3.174518890380859659e-01
4.688595848083496165e+00 -4.556869268417355068e-01 3.169101638793945241e-01
4.680679473876953267e+00 -4.663842916488644130e-01 3.162399978637695508e-01
4.672472991943359411e+00 -4.756234121322628905e-01 3.154921264648438139e-01
4.664258422851562891e+00 -4.837333822250363680e-01 3.148142929077148988e-01
4.656027984619140803e+00 -4.911756277084348143e-01 3.144198913574218768e-01
4.647719764709473012e+00 -4.981495809555052112e-01 3.145676345825195730e-01
4.639208717346192223e+00 -5.046193075180052112e-01 3.153962249755859482e-01
4.630401916503906534e+00 -5.108217000961300380e-01 3.165798492431640687e-01
4.621289062500000711e+00 -5.167707204818722255e-01 3.178564758300781445e-01
4.611934738159179759e+00 -5.221994161605831852e-01 3.187267608642578853e-01
4.602309112548828907e+00 -5.270251226425167745e-01 3.190379257202149432e-01
4.592576065063476598e+00 -5.312573003768917834e-01 3.187558288574219301e-01
4.582331085205078480e+00 -5.348966360092159977e-01 3.181101150512695153e-01
4.571610984802246591e+00 -5.376822805404660732e-01 3.173410339355469123e-01
4.560476112365723367e+00 -5.400563573837277032e-01 3.165380020141601580e-01
4.549722442626953800e+00 -5.424288320541379438e-01 3.157337493896484881e-01
4.539596977233887110e+00 -5.447870016098019796e-01 3.151148529052734126e-01
4.530010604858398793e+00 -5.470265722274777476e-01 3.145985717773437385e-01
4.520852394104004190e+00 -5.489655065536496181e-01 3.141484756469727913e-01
4.512262878417969247e+00 -5.507854986190793278e-01 3.138474960327148899e-01
4.504371719360351634e+00 -5.527472066879269841e-01 3.137238998413086621e-01
4.497152023315430291e+00 -5.552652883529660688e-01 3.137605972290039569e-01
4.490534553527832706e+00 -5.584156179428098055e-01 3.139527053833007786e-01
4.484232177734375213e+00 -5.620176076889035199e-01 3.142723770141602202e-01
4.477969627380371520e+00 -5.660404348373410111e-01 3.151142044067383186e-01
4.471666717529297230e+00 -5.703600454330441938e-01 3.163284225463867116e-01
4.465283508300781357e+00 -5.748706960678098277e-01 3.177945251464844301e-01
4.459020118713379333e+00 -5.796347188949582119e-01 3.194312591552734837e-01
4.452859191894531499e+00 -5.847366476058957208e-01 3.211496276855468901e-01
4.446720809936524077e+00 -5.900079488754269574e-01 3.228441925048828320e-01
4.440600547790527486e+00 -5.952565908432003727e-01 3.244171829223633230e-01
4.434470901489258488e+00 -6.001745748519894397e-01 3.257287902832031179e-01
4.428631095886230717e+00 -6.041291189193722655e-01 3.265692825317383363e-01
4.423056297302246698e+00 -6.077137899398801224e-01 3.272272033691406845e-01
4.417807846069336186e+00 -6.106491231918331763e-01 3.275476379394531845e-01
4.412899818420410902e+00 -6.128585958480832208e-01 3.275537414550782067e-01
4.408218154907227238e+00 -6.144173574447628905e-01 3.273734970092773144e-01
4.403510818481445988e+00 -6.155583333969113502e-01 3.271193618774413947e-01
4.398630905151367898e+00 -6.163947439193723232e-01 3.268920440673828143e-01
4.393557815551758061e+00 -6.170414113998410333e-01 3.268412704467773544e-01
4.388189926147461506e+00 -6.175960683822628861e-01 3.269364089965820508e-01
4.382445678710937820e+00 -6.181796407699582385e-01 3.271872634887695863e-01
4.376410369873047657e+00 -6.187590169906613813e-01 3.275910491943360148e-01
4.370081787109375782e+00 -6.193338918685910022e-01 3.281194610595703498e-01
4.363476409912109943e+00 -6.199414205551144752e-01 3.287035675048828320e-01
4.356528549194336186e+00 -6.204864645004269930e-01 3.293237991333007875e-01
4.349204711914063104e+00 -6.208107137680051180e-01 3.299713821411133230e-01
4.341479873657227095e+00 -6.206795644760129127e-01 3.306288833618163947e-01
4.333424911499023757e+00 -6.196187734603878505e-01 3.312720794677734837e-01
4.325213012695312997e+00 -6.179639577865597699e-01 3.318345184326172426e-01
4.316693115234375711e+00 -6.159382772445676224e-01 3.322676773071289169e-01
4.307970199584961080e+00 -6.134821462631222522e-01 3.325030059814453320e-01
4.299280853271485014e+00 -6.105090475082394219e-01 3.325041503906249751e-01
4.290970764160157103e+00 -6.071029043197628816e-01 3.322648162841796982e-01
4.282915649414062997e+00 -6.033640432357785244e-01 3.317490692138672648e-01
4.275154113769531250e+00 -5.992865133285519841e-01 3.309966964721680061e-01
4.267734222412109979e+00 -5.949089956283566405e-01 3.300333709716797292e-01
4.260693817138672124e+00 -5.901912069320676135e-01 3.288190002441406801e-01
4.254086303710938211e+00 -5.850338125228878861e-01 3.273623580932617516e-01
4.248022918701172657e+00 -5.794786214828487880e-01 3.257523651123047648e-01
4.242639465332031179e+00 -5.736039495468137073e-01 3.240880126953125107e-01
4.237731170654297053e+00 -5.674270009994504260e-01 3.225152130126953676e-01
4.233238067626953871e+00 -5.608968496322629393e-01 3.210887451171875462e-01
4.229057693481445668e+00 -5.539834737777709073e-01 3.200835723876953587e-01
4.225109558105469176e+00 -5.467749929428098454e-01 3.197091598510742871e-01
4.221357650756836222e+00 -5.393632268905637073e-01 3.197599334716797470e-01
4.217732238769531961e+00 -5.317395162582395640e-01 3.201699371337890510e-01
4.214246063232422124e+00 -5.239557027816770240e-01 3.208570404052735192e-01
4.210893478393555434e+00 -5.159601736068722966e-01 3.217715377807617294e-01
4.207670135498046804e+00 -5.077895498275755148e-01 3.228103561401367561e-01
4.204628829956055469e+00 -4.994941091537473676e-01 3.237551040649414569e-01
4.201768951416015696e+00 -4.910836553573606489e-01 3.244300765991211533e-01
4.199175415039062997e+00 -4.824820089340208229e-01 3.248060150146485636e-01
4.196832885742187713e+00 -4.736552572250364301e-01 3.247635192871094478e-01
4.194717559814453267e+00 -4.644668722152708318e-01 3.245880813598632786e-01
4.192841415405274219e+00 -4.548853063583372380e-01 3.243010635375976891e-01
4.191058425903320561e+00 -4.451689291000363591e-01 3.238909835815430016e-01
4.189071960449219034e+00 -4.354675054550168900e-01 3.233886642456055283e-01
4.186768341064453836e+00 -4.259202337265012295e-01 3.227780838012695996e-01
4.184283218383789915e+00 -4.166078329086301824e-01 3.220872802734375817e-01
4.181380310058593786e+00 -4.075450277328488968e-01 3.211451263427734792e-01
4.177943115234375782e+00 -3.987709951400755237e-01 3.200278778076172115e-01
4.174046020507812926e+00 -3.901855230331419677e-01 3.188815612792968990e-01
4.170050506591797657e+00 -3.817614889144895218e-01 3.176976318359375773e-01
4.165681762695312429e+00 -3.734647512435910754e-01 3.165341491699219523e-01
4.160902786254883523e+00 -3.652222585678098210e-01 3.154698867797852690e-01
4.155858230590820490e+00 -3.567624807357785977e-01 3.143606109619141442e-01
4.150657272338867720e+00 -3.483705282211301824e-01 3.130882186889647478e-01
4.145489501953125711e+00 -3.400993871688841597e-01 3.117066497802735148e-01
4.140425567626953018e+00 -3.318901968002317404e-01 3.102986450195313051e-01
4.135496978759766407e+00 -3.237013006210325283e-01 3.089301223754883363e-01
4.130721740722656854e+00 -3.154367208480832740e-01 3.076808090209961488e-01
4.126117935180664276e+00 -3.070573568344114324e-01 3.067795867919922426e-01
4.121651535034180469e+00 -2.985069036483762317e-01 3.063835067749024477e-01
4.117172088623047621e+00 -2.896160650253293833e-01 3.063738555908203098e-01
4.112572326660156818e+00 -2.804475164413450239e-01 3.064980621337890510e-01
4.107545547485352166e+00 -2.710789251327512250e-01 3.066627807617188228e-01
4.102113342285156783e+00 -2.615717458724973188e-01 3.068685455322266442e-01
4.096435623168945384e+00 -2.517254400253293722e-01 3.071531982421875639e-01
4.090555191040039062e+00 -2.415551519393918378e-01 3.074675292968750417e-01
4.084541244506835866e+00 -2.311593770980832352e-01 3.078031463623047692e-01
4.078523178100586399e+00 -2.204554700851437954e-01 3.081785125732422470e-01
4.072452316284180363e+00 -2.096371603012082419e-01 3.084699554443360858e-01
4.066536483764648935e+00 -1.986702489852902598e-01 3.087274093627929705e-01
4.060873413085937855e+00 -1.876614522933957585e-01 3.088692016601563006e-01
4.055457916259766371e+00 -1.765265035629270118e-01 3.090271682739258452e-01
4.050401229858398899e+00 -1.651831388473508355e-01 3.092029876708983771e-01
4.046240310668945739e+00 -1.535049200057981011e-01 3.094176406860352779e-01
4.042632293701172053e+00 -1.416422414779660577e-01 3.096481246948242783e-01
4.039343032836914205e+00 -1.297051763534543822e-01 3.098857421874999796e-01
4.036311111450196165e+00 -1.177219915390012306e-01 3.101891250610352424e-01
4.033473052978516549e+00 -1.055324697494504360e-01 3.106366271972657023e-01
4.030705261230469461e+00 -9.339130878448462236e-02 3.113092727661133097e-01
4.027998199462890838e+00 -8.143368244171117487e-02 3.120169754028320197e-01
4.025322570800781818e+00 -6.973491191863989691e-02 3.128025360107422603e-01
4.022794036865234624e+00 -5.832579135894751937e-02 3.135687561035156445e-01
4.020471878051758097e+00 -4.717433452606176886e-02 3.142044754028320286e-01
4.018456268310547586e+00 -3.627021312713598483e-02 3.146874160766601758e-01
4.016932678222656428e+00 -2.553952693939184199e-02 3.152677078247070330e-01
4.014668350219727344e+00 -1.575773715972875882e-02 3.159513397216797692e-01
4.010203552246093928e+00 -7.795548439025627718e-03 3.166073150634766131e-01
4.004670486450195632e+00 -4.474592208859803910e-04 3.164692230224609437e-01
4.000042648315430327e+00 7.710614204406988914e-03 3.161069412231445330e-01
3.997622146606445881e+00 1.780924320220972357e-02 3.167798156738281801e-01
3.996564941406250515e+00 2.879359722137476985e-02 3.176766510009766398e-01
3.995183486938477024e+00 4.005932331085229614e-02 3.187827987670898144e-01
3.993311691284180398e+00 5.159241199493433405e-02 3.201172943115233593e-01
3.991285476684570455e+00 6.320673465728784968e-02 3.214828033447265643e-01
3.989247512817382990e+00 7.486423015594506625e-02 3.227155227661132608e-01
3.987084503173828676e+00 8.635819911956811590e-02 3.239083023071289702e-01
3.984910964965820312e+00 9.782704830169702825e-02 3.250316925048828409e-01
3.982582778930664702e+00 1.090941762924196867e-01 3.256925888061523722e-01
3.979998703002930238e+00 1.197098779678347213e-01 3.259668655395507875e-01
3.977179641723632919e+00 1.299025964736940930e-01 3.258708114624024876e-01
3.974103927612304688e+00 1.398087644577028776e-01 3.253968734741211621e-01
3.970772705078125409e+00 1.495228433609011309e-01 3.247585983276367605e-01
3.967229309082031641e+00 1.590442895889284669e-01 3.241759414672852335e-01
3.963490219116211577e+00 1.685281038284303923e-01 3.238640518188476980e-01
3.959600524902343821e+00 1.780428743362429400e-01 3.240630264282227113e-01
3.955634689331055220e+00 1.875867891311648050e-01 3.241500778198243005e-01
3.951591644287109517e+00 1.967762899398806109e-01 3.242221374511718990e-01
3.947398605346680078e+00 2.053987550735476286e-01 3.245983810424805105e-01
3.942411727905273722e+00 2.141278791427614903e-01 3.258447570800782067e-01
3.936305770874024113e+00 2.234064531326296343e-01 3.283745117187499840e-01
3.929120635986328658e+00 2.331726312637331655e-01 3.327495880126953853e-01
3.921478042602539738e+00 2.430064249038698387e-01 3.371989364624023988e-01
3.914492340087891264e+00 2.515434122085573598e-01 3.400550384521485725e-01
3.908527145385742863e+00 2.584208154678346858e-01 3.405641098022461621e-01
3.902866287231446130e+00 2.645194673538210361e-01 3.397636718750000062e-01
3.897065963745117489e+00 2.703227090835573776e-01 3.388379211425781579e-01
3.891155242919921875e+00 2.755833673477175449e-01 3.376139755249024654e-01
3.885196380615234979e+00 2.803043794631960295e-01 3.361106796264647922e-01
3.879106140136719283e+00 2.848820734024050672e-01 3.345582122802734926e-01
3.872965240478515980e+00 2.891885995864870718e-01 3.329074401855468546e-01
3.866556015014648739e+00 2.932583284378054156e-01 3.313295288085937873e-01
3.859820709228515945e+00 2.971050691604616989e-01 3.302187652587891264e-01
3.852809906005859819e+00 3.008394289016725898e-01 3.295638198852539613e-01
3.845736389160156588e+00 3.047509050369265338e-01 3.293516464233399166e-01
3.838585052490234517e+00 3.089961481094362639e-01 3.295901412963867516e-01
3.831369323730469123e+00 3.137284326553346769e-01 3.304330749511719123e-01
3.824179763793945863e+00 3.187294244766237794e-01 3.317669219970703631e-01
3.816935882568359695e+00 3.236743783950807862e-01 3.330472488403320996e-01
3.809162139892578569e+00 3.278372049331667593e-01 3.339468688964843945e-01
3.801164169311523899e+00 3.316624689102175005e-01 3.346649856567383008e-01
3.793364791870117436e+00 3.355768823623659913e-01 3.350099105834961621e-01
3.785824813842773917e+00 3.396959543228151857e-01 3.349415130615234215e-01
3.778747406005859677e+00 3.440353631973269155e-01 3.345068283081055194e-01
3.772334442138672195e+00 3.486840677261354715e-01 3.336831207275391398e-01
3.766529541015625426e+00 3.534485101699831322e-01 3.323268432617187962e-01
3.761045074462891158e+00 3.582167673110963624e-01 3.305396194458007919e-01
3.755358123779297230e+00 3.631390237808229671e-01 3.288485260009765820e-01
3.749386596679688211e+00 3.679476785659792082e-01 3.275107498168945419e-01
3.743311157226562713e+00 3.724585199356080789e-01 3.266503829956054483e-01
3.737322692871094088e+00 3.765802812576296010e-01 3.266834945678711577e-01
3.731282043457031961e+00 3.803759241104128219e-01 3.274932022094727557e-01
3.725069122314453196e+00 3.838143396377565741e-01 3.287100143432617472e-01
3.718759155273438033e+00 3.867025613784792482e-01 3.303062362670897700e-01
3.712438201904297408e+00 3.889991235733034625e-01 3.322677917480468812e-01
3.706139831542968999e+00 3.910268259048464423e-01 3.344479675292969523e-01
3.699912261962890803e+00 3.928315591812135965e-01 3.365028305053711088e-01
3.693749694824218999e+00 3.942794275283815764e-01 3.383508987426757653e-01
3.687711791992187571e+00 3.952937936782839334e-01 3.398543853759765643e-01
3.681831970214844318e+00 3.956202554702761276e-01 3.410290832519531357e-01
3.676101531982422177e+00 3.952980661392214157e-01 3.418490142822265820e-01
3.670557861328125338e+00 3.948547601699831655e-01 3.426169128417968501e-01
3.665035705566406676e+00 3.946457147598269044e-01 3.433441085815429616e-01
3.659527587890625711e+00 3.946376657485964334e-01 3.440021438598632741e-01
3.654062042236328800e+00 3.947202539443971925e-01 3.445904083251953853e-01
3.648594818115234784e+00 3.948186731338503286e-01 3.451014251708983682e-01
3.643127899169922301e+00 3.945957803726198310e-01 3.454475708007812562e-01
3.637728271484375497e+00 3.939590692520144044e-01 3.455797882080078320e-01
3.632477416992188068e+00 3.931779718399049939e-01 3.455174179077149521e-01
3.627574920654297319e+00 3.923834466934206233e-01 3.452758712768555505e-01
3.623118743896484695e+00 3.916879892349245385e-01 3.448452301025392019e-01
3.619088287353515732e+00 3.911080789566042104e-01 3.441486663818360547e-01
3.615446166992187571e+00 3.907319116592409269e-01 3.432364196777344389e-01
3.612159881591797017e+00 3.904783105850221925e-01 3.421449966430664125e-01
3.609143218994141034e+00 3.904105234146120207e-01 3.408724899291992738e-01
3.606096191406250373e+00 3.905796670913698754e-01 3.395184631347656357e-01
3.603082275390625533e+00 3.908570337295534380e-01 3.380103607177734615e-01
3.600023956298828764e+00 3.911733102798464201e-01 3.364659805297852690e-01
3.596917724609375533e+00 3.914438867568971747e-01 3.351916046142577876e-01
3.593819274902344318e+00 3.915177774429324242e-01 3.343439025878907067e-01
3.590867309570312749e+00 3.914953088760378397e-01 3.337013168334961311e-01
3.588005523681641051e+00 3.913743066787722102e-01 3.331987686157227291e-01
3.585138092041016300e+00 3.911469888687136298e-01 3.328110046386718590e-01
3.582216796875000497e+00 3.907929849624636187e-01 3.325022811889648544e-01
3.579213714599609908e+00 3.902908182144167459e-01 3.322206420898438095e-01
3.576203155517578836e+00 3.896954584121706255e-01 3.320172042846679661e-01
3.573190460205078800e+00 3.890762948989870407e-01 3.320773620605469434e-01
3.570162200927734730e+00 3.883853769302370584e-01 3.323004837036133141e-01
3.567113800048828498e+00 3.877141427993776590e-01 3.325266189575195597e-01
3.563971557617187980e+00 3.871896600723269133e-01 3.325846786499024876e-01
3.560673828125000107e+00 3.867172861099245629e-01 3.325709838867187962e-01
3.557319030761719070e+00 3.862668085098268644e-01 3.325823516845702876e-01
3.553783416748047319e+00 3.857641458511354982e-01 3.326835556030274255e-01
3.550011291503906818e+00 3.851093149185182973e-01 3.327952880859375018e-01
3.546079864501953338e+00 3.842116403579713957e-01 3.328488845825195996e-01
3.542139587402344247e+00 3.831344842910768822e-01 3.327077407836914746e-01
3.538208007812500444e+00 3.818148279190065608e-01 3.324993438720703631e-01
3.534267578125000142e+00 3.801165628433229582e-01 3.323702163696289347e-01
3.530713958740234748e+00 3.780769777297975365e-01 3.323925704956054439e-01
3.527444152832031499e+00 3.758195734024050161e-01 3.325330276489257830e-01
3.524441528320313211e+00 3.732997751235963557e-01 3.325126190185546671e-01
3.521560211181641087e+00 3.703821039199831078e-01 3.325903625488281223e-01
3.518715667724610086e+00 3.671396875381471858e-01 3.326377792358399255e-01
3.515947113037110050e+00 3.636516618728639627e-01 3.325883407592773455e-01
3.513272247314453534e+00 3.599552011489869918e-01 3.325035781860352646e-01
3.510890655517578729e+00 3.559620141983034225e-01 3.323632354736328898e-01
3.508730621337891264e+00 3.517953729629518800e-01 3.321725006103516398e-01
3.506760101318359801e+00 3.475372171401979737e-01 3.319358749389648144e-01
3.504962615966797479e+00 3.433046197891237439e-01 3.316817398071288947e-01
3.503310852050781854e+00 3.391005182266237372e-01 3.314788360595702921e-01
3.501796112060547195e+00 3.349239397048952016e-01 3.312710113525391131e-01
3.500392150878906428e+00 3.307984399795534380e-01 3.309848327636718546e-01
3.499120178222656641e+00 3.267832422256471414e-01 3.306761474609375417e-01
3.497954254150390963e+00 3.228899812698365901e-01 3.303624267578125773e-01
3.496882934570312962e+00 3.191768693923952016e-01 3.300454254150391176e-01
3.495913391113281588e+00 3.155948305130006903e-01 3.297167892456055460e-01
3.495021820068359819e+00 3.120938539505006548e-01 3.294049377441407023e-01
3.494214324951172124e+00 3.086602830886842619e-01 3.291409988403320996e-01
3.493542175292969176e+00 3.053496599197390027e-01 3.289362640380859570e-01
3.493043823242187873e+00 3.022158288955690275e-01 3.287807006835937740e-01
3.492618560791016069e+00 2.991934442520143844e-01 3.286636657714844256e-01
3.492275543212890909e+00 2.963443613052370029e-01 3.285655517578125462e-01
3.492040252685547408e+00 2.936453104019167704e-01 3.284887237548828054e-01
3.491900024414062997e+00 2.910543107986452438e-01 3.284535140991211577e-01
3.491836700439453267e+00 2.885457849502565120e-01 3.284185333251953276e-01
3.491910705566406925e+00 2.860932207107546033e-01 3.283565063476562296e-01
3.492106628417968928e+00 2.837179040908816008e-01 3.282750244140625329e-01
3.492391510009765998e+00 2.814132547378542237e-01 3.281457061767578676e-01
3.492749328613281357e+00 2.791844415664674894e-01 3.279569168090820108e-01
3.493180389404296982e+00 2.770209932327272750e-01 3.277191467285156534e-01
3.493728179931641087e+00 2.748932504653932574e-01 3.274180908203124796e-01
3.494293518066406534e+00 2.727778291702272484e-01 3.270498199462891220e-01
3.494662933349609979e+00 2.707015466690065320e-01 3.266312713623047426e-01
3.494787445068359588e+00 2.686658525466921188e-01 3.261812133789063761e-01
3.494775848388671946e+00 2.666609048843385787e-01 3.256864852905273500e-01
3.494654235839844247e+00 2.646550989151003619e-01 3.251519317626953010e-01
3.494441070556641105e+00 2.626731538772584806e-01 3.245869369506836355e-01
3.494149475097656499e+00 2.607044458389284891e-01 3.239911193847656579e-01
3.493790740966796982e+00 2.587642717361452460e-01 3.233745498657226713e-01
3.493368072509765998e+00 2.568335580825807929e-01 3.227603454589843546e-01
3.492860260009766016e+00 2.549218606948854826e-01 3.221525115966796804e-01
3.492287139892578551e+00 2.530348062515260787e-01 3.215540618896485237e-01
3.491651611328125071e+00 2.511709833145143733e-01 3.209525985717772700e-01
3.490953674316406463e+00 2.493158578872682885e-01 3.203447265625000151e-01
3.490135345458984517e+00 2.474620676040651945e-01 3.197119064331055416e-01
3.489106597900391016e+00 2.457174348831178967e-01 3.191021652221679439e-01
3.488195495605468821e+00 2.439204645156862472e-01 3.185591430664063139e-01
3.487294769287109908e+00 2.420809793472292193e-01 3.180446166992187962e-01
3.486407775878906712e+00 2.401744699478151612e-01 3.175865097045897922e-01
3.485588073730469194e+00 2.381426477432253275e-01 3.172132034301757830e-01
3.484893646240234677e+00 2.359629678726198332e-01 3.169351501464844345e-01
3.484322509765625409e+00 2.336182641983034491e-01 3.167637939453125107e-01
3.483881072998046946e+00 2.311011171340944526e-01 3.167045135498046671e-01
3.483547973632813211e+00 2.284082651138307773e-01 3.167475433349609126e-01
3.483264312744140945e+00 2.255560731887819581e-01 3.168748779296874929e-01
3.483018341064453516e+00 2.224958276748659480e-01 3.170933074951172159e-01
3.482814331054687962e+00 2.192925405502321734e-01 3.173928756713867427e-01
3.482575683593750249e+00 2.159678316116335206e-01 3.177285308837890510e-01
3.482246093750000604e+00 2.125332975387575485e-01 3.181041259765625684e-01
3.481775817871094247e+00 2.090329885482790362e-01 3.185997314453125062e-01
3.481240844726563033e+00 2.054725122451784569e-01 3.189836044311523677e-01
3.480638427734375373e+00 2.018346071243288520e-01 3.191590042114258452e-01
3.479922180175781588e+00 1.981651163101198765e-01 3.192575378417968901e-01
3.479114074707031712e+00 1.943954324722292348e-01 3.193297119140625639e-01
3.478274383544922355e+00 1.904859972000124413e-01 3.193714065551758186e-01
3.477449035644531783e+00 1.864018011093142024e-01 3.193427200317383585e-01
3.476634979248047319e+00 1.821044874191286300e-01 3.192285842895508097e-01
3.475760955810547337e+00 1.774672937393190764e-01 3.190233917236328098e-01
3.474945983886719159e+00 1.723924779891969905e-01 3.187327499389648322e-01
3.474237213134766300e+00 1.667602682113649704e-01 3.183829421997070863e-01
3.473638763427734588e+00 1.604490137100222091e-01 3.179832382202149033e-01
3.473205261230469354e+00 1.535206079483034391e-01 3.175954742431641442e-01
