1.593110828575151350e-01 1.056406789627934439e-01 -3.125321073532105198e-01 1.931780262168902029e-01 -4.191038457480424778e-02 -3.449359245300293586e-01 -2.555961578268095558e-01 7.845264701931793649e-02 -3.207317323684693022e-01 -2.347369188413150620e-01 -7.492460122986698001e-02 -3.390291042327881477e-01
1.593110828575151350e-01 1.056406789627934439e-01 -3.125321073532105198e-01 1.931780262168902029e-01 -4.191038457480424778e-02 -3.449359245300293586e-01 -2.555961578268095558e-01 7.845264701931793649e-02 -3.207317323684693022e-01 -2.347369188413150620e-01 -7.492460122986698001e-02 -3.390291042327881477e-01
1.524227498558199945e-01 9.208357640514580611e-02 -3.192948598861694021e-01 1.999220174339458866e-01 -5.345791987170965542e-02 -3.390443058013915545e-01 -2.577086650913412713e-01 2.285059094065643864e-02 -3.269918365478517441e-01 -2.223750474401602339e-01 -1.284335742268009617e-01 -3.321831150054933568e-01
1.523288514332898635e-01 9.232758001231758382e-02 -3.192488021850584667e-01 1.998227479176649946e-01 -5.323565240955741018e-02 -3.390928335189818399e-01 -2.577501167263647752e-01 2.303902546047629021e-02 -3.269280071258545139e-01 -2.225102196628314655e-01 -1.282635188590209308e-01 -3.321338863372803041e-01
1.522587339672469009e-01 9.257581584467869384e-02 -3.192051286697388246e-01 1.997355406078724915e-01 -5.301598865971585139e-02 -3.391442985534668386e-01 -2.577918662550792717e-01 2.325883153118521451e-02 -3.268679828643799579e-01 -2.226198067603663566e-01 -1.280471504957804985e-01 -3.321058578491211666e-01
1.521953090102521611e-01 9.283529330548467851e-02 -3.191686697006226869e-01 1.996428187758767514e-01 -5.278512142840204729e-02 -3.392055053710938406e-01 -2.578345667415480880e-01 2.351071317875260205e-02 -3.268164987564088353e-01 -2.227241361607378567e-01 -1.278003787389650203e-01 -3.320909805297852513e-01
1.521365694946154867e-01 9.311591745093508732e-02 -3.191392917633057991e-01 1.995611300414907308e-01 -5.254275869652583891e-02 -3.392754001617432902e-01 -2.578906061953812889e-01 2.395336193675802472e-02 -3.267859525680544275e-01 -2.228246979528996641e-01 -1.275287730848648216e-01 -3.320994062423708315e-01
1.520864045224445682e-01 9.339726170519851989e-02 -3.191244382858277051e-01 1.994709260068194823e-01 -5.229297724743819237e-02 -3.393576784133912061e-01 -2.579918254371829645e-01 2.459902604889180680e-02 -3.267745943069458869e-01 -2.229132741653304384e-01 -1.272198186941994325e-01 -3.321315641403199126e-01
1.520539660106184909e-01 9.370143363757404975e-02 -3.191197700500488788e-01 1.994045519481187634e-01 -5.202505256848065363e-02 -3.394481773376465394e-01 -2.580422585455015017e-01 2.486839618917380257e-02 -3.268097276687622621e-01 -2.229682437720215682e-01 -1.268720816965404063e-01 -3.322094602584839684e-01
1.520468741145602765e-01 9.402762241855291969e-02 -3.191343994140625751e-01 1.993503409114349700e-01 -5.173911647304862971e-02 -3.395518798828125462e-01 -2.580677718682483635e-01 2.486481212490044765e-02 -3.268680305480957671e-01 -2.230007191019939272e-01 -1.264853292374623905e-01 -3.323136348724365918e-01
1.520483892265162007e-01 9.439746819598300587e-02 -3.191576213836669895e-01 1.993137700858916561e-01 -5.141970862286467797e-02 -3.396569604873657111e-01 -2.581408104863996966e-01 2.532547656540789019e-02 -3.269546861648559566e-01 -2.229973512970283844e-01 -1.260297630264961000e-01 -3.324562330245972031e-01
1.520481385917595019e-01 9.479410984855060618e-02 -3.191929502487183545e-01 1.992627382011346038e-01 -5.107190272469155912e-02 -3.397635383605957515e-01 -2.582258825038088457e-01 2.584184927988958380e-02 -3.270324249267577699e-01 -2.229982997235206710e-01 -1.255244316506627933e-01 -3.326011962890624840e-01
1.520376448488998666e-01 9.523268174126348073e-02 -3.192413539886474472e-01 1.992075667239002756e-01 -5.069002486274042790e-02 -3.398647422790527228e-01 -2.583268186986186765e-01 2.640982910936680653e-02 -3.270988292694091970e-01 -2.229936926160998312e-01 -1.249661276388627784e-01 -3.327508945465088019e-01
1.520101394179747267e-01 9.570006498644610671e-02 -3.192810792922974317e-01 1.991329421523502785e-01 -5.027905336072191478e-02 -3.399544830322266398e-01 -2.584372629385630615e-01 2.701750683042944759e-02 -3.271314926147461666e-01 -2.229957258484989435e-01 -1.243671360878728371e-01 -3.328799552917481308e-01
1.519658899731454182e-01 9.617885279481255822e-02 -3.193001241683960378e-01 1.990337610668959922e-01 -4.984163975889840253e-02 -3.400255126953125595e-01 -2.585473040223835173e-01 2.764055615632250718e-02 -3.271194858551025875e-01 -2.230128146585363957e-01 -1.237511863813707119e-01 -3.329789371490479155e-01
1.518827757075517093e-01 9.669734037290023121e-02 -3.193106145858766176e-01 1.989020628169268223e-01 -4.937455141176773366e-02 -3.400805253982545073e-01 -2.586801452119679157e-01 2.829207725650564886e-02 -3.270467538833618515e-01 -2.230571620179890580e-01 -1.231035459578887631e-01 -3.330331344604492427e-01
1.517852927031607124e-01 9.721242601987603593e-02 -3.193167037963867139e-01 1.987406149687859225e-01 -4.890242688539745558e-02 -3.401201696395874108e-01 -2.588219666392885809e-01 2.894230453065618769e-02 -3.269352693557738276e-01 -2.231352630235176049e-01 -1.224674244619902430e-01 -3.330565471649168940e-01
1.516429564994658807e-01 9.774303066715807342e-02 -3.193131465911865918e-01 1.985423705619666357e-01 -4.841932284846697104e-02 -3.401425905227661861e-01 -2.589847729949282806e-01 2.957340186834139101e-02 -3.267975540161133230e-01 -2.232438830267373664e-01 -1.218457204998752846e-01 -3.330504961013794341e-01
1.514587646741801519e-01 9.827638172500949287e-02 -3.192988986968993692e-01 1.983071533460552260e-01 -4.792499614364277571e-02 -3.401535959243774387e-01 -2.591709348055356577e-01 3.017508920872844641e-02 -3.266467256546020104e-01 -2.234039181639080329e-01 -1.212576059945950357e-01 -3.330184192657470454e-01
1.512516201443046271e-01 9.884743878319454669e-02 -3.192798395156859481e-01 1.980599697536786497e-01 -4.739988329932500605e-02 -3.401600284576414834e-01 -2.593727752615870297e-01 3.075434659405912319e-02 -3.265094394683836776e-01 -2.235743655241192729e-01 -1.206709054481498455e-01 -3.329742975234984415e-01
1.510365828284177259e-01 9.946162989997742176e-02 -3.192078847885131965e-01 1.978107527502926122e-01 -4.682972904777651241e-02 -3.401156110763549623e-01 -2.595827979242247285e-01 3.132819975280385499e-02 -3.263707561492920073e-01 -2.237454013602418190e-01 -1.201079909764155018e-01 -3.328937501907348606e-01
1.508243822144441915e-01 1.000881332937656049e-01 -3.192129106521607307e-01 1.975638841675687596e-01 -4.624877313933990070e-02 -3.401477403640748021e-01 -2.597977323957956775e-01 3.184889255036500028e-02 -3.263571853637695086e-01 -2.239300189511768679e-01 -1.195917263102293515e-01 -3.328984136581420450e-01
1.506109462558652690e-01 1.007319050084167222e-01 -3.192362232208252326e-01 1.973455653964902856e-01 -4.565492055310677727e-02 -3.402038307189941824e-01 -2.600077228441119437e-01 3.231589714342286007e-02 -3.264306468963623087e-01 -2.241079571751017352e-01 -1.191327383378548987e-01 -3.329403657913208026e-01
1.504018669342381265e-01 1.013814355868447592e-01 -3.192942876815794695e-01 1.971355095123629164e-01 -4.504799251374119046e-02 -3.402997512817381720e-01 -2.602204126817556640e-01 3.274287069511723491e-02 -3.265887613296508674e-01 -2.242942496304857480e-01 -1.187109940660200924e-01 -3.330330057144165190e-01
1.501827873903909538e-01 1.020434214070840423e-01 -3.193449420928954341e-01 1.969266838747653903e-01 -4.442715964760350633e-02 -3.403944225311278937e-01 -2.604332361535814377e-01 3.314067391608425256e-02 -3.267825813293455672e-01 -2.244916002637503960e-01 -1.183189249907706936e-01 -3.331363697052000528e-01
1.499687427812053109e-01 1.027141723923592764e-01 -3.193925065994262513e-01 1.967263111405803955e-01 -4.379869076682038620e-02 -3.404881639480590305e-01 -2.606500478434112256e-01 3.351611885491058429e-02 -3.269956369400023877e-01 -2.246887020480752284e-01 -1.179468259003221831e-01 -3.332470817565917898e-01
1.497510921169270814e-01 1.033942367321717126e-01 -3.194447727203371112e-01 1.965350276638018756e-01 -4.316087038452758734e-02 -3.405865545272829253e-01 -2.608666459637494772e-01 3.387419834796735058e-02 -3.272216005325317978e-01 -2.248944513547670998e-01 -1.175800887738342460e-01 -3.333663482666016642e-01
1.495451407045638170e-01 1.040770303146240777e-01 -3.194981784820556947e-01 1.963517813295634351e-01 -4.251415620881341534e-02 -3.406781501770019815e-01 -2.610684584505328920e-01 3.423878588140568530e-02 -3.274586505889893195e-01 -2.250810406990633172e-01 -1.172039853916971297e-01 -3.334968109130859726e-01
1.493429851359838745e-01 1.047678160661112134e-01 -3.195540781021118382e-01 1.961676921672339535e-01 -4.185489511552942937e-02 -3.407638616561889933e-01 -2.612579878474587392e-01 3.458780237887240649e-02 -3.276860876083373397e-01 -2.252735040804470235e-01 -1.168406360716267578e-01 -3.336227340698241228e-01
1.491280891297908917e-01 1.054512359922157860e-01 -3.196026010513305926e-01 1.959835578797904931e-01 -4.120033718893655744e-02 -3.408339662551879701e-01 -2.614398296625699003e-01 3.492400104501805491e-02 -3.278928108215332093e-01 -2.254760132346941004e-01 -1.164894154658245029e-01 -3.337278051376342813e-01
1.489166938228347892e-01 1.061364172987252358e-01 -3.196417207717895947e-01 1.957946235103346921e-01 -4.054260644395058649e-02 -3.408907289505005433e-01 -2.616150956003638339e-01 3.526278262543996317e-02 -3.280634088516235503e-01 -2.256889753031163792e-01 -1.161402433021964942e-01 -3.338078184127807879e-01
1.486918142679169164e-01 1.068319602128705859e-01 -3.196721763610840261e-01 1.955968435647921777e-01 -3.987512444289111752e-02 -3.409281368255615563e-01 -2.617664615666180916e-01 3.561329329389101295e-02 -3.281615705490112944e-01 -2.259041541541031706e-01 -1.157798710913290341e-01 -3.338500471115112833e-01
1.484547777873372887e-01 1.075334085474102114e-01 -3.196941204071044318e-01 1.953861742717122318e-01 -3.919081935786319915e-02 -3.409507627487181614e-01 -2.619038885072605960e-01 3.597534443318359948e-02 -3.281919784545898611e-01 -2.261476463650564928e-01 -1.154012181608104204e-01 -3.338584299087524743e-01
1.481990385781385422e-01 1.082493474540014711e-01 -3.197092981338500728e-01 1.951624174843884507e-01 -3.848809456260007117e-02 -3.409644432067870934e-01 -2.620392604481470711e-01 3.636048645720740130e-02 -3.281812639236451057e-01 -2.263958736566535346e-01 -1.150146024783009757e-01 -3.338474817276002038e-01
1.479558885426716097e-01 1.089681737699692426e-01 -3.197141618728637780e-01 1.949539354176718364e-01 -3.777811071489404343e-02 -3.409633750915527228e-01 -2.621623429367250790e-01 3.675629345192665820e-02 -3.281314725875853489e-01 -2.266483052326578873e-01 -1.146160301817621963e-01 -3.338179178237913880e-01
1.477025287251919894e-01 1.096982087382268878e-01 -3.197100181579589639e-01 1.947450091939423589e-01 -3.705333239946848739e-02 -3.409541292190551576e-01 -2.622762467379043394e-01 3.716545851939663525e-02 -3.280467529296873797e-01 -2.269050855041619408e-01 -1.141991028712429634e-01 -3.337725181579588307e-01
1.474520423861417073e-01 1.104386299682622030e-01 -3.197039861679076278e-01 1.945323646517667926e-01 -3.632025064697218253e-02 -3.409400577545165234e-01 -2.624361910668647213e-01 3.873545907850494546e-02 -3.279424209594725692e-01 -2.271445707448675466e-01 -1.137479516859526696e-01 -3.337246437072752814e-01
1.472320198628849219e-01 1.111767213945484833e-01 -3.196923418045044540e-01 1.943511604878849219e-01 -3.559019297312730062e-02 -3.409172887802124352e-01 -2.625772297648797937e-01 4.062978083838644783e-02 -3.278330726623534530e-01 -2.273579926682377517e-01 -1.132857078793746280e-01 -3.336781997680663414e-01
1.470204894162303044e-01 1.118968487279558555e-01 -3.196757574081421360e-01 1.941979796506049238e-01 -3.487655062507153542e-02 -3.408885116577148877e-01 -2.626711103791442015e-01 4.233592780572366376e-02 -3.277186079025269372e-01 -2.275501069627258177e-01 -1.128127059638726337e-01 -3.336281032562256610e-01
1.468193107949014864e-01 1.126093637809298387e-01 -3.196576614379882941e-01 1.940610100136519467e-01 -3.416856743244905958e-02 -3.408551664352417188e-01 -2.627480817557801829e-01 4.379569592024022684e-02 -3.276195306777955341e-01 -2.277205301017123096e-01 -1.123461773310371198e-01 -3.335918684005738655e-01
1.466369694374969612e-01 1.133234266935948809e-01 -3.196374816894532733e-01 1.939436100624974957e-01 -3.345909741529182885e-02 -3.408194942474366829e-01 -2.628126580090613396e-01 4.498406121131572760e-02 -3.275374336242677376e-01 -2.278653560972487557e-01 -1.118570539907520617e-01 -3.335615034103395216e-01
1.464932938073054136e-01 1.140452947257030586e-01 -3.196166725158691713e-01 1.938617020104309030e-01 -3.274290565271498893e-02 -3.407833213806152339e-01 -2.628588531507927706e-01 4.572815364766812107e-02 -3.274948425292968923e-01 -2.279623428154733122e-01 -1.113582861422608428e-01 -3.335578031539916943e-01
1.463731421968513247e-01 1.147616445045151756e-01 -3.196139545440673246e-01 1.938160132906008581e-01 -3.202364907458638693e-02 -3.407681341171263645e-01 -2.628964190695634584e-01 4.589815397463764546e-02 -3.275207681655883940e-01 -2.280117247277894110e-01 -1.108278697000907170e-01 -3.336171169281006432e-01
1.463025248332547601e-01 1.154888586619383650e-01 -3.196084756851195197e-01 1.938181498332545993e-01 -3.129384092302257142e-02 -3.407494325637816512e-01 -2.629353319271702238e-01 4.534054663021717252e-02 -3.276170463562009805e-01 -2.279906470060110713e-01 -1.102587005971094464e-01 -3.337241430282590904e-01
1.462248954265163714e-01 1.162177392508123991e-01 -3.195487232208251704e-01 1.938252372233912058e-01 -3.056541809782040153e-02 -3.406753702163695663e-01 -2.629621375144349238e-01 4.406714806798595063e-02 -3.276495809555055594e-01 -2.279326760360409210e-01 -1.096664864358277147e-01 -3.337810440063478379e-01
1.461438525986327175e-01 1.169506249025121791e-01 -3.194605560302735126e-01 1.938298877548827459e-01 -2.983180765364012305e-02 -3.405601091384888313e-01 -2.629520781536440754e-01 4.230324495099660465e-02 -3.276123447418213264e-01 -2.278585736538866480e-01 -1.090449379751014802e-01 -3.337884111404419429e-01
1.460705029700208879e-01 1.176849826268371313e-01 -3.193543548583985259e-01 1.938375928137710813e-01 -2.910024228771364296e-02 -3.404135055541993027e-01 -2.629730530765188035e-01 4.261467809646340976e-02 -3.275375957489014556e-01 -2.277605969940239561e-01 -1.084156985658204647e-01 -3.337710828781128569e-01
1.459779923629931364e-01 1.184013351280580328e-01 -3.192366523742677376e-01 1.938461564254936875e-01 -2.837976228405136164e-02 -3.402475566864014977e-01 -2.629872962821879767e-01 4.318970711740451746e-02 -3.274060792922975360e-01 -2.276725132385667982e-01 -1.078028154354637724e-01 -3.337096519470216238e-01
1.458889475948595693e-01 1.191212328872622850e-01 -3.191072483062744047e-01 1.938547679073600871e-01 -2.766903505707370148e-02 -3.400598402023315425e-01 -2.629813856317037568e-01 4.377911493486477679e-02 -3.272238273620605709e-01 -2.275673422229927689e-01 -1.071888805199572858e-01 -3.336155385971069642e-01
1.457682217506836853e-01 1.198389914190339106e-01 -3.189674015045166899e-01 1.938504971413082811e-01 -2.695444272403252350e-02 -3.398660202026367871e-01 -2.629879129832087270e-01 4.438111213418594742e-02 -3.269900770187378347e-01 -2.274765660019436031e-01 -1.065735505463507315e-01 -3.334713716506958470e-01
1.456139616344213072e-01 1.205672126861957461e-01 -3.188187046051026430e-01 1.938212370250457783e-01 -2.622088088069882139e-02 -3.396743316650391864e-01 -2.629981691336415461e-01 4.495660996473421767e-02 -3.267248315811157600e-01 -2.274297651328674175e-01 -1.059735803169331858e-01 -3.332806320190429550e-01
1.454438370552683102e-01 1.213174063796410851e-01 -3.186513586044311674e-01 1.937797745552682083e-01 -2.546843651586676305e-02 -3.394772119522094789e-01 -2.629854309189514905e-01 4.550514379827893391e-02 -3.264383096694947750e-01 -2.273919249725114000e-01 -1.054083827729147549e-01 -3.330620260238648656e-01
1.452607665202906295e-01 1.220933571370608622e-01 -3.184707040786743382e-01 1.937297606609158229e-01 -2.469258494057588460e-02 -3.392822904586792476e-01 -2.629641834166788761e-01 4.606320345317631293e-02 -3.261379976272583137e-01 -2.273736429988640340e-01 -1.048497930064951622e-01 -3.328248424530029781e-01
1.450961154154319366e-01 1.228715154474555593e-01 -3.182690687179566824e-01 1.936954806498070170e-01 -2.391853124443897582e-02 -3.390765447616578832e-01 -2.629140499092469385e-01 4.659520125578366784e-02 -3.258641834259033976e-01 -2.273355337751442329e-01 -1.043002951737646011e-01 -3.325904006958008141e-01
1.449293658074523317e-01 1.236462953165174961e-01 -3.180593318939209380e-01 1.936622759637017521e-01 -2.315340255945904507e-02 -3.388741512298584224e-01 -2.628750149253902824e-01 4.708894788286751426e-02 -3.256218404769896657e-01 -2.273191505301758175e-01 -1.037886208160893053e-01 -3.323690910339354709e-01
1.447650600921899511e-01 1.244138275164127228e-01 -3.178411312103271991e-01 1.936356655609390298e-01 -2.239369811835292823e-02 -3.386719198226929017e-01 -2.628224013716982665e-01 4.753956857390029267e-02 -3.254275293350220033e-01 -2.273171619739605409e-01 -1.033151297984114952e-01 -3.321928186416626683e-01
1.445905416987018355e-01 1.251594150337826949e-01 -3.176225156784058257e-01 1.935924948237017218e-01 -2.165141412881497335e-02 -3.384713287353515732e-01 -2.627645647635713511e-01 4.793987706143349597e-02 -3.252265090942383363e-01 -2.273279093551681118e-01 -1.028723062695429541e-01 -3.320562524795532822e-01
1.444110701681940445e-01 1.258743442006149404e-01 -3.174037141799926909e-01 1.935558455588190507e-01 -2.094306912946319182e-02 -3.382708234786987456e-01 -2.627392336537507367e-01 4.832588825137549421e-02 -3.251152153015136603e-01 -2.273805914269992901e-01 -1.024733003780843449e-01 -3.319613952636718546e-01
1.442114201495544590e-01 1.265539007440550090e-01 -3.171798009872437984e-01 1.935234318683039245e-01 -2.027123353328871141e-02 -3.380671854019166589e-01 -2.627270565745737363e-01 4.868372958511712340e-02 -3.249958534240725005e-01 -2.274658161899346664e-01 -1.020923885583073093e-01 -3.318945426940920207e-01
1.440123227444078946e-01 1.272320370770256837e-01 -3.169171352386474516e-01 1.935057309475335940e-01 -1.959735440246648808e-02 -3.378346986770629501e-01 -2.627696364752634683e-01 4.905270622620655496e-02 -3.248036308288573815e-01 -2.275649451150398850e-01 -1.017332189290909572e-01 -3.318265552520751616e-01
1.437914545652892728e-01 1.279157849898307220e-01 -3.166120548248291255e-01 1.934735834715395064e-01 -1.890072807169269897e-02 -3.375719852447510161e-01 -2.628668642867517669e-01 4.950835717759850818e-02 -3.245130176544189782e-01 -2.277003002364628714e-01 -1.013776840493372522e-01 -3.317223854064941801e-01
1.435767841696467539e-01 1.286122288442952954e-01 -3.162693996429443710e-01 1.934600849508968101e-01 -1.818955185638833350e-02 -3.372742719650268506e-01 -2.629971221906368117e-01 5.007566818933621711e-02 -3.241502065658569687e-01 -2.278275740035857755e-01 -1.010268390876393890e-01 -3.315751333236694465e-01
1.433349411740441615e-01 1.293194959959176604e-01 -3.158863325119019572e-01 1.934218552365440658e-01 -1.747916428240268993e-02 -3.369324941635132853e-01 -2.632001770229062676e-01 5.051471771613324363e-02 -3.237993402481079697e-01 -2.280062102491074161e-01 -1.007140272612696008e-01 -3.313458652496338863e-01
1.430392100491533203e-01 1.300347385485744189e-01 -3.154676074981688227e-01 1.933275401272789851e-01 -1.677236746949196944e-02 -3.365502996444701411e-01 -2.634721487259427675e-01 5.077759604021506862e-02 -3.235433835983275164e-01 -2.282405315655019196e-01 -1.004264345401652825e-01 -3.310434932708739009e-01
1.426476628850905370e-01 1.307656041202641117e-01 -3.150511140823364920e-01 1.931371648382159412e-01 -1.606181897543902670e-02 -3.361642236709595499e-01 -2.638411403633794672e-01 5.089226826299682316e-02 -3.233697481155397568e-01 -2.285640288172093582e-01 -1.001533793827252827e-01 -3.306799669265748642e-01
1.422072481766152030e-01 1.314981217392204582e-01 -3.146608800888061608e-01 1.928842501297404199e-01 -1.536271047513500243e-02 -3.357822818756103778e-01 -2.642547762423280155e-01 5.083215714192172024e-02 -3.233228607177734415e-01 -2.289543419988050998e-01 -9.991279875090161577e-02 -3.302748842239380256e-01
1.417130308935667937e-01 1.322177713508213004e-01 -3.143088312149047159e-01 1.926060972998165088e-01 -1.469143122486223085e-02 -3.354250879287719034e-01 -2.646342150631599277e-01 5.066537173815399003e-02 -3.232876462936402073e-01 -2.293695120199586157e-01 -9.968168277622976858e-02 -3.298418588638306614e-01
1.410924144145637715e-01 1.329553718604846724e-01 -3.140371198654174911e-01 1.922269358989388000e-01 -1.400114059068721661e-02 -3.351522178649902761e-01 -2.648712980219250501e-01 5.056439421120354633e-02 -3.231521863937378281e-01 -2.298629476793485060e-01 -9.946544776434128321e-02 -3.294202632904053019e-01
1.403853359911951815e-01 1.336826212442769612e-01 -3.138396854400634095e-01 1.917642422411954262e-01 -1.330607962242223719e-02 -3.349548454284667076e-01 -2.649735739735601947e-01 5.114076970495379237e-02 -3.229720754623413570e-01 -2.303951528606552890e-01 -9.923927790804022708e-02 -3.290471334457397701e-01
1.394407763880179396e-01 1.343774151368041236e-01 -3.137124414443971387e-01 1.911666064661430020e-01 -1.262062410880135377e-02 -3.348462553024293409e-01 -2.655692454676601977e-01 5.323853220865577829e-02 -3.229895372390747532e-01 -2.310401231255052590e-01 -9.903059104805733703e-02 -3.287751932144165057e-01
1.383461119749879731e-01 1.349861364233868322e-01 -3.136764926910399764e-01 1.905270201781133765e-01 -1.199291325923036722e-02 -3.348171157836913325e-01 -2.667878084479495260e-01 5.499351714662270574e-02 -3.231418151855470211e-01 -2.317550524271090040e-01 -9.885422433297647027e-02 -3.286663885116578587e-01
1.372696520826167110e-01 1.355114206978657032e-01 -3.137924642562866517e-01 1.898575427076166777e-01 -1.147108510047419039e-02 -3.349199409484863166e-01 -2.681957297033786825e-01 5.621575470991434925e-02 -3.232731981277466859e-01 -2.325709198243416098e-01 -9.869137249386494837e-02 -3.288173265457154382e-01
1.363393850779099081e-01 1.359542302313797857e-01 -3.140312833786009228e-01 1.890910940622854142e-01 -1.107847698297569072e-02 -3.351289148330687251e-01 -2.693720802205807341e-01 5.682674843443392271e-02 -3.231771249771118182e-01 -2.335960035296555659e-01 -9.851934286225180748e-02 -3.291826744079589528e-01
1.357798225855575136e-01 1.362685596361540852e-01 -3.143776006698608128e-01 1.882656624293083947e-01 -1.089802056404126640e-02 -3.354374094009399121e-01 -2.698229381246053382e-01 5.691345415712752154e-02 -3.227089710235596653e-01 -2.348135283655375938e-01 -9.835758419727873292e-02 -3.297563858032227513e-01
1.357102935233812369e-01 1.364686894290171315e-01 -3.146977014541625928e-01 1.873079497733812770e-01 -1.094555617645164014e-02 -3.357140274047851758e-01 -2.691380599012521690e-01 5.649078303910546467e-02 -3.215941495895385804e-01 -2.362486903049620945e-01 -9.820936535966259817e-02 -3.303969545364379701e-01
1.355349819074866680e-01 1.366691908862142368e-01 -3.147640199661255189e-01 1.862749721418616722e-01 -1.112642526368812224e-02 -3.357386846542358971e-01 -2.668494587850743227e-01 5.504808040968297428e-02 -3.191260261535643905e-01 -2.377890521421371639e-01 -9.798269228291295319e-02 -3.307670660018920405e-01
1.346140795381539634e-01 1.367842938762474647e-01 -3.144512100219726825e-01 1.851968432100288553e-01 -1.153906275217049526e-02 -3.354404087066650830e-01 -2.622636019126503015e-01 5.816477289349875068e-02 -3.138918037414550333e-01 -2.393738026232921368e-01 -9.769926958278450646e-02 -3.305919952392577521e-01
1.331968862188788738e-01 1.367297821879858433e-01 -3.138025207519531956e-01 1.840328237188786631e-01 -1.223954001660405161e-02 -3.349068517684937185e-01 -2.535759026637952607e-01 6.258645898303862032e-02 -3.066284484863280868e-01 -2.410644371057005797e-01 -9.743831829750390638e-02 -3.300354452133178462e-01
1.316577618706407660e-01 1.365331780236049286e-01 -3.128452510833740208e-01 1.826697247612660002e-01 -1.310232002327013645e-02 -3.341036434173584313e-01 -2.422440573544117626e-01 6.730707028025252614e-02 -3.015644044876099050e-01 -2.428800594256687873e-01 -9.729186189036620469e-02 -3.291229362487793075e-01
1.302993310702283414e-01 1.360341041713100108e-01 -3.115531845092773811e-01 1.809780420077280738e-01 -1.416514509626812246e-02 -3.329911727905274232e-01 -2.264310141276551225e-01 7.355586770838143384e-02 -2.974000234603882409e-01 -2.449470634596541130e-01 -9.721412165079666712e-02 -3.278406448364258319e-01
1.296086746228751474e-01 1.357479887495432469e-01 -3.097998828887939538e-01 1.790425125135000628e-01 -1.550153059860127219e-02 -3.314420623779296693e-01 -2.068120896855094037e-01 8.048315263398278518e-02 -2.936106081008910129e-01 -2.472456305021124567e-01 -9.724182787826984864e-02 -3.259950323104857106e-01
1.299811951000149346e-01 1.356078953880805460e-01 -3.076305360794067689e-01 1.768019958812649395e-01 -1.704936932139211603e-02 -3.293980188369751150e-01 -1.970984777952000666e-01 8.803863699744482463e-02 -2.963380022048950346e-01 -2.498511079942773716e-01 -9.733544811503257177e-02 -3.236451454162598274e-01
1.317848735372132429e-01 1.352224279361678438e-01 -3.049701852798462065e-01 1.742094340840880384e-01 -1.877407017174229781e-02 -3.269039554595947750e-01 -1.925739778066169472e-01 9.304588052275974963e-02 -2.999598426818846919e-01 -2.528927549048805012e-01 -9.748641782145932300e-02 -3.211086673736571750e-01
1.355665687610195236e-01 1.343288449464531964e-01 -3.010092086791992805e-01 1.711449379016447003e-01 -2.075748165266794870e-02 -3.239991588592530114e-01 -1.941049834285578923e-01 9.456110397796393952e-02 -3.020413942337037971e-01 -2.564581951523316472e-01 -9.757242228255344485e-02 -3.185014553070070198e-01
1.434797594327421599e-01 1.317109415531013128e-01 -2.903186101913451389e-01 1.674096910733674781e-01 -2.299695181848068065e-02 -3.206260890960692667e-01 -2.026245350824217029e-01 9.550963157443971563e-02 -3.026160497665404403e-01 -2.606696575704631202e-01 -9.803014737836730774e-02 -3.156386871337889533e-01
1.554374670061006714e-01 1.268775053977422018e-01 -2.777130670547485192e-01 1.629381994279759938e-01 -2.536464395528518351e-02 -3.171098871231078919e-01 -2.095324134776045677e-01 9.517886546663656411e-02 -3.002435846328734836e-01 -2.654635441162059850e-01 -9.895229719805379021e-02 -3.125128145217895281e-01
1.741509639206194060e-01 1.195574034182316780e-01 -2.656310195922851891e-01 1.575723506393694462e-01 -2.785620894749098880e-02 -3.138819665908814116e-01 -2.153006098766333531e-01 9.452759028013930920e-02 -2.982449741363525919e-01 -2.717166285993288244e-01 -1.001390049647698649e-01 -3.096685523986816846e-01
1.986202068002686782e-01 1.082925749529821957e-01 -2.552954311370850826e-01 1.511414470346434114e-01 -3.041554730043576418e-02 -3.112712974548341172e-01 -2.216084677154421811e-01 9.350524402498563981e-02 -2.969434375762941003e-01 -2.786874971504850751e-01 -1.012855119273570470e-01 -3.064795846939088464e-01
2.257431153267000223e-01 9.266293409018525051e-02 -2.480855102539062385e-01 1.440736817329494879e-01 -3.310823747963893837e-02 -3.093415231704711443e-01 -2.289175616740014574e-01 9.220730288667607077e-02 -2.958831806182861679e-01 -2.842540515910740306e-01 -1.026380921490310100e-01 -3.019426889419556392e-01
2.557833010616064051e-01 7.982710424963475326e-02 -2.444812889099120534e-01 1.354729255170813995e-01 -3.545982560856743987e-02 -3.083113737106322194e-01 -2.368306423714218178e-01 9.092616981651444052e-02 -2.952744216918945508e-01 -2.884579907256351605e-01 -1.041803415214641593e-01 -2.968412036895751727e-01
2.859165633383189964e-01 7.638391293332857934e-02 -2.445194740295410230e-01 1.255755888489072380e-01 -3.871300526173820922e-02 -3.081843919754028160e-01 -2.455302415986782560e-01 8.985677811726736075e-02 -2.955924053192137690e-01 -2.903887075811102392e-01 -1.055220008604186854e-01 -2.911210889816283065e-01
3.160885495384904709e-01 7.199317200330043742e-02 -2.469164581298828876e-01 1.143059769605286324e-01 -4.220950528031604948e-02 -3.080928344726563406e-01 -2.549676556228228641e-01 8.928972382285609022e-02 -2.962278146743775320e-01 -2.869698307378344415e-01 -1.059784242617797245e-01 -2.836959762573242894e-01
3.440503281635892141e-01 6.727405099343629347e-02 -2.511793823242187695e-01 1.025677841922537636e-01 -4.493145165562932586e-02 -3.084983749389648144e-01 -2.650264045556059989e-01 8.923187721826980612e-02 -2.974743766784667676e-01 -2.747082793055565797e-01 -1.054539795983855388e-01 -2.766393346786498730e-01
3.644608015746736984e-01 6.369461460314848611e-02 -2.575960893630981907e-01 9.165765912118170600e-02 -4.659989567084647094e-02 -3.092612094879150786e-01 -2.757274216187211024e-01 8.998956878720444641e-02 -2.993137187957763956e-01 -2.501103655090296529e-01 -1.038583022389250737e-01 -2.713193769454956272e-01
3.734965389394764301e-01 6.082501075557379677e-02 -2.674024076461790633e-01 8.028912367401321026e-02 -4.769839953161183338e-02 -3.096285600662230242e-01 -2.871290721573752647e-01 9.142621201982684132e-02 -3.011447782516479821e-01 -2.178115778021785520e-01 -1.011446834856635502e-01 -2.699536724090576545e-01
3.731237607428980474e-01 5.857915022656157156e-02 -2.800768060684205585e-01 6.913157366493903611e-02 -4.842608868349788237e-02 -3.090197963714600982e-01 -2.990019826986651807e-01 9.329436499138483996e-02 -3.024223775863648656e-01 -1.814551741628434023e-01 -9.769023796055208153e-02 -2.742169733047486457e-01
3.650305115803049727e-01 5.696891189796980670e-02 -2.919542903900146369e-01 5.941610603700125254e-02 -4.887623503602096797e-02 -3.071490402221679350e-01 -3.113886429804845202e-01 9.545623177732784348e-02 -3.028823585510253547e-01 -1.437488275972326757e-01 -9.323790210569052328e-02 -2.784598989486694043e-01
3.515455538091479815e-01 5.632117794732428157e-02 -2.999144239425660108e-01 5.202796599343469802e-02 -4.907373448820495643e-02 -3.045105094909668630e-01 -3.245139373281881734e-01 9.783782918396928541e-02 -3.023963518142701035e-01 -1.095163829390758958e-01 -8.768545626172358221e-02 -2.807112498283387270e-01
3.371241713021538855e-01 5.641830147033378984e-02 -3.030571098327636825e-01 4.666566502163894958e-02 -4.912184674099084880e-02 -2.982454938888549623e-01 -3.377071444543632284e-01 1.007614965275735741e-01 -3.011021919250488343e-01 -8.377375375181098094e-02 -8.172825100540584420e-02 -2.813828368186950257e-01
3.220416093317831630e-01 5.740590715746896056e-02 -3.028703851699828808e-01 4.939206536947553239e-02 -4.887933633335517225e-02 -2.817242403030395526e-01 -3.500381881031926490e-01 1.046071030748250141e-01 -2.988578672409057391e-01 -7.481090025167137780e-02 -7.593011129479129706e-02 -2.830076880455016930e-01
3.064632634012917634e-01 5.890278384650714238e-02 -3.012107915878295961e-01 6.400236036056448918e-02 -4.816610429007729677e-02 -2.717998523712158443e-01 -3.640230021635449953e-01 1.089665808698459248e-01 -2.957671804428099183e-01 -8.058405022555473196e-02 -7.031318605942958599e-02 -2.843764538764952388e-01
2.907229581887658676e-01 6.121391112150009056e-02 -2.991520185470580295e-01 9.076173726382426310e-02 -4.654756229615616969e-02 -2.596114892959593967e-01 -3.774440249878528442e-01 1.220595488872278644e-01 -2.916703958511353001e-01 -9.453947249229920080e-02 -6.545260421221157920e-02 -2.828671092987061209e-01
2.749136389336071518e-01 6.373460691524206190e-02 -2.964858884811403250e-01 1.181235126391715906e-01 -4.418693815704795996e-02 -2.472332496643068200e-01 -3.880274152765522122e-01 1.363681460477232654e-01 -2.857477397918702922e-01 -1.107827726012958758e-01 -6.042746631724547901e-02 -2.804594821929933257e-01
2.591451693823241254e-01 6.626464548839010316e-02 -2.934425754547119181e-01 1.539332999016012060e-01 -4.049368771232354086e-02 -2.375588817596435698e-01 -3.948614982604252144e-01 1.477560497663293615e-01 -2.787096662521361123e-01 -1.252261919958073400e-01 -5.489411375972048923e-02 -2.776259346008299600e-01
2.431640130059327387e-01 6.863644706976854137e-02 -2.903191347122192068e-01 1.861595722977259226e-01 -3.598735798666860553e-02 -2.322353668212890354e-01 -3.984771450752981337e-01 1.534549371869317336e-01 -2.717567033767699924e-01 -1.391313101072536307e-01 -4.988628404068926048e-02 -2.770062823295592613e-01
2.274450752892535899e-01 7.022786057166691132e-02 -2.877929229736328476e-01 2.184792755478512094e-01 -3.763189127343449097e-02 -2.298449916839599982e-01 -3.956817332539283028e-01 1.572677916320093239e-01 -2.659965248107910574e-01 -1.534436491196738139e-01 -4.517832761651987411e-02 -2.766628141403198460e-01
2.124005670414841895e-01 7.064503525553164631e-02 -2.860706110000609814e-01 2.506639787098287053e-01 -4.067237732580909759e-02 -2.312886257171631044e-01 -3.841546245867059062e-01 1.586911231978547498e-01 -2.620862741470336710e-01 -1.680477923458883749e-01 -4.041632337803311575e-02 -2.771016592979430593e-01
1.978942356805172553e-01 7.013714277172035383e-02 -2.850661487579346232e-01 2.861153750534066731e-01 -4.579903142084348205e-02 -2.355300350189209746e-01 -3.644404784589773127e-01 1.568456205997523778e-01 -2.602484006881713441e-01 -1.827913264439612051e-01 -3.577353784494283206e-02 -2.784682197570800266e-01
1.838873868347582763e-01 6.883510398152381526e-02 -2.846927614212036994e-01 3.236989653583186577e-01 -5.501612970986077822e-02 -2.402799673080445175e-01 -3.391492520442921377e-01 1.522234783357128141e-01 -2.586376066207885516e-01 -1.975129704108054551e-01 -3.126992766003730551e-02 -2.805816192626953143e-01
1.704172734887292040e-01 6.692657954957560718e-02 -2.848435802459717836e-01 3.633498943501295431e-01 -7.918596785007568639e-02 -2.486337203979493427e-01 -3.108854088703011387e-01 1.453659929934557893e-01 -2.580731029510496821e-01 -2.123044168725855274e-01 -2.701354196544512171e-02 -2.833386845588682923e-01
1.572973084855758541e-01 6.478644804829766790e-02 -2.853569669723511337e-01 3.787146281708906881e-01 -9.615707310567711552e-02 -2.442468233108521236e-01 -2.787147721452024052e-01 1.427021100529745345e-01 -2.585326738357544563e-01 -2.274347899304599852e-01 -2.299014514408895954e-02 -2.868637914657593546e-01
1.441308838164093997e-01 6.250755511975669698e-02 -2.859905881881713019e-01 3.807871923290204186e-01 -1.139132629080725490e-01 -2.707367486953734526e-01 -2.453184646313625317e-01 1.397236629239176353e-01 -2.592494602203368470e-01 -2.427777744810948879e-01 -1.909472037391113375e-02 -2.907096309661864608e-01
1.312624522399035432e-01 6.025021080910573923e-02 -2.869455547332763201e-01 3.736097077182110593e-01 -1.267209494977564743e-01 -2.933000702857970765e-01 -2.120363565242648352e-01 1.362354081936346106e-01 -2.612546033859252659e-01 -2.581209454698696892e-01 -1.481283050123069489e-02 -2.940212173461914102e-01
1.195723347243301121e-01 5.810844177024944435e-02 -2.878323192596435876e-01 3.703652921505729556e-01 -1.264048372801957199e-01 -2.925153942108154603e-01 -1.804288124855577269e-01 1.318587924635009623e-01 -2.650567455291747421e-01 -2.728738292087913297e-01 -9.953794238010585382e-03 -2.962813110351561474e-01
1.094995459808710409e-01 5.619997866758674743e-02 -2.885611982345581694e-01 3.545343779150301744e-01 -1.271874953735541436e-01 -2.951861758232117161e-01 -1.488236542113403060e-01 1.265111364387714599e-01 -2.684942407608032489e-01 -2.875868340447695348e-01 -5.017873635860176096e-03 -2.980303115844726847e-01
1.013856282464329905e-01 5.602539870996344623e-02 -2.890432758331297758e-01 3.365782551995577521e-01 -1.252375331137670356e-01 -2.998283143043516952e-01 -1.187815037485496356e-01 1.222405113576444657e-01 -2.705490870475769083e-01 -3.024031029861314335e-01 -5.699989030130275802e-04 -2.997312183380126949e-01
9.481686376218889656e-02 5.778322493013571259e-02 -2.889619846343994825e-01 3.218476254809387038e-01 -1.199397288662509553e-01 -3.027916665077209912e-01 -9.467864513331447629e-02 1.171709711274886989e-01 -2.713181490898132764e-01 -3.169369184781876680e-01 3.382818436782689120e-03 -3.009872074127197816e-01
9.032799785485819133e-02 5.881724650249103153e-02 -2.882653875350951744e-01 3.064097849642329341e-01 -1.176813344301260861e-01 -3.055907673835753791e-01 -7.646325244122989528e-02 1.129189945291911995e-01 -2.708843035697936497e-01 -3.310364905311597994e-01 6.770251066687493768e-03 -3.017346687316894149e-01
8.906841600721814023e-02 5.915423755941329881e-02 -2.860267944335938006e-01 2.927446855384686075e-01 -1.164335691422468816e-01 -3.073734636306763579e-01 -6.637144112685963715e-02 1.078224279141489356e-01 -2.723221321105958048e-01 -3.446635630636600833e-01 9.627304900749047989e-03 -3.021493358612061253e-01
9.187699453776929093e-02 5.723558946591119495e-02 -2.790711326599120135e-01 2.796379808658943644e-01 -1.156072526361396069e-01 -3.088356466293334379e-01 -6.455160610690018064e-02 1.019683944074057241e-01 -2.762452573776245091e-01 -3.571581261979341337e-01 1.156691090690950552e-02 -3.026568431854248509e-01
1.007400644485985652e-01 5.352106186950314481e-02 -2.710535926818848362e-01 2.668452890579724457e-01 -1.149948072711218933e-01 -3.104466505050659797e-01 -6.799056656985193181e-02 9.893392561076690128e-02 -2.800019736289978689e-01 -3.695355820057938945e-01 1.298902829902447154e-02 -3.031547660827637602e-01
1.181539387318109036e-01 5.064083338484150210e-02 -2.652337570190429483e-01 2.542220539661860790e-01 -1.141152625013889810e-01 -3.121030683517456161e-01 -7.558229072870363552e-02 9.998121646715815714e-02 -2.830284829139709246e-01 -3.822863318118252529e-01 1.412200842780980681e-02 -3.034570426940917942e-01
1.400167996377271462e-01 4.701588843528589634e-02 -2.598684711456299423e-01 2.419945828408523736e-01 -1.131118276291671609e-01 -3.134831447601318932e-01 -8.624548623313459117e-02 1.026458450190239347e-01 -2.861616964340209512e-01 -3.944830388386278974e-01 1.489612667943238100e-02 -3.028372974395751593e-01
1.655655226477349418e-01 4.318492410964635403e-02 -2.563824005126953409e-01 2.299595805709593599e-01 -1.122168412511127394e-01 -3.142771430015564027e-01 -9.911086623935047579e-02 1.045928086964791059e-01 -2.914399595260620535e-01 -4.053302139440689844e-01 1.521198319232930363e-02 -3.009687395095825280e-01
1.935198718054841061e-01 4.137012668257345621e-02 -2.543850631713867605e-01 2.178887090233688206e-01 -1.120728919729016837e-01 -3.151024289131164613e-01 -1.129605469624478525e-01 1.060447084359456282e-01 -2.979099745750427575e-01 -4.139704409605878821e-01 1.514532460552379944e-02 -2.986022920608520370e-01
2.221551367217933504e-01 3.928395326315000519e-02 -2.541719074249266797e-01 2.057532833354647483e-01 -1.117806717635874553e-01 -3.161308832168578387e-01 -1.256942464515511115e-01 1.071750275930549168e-01 -3.017897243499755300e-01 -4.195368345163749124e-01 1.488524212176473016e-02 -2.960436315536498775e-01
2.511175299109817960e-01 3.618189080458500406e-02 -2.558314628601074392e-01 1.934457182206724968e-01 -1.115100270542117855e-01 -3.168813247680664080e-01 -1.367538717426367012e-01 1.080628615294074168e-01 -3.031813449859620535e-01 -4.216741574902966860e-01 1.461818233777036069e-02 -2.937202997207642996e-01
2.803564270798016289e-01 3.256492337898754530e-02 -2.585060806274414036e-01 1.807743727603529915e-01 -1.114574966211724499e-01 -3.177869124412536772e-01 -1.481240921258093479e-01 1.085718062982604787e-01 -3.037328548431396658e-01 -4.195456752196626837e-01 1.475053782224372556e-02 -2.917102737426758297e-01
3.092415190677010317e-01 2.890969189560335662e-02 -2.624464817047118537e-01 1.691496829120412160e-01 -1.108400297538433832e-01 -3.180977602005004012e-01 -1.596139696166096467e-01 1.089228779600436431e-01 -3.039904947280884229e-01 -4.115186260606150670e-01 1.531273997593059211e-02 -2.903658361434937052e-01
3.351882613988271808e-01 2.562271847211656378e-02 -2.676797504425049157e-01 1.576529647849821414e-01 -1.099108456650461224e-01 -3.178009767532349317e-01 -1.708166520638134123e-01 1.094130114189482000e-01 -3.040349740982055127e-01 -3.971090071877327876e-01 1.676761972340639478e-02 -2.895889110565185165e-01
3.565805809227051149e-01 2.306128685697087649e-02 -2.732061882019043431e-01 1.464512227882455719e-01 -1.086880577081737465e-01 -3.178177804946900054e-01 -1.815273878148409847e-01 1.100852056224957132e-01 -3.039196271896362767e-01 -3.761868407653501389e-01 1.751708508951699966e-02 -2.880855817794800156e-01
3.729032786249704690e-01 2.146292984764938336e-02 -2.780073757171629967e-01 1.355969518444618549e-01 -1.072005003396522826e-01 -3.179504508972167409e-01 -1.920387644519615244e-01 1.108119387605265294e-01 -3.040770835876465128e-01 -3.497207260384574412e-01 5.296013774730538859e-03 -2.876750297546387114e-01
3.842879733590303659e-01 2.084109899129732088e-02 -2.830913848876953631e-01 1.247376871450721764e-01 -1.065977893903713447e-01 -3.180375022888184411e-01 -2.023741912075062988e-01 1.113772383042752889e-01 -3.043772048950196263e-01 -3.174673319259281312e-01 -5.635979673353774810e-03 -2.873358173370362256e-01
3.880070590647716755e-01 2.102735506705915441e-02 -2.891683597564697616e-01 1.138594007936941516e-01 -1.063772479439140939e-01 -3.182216424942017063e-01 -2.128103777653261586e-01 1.117217554003874513e-01 -3.048064918518066935e-01 -2.811244765286764480e-01 -1.488942552983091999e-02 -2.862920446395874619e-01
3.850297909526680384e-01 2.162211413701059862e-02 -2.952744455337524276e-01 1.025585450265486670e-01 -1.065893772663281530e-01 -3.184087629318237411e-01 -2.236800429529098300e-01 1.118744586648425521e-01 -3.053903121948242094e-01 -2.424123218160798565e-01 -2.282837016437610014e-02 -2.849952573776245446e-01
3.778635502502038501e-01 2.253180356342414717e-02 -2.997929544448852957e-01 9.086229481376255357e-02 -1.068502690662652688e-01 -3.181368036270142419e-01 -2.349501531656396636e-01 1.120264871080177693e-01 -3.059677190780640266e-01 -2.029868955614452797e-01 -2.929933580262997911e-02 -2.846462793350220122e-01
3.680720079549630319e-01 2.360011060982247777e-02 -3.031710691452025319e-01 7.905104979360741413e-02 -1.069192464424358058e-01 -3.174253911972044762e-01 -2.466349844993976914e-01 1.121408378700774061e-01 -3.065977020263672137e-01 -1.641057883813099583e-01 -3.462004155114313531e-02 -2.834480733871460045e-01
3.568675170519167716e-01 2.518350791950348458e-02 -3.058469409942625727e-01 6.754641459200885767e-02 -1.068748267713620081e-01 -3.164089555740355331e-01 -2.586904428307885140e-01 1.122988873039521968e-01 -3.073265142440795850e-01 -1.275253634644319123e-01 -3.903860777929096804e-02 -2.826572198867797758e-01
3.445918217747310774e-01 2.736532136704860826e-02 -3.081662387847902140e-01 5.654991655725377653e-02 -1.068458517309999189e-01 -3.148624725341798714e-01 -2.711596671884684007e-01 1.126259943645861877e-01 -3.082449741363526008e-01 -9.471398028113899026e-02 -4.257524358207841891e-02 -2.841262454986572816e-01
3.316316628384246568e-01 3.004023074585322750e-02 -3.099483222961425533e-01 4.750391181856537109e-02 -1.067561104407759170e-01 -3.118819684982299667e-01 -2.841432283350607824e-01 1.130899185449028566e-01 -3.089717407226563184e-01 -6.730234595235284889e-02 -4.511910714455852345e-02 -2.843755145072937585e-01
3.185114257276626115e-01 3.277527679453030168e-02 -3.110510225296020392e-01 5.376961760108824734e-02 -1.090941926523902594e-01 -3.068901081085205207e-01 -2.976082264911044661e-01 1.135823762712226681e-01 -3.092808599472046116e-01 -4.978398338004619283e-02 -4.654905599057909682e-02 -2.857064433097839529e-01
3.055244065810125420e-01 3.575973107816816932e-02 -3.113263244628905468e-01 6.325474578084182287e-02 -1.119613042262685432e-01 -3.014654846191405224e-01 -3.109740339696254185e-01 1.141553765116380958e-01 -3.088885469436645770e-01 -3.987851829173453405e-02 -4.733972941851693345e-02 -2.848929162025451989e-01
2.922261803418304549e-01 3.879363215561373868e-02 -3.109920711517333847e-01 7.629646010598606365e-02 -1.156900552457994363e-01 -2.976941652297973029e-01 -3.237109197150248030e-01 1.146622448939416117e-01 -3.078463096618653250e-01 -3.967731154334214888e-02 -4.742895481532857088e-02 -2.835985226631165257e-01
2.784781048187126018e-01 4.212450399272606172e-02 -3.100344963073730642e-01 9.266364250894182364e-02 -1.189641925595282812e-01 -2.933607215881347541e-01 -3.362952707527727125e-01 1.151356500231735247e-01 -3.061008186340331005e-01 -4.765927368141920084e-02 -4.688850357212209080e-02 -2.854798693656920294e-01
2.643200712640048078e-01 4.550896525677462084e-02 -3.086170310974121755e-01 1.139874069743312263e-01 -1.211188802802093123e-01 -2.864283676147461599e-01 -3.495125753737733376e-01 1.162959601654976333e-01 -3.037832708358764178e-01 -5.976003571736615561e-02 -4.601183721648474667e-02 -2.890791435241698570e-01
2.498355411431335826e-01 4.921011464039753286e-02 -3.070317764282228246e-01 1.415116628275121524e-01 -1.211458263256233181e-01 -2.752246875762940914e-01 -3.622711784456898454e-01 1.186651310166864232e-01 -3.007456512451171515e-01 -7.147325956396306801e-02 -4.506205437335369934e-02 -2.896816296577452987e-01
2.353385292533799744e-01 5.268790261114739137e-02 -3.052098436355589750e-01 1.651887233294054291e-01 -1.032792264355231887e-01 -2.350229091644286950e-01 -3.739458016025488107e-01 1.215951002689822924e-01 -2.969818325042724028e-01 -8.214348511894783988e-02 -4.395411741135983597e-02 -2.878391571044920938e-01
2.208695710853061378e-01 5.535928221690874368e-02 -3.038399238586426132e-01 1.797693063621228493e-01 -1.086919809089571254e-01 -2.352568836212158565e-01 -3.842668356153425280e-01 1.249635125397670909e-01 -2.928924579620360569e-01 -9.402745703457038307e-02 -4.233083519151432939e-02 -2.872643084526061430e-01
2.063163574210372386e-01 5.798551075425387863e-02 -3.021506328582763690e-01 2.131718319130807560e-01 -1.072943004430723518e-01 -2.335972328186035063e-01 -3.918375637632717789e-01 1.279919157481559100e-01 -2.884116382598876926e-01 -1.063779504444724855e-01 -4.026239033816420704e-02 -2.867755217552184765e-01
1.916769803514712378e-01 6.017611901250444900e-02 -3.005189962387085911e-01 2.443840527535159346e-01 -1.070902916476103861e-01 -2.349350090026856575e-01 -3.963425801004690774e-01 1.305745015668450526e-01 -2.838235635757447306e-01 -1.196551823766306422e-01 -3.733576350918441089e-02 -2.869356627464295095e-01
1.771195988390401876e-01 6.193223601269620682e-02 -2.990164060592651607e-01 2.863729205139808887e-01 -1.045783730076167012e-01 -2.426098747253417898e-01 -3.977596303841886005e-01 1.322388145074949173e-01 -2.791161794662475604e-01 -1.337938179744825040e-01 -3.285220704407545989e-02 -2.878969140052795583e-01
1.627568844509076074e-01 6.313837161114248253e-02 -2.976801128387451256e-01 3.097212430817766204e-01 -1.100562641555150600e-01 -2.477341766357422093e-01 -3.942051379744106465e-01 1.325158067243827620e-01 -2.751257772445678818e-01 -1.482599201404212197e-01 -2.659822415776280299e-02 -2.893000168800354266e-01
1.486573282746037894e-01 6.380334314915299398e-02 -2.966619033813476802e-01 3.374462267774891999e-01 -1.172614222605363188e-01 -2.586761398315430283e-01 -3.844949846306675578e-01 1.318690462719301071e-01 -2.726776189804077655e-01 -1.627997139587044062e-01 -1.852347308912956347e-02 -2.912123961448669918e-01
1.349008762703310105e-01 6.399811341399072595e-02 -2.960101575851442068e-01 3.724150836262978270e-01 -1.311057959703401388e-01 -2.680797119140626572e-01 -3.658419094516761616e-01 1.384137629041108375e-01 -2.714570970535278849e-01 -1.767959349282720583e-01 -9.342455232657816133e-03 -2.928780002593994736e-01
1.215084968753387812e-01 6.364555352142166333e-02 -2.954172677993773255e-01 3.866408938922837879e-01 -1.377132267728017057e-01 -2.744830913543699902e-01 -3.406829763617904572e-01 1.456183150808032234e-01 -2.711486740112304950e-01 -1.902996481735270695e-01 5.134081318804856187e-04 -2.941072721481323149e-01
1.083304400655914629e-01 6.315953528228653024e-02 -2.947575874328614565e-01 3.873706786924158707e-01 -1.432560160658236659e-01 -2.852711219787598673e-01 -3.114355336469162294e-01 1.490444992216578279e-01 -2.709845657348632919e-01 -2.033736365885164821e-01 1.078632942118776250e-02 -2.952305431365966903e-01
9.546746908590225678e-02 6.243630126876964503e-02 -2.938168783187865563e-01 3.820438219264377100e-01 -1.435867173042915113e-01 -3.001403684616087975e-01 -2.799458556773234963e-01 1.492385926598713275e-01 -2.703131313323974827e-01 -2.173552784015657935e-01 1.755721015557934472e-02 -2.961515111923218035e-01
8.263927639178099416e-02 6.137301097688850626e-02 -2.924206275939940647e-01 3.743592652254936759e-01 -1.427219524133698236e-01 -3.085941309928892928e-01 -2.483687267582137537e-01 1.470196943704590309e-01 -2.699851150512695419e-01 -2.324635444454737077e-01 2.199363546489962323e-02 -2.968065567016601736e-01
7.017350324244478466e-02 6.012643783380727802e-02 -2.904211826324463730e-01 3.631848594680034403e-01 -1.409952883143986979e-01 -3.130053586959839484e-01 -2.169841497930032337e-01 1.420046177141170152e-01 -2.710589475631713374e-01 -2.478533258966712782e-01 2.665996991963130724e-02 -2.973264617919921249e-01
6.051850184516616160e-02 5.903730102184591433e-02 -2.883412094116211133e-01 3.496814117502240471e-01 -1.383604015047218139e-01 -3.151326270103455007e-01 -1.863322015899012141e-01 1.338159013942313846e-01 -2.726937646865845166e-01 -2.634345471865394694e-01 3.146822204255689259e-02 -2.977175874710083492e-01
5.314086724371644421e-02 5.788386193886128905e-02 -2.861274547576904137e-01 3.339246886927725311e-01 -1.354330624888932244e-01 -3.159365363121032222e-01 -1.562984366025654270e-01 1.227383476060813772e-01 -2.736921854019165878e-01 -2.793717489502274831e-01 3.625115051669426658e-02 -2.978520507812500995e-01
4.846166046536588834e-02 5.701821338454231280e-02 -2.830067272186280181e-01 3.183617138682566794e-01 -1.320595859207555622e-01 -3.157664031982422848e-01 -1.268240251543675257e-01 1.104794829151412999e-01 -2.732659788131714951e-01 -2.953954152448588499e-01 4.085148655240916638e-02 -2.978426141738892419e-01
4.776962232764539462e-02 5.682541013033298727e-02 -2.792287654876708936e-01 3.028100969777470231e-01 -1.284408510086834099e-01 -3.152497692108154337e-01 -9.949706728471116590e-02 9.837514232170244122e-02 -2.700026435852050932e-01 -3.113699274937490324e-01 4.521752077560015071e-02 -2.978767223358154137e-01
5.229025379166989812e-02 5.737904299589582230e-02 -2.751495761871337598e-01 2.873072156582890946e-01 -1.249271346443843189e-01 -3.146834750175475648e-01 -7.746741062909348607e-02 8.787514838189330879e-02 -2.667923707962035484e-01 -3.265536267550420702e-01 4.906996842872400622e-02 -2.978469867706298180e-01
6.567551461091963860e-02 5.914282145158934745e-02 -2.705348510742188739e-01 2.722380388264341033e-01 -1.217026738777242101e-01 -3.143073911666871556e-01 -6.022011128489869469e-02 7.921910653284011672e-02 -2.652591390609741473e-01 -3.418773853201821922e-01 5.243294359609949884e-02 -2.978739089965820597e-01
9.092812600006694446e-02 6.261321826360766174e-02 -2.649809331893920872e-01 2.572726495004153957e-01 -1.188561074070570156e-01 -3.142499084472656357e-01 -4.807132145685065472e-02 7.281791185667818578e-02 -2.658478660583495912e-01 -3.573459291708676044e-01 5.567610147024680545e-02 -2.972848052978515621e-01
1.202637552482865579e-01 6.677142300057249680e-02 -2.607089252471924690e-01 2.423014405395119975e-01 -1.164910701875149085e-01 -3.140552492141724383e-01 -4.222389741973703314e-02 6.898648872903689888e-02 -2.688579936027526429e-01 -3.720377252482092723e-01 5.855922462610121948e-02 -2.958359069824218479e-01
1.516753871214662486e-01 7.122117195287057390e-02 -2.598827571868896902e-01 2.272944035570092780e-01 -1.143884044999453481e-01 -3.140067620277405269e-01 -4.701847533936864831e-02 6.893547935096963619e-02 -2.722119755744933922e-01 -3.852041487522241958e-01 6.048062536024340075e-02 -2.937496776580810209e-01
1.842371742449717686e-01 7.528295329632937738e-02 -2.619664974212647657e-01 2.122680347523030753e-01 -1.125832090771957811e-01 -3.140851469039918076e-01 -5.843162232778716797e-02 7.058642175202717306e-02 -2.751574273109436697e-01 -3.967789977947182578e-01 6.119021355904802340e-02 -2.913842649459839618e-01
2.171293084168000598e-01 7.898400442094394291e-02 -2.654194850921630655e-01 1.971243035950028255e-01 -1.111342405737646977e-01 -3.143022794723510094e-01 -7.344459074489671779e-02 7.258105528825897768e-02 -2.789474053382874352e-01 -4.068013215493336276e-01 6.075075940950417502e-02 -2.888134593963623820e-01
2.493912549602451123e-01 8.298779421165625170e-02 -2.678707332611083292e-01 1.818033310607926611e-01 -1.098266716045871033e-01 -3.145477457046507719e-01 -8.942348570898206450e-02 7.375819409700189178e-02 -2.818338556289672892e-01 -4.174850139943543370e-01 5.228736940882235812e-02 -2.857085151672363321e-01
2.831687122488033004e-01 8.733249149972899250e-02 -2.710996217727659752e-01 1.662540361469229677e-01 -1.087468728716437932e-01 -3.146475048065184299e-01 -1.052471592233450437e-01 7.353670261198334834e-02 -2.836206765174865696e-01 -4.257827746358723298e-01 3.956079844794073430e-02 -2.822125883102417077e-01
3.147227288003526247e-01 9.152054375858462154e-02 -2.746665639877319265e-01 1.505266644301282153e-01 -1.079810332301620324e-01 -3.145338983535766464e-01 -1.216264299793320125e-01 7.157936721341964792e-02 -2.847908134460448992e-01 -4.301681521363140415e-01 2.301292096039863483e-02 -2.786456651687622132e-01
3.418677763169267192e-01 9.509131205324158898e-02 -2.763505859375000595e-01 1.346288728699286952e-01 -1.076631867896011285e-01 -3.142149848937988987e-01 -1.378823600247345293e-01 6.776217261705182182e-02 -2.855932326316834025e-01 -4.259330178487064633e-01 3.253757001277932104e-03 -2.763564701080322705e-01
3.604864592108748544e-01 9.703374264535520599e-02 -2.783336610794066024e-01 1.188433786411652177e-01 -1.078810591076221764e-01 -3.134770412445067045e-01 -1.539604810586227557e-01 6.235243696488556447e-02 -2.858359904289244358e-01 -4.110341164718630536e-01 -1.759700754516791560e-02 -2.756175966262816024e-01
3.709462594769928900e-01 9.762667992651313797e-02 -2.832649202346802508e-01 1.034781335370087291e-01 -1.084455538261902829e-01 -3.124775333404541944e-01 -1.695573351061805123e-01 5.584421634896258313e-02 -2.860768814086914746e-01 -3.878479655375258739e-01 -3.672848158395550233e-02 -2.751303739547730220e-01
3.746128387264083814e-01 9.712461395377544604e-02 -2.898107929229736812e-01 8.840561150017768599e-02 -1.089673720428202680e-01 -3.113293857574463419e-01 -1.845175832307713037e-01 4.890841405815569976e-02 -2.869247121810913903e-01 -3.585679270254151785e-01 -5.212382814732412217e-02 -2.743694610595703853e-01
3.715071337770429749e-01 9.608330238938295187e-02 -2.963147230148315825e-01 7.375364008086819634e-02 -1.099763446574714559e-01 -3.098771018981933967e-01 -1.990101571153123361e-01 4.302132881939686043e-02 -2.881408472061157688e-01 -3.244104209541606165e-01 -6.270332787387813966e-02 -2.741491909027100049e-01
3.601849693343369130e-01 9.477778294681585280e-02 -3.020894403457641264e-01 6.069210116135177746e-02 -1.117959597102706898e-01 -3.077723665237426798e-01 -2.137371167295588070e-01 4.234444344138136446e-02 -2.897583217620848250e-01 -2.874194463707184233e-01 -6.833674049162616337e-02 -2.759835786819456738e-01
3.448981104631345662e-01 9.406034083017400516e-02 -3.059540910720826012e-01 4.863870678263293446e-02 -1.134134643486274241e-01 -3.049595136642456739e-01 -2.288580342782670363e-01 4.137660194999805141e-02 -2.916361923217773433e-01 -2.489882453540046003e-01 -6.986655293595971095e-02 -2.798517150878905846e-01
3.280436036153712154e-01 9.392368004201204212e-02 -3.086843080520628724e-01 3.913371629122750633e-02 -1.147307069169289928e-01 -3.015615482330321062e-01 -2.442308920402884997e-01 4.023362171187545161e-02 -2.937081451416016509e-01 -2.075661674329395412e-01 -6.827018094938774873e-02 -2.812459774017335157e-01
3.118486361730286593e-01 9.429933671361864778e-02 -3.104527063369750817e-01 3.247200505344902816e-02 -1.150838131142195436e-01 -2.979020853042602113e-01 -2.595725239688442265e-01 3.902275972045592123e-02 -2.958539123535156024e-01 -1.693854536107130826e-01 -6.521741142529398350e-02 -2.819720907211303307e-01
2.960190919335795590e-01 9.505335703269912617e-02 -3.111229677200317845e-01 2.907526401664365517e-02 -1.133747655690861000e-01 -2.917480964660644771e-01 -2.746304740693736868e-01 3.766992680737236976e-02 -2.975337858200072239e-01 -1.346466282253976632e-01 -6.221839646200958557e-02 -2.823245663642882652e-01
2.807173692651624419e-01 9.571434986031883418e-02 -3.112168331146240585e-01 3.700583832067518009e-02 -1.096319927726663035e-01 -2.773729963302612456e-01 -2.893083628030352905e-01 3.629396807886994814e-02 -2.988780755996704452e-01 -1.021458162794578878e-01 -5.999160357057714554e-02 -2.805534501075744869e-01
2.654626621188420077e-01 9.639503719374686863e-02 -3.110178632736205762e-01 5.471368523007068968e-02 -1.055969995240999132e-01 -2.677972717285155846e-01 -3.034032040190995372e-01 3.534935824457861864e-02 -2.997663373947144216e-01 -7.276905118730217503e-02 -6.552364111760219934e-02 -2.769359726905823438e-01
2.500772154446181395e-01 9.743004440913780040e-02 -3.107537097930909153e-01 7.824983264922596993e-02 -9.993313068559034340e-02 -2.593038196563721698e-01 -3.164307885902999939e-01 3.500586772608781788e-02 -3.000465221405030358e-01 -4.880730955709783325e-02 -6.917203738384926359e-02 -2.730463023185730753e-01
2.347071326613273667e-01 9.873298599258731323e-02 -3.103309602737427397e-01 1.060316333599683053e-01 -9.164182156847175409e-02 -2.533538074493408843e-01 -3.284517157195454562e-01 3.539432025311871344e-02 -2.999850912094116917e-01 -3.226118914844097740e-02 -7.209039052506548140e-02 -2.702404518127442534e-01
2.193892099521231598e-01 1.003390620419432333e-01 -3.097107620239258341e-01 1.364342500142848857e-01 -8.034753990879023311e-02 -2.495247859954834446e-01 -3.408189827604989897e-01 3.611693290546509616e-02 -3.001002426147461599e-01 -2.744437187654655622e-02 -7.369233786025336519e-02 -2.726251811981201811e-01
2.042584385671669112e-01 1.020523914054906056e-01 -3.089775581359863188e-01 1.684820603173723952e-01 -6.740075455591143516e-02 -2.486763114929199381e-01 -3.538175762775371269e-01 3.690555130635857911e-02 -3.000984687805176021e-01 -2.954046479171297881e-02 -7.419701269312281577e-02 -2.793310971260070663e-01
1.894039836858928683e-01 1.037292472737484095e-01 -3.082613916397095033e-01 2.015526631255856738e-01 -5.168806762297429441e-02 -2.490171642303467547e-01 -3.659758227798757813e-01 3.877009253365881758e-02 -2.993730993270874441e-01 -3.512061418537480023e-02 -7.280675735536612514e-02 -2.842659111022949880e-01
1.748829042800645051e-01 1.048628184727573021e-01 -3.075700016021729044e-01 2.350429854017418996e-01 -3.408073356754069000e-02 -2.506993789672852246e-01 -3.766822657222625437e-01 4.223910827330873419e-02 -2.976639814376830229e-01 -4.366657092529842299e-02 -7.012729162170540376e-02 -2.868328447341917942e-01
1.606856203580600828e-01 1.055256745169977917e-01 -3.070532054901122798e-01 2.684667578185148118e-01 -1.563907829680030726e-02 -2.537204856872558034e-01 -3.854672380004566246e-01 4.688284136080007880e-02 -2.951814336776734105e-01 -5.437566097327181658e-02 -6.793523442187721084e-02 -2.884451980590820863e-01
1.469385882895002382e-01 1.055537068070281914e-01 -3.068988485336303085e-01 3.020218039922581976e-01 2.562382122423489950e-03 -2.590834159851073681e-01 -3.921472230340418696e-01 5.270351224405550594e-02 -2.924203701019286727e-01 -6.615935492005517449e-02 -6.631152423076033808e-02 -2.917708725929260005e-01
1.335856194540163411e-01 1.049032468187984651e-01 -3.067461557388306281e-01 3.359105532419058848e-01 1.833312396548976431e-02 -2.669550724029541855e-01 -3.914750689023641095e-01 5.899503838704248104e-02 -2.893173761367798802e-01 -7.886252752239403252e-02 -6.472679789930978200e-02 -2.949773664474488188e-01
1.209525005716499957e-01 1.032762660496649720e-01 -3.069256134033203076e-01 3.649803037944804318e-01 3.131540433383904476e-02 -2.771081895828247377e-01 -3.853040533575590731e-01 6.529896620135011709e-02 -2.867108316421507763e-01 -9.189762255094197085e-02 -6.321148776885340825e-02 -2.975999183654784441e-01
1.086867084592433447e-01 1.009784135601889121e-01 -3.072323055267334735e-01 3.881052422313174266e-01 4.096270900396853376e-02 -2.857520647048951146e-01 -3.760795734464006945e-01 7.201904349062121513e-02 -2.841626710891724805e-01 -1.048783817786114458e-01 -6.177867381182670925e-02 -2.994616479873657977e-01
9.633707802275531806e-02 9.834275868601549675e-02 -3.074713964462280624e-01 4.016454216007463440e-01 4.854739610808164740e-02 -2.952307243347168653e-01 -3.647274862805860440e-01 7.846853904005807179e-02 -2.801215620040893861e-01 -1.185197406862586039e-01 -6.115125468036433642e-02 -3.015013332366943688e-01
8.422995377871084210e-02 9.517671792017634580e-02 -3.076751441955565269e-01 4.053213407995042705e-01 5.317151701571454225e-02 -3.051560754775999862e-01 -3.517155068766530390e-01 8.294741549778684997e-02 -2.759816141128538791e-01 -1.320183687747245593e-01 -6.114657901826490993e-02 -3.030030984878538947e-01
7.264715679268364534e-02 9.143586101140609157e-02 -3.079007978439331494e-01 3.991129571676787502e-01 5.471834377258992521e-02 -3.151119775772095455e-01 -3.350571138934847482e-01 8.490900924781472070e-02 -2.721788759231568156e-01 -1.454741469753192962e-01 -6.153987234800220585e-02 -3.044672126770019971e-01
6.158141817469078849e-02 8.730825850057097326e-02 -3.079423685073851558e-01 3.879056378691891349e-01 5.427429506170114437e-02 -3.234594793319701123e-01 -3.158814448205088943e-01 8.367915305028986173e-02 -2.698988838195802153e-01 -1.588497087987823519e-01 -6.228061280947808087e-02 -3.058629674911500507e-01
5.061379539320853826e-02 8.264647470193357826e-02 -3.075368041992187496e-01 3.767964296035602456e-01 5.347128888830607329e-02 -3.282190151214599561e-01 -2.957806050819111743e-01 8.045148640489083181e-02 -2.683600397109985325e-01 -1.722504443130626617e-01 -6.349842406535809169e-02 -3.069733352661133119e-01
4.025889235683977746e-02 7.788125779367957580e-02 -3.063759107589720809e-01 3.655440673805961938e-01 5.258942755923758094e-02 -3.294233770370482706e-01 -2.753125299332730980e-01 7.606117614871359123e-02 -2.674573535919189116e-01 -1.856494775081633797e-01 -6.510940185585552265e-02 -3.076454801559447838e-01
3.131628920984932951e-02 7.360141481023629861e-02 -3.049217958450318178e-01 3.526123026642983271e-01 5.105566302342151586e-02 -3.305242891311646058e-01 -2.544500805703420188e-01 7.095743811568439030e-02 -2.674992818832397923e-01 -1.989446951065950986e-01 -6.710659796514696629e-02 -3.082763833999634384e-01
2.341365134283199603e-02 6.977514376086216275e-02 -3.031736774444580007e-01 3.395591983473232878e-01 4.902498283936322643e-02 -3.314912672042846786e-01 -2.325939473846247996e-01 6.583578381016914893e-02 -2.686422271728515776e-01 -2.119468741720530180e-01 -6.938304643311082875e-02 -3.094995231628417942e-01
1.779579650600031024e-02 6.720842249861780360e-02 -3.013508911132812829e-01 3.270311030744734726e-01 4.691152846878536564e-02 -3.322346754074097519e-01 -2.086891984394007860e-01 6.156353759317907681e-02 -2.699130268096924246e-01 -2.244060811744952588e-01 -7.179938346257742909e-02 -3.106897706985474183e-01
1.619688447721498448e-02 6.700902668269603790e-02 -2.998336334228515199e-01 3.148340653132209455e-01 4.486497290171587160e-02 -3.327291698455810409e-01 -1.839723750076616704e-01 5.836136498374309284e-02 -2.714257068634032821e-01 -2.361771819009396700e-01 -7.429230948091961051e-02 -3.115608377456665079e-01
2.037227453108448119e-02 7.039461314925832269e-02 -2.971718187332151873e-01 3.030513863781940098e-01 4.286000816177228112e-02 -3.330834312438963885e-01 -1.583674240422864588e-01 5.582998967805923723e-02 -2.722600574493407866e-01 -2.472197788534990504e-01 -7.688139149591169397e-02 -3.122485370635986190e-01
3.044931308951225046e-02 7.775581263304777446e-02 -2.931802434921265688e-01 2.918991035793409017e-01 4.049876517429661094e-02 -3.332675738334656690e-01 -1.330445444800363031e-01 5.361092840292094874e-02 -2.720185585021972496e-01 -2.574810208569040526e-01 -7.986930095845465316e-02 -3.128021116256713974e-01
4.683544924767053808e-02 8.971375578239279558e-02 -2.873586626052856974e-01 2.813621215399115250e-01 3.764902241055120835e-02 -3.333666892051697084e-01 -1.118828919888970597e-01 5.181538002786435088e-02 -2.718182678222657023e-01 -2.672185875479979877e-01 -8.332332168271854023e-02 -3.133337087631226092e-01
6.717817580327120619e-02 1.052990899245154904e-01 -2.809107131958006320e-01 2.712715128962679967e-01 3.445703410320641313e-02 -3.333656949996947061e-01 -9.591546366921840927e-02 5.045130224889021048e-02 -2.737735195159911039e-01 -2.769368590907878014e-01 -8.722464884518155159e-02 -3.139435739517210666e-01
8.927695000429156091e-02 1.234198496694114550e-01 -2.752875347137451190e-01 2.614543664414610280e-01 3.080756763529791942e-02 -3.333067531585693355e-01 -8.432070021636990653e-02 4.949123405214925914e-02 -2.762158651351928618e-01 -2.866284151155853999e-01 -9.161181779722073204e-02 -3.146071500778198082e-01
1.115354806165267665e-01 1.431563225187539035e-01 -2.715923709869384473e-01 2.517924707609616175e-01 2.672792580435343068e-02 -3.332154054641723318e-01 -7.792251970031074948e-02 4.865808846291735934e-02 -2.788630027770995778e-01 -2.961157015752829968e-01 -9.645979487150718734e-02 -3.150213785171508407e-01
1.330544855472646781e-01 1.637401815325417176e-01 -2.696921558380127593e-01 2.422004823759350833e-01 2.214772932610363509e-02 -3.330853195190430216e-01 -7.972298825943036071e-02 4.768343246845472422e-02 -2.839274425506591037e-01 -3.052094922212854611e-01 -1.016069128642046321e-01 -3.151686782836913281e-01
1.535048930369229125e-01 1.847110781841655169e-01 -2.691380996704102468e-01 2.325739084912954446e-01 1.702737421192564160e-02 -3.330447454452515332e-01 -8.732558632117982944e-02 4.635644124572614599e-02 -2.918986101150512491e-01 -3.137274851517679042e-01 -1.071242731088492134e-01 -3.149868650436400963e-01
1.738680570948712978e-01 2.066472435935198249e-01 -2.705178375244141620e-01 2.228383022595619156e-01 1.140823310067125285e-02 -3.329644079208374796e-01 -9.724134250151457437e-02 4.455897591513032635e-02 -2.979643173217774166e-01 -3.214354871548152359e-01 -1.128415010946425823e-01 -3.140715904235840683e-01
1.924702726357974125e-01 2.278664214300703816e-01 -2.712444801330566868e-01 2.129987445099910115e-01 5.332745934021790313e-03 -3.328902931213379435e-01 -1.075736061491539552e-01 4.193017054954034650e-02 -3.005789132118225626e-01 -3.288842323561905756e-01 -1.187280979307813733e-01 -3.127242059707642241e-01
2.077899847193440397e-01 2.471131611303580833e-01 -2.705174942016601580e-01 2.030933450741372326e-01 -1.284960228302059471e-03 -3.327579803466796937e-01 -1.185742914688483474e-01 3.818182504133171146e-02 -3.021798486709593723e-01 -3.346702340104136808e-01 -1.258322321949119360e-01 -3.105930919647215682e-01
2.193115194451774330e-01 2.640871760783330413e-01 -2.697511405944824636e-01 1.937223595613962734e-01 -8.523939585563702903e-03 -3.323007125854492982e-01 -1.298162037597330731e-01 3.309321746995746993e-02 -3.026760072708130633e-01 -3.388269984949474067e-01 -1.339786342605711611e-01 -3.073481435775757831e-01
2.273942034102630905e-01 2.778722193148066011e-01 -2.709834976196289213e-01 1.845491483672258848e-01 -1.598231729088366027e-02 -3.315135879516601380e-01 -1.414309854206770578e-01 2.663167846345576226e-02 -3.030510849952697816e-01 -3.410501684420483848e-01 -1.429392091199225834e-01 -3.031813926696776962e-01
2.314129921729950468e-01 2.896396379793915732e-01 -2.752127189636231486e-01 1.754490029151820618e-01 -2.357273384678043593e-02 -3.302231521606446285e-01 -1.527596986600581186e-01 1.856866215592168842e-02 -3.028074569702147167e-01 -3.409722780511493245e-01 -1.520748816023489713e-01 -2.980918951034544628e-01
2.288255625086592360e-01 2.998282415658520828e-01 -2.837481184005737900e-01 1.666115732508466341e-01 -3.132919861969485353e-02 -3.284425563812256033e-01 -1.637670672110202730e-01 9.163219893795801485e-03 -3.016212673187255167e-01 -3.369065866631664741e-01 -1.608942342323582131e-01 -2.924996967315672824e-01
2.229420774811772810e-01 3.055035371428860280e-01 -2.945674724578857262e-01 1.583765257233648582e-01 -3.918983749090297619e-02 -3.264597053527831805e-01 -1.742478751472129328e-01 -1.375548149176106238e-03 -3.002881879806518217e-01 -3.261478073733188321e-01 -1.690084262641287083e-01 -2.880322666168212975e-01
2.162675283953161554e-01 3.043119510800122440e-01 -3.039718742370605686e-01 1.508494375750041028e-01 -4.749348410065180187e-02 -3.245266313552856441e-01 -1.841605678785802058e-01 -1.308221701746851984e-02 -2.993979902267456250e-01 -3.034068789114856002e-01 -1.772299056265514428e-01 -2.855869312286377082e-01
2.093898924024986674e-01 2.997404342864758986e-01 -3.110116691589355775e-01 1.440723875196861792e-01 -5.629122770082876231e-02 -3.226538295745849938e-01 -1.933980301727223350e-01 -2.592530692540395004e-02 -2.990915651321411906e-01 -2.712977035481305421e-01 -1.849133001670433263e-01 -2.841269989013672226e-01
2.025943288281212284e-01 2.935972160196475556e-01 -3.164382143020630922e-01 1.380755299999961716e-01 -6.505859147546969035e-02 -3.205075473785401474e-01 -2.018694456773603152e-01 -3.932741289529018830e-02 -2.993218297958374907e-01 -2.340195292600882881e-01 -1.909274379841699454e-01 -2.845451946258545917e-01
1.950120311373173265e-01 2.867140884752489294e-01 -3.204320259094239343e-01 1.328534077659703216e-01 -7.383484790060239333e-02 -3.177486009597779160e-01 -2.096170604257709957e-01 -5.356000702654901968e-02 -3.001637811660768373e-01 -1.929076457044566206e-01 -1.954596869071041076e-01 -2.870505733489991940e-01
1.835559454390769951e-01 2.821354105482192232e-01 -3.228786344528197239e-01 1.288184858319492698e-01 -8.153391015959299271e-02 -3.146960754394530491e-01 -2.166751924216764880e-01 -6.860680265337049111e-02 -3.020328731536864320e-01 -1.501831467776063855e-01 -1.961608921898730928e-01 -2.909092636108397412e-01
1.713159201008207511e-01 2.771030482521731342e-01 -3.244130296707153915e-01 1.261459171072893126e-01 -8.584842824979795062e-02 -3.118350429534912371e-01 -2.230623397756456572e-01 -8.444929786195415344e-02 -3.045658321380615430e-01 -1.054503687506134213e-01 -1.910119706794310701e-01 -2.915014715194702566e-01
1.582799749884470919e-01 2.718387723203357087e-01 -3.255200166702271192e-01 1.258464197709461829e-01 -8.640773271792216714e-02 -3.091148443222046516e-01 -2.284442732536821064e-01 -1.010950512783389266e-01 -3.070030422210693888e-01 -6.329031720333461175e-02 -1.846125977240732630e-01 -2.906469793319702566e-01
1.445935919322601237e-01 2.663229235425635943e-01 -3.260241575241089040e-01 1.299563632550514436e-01 -8.322050687043679174e-02 -3.058490295410156157e-01 -2.326328402733349732e-01 -1.182321026959162469e-01 -3.090792865753173579e-01 -2.595355567174968681e-02 -1.754745558023341201e-01 -2.880638046264648588e-01
1.309538212193270823e-01 2.604635104599016815e-01 -3.259400053024292809e-01 1.348332165246204917e-01 -7.263290721516914294e-02 -2.994420738220215927e-01 -2.357758221893661854e-01 -1.353064982860174015e-01 -3.104477567672730420e-01 6.945363924711414616e-03 -1.677378995077298263e-01 -2.848696775436402318e-01
1.172909806651078746e-01 2.547315239382209051e-01 -3.253940172195435299e-01 1.408557359050848223e-01 -5.345561654187337697e-02 -2.904738826751709913e-01 -2.377937386709574608e-01 -1.519896992030908278e-01 -3.109767265319824947e-01 3.532935922557652736e-02 -1.619762762251368282e-01 -2.818091888427735059e-01
1.034806495634456869e-01 2.491806836200071429e-01 -3.245111198425293386e-01 1.469313770190096291e-01 -2.681874269560406004e-02 -2.824486274719238410e-01 -2.386055904520306414e-01 -1.679411921286338427e-01 -3.107552881240844833e-01 5.742271925317110615e-02 -1.584359538041968940e-01 -2.794570703506469855e-01
8.975727175406025826e-02 2.436905660654974382e-01 -3.231980247497557857e-01 1.524361097787307051e-01 5.907451622058051965e-03 -2.755906219482421315e-01 -2.386456050700309917e-01 -1.829853273904465116e-01 -3.100686187744141065e-01 6.989308522182732797e-02 -1.584100057512068394e-01 -2.808161420822143928e-01
7.600472704917823896e-02 2.378952034471248922e-01 -3.215825147628785241e-01 1.566092946788752438e-01 4.227114604805697756e-02 -2.697853775024414702e-01 -2.382084156569637401e-01 -1.972252766209552366e-01 -3.091505498886109038e-01 7.200557174696867180e-02 -1.611501313986798134e-01 -2.868361825942994381e-01
6.218576456574192307e-02 2.316345073843337210e-01 -3.196853752136230575e-01 1.592578572034504814e-01 7.972302848858989210e-02 -2.654729576110840261e-01 -2.374455940626604700e-01 -2.106971995785851537e-01 -3.081481380462646746e-01 6.878619940700389512e-02 -1.665901623410412924e-01 -2.950679082870483749e-01
4.885907411668215933e-02 2.249046021320230682e-01 -3.175076503753662682e-01 1.589305157622561970e-01 1.178032899658904842e-01 -2.630558986663819043e-01 -2.453805307964989080e-01 -2.171050259509668678e-01 -3.070515937805176621e-01 6.258949201091465464e-02 -1.730451031597067812e-01 -3.014456481933594501e-01
3.624146820540887631e-02 2.173929432197257150e-01 -3.151656408309936874e-01 1.576843224625841811e-01 1.555552078082983458e-01 -2.617774314880371711e-01 -2.543732765337836654e-01 -2.227187258981581375e-01 -3.051182909011841415e-01 5.635994016499328019e-02 -1.800947755581170373e-01 -3.043196792602539391e-01
2.459544948485480748e-02 2.091678323890667213e-01 -3.130684108734130833e-01 1.586463195541334414e-01 1.936252961240702564e-01 -2.634249706268310676e-01 -2.631816105136403072e-01 -2.275931088998070784e-01 -3.020102853775024077e-01 5.092085107935676036e-02 -1.865315943170537116e-01 -3.047497315406799134e-01
1.412545619387959445e-02 2.001680704678495681e-01 -3.115153522491455607e-01 1.606496207953174160e-01 2.325633072774031529e-01 -2.683776111602783621e-01 -2.677080386033139359e-01 -2.338568823031563215e-01 -2.972704286575317822e-01 4.520208341751472125e-02 -1.942173670626318460e-01 -3.046658964157105132e-01
4.915702573371233397e-03 1.903007963082884446e-01 -3.104642219543457538e-01 1.632592170128868148e-01 2.703713166760806086e-01 -2.759399051666260316e-01 -2.654634240934135581e-01 -2.415750373437016707e-01 -2.912677783966063916e-01 3.823192525415029797e-02 -2.030601944192183539e-01 -3.050755329132079363e-01
-3.039680107015552135e-03 1.797630915204391500e-01 -3.099160547256470943e-01 1.677208145095019920e-01 3.050951494302963640e-01 -2.854015274047852491e-01 -2.546654531790375486e-01 -2.498949722864737266e-01 -2.836749525070191291e-01 3.083543851182050932e-02 -2.131212983005716100e-01 -3.061905927658081783e-01
-9.785583533664640732e-03 1.687904765886024672e-01 -3.096864337921142463e-01 1.730120048254455978e-01 3.337917078548761074e-01 -2.927430076599121245e-01 -2.347733315529025866e-01 -2.567671923031767944e-01 -2.742740888595580628e-01 2.363697118511640105e-02 -2.237666743856893681e-01 -3.075792570114135871e-01
-1.555770189666295933e-02 1.573263083786914651e-01 -3.095702714920043896e-01 1.746509833140120205e-01 3.504340148992698412e-01 -2.979298372268676665e-01 -2.233939713810893235e-01 -2.496385648465072604e-01 -2.628445739746093635e-01 1.694440336304700589e-02 -2.347607587980772570e-01 -3.088227100372314404e-01
-2.051214065305150339e-02 1.458654774676101384e-01 -3.095511789321899743e-01 1.738525107462660091e-01 3.551690526483446964e-01 -3.042984886169434189e-01 -2.131761561206843569e-01 -2.324366059490024783e-01 -2.506824226379394949e-01 1.103889122872250828e-02 -2.459577666535000262e-01 -3.098870630264282666e-01
-2.511020783821374738e-02 1.346631549065503142e-01 -3.093370742797851847e-01 1.719349014264066056e-01 3.481660585352389092e-01 -3.118374128341675489e-01 -1.983764923919804357e-01 -2.107125935254481885e-01 -2.396601982116699781e-01 5.827550983918627914e-03 -2.572847113147405107e-01 -3.107787628173828698e-01
-2.920808536989411355e-02 1.235734518609593047e-01 -3.086628980636597630e-01 1.677314019309641413e-01 3.351363626432500853e-01 -3.191088504791260716e-01 -1.800095529970164865e-01 -1.856544367129999706e-01 -2.327454109191895160e-01 1.230719895230991678e-03 -2.688037713772923887e-01 -3.114205045700074170e-01
-3.256402753372955594e-02 1.133220750310803826e-01 -3.071145076751709557e-01 1.620831217937772628e-01 3.212577045226150951e-01 -3.244354410171509384e-01 -1.602239798795047354e-01 -1.602342465244749603e-01 -2.296873779296875195e-01 -3.099390329348680750e-03 -2.807001546767498024e-01 -3.117362470626831583e-01
-3.504662679709417972e-02 1.039126209574791210e-01 -3.051676912307740297e-01 1.583026139333031101e-01 3.078153868099675061e-01 -3.272612924575806770e-01 -1.406133060729019835e-01 -1.355959612735304631e-01 -2.314264507293702089e-01 -7.246386086532913273e-03 -2.929549572109103051e-01 -3.117610759735108261e-01
-3.704729121801855762e-02 9.622290007867261019e-02 -3.029342384338379879e-01 1.557371961688290007e-01 2.957720773487898525e-01 -3.285807199478150142e-01 -1.216675540241175524e-01 -1.108488627354832640e-01 -2.364938468933105997e-01 -1.113472980102800380e-02 -3.052925617243209544e-01 -3.115699453353882320e-01
-3.841207136096551344e-02 9.062994062996770905e-02 -2.999455709457397590e-01 1.534702008478722735e-01 2.834781570178124266e-01 -3.291422672271728800e-01 -1.043689711142144483e-01 -8.696314868821326816e-02 -2.440107555389404437e-01 -1.474754778822272294e-02 -3.174914070332604532e-01 -3.112790794372558567e-01
-3.911383307558718991e-02 8.887851871452204233e-02 -2.968774480819703077e-01 1.501346242566258260e-01 2.706944944386582841e-01 -3.290691967010498931e-01 -8.988229692508808988e-02 -6.579519632143823737e-02 -2.528412170410156978e-01 -1.826419893762247504e-02 -3.294657227970718139e-01 -3.109947366714478356e-01
-3.912129838620825861e-02 9.267319694507049344e-02 -2.909117431640623752e-01 1.465488778766670108e-01 2.590723853117953834e-01 -3.281220169067381454e-01 -7.883851748018325112e-02 -4.863405686619516610e-02 -2.614475555419921715e-01 -2.173996363600697035e-02 -3.411908190256517925e-01 -3.103930110931396591e-01
-3.811367907091400831e-02 1.046861946274718763e-01 -2.835498638153076678e-01 1.431233418492927068e-01 2.487123830723126094e-01 -3.266694564819336843e-01 -7.075495811744736407e-02 -3.538192515713400876e-02 -2.679159994125366873e-01 -2.514850687768745152e-02 -3.526899757465235541e-01 -3.092542572021484970e-01
-3.639201472820705052e-02 1.254241357744649565e-01 -2.757673616409301864e-01 1.394397541774829163e-01 2.379275292212086612e-01 -3.250157423019409131e-01 -6.662745002676068173e-02 -2.944037903673054138e-02 -2.727766985893249618e-01 -2.839263440106712388e-02 -3.648394144294374031e-01 -3.076635284423828165e-01
-3.464330384945583929e-02 1.508043899935643528e-01 -2.683573217391968524e-01 1.358311281658920455e-01 2.262704900072050052e-01 -3.230718679428101203e-01 -6.655994843770747516e-02 -3.261905805356723337e-02 -2.760267896652220942e-01 -3.178023500554265357e-02 -3.760334591602130239e-01 -3.052820796966552175e-01
-3.298281207873682286e-02 1.798673019098985804e-01 -2.630308837890625862e-01 1.326367240101127831e-01 2.140005161523284294e-01 -3.209567232131958492e-01 -6.839612276327008966e-02 -4.085482841283970268e-02 -2.780552978515625773e-01 -3.508594953994446930e-02 -3.869514353691601016e-01 -3.017806882858277140e-01
-3.119235801347465531e-02 2.117158509898627028e-01 -2.601803989410400031e-01 1.300062247713669183e-01 2.011012445645624924e-01 -3.188125629425048735e-01 -7.133349863683829950e-02 -5.257010280805010649e-02 -2.792551941871643795e-01 -3.667713733790239905e-02 -3.969546868410050444e-01 -2.972253103256226603e-01
-2.747808580450679036e-02 2.456805058680887333e-01 -2.608142776489258963e-01 1.280735225322215121e-01 1.877530538707953833e-01 -3.168320531845094101e-01 -7.481904718494203355e-02 -6.623900793832834810e-02 -2.801229782104493471e-01 -3.573922792550789096e-02 -4.049227445163751660e-01 -2.923267335891724938e-01
-2.219375457613191258e-02 2.795225180061202130e-01 -2.623904771804809744e-01 1.267662826975917700e-01 1.741581315209574654e-01 -3.148080320358276341e-01 -7.818129704247096801e-02 -8.103249105436989563e-02 -2.825692052841186630e-01 -3.348409393786297428e-02 -4.111518029148646947e-01 -2.868598861694335866e-01
-1.558194164309927021e-02 3.125049388319561805e-01 -2.632682151794434322e-01 1.259812002087508931e-01 1.604940749889083862e-01 -3.128118486404419252e-01 -8.070169422183234853e-02 -9.514526438292281174e-02 -2.840481348037720011e-01 -3.044814133639239806e-02 -4.153899016021030954e-01 -2.809021825790405935e-01
-7.831525046200833728e-03 3.430441991395978274e-01 -2.632500476837158487e-01 1.255190556657768686e-01 1.466434029949236773e-01 -3.108860845565795672e-01 -8.238346986612501976e-02 -1.090186816032564510e-01 -2.844191188812256188e-01 -2.724803571087794363e-02 -4.151057508473007807e-01 -2.748964710235595743e-01
9.513729653420066601e-04 3.684723480379814009e-01 -2.656902856826783288e-01 1.253509383542769640e-01 1.328173142096146508e-01 -3.091216964721680838e-01 -8.340906797768124492e-02 -1.239615934098974304e-01 -2.848905844688416344e-01 -2.420436505456145804e-02 -4.083343615328244303e-01 -2.693652267456055904e-01
9.567574170503037601e-03 3.856282052303513508e-01 -2.707186193466186719e-01 1.251049517456221671e-01 1.194747163799597389e-01 -3.074845190048217658e-01 -8.353824429686151909e-02 -1.391259696148293701e-01 -2.853824801445008497e-01 -2.133047779414082301e-02 -3.945105422023419406e-01 -2.645404167175294252e-01
1.735430934913646112e-02 3.909625101325478469e-01 -2.782597799301147479e-01 1.247752031813442880e-01 1.070165663773148534e-01 -3.058541984558105775e-01 -8.289486309881807791e-02 -1.540951934582110161e-01 -2.856483669281004723e-01 -1.864302522052800615e-02 -3.732326699045360741e-01 -2.596099300384520636e-01
2.431684352011426187e-02 3.884355131555138341e-01 -2.861943597793578653e-01 1.245623467510162258e-01 9.543588800617762435e-02 -3.043833560943602912e-01 -8.174014984297128805e-02 -1.687080914092848605e-01 -2.858901114463807125e-01 -1.281382940365324852e-02 -3.474052175430673017e-01 -2.553449459075928241e-01
3.037188012785915769e-02 3.807645728453099010e-01 -2.920325536727905735e-01 1.241934434288365086e-01 8.382155214145158018e-02 -3.033239145278931459e-01 -8.038747345916125164e-02 -1.828561849010937324e-01 -2.862740201950074170e-01 -1.320240937817122873e-03 -3.196771772395115008e-01 -2.517876214981079608e-01
3.585437398371524309e-02 3.696483611996879137e-01 -2.956953735351561807e-01 1.233785196612474239e-01 7.291910794679150321e-02 -3.026481742858885826e-01 -7.897597855681304235e-02 -1.965179154851427190e-01 -2.868337841033936075e-01 8.611693559631518335e-03 -2.894442451716304210e-01 -2.498934383392334424e-01
4.161938711866661200e-02 3.568948956529520711e-01 -2.975901002883911128e-01 1.229013341112993457e-01 6.317717628241700800e-02 -3.020059556961059433e-01 -5.000000000000005135e-02 -2.155113029479980569e-01 -2.877025671005248864e-01 4.999999999999994726e-02 -2.526574873924255504e-01 -2.492010517120361313e-01
4.718131819958263501e-02 3.438070896501019824e-01 -2.989871330261230642e-01 1.233804090131283698e-01 5.497072138990776596e-02 -3.013925046920776785e-01 -5.000000000000005135e-02 -2.270576190948486728e-01 -2.888278646469116251e-01 4.999999999999995420e-02 -2.187186813354492221e-01 -2.519980688095093124e-01
5.238552510015711400e-02 3.310248277596563038e-01 -3.005063648223877393e-01 1.249200042789797016e-01 4.906516480523879370e-02 -3.013482351303101159e-01 -5.000000000000005829e-02 -2.380354928970337680e-01 -2.899525566101074925e-01 4.999999999999996114e-02 -1.843687248229980979e-01 -2.558084363937378480e-01
5.710557731987938451e-02 3.187507587651947638e-01 -3.025254936218261803e-01 1.247408126751534674e-01 4.365780729554528256e-02 -2.988975782394409642e-01 -5.000000000000005829e-02 -2.486056566238403487e-01 -2.911752099990844722e-01 4.999999999999996808e-02 -1.511229801177979004e-01 -2.603152818679809744e-01
6.294983766628201027e-02 3.065061984141537188e-01 -3.046645755767821706e-01 1.262022797506558436e-01 4.684669735696166126e-02 -2.755608625411986590e-01 -5.007226562499943884e-02 -2.588249301910400813e-01 -2.927875108718872577e-01 4.999999999999997502e-02 -1.217283439636230175e-01 -2.655016155242920228e-01
6.891408220878200708e-02 2.939200035694037316e-01 -3.071433801651001771e-01 1.328224500729144331e-01 5.805909085401840530e-02 -2.658296031951905003e-01 -5.517333984375021039e-02 -2.683687591552733620e-01 -2.950621337890625973e-01 4.999999999999998196e-02 -9.858143806457518588e-02 -2.675758070945740696e-01
7.453295969069480276e-02 2.813375303269181060e-01 -3.099659700393676554e-01 1.418033318715710145e-01 7.384203063873592821e-02 -2.565464134216308700e-01 -8.857128852818876852e-02 -2.727511019381239077e-01 -2.979230804443359082e-01 3.751156329729131433e-02 -9.290900878442470701e-02 -2.723031253814697239e-01
8.030480994001155948e-02 2.685897095744972929e-01 -3.129561109542847164e-01 1.528813179131036371e-01 8.986995147167814446e-02 -2.491351909637451456e-01 -9.391336809665959406e-02 -2.804829052930918887e-01 -3.011726207733154692e-01 3.630291889077766343e-02 -9.252157712209518881e-02 -2.802434320449829208e-01
8.554457428997688795e-02 2.557374863540292642e-01 -3.158182544708252326e-01 1.653574980180645970e-01 1.054614331697019680e-01 -2.461105365753173957e-01 -1.008283327850121314e-01 -2.873957276922936011e-01 -3.044644041061401740e-01 3.374952993713335736e-02 -9.758969976178114014e-02 -2.880420513153076345e-01
8.195984134675084187e-02 2.477605476213406155e-01 -3.183554668426514245e-01 1.796401391983129814e-01 1.208654670549343391e-01 -2.470880813598633763e-01 -1.085093486147732100e-01 -2.932899901520922281e-01 -3.069460124969483061e-01 2.995525733111549169e-02 -1.070029193595549433e-01 -2.953054018020630500e-01
7.670228109026952512e-02 2.410248477530301803e-01 -3.201539869308471786e-01 1.962574568715194367e-01 1.336613833975613397e-01 -2.474564189910888334e-01 -1.151597583807304759e-01 -2.979202476662033972e-01 -3.080341453552246089e-01 2.603183039173001534e-02 -1.168513354351028849e-01 -3.027770109176635693e-01
7.098338173457650890e-02 2.349361245492438410e-01 -3.213078374862670672e-01 2.185326981408264035e-01 1.389335000375250262e-01 -2.496648521423339706e-01 -1.211594678388206170e-01 -3.003321284887536802e-01 -3.082111377716063028e-01 2.258006060096582474e-02 -1.236733553045167994e-01 -3.076655216217039635e-01
6.495906288491422320e-02 2.292537367931529180e-01 -3.217978591918944087e-01 2.433374808536643008e-01 1.383462050548716626e-01 -2.532720489501952277e-01 -1.297369572302411456e-01 -2.998809772272358898e-01 -3.072065992355346720e-01 1.772255543345402015e-02 -1.303847086961971713e-01 -3.115384788513183567e-01
5.861264559823214926e-02 2.238779710109341514e-01 -3.216387815475462708e-01 2.686828360279200911e-01 1.328610642726529012e-01 -2.600463981628416410e-01 -1.430470998872337418e-01 -2.946447913777542893e-01 -3.059165306091308212e-01 9.904943224906287425e-03 -1.377319129346621929e-01 -3.146318025588988876e-01
5.164518680225596570e-02 2.194724463060796216e-01 -3.209198732376098429e-01 2.944205774272560805e-01 1.240353735521733392e-01 -2.706057472229004279e-01 -1.583508061708122638e-01 -2.838140330664369326e-01 -3.062328596115112544e-01 -2.629448437978729181e-04 -1.447684825287869903e-01 -3.166586370468139622e-01
4.419883031306291732e-02 2.157010022211243716e-01 -3.196836204528807901e-01 3.138213889068126594e-01 1.092918225336244054e-01 -2.776031703948974028e-01 -1.704514709862601229e-01 -2.677060520452430037e-01 -3.044818325042725204e-01 -1.099253190372631583e-02 -1.511691716720187095e-01 -3.173714942932129301e-01
3.688306021357552755e-02 2.125817131683672978e-01 -3.178829164505005411e-01 3.232523229088883343e-01 9.206779715274229781e-02 -2.876330871582032378e-01 -1.778459558352985526e-01 -2.455496804542522948e-01 -2.991914625167847452e-01 -2.206190665640259119e-02 -1.567610737780480989e-01 -3.170908756256104466e-01
2.993102052673284053e-02 2.098992527816512521e-01 -3.158426589965820375e-01 3.282773340032955067e-01 7.521541489102619160e-02 -2.994249076843261692e-01 -1.804220158347389635e-01 -2.196814194572591361e-01 -2.905891437530516708e-01 -3.325970139902677952e-02 -1.616302533334967317e-01 -3.164039011001585910e-01
2.339682140523950682e-02 2.073524479637494644e-01 -3.136674613952635804e-01 3.282807325380522889e-01 5.950857589343699905e-02 -3.129298801422118470e-01 -1.785175653253902317e-01 -1.924556764388640762e-01 -2.819252033233642929e-01 -4.436762116620773105e-02 -1.660725947205702879e-01 -3.156964225769043342e-01
1.690850663551267397e-02 2.048799669553742209e-01 -3.111716289520264356e-01 3.273734724558251541e-01 4.828908560771788538e-02 -3.234972829818726359e-01 -1.832460945042607703e-01 -1.557191408849245007e-01 -2.746283788681030957e-01 -5.549161467713981111e-02 -1.702653875322191479e-01 -3.149407501220704009e-01
9.739675770533001709e-03 2.029654578070518300e-01 -3.084338064193725693e-01 3.231642363174082599e-01 4.092047489689548678e-02 -3.292921824455261604e-01 -1.853020707276525070e-01 -1.175865663671016026e-01 -2.699665613174439538e-01 -6.714516573113468723e-02 -1.741334577999917033e-01 -3.141172523498536595e-01
2.156889487125696059e-03 2.013945384830567731e-01 -3.053437299728393173e-01 3.162490525730632940e-01 3.518506582680672179e-02 -3.317068405151366584e-01 -1.839778353906481034e-01 -8.214701517097236505e-02 -2.700193376541136780e-01 -7.955812842531492790e-02 -1.776301048864306065e-01 -3.133896846771239697e-01
-4.897190703323367478e-03 2.001766903091797833e-01 -3.020093078613280690e-01 3.076866716013645919e-01 3.115557214511735507e-02 -3.320146627426146524e-01 -1.807678783843441050e-01 -4.983009644321270692e-02 -2.721724386215210179e-01 -9.341669698203464156e-02 -1.806262633010589091e-01 -3.131682748794555882e-01
-9.798076718754281100e-03 1.993577183328139046e-01 -2.985398120880126127e-01 2.978582953515579446e-01 2.843022809843887000e-02 -3.310596699714659641e-01 -1.736943670169196485e-01 -1.951992500589529167e-02 -2.726700181961059788e-01 -1.093812205324353748e-01 -1.827613262032647123e-01 -3.135512847900390754e-01
-1.076573842003795967e-02 1.984940972797064607e-01 -2.953245563507080895e-01 2.877608729080871064e-01 2.622566466251900763e-02 -3.297978706359864232e-01 -1.635347182956138068e-01 7.254697336650725581e-03 -2.719034547805787017e-01 -1.267845001242670633e-01 -1.835044632273343246e-01 -3.143587989807130056e-01
-7.057791128028220728e-03 1.972326420247131062e-01 -2.925888795852662483e-01 2.778422332860345789e-01 2.409177288408814732e-02 -3.292766327857972741e-01 -1.516124769129056915e-01 2.989325836407305537e-02 -2.690693683624268973e-01 -1.450583702464356972e-01 -1.825602862167624296e-01 -3.153134078979493715e-01
2.000128237606049741e-03 1.955787525328880339e-01 -2.900203628540040102e-01 2.684404358547937686e-01 2.160237313835673689e-02 -3.291129655838013202e-01 -1.398118248755777226e-01 4.707193324761884540e-02 -2.658100528717041722e-01 -1.637737161085685567e-01 -1.796104481411517073e-01 -3.158657379150391353e-01
1.787431123324777216e-02 1.932268995219895702e-01 -2.881909532546997332e-01 2.596937692410605236e-01 1.835611094777078733e-02 -3.290189189910889267e-01 -1.293714313525662352e-01 5.938924002101175076e-02 -2.642888469696045295e-01 -1.819626972710857160e-01 -1.747240875851525932e-01 -3.160937852859497244e-01
4.040124733158186043e-02 1.894560663448086046e-01 -2.858629245758056991e-01 2.512966330737694265e-01 1.448102972371492769e-02 -3.290141983032227047e-01 -1.226956382341257146e-01 6.764328180780698752e-02 -2.669449825286865918e-01 -1.988214467448272682e-01 -1.681553693776088876e-01 -3.160076017379761515e-01
6.691088451379306745e-02 1.836830898942766188e-01 -2.831335372924803639e-01 2.429931599044180546e-01 1.034446684740165934e-02 -3.288765139579772345e-01 -1.209658556718739009e-01 7.240772331367660575e-02 -2.742621560096739630e-01 -2.142740937662303558e-01 -1.605396521220185668e-01 -3.159091730117796759e-01
9.585152109491534844e-02 1.759470503179292877e-01 -2.804083461761474605e-01 2.349871412121024017e-01 5.981352075741769303e-03 -3.286421461105346609e-01 -1.229840042653166099e-01 7.365042180068732958e-02 -2.834772105216978866e-01 -2.283781323029313026e-01 -1.523627201496747241e-01 -3.161574287414549711e-01
1.271249439994254493e-01 1.664437451614602104e-01 -2.779471130371092835e-01 2.273399098197379509e-01 1.353413130210145976e-03 -3.283941121101378591e-01 -1.274301897053627675e-01 7.221556568555406730e-02 -2.920013995170592791e-01 -2.412595408920701345e-01 -1.440466833245782619e-01 -3.166429634094237722e-01
1.594922863856768069e-01 1.554147539820174562e-01 -2.763584203720092503e-01 2.199542004481767343e-01 -3.461222580482550826e-03 -3.282210392951965261e-01 -1.334867209264253285e-01 6.864646263639011259e-02 -2.991091794967651318e-01 -2.494777092948404218e-01 -1.471988395813461081e-01 -3.168887920379638290e-01
1.918391144435464823e-01 1.425406630944202890e-01 -2.754612464904785396e-01 2.128244660060462090e-01 -8.376023917298469623e-03 -3.281200690269470144e-01 -1.403007628895235337e-01 6.455411660708569588e-02 -3.047627515792846742e-01 -2.572938047733939193e-01 -1.510505973423877935e-01 -3.171560544967651496e-01
2.227009965785924916e-01 1.279071401522477724e-01 -2.753887529373169052e-01 2.057828826371481679e-01 -1.360598903248785158e-02 -3.280908699035644527e-01 -1.472694045262035456e-01 6.113257433487945952e-02 -3.085800380706787416e-01 -2.646689745215384248e-01 -1.548899136041930191e-01 -3.170523519515991429e-01
2.478118749008777766e-01 1.270715622307284354e-01 -2.762650794982910440e-01 1.986238980439484214e-01 -1.922397737297776299e-02 -3.281435413360596076e-01 -1.538570739016603406e-01 5.775939434890215579e-02 -3.105833311080933301e-01 -2.715485222674692833e-01 -1.586384232711370856e-01 -3.165841550827027118e-01
2.724728632014310481e-01 1.236939832530155881e-01 -2.775260276794433989e-01 1.912343815662181645e-01 -2.512290154274057080e-02 -3.282281417846679705e-01 -1.597780120961247441e-01 5.418613790774506889e-02 -3.111489839553833181e-01 -2.780723659045062912e-01 -1.620989780283452752e-01 -3.156347293853760116e-01
2.956498707691891936e-01 1.177776844072839779e-01 -2.785225744247437074e-01 1.834611257897627579e-01 -3.125985653816101134e-02 -3.282359237670898766e-01 -1.669806985552193257e-01 5.052954172109959396e-02 -3.118963880538940803e-01 -2.845804169686815266e-01 -1.652735452299888830e-01 -3.140083904266357528e-01
3.182235914805408017e-01 1.103829360517175895e-01 -2.788058204650879501e-01 1.753350579479062421e-01 -3.727171451960298310e-02 -3.281178970336914857e-01 -1.751183140634184898e-01 4.670550733512830732e-02 -3.129464836120605109e-01 -2.911734722950681808e-01 -1.687040146792307682e-01 -3.118535537719726025e-01
3.393525844304673966e-01 1.011851859635748974e-01 -2.780064554214477512e-01 1.670801798481767464e-01 -4.308082604232369578e-02 -3.278545875549316313e-01 -1.831520425895217796e-01 4.282978861177285518e-02 -3.135176582336425821e-01 -2.970354120854101221e-01 -1.696898468940025995e-01 -3.083270998001098606e-01
3.577263033717387186e-01 9.055472902520536604e-02 -2.764742059707642197e-01 1.586998958791878966e-01 -4.848670984818398422e-02 -3.274955101013184433e-01 -1.911580723798767811e-01 3.924362739262239608e-02 -3.137106246948243027e-01 -3.005564825398858719e-01 -1.653741635273526245e-01 -3.031345577239991096e-01
3.725384013954264883e-01 7.889875522379459494e-02 -2.757134313583374241e-01 1.501467067630155861e-01 -5.348427118725887497e-02 -3.271116561889648722e-01 -1.993472297629882151e-01 3.601544460975888984e-02 -3.136183710098267019e-01 -3.012078080564076776e-01 -1.545277846794500809e-01 -2.967672796249389844e-01
3.841789459264047801e-01 6.648081074198763929e-02 -2.769183034896851581e-01 1.414710509421290285e-01 -5.816126857806328682e-02 -3.267076988220215528e-01 -2.076391770551456184e-01 3.305712973992956660e-02 -3.132525892257692068e-01 -2.940982061113661672e-01 -1.494608285216481869e-01 -2.905354089736940093e-01
3.927318340576160249e-01 5.353809920996331628e-02 -2.797354288101197017e-01 1.326422214244605269e-01 -6.244062982573245213e-02 -3.263447875976562829e-01 -2.160626799760135830e-01 3.041384961931022091e-02 -3.127788562774658776e-01 -2.774144609847741805e-01 -1.509788543940310812e-01 -2.855623645782471298e-01
3.974614157267304937e-01 4.012130546708545659e-02 -2.837263841629028560e-01 1.234325900013469868e-01 -6.628892055055116139e-02 -3.260242290496826456e-01 -2.246268388396160665e-01 2.818327949215718164e-02 -3.121966476440430904e-01 -2.542007508706021768e-01 -1.486261022794935216e-01 -2.821216554641725049e-01
3.985122943474869728e-01 2.672572705709601662e-02 -2.884921665191649831e-01 1.138308976626025842e-01 -6.959102531513458589e-02 -3.258978099822997243e-01 -2.333288743038298974e-01 2.644996508343532005e-02 -3.117474765777588086e-01 -2.276655097781515869e-01 -1.427141166843088615e-01 -2.805571622848511137e-01
3.950015380684419042e-01 1.382880399611782080e-02 -2.940399665832518217e-01 1.040686241867952166e-01 -7.223231768583623924e-02 -3.259512777328489874e-01 -2.421446813158383282e-01 2.534123695501333540e-02 -3.115519495010375950e-01 -2.006741507296933569e-01 -1.339598471888114040e-01 -2.817467660903930637e-01
3.868842683906869029e-01 1.695997754074578256e-03 -3.001209278106689582e-01 9.424545919223620283e-02 -7.444098496865896031e-02 -3.261208505630493470e-01 -2.511499415848545969e-01 2.488660298564952800e-02 -3.118134088516235636e-01 -1.744213582925256967e-01 -1.233846914487184837e-01 -2.831544847488403072e-01
3.769411053647633292e-01 -9.748586015874971533e-03 -3.058414239883422980e-01 8.453352476610859201e-02 -7.625718199760991856e-02 -3.264436120986938805e-01 -2.602530030563993124e-01 2.511158587593313729e-02 -3.124286813735962509e-01 -1.491602669280334692e-01 -1.118525097631772602e-01 -2.847175140380859837e-01
3.676300782279686152e-01 -2.061434024624631683e-02 -3.106098289489747644e-01 7.448909109304087395e-02 -7.738494219070665703e-02 -3.267912883758546383e-01 -2.695160372713716335e-01 2.571732295322859407e-02 -3.132232112884520414e-01 -1.236979190499642306e-01 -9.982813458011249863e-02 -2.855888957977293918e-01
3.595857523122067967e-01 -3.135733213177246959e-02 -3.143754644393921827e-01 6.421544889015923241e-02 -7.796933739527674156e-02 -3.272241420745850560e-01 -2.789114581096869827e-01 2.661074649315967044e-02 -3.139996213912964462e-01 -1.004938662892151807e-01 -8.869644464477280388e-02 -2.857907934188843591e-01
3.521706054263570307e-01 -4.140586614036051438e-02 -3.170941181182861390e-01 5.398039407290099873e-02 -7.806753130250529416e-02 -3.276883430480956871e-01 -2.883336513838412607e-01 2.785086058050049995e-02 -3.147366209030151296e-01 -8.138938826860941944e-02 -7.936442324252353242e-02 -2.850815553665161373e-01
3.444106644998293776e-01 -5.119309383672263764e-02 -3.191439695358276873e-01 4.397616276233856647e-02 -7.803054201784861976e-02 -3.279099674224854044e-01 -2.977143869926588415e-01 2.950020410223197498e-02 -3.152381486892700813e-01 -6.801907614567187510e-02 -7.248744946229906949e-02 -2.842190427780151851e-01
3.355897671015313777e-01 -6.012669409090351524e-02 -3.209749956130981685e-01 3.445372318098051390e-02 -7.819290206338846971e-02 -3.277830858230590949e-01 -3.070736232678275002e-01 3.172472525093891771e-02 -3.155028314590455074e-01 -6.130490246020201678e-02 -6.792227837484683672e-02 -2.859681816101075080e-01
3.254740620622709746e-01 -6.810949454767979694e-02 -3.227036638259887513e-01 2.576709445830967574e-02 -7.876138875828921082e-02 -3.272009773254394571e-01 -3.151567687745582824e-01 3.410565380947364056e-02 -3.148952741622924600e-01 -6.019883081725644486e-02 -6.493345779690792852e-02 -2.885302848815918253e-01
3.143719296995636237e-01 -7.514678306089159210e-02 -3.242387075424194576e-01 1.889294791048265823e-02 -7.902350362180146637e-02 -3.261523551940918031e-01 -3.225073008331646451e-01 3.672730276628097257e-02 -3.136940927505493248e-01 -6.596694435750481700e-02 -6.316436711595173337e-02 -2.917828102111816868e-01
3.026651901697549052e-01 -8.113793707947059008e-02 -3.250689716339111301e-01 1.380317161718240190e-02 -7.881856307589825417e-02 -3.240477247238159331e-01 -3.308503705529380889e-01 3.945255355236982481e-02 -3.118308086395263357e-01 -7.907880086343105352e-02 -6.188019212044353762e-02 -2.973977251052856152e-01
2.906357851309595564e-01 -8.606790106121500750e-02 -3.250416345596313650e-01 1.183881568370057785e-02 -7.792800744007544189e-02 -3.200666875839233705e-01 -3.392216217793032063e-01 4.223236753866081716e-02 -3.090153856277466082e-01 -9.353916150998088652e-02 -5.925246789828778754e-02 -2.997895975112915279e-01
2.785616517996256647e-01 -9.028664162053692821e-02 -3.242586345672607839e-01 1.443838151502980713e-02 -7.428785623851245912e-02 -2.981901092529297137e-01 -3.465290271399883992e-01 4.607426808891994241e-02 -3.051506299972534531e-01 -1.098787293682007005e-01 -5.497201875694782136e-02 -3.017137546539306880e-01
2.669097066541252783e-01 -9.315903188160493120e-02 -3.229330034255981641e-01 2.582914636457686944e-02 -8.009599711386365672e-02 -2.874460144042969012e-01 -3.516753177157453947e-01 5.362303367836783463e-02 -3.007061309814453853e-01 -1.265931746141422121e-01 -4.869941344058687643e-02 -3.029205722808838153e-01
2.557170488424153065e-01 -9.524580085875083979e-02 -3.209143419265746977e-01 4.162655958510216858e-02 -9.204647280484204441e-02 -2.865905685424804394e-01 -3.535870905154982480e-01 7.430644229639166154e-02 -2.965233678817749130e-01 -1.421639473368819795e-01 -4.039115867935506865e-02 -3.027218980789184721e-01
2.451343743529089125e-01 -9.670363586686531177e-02 -3.190168972015381410e-01 6.181767895948498542e-02 -1.108867584032698500e-01 -2.852232522964478489e-01 -3.519496735958569933e-01 9.635315517334364088e-02 -2.935068483352661906e-01 -1.564016287886917378e-01 -3.001364503312888357e-02 -3.024831695556641220e-01
2.351463931903819971e-01 -9.773004479179724091e-02 -3.171737451553344744e-01 9.909149899458986888e-02 -1.268012482928905782e-01 -2.570775623321533421e-01 -3.466709604236202780e-01 1.181229752000759192e-01 -2.904513330459594922e-01 -1.691325331993780157e-01 -1.814890943154967573e-02 -3.019292325973511049e-01
2.268818172872052730e-01 -9.660353797454823699e-02 -3.155942697525025431e-01 1.222627559520196167e-01 -1.475283586567462113e-01 -2.311947174072266353e-01 -3.373708653869095242e-01 1.377598447122947434e-01 -2.863255901336669851e-01 -1.801372504227126969e-01 -5.602542019679829233e-03 -3.012682027816772079e-01
2.214718354950500900e-01 -9.159141829552619463e-02 -3.142366142272949858e-01 1.415552048916021155e-01 -1.671127273736749685e-01 -2.091739196777344101e-01 -3.223313786674693038e-01 1.546629488111795347e-01 -2.813185758590698304e-01 -1.895388600647585631e-01 7.648161592188777724e-03 -3.006909103393555216e-01
2.165561034635704596e-01 -8.624407554500101991e-02 -3.132139272689820064e-01 1.603945278151979181e-01 -1.874328880672861686e-01 -1.978822441101074636e-01 -3.025896248458969651e-01 1.680337794062876922e-01 -2.760987396240233704e-01 -1.974858398465149933e-01 2.131017996332079667e-02 -3.004782743453979221e-01
2.120273652866637160e-01 -8.072532828022142837e-02 -3.125663681030273477e-01 1.777036093478032708e-01 -2.075699028734291351e-01 -1.872835083007812484e-01 -2.814553965701273031e-01 1.771757199975067254e-01 -2.708995456695556525e-01 -2.040999789987268942e-01 3.439015862505361010e-02 -3.007931394577026407e-01
2.077008864994406290e-01 -7.494875194164277166e-02 -3.123587532043457515e-01 1.880215651493773177e-01 -2.229091799785878347e-01 -1.730479354858398822e-01 -2.587006924901747440e-01 1.860288615922524313e-01 -2.673700447082519860e-01 -2.098941643031227156e-01 4.641681395307641761e-02 -3.017970771789551532e-01
2.035092007628535593e-01 -6.885161534817320350e-02 -3.129083652496338352e-01 1.900700955313436857e-01 -2.316101400813667666e-01 -1.647461814880371300e-01 -2.315997304952804037e-01 2.010501741276997378e-01 -2.655504245758056880e-01 -2.153597541659533765e-01 5.696847841789924594e-02 -3.038309926986694776e-01
1.997303351162500462e-01 -6.229075603830450114e-02 -3.137083358764648500e-01 1.804977911709375882e-01 -2.429344633136951148e-01 -1.725211448669433378e-01 -2.041515630945682225e-01 2.143008159595583273e-01 -2.655236930847167942e-01 -2.205663476533475387e-01 6.689596173715942062e-02 -3.062789840698242338e-01
1.961441020850765438e-01 -5.513690206255589255e-02 -3.146593255996704697e-01 1.692567729835140755e-01 -2.552581484004465828e-01 -2.006647224426270082e-01 -1.762168237094798029e-01 2.206382075678701704e-01 -2.673000450134278005e-01 -2.256333086552498868e-01 7.629042193104541847e-02 -3.090395994186402318e-01
1.927852657888639576e-01 -4.759450255338616709e-02 -3.157340879440307391e-01 1.618077267263640096e-01 -2.785683795065112545e-01 -2.448951644897460755e-01 -1.454928808333862678e-01 2.202577081139441284e-01 -2.701894779205322172e-01 -2.306299343011297964e-01 8.557700614874810818e-02 -3.121636695861816357e-01
1.898163516310222287e-01 -4.005406876783876302e-02 -3.167221422195435343e-01 1.389699160841471048e-01 -2.899771186945966361e-01 -2.549693984985352824e-01 -1.144001662742024916e-01 2.174426300349422969e-01 -2.735134334564209846e-01 -2.354173525252837851e-01 9.531617428450686602e-02 -3.152791185379029137e-01
1.874174390757563646e-01 -3.280837753240958832e-02 -3.176020593643189005e-01 1.181582838023187976e-01 -2.895188877863158483e-01 -2.742927188873291455e-01 -8.489172638812254867e-02 2.116119474138798695e-01 -2.768784065246581161e-01 -2.398224827195751807e-01 1.057377758647350674e-01 -3.181278676986694087e-01
1.855949571894687788e-01 -2.598909092865232806e-02 -3.179877443313599006e-01 1.001946886347813565e-01 -2.877386942001367576e-01 -2.903304405212402961e-01 -5.657705992882168522e-02 2.036351448991748914e-01 -2.801926059722901208e-01 -2.437481844108386475e-01 1.173709869821880358e-01 -3.203831548690796449e-01
1.843685158480314334e-01 -1.916006668820023628e-02 -3.174854106903076678e-01 8.750779807459392601e-02 -2.809964466930831573e-01 -3.034149379730225471e-01 -3.086255406572797899e-02 1.926701167150724481e-01 -2.831323046684267042e-01 -2.472258007165833715e-01 1.299201647138583660e-01 -3.220135755538942046e-01
1.838715919130111676e-01 -1.284875761140998052e-02 -3.158811779022216992e-01 7.842957531144864602e-02 -2.712385281192226105e-01 -3.103333492279052863e-01 -7.383095731179664667e-03 1.785054142734948113e-01 -2.838338251113891597e-01 -2.502523733423440144e-01 1.430608894782775253e-01 -3.229141111373901585e-01
1.840088906394948820e-01 -9.468543268498122445e-03 -3.127290267944336510e-01 7.184751368636993485e-02 -2.611455299628341331e-01 -3.140908021926880345e-01 1.182128410018452869e-02 1.646736271185984535e-01 -2.835971326828002348e-01 -2.527527584512269110e-01 1.567367413803099074e-01 -3.230564470291136803e-01
1.838725227318216415e-01 -1.076078475275085711e-02 -3.066531820297241362e-01 6.744283523182163786e-02 -2.510892607048992864e-01 -3.156738204956054950e-01 2.589322929328458089e-02 1.539845619627682460e-01 -2.847876281738281334e-01 -2.544974404473624996e-01 1.714776956168576061e-01 -3.223994131088256943e-01
1.839271092185784662e-01 -1.870102857950364794e-02 -2.955117340087891620e-01 6.377342269514109374e-02 -2.409607636869254832e-01 -3.162086458206177508e-01 3.499127139336012660e-02 1.449216696483811018e-01 -2.870070381164550599e-01 -2.548299077383485711e-01 1.870461811796935714e-01 -3.207836742401122820e-01
1.830709367311947333e-01 -3.518579949773237292e-02 -2.827061338424684545e-01 6.044630294213218513e-02 -2.313618401471465025e-01 -3.158154983520509718e-01 4.071644756917860292e-02 1.386136194901857466e-01 -2.886776251792908532e-01 -2.538836904321817856e-01 2.028029525629905516e-01 -3.184501190185547448e-01
1.806354601942884441e-01 -5.948945166543724572e-02 -2.707977218627928839e-01 5.702547484272603440e-02 -2.222342636771560687e-01 -3.141037244796752170e-01 4.512602485525300106e-02 1.394713761168870358e-01 -2.922384495735168564e-01 -2.522578115755472750e-01 2.184519834129604599e-01 -3.154357643127441713e-01
1.773683833621120809e-01 -8.978862078439782402e-02 -2.618337745666504679e-01 5.296408648711213585e-02 -2.132853401447493691e-01 -3.117504854202271525e-01 4.528746990472413969e-02 1.467318824517090947e-01 -2.974439663887024632e-01 -2.502502185902892307e-01 2.337523652552089826e-01 -3.122937364578247665e-01
1.729027127594672808e-01 -1.248118067207479864e-01 -2.543422145843506343e-01 4.759900182196726004e-02 -2.043957605781698827e-01 -3.089679927825927930e-01 4.262776362014997211e-02 1.571140199053854269e-01 -3.020657367706298113e-01 -2.480122489575022071e-01 2.482728319552649499e-01 -3.085677118301390909e-01
1.744185749750767900e-01 -1.583266423081559071e-01 -2.485127372741698926e-01 4.105244937658045212e-02 -1.953593549767600190e-01 -3.059352893829344611e-01 3.917957566251380197e-02 1.661816896898246076e-01 -3.026096863746643439e-01 -2.453385185046642047e-01 2.611373918438419373e-01 -3.037479419708252193e-01
1.881535894734400749e-01 -1.831498273035626623e-01 -2.486680145263672204e-01 3.390120584155786876e-02 -1.863663529389205376e-01 -3.038312025070191158e-01 3.509562420759813894e-02 1.733776390104512233e-01 -3.005547089576721675e-01 -2.399169178131712044e-01 2.687319015430564284e-01 -2.994574136734009517e-01
2.005229800249583028e-01 -2.070817873347746974e-01 -2.503396339416504301e-01 2.658768195596665496e-02 -1.771491275744885296e-01 -3.029268045425415612e-01 3.028905409125062786e-02 1.809519072976009668e-01 -2.995350379943847452e-01 -2.324173118495073131e-01 2.714686210018393275e-01 -2.945707149505614741e-01
2.127701109642151645e-01 -2.314890166320823783e-01 -2.550768299102783576e-01 2.009658189604343614e-02 -1.677980805668743691e-01 -3.010264129638672292e-01 2.537046911544674210e-02 1.891885771380465431e-01 -2.993599052429199436e-01 -2.239817131431855457e-01 2.696922460113981845e-01 -2.880455513000488854e-01
2.230184670305029870e-01 -2.538452721075686314e-01 -2.614732856750488499e-01 1.504819764404249222e-02 -1.590432971688098274e-01 -2.960862846374511803e-01 2.066403444030333325e-02 1.980479431694976422e-01 -2.996053714752197616e-01 -2.153054966189042740e-01 2.636095373328798397e-01 -2.811201353073120579e-01
2.284453872637933480e-01 -2.687006961955064055e-01 -2.673459692001343146e-01 1.149839989341695096e-02 -1.508997081742382007e-01 -2.889535446166993093e-01 1.601883444704288451e-02 2.073290256718676172e-01 -3.004262132644653915e-01 -2.056425554753835427e-01 2.527628942385470312e-01 -2.748448534011841415e-01
2.284774448621491039e-01 -2.742584554009308562e-01 -2.770625038146973251e-01 7.685968405267383508e-03 -1.433499934218801786e-01 -2.842583580017090106e-01 1.160385471508752764e-02 2.168678614540254790e-01 -3.018434400558471786e-01 -1.930695557998704237e-01 2.348120353347541989e-01 -2.711150808334350515e-01
2.249858779437151346e-01 -2.723761966064065509e-01 -2.890695304870606885e-01 2.266613517102653019e-03 -1.343442454500889949e-01 -2.838217992782594012e-01 7.481575323872044492e-03 2.266005667803596135e-01 -3.037600297927856574e-01 -1.763797926084808010e-01 2.097400783090607734e-01 -2.696879978179931858e-01
2.194247611633059203e-01 -2.654247534595629565e-01 -2.996147031784057169e-01 -7.742655484309877989e-03 -1.229779398846109761e-01 -2.904117221832275275e-01 3.558275369406269095e-03 2.365043595529255915e-01 -3.056474704742432325e-01 -1.580959636033905935e-01 1.823200628831977421e-01 -2.697817010879517419e-01
2.118794531789646163e-01 -2.555471462096463031e-01 -3.068012685775756143e-01 -4.091125025310720503e-02 -1.197475473685179759e-01 -3.166543359756469056e-01 7.441038587711890084e-05 2.466197776467981551e-01 -3.073739404678345055e-01 -1.394405609641354293e-01 1.542084234067019333e-01 -2.718277902603150054e-01
2.060505562219150932e-01 -2.455752975366465585e-01 -3.109937305450439782e-01 -5.129203231840846061e-02 -1.159450455202416380e-01 -3.172794408798217947e-01 -3.501508246091786236e-03 2.568345844630700592e-01 -3.087610979080200324e-01 -1.209126266314586307e-01 1.259290681482083396e-01 -2.735303516387939671e-01
2.009340109288537402e-01 -2.357523562448229637e-01 -3.138318986892700835e-01 -5.493569182603814244e-02 -1.086544711582636408e-01 -3.170769996643066913e-01 -7.170675291935879603e-03 2.671145210074881149e-01 -3.101634044647217370e-01 -1.040322748915673279e-01 9.950179354834029488e-02 -2.773399038314819931e-01
1.961857018549006126e-01 -2.252109692404566932e-01 -3.157907934188842747e-01 -5.593849193608328718e-02 -1.024512842664908330e-01 -3.157081909179687562e-01 -1.096005806006063177e-02 2.773718896217813312e-01 -3.116212005615234260e-01 -8.876889644821112091e-02 7.392328950368985685e-02 -2.797325034141540656e-01
1.917296067988570607e-01 -2.138226674174488751e-01 -3.172403163909912616e-01 -5.649027223388678604e-02 -9.992189202143419990e-02 -3.127911014556885583e-01 -1.486711939458371101e-02 2.880055445671560466e-01 -3.134541053771973118e-01 -7.613179164894190443e-02 5.073165929048878420e-02 -2.810683507919312096e-01
1.876672859785684100e-01 -2.017668982420306178e-01 -3.184765739440917898e-01 -5.500682370898089812e-02 -9.965141468943410075e-02 -3.033900041580199769e-01 -1.868191842120854596e-02 2.989795036521107341e-01 -3.153853769302368271e-01 -6.686296201783333004e-02 3.233687742016708166e-02 -2.826688714027404403e-01
1.840495524496922330e-01 -1.890222387738725307e-01 -3.194497461318969722e-01 -5.125380010413003312e-02 -1.102777572106985737e-01 -2.871410484313964839e-01 -2.180799605741552682e-02 3.101239939093086151e-01 -3.168147535324096764e-01 -6.058870074021263652e-02 1.895132133054963294e-02 -2.849013061523437695e-01
1.807891882426150842e-01 -1.756795269881397115e-01 -3.198759050369262558e-01 -4.270718558904307988e-02 -1.291250717674480020e-01 -2.741186161041259672e-01 -2.424075623882449015e-02 3.213111703692266286e-01 -3.175672502517700169e-01 -5.728739120290032849e-02 1.176989028284721253e-02 -2.877968616485595543e-01
1.776551028256307951e-01 -1.622636911523809566e-01 -3.196904916763306237e-01 -2.839281920148965105e-02 -1.521344892724011133e-01 -2.635954303741455673e-01 -2.621222194758128510e-02 3.322640444625447054e-01 -3.174682207107544785e-01 -5.962723320568489443e-02 9.646229332639488091e-03 -2.882803649902344612e-01
1.744677495037789405e-01 -1.488870631851042514e-01 -3.192400903701781978e-01 -9.371591729547448790e-03 -1.765487648693508937e-01 -2.561375446319580362e-01 -2.755454662610253014e-02 3.427285163741463081e-01 -3.165544481277465794e-01 -6.234349144978149071e-02 1.263841631892926101e-02 -2.904754443168640066e-01
1.709865339137492946e-01 -1.357134377605068165e-01 -3.187078924179078121e-01 1.220176149499288543e-02 -2.009871189933189473e-01 -2.513753719329835379e-01 -2.814612604526360584e-02 3.525569292885010197e-01 -3.148913164138794629e-01 -6.348304639491583745e-02 1.986443109009100941e-02 -2.952461428642273455e-01
1.671001737479411997e-01 -1.228057125867390853e-01 -3.180789394378661927e-01 3.476907149232051630e-02 -2.242385231915203225e-01 -2.480255241394042631e-01 -2.818620108143543579e-02 3.614852134406481565e-01 -3.124999446868896302e-01 -6.336961854152194096e-02 2.939722582992274069e-02 -2.996617956161499174e-01
1.628994592005460484e-01 -1.104351103253006505e-01 -3.176405591964721609e-01 5.673925613729684236e-02 -2.468362379527529460e-01 -2.466876335144042864e-01 -2.758216103309100997e-02 3.694378167912051869e-01 -3.096741647720336887e-01 -6.458889224476196955e-02 3.852299318011502549e-02 -3.009170074462890199e-01
1.583448765376820611e-01 -9.872289304645387453e-02 -3.174988622665406157e-01 7.654450484377782471e-02 -2.693752741569069853e-01 -2.473917121887207471e-01 -2.673579068368475697e-02 3.771344353694752183e-01 -3.067614192962647146e-01 -6.702017769102201761e-02 4.701453252948623734e-02 -3.021471590995789547e-01
1.534733073443505236e-01 -8.765668380032132223e-02 -3.178059597015381876e-01 9.452018383003524260e-02 -2.900506491053592706e-01 -2.516731567382813339e-01 -2.585758171033185338e-02 3.792673328317389680e-01 -3.038922758102418076e-01 -6.924151253090929381e-02 5.618917144390814244e-02 -3.037086100578308967e-01
1.483024622501434298e-01 -7.720861840253340214e-02 -3.185582513809205318e-01 1.108433837495040458e-01 -3.103398892409658383e-01 -2.612556381225587532e-01 -2.384854807552951039e-02 3.757355466851622916e-01 -3.019748611450197018e-01 -7.134731891720240415e-02 6.676473833442277128e-02 -3.056514377593995690e-01
1.430394195626097376e-01 -6.754646815581549779e-02 -3.195408697128295783e-01 1.248526790450443374e-01 -3.308389782452595962e-01 -2.752265472412109282e-01 -2.095785796721016947e-02 3.686569075226762138e-01 -3.003039474487304572e-01 -7.292787790019868155e-02 7.802593403669397243e-02 -3.080185027122497310e-01
1.375733565413227721e-01 -5.851724424708006772e-02 -3.206008214950561430e-01 1.336177250000952776e-01 -3.457997060615155549e-01 -2.887490005493164036e-01 -1.932381035892237475e-02 3.584121373933911725e-01 -2.985554666519164568e-01 -7.398304048179080161e-02 8.953140617576987870e-02 -3.107052464485168253e-01
1.316969912955381627e-01 -4.981586056761924675e-02 -3.216020078659058146e-01 1.368758341899001252e-01 -3.552457403751171916e-01 -3.024161453247070641e-01 -1.880606810909570686e-02 3.446241500525175083e-01 -2.960409040451050244e-01 -7.464930766761904146e-02 1.010773331942447506e-01 -3.135149116516113832e-01
1.255021896535182813e-01 -4.160312131813229813e-02 -3.224681253433226424e-01 1.347185667021590372e-01 -3.605194793335227965e-01 -3.156419391632079297e-01 -1.902623617494722530e-02 3.267665203568875798e-01 -2.935315866470337154e-01 -7.532061776376661189e-02 1.126117386310898083e-01 -3.162875909805298313e-01
1.191093179613639530e-01 -3.348021424440172922e-02 -3.231769104003906490e-01 1.318359203882876751e-01 -3.606928708841357079e-01 -3.265617246627808279e-01 -1.051306848259803139e-02 3.057757302948063693e-01 -2.910886497497557901e-01 -7.597811066697113258e-02 1.241515427715893793e-01 -3.188784379959105908e-01
1.123519304021775300e-01 -2.533773140528650103e-02 -3.237493200302124507e-01 1.292704319373237931e-01 -3.551370245686252813e-01 -3.348709363937378836e-01 -2.843662768832778964e-03 2.824556964012157056e-01 -2.893319244384764954e-01 -7.839631009760009150e-02 1.354996435065384530e-01 -3.214425725936889133e-01
1.056040186238958178e-01 -1.776183375615830035e-02 -3.239448518753050843e-01 1.254225595365849322e-01 -3.456507553173062686e-01 -3.402928133010863498e-01 3.957122590900780112e-03 2.585474934103614286e-01 -2.888340396881102778e-01 -8.226943041747500351e-02 1.465827269820684509e-01 -3.237981433868407644e-01
9.938987264684780165e-02 -1.105207175006066300e-02 -3.238111801147461333e-01 1.212694673005229734e-01 -3.345407674500709416e-01 -3.437055273056030535e-01 1.003257313188270911e-02 2.335052845577874903e-01 -2.888517589569092325e-01 -8.631489972644718067e-02 1.574784939337468270e-01 -3.259838886260986723e-01
9.422912439798440676e-02 -5.446945146422209338e-03 -3.226161308288573726e-01 1.173299168379944996e-01 -3.231947813300293793e-01 -3.454197425842284730e-01 1.532655833162029080e-02 2.075102412223689963e-01 -2.884246368408204253e-01 -9.048255373665961554e-02 1.684216054951082897e-01 -3.282810134887695908e-01
9.062795998550721155e-02 -1.223229008050934208e-03 -3.196083707809448393e-01 1.135680171034421926e-01 -3.128231898298668434e-01 -3.462329835891723717e-01 1.987782623636115062e-02 1.825019687536074964e-01 -2.892617578506470055e-01 -9.484170029317573469e-02 1.792821877009293796e-01 -3.307517309188842680e-01
8.894276181896054734e-02 1.471324889252216550e-03 -3.135572166442871511e-01 1.097315647402485050e-01 -3.026295244654513272e-01 -3.469065494537353911e-01 2.426065414618024801e-02 1.571162308614571512e-01 -2.903857727050780380e-01 -9.947728752072118596e-02 1.895865815545907662e-01 -3.325245161056517573e-01
8.998025905782462697e-02 2.397134055372875105e-03 -3.023150701522828721e-01 1.057793715429640874e-01 -2.928859122873502252e-01 -3.472766942977907334e-01 2.856856295849873745e-02 1.317897346359291066e-01 -2.895375509262085867e-01 -1.043554688050013224e-01 1.992200325196020194e-01 -3.336766119003296560e-01
9.503844106482266241e-02 1.063941793054773433e-03 -2.867965240478516087e-01 1.016211226355236835e-01 -2.835470278425042956e-01 -3.474279184341431126e-01 3.235705397448132570e-02 1.096641961985173053e-01 -2.879239435195923291e-01 -1.093852311722443849e-01 2.081739398806781438e-01 -3.344216938018799157e-01
1.036525609844886620e-01 -1.815880715093302900e-03 -2.700766391754150786e-01 9.732302052299054984e-02 -2.746275924337640006e-01 -3.474241847991944021e-01 3.517341562677778199e-02 9.327580278657617019e-02 -2.880982322692870468e-01 -1.144247650611617817e-01 2.165626677713577697e-01 -3.349245662689208092e-01
1.151505870000648912e-01 -5.564841733660133571e-03 -2.544026870727539302e-01 9.277703766689054943e-02 -2.663769401407402038e-01 -3.474101371765136448e-01 3.705856360346479472e-02 8.149841163744075967e-02 -2.900328941345213796e-01 -1.193172412383017855e-01 2.234457132536649959e-01 -3.349949140548704740e-01
1.285483942340238384e-01 -9.502487830539647906e-03 -2.396541614532470832e-01 8.813322299675878380e-02 -2.583609347916051568e-01 -3.472805233001708958e-01 3.830068473283224778e-02 7.407718087292690379e-02 -2.934212608337402606e-01 -1.243878518588196480e-01 2.302397570136890115e-01 -3.349732608795166211e-01
1.427434122425224605e-01 -1.291639300746028063e-02 -2.285509986877441446e-01 8.349566907053225517e-02 -2.502191221590738812e-01 -3.471753807067870512e-01 3.852125767571767945e-02 7.295156263775076644e-02 -2.990439100265503969e-01 -1.297238062343301634e-01 2.373280318758056728e-01 -3.350415821075440337e-01
1.607478460110029483e-01 -1.744952019480483507e-02 -2.233948249816894993e-01 7.867720857018817293e-02 -2.421141621402554955e-01 -3.472280187606812119e-01 3.742044178096994023e-02 7.953242764337058179e-02 -3.066393656730652117e-01 -1.353312799327379135e-01 2.443735069121593662e-01 -3.350965185165405980e-01
1.815632949489353887e-01 -2.247153547761044506e-02 -2.226876373291016009e-01 7.360508849175854962e-02 -2.340790718179232566e-01 -3.473433465957642130e-01 3.586667435039338214e-02 8.777589650503882235e-02 -3.135642452239990607e-01 -1.414883841967523315e-01 2.511203434636240517e-01 -3.350104494094848784e-01
2.038616457673343985e-01 -2.732493869750562271e-02 -2.254507560729981375e-01 6.832555424350220119e-02 -2.261581646443707738e-01 -3.474211139678956006e-01 3.397544628595818017e-02 9.581229493506482342e-02 -3.181538696289062385e-01 -1.479121457745511958e-01 2.573365355526153198e-01 -3.344422168731689404e-01
2.272257353778337485e-01 -3.175530984676315505e-02 -2.307765884399414213e-01 6.293429024820572371e-02 -2.184610633081996434e-01 -3.473143024444580451e-01 3.141243157504505779e-02 1.041603092268613556e-01 -3.209260149002075568e-01 -1.542065389269838827e-01 2.628101663655831310e-01 -3.330629796981811608e-01
2.527704875362978276e-01 -3.611301148625899182e-02 -2.380543537139892529e-01 5.754958573606880345e-02 -2.109850246428464915e-01 -3.470035619735716836e-01 2.812504811612237185e-02 1.127971216643423868e-01 -3.224476189613342259e-01 -1.603611619355145845e-01 2.662911089243297780e-01 -3.310859699249267818e-01
2.746099257006933692e-01 -3.813645416908546110e-02 -2.482291145324707626e-01 5.222944831273073490e-02 -2.038165959246924785e-01 -3.463568086624145836e-01 2.371043150441273784e-02 1.214283888861527327e-01 -3.226933355331421116e-01 -1.658370618315065381e-01 2.677454820485089537e-01 -3.281075210571289258e-01
2.906937061568021230e-01 -3.701785240114291442e-02 -2.602901096343994691e-01 4.710065222127432505e-02 -1.969738695573194087e-01 -3.454331893920898899e-01 1.801851955467138194e-02 1.302169283028217772e-01 -3.233570070266724161e-01 -1.701477119018003359e-01 2.677886049300178817e-01 -3.241615648269653982e-01
2.994061983415050587e-01 -3.255613493173327433e-02 -2.737690181732178596e-01 4.215487606523802416e-02 -1.906158504963879896e-01 -3.442183418273926376e-01 1.109124265573171314e-02 1.388211340285353534e-01 -3.236699457168579763e-01 -1.735166788311059138e-01 2.658221108643809560e-01 -3.191105766296387092e-01
3.007623006124504617e-01 -2.523434681954940528e-02 -2.888742561340333914e-01 3.707708147380675556e-02 -1.849712077003602961e-01 -3.426322145462037949e-01 3.056265102655456034e-03 1.468317574467281339e-01 -3.229683847427368693e-01 -1.764616987621727418e-01 2.610156285495807138e-01 -3.114296836853027717e-01
2.950000700833531608e-01 -1.598539434036619356e-02 -3.059800882339479000e-01 3.185250876680435772e-02 -1.802836606050788604e-01 -3.406357831954957560e-01 -5.705033265190673220e-03 1.538662875417429188e-01 -3.220582885742188095e-01 -1.779989192691277811e-01 2.512611217701673505e-01 -3.005822772979736546e-01
2.834972175416766715e-01 -5.565958971015035062e-03 -3.201252527236937429e-01 2.634271011759872771e-02 -1.762962765259813713e-01 -3.383782548904418208e-01 -1.450267048880108517e-02 1.597718197347234026e-01 -3.214156742095947705e-01 -1.783711645586518180e-01 2.309206806873328466e-01 -2.876863880157470854e-01
2.737143031003372307e-01 4.318182930648513385e-03 -3.316839952468872421e-01 2.103304674965161478e-02 -1.728611770370095391e-01 -3.358268995285034197e-01 -2.306478074047720733e-02 1.646400616602306521e-01 -3.212222547531128347e-01 -1.783376729963877250e-01 2.035734019618712642e-01 -2.730606145858764933e-01
2.642671074602215842e-01 1.362582257716864892e-02 -3.372447366714479977e-01 1.618724726847744003e-02 -1.700676560049065311e-01 -3.330499382019045385e-01 -3.119165547521218773e-02 1.687231550963879945e-01 -3.214210004806519749e-01 -1.777527402358402009e-01 1.722759055283356044e-01 -2.572904891967774388e-01
2.560157305009558848e-01 2.230614533233324370e-02 -3.398703975677490052e-01 1.208351540609019920e-02 -1.679233107793985103e-01 -3.302419729232787815e-01 -3.946754924441590873e-02 1.725539971495439473e-01 -3.220683021545410196e-01 -1.767391702651622820e-01 1.384176276034454478e-01 -2.422864551544189338e-01
2.482301370660509876e-01 3.045368954400829234e-02 -3.407799930572509850e-01 9.255474363321733455e-03 -1.663013225398000672e-01 -3.275368423461914036e-01 -4.785667735469702200e-02 1.761143153114635151e-01 -3.232696123123169341e-01 -1.766699549643843126e-01 1.041398582622928837e-01 -2.314641399383545184e-01
2.405381464086699950e-01 3.841115786878522564e-02 -3.409527797698975737e-01 8.100313921182886526e-03 -1.650305581027766422e-01 -3.246217842102051554e-01 -5.663838817608550513e-02 1.793308319105250681e-01 -3.248923988342286018e-01 -1.773127432859828434e-01 7.044321773167308565e-02 -2.266677494049073316e-01
2.326206302827692474e-01 4.624433772893178640e-02 -3.412878293991088441e-01 8.331143703751722751e-03 -1.635734401722795384e-01 -3.215708847045897767e-01 -6.595975677305027096e-02 1.821780746044397437e-01 -3.267559022903442911e-01 -1.785539086434103084e-01 3.681737724764000408e-02 -2.278330345153808945e-01
2.243905530903428369e-01 5.401031879233090388e-02 -3.425147457122803551e-01 1.027048723857121662e-02 -1.614157984424955672e-01 -3.190081710815430571e-01 -7.597836977638636191e-02 1.846301294360598033e-01 -3.287089366912842592e-01 -1.802735454762582346e-01 4.198534723461447293e-03 -2.339563865661621889e-01
2.160080414419593975e-01 6.160278169585610419e-02 -3.437741823196411306e-01 1.443470318791899298e-02 -1.583358342703972688e-01 -3.170246810913086022e-01 -8.678501229407015183e-02 1.865330023016797401e-01 -3.304023427963257986e-01 -1.815815298486257445e-01 -2.658513524541536444e-02 -2.431997222900391942e-01
2.075183239340109287e-01 6.898971850840344977e-02 -3.446652669906615230e-01 2.134087086651877824e-02 -1.541327338252176660e-01 -3.153072328567503857e-01 -9.820617461454497765e-02 1.877750073943023068e-01 -3.317635793685911882e-01 -1.823548199762544120e-01 -5.407750257157874912e-02 -2.557552022933958780e-01
1.989491530326409907e-01 7.619781897618500832e-02 -3.452738828659058234e-01 3.109481341457892567e-02 -1.486423959189205612e-01 -3.140248508453369336e-01 -1.098104955084742845e-01 1.883206023899428316e-01 -3.328813142776489986e-01 -1.821446995579650840e-01 -7.928049785891852497e-02 -2.684174652099609593e-01
1.904611597753800012e-01 8.318433993529368575e-02 -3.456118459701537637e-01 4.360560972681755409e-02 -1.411912748704614584e-01 -3.131636543273925710e-01 -1.213135911631718078e-01 1.880771164544885465e-01 -3.336525363922118737e-01 -1.817372555982550153e-01 -1.016526098330071404e-01 -2.795181484222411528e-01
1.819008051846754126e-01 9.014073319692608721e-02 -3.456497354507445108e-01 5.841670693864331465e-02 -1.327755407433443280e-01 -3.121188373565672580e-01 -1.322957800316479082e-01 1.872914235491023038e-01 -3.342139024734496755e-01 -1.823487302132351107e-01 -1.178650374047981453e-01 -2.893904657363891575e-01
1.731799781319923737e-01 9.692166172977889627e-02 -3.454640502929688939e-01 7.502171104654400957e-02 -1.231223994964749935e-01 -3.103386230468751505e-01 -1.429271617229046498e-01 1.858679317462262337e-01 -3.347910614013673292e-01 -1.843394929561965045e-01 -1.262770575619498459e-01 -2.994102258682252438e-01
1.643878478553110201e-01 1.034458200370098613e-01 -3.450755424499510893e-01 9.288372175965223243e-02 -1.115156080304518377e-01 -3.072080488204955162e-01 -1.533633527880719494e-01 1.836645681363688332e-01 -3.354145259857178041e-01 -1.878824798234847160e-01 -1.308550804528338385e-01 -3.078404684066772257e-01
1.555051584621115479e-01 1.098405174831559999e-01 -3.445629472732543719e-01 1.116703327144203950e-01 -9.793910313112992594e-02 -3.035373897552489653e-01 -1.637272892358519749e-01 1.805309475374076156e-01 -3.359835071563721520e-01 -1.919875055984189838e-01 -1.323536083822949572e-01 -3.148904724121094345e-01
1.466056052187124925e-01 1.160173684878830769e-01 -3.439467973709106619e-01 1.318177258055326373e-01 -8.269977089223655431e-02 -3.004053659439087642e-01 -1.739440022543938258e-01 1.764833705526774321e-01 -3.364145870208740674e-01 -1.977559788400959917e-01 -1.315080632567760532e-01 -3.224898595809936874e-01
1.378010160239288018e-01 1.218755869137442271e-01 -3.432671327590943178e-01 1.515358706550568590e-01 -6.542211526284526235e-02 -2.974618597030640466e-01 -1.831528191973970099e-01 1.709900214859107481e-01 -3.360808105468749973e-01 -2.033609825024443318e-01 -1.288787923200135077e-01 -3.291613502502441224e-01
1.289931579920791660e-01 1.273716442226277834e-01 -3.423594589233399099e-01 1.709986201089840063e-01 -4.581650217310941076e-02 -2.953120155334473251e-01 -1.885423616143462322e-01 1.702832932380211883e-01 -3.349971456527710556e-01 -2.070958390818410655e-01 -1.251946045421231668e-01 -3.328057785034180260e-01
1.201874381148563542e-01 1.323715903710797059e-01 -3.411776847839356197e-01 1.895806962683340424e-01 -2.366112360839311979e-02 -2.939560813903809855e-01 -1.905245596019529419e-01 1.756440270079022703e-01 -3.328461236953736413e-01 -2.099683906699131297e-01 -1.213128979777235161e-01 -3.345405693054200325e-01
1.115797372855252267e-01 1.366069014571056894e-01 -3.402804679870605753e-01 2.071981970227473047e-01 -1.780477973621630294e-05 -2.935466499328613366e-01 -1.928077927788872659e-01 1.799157257865426629e-01 -3.298957366943358060e-01 -2.124292469879120182e-01 -1.184004833652663180e-01 -3.350385494232176464e-01
1.033560101268251041e-01 1.401159343125614742e-01 -3.396887893676756587e-01 2.234022217896327045e-01 2.547472512439924452e-02 -2.952573032379149365e-01 -1.954401493112855048e-01 1.815403499395759623e-01 -3.260241670608520770e-01 -2.147914144968601780e-01 -1.160060198764535921e-01 -3.347955913543701478e-01
9.560541401151878560e-02 1.429317558956926526e-01 -3.392315931320190603e-01 2.389324452808007648e-01 5.230206302127972384e-02 -2.986166448593139955e-01 -1.982940911706559395e-01 1.794543199894260144e-01 -3.210030527114868804e-01 -2.176331694989691035e-01 -1.130583182749852061e-01 -3.345176572799682946e-01
8.826124768588422542e-02 1.450826423841732327e-01 -3.388725585937500950e-01 2.517105259294761255e-01 7.873921742527270617e-02 -3.022866125106812296e-01 -2.016847127706021536e-01 1.726342558290984430e-01 -3.150010652542115097e-01 -2.209209762785995790e-01 -1.097082997579475194e-01 -3.344491596221924601e-01
8.148296874855454064e-02 1.464928845695288306e-01 -3.385973997116089040e-01 2.588846908447410833e-01 1.029276198799924519e-01 -3.050420923233032600e-01 -2.058327032014221625e-01 1.599300796075121822e-01 -3.080792732238769593e-01 -2.245969589140528744e-01 -1.063385433446085160e-01 -3.345999164581299201e-01
7.504829885333227923e-02 1.474864887024903148e-01 -3.384074420928955274e-01 2.620956462064379933e-01 1.236777739605894044e-01 -3.084332342147827477e-01 -2.101420572096942274e-01 1.405371771633184830e-01 -2.993757171630860858e-01 -2.283233123662342101e-01 -1.034088696877117630e-01 -3.347186965942384185e-01
6.901840335906389567e-02 1.480892585865822009e-01 -3.382205553054810077e-01 2.628733632431139999e-01 1.409404263813578972e-01 -3.124827260971069776e-01 -2.151832084559747449e-01 1.186834231218246993e-01 -2.899909038543700412e-01 -2.321146815054785928e-01 -1.011334925332420115e-01 -3.347908563613891109e-01
6.318780087680028745e-02 1.484524216384147943e-01 -3.379526109695434877e-01 2.611251132890340942e-01 1.549682723865639655e-01 -3.166904277801513845e-01 -2.138955359655728694e-01 1.076994627910482782e-01 -2.804320497512817756e-01 -2.357167350903580649e-01 -9.949743538817698574e-02 -3.347333784103393994e-01
5.759145087022074505e-02 1.484639283052190395e-01 -3.378296966552734037e-01 2.563069425692868775e-01 1.642950752703696560e-01 -3.216820354461669695e-01 -2.090500478114078464e-01 1.009147772926910769e-01 -2.722281188964842391e-01 -2.391329227785493061e-01 -9.818691618108855990e-02 -3.347637195587157000e-01
5.270499730499236118e-02 1.477851009105907165e-01 -3.378393907546997088e-01 2.468339003758209804e-01 1.676739488718606008e-01 -3.273147315979004213e-01 -2.042705126954845740e-01 9.387637532197110057e-02 -2.676773424148559677e-01 -2.424036173782745385e-01 -9.748466305860864489e-02 -3.350177116394043031e-01
4.822137633978536286e-02 1.468297527321412721e-01 -3.379563302993774387e-01 2.346834567869356403e-01 1.695480936488486801e-01 -3.326716012954711865e-01 -2.005344582652361651e-01 8.696959187661908175e-02 -2.686476058959961777e-01 -2.455474149210809809e-01 -9.703273596005139445e-02 -3.355626363754273256e-01
4.339203366959763775e-02 1.459831736627338339e-01 -3.382499618530273588e-01 2.266321397172414709e-01 1.708621305569033022e-01 -3.376122350692749019e-01 -1.974494185165952265e-01 8.021322049878540361e-02 -2.734573860168457160e-01 -2.485774748634198839e-01 -9.646625791127344529e-02 -3.363355846405029492e-01
3.817989660476980157e-02 1.451654069063364472e-01 -3.386711807250975537e-01 2.210478248357810593e-01 1.717393938506175943e-01 -3.419656009674071351e-01 -1.938905952713163572e-01 7.351536120045076839e-02 -2.807989044189453942e-01 -2.516806731202587688e-01 -9.584113318861554875e-02 -3.371474571228028627e-01
3.294598339591721381e-02 1.441794262690080652e-01 -3.391262407302856330e-01 2.171918873029176633e-01 1.721083697159593306e-01 -3.457885141372680771e-01 -1.915611888636448989e-01 6.711154494168589113e-02 -2.897741241455077943e-01 -2.548627037879903079e-01 -9.540380507184098580e-02 -3.378817291259765820e-01
2.780193009067147281e-02 1.426843281043529421e-01 -3.395831317901611413e-01 2.145941853342521188e-01 1.715945582597366847e-01 -3.490484066009521547e-01 -1.929732919927964474e-01 6.080891042160067178e-02 -3.010310001373291411e-01 -2.581143981010644017e-01 -9.571002511968527970e-02 -3.388657207489013667e-01
2.274312434190831761e-02 1.404318669311529766e-01 -3.397839803695678618e-01 2.115929640903045639e-01 1.702472157250723428e-01 -3.513434095382690359e-01 -1.970746179146870281e-01 5.395944838219107753e-02 -3.100346918106078875e-01 -2.610851315691228858e-01 -9.683996217729037848e-02 -3.397472114562988255e-01
1.784489258078691271e-02 1.376533423475511664e-01 -3.397433156967163970e-01 2.080116255160388561e-01 1.684277719757875103e-01 -3.529487438201905358e-01 -2.041081311080518434e-01 4.636760649495697689e-02 -3.158057851791382653e-01 -2.633328907757596093e-01 -9.862209418886047629e-02 -3.402268190383911928e-01
1.349775173517381299e-02 1.344009404235513849e-01 -3.394837684631348274e-01 2.040942399319393419e-01 1.661145134167553161e-01 -3.541928071975708470e-01 -2.123763490904165552e-01 3.799987187057319443e-02 -3.205768222808839663e-01 -2.655668160724911075e-01 -1.008205873069068642e-01 -3.403834791183473207e-01
9.698749874731411869e-03 1.310762547747580942e-01 -3.388415117263794407e-01 2.002629995414176023e-01 1.635595260321554834e-01 -3.550640792846679883e-01 -2.204424113397204232e-01 2.898455253489938196e-02 -3.241067380905151563e-01 -2.677619332235147143e-01 -1.039615198459140633e-01 -3.402166862487793209e-01
6.581524387257002562e-03 1.282031979774489738e-01 -3.378795833587646680e-01 1.968317966194199631e-01 1.607535403052277323e-01 -3.556278009414673424e-01 -2.285854366548622230e-01 1.930280159512968302e-02 -3.278269834518433012e-01 -2.699308206848411440e-01 -1.078674146282360136e-01 -3.397696180343628414e-01
4.090454778953520054e-03 1.258419977028785164e-01 -3.365335006713865984e-01 1.937476907548013882e-01 1.576861897714467720e-01 -3.558373184204100537e-01 -2.355726801671568227e-01 9.500869096641169353e-03 -3.314539690017699325e-01 -2.718012501493456412e-01 -1.121956386966362906e-01 -3.384793777465819331e-01
2.101471800983370497e-03 1.240885498430261552e-01 -3.346650953292846786e-01 1.908839501497652247e-01 1.544940823460725920e-01 -3.556804151535034597e-01 -2.410352774238819218e-01 -2.312747696163533484e-04 -3.341485900878906623e-01 -2.728391491458379003e-01 -1.174459355305171038e-01 -3.358317966461181747e-01
7.110001060931930850e-04 1.232921122512213724e-01 -3.323405475616456051e-01 1.881104453947345378e-01 1.512746172553228463e-01 -3.551159591674805660e-01 -2.452813142395639245e-01 -9.612408312487129292e-03 -3.354541177749634784e-01 -2.704129236126037172e-01 -1.237748881169552784e-01 -3.317966718673707183e-01
9.502394950262893492e-05 1.242702394987262593e-01 -3.292062873840332915e-01 1.852732566375744905e-01 1.482133841118309925e-01 -3.540570659637451989e-01 -2.489566077733086913e-01 -1.870666685404628882e-02 -3.354607410430908709e-01 -2.615558063545608269e-01 -1.316298644008945529e-01 -3.259217424392700790e-01
3.643409773054773204e-05 1.270678430336439069e-01 -3.251412601470947683e-01 1.822075855541526179e-01 1.454945992867251736e-01 -3.523319263458252193e-01 -2.523794568815338479e-01 -2.734983348035775058e-02 -3.346633167266844788e-01 -2.489429505367522222e-01 -1.424366659611413510e-01 -3.185986204147338019e-01
4.762604665413672222e-04 1.318386594453186955e-01 -3.197827405929566935e-01 1.789084062573895739e-01 1.430613687927987099e-01 -3.500725860595704231e-01 -2.556195291333746566e-01 -3.543159085248959173e-02 -3.333882780075073660e-01 -2.289134718840140081e-01 -1.552619428206328256e-01 -3.110998935699463286e-01
1.397772586830089980e-03 1.387781109484217956e-01 -3.132239980697633097e-01 1.753303706713830179e-01 1.408766569420415449e-01 -3.474223823547364920e-01 -2.587112153445313423e-01 -4.271007875300491391e-02 -3.315361137390138158e-01 -1.999048705926391722e-01 -1.674794721145709264e-01 -3.040137548446656957e-01
2.997773465770424417e-03 1.489163099287278968e-01 -3.063904399871827389e-01 1.714169287735633207e-01 1.390483565719352610e-01 -3.446657915115357573e-01 -2.617688070958198998e-01 -4.911789200235745084e-02 -3.295108814239502970e-01 -1.613417438062247911e-01 -1.762036088373366838e-01 -2.964771814346314205e-01
5.237392602266154051e-03 1.627384785316456917e-01 -2.995063943862915634e-01 1.671698586082584481e-01 1.372023154168674486e-01 -3.418800611495972364e-01 -2.649707248815465488e-01 -5.478455209283637078e-02 -3.274683542251586310e-01 -1.228732207938295906e-01 -1.813115221541078959e-01 -2.923649663925170228e-01
7.578066395779937958e-03 1.798377252092153156e-01 -2.934172744750977446e-01 1.625273904173034911e-01 1.352929252618723099e-01 -3.393038721084595810e-01 -2.683338994373706266e-01 -6.005655384309606382e-02 -3.255813188552857396e-01 -8.435374121979419271e-02 -1.811783315283388984e-01 -2.906515283584595322e-01
9.417515561992120809e-03 1.997457283738368616e-01 -2.884572048187256099e-01 1.573301359582618963e-01 1.333117516152196314e-01 -3.371577758789062740e-01 -2.719185620813548976e-01 -6.539591021320176334e-02 -3.240877552032471187e-01 -4.652650387386191022e-02 -1.791242196599784897e-01 -2.890059537887573748e-01
1.039806831057864256e-02 2.210174935797084295e-01 -2.848240585327148633e-01 1.516866364680142798e-01 1.311790655149273621e-01 -3.352827377319336222e-01 -2.755975028567519414e-01 -7.151138442563043096e-02 -3.228468389511107151e-01 -1.108009486082590922e-02 -1.754863997345334770e-01 -2.873788948059081139e-01
1.032481542715080886e-02 2.430459903996089466e-01 -2.826357908248901540e-01 1.456968401087245513e-01 1.287806684220211828e-01 -3.336494750976562451e-01 -2.790751451409445028e-01 -7.907442252381953474e-02 -3.219468469619752304e-01 1.914996931061667407e-02 -1.717600823948783884e-01 -2.881925101280213841e-01
8.715987348376828814e-03 2.654554943180616466e-01 -2.827532072067260871e-01 1.393879160254781202e-01 1.260321615935895978e-01 -3.321741409301757764e-01 -2.818512136310266092e-01 -8.859526661031597028e-02 -3.212922735214233660e-01 4.247864460586973923e-02 -1.668628113372508381e-01 -2.906966109275818111e-01
5.308964023755878558e-03 2.870550626845419506e-01 -2.835132474899292321e-01 1.326645477279741192e-01 1.228238726168981859e-01 -3.307462329864502837e-01 -2.837965389538146810e-01 -9.972368758255092946e-02 -3.207686157226561918e-01 5.752703236185413571e-02 -1.620957961509414125e-01 -2.944302744865416877e-01
6.186819446184280147e-04 3.077953446429659845e-01 -2.858730287551880522e-01 1.258284047050906018e-01 1.190718769577869540e-01 -3.292920465469361124e-01 -2.843460229626028068e-01 -1.127660678555425511e-01 -3.200403614044189937e-01 6.501745899931017647e-02 -1.582289757343805225e-01 -2.981750483512878858e-01
-5.609082978106708084e-03 3.254742514054972391e-01 -2.887371654510499375e-01 1.190099458213035449e-01 1.148467674784096199e-01 -3.277800483703614542e-01 -2.859491425133949827e-01 -1.223611720790553359e-01 -3.188209171295164901e-01 6.815618819253616012e-02 -1.565838877404179541e-01 -2.998760218620299400e-01
-1.332392339410296694e-02 3.385895944410863834e-01 -2.912252016067505278e-01 1.123541038586740731e-01 1.100798671546088653e-01 -3.263034315109253347e-01 -2.914747713295620657e-01 -1.261182334944430106e-01 -3.171955175399779336e-01 6.712436839044147452e-02 -1.587241470656362841e-01 -3.023118848800658287e-01
-2.152839088080696003e-02 3.481699737059980593e-01 -2.947106952667237212e-01 1.059188684236720412e-01 1.047452960688663309e-01 -3.248113555908203609e-01 -2.963287132371625887e-01 -1.306961532926819713e-01 -3.150881071090698704e-01 6.368756784448337260e-02 -1.639253017313964111e-01 -3.055760593414307280e-01
-2.932350406818463179e-02 3.534730408644013999e-01 -2.988042659759521658e-01 9.983450320600729955e-02 9.881377379774648750e-02 -3.232139129638672004e-01 -3.007340408703510493e-01 -1.359779561336262321e-01 -3.123762960433960068e-01 6.110765513866554116e-02 -1.709103822597455302e-01 -3.078876872062683567e-01
-3.676161237601624499e-02 3.536754499714928057e-01 -3.031635303497314249e-01 9.385039974205033886e-02 9.201990714204594246e-02 -3.216824407577514866e-01 -3.041228218465482636e-01 -1.418297292580713020e-01 -3.090507574081420850e-01 5.771860424393678718e-02 -1.780339925511655319e-01 -3.088032503128051998e-01
-4.346737156805942359e-02 3.483691991044678971e-01 -3.073798770904542232e-01 8.835642151920462817e-02 8.447125193833096568e-02 -3.202218885421754258e-01 -3.042889402676294264e-01 -1.473113748471889806e-01 -3.052755994796754191e-01 5.342165557562751632e-02 -1.845959061971693127e-01 -3.093295092582704076e-01
-4.983055424389533361e-02 3.401815835426537094e-01 -3.106636686325074392e-01 8.357664025100415561e-02 7.662624377693620648e-02 -3.190557355880738188e-01 -2.995058995138169533e-01 -1.548853660759446083e-01 -3.015103693008423513e-01 4.934777256767362841e-02 -1.917462701897407751e-01 -3.100740404129029293e-01
-5.569738694426590309e-02 3.306753895424110468e-01 -3.128603239059448704e-01 7.932532801028670255e-02 6.890962218587876054e-02 -3.179336614608765377e-01 -2.881872208091711962e-01 -1.677831846447812025e-01 -2.979427738189696639e-01 4.552584102772834485e-02 -1.997319140206242905e-01 -3.112100906372069486e-01
-6.094394697540771871e-02 3.195722948740797875e-01 -3.144918174743653316e-01 7.582369676359425326e-02 6.183602188334262617e-02 -3.167761964797974339e-01 -2.708498629722208006e-01 -1.854275756964194610e-01 -2.940031309127808523e-01 4.204035576427433973e-02 -2.082643634129639210e-01 -3.125480432510376883e-01
-6.549252068511365876e-02 3.082274604828126319e-01 -3.158152933120727535e-01 7.394210372786250152e-02 5.534735428230934395e-02 -3.154459543228149698e-01 -2.494547199284248284e-01 -2.047249814028347381e-01 -2.885591382980345343e-01 3.888968691375163655e-02 -2.171794517163331273e-01 -3.137734575271605153e-01
-6.981035337397167861e-02 2.971861781841525496e-01 -3.169701213836670917e-01 7.363791043789669200e-02 5.071899529980497534e-02 -3.142420883178712043e-01 -2.258051297953866665e-01 -2.233255456442066467e-01 -2.811970634460450591e-01 3.600484550974278330e-02 -2.260637042226132654e-01 -3.147275753021241407e-01
-7.423376384120458638e-02 2.866203630169890659e-01 -3.178692312240600781e-01 7.278394184514268284e-02 4.831427059807676117e-02 -3.127051181793212842e-01 -2.008022257415566503e-01 -2.379283467783316897e-01 -2.723361558914184632e-01 3.315251416965551978e-02 -2.347859787595166225e-01 -3.153024787902832249e-01
-7.855216089870371843e-02 2.762839448527267816e-01 -3.185388822555540456e-01 7.082177869102118661e-02 4.955223045578851376e-02 -3.102489633560179261e-01 -1.853272397791385917e-01 -2.409655332093201541e-01 -2.633848018646239852e-01 3.018590902069054338e-02 -2.433472215929597948e-01 -3.156282920837402139e-01
-8.294482947700831943e-02 2.659766351645507787e-01 -3.186917467117310054e-01 6.711256158420533802e-02 5.514839745812761401e-02 -3.004442329406739054e-01 -1.754944746706605108e-01 -2.366758150833578878e-01 -2.549337596893310187e-01 2.706396024414865764e-02 -2.517999123192686817e-01 -3.153790683746337531e-01
-8.700353958806900101e-02 2.558118725342220512e-01 -3.182238597869872510e-01 6.583982061721378731e-02 7.070664140740609560e-02 -2.835925884246825457e-01 -1.652780411097300173e-01 -2.306065561871458447e-01 -2.476941223144530357e-01 2.401519072148954048e-02 -2.601492958379949538e-01 -3.143794937133788103e-01
-9.049805105798926219e-02 2.458972970417208359e-01 -3.172789735794068200e-01 6.607041108019018338e-02 9.383727911645446673e-02 -2.708285493850708381e-01 -1.544516462642046561e-01 -2.227246496225938344e-01 -2.433569355010986868e-01 2.111151492250520900e-02 -2.685332241466825143e-01 -3.129170436859131654e-01
-9.348391247230916634e-02 2.361576080223008745e-01 -3.159682340621948748e-01 6.462895638235874318e-02 1.207690976775514652e-01 -2.601343173980713019e-01 -1.422179220557419355e-01 -2.103540521970062582e-01 -2.413029403686523522e-01 1.831246658346062650e-02 -2.770132405604175396e-01 -3.112638492584228755e-01
-9.583817150408600882e-02 2.267154053720160933e-01 -3.144668836593628725e-01 6.050798191293860900e-02 1.491876663504074496e-01 -2.513238925933838352e-01 -1.292616563430570298e-01 -1.936272250325542787e-01 -2.404066104888916700e-01 1.550596881005987526e-02 -2.855614800392670127e-01 -3.097909660339355775e-01
-9.746726966574925655e-02 2.177670702386296786e-01 -3.129979677200316890e-01 5.655638610805524547e-02 1.786725503971725026e-01 -2.467310352325439160e-01 -1.173616817273361035e-01 -1.760342810850154260e-01 -2.414883537292481230e-01 1.256439072144049929e-02 -2.940253762796082304e-01 -3.087351865768433457e-01
-9.850214577583787934e-02 2.093417250978745758e-01 -3.117084999084473451e-01 5.245174218551663936e-02 2.088852639884967721e-01 -2.472802181243897446e-01 -1.065490420479290046e-01 -1.574019634434489223e-01 -2.436890525817871911e-01 9.392211986361934106e-03 -3.022069873357532410e-01 -3.080475158691406978e-01
-9.905119494243597167e-02 2.013929503175638513e-01 -3.107133932113647634e-01 4.992642064627308973e-02 2.390565978842647821e-01 -2.537245864868164502e-01 -9.700417941198033467e-02 -1.381155685892503926e-01 -2.467311115264892996e-01 6.109342545915580347e-03 -3.099419921068554684e-01 -3.076221723556519239e-01
-9.910672439140941203e-02 1.937194890516960588e-01 -3.100608940124512936e-01 4.953208405187811691e-02 2.684888664304598271e-01 -2.634449501037599006e-01 -8.881795208692279397e-02 -1.188508742688733910e-01 -2.512074012756349006e-01 2.787710120036895889e-03 -3.177067223335505730e-01 -3.076200551986695286e-01
-9.869301266086455415e-02 1.862430367631918993e-01 -3.097344036102296361e-01 5.399050047257571150e-02 2.964432385549738980e-01 -2.754487915039063872e-01 -8.167101058316063311e-02 -9.963236983976708760e-02 -2.559952373504638667e-01 -5.091305191908812589e-04 -3.258839723384685527e-01 -3.079922122955322528e-01
-9.812814587832872915e-02 1.787195610273770718e-01 -3.094703407287598407e-01 6.650494015589926422e-02 3.224577983491360711e-01 -2.855463762283325657e-01 -7.588139518225431313e-02 -8.246638483698738586e-02 -2.617796344757080673e-01 -3.670906008117549857e-03 -3.345058859831288034e-01 -3.084962911605835800e-01
-9.711256288621122890e-02 1.713832850517605089e-01 -3.090234060287475049e-01 7.604590426401680592e-02 3.317466875735631260e-01 -2.922737092971801620e-01 -7.102047153196386353e-02 -6.667685895216583780e-02 -2.682845373153687207e-01 -6.699517985483890992e-03 -3.435779573756729266e-01 -3.087374610900879834e-01
-9.568359679089248615e-02 1.642429690814534438e-01 -3.083298130035400098e-01 8.083438490533453868e-02 3.333389043976476285e-01 -3.039582366943359149e-01 -6.728106656583690559e-02 -5.399766633216191575e-02 -2.738329119682312851e-01 -9.666870350545614388e-03 -3.528706869796357504e-01 -3.085682315826416833e-01
-9.400704295518988451e-02 1.573195467861797370e-01 -3.073299617767334402e-01 8.251547146408026723e-02 3.298194184114877081e-01 -3.146504230499267973e-01 -6.503579856706837026e-02 -4.632873070266455007e-02 -2.774442071914673402e-01 -1.280977574920159900e-02 -3.623605305169168567e-01 -3.080213136672974028e-01
-9.234229423491087385e-02 1.508149284335870421e-01 -3.060040063858032733e-01 8.258999476223266578e-02 3.226928232449773892e-01 -3.196735639572144128e-01 -6.484556538225423605e-02 -4.570633608373421419e-02 -2.810379714965820508e-01 -1.611906687256681181e-02 -3.720977327853097205e-01 -3.070490093231201811e-01
-9.074858922028877783e-02 1.444737792544183719e-01 -3.043068380355834490e-01 8.080179579985330429e-02 3.123196547381754673e-01 -3.215362520217894815e-01 -6.702359524646320232e-02 -5.352111630976698342e-02 -2.874113817214966060e-01 -1.956165847083607412e-02 -3.816867907816228200e-01 -3.055552358627319776e-01
-8.882101712110855585e-02 1.380731087225516296e-01 -3.023600215911865230e-01 7.807805842232581894e-02 3.004396280325230539e-01 -3.220367045402526829e-01 -7.035775770822244590e-02 -6.575215234337286607e-02 -2.934920496940612855e-01 -2.297238603880033536e-02 -3.910660144696871954e-01 -3.036947174072265887e-01
-8.612476651071618305e-02 1.318326467937263324e-01 -3.001782341003418342e-01 7.490761603136342206e-02 2.890762887741654685e-01 -3.219016904830933057e-01 -7.338293139399348908e-02 -7.719396798015208672e-02 -2.956838126182556592e-01 -2.571452930938759873e-02 -4.002824089878790903e-01 -3.015212125778198859e-01
-8.270230439415929280e-02 1.262510373488043847e-01 -2.975683040618896658e-01 7.198892522988188658e-02 2.780386096930345108e-01 -3.218998713493347319e-01 -7.588571343260024082e-02 -8.740547389587355331e-02 -2.957349104881286661e-01 -2.784658978396391260e-02 -4.084072709452716832e-01 -2.990492362976074348e-01
-8.063424632364558919e-02 1.210717972115972207e-01 -2.949203891754151874e-01 6.958303883260447131e-02 2.673208053903081693e-01 -3.219252414703370202e-01 -7.832155740966602331e-02 -9.758721524319181884e-02 -2.955979676246644483e-01 -2.950882998777418220e-02 -4.149246927561685006e-01 -2.962954111099244670e-01
-8.222641670040345407e-02 1.167035715807687862e-01 -2.919367666244506720e-01 6.739211357303391547e-02 2.571240275133859776e-01 -3.215632362365722918e-01 -8.059914942399756810e-02 -1.076379305726820751e-01 -2.963090367317199880e-01 -3.087290417804282316e-02 -4.192240853988719596e-01 -2.934472675323486768e-01
-8.187264003226965570e-02 1.162545728711769366e-01 -2.868040246963501350e-01 6.561594639351187030e-02 2.473774518994972527e-01 -3.212891216278076501e-01 -8.247978829607423290e-02 -1.177123688072427982e-01 -2.973631806373596143e-01 -3.236658493381022739e-02 -4.209036411601793648e-01 -2.910325212478637735e-01
-8.085243723443441555e-02 1.193859798247298293e-01 -2.815748424530030158e-01 6.419553639837810577e-02 2.381679775053939241e-01 -3.212863130569458825e-01 -8.387495473366482490e-02 -1.276292827444469036e-01 -2.983336133956909775e-01 -3.462579057982390074e-02 -4.185963017529498176e-01 -2.893373603820801332e-01
-7.947174565875680941e-02 1.255055139642039796e-01 -2.774696607589722253e-01 6.297344477093072546e-02 2.296844385247508447e-01 -3.219066781997681481e-01 -8.445971155156224708e-02 -1.372198202339569573e-01 -2.999134654998779070e-01 -3.694427690566278594e-02 -4.110101642584884640e-01 -2.886013240814208625e-01
-7.743354522753650993e-02 1.346357380776195545e-01 -2.736651344299316779e-01 6.185557830761959086e-02 2.219403035073070352e-01 -3.229648847579956739e-01 -8.438299295401882616e-02 -1.462368330149819984e-01 -3.019619913101196929e-01 -3.878824491448084472e-02 -3.985551771126104037e-01 -2.877717561721802042e-01
-7.497335408746885754e-02 1.476096850253974246e-01 -2.698591060638428907e-01 6.066727091253117793e-02 2.148753710605536549e-01 -3.239904804229737367e-01 -8.368535980400082508e-02 -1.545791595946925390e-01 -3.039133949279785307e-01 -2.989629369688766303e-02 -3.842141495503835769e-01 -2.857927961349487345e-01
-7.232090387722722724e-02 1.653753178477196384e-01 -2.660201377868652850e-01 5.925819768527286480e-02 2.085312016367821264e-01 -3.246830720901490164e-01 -8.255287427831689562e-02 -1.621474127048640468e-01 -3.053645915985108150e-01 -2.026063968434330814e-02 -3.652215013233729990e-01 -2.827892084121704785e-01
-6.783183128725886468e-02 1.858699166776001666e-01 -2.626859207153319775e-01 5.777192847836612466e-02 2.028768746854126837e-01 -3.251137847900389954e-01 -8.070747285568856400e-02 -1.690891364797544871e-01 -3.064039821624755522e-01 -9.598643122066659317e-03 -3.410904160881103042e-01 -2.793867750167846054e-01
-6.566359291654741415e-02 2.076370652982692244e-01 -2.605066604614256764e-01 5.622926694681162213e-02 1.976627468423680922e-01 -3.254254074096678551e-01 -7.812338196911645938e-02 -1.755327055998440189e-01 -3.071893138885498087e-01 2.122144884550522526e-03 -3.093558439795733861e-01 -2.753400535583495623e-01
-6.312814434305404065e-02 2.301298606781624623e-01 -2.598305816650391398e-01 5.479841455117930721e-02 1.926499171472449701e-01 -3.256656618118286550e-01 -7.524765921653918388e-02 -1.815194372882377449e-01 -3.079075975418091304e-01 1.323567030609310025e-02 -2.726642197162525982e-01 -2.705460233688354865e-01
-5.944215270055720757e-02 2.532169935295419116e-01 -2.614229030609130922e-01 5.348826526987125046e-02 1.878182831200323477e-01 -3.259577293395996556e-01 -7.315381284346189616e-02 -1.869611670649485025e-01 -3.086299247741699503e-01 2.272343637338651232e-02 -2.341729893272656848e-01 -2.652283878326416322e-01
-5.201930382085408894e-02 2.775486233343541498e-01 -2.655349273681641975e-01 5.237461953311790125e-02 1.830997935501615104e-01 -3.261892528533936741e-01 -7.640550817779746817e-02 -1.915982146495775751e-01 -3.093574638366699547e-01 3.030069040995823568e-02 -1.956531332245813048e-01 -2.625001258850098163e-01
-4.422255539706973493e-02 2.986963945550203947e-01 -2.679654235839844523e-01 5.346238223483842922e-02 1.782321356484821984e-01 -3.265980978012085756e-01 -7.947935750646384356e-02 -1.963053503590507509e-01 -3.103146953582764378e-01 3.571966245845119292e-02 -1.622337344553460292e-01 -2.671512527465821352e-01
-3.537070608321706000e-02 3.182775726043626241e-01 -2.692441101074218857e-01 5.802959893397226232e-02 1.729080854439639103e-01 -3.271128911972045472e-01 -8.255391726836190658e-02 -2.011232075872849689e-01 -3.114579315185546649e-01 3.939268772859738643e-02 -1.339129363694503416e-01 -2.800954933166504013e-01
-2.553800926878824207e-02 3.359276673787229273e-01 -2.693364639282226358e-01 6.236160074623683242e-02 1.670056385422666323e-01 -3.278204507827758851e-01 -8.571348465054892674e-02 -2.061127045901072485e-01 -3.128319473266601425e-01 4.190284726119143655e-02 -1.102129216602250883e-01 -2.960869617462158487e-01
-1.474471693211828333e-02 3.510459865355806675e-01 -2.689794845581055527e-01 6.648525205244606995e-02 1.604459621565640370e-01 -3.287807197570801754e-01 -8.890214909023724799e-02 -2.113288461848413791e-01 -3.145384998321534287e-01 4.343790268263340165e-02 -9.368792880513723831e-02 -3.062352104187012758e-01
-3.380540401120762928e-03 3.626949471496153654e-01 -2.690344352722167653e-01 7.028878473889810241e-02 1.532109075189456160e-01 -3.299797983169555637e-01 -9.315057373046869982e-02 -2.171403926610946666e-01 -3.166810102462769283e-01 4.999999999999998196e-02 -9.366926193237308518e-02 -3.136473865509034065e-01
8.281351109937266919e-03 3.706799027109414779e-01 -2.700859184265137491e-01 7.371231334107981870e-02 1.452599554122555592e-01 -3.310746021270752903e-01 -9.642150878906240175e-02 -2.229384076595306852e-01 -3.187178297042847497e-01 4.999999999999998196e-02 -1.006336069107056780e-01 -3.161237664222718013e-01
1.998006430067810618e-02 3.761820138668639513e-01 -2.726418037414550799e-01 7.661818989180591011e-02 1.366440165258885064e-01 -3.319395418167114253e-01 -1.000300903320313073e-01 -2.290784990787505804e-01 -3.203346557617187118e-01 4.999999999999998196e-02 -1.084706783294677596e-01 -3.149998612403869247e-01
3.145870908806040755e-02 3.787127298167743961e-01 -2.768220825195312207e-01 7.901595077970099967e-02 1.275870658773997635e-01 -3.327091331481933367e-01 -1.038954467773436363e-01 -2.354903697967529463e-01 -3.215036458969117161e-01 4.999999999999997502e-02 -1.163727664947509788e-01 -3.163382191658020703e-01
4.236949645006426318e-02 3.777056685209329578e-01 -2.825307960510254901e-01 8.087711903469890773e-02 1.180911281871340618e-01 -3.332498617172242050e-01 -1.078635253906250896e-01 -2.419236910343170177e-01 -3.221526069641114098e-01 4.999999999999997502e-02 -1.234823656082153359e-01 -3.205667777061463330e-01
5.269480619686851830e-02 3.736567550897791912e-01 -2.891129894256592170e-01 8.216916179622729688e-02 1.080292430833243444e-01 -3.335203952789306814e-01 -1.119606933593748077e-01 -2.481632280349731212e-01 -3.220910139083862367e-01 4.999999999999997502e-02 -1.290221071243285722e-01 -3.232446951866150275e-01
6.198686314621922738e-02 3.654830690519176306e-01 -2.961817378997801953e-01 8.279344450973753766e-02 9.714689235655493693e-02 -3.335333938598632475e-01 -1.161340942382812630e-01 -2.541349804401398238e-01 -3.212865896224976203e-01 4.999999999999997502e-02 -1.352283954620361883e-01 -3.241299004554749064e-01
7.061302375662267816e-02 3.546347254068389909e-01 -3.034128780364991340e-01 8.279416966577442250e-02 8.566215147017561260e-02 -3.331835050582886426e-01 -1.207588500976562729e-01 -2.609585613012314065e-01 -3.202783985137940270e-01 4.999999999999996808e-02 -1.420553541183471324e-01 -3.242555613517761892e-01
7.935548267791320276e-02 3.431993848832008975e-01 -3.099366302490234593e-01 8.213700217714037244e-02 7.359382253400258145e-02 -3.325504179000854377e-01 -1.233200410100148969e-01 -2.675979897492151705e-01 -3.192700881958007719e-01 2.755332664156696573e-02 -1.539218305542508491e-01 -3.239230270385742294e-01
8.832398610807661032e-02 3.325971055680639887e-01 -3.152191753387450501e-01 8.075141013636411014e-02 6.138110560378230718e-02 -3.317554636001586177e-01 -1.290010516843050070e-01 -2.745134993301665549e-01 -3.181248064041136692e-01 2.365138238008669333e-02 -1.624274938613362029e-01 -3.234811897277831139e-01
9.757221863608442347e-02 3.224447035073909618e-01 -3.188111419677734926e-01 7.878592261412997733e-02 4.944694519055631288e-02 -3.309845132827759495e-01 -1.351658003889076864e-01 -2.797589379597589798e-01 -3.164815540313721254e-01 1.911751491632394245e-02 -1.710368532408360898e-01 -3.230186862945557125e-01
1.059729361242393864e-01 3.113580529403873753e-01 -3.206562871932984171e-01 7.626040493747530957e-02 3.810508130114786951e-02 -3.301564903259278094e-01 -1.412490658855670156e-01 -2.830984680522267705e-01 -3.141771717071533687e-01 1.381801237338513288e-02 -1.795893677194694837e-01 -3.226375074386597097e-01
1.127906166648562081e-01 2.998081505244883926e-01 -3.213242931365966615e-01 7.353336705070698254e-02 2.822224011213121317e-02 -3.291165561676025475e-01 -1.472098297552021928e-01 -2.823619452853944889e-01 -3.110490674972534175e-01 7.682891677538584985e-03 -1.877563912110825350e-01 -3.223837299346923868e-01
1.174945728841131909e-01 2.887525952063876300e-01 -3.217782468795776230e-01 7.182259025340818892e-02 2.175099827505404607e-02 -3.276473350524902184e-01 -1.539987092406406854e-01 -2.747820622799757029e-01 -3.071134347915648322e-01 7.874793009162370239e-04 -1.951685979965513407e-01 -3.222898025512694331e-01
1.200614187975106995e-01 2.786488911826286996e-01 -3.221118230819702277e-01 7.173936962259445937e-02 1.902615714700852875e-02 -3.251109905242919873e-01 -1.606089956386659579e-01 -2.616241067568674805e-01 -3.017223138809204119e-01 -6.617979208441808481e-03 -2.016478567900348295e-01 -3.223407192230224871e-01
1.211573787919935086e-01 2.696106945347550576e-01 -3.222746534347535330e-01 7.323118931636427020e-02 1.926702179915219804e-02 -3.170200366973877637e-01 -1.661183078188636919e-01 -2.448167968138676986e-01 -2.958052558898926487e-01 -1.442894195123105294e-02 -2.071605907006435765e-01 -3.227564878463746179e-01
1.220884170321076545e-01 2.613209648348818748e-01 -3.223664684295654559e-01 7.962477092757067054e-02 2.649340152157145245e-02 -2.993081970214843679e-01 -1.694622005707371315e-01 -2.236030318883304724e-01 -2.918443412780761803e-01 -2.246372131468926669e-02 -2.115743696716494704e-01 -3.237836284637451434e-01
1.235839287642320761e-01 2.533931288230922285e-01 -3.225464506149290922e-01 9.226103352819384207e-02 4.136130116279655017e-02 -2.855947036743163303e-01 -1.698930114491997156e-01 -1.975797936945736244e-01 -2.881832237243652228e-01 -3.063709565058646278e-02 -2.149767222899005570e-01 -3.251017732620239409e-01
1.256487132781068383e-01 2.455007991692342018e-01 -3.226849861145019704e-01 1.086136204984909648e-01 5.925478136821031583e-02 -2.737321300506592170e-01 -1.684123264293424238e-01 -1.676133067323975767e-01 -2.851268453598022612e-01 -3.904628599095458924e-02 -2.176091918936233771e-01 -3.264947338104248198e-01
1.278629669011420167e-01 2.374321985247898614e-01 -3.227424068450927552e-01 1.269741696883077142e-01 7.739354200964759789e-02 -2.646558971405029159e-01 -1.666863820928955464e-01 -1.341922425248359141e-01 -2.837931413650512935e-01 -4.782491972533362695e-02 -2.198419052853393674e-01 -3.278804321289062185e-01
1.299097835459274153e-01 2.291690542940394426e-01 -3.227198524475097807e-01 1.456047867984281707e-01 9.354140089521369161e-02 -2.610945434570312584e-01 -1.632830019129772881e-01 -1.019449311300820726e-01 -2.870468778610228422e-01 -5.648326494052501728e-02 -2.219328007647359269e-01 -3.291943283081053551e-01
1.270301219258737346e-01 2.248777470928002842e-01 -3.225995988845824503e-01 1.647429127422067041e-01 1.079760678364468096e-01 -2.606784934997558034e-01 -1.582765446428126277e-01 -6.968175877163546028e-02 -2.899125308990477823e-01 -6.452229408167947655e-02 -2.242278830739094786e-01 -3.305391521453857062e-01
1.220524034749994186e-01 2.222486243816272355e-01 -3.225058860778809433e-01 1.844766742480214439e-01 1.206491904886611705e-01 -2.620345325469971565e-01 -1.522121942500727632e-01 -3.896098884347479890e-02 -2.897788901329041433e-01 -7.196537687927442861e-02 -2.267516003074483977e-01 -3.318188114166260583e-01
1.172524988806986912e-01 2.193784309319991022e-01 -3.224000854492187762e-01 2.167744715369487596e-01 1.156060615472334629e-01 -2.661918373107910463e-01 -1.459383219540078824e-01 -1.338701721861281640e-02 -2.900616092681884695e-01 -7.924368181397899169e-02 -2.293006721496448630e-01 -3.330281658172607462e-01
1.126298658335236624e-01 2.163793792189484255e-01 -3.225151653289795584e-01 2.461036512339143667e-01 1.030622100294952270e-01 -2.733021278381348451e-01 -1.397387574777935459e-01 8.694241473904289197e-03 -2.904376168251038282e-01 -8.694200573783403274e-02 -2.315708904014548986e-01 -3.343866176605225227e-01
1.081695813589663852e-01 2.133518902450021737e-01 -3.224406499862670916e-01 2.672989758902164503e-01 8.335445372156469190e-02 -2.803527278900146413e-01 -1.346338047255979387e-01 2.608603485839271208e-02 -2.917269797325134362e-01 -9.537879530094270364e-02 -2.333200976187991271e-01 -3.355525321960449725e-01
1.038160348054248949e-01 2.103060103622219068e-01 -3.220925302505492915e-01 2.930308480378467362e-01 5.817356407315939226e-02 -2.898158378601073948e-01 -1.306334114697925708e-01 3.716667543588304118e-02 -2.938324875831604954e-01 -1.046050199233224676e-01 -2.344134467643759212e-01 -3.364667196273804506e-01
9.954199259733037541e-02 2.072774913704375499e-01 -3.212241811752318821e-01 3.006917118356116636e-01 3.886999014973448185e-02 -3.040371341705321862e-01 -1.294108886458465446e-01 4.307809124683087409e-02 -2.969445462226868448e-01 -1.147059876222644714e-01 -2.346156435055646861e-01 -3.370044536590576789e-01
9.542268136604567519e-02 2.042761556315434990e-01 -3.198091812133789791e-01 3.050844245301082558e-01 2.361099449873091394e-02 -3.203878278732300577e-01 -1.317289318728731284e-01 4.513785880587112276e-02 -3.032431526184082848e-01 -1.259154583914157410e-01 -2.337079874654782452e-01 -3.374077148437500950e-01
9.157243716828365743e-02 2.011779659019284350e-01 -3.177677507400512580e-01 3.054495733987523942e-01 1.129393269880343831e-02 -3.313348908424377237e-01 -1.365131389723506783e-01 4.545682475819880219e-02 -3.095160932540893528e-01 -1.383434690760079744e-01 -2.316670788504294198e-01 -3.374548597335815248e-01
8.811102934143373588e-02 1.979974397665909547e-01 -3.150555057525635250e-01 3.027868716265900151e-01 1.208011055653518406e-03 -3.359800858497619669e-01 -1.432123899097835495e-01 4.477924691601951890e-02 -3.142256612777710179e-01 -1.503440032305173313e-01 -2.294756300254596204e-01 -3.364852733612060942e-01
8.495346796658212463e-02 1.950092236006115420e-01 -3.118289060592650541e-01 2.985265270486133771e-01 -6.944115022435304319e-03 -3.378210110664366939e-01 -1.508674238079867613e-01 4.388000757574763572e-02 -3.163437290191650764e-01 -1.571611898225748760e-01 -2.316445034514892920e-01 -3.345337839126587554e-01
8.234291993991099678e-02 1.919884638888255113e-01 -3.082765932083130767e-01 2.926722961606140760e-01 -1.332852219515875958e-02 -3.376797719001770615e-01 -1.586498658638628156e-01 4.331579604249805038e-02 -3.157457990646361790e-01 -1.640235351683531073e-01 -2.331071984728581570e-01 -3.318097610473632608e-01
8.045716564727210807e-02 1.885611070540684497e-01 -3.044139976501463729e-01 2.855240601785221655e-01 -1.765230236975967593e-02 -3.363161582946776473e-01 -1.666974534730221169e-01 4.235649668412631852e-02 -3.139802665710449414e-01 -1.710697997431698814e-01 -2.347063107272457649e-01 -3.284243507385253835e-01
7.967086782656776500e-02 1.843745732042985086e-01 -3.006658620834352647e-01 2.771753233929740157e-01 -2.203079178593597698e-02 -3.343069858551027118e-01 -1.747547183152369232e-01 4.074132632405935706e-02 -3.125783033370972408e-01 -1.782974326306536184e-01 -2.373694421315222791e-01 -3.247386093139649210e-01
8.071644850367674928e-02 1.791115278291249835e-01 -2.972803516387940714e-01 2.685958125173486533e-01 -2.657258471970321001e-02 -3.320878930091858972e-01 -1.828623181510203310e-01 3.870756033798804230e-02 -3.113679237365723496e-01 -1.857094445323405063e-01 -2.396939005051516580e-01 -3.204306192398072572e-01
8.415155654597944457e-02 1.722422393814516117e-01 -2.942233200073242072e-01 2.607861390655107359e-01 -3.141541442714214372e-02 -3.302023072242736834e-01 -1.908843558023150255e-01 3.623095505343143508e-02 -3.103876752853393373e-01 -1.934155627175305203e-01 -2.402838801722044226e-01 -3.155297727584838730e-01
9.115797710058207159e-02 1.631599319624692790e-01 -2.900829763412476336e-01 2.535784482919883343e-01 -3.636027067424949660e-02 -3.288925213813782555e-01 -1.986378357717755172e-01 3.354525077607635464e-02 -3.095922584533692401e-01 -2.021848490416983668e-01 -2.379326939098632687e-01 -3.101202268600464773e-01
1.024853835453975598e-01 1.515268254257765290e-01 -2.856591339111329009e-01 2.463755507817257384e-01 -4.136871290430158693e-02 -3.278013749122620224e-01 -2.061804470528481037e-01 3.087303934381022130e-02 -3.089761800765991051e-01 -2.116414267780785674e-01 -2.315808177854492556e-01 -3.036411113739013179e-01
1.183601958785385488e-01 1.377790893790626081e-01 -2.814795322418212620e-01 2.391610076461166967e-01 -4.612835080648426678e-02 -3.267056674957275475e-01 -2.134833271610743211e-01 2.834978920303819760e-02 -3.087255401611327943e-01 -2.215626814520075261e-01 -2.212004397588299698e-01 -2.956884307861328276e-01
1.386245962869806780e-01 1.225664802400880798e-01 -2.773744888305665901e-01 2.320309988748713304e-01 -5.028862229897447522e-02 -3.258298273086550068e-01 -2.205513500562616969e-01 2.622292391774697085e-02 -3.089237422943116318e-01 -2.304511654470601800e-01 -2.062920925877374523e-01 -2.860874814987183212e-01
1.614892184178971790e-01 1.062293463297340618e-01 -2.735453243255616118e-01 2.249673373143815658e-01 -5.346001524253163328e-02 -3.252600307464600382e-01 -2.274690768852487555e-01 2.490533674454110946e-02 -3.094795436859131832e-01 -2.366634382443999485e-01 -1.853711403070175401e-01 -2.760634012222291100e-01
1.856966887487139228e-01 8.836932867592521557e-02 -2.704355401992798447e-01 2.179498015416827250e-01 -5.598510247641848986e-02 -3.250592203140259540e-01 -2.342135193262744608e-01 2.420652423964139710e-02 -3.102704591751099805e-01 -2.356265111181608529e-01 -1.679035560767864754e-01 -2.669473237991333847e-01
2.103877429681750844e-01 6.879669505207700042e-02 -2.685370368957518128e-01 2.109726428705188950e-01 -5.805444020182926046e-02 -3.251358909606932301e-01 -2.408770972050996440e-01 2.397602264921816495e-02 -3.111285896301269616e-01 -2.248344477958243437e-01 -1.554498059191645742e-01 -2.597901649475097274e-01
2.368639971223927831e-01 5.148378086962969447e-02 -2.694466276168822061e-01 2.041067345112294595e-01 -5.981757539051204414e-02 -3.253414649963378147e-01 -2.473489804894528354e-01 2.433571328878435247e-02 -3.118705196380614497e-01 -2.095502467670361524e-01 -1.419731943157442611e-01 -2.564843959808348339e-01
2.604052913674682057e-01 4.194416076805224797e-02 -2.712448282241821662e-01 1.974745868866797927e-01 -6.117305111030078846e-02 -3.258717889785767152e-01 -2.534536196170595890e-01 2.520819617463768147e-02 -3.127028961181640976e-01 -1.878962917924024145e-01 -1.277240643730343239e-01 -2.577552146911621378e-01
2.828981744465586257e-01 3.123964957183991697e-02 -2.737891502380371267e-01 1.906863531622952634e-01 -6.283136438061989737e-02 -3.266659708023071929e-01 -2.595553214099970973e-01 2.633840632577122420e-02 -3.136482400894165523e-01 -1.652614297086317241e-01 -1.145598142749593845e-01 -2.651890487670898744e-01
3.040652452754102342e-01 1.901997301821749600e-02 -2.771674127578734326e-01 1.832681441316826310e-01 -6.909440649579534632e-02 -3.276112480163573260e-01 -2.655204441670041549e-01 2.761689326807283129e-02 -3.143395776748657000e-01 -1.418215601611900190e-01 -1.022833687245201795e-01 -2.739857358932494824e-01
3.236829101261396446e-01 5.201364088113856476e-03 -2.802520866394043741e-01 1.753153665408094253e-01 -7.501488729711396075e-02 -3.287416095733643462e-01 -2.715778904801510185e-01 2.915211403123023348e-02 -3.150233764648437962e-01 -1.187678407060097779e-01 -9.134308162258653052e-02 -2.826331920623780247e-01
3.406155999108695931e-01 -9.760266883183821296e-03 -2.823424596786500151e-01 1.666955296999351743e-01 -8.041364156655093909e-02 -3.300024576187134961e-01 -2.778055628229764151e-01 3.088603749777960039e-02 -3.158487148284912505e-01 -9.954895989095052800e-02 -8.262462856753628737e-02 -2.911647720336913991e-01
3.535149283849142177e-01 -2.562056996809030512e-02 -2.840937108993530913e-01 1.573104255445862409e-01 -8.533506549995006907e-02 -3.312186212539673380e-01 -2.841579754013404679e-01 3.260514340714365522e-02 -3.168327875137328387e-01 -8.636655054907951823e-02 -7.641421030302862627e-02 -2.996667404174804261e-01
3.618033161805268572e-01 -4.158850297691404907e-02 -2.864036102294921227e-01 1.472228425866227153e-01 -8.956617011911216508e-02 -3.323072595596312517e-01 -2.906016641200405703e-01 3.419906940914425875e-02 -3.178503532409668320e-01 -8.677943256199549538e-02 -7.429292127704671678e-02 -3.091851015090942290e-01
3.651557779745595034e-01 -5.724315093150163236e-02 -2.898276014328003414e-01 1.365033074327129947e-01 -9.310863674826710956e-02 -3.334776945114136248e-01 -2.972063858989076324e-01 3.568115027343490842e-02 -3.189779920578002526e-01 -9.474281804824924436e-02 -7.401244534538488351e-02 -3.157754726409911505e-01
3.647029904236538389e-01 -7.263261647409058330e-02 -2.941904706954956428e-01 1.252031696501845204e-01 -9.596609391458776894e-02 -3.347733516693115474e-01 -3.041342811322117479e-01 3.720951718669376213e-02 -3.201082105636596786e-01 -1.058279677519056161e-01 -7.393301405718953612e-02 -3.191450519561767618e-01
3.607205146280937913e-01 -8.692649515770198287e-02 -2.997761793136596853e-01 1.134803206680809889e-01 -9.789202718460926489e-02 -3.361286230087280336e-01 -3.108702313269134931e-01 3.922762499317102719e-02 -3.207234306335449148e-01 -1.164755557646086626e-01 -7.299947042713271494e-02 -3.195258874893188716e-01
3.521357824948822546e-01 -9.948548244090400783e-02 -3.069035167694091348e-01 1.012742029176859765e-01 -9.888392064214615584e-02 -3.373591299057006054e-01 -3.175221605494779054e-01 4.170185201709322026e-02 -3.202766008377075924e-01 -1.260591893165810828e-01 -7.086523071076898661e-02 -3.200010318756104089e-01
3.407712460102139129e-01 -1.101335017489546847e-01 -3.133553428649902828e-01 8.886284724636372978e-02 -9.881800705494539483e-02 -3.381758565902710512e-01 -3.236568935087506538e-01 4.517500200040950459e-02 -3.179799194335937718e-01 -1.360256402385479346e-01 -6.759674106141863592e-02 -3.208447809219360791e-01
3.291710462830411132e-01 -1.189336841854731625e-01 -3.173957653045654248e-01 7.674464035146082164e-02 -9.761107195525109415e-02 -3.383997125625610169e-01 -3.280375003757186603e-01 5.029529628685854015e-02 -3.138509244918822882e-01 -1.463984956920351133e-01 -6.303946244848657177e-02 -3.206752748489379856e-01
3.188723642733292118e-01 -1.270926938182368460e-01 -3.198381156921386581e-01 6.520302798163772617e-02 -9.560319264048505739e-02 -3.380497093200683922e-01 -3.283352766329738492e-01 5.785545752842805034e-02 -3.086626214981079142e-01 -1.565293870325878689e-01 -5.741509602557451353e-02 -3.206411952972412216e-01
3.093649176857490302e-01 -1.341506115052099046e-01 -3.209649009704590439e-01 5.449379546474317215e-02 -9.295227541083421474e-02 -3.371597690582275875e-01 -3.230747987075952565e-01 6.892134726106005638e-02 -3.027592773437500773e-01 -1.664627601054154138e-01 -5.043669206155768775e-02 -3.202583904266357862e-01
3.002741942640905770e-01 -1.395121424492448692e-01 -3.213217229843138845e-01 4.492598099960004587e-02 -8.988912294492318322e-02 -3.358609552383421959e-01 -3.122202895612632978e-01 8.679905338823966365e-02 -2.964212055206297269e-01 -1.756843530139338971e-01 -4.242322163071092500e-02 -3.198512382507322505e-01
2.914092492490116815e-01 -1.434768249686377839e-01 -3.213247365951538148e-01 3.640989837810947038e-02 -8.664936035475828691e-02 -3.344361991882324192e-01 -2.953498248812058136e-01 1.065322133350005973e-01 -2.904679937362670827e-01 -1.842816863252587922e-01 -3.323157612427275753e-02 -3.198402042388915900e-01
2.828092130286479766e-01 -1.462832737666844851e-01 -3.212664861679077055e-01 2.882361217307513948e-02 -8.334710666047347172e-02 -3.329295034408569220e-01 -2.735594310329084733e-01 1.272117614114575412e-01 -2.861442871093751172e-01 -1.918129945899591238e-01 -2.312831780231631301e-02 -3.205129308700562785e-01
2.745982202143467665e-01 -1.480679952419038659e-01 -3.214475269317627615e-01 2.218832317519518760e-02 -8.013233867905443508e-02 -3.313573713302613299e-01 -2.475648918355010664e-01 1.473674473007409169e-01 -2.835853357315064049e-01 -1.982225389549883421e-01 -1.236546548509775273e-02 -3.217361993789673580e-01
2.670129005470063266e-01 -1.488461592213076723e-01 -3.217830533981324015e-01 1.689252428741598588e-02 -7.739579632725428204e-02 -3.295480413436890355e-01 -2.208439765219926132e-01 1.655037281224186196e-01 -2.859019966125487811e-01 -2.035690954979038070e-01 -1.858831744946103093e-03 -3.231011600494384517e-01
2.600231008357793971e-01 -1.487596751759552860e-01 -3.218658943176269105e-01 1.326541209087928053e-02 -7.557796582962147958e-02 -3.273739356994628813e-01 -1.943799725913853971e-01 1.844907266140239366e-01 -2.928709383010865142e-01 -2.079153977779799323e-01 7.973266524275997302e-03 -3.239628763198853512e-01
2.533545870122300703e-01 -1.481572300019513289e-01 -3.217977018356323327e-01 1.104048121064986343e-02 -7.469816456861354259e-02 -3.248905677795410063e-01 -1.718573573846610691e-01 2.043381779706487933e-01 -3.028766841888427819e-01 -2.115410411316680506e-01 1.762294470227915993e-02 -3.248097772598266264e-01
2.468229185452719410e-01 -1.473181779731636554e-01 -3.217643852233887380e-01 9.826088684277631269e-03 -7.459521284777639871e-02 -3.217656869888306237e-01 -1.594692963896274240e-01 2.200690445854120436e-01 -3.125152273178101181e-01 -2.145789807893541956e-01 2.739529728500737088e-02 -3.254071016311646525e-01
2.402679742417397901e-01 -1.461599384531356294e-01 -3.218058605194092370e-01 1.083115340331253923e-02 -7.641619799409710145e-02 -3.185785217285156956e-01 -1.546864138070805361e-01 2.313080579844155604e-01 -3.182684488296509406e-01 -2.175420034585085205e-01 3.761347007104519358e-02 -3.259225578308105886e-01
2.337629899907680553e-01 -1.448106869027636356e-01 -3.220507593154905979e-01 1.419671844516036396e-02 -8.044854123720920902e-02 -3.139960260391234104e-01 -1.547492237841567309e-01 2.378715882161360484e-01 -3.212766284942625838e-01 -2.201242545081321667e-01 4.813170975568368398e-02 -3.264043493270872842e-01
2.271457951840009648e-01 -1.434854845014311153e-01 -3.224872083663941069e-01 1.900834036286076778e-02 -8.610155997359210389e-02 -3.013004465103150120e-01 -1.597052097475943899e-01 2.419503844649140700e-01 -3.231788749694824991e-01 -2.225052649875211008e-01 5.899633831152113761e-02 -3.274030036926270371e-01
2.207422135207722236e-01 -1.419460505380560900e-01 -3.230795021057129013e-01 2.712849895598100358e-02 -9.513687966403294727e-02 -2.883152408599853889e-01 -1.652866589816748555e-01 2.441993746036769941e-01 -3.239871377944945063e-01 -2.246870269741474135e-01 6.934579615685179665e-02 -3.290897674560545605e-01
2.144732099731898878e-01 -1.400867334825285360e-01 -3.237818498611448881e-01 3.746482522260381059e-02 -1.066863907358829161e-01 -2.757056922912596297e-01 -1.705989859362092020e-01 2.482371261708403165e-01 -3.255438632965088064e-01 -2.269504577642322274e-01 7.198299065240620909e-02 -3.281400175094604243e-01
2.082932432937746603e-01 -1.380612502463029190e-01 -3.246089000701904426e-01 4.808140972564398097e-02 -1.190231376462014545e-01 -2.644294185638427774e-01 -1.757237598312594296e-01 2.526385615539128993e-01 -3.272592420578001593e-01 -2.266927607311277348e-01 7.351625660881042079e-02 -3.232930870056150985e-01
2.022224623730285997e-01 -1.358239598574061957e-01 -3.254436941146850448e-01 5.905438140904969990e-02 -1.322139414627788168e-01 -2.578930492401123042e-01 -1.801138620362470744e-01 2.570506737379124607e-01 -3.279650087356565935e-01 -2.217938489662724111e-01 7.425423822638901883e-02 -3.149284000396727068e-01
1.963333064960724461e-01 -1.332260924011929026e-01 -3.261297340393065625e-01 7.055375598195354203e-02 -1.462989276678549055e-01 -2.561731357574462131e-01 -1.835208345306293676e-01 2.618357808029942446e-01 -3.275764865875244181e-01 -2.069577918172106901e-01 7.413830423499490063e-02 -3.028588314056396835e-01
1.906470881441607867e-01 -1.303904066957724539e-01 -3.266453714370727290e-01 8.259413976154565684e-02 -1.613136590597916142e-01 -2.571025962829589506e-01 -1.862174754647003549e-01 2.668929478636135055e-01 -3.267755432128905957e-01 -1.834897649446678713e-01 6.793298744978300274e-02 -2.903184051513671426e-01
1.852290772826232501e-01 -1.275157250649693319e-01 -3.270401830673218546e-01 9.261823731970969531e-02 -1.792783607280798441e-01 -2.579409141540527917e-01 -1.886164166114358554e-01 2.722601318271211657e-01 -3.262031097412108616e-01 -1.603845799858506227e-01 5.458741499260446467e-02 -2.833681697845458203e-01
1.801562482818349076e-01 -1.247213796176630807e-01 -3.273257179260254390e-01 9.514264750289387618e-02 -2.003016712627945783e-01 -2.561673278808593857e-01 -1.904067170611031534e-01 2.775241664277406373e-01 -3.258362979888916322e-01 -1.360858227463133951e-01 3.784358832667750194e-02 -2.860707778930664524e-01
1.754762918874179234e-01 -1.219308441360132111e-01 -3.275024671554565558e-01 9.355885752249458454e-02 -2.209803780853495381e-01 -2.564476795196533598e-01 -1.920478669462051258e-01 2.827785412148688948e-01 -3.258988780975342059e-01 -1.134141107041094776e-01 2.216477938059311509e-02 -2.950488252639770770e-01
1.711156082792578137e-01 -1.192086456074092776e-01 -3.275387258529663392e-01 8.954209326752450571e-02 -2.392723299427502726e-01 -2.593247146606445508e-01 -1.934370865613633250e-01 2.882018494875062675e-01 -3.262437362670897456e-01 -9.642278808191576123e-02 1.061147836910911191e-02 -3.051022357940673113e-01
1.668804504173409253e-01 -1.164016520049254433e-01 -3.275295610427855775e-01 8.489119040985412812e-02 -2.540799066808835383e-01 -2.652803726196288348e-01 -1.948577503017246970e-01 2.935682835515487921e-01 -3.268038625717163415e-01 -8.880866239598998735e-02 6.028102304494374619e-03 -3.120073432922363388e-01
1.641436108070065403e-01 -1.121949074257518469e-01 -3.274078865051269771e-01 8.435421261364715872e-02 -2.633160126198436646e-01 -2.714719886779785596e-01 -1.958946143396884110e-01 2.991379830929904449e-01 -3.274363965988159597e-01 -8.882493225190590813e-02 7.593048376961411550e-03 -3.181920785903931126e-01
1.630729592326439770e-01 -1.063385343967721275e-01 -3.271150274276733994e-01 8.833985071213609763e-02 -2.733239164768502816e-01 -2.758323593139648811e-01 -1.969432614532734827e-01 3.051475931294317379e-01 -3.279177541732788970e-01 -9.109239717771880351e-02 1.140607887081790395e-02 -3.203710885047913459e-01
1.620689491067095478e-01 -1.002150725706991985e-01 -3.266697521209717126e-01 8.562267530299864926e-02 -2.869113597258505788e-01 -2.839823122024536239e-01 -1.973831652366820344e-01 3.109712588134347366e-01 -3.276027364730835223e-01 -9.392303261520631996e-02 1.623483275101871709e-02 -3.212615771293640399e-01
1.612629538768493853e-01 -9.380658836281637047e-02 -3.261355323791503835e-01 7.360525429188849444e-02 -2.987918817511830971e-01 -2.999533767700195419e-01 -1.969190366209115084e-01 3.164319819961726177e-01 -3.261320705413817134e-01 -9.655331214502343995e-02 2.089230131009210678e-02 -3.223277039527892018e-01
1.607948043675548888e-01 -8.703239690908165516e-02 -3.254405899047852491e-01 4.235582426501585673e-02 -3.192708116734860324e-01 -3.227512521743775009e-01 -1.948112667533175579e-01 3.213928330313182147e-01 -3.236333532333374730e-01 -9.960452297538603672e-02 2.559742134370531635e-02 -3.231127209663391953e-01
1.604844305062047005e-01 -7.971460828956516975e-02 -3.244960327148437851e-01 2.957367916343126013e-02 -3.254733630197897964e-01 -3.284048099517822283e-01 -1.915078213935829665e-01 3.260043852903055650e-01 -3.202553339004516886e-01 -1.031645449860560393e-01 3.079937793449561562e-02 -3.229174942970275963e-01
1.603337050452924017e-01 -7.188908838431012915e-02 -3.234502763748169363e-01 2.318482504040952907e-02 -3.242666594902672283e-01 -3.336434335708618470e-01 -1.868706092524252127e-01 3.296084689725714556e-01 -3.164049882888794185e-01 -1.069779440253157965e-01 3.687490931698345076e-02 -3.224017281532288171e-01
1.604326038484245320e-01 -6.368638243169669200e-02 -3.223788566589355642e-01 1.999893380447917424e-02 -3.198630029150952292e-01 -3.359515995979309166e-01 -1.792928677440498442e-01 3.314925954051017865e-01 -3.121887178421020592e-01 -1.106261396056559820e-01 4.396028209280519045e-02 -3.220924420356750528e-01
1.605488496902167661e-01 -5.536581686276355330e-02 -3.214577121734620846e-01 1.889494954373238667e-02 -3.119449718310253195e-01 -3.357097954750062341e-01 -1.666015794588348031e-01 3.304030765404589176e-01 -3.079468984603883075e-01 -1.139403249825516606e-01 5.162974065533337820e-02 -3.219989271163941624e-01
1.606925187190466064e-01 -4.725290740306656995e-02 -3.205207653045653582e-01 1.884890604814817849e-02 -3.030136038141994503e-01 -3.350028700828551753e-01 -1.499071776734920147e-01 3.270341375873436207e-01 -3.034543962478636892e-01 -1.167386009440229966e-01 5.969416208514437966e-02 -3.222815961837767751e-01
1.608509402666600807e-01 -3.962175460625005918e-02 -3.195006866455078476e-01 1.933185152154287545e-02 -2.941229981975587715e-01 -3.350951619148254679e-01 -1.305984759013406604e-01 3.209649846068954315e-01 -2.984080762863159375e-01 -1.189573045089761805e-01 6.798768640273157582e-02 -3.225237340927124552e-01
1.609624941210832105e-01 -3.273174314562034282e-02 -3.184947843551636515e-01 1.979985068846595864e-02 -2.859478304869290666e-01 -3.353819937705994070e-01 -1.090318608336197231e-01 3.123442422978601751e-01 -2.939027233123779892e-01 -1.205550295086498941e-01 7.629833172425067034e-02 -3.227662820816040723e-01
1.609592098551596018e-01 -2.626702541056033513e-02 -3.174908800125122998e-01 2.023257106121421900e-02 -2.782902263993299874e-01 -3.357562370300293808e-01 -8.668942215031827381e-02 3.010918911809464804e-01 -2.903580636978150276e-01 -1.216034472353777762e-01 8.454925221470081798e-02 -3.231622667312623043e-01
1.611824513776650147e-01 -2.043538548969336954e-02 -3.165070838928223385e-01 2.059266866282125075e-02 -2.710845096352011985e-01 -3.361925287246704808e-01 -6.475675100754779701e-02 2.867086321081008804e-01 -2.885000486373902051e-01 -1.222045606985591865e-01 9.268793571810216014e-02 -3.237964744567871644e-01
1.618749481279495028e-01 -1.503687341551702972e-02 -3.154955024719238721e-01 2.105307923146505777e-02 -2.641770253930560974e-01 -3.366708965301514200e-01 -4.450648932419702664e-02 2.699087980085922434e-01 -2.885869522094726691e-01 -1.224724927747013331e-01 1.007672177050048523e-01 -3.245774192810059189e-01
1.630955855282312239e-01 -1.029788121349986540e-02 -3.144092531204223384e-01 2.166313618741085023e-02 -2.573903723634022866e-01 -3.371664280891418231e-01 -2.531237651811397982e-02 2.511161445670945791e-01 -2.900017995834350826e-01 -1.224483014587069429e-01 1.088767086327606798e-01 -3.255332918167114231e-01
1.646589002044326899e-01 -7.332939865211496322e-03 -3.133825702667238366e-01 2.221384710384670391e-02 -2.508262183686295055e-01 -3.377023859024049779e-01 -6.215258992222347234e-03 2.304042743685738859e-01 -2.920375652313232928e-01 -1.222475699825509576e-01 1.169055559688914336e-01 -3.267311592102051798e-01
1.656823399038037659e-01 -7.648728303558671726e-03 -3.127721042633057613e-01 2.248788189599128240e-02 -2.446395882889102480e-01 -3.382561702728272279e-01 1.183834097318410550e-02 2.087068643676231461e-01 -2.942626686096192490e-01 -1.220790333557252028e-01 1.246071942856086801e-01 -3.280444784164429639e-01
1.661173918548772277e-01 -1.192682027091616914e-02 -3.108956260681152162e-01 2.256516101991623557e-02 -2.387188277172052620e-01 -3.386329813003539635e-01 2.855720039007154931e-02 1.865026169244055898e-01 -2.959633893966674423e-01 -1.219436457569528370e-01 1.320934186437324742e-01 -3.291251440048217347e-01
1.662763536752909777e-01 -2.062138418572205534e-02 -3.058454961776734260e-01 2.243087943212690449e-02 -2.329738011779096118e-01 -3.388749046325684189e-01 4.314724738437037549e-02 1.634511326228186290e-01 -2.957366557121277606e-01 -1.218260545439850961e-01 1.394108345304076457e-01 -3.299598665237427619e-01
1.659201652114381809e-01 -3.313763229344500461e-02 -2.992284412384034198e-01 2.196249309229753033e-02 -2.273415507504762401e-01 -3.389729185104370934e-01 5.441036741818414124e-02 1.411243501030420289e-01 -2.928351349830627948e-01 -1.217308740690729446e-01 1.465625848459287672e-01 -3.305353469848633652e-01
1.649094091901907866e-01 -4.933987679374061269e-02 -2.919176883697510716e-01 2.109387269116728969e-02 -2.217719446648344639e-01 -3.389634485244751305e-01 6.037777991273224343e-02 1.242459922424863361e-01 -2.923507280349731952e-01 -1.215550531024930103e-01 1.536246917783750943e-01 -3.308951444625854998e-01
1.635061720366194349e-01 -7.084248069936338599e-02 -2.848214931488036727e-01 1.968856034228347318e-02 -2.162946672838360618e-01 -3.389396877288818333e-01 6.121797911133006198e-02 1.114747697426277800e-01 -2.943497343063354310e-01 -1.212793895030256919e-01 1.607832304659658762e-01 -3.311984272003173913e-01
1.620164730326428548e-01 -9.558209851412019509e-02 -2.790846176147461777e-01 1.774619410197875169e-02 -2.109086327853604281e-01 -3.389846582412720521e-01 5.895178216802236804e-02 1.039469787643602927e-01 -2.983661623001099272e-01 -1.209105234922464162e-01 1.683704036176933982e-01 -3.318189783096314183e-01
1.741939245646375034e-01 -1.087319955515143322e-01 -2.751981182098389156e-01 1.529344338159051297e-02 -2.055269813241729637e-01 -3.390405006408691579e-01 5.442704727704690548e-02 1.035019210113976990e-01 -3.036477394104004635e-01 -1.204191282682143677e-01 1.762540701381401509e-01 -3.329440898895263956e-01
1.899598500555375047e-01 -1.212862980760417708e-01 -2.740629215240479311e-01 1.225504958462821092e-02 -2.000796247770398328e-01 -3.392807598114014334e-01 4.832306148403413271e-02 1.092213298312995212e-01 -3.101874465942382475e-01 -1.195013493713559527e-01 1.839238219364918436e-01 -3.342240734100341282e-01
2.068008604888953161e-01 -1.342393350422386722e-01 -2.747224636077880700e-01 8.627855227661532234e-03 -1.944452832358867234e-01 -3.397468681335448770e-01 4.273321754110487314e-02 1.146128978768587020e-01 -3.156251974105835911e-01 -1.179710229310701880e-01 1.907763482645005171e-01 -3.347284383773804217e-01
2.243593047468493418e-01 -1.471260938149611674e-01 -2.764170951843261670e-01 4.433568734264412003e-03 -1.885621036328693489e-01 -3.403505678176880211e-01 4.003955270798405935e-02 1.205684103516223293e-01 -3.194684095382690492e-01 -1.165251659569130904e-01 1.974846895514915379e-01 -3.353453321456908998e-01
2.421729821496668988e-01 -1.593114960319876872e-01 -2.793170375823974538e-01 -6.181816183055410807e-05 -1.823616144228639713e-01 -3.409806318283080673e-01 3.748444877491322741e-02 1.269418721034312747e-01 -3.219526524543762092e-01 -1.156709748273149485e-01 2.053149594668158551e-01 -3.364504594802856241e-01
2.592748011121325802e-01 -1.699601804461628729e-01 -2.833814163208008829e-01 -4.861656079393567031e-03 -1.758080367103392883e-01 -3.415932054519654204e-01 3.332091882051232967e-02 1.333129917891235083e-01 -3.236304540634156179e-01 -1.161543119919176831e-01 2.135264815745504807e-01 -3.377457590103150054e-01
2.742363390057862560e-01 -1.776747576637207060e-01 -2.886153335571288725e-01 -9.859331945633903471e-03 -1.688981887739674503e-01 -3.421101922988891708e-01 2.866339430512558628e-02 1.396801643939270809e-01 -3.251010818481445130e-01 -1.176098296838242879e-01 2.217462736995943207e-01 -3.388333768844604132e-01
2.829444225704156879e-01 -1.791241207411504166e-01 -2.998302574157715727e-01 -1.506305549229598750e-02 -1.615511022454395595e-01 -3.423740119934082782e-01 2.354552676400289979e-02 1.461678758445524584e-01 -3.263519783020020215e-01 -1.200121210990374165e-01 2.293387408606787359e-01 -3.391999692916871090e-01
2.872758900655039138e-01 -1.764720346845323196e-01 -3.126349229812621644e-01 -2.021499405469964761e-02 -1.538689944846912405e-01 -3.422866125106810986e-01 1.806918452207838255e-02 1.527789426098221659e-01 -3.270156927108764933e-01 -1.230385121083303890e-01 2.355916790797014659e-01 -3.383179445266724095e-01
2.871163952630497729e-01 -1.699718928701088316e-01 -3.230540342330932013e-01 -2.561199344089416102e-02 -1.462070949208093551e-01 -3.417270679473876638e-01 1.242360997244212201e-02 1.592914615889981511e-01 -3.272582740783692157e-01 -1.261797166921569402e-01 2.391592724473918519e-01 -3.352383823394776141e-01
2.838386225630109561e-01 -1.612909812145533472e-01 -3.303753061294556481e-01 -3.152156216708963676e-02 -1.388939049290876249e-01 -3.406101388931275231e-01 6.809402815412167465e-03 1.657228714895272459e-01 -3.272677202224730797e-01 -1.287602688145694230e-01 2.394979825425034015e-01 -3.284835119247436208e-01
2.780668102402199526e-01 -1.512823557166632082e-01 -3.345812053680420894e-01 -3.783586304831269842e-02 -1.319438623198414540e-01 -3.388778133392335024e-01 1.257531770102307545e-03 1.722984765239518601e-01 -3.274536294937134828e-01 -1.300023364486699862e-01 2.375590525780579276e-01 -3.179436988830567357e-01
2.711510165630985902e-01 -1.410381227602678367e-01 -3.357972259521483926e-01 -4.444090079910328200e-02 -1.254656849330592905e-01 -3.364501161575316757e-01 -4.483942291841430672e-03 1.789732846633611263e-01 -3.275342197418213419e-01 -1.290885306354805639e-01 2.317288072974949542e-01 -3.032709999084473584e-01
2.640993233031870280e-01 -1.307552027489698454e-01 -3.357817668914795384e-01 -5.119723115326935137e-02 -1.192240294632258280e-01 -3.338199157714843990e-01 -8.925707498082129099e-03 1.862113649583488628e-01 -3.278143472671509184e-01 -1.253123996592585554e-01 2.196467669147762480e-01 -2.831900997161865829e-01
2.569841950610349812e-01 -1.203835752259288239e-01 -3.355719156265259406e-01 -5.732623570369299593e-02 -1.131638824260211285e-01 -3.311681146621704985e-01 -1.127630745211651714e-02 1.942461262207220429e-01 -3.285996408462524276e-01 -1.177903649764171223e-01 1.980147752155612118e-01 -2.614583463668822549e-01
2.499182422364036871e-01 -1.097029403981714391e-01 -3.354354305267334690e-01 -6.200428315336079660e-02 -1.077418601176276386e-01 -3.284124488830567068e-01 -1.344087313329261901e-02 2.023603147486155718e-01 -3.296195716857910907e-01 -1.084847637327048808e-01 1.712690933589054998e-01 -2.416894836425781956e-01
2.428676776368587087e-01 -9.864200134641817885e-02 -3.354370660781859081e-01 -6.488548502220094216e-02 -1.049236237924864729e-01 -3.257867164611815136e-01 -1.563984172258309213e-02 2.103972996122416284e-01 -3.306647510528564204e-01 -9.884487224524363125e-02 1.427826652668726382e-01 -2.295244331359863055e-01
2.355790530865858323e-01 -8.732253239070153494e-02 -3.356721611022948082e-01 -6.613298875997773718e-02 -1.030182697407899250e-01 -3.225975151062011048e-01 -1.796517841488386863e-02 2.183415043030125513e-01 -3.317548437118530424e-01 -8.841185590598223121e-02 1.110775328501394932e-01 -2.248472709655761903e-01
2.277720178315403576e-01 -7.592507865985015370e-02 -3.361190528869629213e-01 -6.507687916247920090e-02 -1.027848243264611328e-01 -3.188328619003296116e-01 -2.087900271489283310e-02 2.260512410383818116e-01 -3.327616949081421138e-01 -7.912586086478000380e-02 8.171582955321989028e-02 -2.272171516418457493e-01
2.194920851333709289e-01 -6.438813108552274289e-02 -3.366090936660767197e-01 -6.054668249771773952e-02 -1.051720827065495412e-01 -3.145239562988281778e-01 -2.481132632791720194e-02 2.334610344172303176e-01 -3.335714359283448172e-01 -7.091687043955854919e-02 5.493337958552677730e-02 -2.357148952484131588e-01
2.107239037335457421e-01 -5.261163025843523106e-02 -3.370860834121704452e-01 -5.012592490658584338e-02 -1.112930540002658869e-01 -3.077559013366699681e-01 -2.994612086880624191e-02 2.405419848911214131e-01 -3.342629451751709113e-01 -6.698433411987093911e-02 3.019647482758089363e-02 -2.465815563201904925e-01
2.015011560443094596e-01 -4.082201567357342936e-02 -3.374865026473997665e-01 -3.363760213290287182e-02 -1.214247688041117101e-01 -2.988474960327147101e-01 -3.641378988423955854e-02 2.471758594214571725e-01 -3.347675199508666766e-01 -6.560855190516369506e-02 8.037636292020443329e-03 -2.572099895477294451e-01
1.918877559139068878e-01 -2.923305690494446690e-02 -3.379066677093506832e-01 -1.187220537828859862e-02 -1.341078348659050790e-01 -2.884694881439209824e-01 -4.425903757287259765e-02 2.532892259366560372e-01 -3.351503152847291056e-01 -6.316339159426301308e-02 -1.107589363650786536e-02 -2.647912425994873864e-01
1.817455284557696338e-01 -1.781823631439026501e-02 -3.383462352752685809e-01 1.388251706413426434e-02 -1.460583007699586544e-01 -2.780326957702636825e-01 -5.297038531912104387e-02 2.593146861781575607e-01 -3.356017656326294452e-01 -6.399397794663003181e-02 -2.800816394830910050e-02 -2.673478622436523677e-01
1.709574938980283343e-01 -6.559991773554256500e-03 -3.387458915710450658e-01 4.225822850925114310e-02 -1.541388594626009745e-01 -2.691534442901612478e-01 -6.249030486913716154e-02 2.658785546917901144e-01 -3.365482110977174313e-01 -6.692272969048072839e-02 -3.946282022796500366e-02 -2.718785209655762980e-01
1.595128320715306913e-01 4.344684220748046277e-03 -3.390705556869506032e-01 7.324609052828091882e-02 -1.584924659530093649e-01 -2.636312408447264444e-01 -7.251367554728432863e-02 2.719426855781360564e-01 -3.374197311401367361e-01 -7.258056761767142651e-02 -4.796233025061702460e-02 -2.776254482269286950e-01
1.474339944659512347e-01 1.459223165259989491e-02 -3.394286460876464462e-01 1.052667080448371484e-01 -1.587053231787666219e-01 -2.615348167419432879e-01 -8.270701877935784929e-02 2.768570510396256568e-01 -3.382973928451538659e-01 -8.215270849544875631e-02 -5.410849569703249373e-02 -2.844108266830445153e-01
1.350197804212484032e-01 2.377624484111881542e-02 -3.397015161514282955e-01 1.387959678582961764e-01 -1.548862114535022594e-01 -2.625113506317139356e-01 -9.293713534104669494e-02 2.811513743604283633e-01 -3.389233036041260361e-01 -9.342813061789401186e-02 -5.679567020639554598e-02 -2.938729686737061031e-01
1.222483781107925049e-01 3.182752498929422580e-02 -3.398380203247070575e-01 1.731464817422945501e-01 -1.469778176255728819e-01 -2.654174251556396524e-01 -9.762383364009857845e-02 2.886404888678766878e-01 -3.392676706314087243e-01 -1.059280528466206850e-01 -5.664321255643438302e-02 -3.052197880744934033e-01
1.091292893366673927e-01 3.888899046286565381e-02 -3.396713562011718368e-01 2.065977059025602136e-01 -1.363493342125799423e-01 -2.712911052703856907e-01 -1.024339169363808200e-01 2.958010726804284340e-01 -3.389159269332886470e-01 -1.166525217421553601e-01 -5.384624181317849978e-02 -3.141602869033814360e-01
9.576567379852493622e-02 4.492121697953254528e-02 -3.390946407318115030e-01 2.394245012760745361e-01 -1.241244869850589155e-01 -2.790080947875976380e-01 -1.074043784407640589e-01 3.019257415765546071e-01 -3.373038501739502038e-01 -1.245735386807605705e-01 -4.897227504952932076e-02 -3.198859472274780402e-01
8.276279613978410055e-02 4.983965640390437823e-02 -3.379952831268309699e-01 2.717531297569086846e-01 -1.108918848621199410e-01 -2.871890563964842880e-01 -1.124190337491308561e-01 3.071255681929507264e-01 -3.340936584472656845e-01 -1.316779294412662726e-01 -4.302260869313231234e-02 -3.241177649497986035e-01
7.025088917924172949e-02 5.359617426873829193e-02 -3.362195463180542299e-01 3.014651617582753129e-01 -9.870696257736208401e-02 -2.942375822067261337e-01 -1.173078772867515579e-01 3.112505556843380150e-01 -3.284523792266846320e-01 -1.382744417055907504e-01 -3.625903152965856413e-02 -3.267475457191467703e-01
5.798826970930351377e-02 5.620722187997766184e-02 -3.340741558074949435e-01 3.239274303647752817e-01 -8.692329531445819324e-02 -3.010039777755735280e-01 -1.234375077735304638e-01 3.127802212326153408e-01 -3.208771295547484526e-01 -1.449514702810814903e-01 -2.871265756501213684e-02 -3.280390615463256165e-01
4.611021542495588599e-02 5.773824706811293839e-02 -3.314848680496216282e-01 3.357025732096331483e-01 -7.490627231248844775e-02 -3.116984052658081095e-01 -1.317243305975651091e-01 3.083476973943821697e-01 -3.115192718505859770e-01 -1.516975800021784504e-01 -2.082247298282603049e-02 -3.286803932189941713e-01
3.466926612731578705e-02 5.821786383175941992e-02 -3.287324829101562762e-01 3.427623713264290051e-01 -6.506515428475631579e-02 -3.233302469253540035e-01 -1.431135201509470822e-01 2.948967692632213922e-01 -3.010972948074339683e-01 -1.587377814431098211e-01 -1.329288659759307600e-02 -3.286578006744383940e-01
2.368995514280977654e-02 5.776122123493830640e-02 -3.264848537445068644e-01 3.438580513812243833e-01 -5.522172887602312674e-02 -3.310810489654541500e-01 -1.564606440414327004e-01 2.721261114520816538e-01 -2.895114345550537371e-01 -1.662377120656886031e-01 -6.753519760791193427e-03 -3.285494251251220854e-01
1.336324876702389523e-02 5.647464501871260478e-02 -3.244683952331542387e-01 3.405150223485216565e-01 -4.653939633962289601e-02 -3.362883014678954563e-01 -1.673141792033910336e-01 2.458427918281883839e-01 -2.764860887527466060e-01 -1.742283968246610693e-01 -9.121885001539403737e-04 -3.284822816848755322e-01
3.853918718135961735e-03 5.455657413866202288e-02 -3.229505844116211666e-01 3.342071986595859245e-01 -3.861766394321976270e-02 -3.401390237808228356e-01 -1.633942063135008227e-01 2.304990992887884782e-01 -2.655734748840332671e-01 -1.829705519838095151e-01 4.532735236873933204e-03 -3.288749809265137380e-01
-4.589162403201675969e-03 5.223271379225209038e-02 -3.217647809982300267e-01 3.255908878978124865e-01 -3.127928010389627311e-02 -3.430690975189208958e-01 -1.565582305003518082e-01 2.135857927330808426e-01 -2.579511852264404492e-01 -1.924337332695006675e-01 9.749061442843931502e-03 -3.297076482772827166e-01
-1.155568398182601694e-02 4.982961993067056006e-02 -3.207462997436523744e-01 3.152009541059191400e-01 -2.451311797377159207e-02 -3.451843757629394771e-01 -1.475577767213708813e-01 1.949615927907742408e-01 -2.548888177871704297e-01 -2.020877847647137848e-01 1.465687736885094850e-02 -3.307611913681030580e-01
-1.697058216276874434e-02 4.759832655502827664e-02 -3.197006006240844522e-01 3.037208374995756244e-01 -1.785502413838037372e-02 -3.465265769958496000e-01 -1.380151048004603365e-01 1.763409592265264281e-01 -2.544914312362671072e-01 -2.117775990173649259e-01 1.907755710024644502e-02 -3.318326063156127881e-01
-1.979495499371213690e-02 4.638310571406600163e-02 -3.193169708251951677e-01 2.923696324886391196e-01 -1.189549989707164301e-02 -3.477275915145872642e-01 -1.286205282533949834e-01 1.588078485037642817e-01 -2.557994098663329829e-01 -2.210222622127057113e-01 2.292149072070354121e-02 -3.330118007659911838e-01
-2.088335747164825340e-02 4.607818300676922579e-02 -3.193971033096313361e-01 2.816859528292137149e-01 -6.855645627337036974e-03 -3.491038722991943177e-01 -1.186494819211035001e-01 1.419065767654916210e-01 -2.578825206756590327e-01 -2.300132342814947273e-01 2.637391709780705085e-02 -3.342375726699827743e-01
-1.908403353483795889e-02 4.781849656291565359e-02 -3.190753574371336665e-01 2.718544754138077502e-01 -2.531720501096484943e-03 -3.506682796478270414e-01 -1.095448575793661339e-01 1.271967453926165503e-01 -2.611675138473509294e-01 -2.386408695086557896e-01 2.939757398947501210e-02 -3.355369491577147034e-01
-1.414124497689785848e-02 5.236109469817596535e-02 -3.179971904754639311e-01 2.629058549329542083e-01 1.108120765098030702e-03 -3.523334474563599716e-01 -1.031776624985304008e-01 1.155948989712132779e-01 -2.677075738906860014e-01 -2.468120714061793897e-01 3.184737228595616032e-02 -3.366803283691405801e-01
-5.684692861890026233e-03 6.061048022581579098e-02 -3.154653663635255123e-01 2.542068210364052394e-01 3.806312847979664848e-03 -3.541443414688111302e-01 -9.896998785466387671e-02 1.062491188602180947e-01 -2.764723367691042100e-01 -2.544449614075636745e-01 3.329949955649416649e-02 -3.374787731170656446e-01
6.359875330965977791e-03 7.340876100334325915e-02 -3.116452045440673557e-01 2.457937922354882510e-01 5.613292369889055777e-03 -3.557128973007201989e-01 -9.533171260145392734e-02 9.817748385341172612e-02 -2.843167324066162016e-01 -2.615998683220915333e-01 3.364022258316987091e-02 -3.378355045318603422e-01
1.903716338943223230e-02 8.899343068803050594e-02 -3.071839733123780114e-01 2.376800809131157100e-01 6.973068343991500884e-03 -3.567060918807984371e-01 -9.323274390071793760e-02 9.172833473872593624e-02 -2.914166135787964462e-01 -2.682429762640805015e-01 3.321684361283386289e-02 -3.375940914154053618e-01
3.080060666756907067e-02 1.062781578097324875e-01 -3.027804870605468324e-01 2.297412316462938420e-01 7.808558841520582550e-03 -3.570528383255004434e-01 -9.306746130606759204e-02 8.670320064071013189e-02 -2.958037681579589462e-01 -2.740664840743254338e-01 3.203874149934760052e-02 -3.364279956817626815e-01
4.153755663633851986e-02 1.251218831885215765e-01 -2.991282100677489231e-01 2.220453992168572310e-01 8.338687690942064856e-03 -3.568254680633543563e-01 -9.583873628448165427e-02 8.290801828950050689e-02 -2.989372415542602690e-01 -2.800415639955570746e-01 3.055685661790208396e-02 -3.345107383728027628e-01
5.158579691245385873e-02 1.455511197460514772e-01 -2.951627941131592103e-01 2.148467143953830538e-01 8.311530925831908667e-03 -3.560941286087036528e-01 -1.042591002635042535e-01 8.058866486875709834e-02 -3.050047154426575036e-01 -2.863480741411277286e-01 2.703184305844706647e-02 -3.317552776336670228e-01
6.095822209669694847e-02 1.676142248090209674e-01 -2.903811283111573660e-01 2.080742068264170297e-01 7.772731507159957864e-03 -3.548567075729371356e-01 -1.181409127879948784e-01 7.898626742828390723e-02 -3.132848711013795917e-01 -2.926192187085531748e-01 1.710191081868925322e-02 -3.276126308441164037e-01
6.993362829237367850e-02 1.922300333066629396e-01 -2.848487586975096963e-01 2.016383587626154328e-01 7.042581663448191365e-03 -3.530311460494994225e-01 -1.334187810091953252e-01 7.668849337018690537e-02 -3.210751075744628924e-01 -2.982041095492767857e-01 6.662924839905229324e-03 -3.237356538772583336e-01
7.771747266341219595e-02 2.177845765946678225e-01 -2.790010185241700302e-01 1.957274146595266717e-01 5.896267254450693329e-03 -3.505361623764038925e-01 -1.463439881308873369e-01 7.235518588739746348e-02 -3.255246372222901363e-01 -3.020014351430583277e-01 -5.557687145803458240e-03 -3.221197862625123087e-01
8.171420806619265897e-02 2.403275477875674582e-01 -2.769560356140138291e-01 1.905054884622505440e-01 4.544073072573526217e-03 -3.475241346359254080e-01 -1.585134534192577938e-01 6.572585326965407759e-02 -3.283383007049561764e-01 -3.039417670265760485e-01 -2.054108144505818051e-02 -3.207379121780397080e-01
8.103220638262209619e-02 2.583927281769866635e-01 -2.803899879455565847e-01 1.857142498950844489e-01 3.299165708828682986e-03 -3.442046852111815824e-01 -1.706753128090406912e-01 5.676447179981959634e-02 -3.293225021362305438e-01 -3.037070431443840146e-01 -4.522821480132571681e-02 -3.178615446090699015e-01
7.752801923806082462e-02 2.737021152609225849e-01 -2.909886474609375551e-01 1.810412373080955151e-01 2.005680330027209690e-03 -3.408418483734131366e-01 -1.827689889292569425e-01 4.550954870703329685e-02 -3.285232276916504324e-01 -2.988332992324554405e-01 -7.258620568977552923e-02 -3.134051771163940958e-01
7.112374341793671617e-02 2.840920651028358002e-01 -3.045723409652710822e-01 1.763030037494498214e-01 5.443441418381683716e-04 -3.376282234191895770e-01 -1.942124511256253794e-01 3.214312573012576002e-02 -3.263276357650755632e-01 -2.852378212885294806e-01 -1.008670485797419636e-01 -3.083830471038817023e-01
6.250813670313593029e-02 2.888053157225063394e-01 -3.187936611175538615e-01 1.713296212891795844e-01 -1.206378015956577343e-03 -3.343864412307740452e-01 -2.040086847091031608e-01 1.737605968437521547e-02 -3.233352775573730686e-01 -2.580738282759156288e-01 -1.277698394688157602e-01 -3.027602453231811874e-01
5.351020734873013218e-02 2.904047090659122032e-01 -3.259504671096802308e-01 1.660454799680748383e-01 -3.422289588694657492e-03 -3.316081542968750684e-01 -2.120322181873166845e-01 2.385566666118284218e-03 -3.208433599472046427e-01 -2.286044556280005802e-01 -1.521573914440982611e-01 -2.973761720657349672e-01
4.464032471343305081e-02 2.887898315617843381e-01 -3.284984703063965616e-01 1.604555653983022190e-01 -6.270808625408984260e-03 -3.292736167907715505e-01 -2.188626694086883429e-01 -1.222123730823340693e-02 -3.190591735839843346e-01 -1.955142065327799272e-01 -1.738049436458498909e-01 -2.924408311843871844e-01
3.671942281137217934e-02 2.840525624445002784e-01 -3.285890264511108771e-01 1.549658267451676785e-01 -9.849490432199833889e-03 -3.273614234924316357e-01 -2.248996517806083617e-01 -2.654839017439344917e-02 -3.180919570922851602e-01 -1.610187121665548615e-01 -1.897364309854481235e-01 -2.883838434219360147e-01
2.832846119760006054e-02 2.782263166337162197e-01 -3.278503437042237234e-01 1.492354931287241115e-01 -1.386219950117073205e-02 -3.257442827224732440e-01 -2.301499702626455535e-01 -4.050946006520844689e-02 -3.180405349731446063e-01 -1.245098442279588269e-01 -1.984480178741261369e-01 -2.868969221115112989e-01
1.965009967850674111e-02 2.721986338817866113e-01 -3.275877447128295317e-01 1.437074274975510546e-01 -1.805055764130622867e-02 -3.243867559432982994e-01 -2.345788315249345835e-01 -5.421058738764480966e-02 -3.187371797561646125e-01 -8.791588686552775922e-02 -2.020008873176510900e-01 -2.882161159515381765e-01
1.091656133762561320e-02 2.657047366566901991e-01 -3.277914257049558966e-01 1.385096162685926224e-01 -2.206408194621764518e-02 -3.230906887054441623e-01 -2.380890481931838831e-01 -6.828988920572155730e-02 -3.199165792465209490e-01 -5.311544819987816524e-02 -2.009007385761061304e-01 -2.911941738128661639e-01
2.586701034213316486e-03 2.588756966078906152e-01 -3.282172603607177996e-01 1.340342656560591372e-01 -2.554795957507165205e-02 -3.216967315673828209e-01 -2.401400677029239539e-01 -8.281071084546159922e-02 -3.212681312561034286e-01 -2.112526975536009599e-02 -1.932291436777505700e-01 -2.941708059310912393e-01
-5.292132554523369670e-03 2.519526103975585074e-01 -3.284197587966917742e-01 1.302052909557217253e-01 -2.809557181713265989e-02 -3.199635572433470188e-01 -2.406713736198740350e-01 -9.777880298634744616e-02 -3.222772760391235392e-01 7.040440651163895613e-03 -1.818032364656229083e-01 -2.961946268081664946e-01
-1.315632188466265423e-02 2.445635384649829658e-01 -3.281918210983275630e-01 1.265130768498783920e-01 -2.937254750616726667e-02 -3.174266357421873797e-01 -2.401948079885738996e-01 -1.128164706373037673e-01 -3.226606626510620246e-01 3.151052971463298019e-02 -1.701438406486975585e-01 -2.966347045898437562e-01
-2.106977882627080953e-02 2.367971496734227466e-01 -3.278636426925659042e-01 1.232250202730167665e-01 -2.906507341312799739e-02 -3.142980165481567001e-01 -2.388895389064750463e-01 -1.276698133090142240e-01 -3.228636808395386470e-01 5.266562515663449767e-02 -1.605374359784623173e-01 -2.962264986038208869e-01
-2.888650375729606354e-02 2.287844955603024755e-01 -3.274789543151854776e-01 1.216137888949064272e-01 -2.330528167495162645e-02 -3.122957153320312096e-01 -2.366743152177485654e-01 -1.421056883447304464e-01 -3.229712696075440204e-01 6.873725296239532878e-02 -1.541942532894396423e-01 -2.964389152526856197e-01
-3.660220733939092280e-02 2.206404148088764450e-01 -3.267336053848266531e-01 1.197860991633399180e-01 -1.247483343632862195e-02 -3.102788944244384561e-01 -2.377541285083490941e-01 -1.517070468697085117e-01 -3.225752611160278560e-01 7.727440424122433704e-02 -1.501458701878964908e-01 -2.974594707489013889e-01
-4.402754375306584811e-02 2.125557188436466571e-01 -3.253310985565185942e-01 1.151600115942500169e-01 2.996617705530657365e-03 -3.026624937057495468e-01 -2.432635915961843809e-01 -1.563809259962262166e-01 -3.213715572357176975e-01 7.970262346215431504e-02 -1.485810732544523560e-01 -3.002540321350096741e-01
-5.127446054768482198e-02 2.044878243539315632e-01 -3.224811477661132519e-01 1.078347796813207832e-01 2.453750990342316515e-02 -2.893708772659301376e-01 -2.486978547092350833e-01 -1.608321019536907148e-01 -3.181189699172973784e-01 7.898828457860193608e-02 -1.506221103684494411e-01 -3.027447004318237211e-01
-5.831386384684812685e-02 1.963112884941490832e-01 -3.188803405761717613e-01 9.787268613478793122e-02 4.988210103842512233e-02 -2.777379961013792808e-01 -2.535928656212892429e-01 -1.644614966324509930e-01 -3.136377210617065647e-01 7.565220174486914084e-02 -1.564410069670127690e-01 -3.062266893386840771e-01
-6.483593421559499803e-02 1.881013755728867254e-01 -3.154096860885620135e-01 8.804097824043863318e-02 7.948634981232022279e-02 -2.678595943450927663e-01 -2.588351713726877446e-01 -1.688332198102363013e-01 -3.089467592239379945e-01 7.062032834188988750e-02 -1.619729916168516914e-01 -3.084763164520263889e-01
-7.096439401991654072e-02 1.796932934188963382e-01 -3.123382968902588264e-01 7.725364178327558118e-02 1.096239292359278833e-01 -2.599581642150879390e-01 -2.641156109704060895e-01 -1.742298631607469561e-01 -3.040164251327515110e-01 6.572188741768969500e-02 -1.658977461206163351e-01 -3.067359132766724339e-01
-7.657608315841787916e-02 1.714160620504924792e-01 -3.097110719680786772e-01 6.549011507074065097e-02 1.410672661630060498e-01 -2.542589111328125706e-01 -2.687176159568561706e-01 -1.811758572013263957e-01 -2.989025325775145903e-01 6.024314289965088803e-02 -1.708025926002351980e-01 -3.044223041534423468e-01
-8.140244308494058723e-02 1.633321689798085119e-01 -3.077118558883667476e-01 5.306228486978688264e-02 1.731709090200501400e-01 -2.516255016326904848e-01 -2.684482139452887828e-01 -1.909878257242116351e-01 -2.936025543212891220e-01 5.425330538734195879e-02 -1.765591189808090600e-01 -3.040622038841248043e-01
-8.510685167545023466e-02 1.553879425288833271e-01 -3.065335674285888934e-01 4.148248975200377608e-02 2.054263517669927541e-01 -2.535698909759521724e-01 -2.602370558521185373e-01 -2.057840265216226705e-01 -2.886019725799561231e-01 4.788067493586710410e-02 -1.831780934270815231e-01 -3.047867794036865918e-01
-8.728482819064947718e-02 1.475643459817422287e-01 -3.063896675109863965e-01 3.345563374279114655e-02 2.384394196193607429e-01 -2.594815940856933789e-01 -2.458882538809700480e-01 -2.212943248400213725e-01 -2.833643360137939604e-01 4.168350329697342871e-02 -1.907447352932935547e-01 -3.064460105895996378e-01
-8.808396027813852891e-02 1.398208257794495146e-01 -3.066836900711060188e-01 3.038118104534008601e-02 2.716926431284347188e-01 -2.675320739746094301e-01 -2.257229003825041991e-01 -2.367841558666836654e-01 -2.765878410339356330e-01 3.591080473972710352e-02 -1.991264138592720445e-01 -3.084893794059754280e-01
-8.753207405714817646e-02 1.323327572110241379e-01 -3.075507802963256543e-01 3.326431710850667745e-02 3.039984993447862882e-01 -2.764474744796752148e-01 -2.012184032032351688e-01 -2.502198484858179084e-01 -2.680404491424561164e-01 3.067272325369971298e-02 -2.081418206565640583e-01 -3.109447927474976447e-01
-8.659652019042696214e-02 1.251177910376394253e-01 -3.081475324630735813e-01 4.522235134597529793e-02 3.378129100168792420e-01 -2.849698896408079940e-01 -1.762172464877842237e-01 -2.610720429672754861e-01 -2.607926578521728711e-01 2.596540483699807944e-02 -2.173903386171824048e-01 -3.129692001342773144e-01
-8.519414522784055088e-02 1.178111826959119812e-01 -3.083343048095703587e-01 5.602734593651068074e-02 3.530616434188533770e-01 -2.904314012527466349e-01 -1.668438338169709323e-01 -2.580140765389918878e-01 -2.555322713851927996e-01 2.163367827880494088e-02 -2.268116680268495167e-01 -3.145806999206542387e-01
-8.350736444108544654e-02 1.106516260956463549e-01 -3.084985132217408776e-01 6.622231877586633175e-02 3.588768101490585338e-01 -3.006159038543702589e-01 -1.566113065793452164e-01 -2.454616759150110017e-01 -2.524227590560914614e-01 1.766633728286998162e-02 -2.364001861879650723e-01 -3.161331148147584202e-01
-8.172581057346020583e-02 1.037760460239220695e-01 -3.078513402938842791e-01 7.444495502448776614e-02 3.562526465340081772e-01 -3.143353266716003569e-01 -1.446559693459397999e-01 -2.283685309590418044e-01 -2.508893842697143550e-01 1.385765155576132446e-02 -2.461021515471393528e-01 -3.168453903198242272e-01
-7.978411556618084099e-02 9.736462421351455010e-02 -3.064179296493531046e-01 7.683474986676526453e-02 3.479402117330470667e-01 -3.258516783714294762e-01 -1.323167395214872033e-01 -2.090240857885234393e-01 -2.507240219116212421e-01 1.008317497852169453e-02 -2.559059048731036623e-01 -3.167112894058229378e-01
-7.767963541601861921e-02 9.143485127268372037e-02 -3.045317525863647234e-01 7.690997282063220808e-02 3.379887990811299425e-01 -3.311766500473021790e-01 -1.203221652972840394e-01 -1.886789052635412522e-01 -2.517903537750244558e-01 6.236967349228281221e-03 -2.657648170077943073e-01 -3.160340900421143018e-01
-7.567026587159630946e-02 8.634823582230559402e-02 -3.025601692199707538e-01 7.638292314131803207e-02 3.281173303912964245e-01 -3.309629960060120335e-01 -1.093168222677395607e-01 -1.685699554202099160e-01 -2.529142923355103267e-01 2.275656881062432246e-03 -2.757724779169499207e-01 -3.153504962921143129e-01
-7.426076461652841854e-02 8.293086567846233437e-02 -3.006788225173950835e-01 7.326625869890127096e-02 3.174527010056108489e-01 -3.303556652069092325e-01 -9.954904378472793913e-02 -1.492639872615355023e-01 -2.538784093856811808e-01 -1.889648029376633787e-03 -2.859074296431787232e-01 -3.147986049652100049e-01
-7.740610058987767994e-02 8.006810043807092991e-02 -2.981480569839478623e-01 6.852547899996612457e-02 3.061704106187350116e-01 -3.297132534980774521e-01 -9.126917302942805232e-02 -1.314444435944565615e-01 -2.557480068206787749e-01 -6.159117910598116419e-03 -2.960436867007064099e-01 -3.143347473144532112e-01
-8.040617570202718278e-02 7.958806885039255985e-02 -2.943989820480347186e-01 6.446203413683999905e-02 2.947277325466816089e-01 -3.287571592330932879e-01 -8.405322243411494920e-02 -1.139073134126030590e-01 -2.574468011856079208e-01 -1.033892663094790332e-02 -3.064263616892648479e-01 -3.135790462493897035e-01
-8.280360105937434323e-02 8.206396405617139012e-02 -2.900546092987060787e-01 6.144986268574288701e-02 2.838165122739447765e-01 -3.276859159469604488e-01 -7.800142797138097384e-02 -9.809905145734540421e-02 -2.606829376220702876e-01 -1.435621247380075571e-02 -3.169789858594793674e-01 -3.126745672225952344e-01
-8.427221234571703745e-02 8.782317393221977797e-02 -2.854102916717529692e-01 5.899623553025954564e-02 2.734128269473565798e-01 -3.264853925704956361e-01 -7.323305501237895032e-02 -8.471495881684072693e-02 -2.649870557785033442e-01 -1.829257039930575618e-02 -3.275014848802711986e-01 -3.116998453140258363e-01
-8.459757645442528284e-02 9.837259493176359060e-02 -2.807249660491943910e-01 5.668680159733253954e-02 2.633149930030526109e-01 -3.253279991149902739e-01 -6.961732057095602888e-02 -7.317666491272403761e-02 -2.693210430145264178e-01 -2.203495863129013160e-02 -3.380691262030219857e-01 -3.107181901931763135e-01
-8.370580868590613011e-02 1.155459427384996907e-01 -2.760337562561036573e-01 5.450363345276573040e-02 2.533826126603745954e-01 -3.244042582511902917e-01 -6.790156048440781911e-02 -6.794593948580374132e-02 -2.745945639610292144e-01 -2.532071237419292881e-02 -3.485009951982714349e-01 -3.098422927856446796e-01
-8.102330729973855616e-02 1.365017754559733620e-01 -2.714862937927245978e-01 5.248490192877705574e-02 2.434665429120280999e-01 -3.237369556427002193e-01 -6.741012155866209221e-02 -6.679492857772946490e-02 -2.774943919181823704e-01 -2.806045005742183879e-02 -3.584241124710173532e-01 -3.088734884262084868e-01
-8.187360847292687871e-02 1.580584380533627820e-01 -2.673331422805786950e-01 5.057020138345010019e-02 2.333009806094686056e-01 -3.232027645111084646e-01 -6.821943032172612942e-02 -7.062235997890854711e-02 -2.815556879043579763e-01 -3.066898522427278367e-02 -3.679878384996542739e-01 -3.075555677413941424e-01
-8.365980345422985298e-02 1.805420802147668924e-01 -2.642966194152832626e-01 4.896249896484698022e-02 2.226837419544080432e-01 -3.227826995849610303e-01 -7.023414417783802044e-02 -7.999861836429200679e-02 -2.881635375022889023e-01 -3.295194862069901476e-02 -3.771299151219164036e-01 -3.055566329956055371e-01
-8.423610293432584606e-02 2.033853756140141522e-01 -2.627065105438233239e-01 4.766236942465858911e-02 2.115574934606708202e-01 -3.226696271896362656e-01 -7.250582936510238663e-02 -9.177572980813722414e-02 -2.934799189567566247e-01 -3.465424027936336859e-02 -3.858262445610343150e-01 -3.031384391784668342e-01
-8.349533473229228675e-02 2.258587576333035418e-01 -2.625441379547118759e-01 4.656498526845445629e-02 1.999804616324655226e-01 -3.226633567810058278e-01 -7.425262608530636133e-02 -1.028849962900067888e-01 -2.945798010826109481e-01 -3.531187086006327275e-02 -3.939187701311439027e-01 -2.999567670822142484e-01
-8.158949133093240658e-02 2.482328309888739704e-01 -2.643474788665772235e-01 4.555328250343716745e-02 1.882052505266918474e-01 -3.226861305236817246e-01 -7.569312723396728892e-02 -1.142385600754954877e-01 -2.954676098823548203e-01 -3.419234137199830131e-02 -4.007106906266112434e-01 -2.961882133483887403e-01
-7.536617001001488791e-02 2.730258532357452972e-01 -2.680328245162963974e-01 4.464151270784823267e-02 1.766359683176009499e-01 -3.225861902236938916e-01 -7.676663335301933677e-02 -1.257350979514333111e-01 -2.961701817512512602e-01 -3.172215503718682494e-02 -4.044094553028820260e-01 -2.923205347061157422e-01
-6.936175715854349388e-02 2.955644845624021411e-01 -2.696108932495117072e-01 4.354857268397940850e-02 1.652524205166536753e-01 -3.226540727615356818e-01 -7.698410896350259269e-02 -1.376335774813030599e-01 -2.973173446655273389e-01 -2.577590163287335479e-02 -4.043882493194295158e-01 -2.885464401245117494e-01
-6.123864403931692652e-02 3.183430542443828060e-01 -2.704898233413696729e-01 4.460609314559021987e-02 1.540886505858881927e-01 -3.228289432525635050e-01 -7.636712267201956061e-02 -1.499300145805730067e-01 -2.990687055587769039e-01 -1.767474161309107172e-02 -3.999547383184775540e-01 -2.839658756256103755e-01
-5.101550582030290465e-02 3.401155801385334354e-01 -2.698626346588135494e-01 4.957395661791470093e-02 1.427973809341234190e-01 -3.230588407516480354e-01 -7.494876326136803990e-02 -1.621983988240507935e-01 -3.008803100585938362e-01 -7.879710512741847084e-03 -3.887002794821525220e-01 -2.776864976882935654e-01
-3.907796690846990911e-02 3.587691977881798389e-01 -2.687461538314820375e-01 5.402017259738823435e-02 1.310122714433136770e-01 -3.233792276382447262e-01 -7.285110764258372062e-02 -1.740598342673598531e-01 -3.025508422851562185e-01 2.722886726030750160e-03 -3.699651954909332074e-01 -2.698330278396606219e-01
-2.582500987055989794e-02 3.731868528206070956e-01 -2.696635599136352202e-01 5.782930039870631811e-02 1.187090230507470423e-01 -3.237507600784301220e-01 -7.031617618948585169e-02 -1.855836080340879934e-01 -3.042307014465331916e-01 1.329247739877866680e-02 -3.428648052775790656e-01 -2.623397560119628547e-01
-1.160629593060363146e-02 3.839602252783207992e-01 -2.719959087371826567e-01 6.093463348701472215e-02 1.061281379413710202e-01 -3.240829248428345188e-01 -6.803659589202731839e-02 -1.966584712631414822e-01 -3.057277030944824947e-01 2.195480133751421051e-02 -3.115649253863494450e-01 -2.553764410018921627e-01
3.385426519254601530e-03 3.913950709313617216e-01 -2.753288288116455540e-01 6.333398681321496249e-02 9.347898796041392844e-02 -3.242652673721314049e-01 -6.606950213391353521e-02 -2.073810665342115944e-01 -3.069607133865356885e-01 2.893109374376683432e-02 -2.763292214194962848e-01 -2.498144836425781612e-01
1.873232342535746664e-02 3.949872925357665321e-01 -2.799696226119995912e-01 6.502764616123060670e-02 8.104026661842160528e-02 -3.242572326660156934e-01 -6.954452377744342606e-02 -2.176241599441361418e-01 -3.080771799087524965e-01 3.366497290100545214e-02 -2.422140685702106888e-01 -2.483544797897339618e-01
3.370506212374008159e-02 3.928809713593949260e-01 -2.869456024169921848e-01 6.592388729962739280e-02 6.838720067967865579e-02 -3.238139123916626283e-01 -7.557647705078128497e-02 -2.281152105331420710e-01 -3.089782161712646413e-01 4.999999999999996114e-02 -2.023705959320068193e-01 -2.496691865921020492e-01
4.791162307205135140e-02 3.863624311564856084e-01 -2.951976175308227424e-01 6.586694724947611546e-02 5.524679836145605927e-02 -3.223527021408080784e-01 -8.077630615234379641e-02 -2.387278318405151312e-01 -3.093132467269898433e-01 4.999999999999996808e-02 -1.684360027313232533e-01 -2.524087066650391176e-01
6.177851089747726787e-02 3.779567849528886470e-01 -3.027792186737060520e-01 6.493722421880210316e-02 4.214484563968771969e-02 -3.198258705139160329e-01 -8.615438842773440187e-02 -2.500618171691894598e-01 -3.093355722427368337e-01 4.999999999999997502e-02 -1.369787406921386674e-01 -2.578440685272216926e-01
7.483033160008087381e-02 3.678906526789432752e-01 -3.087624711990356596e-01 6.340446724745990581e-02 3.016408056502763169e-02 -3.165193624496460134e-01 -9.181762695312500888e-02 -2.617074894905090376e-01 -3.090846462249756121e-01 4.999999999999998196e-02 -1.090211391448974165e-01 -2.686584873199463486e-01
8.647865133888563149e-02 3.560973268663761293e-01 -3.125396032333374596e-01 6.166715291991442527e-02 2.014117449377111901e-02 -3.122100467681885316e-01 -9.766793823242186923e-02 -2.734386348724365257e-01 -3.080822868347168897e-01 4.999999999999998196e-02 -8.572086811065673939e-02 -2.769807095527649921e-01
9.634849685597191016e-02 3.427713685396449605e-01 -3.145331926345825146e-01 6.078506825792872464e-02 1.396061581241945029e-02 -3.075184793472289790e-01 -1.036389160156250405e-01 -2.852739930152893288e-01 -3.060881729125977668e-01 4.999999999999998890e-02 -6.773715019226074496e-02 -2.815902276039124463e-01
1.043433785328392316e-01 3.284804490741042859e-01 -3.149348516464234304e-01 6.089497012509544754e-02 1.084653143471310532e-02 -3.005303211212159153e-01 -1.098875427246093772e-01 -2.969119334220886586e-01 -3.035230607986451057e-01 4.999999999999998890e-02 -6.278695106506347601e-02 -2.893641300201417188e-01
1.102776695757066994e-01 3.139479109114464150e-01 -3.143666381835937274e-01 6.298250110369940646e-02 1.195538453120515224e-02 -2.884574146270751926e-01 -1.136746988025195276e-01 -3.073577040075529676e-01 -3.011090059280395193e-01 3.944459975923403361e-02 -7.894986517414684379e-02 -2.947625274658203232e-01
1.145689154078743111e-01 2.996595536799261383e-01 -3.132673377990723429e-01 6.788683357314254097e-02 1.777328168705104988e-02 -2.768744916915893972e-01 -1.203259447613397315e-01 -3.175013803718199634e-01 -2.990079803466796360e-01 3.647855530377348138e-02 -8.793993832120208798e-02 -2.948691482543944753e-01
1.174969569448671425e-01 2.859805231733792974e-01 -3.123215932846070131e-01 7.539991222391279058e-02 2.705012624100314872e-02 -2.661945648193360103e-01 -1.275938978816238689e-01 -3.263884693464423892e-01 -2.969994468688965661e-01 3.275141661149477690e-02 -9.815462155727104621e-02 -2.931108636856079586e-01
1.195567346262257358e-01 2.730525054063102641e-01 -3.118682451248169230e-01 8.612733401050683135e-02 4.003826008270439107e-02 -2.569249362945557058e-01 -1.355112224785068320e-01 -3.337357106082510794e-01 -2.951713247299194709e-01 2.826339098968431648e-02 -1.091118116647994823e-01 -2.938436050415039191e-01
1.211432544973301273e-01 2.603351181817634696e-01 -3.115910882949828875e-01 9.941410957139777682e-02 5.486063225819776124e-02 -2.495323295593261936e-01 -1.443747364437295289e-01 -3.395578032900100074e-01 -2.934581108093262669e-01 2.336199679047023386e-02 -1.197030590291996155e-01 -2.951041526794434544e-01
1.225946368460475444e-01 2.478250330133720813e-01 -3.113796396255493204e-01 1.141247492921264456e-01 6.930324233623381958e-02 -2.471292037963867261e-01 -1.536889030004253698e-01 -3.424648764372731913e-01 -2.916848106384276051e-01 1.788694613340316084e-02 -1.291308654068097916e-01 -2.960261578559874596e-01
1.235615674203238423e-01 2.356206520814640437e-01 -3.111676425933836421e-01 1.307497315679345407e-01 8.403474974217522986e-02 -2.474956054687499352e-01 -1.626914698555408934e-01 -3.412385109809902839e-01 -2.897512598037718656e-01 1.091835398713484478e-02 -1.390551758862040854e-01 -2.975483698844908487e-01
1.239844826868946870e-01 2.238271959992143012e-01 -3.110682363510131609e-01 1.509520549731376837e-01 1.009176963550558054e-01 -2.511403293609619225e-01 -1.721344103209142828e-01 -3.370861058061560556e-01 -2.880057163238525231e-01 1.863143743036685396e-03 -1.491570671001895276e-01 -2.991751403808593501e-01
1.238386040223373730e-01 2.125515169864551912e-01 -3.111584014892578298e-01 1.733881611400341083e-01 1.180894146582668613e-01 -2.593652172088622976e-01 -1.846122620484680898e-01 -3.284118826080078546e-01 -2.867200441360472363e-01 -9.471267222166374067e-03 -1.589184148233113159e-01 -3.005923051834105686e-01
1.231730684062448400e-01 2.017010921215541541e-01 -3.114913244247437540e-01 2.091617856173432488e-01 1.240854548015087461e-01 -2.684279842376710024e-01 -2.006341077128863393e-01 -3.145715366913208744e-01 -2.864139719009400342e-01 -2.263460779015006447e-02 -1.679973046124455804e-01 -3.021337909698487145e-01
1.221614745224135212e-01 1.912775507165889455e-01 -3.120971221923828365e-01 2.406084949771994108e-01 1.207550907805848839e-01 -2.690529937744141065e-01 -2.129627802359908006e-01 -2.938073030862153878e-01 -2.868873043060303218e-01 -3.694333270746101572e-02 -1.758798966956367782e-01 -3.041982240676880389e-01
1.182554820459417316e-01 1.839089118854047300e-01 -3.128634376525879501e-01 2.666824839990667995e-01 1.142900154010297181e-01 -2.710769243240357396e-01 -2.203520884316091388e-01 -2.684206549817780285e-01 -2.866445655822754679e-01 -5.164550649022357082e-02 -1.823799222221374472e-01 -3.068327970504761693e-01
1.117503473020083071e-01 1.793138250584297155e-01 -3.136466808319091082e-01 2.863908502316958038e-01 1.076295599217109294e-01 -2.803306217193602956e-01 -2.230643294339329230e-01 -2.411117258342829195e-01 -2.845646352767943754e-01 -6.631413320266400790e-02 -1.876224307804685854e-01 -3.094385833740234126e-01
1.050591671052022169e-01 1.750489042923848992e-01 -3.142761535644532089e-01 2.915791256012958410e-01 1.046996000931661452e-01 -2.845157690048218391e-01 -2.214213800576512459e-01 -2.133854994150980178e-01 -2.822092218399048780e-01 -8.067706458504209088e-02 -1.918946858871333205e-01 -3.118450040817261626e-01
9.823319792765718150e-02 1.709220102862453738e-01 -3.147357864379884962e-01 3.068744943143760784e-01 1.002652109698391886e-01 -2.852264280319215528e-01 -2.238540054912671884e-01 -1.792919932358870150e-01 -2.802131338119507875e-01 -9.433623286266558383e-02 -1.955948135268728572e-01 -3.140229625701905225e-01
9.128743024015509300e-02 1.669169772283012609e-01 -3.147385091781616517e-01 3.174387974276552393e-01 8.769340545095760664e-02 -2.929873008728027806e-01 -2.246639640014580497e-01 -1.426744623776519949e-01 -2.790637321472168586e-01 -1.071631859042096180e-01 -1.989414514774404397e-01 -3.157518167495728112e-01
8.436109207200470639e-02 1.631877043892709100e-01 -3.144057865142823038e-01 3.168963093571610101e-01 7.679710990684904259e-02 -3.002240009307862167e-01 -2.224660257189655377e-01 -1.053490211492881801e-01 -2.791847820281982973e-01 -1.195261683972195094e-01 -2.019311636841219781e-01 -3.169860954284668964e-01
7.750112365449864094e-02 1.597319388827584119e-01 -3.138948507308960689e-01 3.105749761935612252e-01 6.764438395111782576e-02 -3.071221227645874463e-01 -2.180804703631178676e-01 -6.968612171498395069e-02 -2.803595561981201412e-01 -1.317075678247981996e-01 -2.044851817413395889e-01 -3.179052658081055194e-01
7.052859968208757824e-02 1.567186593480101586e-01 -3.131912059783936164e-01 3.009579820063065236e-01 6.011972135972895592e-02 -3.142978305816651052e-01 -2.120944992273719187e-01 -3.570599038695505822e-02 -2.821179742813110791e-01 -1.441706379983364594e-01 -2.064980442233321223e-01 -3.187676925659180260e-01
6.321583797922203374e-02 1.540211438556932377e-01 -3.120609779357910174e-01 2.908096490143783353e-01 5.455163091624014304e-02 -3.174621434211731263e-01 -2.049785342792004861e-01 -2.790129756192805122e-03 -2.828842086791992783e-01 -1.573719447128538451e-01 -2.077550775133731320e-01 -3.194589824676514200e-01
5.662297941050506433e-02 1.513521061593641193e-01 -3.105460329055786950e-01 2.810670101722239078e-01 5.098067671600471640e-02 -3.165398139953614076e-01 -1.950171860354747988e-01 2.674025834492101128e-02 -2.831090612411499841e-01 -1.711296631700929827e-01 -2.082005526465930401e-01 -3.200230188369751483e-01
5.157254499418293531e-02 1.484402643658443433e-01 -3.086628456115722563e-01 2.719996079824641422e-01 4.810402169006314232e-02 -3.146487469673156512e-01 -1.841780717291540137e-01 5.347842492080105703e-02 -2.834415001869202699e-01 -1.852201635781248190e-01 -2.077464644023219176e-01 -3.203903932571411928e-01
4.765829900099363692e-02 1.457157544052340159e-01 -3.064439077377320020e-01 2.636055646259936047e-01 4.482763184664030620e-02 -3.132377166748047670e-01 -1.741049346040038914e-01 7.307991211833328449e-02 -2.857261986732482772e-01 -1.999301364107181622e-01 -2.058469168443742836e-01 -3.204311580657958625e-01
4.590315506683036867e-02 1.435220369193137280e-01 -3.038462467193604466e-01 2.549872004769865863e-01 4.134482134314197005e-02 -3.118059463500977291e-01 -1.645713435188532747e-01 8.742837843073446302e-02 -2.877598853111267840e-01 -2.154723892105253336e-01 -2.020532482622577619e-01 -3.201854057312012447e-01
4.696910034943231615e-02 1.416739966210864565e-01 -3.006925458908080717e-01 2.462040201004214168e-01 3.774608842039831741e-02 -3.107090587615966570e-01 -1.575775593854557566e-01 9.758415920928389942e-02 -2.900160903930664169e-01 -2.311458156409970099e-01 -1.960350584404300101e-01 -3.195652074813842836e-01
5.138062848047424136e-02 1.393103643249040402e-01 -2.962757987976074592e-01 2.395813124846760955e-01 2.771202830207888240e-02 -3.100047607421875240e-01 -1.565960589380046009e-01 1.057211193291718865e-01 -2.938860173225402717e-01 -2.462449574343301140e-01 -1.883109872395799245e-01 -3.189742107391357329e-01
5.997828285456700825e-02 1.355542894895985229e-01 -2.903359766006468612e-01 2.324489495211586043e-01 1.777041979983196018e-02 -3.092490787506102512e-01 -1.610788418550549994e-01 1.104420741318091204e-01 -2.991240997314452144e-01 -2.617901261541833446e-01 -1.793614527234328182e-01 -3.177385921478270703e-01
7.339798134144584485e-02 1.299050380825439444e-01 -2.835401268005371955e-01 2.248857721771409524e-01 7.912328044719321718e-03 -3.080732650756836666e-01 -1.685413953050409752e-01 1.097058622934357630e-01 -3.032988638877869292e-01 -2.734252732167984923e-01 -1.781695715671391123e-01 -3.153806514739990741e-01
9.310492144281175275e-02 1.219928094964730647e-01 -2.764973897933959979e-01 2.170444757822109771e-01 -2.070633117461029293e-03 -3.059780616760254257e-01 -1.773622745771847309e-01 1.069170037535911166e-01 -3.052637715339661106e-01 -2.827157859125377648e-01 -1.817549899530870317e-01 -3.119558877944946240e-01
1.182669570518453117e-01 1.126213742845480481e-01 -2.696964950561523966e-01 2.089951833995046804e-01 -1.213723238650372960e-02 -3.026118869781495024e-01 -1.867268457264689707e-01 1.041754418723238457e-01 -3.066118736267091638e-01 -2.916658693029446914e-01 -1.839744708204694712e-01 -3.077610273361207627e-01
1.457939766213132149e-01 1.018750421349645385e-01 -2.638808221817017241e-01 2.002081482543078272e-01 -2.174892863054427028e-02 -2.986001892089844012e-01 -1.963597730181949330e-01 1.012896078618114454e-01 -3.068363685607909397e-01 -2.993257826155936163e-01 -1.837475166154055595e-01 -3.027629442214965216e-01
1.740353226339280135e-01 8.917171214816164981e-02 -2.601092262268067112e-01 1.903353162058422088e-01 -3.073098778847231649e-02 -2.950696105957031912e-01 -2.051529365604622124e-01 9.858544065182178739e-02 -3.056887121200562163e-01 -3.044916872104435623e-01 -1.793398924054560029e-01 -2.971337671279907777e-01
2.037009952056855755e-01 7.391815962726154543e-02 -2.587889308929443577e-01 1.792692237971559299e-01 -3.877134620773686757e-02 -2.928330774307251194e-01 -2.139154617542746717e-01 9.708244490776882230e-02 -3.043630332946777317e-01 -3.072326879354998486e-01 -1.658441792032906703e-01 -2.910299081802368293e-01
2.340698009774561661e-01 5.624491667919145899e-02 -2.589439601898194665e-01 1.671745515800087400e-01 -4.557015652095206676e-02 -2.915616626739503392e-01 -2.231363914030539408e-01 9.589034101333934745e-02 -3.034126062393189827e-01 -3.053469790172519960e-01 -1.454476488172463666e-01 -2.840148944854737900e-01
2.662790154129560105e-01 4.610390044906535756e-02 -2.617129154205322661e-01 1.538519394981281152e-01 -5.225957401291909943e-02 -2.911283035278320885e-01 -2.328216233243186606e-01 9.523582639467272071e-02 -3.027407426834106685e-01 -2.948556875837922697e-01 -1.213066879761911243e-01 -2.763147659301758430e-01
2.957144958877122032e-01 3.343763444017411324e-02 -2.629481334686279981e-01 1.395228833737583163e-01 -5.793082838333560303e-02 -2.934531803131104066e-01 -2.424939090250927687e-01 9.514564246509013556e-02 -3.027343292236329142e-01 -2.698867334841756893e-01 -1.149771261055158034e-01 -2.713942785263062096e-01
3.229950219409664092e-01 2.045301346501075465e-02 -2.629352302551269394e-01 1.244837248648882622e-01 -6.168092415961051733e-02 -2.994888420104980242e-01 -2.525082344873331719e-01 9.559066667879459467e-02 -3.031225938796996977e-01 -2.406417739406609690e-01 -1.074988748637684260e-01 -2.712629098892211932e-01
3.464874253822373684e-01 6.942666761619725735e-03 -2.634526653289794851e-01 1.116098888755478330e-01 -6.438726976764300169e-02 -2.984760971069336244e-01 -2.626599910852488451e-01 9.686674103598667818e-02 -3.038223619461059566e-01 -2.079080545422458681e-01 -9.843668585280448968e-02 -2.735308380126952876e-01
3.674108276665840056e-01 -6.742721820717702264e-03 -2.647787351608277273e-01 1.008809397207369590e-01 -6.635164137540527918e-02 -2.910807056427002215e-01 -2.730933088640415951e-01 9.890287267046971031e-02 -3.046177072525024787e-01 -1.728596612716945813e-01 -8.813575077999682983e-02 -2.760609979629516930e-01
3.842730264248814254e-01 -2.015360545543751908e-02 -2.659998435974121334e-01 9.049537429243249831e-02 -6.756658618154541551e-02 -2.848123569488525964e-01 -2.837403877327006052e-01 1.015821821791790536e-01 -3.054158897399903982e-01 -1.377320582701994089e-01 -7.784241958793861049e-02 -2.762112445831300667e-01
3.954609543979297759e-01 -3.295547635202544096e-02 -2.681785411834717303e-01 7.890297963444217744e-02 -6.789178144796173542e-02 -2.822610397338867760e-01 -2.942397131405438682e-01 1.046207193625868087e-01 -3.062473983764649188e-01 -1.062078740053362391e-01 -6.913393739814241434e-02 -2.773819203376770570e-01
3.993374979373991440e-01 -4.475390803009444279e-02 -2.732435007095337376e-01 6.576280609272677768e-02 -6.726939629514674945e-02 -2.872493429183960445e-01 -3.042150727468239113e-01 1.079715588580514585e-01 -3.069338531494142375e-01 -8.026357595098909670e-02 -6.248152460353058324e-02 -2.807971520423890865e-01
3.970504752392827186e-01 -5.615831414561504864e-02 -2.821239347457886737e-01 5.460051137659584219e-02 -6.666391425946657789e-02 -3.184394569396973296e-01 -3.141352654351456386e-01 1.118706039970372712e-01 -3.073786516189574991e-01 -5.782079501867508353e-02 -5.753852577678234687e-02 -2.852422208786010716e-01
3.899998608881518058e-01 -6.501956574695016977e-02 -2.926897497177122776e-01 4.919071983363167144e-02 -6.699617493631160325e-02 -3.215739698410033376e-01 -3.251344931230282786e-01 1.163314523555332713e-01 -3.075495977401732084e-01 -4.279191296777871967e-02 -5.448079857606710763e-02 -2.888172907829283931e-01
3.799163869129381088e-01 -7.336015446571236831e-02 -3.013200922012327920e-01 3.804419452523086220e-02 -6.530118314208782637e-02 -3.209574193954466970e-01 -3.364655048363905943e-01 1.212684759369120346e-01 -3.070365447998045783e-01 -3.896661796201501132e-02 -5.300167128679879325e-02 -2.931001396179198082e-01
3.672744880880507434e-01 -8.103574412873228161e-02 -3.071983642578126616e-01 2.313822274131216439e-02 -6.169580382985753730e-02 -3.181573123931886737e-01 -3.475100303460643691e-01 1.269047067379174831e-01 -3.053027172088622621e-01 -4.486141807685989358e-02 -5.214127394544485622e-02 -2.961994476318359215e-01
3.541374671554254339e-01 -8.833724610092907881e-02 -3.103455324172974539e-01 1.101134146580481227e-02 -5.830330458187643616e-02 -3.141677589416504990e-01 -3.571924825049638819e-01 1.333984650996964394e-01 -3.017023725509644372e-01 -5.789005882043478379e-02 -5.104029575700570059e-02 -2.974129862785340195e-01
3.407529567753073696e-01 -9.433941007474613838e-02 -3.115168876647950169e-01 8.137581445020608539e-04 -5.492112405056508162e-02 -3.093201942443848385e-01 -3.646716701859594179e-01 1.405183030394343280e-01 -2.964939661026002038e-01 -7.520894282037002276e-02 -4.898370766572437279e-02 -2.964342279434205030e-01
3.272238166302472995e-01 -9.891253291329839270e-02 -3.111382503509521613e-01 -7.262903281331204233e-03 -5.185032035463432720e-02 -3.037442798614502504e-01 -3.692918490536272191e-01 1.482192349318162683e-01 -2.902689905166625506e-01 -9.124231864911939993e-02 -4.582019110966827069e-02 -2.935835118293761425e-01
3.139429253845115175e-01 -1.017268522925875163e-01 -3.094029922485351802e-01 -1.146094124394488739e-02 -5.019588587409749142e-02 -2.928635854721070020e-01 -3.696056152448564114e-01 1.566736298297640995e-01 -2.835522432327270970e-01 -1.067733150247168611e-01 -4.132261340124877835e-02 -2.919748468399048225e-01
3.006095619799578622e-01 -1.034192554944761283e-01 -3.065249605178833048e-01 -7.573041835434352748e-03 -5.261395090579870648e-02 -2.782515926361083802e-01 -3.641160601020539400e-01 1.656232933160502185e-01 -2.766228170394897656e-01 -1.221392095386264753e-01 -3.530329139827088902e-02 -2.902017040252685698e-01
2.876607928711406581e-01 -1.043479949363628756e-01 -3.031097049713134539e-01 1.891588759836415612e-03 -5.842198048434250890e-02 -2.647432394027710023e-01 -3.518778332350646076e-01 1.749348873039021091e-01 -2.700177402496337642e-01 -1.373103737623681542e-01 -2.743096480549562025e-02 -2.878138823509216460e-01
2.750868733055799598e-01 -1.046214984100795886e-01 -2.997118825912475915e-01 1.597450662586422099e-02 -6.754085803201972937e-02 -2.548319168090820708e-01 -3.336830153421559420e-01 1.858112609565189532e-01 -2.639762182235717014e-01 -1.523429840741487296e-01 -1.716859111762963214e-02 -2.851178069114684299e-01
2.629145258201819324e-01 -1.042551243082458501e-01 -2.965960664749145992e-01 3.352686225607019732e-02 -7.963675920773517769e-02 -2.530386562347412549e-01 -3.105807909349633800e-01 1.970675642571316222e-01 -2.584240312576294163e-01 -1.666298995970247054e-01 -4.540854936069801950e-03 -2.826063699722290434e-01
2.512847968422317058e-01 -1.031900443928917416e-01 -2.940893144607544252e-01 5.415427529797638140e-02 -9.464909588559447529e-02 -2.588221759796142663e-01 -2.836476783915897193e-01 2.074144319835858896e-01 -2.530080480575560564e-01 -1.793027144252564153e-01 9.704832369074482823e-03 -2.806311793327330717e-01
2.404024228580755873e-01 -1.014121040167731136e-01 -2.923933763504029670e-01 7.370370495186928661e-02 -1.190767530656219875e-01 -2.701370258331299845e-01 -2.547192705292367632e-01 2.148458284547621333e-01 -2.489663858413697639e-01 -1.902901444447360479e-01 2.544630602256871266e-02 -2.795679111480713908e-01
2.303114029796503037e-01 -9.909147564204251468e-02 -2.917254323959350137e-01 9.265881860476453402e-02 -1.489653645826830297e-01 -2.761176414489745490e-01 -2.247088752327937033e-01 2.190144406274383004e-01 -2.490568037033081827e-01 -1.994471341832138034e-01 4.186739318539579174e-02 -2.797109575271606863e-01
2.208246715127485937e-01 -9.652368689904453070e-02 -2.919874210357665256e-01 1.068175658036919495e-01 -1.837159212117824847e-01 -2.779429979324339883e-01 -1.945126404801531539e-01 2.212061828886669190e-01 -2.513256568908691646e-01 -2.069096014523665872e-01 5.897345651934796790e-02 -2.810832376480102424e-01
2.117406145325592126e-01 -9.382438579908503051e-02 -2.928727455139160663e-01 1.157609712495655668e-01 -2.220699926645318123e-01 -2.780164165496826767e-01 -1.616806385827732617e-01 2.206660851312746696e-01 -2.544817371368408576e-01 -2.127328888204168544e-01 7.648987162515552551e-02 -2.836419935226440758e-01
2.030405894951233248e-01 -9.092376274397792613e-02 -2.941455621719360480e-01 1.218685641876625092e-01 -2.587320926463877457e-01 -2.772506494522094522e-01 -1.273348324819874033e-01 2.180485567806112190e-01 -2.585658235549926909e-01 -2.172059727204949664e-01 9.417152117442489923e-02 -2.873208732604980442e-01
1.945139367981278122e-01 -8.812348893018709384e-02 -2.956037492752076057e-01 1.256119579683729337e-01 -2.898243108231727816e-01 -2.766780490875244691e-01 -9.296058930646869389e-02 2.138013032750841758e-01 -2.635619850158691935e-01 -2.202902859950905956e-01 1.116495428568954340e-01 -2.915032787322998642e-01
1.861553403873749124e-01 -8.523373710862133801e-02 -2.973101634979248287e-01 1.305704847717041595e-01 -3.161964033270621144e-01 -2.785928936004639089e-01 -5.871638043205681945e-02 2.060112054123134639e-01 -2.672831125259399476e-01 -2.222724197150040548e-01 1.287335189136196156e-01 -2.954570646286011071e-01
1.793707001646557830e-01 -8.071181234028854123e-02 -2.990018720626831383e-01 1.358338349302808390e-01 -3.271315167775444843e-01 -2.851677913665772168e-01 -2.664754636314724257e-02 1.967310917733909870e-01 -2.714740128517151296e-01 -2.234491420440565257e-01 1.452220105758982305e-01 -2.989457054138183745e-01
1.753996616893733762e-01 -7.332558347450127134e-02 -3.003802080154419629e-01 1.465693394237484459e-01 -3.262953367398820914e-01 -2.727438802719117095e-01 3.671859203716071329e-03 1.859507903314221444e-01 -2.749011011123658199e-01 -2.242603224288053365e-01 1.607183569985548566e-01 -3.017143745422364298e-01
1.714375606539071395e-01 -6.582753965610706193e-02 -3.013490982055663792e-01 1.410834346773446046e-01 -3.322685873245642130e-01 -2.805382461547851758e-01 3.015410605732055105e-02 1.728234233168460254e-01 -2.771448535919189271e-01 -2.250290214101247077e-01 1.757576458246493667e-01 -3.046343393325805504e-01
1.673728360182328012e-01 -5.810831111925658654e-02 -3.017504711151123842e-01 1.322414883619829062e-01 -3.331938108827454115e-01 -2.904022235870362123e-01 5.270147236424503612e-02 1.620246231603214571e-01 -2.796087832450866451e-01 -2.253940588000318268e-01 1.907805177318099288e-01 -3.072546834945678595e-01
1.631077338220505712e-01 -5.036757821109243832e-02 -3.016671772003174934e-01 1.212467719079880768e-01 -3.288659226324792684e-01 -2.976684875488282422e-01 6.960256906245622377e-02 1.526592539135331883e-01 -2.806779212951659996e-01 -2.250941819991706394e-01 2.058102891604875195e-01 -3.092286891937255366e-01
1.586241036379475167e-01 -4.271691966866934809e-02 -3.010593576431275231e-01 1.104916573488851084e-01 -3.209111230454393393e-01 -3.051742644309998198e-01 7.909266991199137564e-02 1.470716478095788760e-01 -2.816772909164429461e-01 -2.236063866685404911e-01 2.209940179086696821e-01 -3.106842536926270326e-01
1.539336275052857750e-01 -3.531597163759045421e-02 -2.999477119445801421e-01 1.027253755521608108e-01 -3.138566973455984010e-01 -3.100591416358948749e-01 8.285629057063600977e-02 1.479885953920370145e-01 -2.845938081741333781e-01 -2.214786677547369298e-01 2.367856595616933679e-01 -3.114853687286377459e-01
1.488653225514880163e-01 -2.899757398886507187e-02 -2.982351417541504457e-01 9.763229032492540260e-02 -3.068384949140054996e-01 -3.107127661705017529e-01 8.262981874531093174e-02 1.546399662539165165e-01 -2.889498300552367782e-01 -2.257395954559575368e-01 2.481625835988272577e-01 -3.115198297500609836e-01
1.435448019231914674e-01 -2.469989867844889914e-02 -2.956622476577759340e-01 9.218335172787882337e-02 -2.990839662138493615e-01 -3.105648941993714440e-01 7.938504617830721699e-02 1.643024290284332278e-01 -2.920147795677185965e-01 -2.317181387078398602e-01 2.561890754505509737e-01 -3.103404731750489254e-01
1.380688287661752944e-01 -2.318570033103374561e-02 -2.926908893585205562e-01 8.639683169586277744e-02 -2.906125210860387442e-01 -3.092640633583069176e-01 7.379816994797612495e-02 1.747532406938628324e-01 -2.939635534286499374e-01 -2.361103761814337954e-01 2.638930898793658830e-01 -3.079172296524048114e-01
1.330036439694135542e-01 -2.425930882551537160e-02 -2.892593212127686497e-01 8.021543596160102263e-02 -2.816944255933986341e-01 -3.056229848861695686e-01 6.784662899417223669e-02 1.851740280999555899e-01 -2.964728350639344590e-01 -2.380835056013724804e-01 2.709793897710349175e-01 -3.045135755538941891e-01
1.286455700258311574e-01 -2.868085029748521780e-02 -2.840054578781127659e-01 7.363153193989369072e-02 -2.727092097106321722e-01 -3.023270769119262291e-01 6.231676521362702892e-02 1.952990995322523016e-01 -2.984820313453674934e-01 -2.376061321251718705e-01 2.772608611773773601e-01 -3.007327718734741917e-01
1.247900835345249204e-01 -3.694642028590412047e-02 -2.781234617233276918e-01 6.679398978452498470e-02 -2.638015790917512815e-01 -3.003116745948792299e-01 5.735169645528759297e-02 2.048455231554702771e-01 -2.995396919250488676e-01 -2.341729311054521201e-01 2.820490288696523296e-01 -2.962756080627441668e-01
1.213853725026968894e-01 -4.906036763302439041e-02 -2.723384399414062740e-01 5.936364398707182077e-02 -2.546448545943891251e-01 -2.996821565628051687e-01 5.284999691131363198e-02 2.141740000957116918e-01 -2.995554466247558612e-01 -2.257041762346391200e-01 2.842237235488089819e-01 -2.910521287918090838e-01
1.186986370357996368e-01 -6.738888825289261753e-02 -2.669220657348633230e-01 5.237808039517466430e-02 -2.457403291594172368e-01 -2.993941636085510893e-01 4.862862611793399015e-02 2.232966186451469381e-01 -2.989519567489624663e-01 -2.102301687487787007e-01 2.831949573472397064e-01 -2.854990501403809056e-01
1.165437692940181624e-01 -8.979360930090882209e-02 -2.622316856384278583e-01 4.591974585651807661e-02 -2.371438376105401979e-01 -2.997701759338379790e-01 4.470168392592727136e-02 2.322625971007335755e-01 -2.984507341384886603e-01 -1.882620552992851637e-01 2.784556802830731037e-01 -2.795705432891844588e-01
1.159383465234814642e-01 -1.157566294853320243e-01 -2.585544605255127859e-01 4.002650075207266761e-02 -2.288326929603913540e-01 -3.010300345420838242e-01 4.112728349712876930e-02 2.409842850663736213e-01 -2.982361264228821640e-01 -1.741182833126856677e-01 2.645005770241538601e-01 -2.739025564193726114e-01
1.237337572061356084e-01 -1.404569641376252342e-01 -2.559498901367188162e-01 3.435053639325234831e-02 -2.209098688455863879e-01 -3.030137176513672537e-01 3.771544026854893594e-02 2.493766856272626731e-01 -2.983149881362915923e-01 -1.666967482400766032e-01 2.453832425165490827e-01 -2.695899600982666899e-01
1.314428447604900629e-01 -1.671273409001202970e-01 -2.548126764297484748e-01 2.897681251300487926e-02 -2.130749567801526745e-01 -3.055364675521849982e-01 3.455189542262221414e-02 2.575795240167975120e-01 -2.986783285140992006e-01 -1.575566206167400840e-01 2.236907409666901436e-01 -2.679941101074219123e-01
1.390625009581626381e-01 -1.947873791680166389e-01 -2.551801223754883718e-01 2.394988520251399577e-02 -2.051498842993101923e-01 -3.087502903938293963e-01 3.170142074874700289e-02 2.658458182650551560e-01 -2.994015426635742716e-01 -1.458272524283333316e-01 1.977078592729973050e-01 -2.695029182434082737e-01
1.443583014590545111e-01 -2.243550673361513204e-01 -2.585977144241332626e-01 1.880235908326681471e-02 -1.979898018832257078e-01 -3.138483686447143262e-01 2.970330137159199468e-02 2.743115876033987988e-01 -3.002081985473633585e-01 -1.314870666351438122e-01 1.668057130206964389e-01 -2.733159608840943222e-01
1.485690093837243320e-01 -2.510824063743916645e-01 -2.601754016876220987e-01 1.027167188287179955e-02 -1.934233433500641974e-01 -3.211823291778564959e-01 2.805490639633857752e-02 2.826678411388826584e-01 -3.011060066223144593e-01 -1.170378716318926510e-01 1.355328126915099907e-01 -2.771176977157593369e-01
1.522369315017788605e-01 -2.775873861543763366e-01 -2.625479812622070197e-01 4.787927550212088545e-03 -1.856087731256181039e-01 -3.226460857391357240e-01 2.669808884866842202e-02 2.910807569713286247e-01 -3.020252294540404780e-01 -1.028088916225982918e-01 1.047563962262098719e-01 -2.779611368179321085e-01
1.539634888537021462e-01 -3.014234478408555629e-01 -2.649104518890381676e-01 2.841746941590825304e-03 -1.756511688994647213e-01 -3.231436843872070863e-01 2.561074991850458005e-02 2.998334080941935098e-01 -3.033235855102538459e-01 -8.901750040137354492e-02 7.498710993560944726e-02 -2.780833406448363632e-01
1.538298214515104456e-01 -3.216680836048837477e-01 -2.672990341186524121e-01 -5.962629469058733367e-04 -1.644099688968232442e-01 -3.187338895797729998e-01 2.475906291817027427e-02 3.091209748018983183e-01 -3.045738048553467414e-01 -7.622567896426221679e-02 4.716234706603257554e-02 -2.767494339942932480e-01
1.517892543472322275e-01 -3.381035642929238749e-01 -2.697607774734498420e-01 -6.723838377891776241e-03 -1.540297975200547453e-01 -3.026666779518128458e-01 2.412693660719464339e-02 3.187701835337637402e-01 -3.053502769470214928e-01 -6.512357051686570864e-02 2.277479463516398489e-02 -2.774918479919433745e-01
1.478774301414154391e-01 -3.507375867372223288e-01 -2.728154392242432280e-01 -1.212475773466031165e-02 -1.450462316226080461e-01 -3.014493532180786972e-01 2.371934124929660215e-02 3.285662791258061599e-01 -3.057974500656128747e-01 -5.647405262266164128e-02 3.616757474434708491e-03 -2.805624217987061630e-01
1.421260228366897360e-01 -3.589245918716020278e-01 -2.762802572250366295e-01 -1.736127399243653571e-02 -1.355716314519481436e-01 -3.016241307258605842e-01 2.338681819438109821e-02 3.384624792755064893e-01 -3.060997171401977357e-01 -5.072086596080013082e-02 -9.138605557186180173e-03 -2.847284526824951367e-01
1.347934281721490379e-01 -3.635051675859046205e-01 -2.797594852447510272e-01 -2.238315846860238281e-02 -1.259064729911650582e-01 -3.010856742858887269e-01 2.302964192505183028e-02 3.483833191910177263e-01 -3.063384122848510915e-01 -4.861556538746784201e-02 -1.380952387786654224e-02 -2.896080155372620091e-01
1.260065892137708365e-01 -3.638644918286385033e-01 -2.836689109802246200e-01 -2.724327602650523580e-02 -1.155651693350747827e-01 -2.981777448654174822e-01 2.269243762734365899e-02 3.580427849905469806e-01 -3.062076492309569464e-01 -4.936462595714134760e-02 -1.212691996964799374e-02 -2.921931333541868958e-01
1.156882175849098804e-01 -3.595223122974893215e-01 -2.882674474716186430e-01 -3.202518051678233946e-02 -1.040792006912018008e-01 -2.961253948211670095e-01 2.230248008716240182e-02 3.687144770967958340e-01 -3.058081502914428706e-01 -5.263982712814872789e-02 -4.746390660221016383e-03 -2.925022954940795783e-01
1.046229389044629199e-01 -3.526711236226112156e-01 -2.927298898696899521e-01 -3.654073869175222117e-02 -9.164617622650930717e-02 -3.011409397125244247e-01 2.240639918746908932e-02 3.796803331667449877e-01 -3.049280567169189715e-01 -5.784954300123755500e-02 7.206457161904489261e-03 -2.940285224914551132e-01
9.314578417975449831e-02 -3.456674568804151693e-01 -2.971844453811645637e-01 -3.965044058027199919e-02 -8.673694092055811433e-02 -3.171959133148193333e-01 2.319420852643094833e-02 3.899462755040971618e-01 -3.037243099212646458e-01 -6.258151928760967431e-02 1.850337304232907432e-02 -2.946041173934936253e-01
8.253546654104339242e-02 -3.373975756905438494e-01 -3.016792411804198881e-01 -4.250153141408412327e-02 -8.069902805016021530e-02 -3.168394012451171693e-01 2.406096545267011333e-02 3.990412964767653392e-01 -3.020419044494628835e-01 -6.706572647297645573e-02 2.970037926050388133e-02 -2.956101627349853600e-01
7.274240664286917013e-02 -3.280517212983228292e-01 -3.047713441848755034e-01 -4.517927184057088374e-02 -7.162448527033361823e-02 -3.155320854187012025e-01 2.503962954969926602e-02 4.060846900739919496e-01 -2.997847480773925821e-01 -7.154576713854600423e-02 4.184543359276759328e-02 -2.968084068298340039e-01
6.390827872089424599e-02 -3.180607021078439844e-01 -3.070813627243042521e-01 -4.743549408451733923e-02 -5.993601470124854114e-02 -3.139668149948120490e-01 2.647940484367600211e-02 4.094602544559382551e-01 -2.975471849441528871e-01 -7.561293734063936900e-02 5.513907439898457774e-02 -2.982881350517273544e-01
5.577589276563871268e-02 -3.075728210258090178e-01 -3.085375041961669340e-01 -4.909680541069171705e-02 -4.863814616588332113e-02 -3.120618267059325768e-01 2.840992073610934532e-02 4.086092666386454964e-01 -2.954709310531615785e-01 -7.896235745262783490e-02 6.910393119217309033e-02 -2.991000909805297536e-01
4.838334868609590889e-02 -2.968839452348531194e-01 -3.092788858413696440e-01 -5.022115176789222757e-02 -4.045777006617101712e-02 -3.101730222702026585e-01 3.093934090743713505e-02 4.031463315416045634e-01 -2.933931131362915168e-01 -8.133126805375180679e-02 8.337025563153661889e-02 -2.986311454772949125e-01
4.181015963241033889e-02 -2.864213492096344682e-01 -3.095187492370606308e-01 -5.100509296955865746e-02 -3.434646059780668143e-02 -3.077983016967774099e-01 3.435901649909163524e-02 3.931696535348773724e-01 -2.912520141601563362e-01 -8.256816528708867120e-02 9.768437066095682353e-02 -2.977321333885193377e-01
3.619968143851180070e-02 -2.761961371282088407e-01 -3.093298501968383962e-01 -5.164497918781360553e-02 -3.151867331542330258e-02 -3.029195041656494447e-01 3.912344320787873586e-02 3.792648232042688528e-01 -2.888636465072632054e-01 -8.265376697878425161e-02 1.121299109240914832e-01 -2.970507354736328098e-01
3.129714862073020021e-02 -2.660697986706385132e-01 -3.086338014602661994e-01 -5.276883497094315284e-02 -3.736145859223565652e-02 -2.823865385055542854e-01 4.534579582162166778e-02 3.627002206567876419e-01 -2.859002847671509584e-01 -8.151473157422647886e-02 1.267731503826519945e-01 -2.965115590095520615e-01
2.738901771265741733e-02 -2.560769009281534947e-01 -3.076917810440065182e-01 -5.657108821752850070e-02 -5.244655847058717069e-02 -2.766047401428224362e-01 5.337097185405967337e-02 3.446295793230250704e-01 -2.823156852722168431e-01 -7.920320872949694613e-02 1.413206630304481848e-01 -2.962243385314942135e-01
2.436051201659164903e-02 -2.462391941862959177e-01 -3.066169090270997044e-01 -6.772171338849417022e-02 -7.273492623555236070e-02 -2.767434139251709890e-01 6.276096920716464633e-02 3.249440593839577063e-01 -2.779217548370362389e-01 -7.565229049827643104e-02 1.555281297078188185e-01 -2.959658594131470699e-01
2.225867731808887570e-02 -2.367029669193070063e-01 -3.054564065933228489e-01 -7.969491092126329557e-02 -9.903716901476743162e-02 -2.837863798141480598e-01 6.982385253906250866e-02 3.019067788124084606e-01 -2.734451408386231464e-01 -5.000000000000004441e-02 1.821863865852356157e-01 -2.959689493179322173e-01
2.074228234040843832e-02 -2.274866433054854309e-01 -3.043801231384278272e-01 -9.105224512579465634e-02 -1.292758394917729592e-01 -2.858940429687500950e-01 8.047009277343752931e-02 2.771436810493468905e-01 -2.691859502792358083e-01 -5.000000000000004441e-02 1.910806775093078780e-01 -2.959872169494628946e-01
1.961130055049426640e-02 -2.185523416245329364e-01 -3.035450477600098451e-01 -1.071370268047419499e-01 -1.610547794855912707e-01 -2.845582742691040723e-01 9.059509277343753830e-02 2.505647993087768421e-01 -2.657453174591065670e-01 -5.000000000000004441e-02 1.996674942970275979e-01 -2.961089677810669896e-01
1.866948669599398369e-02 -2.097346244836811313e-01 -3.031060190200806637e-01 -1.288861360048836058e-01 -1.901215527486773416e-01 -2.810834093093872998e-01 9.981970214843745304e-02 2.234332752227783658e-01 -2.637095613479615297e-01 -5.000000000000005135e-02 2.081060671806335416e-01 -2.966817207336426288e-01
1.797335083878572742e-02 -2.011006150150333738e-01 -3.032018680572509117e-01 -1.499835597258258324e-01 -2.171154579387118977e-01 -2.792373008728026851e-01 1.072977294921875352e-01 1.953830981254577881e-01 -2.632126064300537305e-01 -5.000000000000005135e-02 2.163065671920776367e-01 -2.980116529464721942e-01
1.752758408284895569e-02 -1.924790605064665150e-01 -3.037116880416870224e-01 -1.665372609217128375e-01 -2.421155068878665384e-01 -2.795578403472900320e-01 1.114202880859373607e-01 1.661305510997772572e-01 -2.648440189361572772e-01 -5.000000000000005135e-02 2.245200276374816895e-01 -2.999872083663940869e-01
1.714114399065104488e-02 -1.838268154497780804e-01 -3.045109195709229111e-01 -1.774766381496269418e-01 -2.648556094208635581e-01 -2.796996994018555727e-01 1.136281738281249842e-01 1.366886186599731434e-01 -2.662976927757264023e-01 -5.000000000000005135e-02 2.328131818771362604e-01 -3.023701019287109992e-01
1.678432954680687123e-02 -1.751094606209172566e-01 -3.054312343597412882e-01 -1.834812753268048047e-01 -2.851916495681123820e-01 -2.729792327880860570e-01 1.138987075479911959e-01 1.078552063279341888e-01 -2.685006399154664103e-01 -1.227515366214733394e-02 2.536547571997747608e-01 -3.048036499023438761e-01
1.638735061519832475e-02 -1.663266893594833595e-01 -3.063152999877929994e-01 -1.929026958210254550e-01 -3.000266760303056390e-01 -2.678091831207276008e-01 1.154929760724286991e-01 8.161859459350513657e-02 -2.705869622230530069e-01 -1.073523379555477164e-03 2.641359672161285865e-01 -3.069019718170166722e-01
1.612926008937842770e-02 -1.574538207547014623e-01 -3.069259805679321884e-01 -2.025717974621410455e-01 -3.043784273477181390e-01 -2.725978775024414658e-01 1.174912322178281870e-01 5.750243968039114861e-02 -2.717321009635926266e-01 1.108270633061458899e-02 2.742212523496553311e-01 -3.087460346221924667e-01
2.093373960531474259e-02 -1.494162780785512901e-01 -3.070755500793455606e-01 -2.128350592228103189e-01 -2.994789306664418227e-01 -2.875233573913573148e-01 1.182660864720492810e-01 3.842423940058982412e-02 -2.732932229042053240e-01 2.415532230744324438e-02 2.840028459902627644e-01 -3.101737661361694265e-01
2.593986114675803784e-02 -1.411674275004203838e-01 -3.067154569625854532e-01 -2.463745309430857844e-01 -2.833811421000298481e-01 -3.128037519454955895e-01 1.193552716963222488e-01 2.472886392037548092e-02 -2.752251429557799334e-01 3.791187782000612905e-02 2.932731047560636628e-01 -3.111313409805296359e-01
3.079820958155453370e-02 -1.327544169950065356e-01 -3.059060640335083958e-01 -2.541750570200080883e-01 -2.749330974149283846e-01 -3.178206701278687429e-01 1.224654003436034533e-01 1.622197095764660313e-02 -2.774802274703979110e-01 5.270634712116447490e-02 3.019048020276327016e-01 -3.117495985031127903e-01
3.560784107086304578e-02 -1.246009458723611185e-01 -3.045753498077393706e-01 -2.533532184994494729e-01 -2.651782163801736925e-01 -3.211288757324219922e-01 1.276506667949288687e-01 1.341216303769691975e-02 -2.802247304916383186e-01 6.830825077092581021e-02 3.095898509848929447e-01 -3.119224567413331206e-01
3.958165368480734414e-02 -1.176816862252779566e-01 -3.026009387969970099e-01 -2.493575552995674627e-01 -2.539556425241060733e-01 -3.212936515808104687e-01 1.340562192924112384e-01 1.589642040726575029e-02 -2.839221878051758075e-01 8.385473996967857113e-02 3.165554427535837712e-01 -3.115034790039062917e-01
4.235358487532106531e-02 -1.113556807816237365e-01 -2.999131889343262247e-01 -2.454326700074916934e-01 -2.423868087113113245e-01 -3.202748222351074481e-01 1.405019088496889390e-01 2.263056685294754372e-02 -2.883598322868347608e-01 9.902448475143135753e-02 3.235169268377743879e-01 -3.103771944046020970e-01
4.378802364302311623e-02 -1.060341459373599915e-01 -2.968438596725463952e-01 -2.411549695210393751e-01 -2.307607999900943008e-01 -3.190737528800964284e-01 1.465837141720068570e-01 3.251280966611208578e-02 -2.923853082656860392e-01 1.133994795213667944e-01 3.302632816399196924e-01 -3.087710447311401429e-01
4.261717446370738571e-02 -1.023267869443870159e-01 -2.935008211135864964e-01 -2.363311897941050566e-01 -2.190112962217307668e-01 -3.181369752883911883e-01 1.524830534154408002e-01 4.382144128731024074e-02 -2.944004650115966681e-01 1.251963222193868130e-01 3.367679415450498537e-01 -3.065222043991088219e-01
3.809427998486483724e-02 -1.003170920672308009e-01 -2.886359853744506765e-01 -2.313885691362290720e-01 -2.071407615008246106e-01 -3.170313425064086865e-01 1.584616883965585532e-01 5.510340742579337286e-02 -2.960634703636169651e-01 1.290857702997772471e-01 3.462875912795650435e-01 -3.034418506622314493e-01
3.000011747517171423e-02 -1.009622639945885331e-01 -2.812444515228271769e-01 -2.267727707084221112e-01 -1.955276021293541056e-01 -3.156578416824341038e-01 1.645901073196561759e-01 6.555539528936374372e-02 -2.966682691574096808e-01 1.330057432093235403e-01 3.547737209805831293e-01 -2.993925876617431481e-01
2.020603339679367255e-02 -1.050871691241007239e-01 -2.748567504882813428e-01 -2.225466521500815698e-01 -1.840763353838663907e-01 -3.140455002784729999e-01 1.702299189593997064e-01 7.566508419916596895e-02 -2.960993642807007720e-01 1.369050720587732251e-01 3.611019347256538836e-01 -2.945981426239014378e-01
8.886595202560049200e-03 -1.138375609466256710e-01 -2.692412014007568577e-01 -2.184929213990022823e-01 -1.728614867278756573e-01 -3.123523707389831983e-01 1.754189112254637417e-01 8.544271020274707418e-02 -2.950136632919311830e-01 1.405048927167390771e-01 3.632920466152926853e-01 -2.893982858657836998e-01
-5.435076064685767649e-03 -1.261663323215189147e-01 -2.638804931640624796e-01 -2.148031180568732434e-01 -1.620463066867531554e-01 -3.107847471237182302e-01 1.803143678599184452e-01 9.502490649058595307e-02 -2.939370269775391509e-01 1.435034524867239702e-01 3.602665361460156146e-01 -2.841958017349244248e-01
-2.500434712402835324e-02 -1.405249751178026252e-01 -2.594640941619872909e-01 -2.114784682177782427e-01 -1.515606196490526247e-01 -3.094935436248779093e-01 1.849017060249713018e-01 1.044416213305698060e-01 -2.931687231063842547e-01 1.462745809100957084e-01 3.508368008388106363e-01 -2.790080327987670694e-01
-4.244361159624902152e-02 -1.585083345884568118e-01 -2.570434255599975959e-01 -2.080678836260776987e-01 -1.415680952911659296e-01 -3.085972328186035729e-01 1.894869576976093706e-01 1.134533546167631468e-01 -2.928849763870239320e-01 1.396259740156630680e-01 3.431277168877125971e-01 -2.733368558883667587e-01
-6.005823537965473968e-02 -1.778478490995265560e-01 -2.570946426391600426e-01 -2.046577661944005699e-01 -1.319184349800310296e-01 -3.083689184188841970e-01 1.939968734890450408e-01 1.221415578935354934e-01 -2.932942504882813939e-01 1.297564859926719771e-01 3.331401694447623796e-01 -2.675247688293458381e-01
-7.945988401733170003e-02 -1.976168844247943590e-01 -2.585649604797363166e-01 -2.011609800189190500e-01 -1.228078200777767831e-01 -3.086314005851745756e-01 1.985162201818415073e-01 1.303002408393909850e-01 -2.941956872940063583e-01 1.182778504946165599e-01 3.191097131021750077e-01 -2.625037832260131987e-01
-9.986332144519952103e-02 -2.164593190152081792e-01 -2.604835815429689116e-01 -1.976009418371855730e-01 -1.140616988609476773e-01 -3.093216629028321951e-01 2.030798485532560871e-01 1.381096741320781973e-01 -2.956004304885865852e-01 1.052337784828933087e-01 3.010751389599694017e-01 -2.599466485977174335e-01
-1.215397664831381064e-01 -2.346258479127697194e-01 -2.623997135162353667e-01 -1.938039895607836793e-01 -1.055406743185102747e-01 -3.101846237182617205e-01 2.078453302051065654e-01 1.456563753689243956e-01 -2.971998186111450280e-01 9.107240216664319599e-02 2.791713348898752223e-01 -2.598911638259887580e-01
-1.452882762647400017e-01 -2.509178904162017720e-01 -2.647951669692993892e-01 -1.898936317568344079e-01 -9.734383515558307776e-02 -3.111709160804749241e-01 2.128713247256991958e-01 1.525879872432538420e-01 -2.987427635192871911e-01 7.507653874784230019e-02 2.525984433904300275e-01 -2.625119895935059122e-01
-1.679705282115589726e-01 -2.657580422135895626e-01 -2.662980718612671382e-01 -1.856320194748053154e-01 -8.930931916304103713e-02 -3.123494119644165679e-01 2.179812631686308122e-01 1.593585560941177537e-01 -3.002106685638428196e-01 5.871692805476720622e-02 2.240658933168358791e-01 -2.660790653228760627e-01
-1.903165431192844759e-01 -2.786982523080254737e-01 -2.676611633300780002e-01 -1.810269631927545753e-01 -8.135587079609292449e-02 -3.135897917747496599e-01 2.233805473972312328e-01 1.660032522092846075e-01 -3.016095180511474405e-01 4.188503830337000217e-02 1.935818197158469256e-01 -2.689349718093871910e-01
-2.104139389735255883e-01 -2.879543668809848023e-01 -2.700264520645141442e-01 -1.760621488972799464e-01 -7.352465685613557289e-02 -3.148714132308960134e-01 2.290028585653369197e-01 1.726656853363033595e-01 -3.029461164474487322e-01 2.552766275832493714e-02 1.631654696404078730e-01 -2.709484214782714728e-01
-2.282405132536017012e-01 -2.938708971038170858e-01 -2.735866708755494425e-01 -1.707377384105083218e-01 -6.580587766601400657e-02 -3.160917253494263668e-01 2.348269988856807600e-01 1.793178114011164948e-01 -3.040791435241700369e-01 1.013637531742554027e-02 1.336559258443311693e-01 -2.727463932037354488e-01
-2.431298852861069337e-01 -2.961255020906031765e-01 -2.772973699569702410e-01 -1.650704357719814663e-01 -5.802616497235853904e-02 -3.171211404800415301e-01 2.408226252132799061e-01 1.859697039021513953e-01 -3.048526449203491362e-01 -3.633245747695662553e-03 1.064030334018176982e-01 -2.745858092308044451e-01
-2.548672431065648336e-01 -2.946866245993069455e-01 -2.809437866210937607e-01 -1.590341871723025546e-01 -5.003675809706467636e-02 -3.178505439758301243e-01 2.469855602944531769e-01 1.926724508380893708e-01 -3.052620477676390998e-01 -1.504944648464167159e-02 8.325089651627239073e-02 -2.750290412902831605e-01
-2.628371158071107772e-01 -2.894017656508293124e-01 -2.858120603561401518e-01 -1.527153293343362361e-01 -4.195041545757509371e-02 -3.183918781280517529e-01 2.533808662329957162e-01 1.992898762225905618e-01 -3.054744691848755855e-01 -2.340854684760932530e-02 6.595001456502566639e-02 -2.771060843467713641e-01
-2.655826206347988716e-01 -2.797475542217113809e-01 -2.925847549438477246e-01 -1.460615650434413104e-01 -3.372708348604581269e-02 -3.186770792007447284e-01 2.600220981780066998e-01 2.056654882597983569e-01 -3.053923912048340794e-01 -2.857596231281021165e-02 5.507210276794809872e-02 -2.804244394302368715e-01
-2.653620714063219532e-01 -2.679162644775623381e-01 -2.994391126632690581e-01 -1.390779220865931420e-01 -2.534589675784659768e-02 -3.186334962844848406e-01 2.669032532772633859e-01 2.116528409755958351e-01 -3.047980899810791011e-01 -3.003432228515673028e-02 5.162079170199899980e-02 -2.850042982101440581e-01
-2.643029786941934467e-01 -2.557970402857652759e-01 -3.040011425018310232e-01 -1.316298415112566456e-01 -1.692365952896183329e-02 -3.185541458129882431e-01 2.746584812485868832e-01 2.184508161793403958e-01 -3.043024702072142929e-01 -2.877260306487276070e-02 5.334835863223090502e-02 -2.866321773529052486e-01
-2.623471757518880398e-01 -2.433468040663630538e-01 -3.070480318069458425e-01 -1.234961436210581243e-01 -8.349100480215733422e-03 -3.184313602447510494e-01 2.829860358495757122e-01 2.257478716303665256e-01 -3.035175676345824858e-01 -2.404154876018784262e-02 6.123764802343292096e-02 -2.907016320228575923e-01
-2.601147222567387063e-01 -2.311329593847847585e-01 -3.092792768478392351e-01 -1.150562024687452611e-01 1.428642200457588829e-04 -3.180612678527831028e-01 2.911576175093466001e-01 2.325569172434721610e-01 -3.019578094482421871e-01 -1.786143192372915273e-02 7.098549345162921687e-02 -2.931532497406005855e-01
-2.573969135547944931e-01 -2.191486775846507584e-01 -3.107844419479370845e-01 -1.077908587610527380e-01 8.150118332809271060e-03 -3.171369810104370801e-01 2.984729878117770019e-01 2.378953693147372594e-01 -2.996852369308471986e-01 -1.123313553056042025e-02 8.060334649923683870e-02 -2.936725778579712398e-01
-2.539865866379312220e-01 -2.076688728952819640e-01 -3.115887756347657245e-01 -1.009154970798872841e-01 1.578119275662899501e-02 -3.160419530868531224e-01 3.042657144788620260e-01 2.406885156579230689e-01 -2.969991607666016553e-01 -3.744861472651440926e-03 9.025563551505190463e-02 -2.931396336555481819e-01
-2.500007613245129878e-01 -1.963779931051522210e-01 -3.118389673233032400e-01 -9.434556835981425249e-02 2.278894276080255937e-02 -3.143138093948364409e-01 3.084624781433826235e-01 2.404957183991758285e-01 -2.942547912597656135e-01 5.226239216725638015e-03 1.004486666696228908e-01 -2.928324646949768129e-01
-2.452539574198917549e-01 -1.859529680223489245e-01 -3.115495653152466349e-01 -8.942147528878176266e-02 2.834821105776123146e-02 -3.118622179031372288e-01 3.111671047764421050e-01 2.380793962923730689e-01 -2.913497276306152850e-01 1.587387289180429428e-02 1.106352073035401090e-01 -2.924471802711486879e-01
-2.401166932322993386e-01 -1.766551982578296043e-01 -3.107335062026977401e-01 -8.650875442774869084e-02 3.242215100517722992e-02 -3.083709402084350293e-01 3.125315092948731666e-01 2.331919041475872256e-01 -2.881998796463013379e-01 2.755239261432648745e-02 1.198727625819990816e-01 -2.917238969802857240e-01
-2.350739569358902825e-01 -1.680887774640511534e-01 -3.094934768676756986e-01 -8.759282449700511730e-02 3.488724674845221363e-02 -3.019335193634032355e-01 3.131508552698130110e-01 2.255666868357845689e-01 -2.850594158172606307e-01 4.021251347005849741e-02 1.279159716587114082e-01 -2.907700438499449813e-01
-2.306032049954800933e-01 -1.600222783436386076e-01 -3.080654544830322972e-01 -8.992304846446524946e-02 3.180881983979498562e-02 -2.655237693786621778e-01 3.132363194293083519e-01 2.141372252269152232e-01 -2.822207994461060077e-01 5.364454281587924950e-02 1.344639953316082714e-01 -2.898645849227906024e-01
-2.259168168950391187e-01 -1.532168959444509815e-01 -3.068784780502319953e-01 -1.039475552745896952e-01 2.897481254695461611e-02 -2.544993419647217925e-01 3.117921784681789710e-01 1.981934754394284459e-01 -2.798009605407715816e-01 6.788430036361531306e-02 1.393867465355418944e-01 -2.892809076309205141e-01
-2.212213132679677341e-01 -1.470413940466141489e-01 -3.058267374038696751e-01 -1.214854845349317286e-01 2.564437583401620729e-02 -2.446250076293945974e-01 3.084001931052406387e-01 1.786813712558359135e-01 -2.767028350830079697e-01 8.193921257232594790e-02 1.427811742076086632e-01 -2.889362068176271059e-01
-2.166345358747744365e-01 -1.411142664619325915e-01 -3.049395627975464151e-01 -1.428165103388519264e-01 2.227753493791590628e-02 -2.394940586090088530e-01 3.028328078911407539e-01 1.570405841259046031e-01 -2.727301664352417276e-01 9.528364520939491822e-02 1.450666734486463771e-01 -2.888317127227783554e-01
-2.121860802303400795e-01 -1.352718968984800429e-01 -3.043129081726075325e-01 -1.646676808404716197e-01 2.155000219917942855e-02 -2.389340991973878114e-01 2.962922612956713775e-01 1.336041156642100991e-01 -2.680503578186035352e-01 1.079341390172041670e-01 1.465259214867322135e-01 -2.890422792434692578e-01
-2.077947599227313591e-01 -1.293769492062304960e-01 -3.037836856842041078e-01 -1.861700588088568142e-01 2.462366706803732763e-02 -2.393304748535156623e-01 2.889010847114822367e-01 1.087990781649419703e-01 -2.630091972351074614e-01 1.195451957155450051e-01 1.476300433130829370e-01 -2.895939416885376372e-01
-2.034841056825963113e-01 -1.235151321651793421e-01 -3.034230966567993404e-01 -2.075416980953008472e-01 3.109646408829812303e-02 -2.427880306243896669e-01 2.805740904337522545e-01 8.381918607033805868e-02 -2.599750680923462176e-01 1.304644151740484981e-01 1.483206255502265147e-01 -2.905366439819336288e-01
-1.992770072099036283e-01 -1.176699123516141421e-01 -3.035330314636230375e-01 -2.295062781757329917e-01 4.152121022037431886e-02 -2.497117347717285329e-01 2.708225865590805359e-01 5.893982213934258196e-02 -2.587736530303955673e-01 1.408870531198711806e-01 1.486713869039246183e-01 -2.919332761764527051e-01
-1.951803646483732113e-01 -1.119103443661088743e-01 -3.039990444183350293e-01 -2.502017536951465226e-01 5.682321202142881500e-02 -2.571325511932374130e-01 2.597849171182294303e-01 3.446601581837177575e-02 -2.594491643905640355e-01 1.508547848530916724e-01 1.486310115541876198e-01 -2.936675806045533355e-01
-1.911939470356196491e-01 -1.063905123934170693e-01 -3.048134632110596209e-01 -2.680697617827160761e-01 7.515486792094243362e-02 -2.624208135604858549e-01 2.469472408544468034e-01 8.976199842924068029e-03 -2.619754905700684144e-01 1.603591785529775715e-01 1.482123270741517174e-01 -2.956588382720947705e-01
-1.873424695015472596e-01 -1.010916719492377103e-01 -3.057199783325195708e-01 -2.808736667659718078e-01 9.446031561933977694e-02 -2.700934333801269793e-01 2.309503816423121580e-01 -1.659101701219953262e-02 -2.647632570266722496e-01 1.692880596554081074e-01 1.476690414427487830e-01 -2.978652210235595010e-01
-1.835263185126640439e-01 -9.619265327405175647e-02 -3.065500183105469012e-01 -3.001715937660838218e-01 1.241718637389952196e-01 -2.712592287063598784e-01 2.139637003435228280e-01 -4.066110355644164676e-02 -2.675119323730470455e-01 1.777648924676638320e-01 1.468703587173423308e-01 -2.999673290252686808e-01
-1.797901094132710320e-01 -9.118827763369183326e-02 -3.072158498764037127e-01 -2.962157709880945400e-01 1.404298178033884792e-01 -2.867009658813475248e-01 1.968833329421076916e-01 -6.178470839640490264e-02 -2.706551904678344833e-01 1.857863322930421723e-01 1.459008731373146461e-01 -3.018665428161620978e-01
-1.757764126561463247e-01 -8.635443246423431252e-02 -3.076986808776855931e-01 -2.926418345065795457e-01 1.509772262955672295e-01 -3.013924689292908354e-01 1.805949680203155494e-01 -8.042128027356508502e-02 -2.734064884185791744e-01 1.937520740774862360e-01 1.445602403031771011e-01 -3.035915870666504590e-01
-1.713450089074986804e-01 -8.163427032242806525e-02 -3.080421466827393262e-01 -2.876414014004628483e-01 1.586154583704669219e-01 -3.149610443115234970e-01 1.677883270390297943e-01 -9.705305544495351766e-02 -2.757151932716370712e-01 2.018255564018016368e-01 1.427781970826412783e-01 -3.051073522567749885e-01
-1.659730432072705764e-01 -8.121842720819799633e-02 -3.082657785415648943e-01 -2.865669152775831008e-01 1.636220574109426285e-01 -3.149306006431579208e-01 1.577219890953239778e-01 -1.107452877216287823e-01 -2.780469150543212198e-01 2.101715509163903373e-01 1.403491348930039073e-01 -3.064298744201659486e-01
-1.605719148872173374e-01 -8.168999924408926194e-02 -3.082707090377808101e-01 -2.787957002876079726e-01 1.656468232656763684e-01 -3.157865972518921760e-01 1.507543686290641061e-01 -1.210167926059815824e-01 -2.811640472412110237e-01 2.187978777001324815e-01 1.370801737980841262e-01 -3.075039167404175489e-01
-1.554547094469653501e-01 -8.214400182714177989e-02 -3.079883308410645282e-01 -2.723315099840745712e-01 1.648153487587957211e-01 -3.162715549468994580e-01 1.473961315110248194e-01 -1.264316664044282945e-01 -2.854397816658020837e-01 2.275922861062429636e-01 1.330486291680870459e-01 -3.082995767593384451e-01
-1.508060558476792545e-01 -8.238107302345254457e-02 -3.074026412963866139e-01 -2.666609752812729717e-01 1.642219543202974030e-01 -3.168951101303099649e-01 1.487888650996017637e-01 -1.297234685962479483e-01 -2.897282094955443421e-01 2.367244469894826397e-01 1.279409299799015298e-01 -3.087431497573851491e-01
-1.468064373934849509e-01 -8.237509085572070067e-02 -3.067016763687133718e-01 -2.606731366122349569e-01 1.641410529431074627e-01 -3.170738644599914724e-01 1.543600196819501780e-01 -1.327511846643363858e-01 -2.936355991363525653e-01 2.460065238719019998e-01 1.217738389311203984e-01 -3.090675706863403316e-01
-1.434244556293317874e-01 -8.222683536391192649e-02 -3.059400386810302019e-01 -2.551642627582380585e-01 1.644152544798380411e-01 -3.173419566154479510e-01 1.597687193959436425e-01 -1.345639789712722301e-01 -2.966685838699342770e-01 2.550674508817585284e-01 1.148820734140802435e-01 -3.094454164505006655e-01
-1.408141873954777690e-01 -8.172580886354777197e-02 -3.050437946319580207e-01 -2.500674222587589424e-01 1.650999968005147367e-01 -3.176030750274658754e-01 1.643573115231605486e-01 -1.363963808888340179e-01 -2.983495826721191957e-01 2.637063698617395646e-01 1.075008664181598267e-01 -3.098204202651977934e-01
-1.389769823099933910e-01 -8.088668795221339025e-02 -3.039050884246826678e-01 -2.451060106303058761e-01 1.661128542841148470e-01 -3.177595467567444487e-01 1.690151512925681110e-01 -1.375527689106881279e-01 -2.994570035934448482e-01 2.716710016364744518e-01 1.003841041910664561e-01 -3.099638433456421427e-01
-1.381748381443137497e-01 -7.940336134785318245e-02 -3.025734252929687673e-01 -2.401143523044699246e-01 1.672335405076155468e-01 -3.179153795242309344e-01 1.738995662596636849e-01 -1.380646205535030202e-01 -3.007438821792603467e-01 2.789498797935894836e-01 9.336536046048532489e-02 -3.098718376159669274e-01
-1.385598835962544573e-01 -7.707041984157728121e-02 -3.013185329437255700e-01 -2.349499287622700550e-01 1.685656885568601882e-01 -3.179693217277526629e-01 1.789757257218781428e-01 -1.380215435964649573e-01 -3.023091573715209757e-01 2.853573668380448014e-01 8.709240197676226813e-02 -3.094961090087890443e-01
-1.401907148625049504e-01 -7.413749117475451622e-02 -3.003396196365356596e-01 -2.296933698918017519e-01 1.699170742549330759e-01 -3.178501148223876749e-01 1.841179061625528302e-01 -1.376611441512198275e-01 -3.034298725128173890e-01 2.908124436437561910e-01 8.195725990571267605e-02 -3.086382598876953320e-01
-1.438321627882243603e-01 -7.040269518514905012e-02 -2.967128534317017285e-01 -2.241112155225993552e-01 1.711433558402415400e-01 -3.175023550987244314e-01 1.893929603647750148e-01 -1.370162332004155603e-01 -3.040778131484985769e-01 2.954338617614513107e-01 7.821676417291908989e-02 -3.072591037750244669e-01
-1.520151888501262427e-01 -6.202383154417757255e-02 -2.826677246093750040e-01 -2.185017916333294452e-01 1.722153041980099275e-01 -3.171485085487365518e-01 1.945515870457783791e-01 -1.365654862888427967e-01 -3.042655677795410019e-01 3.004863573428418477e-01 7.595969329139645732e-02 -3.056813068389892529e-01
-1.613188802588422510e-01 -5.420899761246214532e-02 -2.772017354965211067e-01 -2.128634664404829846e-01 1.731960316844127767e-01 -3.168619627952576345e-01 1.998245386985698091e-01 -1.362575249748435580e-01 -3.043290824890137469e-01 3.066988861834330504e-01 7.430149299499842763e-02 -3.042181463241577788e-01
-1.734481572575710673e-01 -4.534778790553534861e-02 -2.722074241638183789e-01 -2.072381047673368670e-01 1.740786952487615724e-01 -3.164833207130432480e-01 2.051036483252829112e-01 -1.360790600023635000e-01 -3.043297262191774211e-01 3.116098861165468858e-01 7.192967851969545023e-02 -3.021384782791139423e-01
-1.873441483100793392e-01 -3.531281141126016432e-02 -2.674081535339356552e-01 -2.016049515327356656e-01 1.747393126121772611e-01 -3.161605877876282888e-01 2.104830419429135069e-01 -1.361525735449191088e-01 -3.042649669647216615e-01 3.130006487316515651e-01 6.893548940788223056e-02 -2.990464801788330074e-01
-2.024911886321932863e-01 -2.399661044763003181e-02 -2.627009267807008941e-01 -1.958778158294589566e-01 1.753322469742450429e-01 -3.157428379058839774e-01 2.158523893689644202e-01 -1.364185292373465697e-01 -3.041588563919068178e-01 3.109369168799898109e-01 6.598975060645483059e-02 -2.949092502593995135e-01
-2.182601806538836675e-01 -1.104923658102539841e-02 -2.596227998733522391e-01 -1.902203246968524886e-01 1.757085148838184729e-01 -3.153865356445313961e-01 2.211460855528094016e-01 -1.368186959350634613e-01 -3.040070314407349317e-01 3.047075670572037542e-01 6.344549432252684362e-02 -2.899791736602783665e-01
-2.356449734897687331e-01 -4.396935453694218732e-03 -2.590017051696776873e-01 -1.845593783825215939e-01 1.756979565797631981e-01 -3.149999685287475648e-01 2.264135965417806984e-01 -1.374342570376925754e-01 -3.037764711380004923e-01 2.942536837828801377e-01 6.105679631500175036e-02 -2.845131320953369070e-01
-2.535310827217360785e-01 2.544411252160948267e-03 -2.601875467300415190e-01 -1.789899248982596558e-01 1.752669162385739055e-01 -3.148014612197876372e-01 2.315076590691918790e-01 -1.383554387166013311e-01 -3.034836835861205451e-01 2.791243417717164665e-01 5.872336522608198606e-02 -2.783909292221068421e-01
-2.728110405676675843e-01 1.083431906796237382e-02 -2.630065126419067756e-01 -1.736046412759062463e-01 1.748292589640700057e-01 -3.147010416984558634e-01 2.363948662840882342e-01 -1.394498564144909247e-01 -3.033956880569458336e-01 2.591527599393208536e-01 5.682528743402689292e-02 -2.719854373931885339e-01
-2.906120586184550714e-01 1.911150854223900297e-02 -2.667188663482666922e-01 -1.682725802814089289e-01 1.741951533485733006e-01 -3.148808045387268550e-01 2.411996685484623926e-01 -1.407373909974418968e-01 -3.036649675369263446e-01 2.351615737879318158e-01 5.551562018634047940e-02 -2.667192192077637580e-01
-3.063261310234328127e-01 2.702444822943688568e-02 -2.707414789199827920e-01 -1.629634000432199914e-01 1.733960320829244783e-01 -3.152835650444029691e-01 2.459846717911677305e-01 -1.422091856915069508e-01 -3.042786474227905380e-01 2.086224834884078116e-01 5.473125393585377696e-02 -2.634650821685791122e-01
-3.190445491995478888e-01 3.431348032199839360e-02 -2.748958320617675977e-01 -1.576848229632440423e-01 1.723901249814534242e-01 -3.158434433937073460e-01 2.507769657477595393e-01 -1.438970217668844309e-01 -3.051030845642091482e-01 1.824360016131140183e-01 5.403162355746167489e-02 -2.634472818374635206e-01
-3.289333309664543292e-01 4.089623784795018424e-02 -2.778621883392334291e-01 -1.523877812000392629e-01 1.710907488008956978e-01 -3.165826101303100826e-01 2.555706316383251631e-01 -1.457687870788134943e-01 -3.060008926391601936e-01 1.573727112775816783e-01 5.343667678016603140e-02 -2.654366178512573837e-01
-3.345593261441466293e-01 4.609509205527264480e-02 -2.802162904739380345e-01 -1.468840617186983333e-01 1.694874478443639532e-01 -3.174600000381470610e-01 2.605512449821326681e-01 -1.477592129500808482e-01 -3.069625396728516420e-01 1.313372160486846463e-01 5.287668524410203685e-02 -2.682613630294800600e-01
-3.362335124211957016e-01 5.057716204614474270e-02 -2.843377513885498309e-01 -1.412720529032038819e-01 1.677857922145233327e-01 -3.182257289886474827e-01 2.657206358728348428e-01 -1.499410428068593260e-01 -3.079181356430054084e-01 1.069167537951329627e-01 5.227284838077556062e-02 -2.730852551460266620e-01
-3.346862607643029675e-01 5.433761155694046691e-02 -2.904416580200195885e-01 -1.355060566424542423e-01 1.659800194786080207e-01 -3.189824361801147923e-01 2.711088728348400312e-01 -1.522563964330674591e-01 -3.088192291259765354e-01 8.474120694929146436e-02 5.167049416208302492e-02 -2.785247774124144926e-01
-3.299720193773151844e-01 5.731617216024469108e-02 -2.966109104156495202e-01 -1.293036375048246811e-01 1.640996416526794288e-01 -3.197698993682862034e-01 2.767876189982448332e-01 -1.548101304492167929e-01 -3.096236391067505589e-01 6.680972212355956730e-02 5.118490939663420530e-02 -2.843225069046021458e-01
-3.234077028969215561e-01 5.967825737717008527e-02 -3.015485973358152938e-01 -1.227886060566571874e-01 1.624521271587975602e-01 -3.202021808624266330e-01 2.827714369189583410e-01 -1.575391562932793588e-01 -3.103211469650268284e-01 5.604256047227910986e-02 5.092963809463838670e-02 -2.897841448783874396e-01
-3.161381675642697120e-01 6.181342825864937635e-02 -3.048395223617553218e-01 -1.158749199489777226e-01 1.605488809622776514e-01 -3.206285066604613876e-01 2.889497524907391202e-01 -1.604306026902987958e-01 -3.108711309432984349e-01 5.385267485753020972e-02 5.081223969812583008e-02 -2.954721755981445930e-01
-3.094007421908017696e-01 6.414036374759757297e-02 -3.071854181289673247e-01 -1.089277425262746846e-01 1.582727988974143574e-01 -3.210235710144043186e-01 2.951718333427114649e-01 -1.634911960538991405e-01 -3.111892719268797847e-01 5.755657958266085367e-02 5.071461426917570070e-02 -2.987462706565855997e-01
-3.025330068395703509e-01 6.648319382650515197e-02 -3.090841884613038104e-01 -1.019785857629395553e-01 1.557575203162757660e-01 -3.214562149047852091e-01 3.013528131441244318e-01 -1.668198247073084672e-01 -3.113383312225342370e-01 6.331182445724921337e-02 5.050723050448948509e-02 -2.999200577735901541e-01
-2.953723231243292058e-01 6.877026699144259125e-02 -3.107292289733887269e-01 -9.503612215970599908e-02 1.532037718203650145e-01 -3.217376966476441225e-01 3.074726373803298163e-01 -1.703748617615584438e-01 -3.112928791046143395e-01 7.064318164191958627e-02 5.014714978671047652e-02 -3.014734692573547981e-01
-2.881933898632589308e-01 7.094152063292719079e-02 -3.120504398345946284e-01 -8.796697983137888310e-02 1.505024149698614422e-01 -3.218881244659422824e-01 3.134412884239708985e-01 -1.739375707037622565e-01 -3.111189527511596387e-01 7.875350173276066124e-02 4.931817735902147004e-02 -3.039204258918762336e-01
-2.810735024591062281e-01 7.277891446063763925e-02 -3.132256669998169096e-01 -8.089903712490223442e-02 1.477530058447817929e-01 -3.220493764877319642e-01 3.195212023873349461e-01 -1.774525302612739719e-01 -3.108842296600342059e-01 8.674856576298643762e-02 4.805455803933578879e-02 -3.056897706985474139e-01
-2.736234754803275604e-01 7.399365364588500471e-02 -3.144850368499755300e-01 -7.422880146783936151e-02 1.452186499903646011e-01 -3.221526641845702810e-01 3.254680378065915591e-01 -1.810296234385120606e-01 -3.104373807907105376e-01 9.467350916933853222e-02 4.637186622852124129e-02 -3.067062993049622377e-01
-2.659979807320829726e-01 7.474377173452112499e-02 -3.158453769683837176e-01 -6.841072719770982524e-02 1.432008975306639509e-01 -3.222392768859862477e-01 3.308303923983198502e-01 -1.845026029660706834e-01 -3.098891229629517907e-01 1.032215721986684126e-01 4.408062244450534212e-02 -3.078956599235536107e-01
-2.584205034120246602e-01 7.544182144841629634e-02 -3.172681922912597985e-01 -6.436306159212779043e-02 1.421185519294303201e-01 -3.221259136199951523e-01 3.349728564089096694e-01 -1.878067376649090736e-01 -3.092607469558714683e-01 1.118959819256846316e-01 4.111885662946968695e-02 -3.092131872177122931e-01
-2.509775099584105607e-01 7.625307643329674867e-02 -3.185347528457642685e-01 -6.241356148237777596e-02 1.425325303293049350e-01 -3.215639896392822883e-01 3.374902589354411009e-01 -1.910780252936297996e-01 -3.084099264144898322e-01 1.204253633274098151e-01 3.752018458036514986e-02 -3.103385610580445264e-01
-2.436840579392872685e-01 7.696892970991126015e-02 -3.196080274581909464e-01 -6.299975095753031218e-02 1.483132480896552641e-01 -3.178051204681396902e-01 3.380935750699335385e-01 -1.942019804186641829e-01 -3.073025102615357107e-01 1.286914038368349722e-01 3.339972653653912327e-02 -3.112887759208679550e-01
-2.366153327168491194e-01 7.764239081055596126e-02 -3.203473682403564782e-01 -6.456658714940594068e-02 1.558483442286710263e-01 -3.126282901763915989e-01 3.352576565935033726e-01 -1.979420770332349921e-01 -3.060207529067993093e-01 1.365556120327143241e-01 2.881906166927358792e-02 -3.120557661056518883e-01
-2.297133854626998706e-01 7.917367053494857310e-02 -3.205795974731445730e-01 -6.377214098305949985e-02 1.507265060972522719e-01 -2.833879203796387247e-01 3.300473216506454310e-01 -2.015909676579319132e-01 -3.042690296173096165e-01 1.437927677412316196e-01 2.389296864030339071e-02 -3.124539394378662571e-01
-2.232363371355389758e-01 7.926434737653201279e-02 -3.204951877593993914e-01 -7.023378989382261794e-02 1.591596855817666301e-01 -2.696137256622314071e-01 3.229578271157511615e-01 -2.050106160994782101e-01 -3.021359176635742827e-01 1.506842479060647444e-01 1.840629673366146746e-02 -3.127092094421387580e-01
-2.169291430615172267e-01 7.961707803637441128e-02 -3.199177379608155736e-01 -7.673068811444169746e-02 1.697905990812930144e-01 -2.588243408203126927e-01 3.137610343790145362e-01 -2.079982714680368994e-01 -2.992218561172486080e-01 1.570096400133131620e-01 1.259203140348671979e-02 -3.124210424423218280e-01
-2.107651169841452676e-01 7.989010805946900051e-02 -3.189988393783569909e-01 -8.294730728052174262e-02 1.825444491259395341e-01 -2.505987377166748464e-01 3.021108378948542117e-01 -2.107719127605970355e-01 -2.955202836990357129e-01 1.628862251090721913e-01 6.465039918512098527e-03 -3.117807121276855997e-01
-2.047443212559308667e-01 8.016465028810473847e-02 -3.179590339660644527e-01 -8.766725741319951470e-02 1.999774574173784347e-01 -2.481864662170410185e-01 2.880601968461796725e-01 -2.134827736403186460e-01 -2.916254444122314826e-01 1.683481851421307629e-01 4.272708894065280205e-05 -3.110382719039916921e-01
-1.987819897026804339e-01 8.020672029884465259e-02 -3.170137138366700968e-01 -9.025129791454258865e-02 2.192466794563115717e-01 -2.501681156158448993e-01 2.706474532385386156e-01 -2.154160982009438730e-01 -2.882257575988770304e-01 1.735300063066851362e-01 -6.682229642144980886e-03 -3.104546327590942956e-01
-1.929619654083005176e-01 7.998952248023102896e-02 -3.162888116836548025e-01 -9.067675352468552996e-02 2.407969079970802839e-01 -2.574003334045410485e-01 2.495360128147327827e-01 -2.161263105794726802e-01 -2.854389591217040278e-01 1.784097204991799135e-01 -1.370165093482889757e-02 -3.101620883941649254e-01
-1.872441267565528866e-01 7.950716300849029750e-02 -3.156925268173217947e-01 -8.830797223431367804e-02 2.635697614311947601e-01 -2.667190475463867561e-01 2.267276498510475413e-01 -2.162201886608202672e-01 -2.837046022415161128e-01 1.830225735588816849e-01 -2.110914143121261910e-02 -3.101079530715942778e-01
-1.817413039191652091e-01 7.840794003386171440e-02 -3.152725811004639667e-01 -8.117909223466525381e-02 3.004981236102863829e-01 -2.747978706359864298e-01 2.025537836323826335e-01 -2.151844379622378511e-01 -2.827723665237427686e-01 1.873876098056067030e-01 -2.890321847926444893e-02 -3.104108352661133496e-01
-1.762126929376993945e-01 7.697256312504274778e-02 -3.151912517547606485e-01 -7.599687867457506629e-02 3.162042295274813952e-01 -2.774896259307860213e-01 1.766099804600168299e-01 -2.131049828650525835e-01 -2.826166553497315714e-01 1.915621758210662440e-01 -3.716244114011789390e-02 -3.112759895324708204e-01
-1.707278345162193400e-01 7.527244319066030143e-02 -3.150827856063843080e-01 -6.824585105361957726e-02 3.247632709049032562e-01 -2.887239332199096897e-01 1.485519818522390290e-01 -2.100259952001068964e-01 -2.831741209030151363e-01 1.954810273994239123e-01 -4.577521366523730484e-02 -3.121403713226318377e-01
-1.651638995692614742e-01 7.320348630063559792e-02 -3.149832839965820419e-01 -6.109150589504025453e-02 3.304557065993432019e-01 -3.008555622100830274e-01 1.187921910875692211e-01 -2.045325903520910094e-01 -2.845523853302003303e-01 1.992411865999709764e-01 -5.467612915678668473e-02 -3.131161994934082982e-01
-1.614454502141426107e-01 6.855696612815456725e-02 -3.146087141036987833e-01 -5.505165138601758601e-02 3.333346989772757452e-01 -3.117239089012146525e-01 8.800156685480277352e-02 -1.966743105670115122e-01 -2.849088640213013335e-01 2.028648245693157881e-01 -6.388368327716852091e-02 -3.139911336898804084e-01
-1.599952622613022846e-01 6.102025325053225813e-02 -3.140060205459594966e-01 -5.031087505427103701e-02 3.335999956821729673e-01 -3.205128164291382031e-01 5.850116752104783657e-02 -1.884044979512659035e-01 -2.853479738235473739e-01 2.063183277967157725e-01 -7.355161460634422610e-02 -3.147941703796386936e-01
-1.585832778090654205e-01 5.330044581446902879e-02 -3.132910890579223007e-01 -4.468761740867482901e-02 3.325442316726233694e-01 -3.218570775985716836e-01 3.033342817709568096e-02 -1.799038521299110294e-01 -2.853898639678955629e-01 2.095595577220146499e-01 -8.387919013624436926e-02 -3.156310052871704186e-01
-1.573600953808533820e-01 4.551539184949592032e-02 -3.125749893188476403e-01 -4.050572526366591486e-02 3.264296031226893158e-01 -3.227202649116515665e-01 3.938326774993311519e-03 -1.702241862041582454e-01 -2.829478640556336022e-01 2.124748497515178691e-01 -9.500771367450044913e-02 -3.165186948776245734e-01
-1.562007914957539711e-01 3.765057102248666604e-02 -3.118374748229980620e-01 -3.751982225747271804e-02 3.175824596028089530e-01 -3.228216619491576789e-01 -1.891685517060140431e-02 -1.601985531834900778e-01 -2.797271771430969167e-01 2.150064347377095286e-01 -1.072560116425821386e-01 -3.174368495941162216e-01
-1.550046700166964331e-01 2.977333233831495896e-02 -3.110105915069580340e-01 -3.638305746786826833e-02 3.080194794940767644e-01 -3.233207101821899965e-01 -3.794647273590685127e-02 -1.501973808254001841e-01 -2.769892163276671537e-01 2.169529668618376539e-01 -1.209068363843350952e-01 -3.182566661834715926e-01
-1.536790356106242927e-01 2.238750119765466062e-02 -3.100012750625609215e-01 -3.546193355984300632e-02 2.987196125562972537e-01 -3.239418787956236945e-01 -5.213990894532957027e-02 -1.409774874300445680e-01 -2.756684322357176864e-01 2.181573752443245751e-01 -1.354391661812506253e-01 -3.188973350524901273e-01
-1.522562649155499159e-01 1.566627987682706058e-02 -3.089365596771240230e-01 -3.379889797219051695e-02 2.895938807374228707e-01 -3.243908972740173202e-01 -6.125517949174497101e-02 -1.337548772435082356e-01 -2.767511696815490585e-01 2.185004349023267345e-01 -1.504513547610752400e-01 -3.194221134185790678e-01
-1.507582555057585538e-01 9.911214685256880541e-03 -3.078243274688720055e-01 -3.152754261513361633e-02 2.809338549135284024e-01 -3.249317879676818510e-01 -6.599355182697121125e-02 -1.285194317346888548e-01 -2.795436711311339861e-01 2.177931089368305151e-01 -1.656349748416051371e-01 -3.198710746765136559e-01
-1.494935997561485097e-01 5.488708397254141169e-03 -3.064510984420776296e-01 -2.834882436552350893e-02 2.726766394580452113e-01 -3.255261297225952033e-01 -6.605795155472714286e-02 -1.276151254408593450e-01 -2.859406347274779936e-01 2.161199825809828889e-01 -1.811375595006433081e-01 -3.201652069091797115e-01
-1.486419897574079441e-01 3.732680647228175941e-03 -3.045762319564820353e-01 -2.487123780428301956e-02 2.648931458877067380e-01 -3.257719273567200591e-01 -6.422044434452270356e-02 -1.306168964503890417e-01 -2.920873064994812807e-01 2.134161911367225550e-01 -1.967412747773732706e-01 -3.201825733184815448e-01
-1.486346015580875257e-01 8.724542580153246685e-03 -3.004437274932861279e-01 -2.115349193894683344e-02 2.571527728657979073e-01 -3.258705515861511359e-01 -6.199933382714478691e-02 -1.370506736063822339e-01 -2.969875259399414325e-01 2.094916024836099566e-01 -2.118961369419490037e-01 -3.195626754760741983e-01
-1.492209587973921670e-01 2.047444384549598762e-02 -2.893704576492309721e-01 -1.712107476418907315e-02 2.495222534463261144e-01 -3.256596870422363565e-01 -5.977522436459124094e-02 -1.450443778855538546e-01 -3.002514142990112544e-01 2.045850975486840362e-01 -2.263243265777943325e-01 -3.185038204193115785e-01
-1.500775873709599695e-01 3.841573630729083061e-02 -2.773501939773559410e-01 -1.270885873326463300e-02 2.419663916722810670e-01 -3.251236815452575590e-01 -5.707158924212533263e-02 -1.525922089951337601e-01 -3.021343727111816535e-01 1.985781259828787726e-01 -2.405213217765232725e-01 -3.170654315948486235e-01
-1.514618697988394935e-01 6.358058582026267225e-02 -2.671016139984131454e-01 -7.970475755870731760e-03 2.344882968493153808e-01 -3.241410322189331450e-01 -5.337949183676302806e-02 -1.591793774626952818e-01 -3.028960938453674756e-01 1.918937617316207045e-01 -2.532720799354103436e-01 -3.148066635131836488e-01
-1.543321127844177465e-01 9.391687225772513137e-02 -2.578921241760254723e-01 -2.943306305913842569e-03 2.271223066545114966e-01 -3.229694814682007586e-01 -4.907154913130645085e-02 -1.658281536944743728e-01 -3.030735917091370579e-01 1.929997421622302589e-01 -2.588624667182600203e-01 -3.114720315933228179e-01
-1.724177491129280926e-01 1.138502013551112302e-01 -2.522982997894287482e-01 2.145929713156219387e-03 2.199707859141865618e-01 -3.216381378173828742e-01 -4.443305113955310637e-02 -1.723197762377436937e-01 -3.028543920516968413e-01 1.921050720853747507e-01 -2.613171252576697579e-01 -3.071885080337525276e-01
-1.924692223036043037e-01 1.350479282954405169e-01 -2.507692642211914458e-01 6.881376294600075050e-03 2.126819157776967395e-01 -3.204138631820679373e-01 -3.969183626805102699e-02 -1.788880209912622199e-01 -3.024904556274414236e-01 1.888819132503737896e-01 -2.617453207789007807e-01 -3.024836940765381343e-01
-2.127580135336203104e-01 1.555067422858852355e-01 -2.523581905364988831e-01 1.086612510591766778e-02 2.053715142867311716e-01 -3.193051118850707137e-01 -3.553416416371441011e-02 -1.854827419790804344e-01 -3.018342657089233549e-01 1.829954508579269279e-01 -2.614224117374557288e-01 -2.969745559692382741e-01
-2.320236767921902143e-01 1.747125073435733811e-01 -2.562106628417968879e-01 1.476202780132238046e-02 1.982635183544694812e-01 -3.183872957229614276e-01 -3.163884015556740759e-02 -1.921482735966960065e-01 -3.015251798629760005e-01 1.737990410239965144e-01 -2.606676671094230735e-01 -2.909961338043212109e-01
-2.500554374538899172e-01 1.925132074479649069e-01 -2.622107048034668653e-01 1.858805726893790478e-02 1.908009630452175975e-01 -3.180664176940918852e-01 -2.775779294297718580e-02 -1.990168950376288992e-01 -3.015301580429077810e-01 1.682216949803151396e-01 -2.548798693693421491e-01 -2.838567657470704164e-01
-2.652301830296925345e-01 2.068354023569808353e-01 -2.702972908020018772e-01 2.264868685302813545e-02 1.832005745166253030e-01 -3.180737943649291077e-01 -2.383040411433594297e-02 -2.060995767522487143e-01 -3.018163270950317556e-01 1.640364316486472851e-01 -2.423508284630953857e-01 -2.750477046966552930e-01
-2.743882736309328774e-01 2.141424352645165952e-01 -2.805390663146973829e-01 2.684918022356563849e-02 1.752496910610974179e-01 -3.184668321609498420e-01 -1.983039622982303574e-02 -2.133622468272889372e-01 -3.023589868545533133e-01 1.587946079457830395e-01 -2.261807307547681334e-01 -2.661233110427857484e-01
-2.766907445391489362e-01 2.137600575128566494e-01 -2.901792354583740963e-01 2.983076115859349675e-02 1.720477010871175882e-01 -3.163514823913575191e-01 -1.577435779783194214e-02 -2.207907814603871088e-01 -3.032846040725707404e-01 1.521360827876214739e-01 -2.076796533126106792e-01 -2.592987127304076655e-01
-2.760658895672635227e-01 2.098436902322821929e-01 -2.998992795944214196e-01 3.250088195415648529e-02 1.694896430720379543e-01 -3.137492008209228356e-01 -1.160221634572829175e-02 -2.282433197912701051e-01 -3.044682283401489165e-01 1.434699337928153906e-01 -1.867109501877919076e-01 -2.535236186981201234e-01
-2.736558547184476664e-01 2.038121048161572468e-01 -3.080566377639770148e-01 3.466132613706714161e-02 1.671735916503674368e-01 -3.106558103561400941e-01 -7.170216405768800594e-03 -2.357143779621811708e-01 -3.057694120407105087e-01 1.325907222596265922e-01 -1.629695760485562750e-01 -2.496963710784912693e-01
-2.695222908122754668e-01 1.957966656717118337e-01 -3.130288667678832737e-01 3.623066850945366735e-02 1.648454472896873080e-01 -3.075554771423339440e-01 -2.535590928857647808e-03 -2.432165422629227747e-01 -3.071525545120238898e-01 1.204227172369222720e-01 -1.375807682988017255e-01 -2.468689746856689293e-01
-2.638867567853913632e-01 1.858871585299126383e-01 -3.162034196853638068e-01 3.724732796358425080e-02 1.620803667265727777e-01 -3.047562522888184189e-01 2.316506655445388363e-03 -2.507951686896159327e-01 -3.086552782058716304e-01 1.081024275816651892e-01 -1.123549691766922709e-01 -2.445403022766113876e-01
-2.581610070056177819e-01 1.755399798435638425e-01 -3.183538169860839484e-01 3.785552516959950903e-02 1.596233104961637117e-01 -3.021196289062499929e-01 7.481424290090299412e-03 -2.584657676861035758e-01 -3.102873725891113210e-01 9.632201979288965155e-02 -8.797959711253015846e-02 -2.453752727508544673e-01
-2.522849513569873636e-01 1.648856899472984083e-01 -3.198969335556030580e-01 3.801102727709742418e-02 1.589001912804547945e-01 -2.990623350143433168e-01 1.284610341133946010e-02 -2.662268935228792599e-01 -3.120491046905518040e-01 8.538939917865094598e-02 -6.500910374462393060e-02 -2.482569236755371445e-01
-2.463017262227532589e-01 1.539203969964203500e-01 -3.213398237228394239e-01 3.640251768016034006e-02 1.594241859101991343e-01 -2.965807361602783576e-01 1.832103442294995277e-02 -2.741499451514159968e-01 -3.138862915039062895e-01 7.554147924636760159e-02 -4.426274055552865960e-02 -2.525250930786133163e-01
-2.402025543442370403e-01 1.429083949008918553e-01 -3.228496236801147723e-01 3.208449934717907265e-02 1.610251353916659633e-01 -2.947955389022827166e-01 2.371362289625181252e-02 -2.822056558103988588e-01 -3.157404155731201034e-01 6.705962429121997692e-02 -2.597286727355179251e-02 -2.574856681823730620e-01
-2.339595347473579778e-01 1.317546979462076995e-01 -3.245261974334716637e-01 2.541877502697799385e-02 1.634574334482137570e-01 -2.930969543457030979e-01 2.899013857720525444e-02 -2.903310990686154280e-01 -3.177647609710694265e-01 5.942386163596908438e-02 -9.377472804430363879e-03 -2.612958021163941380e-01
-2.275810015359467642e-01 1.204696052781930593e-01 -3.260898180007935077e-01 1.546356780580462886e-02 1.661331558888984039e-01 -2.907744188308716282e-01 3.415084524820186096e-02 -2.983761465947880609e-01 -3.196001405715943045e-01 5.281093815976101863e-02 4.969495329706957037e-03 -2.637918968200684278e-01
-2.210449754592554439e-01 1.088927080240285894e-01 -3.272904701232908775e-01 2.778710242211948622e-03 1.675531292478251999e-01 -2.851819915771482972e-01 3.900952491046609516e-02 -3.062744616980792589e-01 -3.209122104644775431e-01 4.776128992666995449e-02 1.586993437848009669e-02 -2.676363868713378391e-01
-2.143877081591518130e-01 9.701769666117235347e-02 -3.282374353408812340e-01 -1.201443348995691329e-02 1.698511902390984207e-01 -2.780347080230711754e-01 4.341153948771463156e-02 -3.140735971889185851e-01 -3.219839591979980487e-01 4.465789976382110449e-02 2.254308621820828168e-02 -2.725460739135742161e-01
-2.075182196551600966e-01 8.481967362279782541e-02 -3.289776773452758873e-01 -2.910601152164414562e-02 1.739009329648640301e-01 -2.704313297271728200e-01 4.738363649406140965e-02 -3.224436799559278199e-01 -3.230566663742065470e-01 4.368752726016693344e-02 2.463162148683938069e-02 -2.798327274322509606e-01
-2.003555244749757325e-01 7.254595901377540457e-02 -3.295139045715332893e-01 -4.741405196439364700e-02 1.783842937967225484e-01 -2.639920825958252948e-01 5.097401405657864260e-02 -3.317554670473990552e-01 -3.240702934265137780e-01 4.472439980269695553e-02 2.240788979349860738e-02 -2.896538586616517197e-01
-1.928523794430741789e-01 6.065572864056686941e-02 -3.299619407653809344e-01 -7.507517551326133021e-02 1.864786515823604884e-01 -2.479449672698975649e-01 5.426088595276341853e-02 -3.414575603918663105e-01 -3.247728319168091682e-01 4.697234463937507987e-02 1.751178137201813562e-02 -2.974849481582642619e-01
-1.849473507879551837e-01 4.930618107520765708e-02 -3.302662439346313872e-01 -9.765485547229554864e-02 1.901444124170414973e-01 -2.218620891571045362e-01 5.721011755637851748e-02 -3.509713414086245153e-01 -3.248862953186035796e-01 5.007998942558594679e-02 1.052575747266554229e-02 -3.036475176811218590e-01
-1.764726895981975074e-01 3.808683287279877178e-02 -3.306778497695923025e-01 -9.368888214885462418e-02 1.985584072886991125e-01 -2.287246627807617005e-01 5.978859394768727686e-02 -3.598327531926842626e-01 -3.243952674865722696e-01 5.435468807057240725e-02 5.222610087081448749e-04 -3.085698504447936807e-01
-1.675148687165078365e-01 2.733028309815314916e-02 -3.310565490722655047e-01 -1.199511066982553165e-01 2.060758767327265373e-01 -2.339799137115478045e-01 6.194505482316385592e-02 -3.673024281231834776e-01 -3.232356901168823571e-01 5.804712283435678466e-02 -8.879317812887414785e-03 -3.110496158599853622e-01
-1.580489348221810197e-01 1.708231632604170075e-02 -3.312829990386962908e-01 -1.472990287669063147e-01 2.152093595315981434e-01 -2.438218612670898233e-01 6.359761710065632567e-02 -3.731599916502448266e-01 -3.212774343490600315e-01 6.146774315364267327e-02 -1.841525903782253309e-02 -3.138005251884460334e-01
-1.481125342937865685e-01 7.331835296640200339e-03 -3.313573617935179905e-01 -1.732930444415065885e-01 2.208502251359256985e-01 -2.543776245117186363e-01 6.499345238559685323e-02 -3.772102828772215810e-01 -3.188660211563109637e-01 6.467412330450444946e-02 -2.823271449889970877e-02 -3.163227386474608549e-01
-1.379415786541310918e-01 -1.636502657046449982e-03 -3.313462944030760582e-01 -1.983926208983881057e-01 2.271616883517589836e-01 -2.673041648864745157e-01 6.618578897320295806e-02 -3.777084170706723198e-01 -3.164020080566406490e-01 6.772277793286118897e-02 -3.842216705845145908e-02 -3.182079405784606907e-01
-1.277562948743527216e-01 -9.578480369372290026e-03 -3.313044185638428507e-01 -2.208622998498441237e-01 2.355705918450733127e-01 -2.796519012451172403e-01 6.750085501244046382e-02 -3.732475989406369155e-01 -3.142041940689087598e-01 7.064812370585966950e-02 -4.906178456648478681e-02 -3.195165891647339662e-01
-1.176146942850959248e-01 -1.643267742672940845e-02 -3.313455600738525741e-01 -2.365616734042277902e-01 2.417184269050963730e-01 -2.919470186233520947e-01 6.957401189689511878e-02 -3.630038449182036997e-01 -3.120769042968750129e-01 7.353023630661091603e-02 -5.992877310460087426e-02 -3.207174534797668786e-01
-1.076087491710822908e-01 -2.221287592188059615e-02 -3.313608713150024143e-01 -2.457794984391580562e-01 2.436676213731525653e-01 -3.076087636947631432e-01 6.470933478125376337e-02 -3.505720618308465486e-01 -3.095250291824341304e-01 7.636048802442604866e-02 -7.053664431219476560e-02 -3.222785301208496711e-01
-9.779527398717097197e-02 -2.705843887740188788e-02 -3.315302104949949813e-01 -2.527879043616894084e-01 2.434879629683554814e-01 -3.214641447067259628e-01 5.778912084229285290e-02 -3.351474161742903357e-01 -3.064985818862915323e-01 7.922591440645737615e-02 -8.067030647180406522e-02 -3.243448371887207027e-01
-8.820086432416852917e-02 -3.120285223191855695e-02 -3.314866847991943533e-01 -2.572266833919110152e-01 2.420451336966265576e-01 -3.308323640823364609e-01 5.094438640578270033e-02 -3.149797928952270953e-01 -3.029281015396118604e-01 8.236171600582839480e-02 -9.040124419854363158e-02 -3.266895933151245379e-01
-7.924123436460174530e-02 -3.479195917192355603e-02 -3.310159893035888867e-01 -2.569282873973722792e-01 2.381950114814065378e-01 -3.377415056228637580e-01 4.384372317745505176e-02 -2.908080020594493997e-01 -2.991271944046020592e-01 8.614801207745266531e-02 -9.962592497979738670e-02 -3.288435430526733261e-01
-7.083017110689357465e-02 -3.794512997638844337e-02 -3.303825206756592081e-01 -2.538362455063110090e-01 2.320446295256514413e-01 -3.430129070281983106e-01 3.699683380620416573e-02 -2.653469374360206690e-01 -2.957726116180419140e-01 9.304920330442320586e-02 -1.075513850368626234e-01 -3.308251256942748575e-01
-6.273727667562131738e-02 -4.076243755587172224e-02 -3.297784299850464174e-01 -2.488080812222659144e-01 2.240186843178756382e-01 -3.470264883041382364e-01 3.016156384893455000e-02 -2.382931453302124247e-01 -2.928585357666015909e-01 1.000333654874183409e-01 -1.154940872567818133e-01 -3.328912134170532444e-01
-5.536793246713011402e-02 -4.323721244983633888e-02 -3.289825792312622843e-01 -2.419452396418432516e-01 2.150751646265907646e-01 -3.496868247985840950e-01 2.477714321484330434e-02 -2.128600979046767760e-01 -2.913253183364868937e-01 1.070638869576129859e-01 -1.233222483129170904e-01 -3.348360652923584868e-01
-4.900403743685886881e-02 -4.522019426539330977e-02 -3.272469110488891997e-01 -2.343750401537935957e-01 2.062565681898124170e-01 -3.511923570632934921e-01 1.886816600103059793e-02 -1.862092790752791216e-01 -2.893399448394775586e-01 1.139244907479373403e-01 -1.309517296423061972e-01 -3.367049188613892019e-01
-4.435310989422864419e-02 -4.670395281733778770e-02 -3.234871454238891220e-01 -2.268306438360976895e-01 1.978889212968021061e-01 -3.520666141510009339e-01 1.293039930400806392e-02 -1.612763276413582691e-01 -2.894657964706421893e-01 1.205694314429284486e-01 -1.382244677987609638e-01 -3.385099382400513224e-01
-4.323373163167389122e-02 -4.772779507848354252e-02 -3.160890645980835023e-01 -2.200154687553322330e-01 1.904009277795107868e-01 -3.527314920425415057e-01 7.763463183416773050e-03 -1.403362621617288697e-01 -2.934616298675537527e-01 1.269945430517562257e-01 -1.451214616280487590e-01 -3.402075500488281334e-01
-4.809652049926300271e-02 -4.841409383013556972e-02 -3.034051437377930371e-01 -2.133435204581901057e-01 1.837962740280288665e-01 -3.535111494064331339e-01 3.813109549253380914e-03 -1.239948086916312364e-01 -3.000610990524292254e-01 1.333593060779050821e-01 -1.514683263378998335e-01 -3.417639369964600160e-01
-5.866639405829140314e-02 -4.921160069762228750e-02 -2.891963882446287881e-01 -2.066899773058354928e-01 1.776498921744252835e-01 -3.544957656860350248e-01 1.327526513703561339e-03 -1.126606408049433961e-01 -3.068170328140258918e-01 1.396830750981231106e-01 -1.571585428021772257e-01 -3.432913274765014844e-01
-7.385020746664046343e-02 -5.070176766456294115e-02 -2.748211498260497709e-01 -2.004426858483132901e-01 1.718378284760318231e-01 -3.553609056472777916e-01 2.279261505890285699e-03 -1.094014505566921064e-01 -3.126146359443664480e-01 1.457918126421453575e-01 -1.623099727280489513e-01 -3.445518608093261492e-01
-9.148764392258826317e-02 -5.324232630312887571e-02 -2.613415355682372487e-01 -1.942895894463440021e-01 1.663061475842027570e-01 -3.560495920181274143e-01 7.912998065029375194e-03 -1.151138034984273140e-01 -3.199893469810486391e-01 1.521410223532584927e-01 -1.665011570638620930e-01 -3.450523061752320264e-01
-1.106760307083635847e-01 -5.696898410712412930e-02 -2.524678249359131876e-01 -1.880649150176019468e-01 1.610851618842278343e-01 -3.564831562042237167e-01 1.574520987066519578e-02 -1.245299259735720976e-01 -3.263643188476563206e-01 1.588828790916400058e-01 -1.698062321171990297e-01 -3.448225803375244980e-01
-1.308823683524417691e-01 -6.201745749029879962e-02 -2.486150760650634450e-01 -1.817201478036157003e-01 1.559671705697620037e-01 -3.567048282623289657e-01 2.427353669821494253e-02 -1.343136590313236678e-01 -3.314389724731444109e-01 1.660691449112891571e-01 -1.734752238967958993e-01 -3.445526905059813627e-01
-1.531421695310073994e-01 -6.854354523459542381e-02 -2.476791782379150209e-01 -1.753333247096828251e-01 1.509855030726843794e-01 -3.567442054748534708e-01 3.201519324529848026e-02 -1.410832269038292119e-01 -3.349773712158202743e-01 1.742688646660060792e-01 -1.765112149704928246e-01 -3.439110298156737855e-01
-1.770944902722359215e-01 -7.656328212121663035e-02 -2.497390098571777295e-01 -1.690766115384953194e-01 1.463326845425005351e-01 -3.565798301696776473e-01 3.984845463325818044e-02 -1.461223511289137800e-01 -3.381585474014282555e-01 1.826444602472693801e-01 -1.772407067013669901e-01 -3.424279708862305038e-01
-2.025530311341317002e-01 -8.600732170663849541e-02 -2.556731910705568045e-01 -1.632143048691004905e-01 1.421203656057254128e-01 -3.562245531082154915e-01 4.818593756625697000e-02 -1.498779385791826069e-01 -3.400992746353150853e-01 1.906347110212547880e-01 -1.747596013859454012e-01 -3.400054140090943977e-01
-2.280921103578784359e-01 -9.669627159573279673e-02 -2.622518749237061075e-01 -1.577712507423393862e-01 1.384044514575087093e-01 -3.555980987548828520e-01 5.695946808927493388e-02 -1.524445568184254474e-01 -3.406353492736816646e-01 1.974530993806076495e-01 -1.687650308313083658e-01 -3.367126102447510205e-01
-2.492595942112220131e-01 -1.077434438209098760e-01 -2.709683532714844412e-01 -1.527456738753443788e-01 1.350534879066595528e-01 -3.546498413085938384e-01 6.624264956680839256e-02 -1.543606775368024653e-01 -3.408473081588745957e-01 2.031118088015429202e-01 -1.605272572810788612e-01 -3.328495187759400453e-01
-2.672513841068696605e-01 -1.192596232380846166e-01 -2.834218330383301288e-01 -1.480076087190602963e-01 1.319495735064583897e-01 -3.534285469055176154e-01 7.589649555255777169e-02 -1.558236867865944730e-01 -3.409920282363891886e-01 2.071379802143679949e-01 -1.505120853650920576e-01 -3.281049270629883274e-01
-2.787189335188515193e-01 -1.300332619010383661e-01 -2.987558860778809500e-01 -1.433642092493994380e-01 1.290960640553497074e-01 -3.518384761810303685e-01 8.592192668827372537e-02 -1.565461681347448675e-01 -3.408882827758789591e-01 2.094115962219321170e-01 -1.385768538760348001e-01 -3.226644630432129457e-01
-2.806084889487074907e-01 -1.384019901386929763e-01 -3.158847064971923024e-01 -1.386341491918545721e-01 1.262944845529774263e-01 -3.498902435302733704e-01 9.587371225422336440e-02 -1.566673671993855099e-01 -3.403644676208496533e-01 2.093009051918315877e-01 -1.200241028407751515e-01 -3.150764627456665301e-01
-2.775712146202141684e-01 -1.453153727625171587e-01 -3.302562112808228312e-01 -1.334251389623165585e-01 1.232720690111838713e-01 -3.476736230850220322e-01 1.056876094937206495e-01 -1.564281855938379207e-01 -3.394939107894899277e-01 2.121350565835127266e-01 -9.126975153909751282e-02 -3.083612413406374153e-01
-2.710073784734505775e-01 -1.509882663964736138e-01 -3.401482267379761226e-01 -1.278023968873325256e-01 1.200374897881905378e-01 -3.452519483566284797e-01 1.153238230807104858e-01 -1.560649891133532308e-01 -3.385190076828003547e-01 2.137335085756384701e-01 -6.022147704806779522e-02 -3.044771165847778849e-01
-2.627962129791724388e-01 -1.560154856141217072e-01 -3.435459537506103112e-01 -1.221720155595124313e-01 1.167623150544856853e-01 -3.424771614074706982e-01 1.248095444364910878e-01 -1.556399420252920773e-01 -3.372632570266723695e-01 2.124422926310788606e-01 -2.794182322890209624e-02 -3.032308168411254612e-01
-2.537765123611209761e-01 -1.601996932438120858e-01 -3.430967397689818621e-01 -1.169535581917815759e-01 1.137684295743470325e-01 -3.398014183044432701e-01 1.342158234465015421e-01 -1.549049571349331855e-01 -3.361791486740110524e-01 2.084271595898838370e-01 5.074344497487545680e-03 -3.040693254470823170e-01
-2.442607205581010799e-01 -1.638237047622402853e-01 -3.415270872116088485e-01 -1.119264012269021585e-01 1.107578609580552320e-01 -3.369373865127562873e-01 1.436271422383553487e-01 -1.537398824321812296e-01 -3.351420469284058234e-01 2.034158216101636385e-01 3.743500810517014221e-02 -3.050272197723389311e-01
-2.346907813791617170e-01 -1.675076095681183874e-01 -3.397618885040283865e-01 -1.070538650338120901e-01 1.073746100125740899e-01 -3.339856882095337820e-01 1.527331757157796288e-01 -1.520484071733136378e-01 -3.341418523788453054e-01 1.971313464279566552e-01 6.572620482665010588e-02 -3.064100046157837709e-01
-2.252269229453864319e-01 -1.710637859779916004e-01 -3.385974807739256520e-01 -1.027698055201335392e-01 1.037311041307677484e-01 -3.308360071182249729e-01 1.617077495743518001e-01 -1.495881546790069905e-01 -3.331437845230101336e-01 1.930391666295201425e-01 8.920323152284223567e-02 -3.115787382125853044e-01
-2.162604008388513965e-01 -1.748183418470538597e-01 -3.375485248565673890e-01 -9.937317425331268494e-02 9.996115518283033019e-02 -3.274343843460083003e-01 1.708117297354173614e-01 -1.461501515966142084e-01 -3.322283573150634495e-01 1.920242898303212153e-01 1.078600876170452000e-01 -3.158025140762328875e-01
-2.078662869360063947e-01 -1.788487128448812691e-01 -3.364366073608398566e-01 -9.732427469615273496e-02 9.613492324117085819e-02 -3.237880010604858305e-01 1.797392101057239122e-01 -1.418051478758336204e-01 -3.314739866256714018e-01 1.937505831204564544e-01 1.171067590697205951e-01 -3.209017581939697661e-01
-1.995584384009276013e-01 -1.830295246621550798e-01 -3.352468080520629168e-01 -9.701110068389490193e-02 9.237728862464363033e-02 -3.199027557373046449e-01 1.883895928948695619e-01 -1.361504120151284525e-01 -3.307730979919434322e-01 1.963211382633391067e-01 1.183829183749715436e-01 -3.252266759872436963e-01
-1.912522148048729220e-01 -1.873008794730389170e-01 -3.338499708175659553e-01 -9.876706118820317848e-02 8.765319792623990636e-02 -3.157358093261719012e-01 1.964871497763928665e-01 -1.291880139033403097e-01 -3.297646064758301132e-01 1.997589993664123376e-01 1.162308732175099113e-01 -3.266939897537232129e-01
-1.830190604832450940e-01 -1.916153528897788227e-01 -3.322594137191773322e-01 -1.026383452259662238e-01 8.225953065977124889e-02 -3.114721794128418875e-01 2.006680350008979707e-01 -1.294738315139429274e-01 -3.283322162628174445e-01 2.032301019595534330e-01 1.145262250174304275e-01 -3.264363307952881654e-01
-1.746494356353046895e-01 -1.959476008397453839e-01 -3.306305952072144394e-01 -1.083171291009953768e-01 7.609876509689426916e-02 -3.072039766311646103e-01 2.033579680945017676e-01 -1.324948530797878110e-01 -3.265563364028929993e-01 2.064542098780519364e-01 1.125006231127476108e-01 -3.265791435241698903e-01
-1.660895192209422000e-01 -2.002232926884490727e-01 -3.291493768692016486e-01 -1.156247528393842539e-01 6.891533347566147771e-02 -3.029006357192993160e-01 2.056525084792596159e-01 -1.355838937729892113e-01 -3.244723196029662970e-01 2.086998593180731665e-01 1.096606559091091171e-01 -3.267117280960082915e-01
-1.572147612891620361e-01 -2.043039924541290575e-01 -3.280096168518066846e-01 -1.242355102127693511e-01 6.063810724922236856e-02 -2.986530084609986258e-01 2.078096162246814982e-01 -1.386437285479965309e-01 -3.222936506271361634e-01 2.103812263368298741e-01 1.071230401694637652e-01 -3.265780134201049512e-01
-1.480192120293703228e-01 -2.081107564113076902e-01 -3.273210544586180326e-01 -1.338503969434254870e-01 5.130798877257423951e-02 -2.939675731658934477e-01 2.099778491288004367e-01 -1.413115919755595917e-01 -3.201159448623657200e-01 2.124378884505950527e-01 1.044064613152230758e-01 -3.269517107009887735e-01
-1.385183824373913408e-01 -2.115354123691931543e-01 -3.271666021347046094e-01 -1.455047010238167127e-01 4.107268704124841102e-02 -2.902826137542725005e-01 2.125422632023330760e-01 -1.431107255356173225e-01 -3.180497522354127637e-01 2.152187859666431502e-01 1.014477145023507249e-01 -3.278892822265626616e-01
-1.289728891757636886e-01 -2.144549513646865080e-01 -3.274523324966431281e-01 -1.598298929587729789e-01 2.953602093265522699e-02 -2.889118165969849494e-01 2.155957021557082243e-01 -1.441620214779222864e-01 -3.161346359252930061e-01 2.184510477459240818e-01 9.864857787674356782e-02 -3.291113729476929373e-01
-1.195047255241496048e-01 -2.168646211026628579e-01 -3.281504507064818554e-01 -1.759788902022501600e-01 1.633982720372981201e-02 -2.892893667221068110e-01 2.187639180209465239e-01 -1.454807192057550602e-01 -3.142404623031616606e-01 2.218254178330074100e-01 9.606776396071715907e-02 -3.306276578903198371e-01
-1.102261555370225715e-01 -2.186937798578389436e-01 -3.292409629821776984e-01 -1.926394418234690098e-01 1.597762649951858793e-03 -2.902150650024413747e-01 2.216228226879257968e-01 -1.430005706998301040e-01 -3.121603984832763135e-01 2.252694409289618394e-01 9.366095624835410471e-02 -3.323192043304443177e-01
-1.011294680685284886e-01 -2.199689282260972878e-01 -3.307317180633545517e-01 -2.072575237182761321e-01 -1.374552947727405994e-02 -2.897746963500977269e-01 2.241340192273770238e-01 -1.364380543700226822e-01 -3.099782676696777872e-01 2.286994034029662948e-01 9.145624180539460579e-02 -3.341509265899658687e-01
-9.318672849881343145e-02 -2.203644256812289370e-01 -3.322945709228515843e-01 -2.207898594523914071e-01 -2.880841026878322442e-02 -2.890368003845215084e-01 2.261863384558858436e-01 -1.251963992526494152e-01 -3.068837041854857173e-01 2.320636057956847464e-01 8.980093708964456689e-02 -3.360056562423704984e-01
-8.666398087543258910e-02 -2.199929234117519172e-01 -3.338263435363769682e-01 -2.326585853764672196e-01 -4.392698964130420380e-02 -2.888047428131103600e-01 2.270325557982890152e-01 -1.090947701681913018e-01 -3.023991985321043963e-01 2.351937632105288167e-01 8.882084049264200865e-02 -3.378733606338499840e-01
-8.100464502566591396e-02 -2.191603402995402905e-01 -3.350658626556397013e-01 -2.410298667071649747e-01 -5.818542332237149062e-02 -2.894280405044555859e-01 2.255353448125446136e-01 -9.319021201548828570e-02 -2.981052227020264955e-01 2.382107536666539793e-01 8.825982196354657805e-02 -3.394602603912355021e-01
-7.591343745553452704e-02 -2.180730429218805666e-01 -3.361044807434083737e-01 -2.462290348580635224e-01 -7.203910517835357408e-02 -2.910759515762330607e-01 2.209457182998866842e-01 -7.897129218276771612e-02 -2.953101415634155624e-01 2.409637364810459370e-01 8.806226068907255233e-02 -3.408157176971435831e-01
-7.087089865643786402e-02 -2.169676656136484971e-01 -3.371042699813843191e-01 -2.495986867634896744e-01 -8.603823403456890839e-02 -2.936898822784424490e-01 2.135515883472826337e-01 -6.884725297900778918e-02 -2.956450624465941646e-01 2.434362942312726374e-01 8.794521313944311802e-02 -3.420786018371581583e-01
-6.578344119628685982e-02 -2.159402331616088466e-01 -3.382010049819947906e-01 -2.516015819445997503e-01 -1.012102992357073045e-01 -2.972689266204835423e-01 2.050107832930688212e-01 -6.542980834818434843e-02 -3.016127796173097009e-01 2.456531985103161120e-01 8.776718097264220309e-02 -3.434180898666383541e-01
-6.105773155891047743e-02 -2.147855816076221780e-01 -3.390703983306885827e-01 -2.525413761096645393e-01 -1.163113002280684177e-01 -3.014749164581299601e-01 1.989630680789366279e-01 -6.250254794493873001e-02 -3.109635038375854199e-01 2.478785521829069971e-01 8.763408334143137079e-02 -3.445665140151977224e-01
-5.719604791144493328e-02 -2.133841436671100877e-01 -3.397919769287108260e-01 -2.527270661441861077e-01 -1.301130753230548553e-01 -3.064806289672850625e-01 1.981141698667721607e-01 -6.013049465348227485e-02 -3.198640842437744380e-01 2.502134407606614319e-01 8.765540000044899638e-02 -3.456219215393066535e-01
-5.374045425220581873e-02 -2.118178003247056518e-01 -3.405054302215576034e-01 -2.522876789146248355e-01 -1.432838745146938209e-01 -3.125419969558715927e-01 2.027290853020778938e-01 -5.783186840928484368e-02 -3.267378873825073082e-01 2.526800022800750334e-01 8.777864075768111729e-02 -3.467078943252563383e-01
-5.046894675985337531e-02 -2.101019970510374646e-01 -3.409482641220093480e-01 -2.500575683005553662e-01 -1.546809184591694808e-01 -3.201889820098877681e-01 2.083096977142644690e-01 -5.523470166404387954e-02 -3.314762802124023855e-01 2.553909526842141342e-01 8.792139213982995416e-02 -3.475398893356324015e-01
-4.700900558138710467e-02 -2.081756460047364810e-01 -3.411261625289918054e-01 -2.460374697937166011e-01 -1.622300498312389538e-01 -3.288121910095215816e-01 2.143176082078558919e-01 -5.223863481874337772e-02 -3.350519914627075879e-01 2.583657678382556000e-01 8.814626207730319463e-02 -3.480794401168824104e-01
-4.315687165529680236e-02 -2.060494412103837936e-01 -3.409763116836548313e-01 -2.424936494102343243e-01 -1.665390935022213470e-01 -3.374163503646850915e-01 2.204022325950762418e-01 -4.844189930216268036e-02 -3.377660818099974538e-01 2.615228607461159704e-01 8.844065948020488066e-02 -3.482861585617064715e-01
-3.906156177416332531e-02 -2.037580666788511852e-01 -3.405929203033447594e-01 -2.388389517815364682e-01 -1.690877539817959019e-01 -3.431040687561035529e-01 2.259615771550170238e-01 -4.384205840849797475e-02 -3.401719684600830185e-01 2.647038944774585678e-01 8.886991489759540896e-02 -3.481378288269043053e-01
-3.488895715096906186e-02 -2.013129903162132472e-01 -3.398352165222167653e-01 -2.352497925783433308e-01 -1.699667177790767369e-01 -3.462509698867797803e-01 2.305423283699600812e-01 -3.867967568322554228e-02 -3.406169767379761959e-01 2.678382994007231788e-01 8.951690681243268388e-02 -3.474070138931275586e-01
-3.052887081816635373e-02 -1.988311908903295233e-01 -3.390241641998290034e-01 -2.315355513801970466e-01 -1.696691587281703995e-01 -3.478021306991576633e-01 2.339281015357433380e-01 -3.315645925099271196e-02 -3.396893901824951656e-01 2.707253804406647424e-01 9.031761772874381811e-02 -3.464373989105224982e-01
-2.577448106517869764e-02 -1.962301739888135943e-01 -3.383054132461549290e-01 -2.274274195990134140e-01 -1.687137550512495532e-01 -3.482285423278809744e-01 2.371516759364979132e-01 -2.705158140764141184e-02 -3.380663175582886981e-01 2.735457195651378459e-01 9.107254605331618902e-02 -3.455089874267579519e-01
-2.073505095371645790e-02 -1.934821516290504140e-01 -3.376440258026123242e-01 -2.231325029610957689e-01 -1.678127206063569077e-01 -3.480488224029540945e-01 2.402497713971303017e-01 -2.141027372341470711e-02 -3.362714834213256787e-01 2.762837125740014166e-01 9.184949390660943069e-02 -3.445759506225585800e-01
-1.580898182699758819e-02 -1.906181613438476530e-01 -3.370703763961793165e-01 -2.188728843946628477e-01 -1.674150604715109736e-01 -3.474532527923585024e-01 2.433006147877344039e-01 -1.604475500105309593e-02 -3.349221343994141509e-01 2.788826527800954969e-01 9.278499397919984237e-02 -3.436992139816285041e-01
-1.105466539431947809e-02 -1.875042780104123896e-01 -3.365936965942382675e-01 -2.146556970907661510e-01 -1.670847618631613463e-01 -3.466966314315795827e-01 2.464652674205062843e-01 -1.104182303711833540e-02 -3.343094844818115252e-01 2.819866195377673801e-01 9.594788096039448544e-02 -3.429241247177123864e-01
-6.541078500807782914e-03 -1.841254542462595900e-01 -3.361044235229492805e-01 -2.107850436761267710e-01 -1.660645195630738868e-01 -3.458700771331787438e-01 2.494703343829250131e-01 -6.256647974716249283e-03 -3.341270322799683168e-01 2.846704374563038820e-01 1.016078944402254297e-01 -3.416234035491944043e-01
-2.235156404969934618e-03 -1.806049544407355156e-01 -3.351573152542114409e-01 -2.072781541014510065e-01 -1.645024484583580415e-01 -3.446922798156738521e-01 2.523498149634482157e-01 -1.821606134704216451e-03 -3.339037580490112345e-01 2.861244076158713234e-01 1.066287646092556884e-01 -3.390334768295288348e-01
1.615867059000700157e-03 -1.769593594283893900e-01 -3.340959281921387358e-01 -2.042937824487014442e-01 -1.623109963510833698e-01 -3.436361761093140177e-01 2.550471800659236954e-01 2.570931752519427238e-03 -3.339680213928223340e-01 2.839100225990235926e-01 1.108338662240882233e-01 -3.352474946975708692e-01
5.197323212050249108e-03 -1.731610309817850357e-01 -3.329021759033202188e-01 -2.017136935346731941e-01 -1.597420774164715895e-01 -3.426632709503172891e-01 2.574568611531709017e-01 8.106443893764712916e-03 -3.342446632385254190e-01 2.770515489748011650e-01 1.152577473271712005e-01 -3.299368400573731153e-01
8.361031100226047619e-03 -1.695669770976974133e-01 -3.316040534973144216e-01 -1.994901048290426138e-01 -1.570895869449090987e-01 -3.418692989349365052e-01 2.589141887428949018e-01 1.498216686767572803e-02 -3.345614690780639444e-01 2.655453769974049916e-01 1.199444814869853881e-01 -3.234878988265991184e-01
1.130074181298976882e-02 -1.661459373328578182e-01 -3.302219457626343613e-01 -1.974385952824591339e-01 -1.544009769261871223e-01 -3.413191289901734149e-01 2.595682228478463638e-01 2.273183349219075333e-02 -3.347780580520630656e-01 2.476814461786318311e-01 1.233735822264292459e-01 -3.172536106109620224e-01
1.423427820053276699e-02 -1.626546399145621935e-01 -3.288334436416626150e-01 -1.952952692756243225e-01 -1.517717884196783940e-01 -3.408901948928833026e-01 2.598456624122695846e-01 3.052082077255381665e-02 -3.348957366943358105e-01 2.219119083310935603e-01 1.283844829145566746e-01 -3.109422702789305659e-01
1.712669818613497125e-02 -1.592249307742627795e-01 -3.275246686935424645e-01 -1.931232483930970800e-01 -1.492432667944307567e-01 -3.405311555862426398e-01 2.613391745062386695e-01 3.404845065352031519e-02 -3.350382347106933278e-01 1.888144323503249400e-01 1.376224667241337796e-01 -3.051634187698364364e-01
1.998742623219032510e-02 -1.558980004835701649e-01 -3.261079664230346897e-01 -1.907942313520811506e-01 -1.467037055790397504e-01 -3.401452989578247488e-01 2.633755137941288238e-01 3.652807585163284770e-02 -3.350918550491332470e-01 1.533063257785965694e-01 1.434992010305784216e-01 -3.014716882705687495e-01
2.272565536674783088e-02 -1.528140598747401713e-01 -3.245850391387939959e-01 -1.882699791815525825e-01 -1.440736973751770011e-01 -3.397566623687744980e-01 2.655195753583144969e-01 3.907590260516461550e-02 -3.349984760284424601e-01 1.162510577917865995e-01 1.452724920248496532e-01 -3.007937068939209868e-01
2.540619573493179198e-02 -1.496779258507371368e-01 -3.231503982543946218e-01 -1.854581695876993952e-01 -1.413482757225916209e-01 -3.394757719039918076e-01 2.677048001426344803e-01 4.171506229844841596e-02 -3.348034114837646347e-01 8.006749223699595464e-02 1.451438292182382628e-01 -3.011925311088561874e-01
2.787462000878945453e-02 -1.477177267959565443e-01 -3.219498653411865807e-01 -1.823228828991546591e-01 -1.385224131329156338e-01 -3.393018264770508163e-01 2.703116490109308545e-01 4.443222000355490087e-02 -3.348077936172485503e-01 4.716449345217595124e-02 1.445817034971974002e-01 -3.048637313842773588e-01
3.012395731087237280e-02 -1.476050889891534212e-01 -3.207351322174072372e-01 -1.789037380197925908e-01 -1.356692785140058144e-01 -3.391561145782470699e-01 2.733442176400209811e-01 4.717881191072489933e-02 -3.351508398056030069e-01 1.711657490930910963e-02 1.434705315121821978e-01 -3.090830321311950901e-01
3.231166161450353680e-02 -1.487057107226038566e-01 -3.189525051116942067e-01 -1.752783530054382588e-01 -1.328443449799633913e-01 -3.390234203338621799e-01 2.766892115443164157e-01 4.997435435391603398e-02 -3.356465930938720699e-01 -8.587653298083267051e-03 1.413853580179275926e-01 -3.130385441780090261e-01
3.464779577212289546e-02 -1.511420678950158303e-01 -3.157739849090576700e-01 -1.711922439790915518e-01 -1.301131531844236522e-01 -3.388660068511963330e-01 2.804582523875812639e-01 5.284503953745013638e-02 -3.361071939468383007e-01 -2.683200970267547031e-02 1.370206097307491988e-01 -3.156468195915221875e-01
3.696122657282339963e-02 -1.563335125533396042e-01 -3.111172695159911683e-01 -1.668789825428766693e-01 -1.273857082241998395e-01 -3.386974973678588685e-01 2.843987145276292150e-01 5.571955758096697187e-02 -3.364717407226561208e-01 -3.357503719982124490e-02 1.348302126053707028e-01 -3.204082055091856396e-01
3.921341952241671341e-02 -1.654719005021892397e-01 -3.061082143783569465e-01 -1.624386610630062788e-01 -1.245338069896498867e-01 -3.385634202957153449e-01 2.883202143232660997e-01 5.858153571442821506e-02 -3.365886325836181525e-01 -3.463694586413325338e-02 1.355454900346790004e-01 -3.239906926155090572e-01
4.133896923369476117e-02 -1.801659722225012472e-01 -3.016144342422485969e-01 -1.580754791849761087e-01 -1.213531253024216078e-01 -3.384741086959839329e-01 2.920511242264414165e-01 6.166139690527627781e-02 -3.363633317947388179e-01 -3.360725389747969138e-02 1.377777330641195563e-01 -3.258440728187561586e-01
4.364994186053004765e-02 -1.993537503433118196e-01 -2.977114648818969811e-01 -1.537615953655990519e-01 -1.177563264292596640e-01 -3.384214658737182413e-01 2.956172657253333669e-01 6.503822588090196755e-02 -3.357133598327635693e-01 -3.144225083364590723e-02 1.411063583206726146e-01 -3.270744652748107106e-01
4.639837414502202828e-02 -2.217979747853714989e-01 -2.940126104354859327e-01 -1.494809187014659591e-01 -1.137434276604296635e-01 -3.382809133529663947e-01 2.988834835728350070e-01 6.866737169531222928e-02 -3.345162267684937407e-01 -2.824515950440369128e-02 1.454165322183870734e-01 -3.280052371025086178e-01
4.980557788612195724e-02 -2.466115892991743996e-01 -2.908044261932373198e-01 -1.452338754077428518e-01 -1.094404720736868730e-01 -3.381266517639160418e-01 3.020610142416966237e-01 7.205538657439250483e-02 -3.328278846740722607e-01 -2.477545282189613784e-02 1.502430098907678868e-01 -3.291698546409607129e-01
5.425071848460646246e-02 -2.698543732760663172e-01 -2.901541872024537838e-01 -1.409101224689038867e-01 -1.049715374830789139e-01 -3.379849929809571885e-01 3.043533814267129767e-01 7.558934849124999966e-02 -3.306066436767579608e-01 -2.192901708774502856e-02 1.549753178842529777e-01 -3.305871672630311675e-01
5.958994087276660301e-02 -2.862403793241624639e-01 -2.939531345367432102e-01 -1.364471254316497184e-01 -1.002038621571240962e-01 -3.378052349090576723e-01 3.049770541238134847e-01 7.960201593721380475e-02 -3.277444143295288326e-01 -1.856467590697426229e-02 1.597261364792527394e-01 -3.324533696174621911e-01
6.509285686216131905e-02 -2.924586806671518602e-01 -3.032497568130493315e-01 -1.321156124863666903e-01 -9.509830069359531679e-02 -3.374486560821533532e-01 3.037013188833653787e-01 8.532071762856796582e-02 -3.238524932861328587e-01 -1.491435643453045690e-02 1.646430308353158678e-01 -3.339956302642822505e-01
7.025755310482023619e-02 -2.929290375647092826e-01 -3.134008522033691624e-01 -1.283109888945854760e-01 -8.958421200451724409e-02 -3.367495555877685898e-01 3.000287261483174373e-01 9.409118569555742495e-02 -3.189833850860595010e-01 -1.145157630706228336e-02 1.699362252863688971e-01 -3.351130552291869402e-01
7.458649633161469616e-02 -2.897187830365022809e-01 -3.231998414993286772e-01 -1.251697653488397233e-01 -8.375221072336598571e-02 -3.356945533752442312e-01 2.927492379075486983e-01 1.067286054004506074e-01 -3.134084005355835534e-01 -8.418026907679274085e-03 1.758827733290792561e-01 -3.358685297966004235e-01
7.760582668542991003e-02 -2.837490959269790003e-01 -3.291153259277344589e-01 -1.227128856405654833e-01 -7.779637034702752141e-02 -3.343829603195190847e-01 2.805368855953598306e-01 1.239858481162437326e-01 -3.071785182952881388e-01 -5.914273272937281556e-03 1.823852594759371171e-01 -3.362348980903626106e-01
7.951118207078552991e-02 -2.748044093608251748e-01 -3.303905124664307524e-01 -1.207832912137428438e-01 -7.189146173622829039e-02 -3.327650661468506410e-01 2.641224160370091445e-01 1.420268520140595403e-01 -2.990631504058837709e-01 -3.944184734704841988e-03 1.891977690263285106e-01 -3.362197346687316735e-01
8.069636466709897982e-02 -2.656927919112077041e-01 -3.297624225616455629e-01 -1.192081959782468198e-01 -6.602376837290516165e-02 -3.308344049453735836e-01 2.454017832411308775e-01 1.593175437148486862e-01 -2.881184835433960312e-01 -2.454490185005320235e-03 1.962951319432491293e-01 -3.358616728782654604e-01
8.159612023478279852e-02 -2.566970144981402524e-01 -3.295534152984619936e-01 -1.179537311152506901e-01 -5.998053679894908841e-02 -3.286705417633057902e-01 2.248891433655648142e-01 1.770766540179441462e-01 -2.752267856597901408e-01 -1.347467912099206688e-03 2.035969784057212184e-01 -3.352219934463501749e-01
8.222491651539641511e-02 -2.482794662191557811e-01 -3.292967052459714883e-01 -1.177347405457047080e-01 -5.331193427574407173e-02 -3.261878509521482505e-01 2.023611397029619896e-01 1.947908399426988013e-01 -2.612695617675780402e-01 -5.105607052107996591e-04 2.110127277588875194e-01 -3.344150848388671160e-01
8.263396795401602157e-02 -2.405165622107534040e-01 -3.288760824203490474e-01 -1.187142548370602319e-01 -4.849909114402128907e-02 -3.237175626754760227e-01 1.776649486523384502e-01 2.104810805751033964e-01 -2.455945701599121511e-01 -6.839475276132489512e-07 2.184078242414503879e-01 -3.334072418212891131e-01
8.284572212483493070e-02 -2.329134909979471979e-01 -3.283512516021729333e-01 -1.198825594913661002e-01 -4.623800171059024716e-02 -3.213402099609375950e-01 1.559354819225592381e-01 2.218454331171723082e-01 -2.279882736206055582e-01 2.388562419810835724e-04 2.257990885666779635e-01 -3.321770353317261559e-01
8.302719532214253295e-02 -2.253507055924532654e-01 -3.276472682952881188e-01 -1.195559883304944115e-01 -4.609108442137540423e-02 -3.188254232406615984e-01 1.487448625484638631e-01 2.229624903880528530e-01 -2.094245834350585977e-01 5.080227997956293651e-04 2.331889188722940931e-01 -3.308219738006591970e-01
8.313060490199247754e-02 -2.177574136123512083e-01 -3.267036552429199991e-01 -1.171266179894084047e-01 -4.898582022061483132e-02 -3.157224674224854422e-01 1.406461195180878088e-01 2.206929177562408084e-01 -1.907035560607911184e-01 7.209739756568328550e-04 2.405714798863526627e-01 -3.293175668716431526e-01
8.313849091094725752e-02 -2.101525969952166284e-01 -3.255132551193237189e-01 -1.100243023665961467e-01 -5.546511578207420634e-02 -3.044188327789306703e-01 1.322896787457248091e-01 2.152341609023162017e-01 -1.735561103820800755e-01 1.005692413482139891e-03 2.479275517725257616e-01 -3.276999301910400453e-01
8.269277943410496823e-02 -2.028410756587077091e-01 -3.241621751785279670e-01 -1.026629962349163289e-01 -7.241999913520441590e-02 -2.888333816528321774e-01 1.240242792602655880e-01 2.068801187044004841e-01 -1.591754646301271059e-01 1.434535465760861106e-03 2.551218129469420837e-01 -3.260182495117188717e-01
8.221832623643883509e-02 -1.956303026361657649e-01 -3.227145452499390332e-01 -9.531787160841694029e-02 -9.434809479269509747e-02 -2.755331153869629568e-01 1.162860235307577594e-01 1.962971553626060572e-01 -1.499585647583008552e-01 2.140683657947894947e-03 2.622733988723361942e-01 -3.243421525955200724e-01
8.163990739090366822e-02 -1.884967303232669145e-01 -3.212403888702391463e-01 -8.672432708701004189e-02 -1.200109339915019641e-01 -2.634507102966307523e-01 1.082834920442386217e-01 1.826678477300860415e-01 -1.445290107727051077e-01 3.133755848819988477e-03 2.694197167157865724e-01 -3.227487058639526563e-01
8.088874482288524459e-02 -1.814686432037281860e-01 -3.196743268966675822e-01 -7.823545057516585743e-02 -1.463195987506191176e-01 -2.540133876800537704e-01 1.001210601139695261e-01 1.659670593639074043e-01 -1.420504684448243016e-01 4.408409996391068897e-03 2.766048100302456736e-01 -3.211896581649781313e-01
7.976731374120507589e-02 -1.746539382359270920e-01 -3.185452671051025031e-01 -7.023608625717207843e-02 -1.725761193009580086e-01 -2.482599182128906457e-01 9.241550472215370737e-02 1.479366821915806540e-01 -1.426256675720215528e-01 5.883452745915701554e-03 2.839186402075232762e-01 -3.202312107086182080e-01
7.839959624250335268e-02 -1.679618726810232776e-01 -3.176486892700195463e-01 -6.399293911438502791e-02 -1.983751891501941977e-01 -2.466717643737793009e-01 8.563368494432130329e-02 1.303103160057219601e-01 -1.486777610778808878e-01 7.632926626525246561e-03 2.913352328921008372e-01 -3.196375293731689715e-01
7.689299787591227786e-02 -1.613475943685817315e-01 -3.169089622497559544e-01 -6.043599822753099177e-02 -2.233905239836992684e-01 -2.507982082366944088e-01 7.957930648254349371e-02 1.128234230664248300e-01 -1.620705337524414036e-01 9.718727510737983077e-03 2.987248060653093229e-01 -3.193447895050048335e-01
7.519767341525776527e-02 -1.547368235242131407e-01 -3.162756223678589995e-01 -6.013758422841013196e-02 -2.474938016186360168e-01 -2.587670249938965883e-01 7.424502418220027544e-02 9.547153392855063647e-02 -1.794089431762695697e-01 1.174069641762352095e-02 3.062152240039177631e-01 -3.193880577087402362e-01
7.333586559967150698e-02 -1.481246156638626743e-01 -3.158073825836181792e-01 -6.299695469681393378e-02 -2.702117315649985030e-01 -2.685834426879882830e-01 6.979556995106653283e-02 7.943364798925428572e-02 -1.990974349975586088e-01 1.372817723661932943e-02 3.140467370875143494e-01 -3.198290081024169895e-01
7.142830590600156293e-02 -1.414633807368429474e-01 -3.156917352676393285e-01 -7.405241201695653142e-02 -2.953531326420947289e-01 -2.822657461166383497e-01 6.610887336157872385e-02 6.500413712240044051e-02 -2.160358734130861103e-01 1.589907233744508597e-02 3.222017586200173755e-01 -3.206246061325074836e-01
6.945303690240391126e-02 -1.348569291079083077e-01 -3.157388038635254857e-01 -8.671063885208962763e-02 -3.087559640569795816e-01 -2.867535514831544008e-01 6.339754130519933972e-02 5.353819699857410158e-02 -2.319668693542480953e-01 1.805250303764993625e-02 3.295512633600876096e-01 -3.212101383209229333e-01
6.753958919793238980e-02 -1.281454409280807227e-01 -3.156637306213379568e-01 -9.888170253830073919e-02 -3.109564642726638795e-01 -2.947696704864502526e-01 6.163390853611899756e-02 4.553261762265561896e-02 -2.475316972732544696e-01 2.002048573734314246e-02 3.377195111376140035e-01 -3.215129156112671582e-01
6.569255430117228178e-02 -1.212764540077118786e-01 -3.154427976608277229e-01 -1.091003747218121933e-01 -3.074769459182766784e-01 -3.087741870880127970e-01 6.104523344534373147e-02 4.196250624422593473e-02 -2.622750682830811142e-01 2.210927104357002237e-02 3.467620135527701986e-01 -3.215001316070557613e-01
6.374580502972071461e-02 -1.139156923120814013e-01 -3.149577541351318843e-01 -1.179468169078011913e-01 -3.009105130445338117e-01 -3.179174680709839218e-01 6.179799756445773090e-02 4.381095502163672578e-02 -2.755969638824463663e-01 2.432927655676258433e-02 3.562364589964019945e-01 -3.210683364868164857e-01
6.162462911567781476e-02 -1.060742842524379365e-01 -3.140954990386963241e-01 -1.225804486343351624e-01 -2.927470876019929169e-01 -3.241045875549317112e-01 6.420406598867317571e-02 5.231825987339760314e-02 -2.866931314468384451e-01 2.676535014415093450e-02 3.658978272899589546e-01 -3.199137992858887003e-01
5.947144296528435875e-02 -9.750482630385566563e-02 -3.127746267318725071e-01 -1.227004607269986530e-01 -2.831765251636659819e-01 -3.284270210266113099e-01 6.805674151328930388e-02 6.626390948251022206e-02 -2.955713219642638889e-01 2.933721475987900035e-02 3.756473384070208588e-01 -3.180361957550048579e-01
5.748924857044656472e-02 -8.916863053184631571e-02 -3.110000963211059788e-01 -1.195871528147163521e-01 -2.717013166204558239e-01 -3.313710327148437496e-01 7.245377763636316748e-02 8.190711962160948656e-02 -3.021828432083129012e-01 3.185618045652358066e-02 3.851528638135210958e-01 -3.153525419235228555e-01
5.578817551484309412e-02 -8.251439799706863920e-02 -3.086421031951903649e-01 -1.158375385787439454e-01 -2.587609022254575564e-01 -3.329605884552001571e-01 7.649122942746219844e-02 9.559965859292894608e-02 -3.053833074569701767e-01 3.404645285769423990e-02 3.936562144748978476e-01 -3.116478462219237633e-01
5.439244503467613456e-02 -7.883169065491615890e-02 -3.057229633331299268e-01 -1.129728225528505992e-01 -2.456174889498468905e-01 -3.321482391357422626e-01 7.981609716110228681e-02 1.066114850225508004e-01 -3.054983396530152051e-01 3.538295463554987086e-02 3.988753340147525583e-01 -3.074842805862427197e-01
5.319685505170181766e-02 -7.854667570385920339e-02 -3.015967817306519083e-01 -1.102436919667161008e-01 -2.333073386616793810e-01 -3.303903908729554084e-01 8.270249164555466825e-02 1.163315178244165859e-01 -3.043219799995423025e-01 3.661444155237497666e-02 4.010005080397566757e-01 -3.023366613388062119e-01
5.202536572491649886e-02 -8.261577440873474343e-02 -2.948697538375854577e-01 -1.077312337414794013e-01 -2.222424788837911724e-01 -3.284202213287353844e-01 8.530704892004259410e-02 1.258393266941841004e-01 -3.035229201316833603e-01 4.026139637262624721e-02 4.000638715173075455e-01 -2.958915777206421183e-01
5.070483710739406846e-02 -9.097761605403553720e-02 -2.873483390808104776e-01 -1.055342803327244811e-01 -2.116475600824157255e-01 -3.261498589515685054e-01 8.767053691758358580e-02 1.354733663005690536e-01 -3.025388307571410529e-01 4.610534282637962500e-02 3.947030467734733983e-01 -2.877056903839110280e-01
4.896427104407254094e-02 -1.034849323943082822e-01 -2.805934543609619469e-01 -1.037499184267927366e-01 -2.016380632694683706e-01 -3.237410993576049778e-01 8.975541582841267685e-02 1.452335021369365875e-01 -3.014159221649170273e-01 4.914408379171868180e-02 3.847043868821152235e-01 -2.785868330001831095e-01
4.655092661273338428e-02 -1.229811608332510714e-01 -2.742511625289917321e-01 -1.020801442188527253e-01 -1.920840701765422487e-01 -3.212371749877930283e-01 9.126335824657416662e-02 1.554645252807582423e-01 -3.003817100524902584e-01 4.258351953810785018e-02 3.691814690017530820e-01 -2.701122159957886071e-01
4.317782253110911961e-02 -1.481660242001709704e-01 -2.677995080947875861e-01 -1.004298532507363756e-01 -1.827594085388595246e-01 -3.188069076538085911e-01 9.217053505793341983e-02 1.659324583217998694e-01 -2.995009870529175000e-01 3.435922768439309688e-02 3.500616713269655844e-01 -2.617507047653198082e-01
3.869573717336689811e-02 -1.757291817924255262e-01 -2.625211448669434455e-01 -9.884648559193409678e-02 -1.735072191452665669e-01 -3.165916271209717192e-01 9.247468579709247627e-02 1.763364997204142914e-01 -2.986425466537475093e-01 2.512414238320516413e-02 3.278146895527769833e-01 -2.521645135879516109e-01
3.319343336221662610e-02 -2.041496882069387397e-01 -2.592288084030149875e-01 -9.718507153657487962e-02 -1.644488856893860929e-01 -3.147112698554991317e-01 9.273452308291466051e-02 1.862023335092315435e-01 -2.977149028778076079e-01 1.600041702915062924e-02 3.015840770748000610e-01 -2.401244039535522234e-01
2.665768051146588657e-02 -2.324900427064572062e-01 -2.581113691329957049e-01 -9.534654600683545311e-02 -1.556086055556461512e-01 -3.133084506988526030e-01 9.339797803315513791e-02 1.955152772377289905e-01 -2.970166988372803796e-01 7.923563886388908239e-03 2.734229248539135071e-01 -2.278109235763550733e-01
1.654963599469241875e-02 -2.621898108549147177e-01 -2.616974134445190225e-01 -9.344687929414303984e-02 -1.468106316674460676e-01 -3.125976486206054061e-01 9.440374421348071698e-02 2.044422471373730787e-01 -2.968589372634888313e-01 5.140035998105405013e-04 2.437678455795496968e-01 -2.198446769714356153e-01
6.034573710760250675e-03 -2.918146804221186108e-01 -2.653103084564208958e-01 -9.150222458396052583e-02 -1.377273803461354640e-01 -3.130152482986449658e-01 9.589542729621178263e-02 2.131489415892586226e-01 -2.978646106719970432e-01 -6.468062756020381832e-03 2.123008172469521837e-01 -2.167962760925292720e-01
-5.497534362459192969e-03 -3.198832303673725952e-01 -2.689443464279175355e-01 -8.958740100520648508e-02 -1.280850063822466800e-01 -3.138372011184693000e-01 9.802130716443865910e-02 2.219709479117956130e-01 -2.993957252502442157e-01 -1.269491127708099326e-02 1.817233469072092877e-01 -2.172857780456543542e-01
-1.803565826738605382e-02 -3.440372679516128795e-01 -2.723920221328735569e-01 -8.780722505196114636e-02 -1.178564584735180554e-01 -3.149699659347534597e-01 1.006285637766000524e-01 2.310946529612130651e-01 -3.012499351501464195e-01 -1.837341730767545062e-02 1.529614908265651552e-01 -2.216305894851684222e-01
-3.126094548859834066e-02 -3.628098045269773086e-01 -2.763972539901732861e-01 -8.633811888780551502e-02 -1.072186226488126559e-01 -3.162772436141967347e-01 1.034688650116723785e-01 2.405138744177439669e-01 -3.030445022583007075e-01 -2.348766860163898490e-02 1.272958508622933083e-01 -2.310642499923706017e-01
-4.436114999170266693e-02 -3.743003252671825432e-01 -2.815485353469848739e-01 -8.480122527180523895e-02 -9.605726121255486749e-02 -3.174333925247192489e-01 1.060584631531422406e-01 2.504259145166763956e-01 -3.042645425796509095e-01 -2.809933427839594877e-02 1.053639217472158440e-01 -2.441255779266357506e-01
-5.652461801163551069e-02 -3.775377368954950796e-01 -2.886240930557251727e-01 -8.296166759290504733e-02 -8.405405377648070275e-02 -3.183315582275391686e-01 1.079040933594285073e-01 2.611191923904145895e-01 -3.048763914108276185e-01 -3.230360144832802871e-02 8.681260582372887780e-02 -2.571061534881591282e-01
-6.723274180787672250e-02 -3.733821958263973673e-01 -2.971180887222290012e-01 -8.089192649777264543e-02 -7.130152223279224988e-02 -3.187704916000366206e-01 1.087070524554094447e-01 2.726966465340129320e-01 -3.048097152709960955e-01 -3.594700034716730164e-02 7.175038271749779872e-02 -2.668441576957703010e-01
-7.635434798419599156e-02 -3.640014857032262130e-01 -3.042546386718749662e-01 -7.883201956219561268e-02 -5.836260149917583961e-02 -3.187311954498290856e-01 1.083465957980015576e-01 2.848634722768876304e-01 -3.039582414627075013e-01 -3.850399859641738531e-02 6.209080105368285779e-02 -2.734174890518188406e-01
-8.393477896498716118e-02 -3.514157332834508818e-01 -3.093329019546507963e-01 -7.662693171706702611e-02 -4.590412908514120149e-02 -3.184302587509154070e-01 1.069742846527642621e-01 2.965968235606659120e-01 -3.023454971313476736e-01 -3.945374925051045589e-02 6.045522686604756779e-02 -2.804395265579223695e-01
-9.077889502351593753e-02 -3.381443367406871126e-01 -3.123965759277343435e-01 -7.478175588383539907e-02 -3.427092609726878347e-02 -3.176259489059448105e-01 1.040239424849061373e-01 3.072026590586111605e-01 -3.002362318038940270e-01 -3.973475130835289748e-02 6.349380273095155125e-02 -2.859609670639037815e-01
-9.679913453807398316e-02 -3.243690827136950228e-01 -3.140122146606445508e-01 -7.420040599777719126e-02 -2.378864967887665480e-02 -3.159390802383423291e-01 1.015259329294795343e-01 3.165458520475571969e-01 -2.980535192489624507e-01 -3.923618431871555429e-02 7.162432700255103035e-02 -2.909986968040466637e-01
-1.006368510006979133e-01 -3.106315977839319009e-01 -3.145988101959228955e-01 -7.483985354184621852e-02 -1.426821853474692300e-02 -3.134452457427978622e-01 1.085078374318489136e-01 3.237589759755165053e-01 -2.961119003295898944e-01 -3.830732783983802070e-02 8.233290536568774187e-02 -2.945383353233337331e-01
-1.022272234049500794e-01 -2.970397772945804760e-01 -3.147172613143921494e-01 -7.589260704774918043e-02 -8.799860030035997621e-03 -3.107839365005493626e-01 1.165938898584099465e-01 3.301481646225983835e-01 -2.940623826980591216e-01 -3.700547700207980351e-02 9.326468932339457285e-02 -2.959909148216247621e-01
-1.026827159803733736e-01 -2.841242132876865556e-01 -3.144455356597900542e-01 -7.375425946796915211e-02 -6.549308247367859048e-03 -2.970682544708252437e-01 1.253441796196455293e-01 3.343274677858544264e-01 -2.906479377746581383e-01 -3.464213835284924575e-02 1.043217399456988215e-01 -2.964590497016906245e-01
-1.026779532302109083e-01 -2.722395532993842071e-01 -3.140501184463501128e-01 -8.730930579320668461e-02 -1.428697344291348509e-02 -2.785315246582031334e-01 1.340153488033920537e-01 3.357216609326122425e-01 -2.854746551513671626e-01 -3.051552920164079391e-02 1.154552347839385706e-01 -2.966684408187866273e-01
-1.029572562836676142e-01 -2.611030600583214012e-01 -3.134606332778929749e-01 -1.112007720313753223e-01 -2.565908456535621190e-02 -2.670093793869017795e-01 1.421622401095427035e-01 3.338154361649133817e-01 -2.790626401901245557e-01 -2.421486345969277310e-02 1.277150687284167030e-01 -2.974659485816955606e-01
-1.035261204708013416e-01 -2.505392442901983596e-01 -3.126529092788696840e-01 -1.392900914538749424e-01 -4.184489584003480561e-02 -2.607718677520752815e-01 1.495797873455866900e-01 3.280027189264410059e-01 -2.708866567611695197e-01 -1.537844073615549090e-02 1.402550898170208116e-01 -2.980369944572449636e-01
-1.040694502210023631e-01 -2.406351180535594714e-01 -3.117584009170533133e-01 -1.685402125427208353e-01 -5.707086466825109922e-02 -2.589408798217773811e-01 1.576273940255495110e-01 3.175720457147218623e-01 -2.623490018844605309e-01 -4.486045894547263657e-03 1.521840776404164153e-01 -2.983048267364502570e-01
-1.043976541198354119e-01 -2.310980997179651053e-01 -3.110080118179321396e-01 -2.001253293419759105e-01 -6.994022315453515826e-02 -2.620839900970459158e-01 1.666040954953414976e-01 3.028402384466516994e-01 -2.540085430145263556e-01 7.615778985245132138e-03 1.631463704416296345e-01 -2.988069982528686608e-01
-1.043385813856127775e-01 -2.217397522719376235e-01 -3.106757469177246489e-01 -2.257283075767354541e-01 -8.115390690494588000e-02 -2.663236207962036417e-01 1.762319765363722646e-01 2.840263152805602709e-01 -2.457581586837769005e-01 1.976024750391653512e-02 1.729096429013076974e-01 -2.998174495697021880e-01
-1.037287047163875514e-01 -2.127669290540297187e-01 -3.109306259155273366e-01 -2.448562128076518518e-01 -9.099269740432457121e-02 -2.702162380218505744e-01 1.849013854896447984e-01 2.625016848000593650e-01 -2.382097692489623664e-01 3.085319359997146932e-02 1.813446171706115106e-01 -3.013878841400145503e-01
-1.001000772412759254e-01 -2.060393570642644334e-01 -3.114090127944945108e-01 -2.631294046338540915e-01 -1.008899430017644039e-01 -2.735534925460814670e-01 1.935680206797624758e-01 2.384075255666733562e-01 -2.321111650466919085e-01 4.074854865376975610e-02 1.889079317795995250e-01 -3.032001609802246200e-01
-9.415998889438653707e-02 -2.010636827509911795e-01 -3.118893451690673002e-01 -2.796546483182147380e-01 -1.070807115595848596e-01 -2.761278839111327432e-01 2.014102025099918092e-01 2.124628429160639320e-01 -2.289934129714966127e-01 4.954280193913659230e-02 1.959129852132007743e-01 -3.050639219284058123e-01
-8.823740484245143345e-02 -1.964488389314515415e-01 -3.120157880783082094e-01 -2.936069116783890376e-01 -1.068500230134827728e-01 -2.823277540206909908e-01 2.078256505926903974e-01 1.846879984805209762e-01 -2.280446739196778094e-01 5.795594923056398423e-02 2.024163365609840670e-01 -3.064202375411987922e-01
-8.228322590753506249e-02 -1.922561729602007274e-01 -3.115967197418212931e-01 -3.029525679485506884e-01 -9.636274034301328673e-02 -2.964753360748291211e-01 2.126794767529713859e-01 1.569590890617444945e-01 -2.297112007141114409e-01 6.664461428794554720e-02 2.084808723576498657e-01 -3.070424289703370113e-01
-7.647537404848150921e-02 -1.884306854330053682e-01 -3.105340690612793386e-01 -3.207886980230909013e-01 -6.103761902675544637e-02 -3.183094425201416500e-01 2.159870008879013481e-01 1.296705264627788512e-01 -2.339914150238037727e-01 7.588838608173850697e-02 2.139943898696065605e-01 -3.069864387512207804e-01
-7.033570544472372843e-02 -1.852624692898796610e-01 -3.090500469207763667e-01 -3.243828551029269702e-01 -4.807036113558280088e-02 -3.224837822914123353e-01 2.180041075233028480e-01 1.041662140069352788e-01 -2.417311067581176531e-01 8.588251463949825304e-02 2.190386735879852054e-01 -3.065378017425536838e-01
-6.413044545940310703e-02 -1.828788041752480442e-01 -3.072908945083618892e-01 -3.212826671390907052e-01 -4.148094650923236926e-02 -3.243296952247620157e-01 2.200861796203281151e-01 7.771232122252877406e-02 -2.530191345214843901e-01 9.648533268258743800e-02 2.234311098238327409e-01 -3.059889812469482884e-01
-5.800415319116007662e-02 -1.808262068782842957e-01 -3.052743358612060587e-01 -3.151209439626446174e-01 -3.841568441734680150e-02 -3.227115888595581406e-01 2.217510714857920395e-01 5.132045657055769872e-02 -2.648240346908569132e-01 1.076822973625754520e-01 2.273667537863520161e-01 -3.055441875457763912e-01
-5.278208947611642832e-02 -1.786920428325422805e-01 -3.030592699050904115e-01 -3.072918856186945824e-01 -3.528179502980802185e-02 -3.216476650238037638e-01 2.221849934055154518e-01 2.638208582725466711e-02 -2.745005292892455651e-01 1.192402489943034938e-01 2.307436061445535258e-01 -3.051898546218871355e-01
-4.864652969040425545e-02 -1.765652053723616166e-01 -3.007904357910154980e-01 -2.992593531767323567e-01 -3.203133086064299806e-02 -3.210825271606443931e-01 2.177974601691696210e-01 4.900782756424165720e-03 -2.819271202087402228e-01 1.310819664056595280e-01 2.333966440749455085e-01 -3.050550718307494802e-01
-4.558215142889866789e-02 -1.745819563957645149e-01 -2.982825870513916011e-01 -2.919664592902268541e-01 -2.883564902271777697e-02 -3.205834217071533154e-01 2.141702511738038939e-01 -1.202802441509175091e-02 -2.879406375885009695e-01 1.433322947902489763e-01 2.351756596519730957e-01 -3.050005359649657910e-01
-4.345347542624103387e-02 -1.730576025529181883e-01 -2.957455463409425223e-01 -2.855866236196003549e-01 -2.593098512127764432e-02 -3.201455564498902895e-01 2.169068714398768860e-01 -2.260713553706671097e-02 -2.927582950592042543e-01 1.561658087158906416e-01 2.360414672279592951e-01 -3.050668163299561919e-01
-4.262077703077041257e-02 -1.719174354733548071e-01 -2.931509799957275897e-01 -2.796613654096767876e-01 -2.317390519991738285e-02 -3.198821372985840572e-01 2.218622850141675484e-01 -2.369977212932271315e-02 -2.970419616699218057e-01 1.691223033439670231e-01 2.362144838512219014e-01 -3.052217502593993492e-01
-4.379958171468617545e-02 -1.707500296449829813e-01 -2.904629058837892575e-01 -2.743124296150769581e-01 -2.026702793599867436e-02 -3.198114867210389844e-01 2.271508775222549903e-01 -2.090296963412810460e-02 -2.995386047363282067e-01 1.816212225288658944e-01 2.358365383995617015e-01 -3.054066390991211910e-01
-4.779659110496339847e-02 -1.686809837003318546e-01 -2.877193517684936142e-01 -2.695389006752759165e-01 -1.685197369056626315e-02 -3.199082584381103267e-01 2.332627944785222174e-01 -1.760990504251162825e-02 -3.012575311660767308e-01 1.932980627102039994e-01 2.356470185739762413e-01 -3.058604211807251505e-01
-5.497911865678390547e-02 -1.655912919146242390e-01 -2.848515052795411173e-01 -2.651886523481902791e-01 -1.289744425837417718e-02 -3.201685352325440714e-01 2.396634266645697731e-01 -1.497685734801613988e-02 -3.026979608535766419e-01 2.035691367704971499e-01 2.358424194723222345e-01 -3.063654060363769638e-01
-6.545764462696282426e-02 -1.617044760965679617e-01 -2.816746683120728290e-01 -2.609468108867286640e-01 -8.577400901255527454e-03 -3.205755848884583314e-01 2.449337678945247010e-01 -1.211977730657903818e-02 -3.038972015380859149e-01 2.126453865591896586e-01 2.362370676152245608e-01 -3.066641016006469433e-01
-7.801822436177092979e-02 -1.571233970162959626e-01 -2.792742462158202543e-01 -2.566620537074740804e-01 -3.904738569030480333e-03 -3.215151758193969256e-01 2.493346442493445669e-01 -9.327326034758415263e-03 -3.053309316635132165e-01 2.202203542482931153e-01 2.369450199091019948e-01 -3.072048206329346387e-01
-9.166347899221974349e-02 -1.520315575212821402e-01 -2.776891536712646769e-01 -2.522678491094073050e-01 1.019956150592818411e-03 -3.228326148986816468e-01 2.537379506195908130e-01 -6.531963992678441189e-03 -3.069662446975707781e-01 2.264973075350015796e-01 2.379335578665687789e-01 -3.078083963394164790e-01
-1.061450809273157547e-01 -1.466559833822080328e-01 -2.768448467254639445e-01 -2.477521365913782359e-01 6.128196305291891410e-03 -3.244076867103577455e-01 2.581820455989974894e-01 -3.469180320271547657e-03 -3.086375780105591327e-01 2.320172155656777813e-01 2.396015920395212495e-01 -3.082862062454224117e-01
-1.219710173061524516e-01 -1.414285662386208231e-01 -2.767916698455811231e-01 -2.432943815639650453e-01 1.153206608559786961e-02 -3.261568017005920805e-01 2.626229909995154155e-01 -1.257741512578902654e-04 -3.103343315124512114e-01 2.366814468823606743e-01 2.428745785981179239e-01 -3.089028139114380345e-01
-1.389626143676451209e-01 -1.363888408927632634e-01 -2.775041503906250373e-01 -2.388822921020201939e-01 1.729789616778355799e-02 -3.279901237487793386e-01 2.672885679503690937e-01 3.551904548067308376e-03 -3.121653909683227979e-01 2.404515006188147064e-01 2.472559669643561997e-01 -3.098683567047119114e-01
-1.565164846721804892e-01 -1.303568907155944201e-01 -2.785285825729370557e-01 -2.344246267620242741e-01 2.327079483128062509e-02 -3.297996087074280269e-01 2.720003652847768350e-01 7.452959844915785226e-03 -3.140414400100708381e-01 2.437281260656511406e-01 2.513231601395995440e-01 -3.109466571807861790e-01
-1.740741596059661722e-01 -1.223245313869336520e-01 -2.797117443084717325e-01 -2.298795795278412157e-01 2.921596543923829503e-02 -3.314793653488159464e-01 2.767767836887057853e-01 1.141082874267290714e-02 -3.158907527923584535e-01 2.461532991963446271e-01 2.542188104336526866e-01 -3.116115016937256454e-01
-1.917617990108527182e-01 -1.142071279388835181e-01 -2.820630235671996999e-01 -2.252489816280403012e-01 3.485717259822578018e-02 -3.328862948417663503e-01 2.816160836383112542e-01 1.517238143172017217e-02 -3.175995512008666921e-01 2.470051079860990373e-01 2.552986293670147511e-01 -3.112728853225708026e-01
-2.099458260444367896e-01 -1.065686441082924762e-01 -2.855520839691161328e-01 -2.208953531143634796e-01 4.004969767207707670e-02 -3.338103885650634539e-01 2.863120788463989763e-01 1.823064463708440330e-02 -3.189906806945801421e-01 2.449092710929178240e-01 2.532257894916249974e-01 -3.096411962509155735e-01
-2.246034035342378832e-01 -1.030224828741838905e-01 -2.861915178298951035e-01 -2.165555126928905838e-01 4.448438375925258675e-02 -3.345478243827820775e-01 2.910416634178548123e-01 2.097618235383683083e-02 -3.202232284545897811e-01 2.385185018142741142e-01 2.475984213008829704e-01 -3.067954034805297492e-01
-2.394053145247359571e-01 -9.929167240223078783e-02 -2.868475170135498797e-01 -2.124168205622289918e-01 4.828118200185242681e-02 -3.349388809204102424e-01 2.953262684486029910e-01 2.315095360173452521e-02 -3.209914369583129479e-01 2.265713915825769975e-01 2.368623343708848028e-01 -3.022850484848021990e-01
-2.545156738618493120e-01 -9.535838630685147810e-02 -2.876601524353028516e-01 -2.085147952864650767e-01 5.140763039216920960e-02 -3.350113124847413082e-01 2.991413392573970542e-01 2.478019861083075037e-02 -3.213390369415283221e-01 2.093330183795085730e-01 2.215237594881161176e-01 -2.957426233291625683e-01
-2.696664530802290183e-01 -9.085511144936489480e-02 -2.882943220138549645e-01 -2.047716821279386701e-01 5.399732672252899324e-02 -3.348931331634521502e-01 3.027092920113007568e-01 2.595595932893618452e-02 -3.214187498092651030e-01 1.883450807089908086e-01 2.033812321364391884e-01 -2.877698917388915589e-01
-2.842795207324124718e-01 -8.548149677732023999e-02 -2.883343954086303729e-01 -2.009967474329522608e-01 5.629179354546892666e-02 -3.347010345458984459e-01 3.062386350270083213e-01 2.681053863743659837e-02 -3.212641019821166899e-01 1.665998348179461575e-01 1.851483618089779792e-01 -2.813507623672485414e-01
-2.977302595948666530e-01 -7.918968884983018652e-02 -2.875827522277832338e-01 -1.970886400215358381e-01 5.838108712648638898e-02 -3.345311517715454097e-01 3.098085280849181555e-01 2.743898798468685785e-02 -3.210765714645386071e-01 1.437523545245971701e-01 1.659727951248627376e-01 -2.785873289108276585e-01
-3.098814199416078385e-01 -7.201120483873275913e-02 -2.864273757934570619e-01 -1.929890870592171070e-01 6.034785733010791103e-02 -3.345276470184326278e-01 3.136041583514413422e-01 2.812420975823523572e-02 -3.211123008728027362e-01 1.202695925723697712e-01 1.465089836758686759e-01 -2.783622331619263202e-01
-3.204064548990310790e-01 -6.436440667847118102e-02 -2.850249691009522079e-01 -1.886241706497053527e-01 6.221345850927194332e-02 -3.346594448089599827e-01 3.177299771166557374e-01 2.894089326922219541e-02 -3.213668365478515865e-01 9.810758598152816146e-02 1.284094839493563067e-01 -2.814088172912597718e-01
-3.291841131084503602e-01 -5.620839754676876937e-02 -2.838732404708863011e-01 -1.839352852009903394e-01 6.411225400013902120e-02 -3.349411840438843435e-01 3.220588745942882802e-01 2.978554095333965646e-02 -3.216760463714601337e-01 7.702672133183235958e-02 1.116799103582131469e-01 -2.861460752487184345e-01
-3.361262840995065670e-01 -4.769828437943494925e-02 -2.836616916656494736e-01 -1.789705767192911468e-01 6.600527381182851039e-02 -3.353648872375489254e-01 3.264854540930778315e-01 3.050704370521448161e-02 -3.219167156219482351e-01 5.725275497630754468e-02 9.662157740921109572e-02 -2.897587366104125706e-01
-3.413093848845550893e-01 -3.881458081008030275e-02 -2.838464612960814870e-01 -1.737420033478718484e-01 6.792560073978132218e-02 -3.359115238189696595e-01 3.310222135098985774e-01 3.118113237950384531e-02 -3.220069141387938982e-01 4.111651471514865541e-02 8.469930399731040449e-02 -2.941621513366698415e-01
-3.447291652818171848e-01 -2.956152726888305535e-02 -2.843626184463502460e-01 -1.682698889558755795e-01 6.991482609482203847e-02 -3.365197916030885361e-01 3.357105058300938749e-01 3.186799487711131085e-02 -3.219517726898192267e-01 3.207414970892204925e-02 7.776317478836654307e-02 -3.004410595893858837e-01
-3.458087283794935574e-01 -2.024264778362050085e-02 -2.853981132507323326e-01 -1.624097929942002194e-01 7.187103764333695188e-02 -3.371739454269408465e-01 3.405799506584473169e-01 3.236627372390195323e-02 -3.217643852233887936e-01 3.154265674723977231e-02 7.617219955719373159e-02 -3.076108236312867783e-01
-3.452137524966387150e-01 -1.097461635059764767e-02 -2.868283815383911861e-01 -1.561031166186375163e-01 7.363695055575392168e-02 -3.378696985244751261e-01 3.456001730603713296e-01 3.242106845574593832e-02 -3.214116497039795628e-01 3.612380357322023117e-02 7.748160994918629196e-02 -3.117210359573364675e-01
-3.431682199218904494e-01 -1.977160627748449084e-03 -2.885627050399780513e-01 -1.494907859156479890e-01 7.495267009528489011e-02 -3.385715456008910884e-01 3.506677737591676891e-01 3.168723335196921287e-02 -3.208882970809936452e-01 4.216421698749040631e-02 7.931189963330095849e-02 -3.130977077484130566e-01
-3.396676269866857889e-01 6.111273533022563986e-03 -2.907284564971923113e-01 -1.427514981591676280e-01 7.540537571967745323e-02 -3.392413158416747176e-01 3.557934582894713982e-01 3.022128668287328568e-02 -3.201805562973021879e-01 4.871545319124626072e-02 8.098864381243822685e-02 -3.146379299163817866e-01
-3.350675668871543889e-01 1.351170250868893863e-02 -2.935719223022461577e-01 -1.357884610046680152e-01 7.702566862515716761e-02 -3.397843904495239653e-01 3.603703513744274667e-01 2.809952841913372634e-02 -3.191113538742065825e-01 5.562854262638704250e-02 8.252680342918922163e-02 -3.158898968696595144e-01
-3.293724223165068743e-01 2.038677801738872364e-02 -2.975878305435180060e-01 -1.285830113724082957e-01 7.909966515417968247e-02 -3.401119394302367094e-01 3.639483152975959701e-01 2.545544110625480583e-02 -3.175545520782469544e-01 6.319984049897134359e-02 8.398062216336872610e-02 -3.165657014846801065e-01
-3.227074788911134529e-01 2.669343117739250704e-02 -3.024887676239014223e-01 -1.209395721044458777e-01 8.072835351170294660e-02 -3.401921625137329652e-01 3.662005468482128490e-01 2.209640338591406516e-02 -3.152398033142089218e-01 7.171144833855866429e-02 8.502264676245366304e-02 -3.160661931037901939e-01
-3.140064842872235529e-01 3.212919671162520197e-02 -3.075226898193358371e-01 -1.130893584361259419e-01 8.196356480286862145e-02 -3.399213666915892329e-01 3.672940115868498223e-01 1.795429899704246990e-02 -3.124648590087889533e-01 8.120258558508827718e-02 8.545565243214096884e-02 -3.150694937705992293e-01
-3.046608994545651483e-01 3.718915691649298666e-02 -3.124894018173218213e-01 -1.053588128024292303e-01 8.298267212594973019e-02 -3.394995326995849938e-01 3.668366032409538513e-01 1.262110654642514818e-02 -3.094034166336058767e-01 9.142701644543294037e-02 8.508533350141508911e-02 -3.143732781410216170e-01
-2.964048856621331329e-01 4.251787919433840102e-02 -3.170057601928710778e-01 -9.784575252706911863e-02 8.387500904167981275e-02 -3.388995809555053196e-01 3.649787108017871762e-01 4.034985395012027909e-03 -3.063496084213257475e-01 1.022750427915071203e-01 8.381170885974841001e-02 -3.139927263259888468e-01
-2.891199063453372409e-01 4.792425715285379001e-02 -3.205532855987549556e-01 -9.087435375576721763e-02 8.466442061287227094e-02 -3.379577083587647079e-01 3.610445385506491078e-01 -6.962817546715183159e-03 -3.034924764633178951e-01 1.135983714921146998e-01 8.146652382861516162e-02 -3.138740081787109726e-01
-2.825676864003162092e-01 5.335621897165419847e-02 -3.227549047470093524e-01 -8.466701963223727256e-02 8.545643414946561822e-02 -3.367268676757813051e-01 3.546940498131899711e-01 -1.979832745904429314e-02 -3.004918975830077610e-01 1.249402243812125918e-01 7.800556516771296744e-02 -3.135778255462645658e-01
-2.763688071586314354e-01 5.869706312006633953e-02 -3.233530731201172403e-01 -7.951280934624049834e-02 8.641980622152309333e-02 -3.350099153518677486e-01 3.459803594384957548e-01 -3.397449166148873434e-02 -2.969274682998657711e-01 1.361659797195596266e-01 7.340398939504808040e-02 -3.128889007568360081e-01
-2.702537805997253240e-01 6.376137112317591116e-02 -3.228299255371094301e-01 -7.578234921110185707e-02 8.776928682209444998e-02 -3.323507757186889844e-01 3.349349435588147017e-01 -4.906194283811857876e-02 -2.925285787582397878e-01 1.471797061033870702e-01 6.772572137712232210e-02 -3.119124860763550222e-01
-2.639640677508407474e-01 6.807259648804162011e-02 -3.219981307983398322e-01 -7.403772132965107111e-02 8.975323509933712252e-02 -3.281995077133178507e-01 3.217568970111207571e-01 -6.508628180663698914e-02 -2.872243661880493071e-01 1.575648188752411250e-01 6.120270586350835818e-02 -3.107406492233276141e-01
-2.577054693302797128e-01 7.178554525856054025e-02 -3.212417240142821373e-01 -7.084071188154508758e-02 9.086111051334064270e-02 -3.050876016616820285e-01 3.067072200974683138e-01 -8.271196453192430909e-02 -2.820253772735595854e-01 1.669813982196902691e-01 5.410543552327989891e-02 -3.094113988876343035e-01
-2.516127214742665541e-01 7.522663586651054390e-02 -3.203268690109253303e-01 -7.821913258733056984e-02 9.735996756528525475e-02 -2.914776678085327921e-01 2.899607538156734887e-01 -9.948899030051736037e-02 -2.772774810791016065e-01 1.754704276487370485e-01 4.681956553788897690e-02 -3.081165142059326678e-01
-2.456262493859809326e-01 7.825465522713556665e-02 -3.192794389724730730e-01 -9.199257256774642788e-02 1.077767690631896147e-01 -2.836907835006713396e-01 2.722548468763856255e-01 -1.153063934191813772e-01 -2.729430980682372443e-01 1.832488666539472677e-01 3.938094713615376830e-02 -3.069728250503539480e-01
-2.396481334753425840e-01 8.076571675002555684e-02 -3.184438390731810786e-01 -1.093080876096513276e-01 1.209315849079214134e-01 -2.815194244384764954e-01 2.533586290897504312e-01 -1.297336279964622641e-01 -2.697984857559203586e-01 1.905037291283876721e-01 3.169041338886353226e-02 -3.062217731475829763e-01
-2.335812279802458036e-01 8.257988975255367570e-02 -3.181556720733644261e-01 -1.245171205346410348e-01 1.425990867547952679e-01 -2.836275644302370114e-01 2.334356411113144014e-01 -1.429851571824531931e-01 -2.684289426803589951e-01 1.973345968032770570e-01 2.371244928387713363e-02 -3.061589736938477579e-01
-2.275908412954421589e-01 8.383472823687911080e-02 -3.182376356124877459e-01 -1.335727345145727440e-01 1.734919710491998612e-01 -2.851350564956664502e-01 2.130550084919327070e-01 -1.546396784148466597e-01 -2.686832256317138179e-01 2.038201076951283441e-01 1.529872242689935685e-02 -3.066075582504271813e-01
-2.215820478317640507e-01 8.473059748318838291e-02 -3.186251850128173913e-01 -1.368447969585936397e-01 1.986458921140996647e-01 -2.845985240936279581e-01 1.921388839696410722e-01 -1.642930042419513403e-01 -2.703040523529052774e-01 2.100209525846069014e-01 6.372511255006291231e-03 -3.075273389816284286e-01
-2.155605778594965882e-01 8.524430133738941651e-02 -3.192413253784179283e-01 -1.401516942015205158e-01 2.191922463177846114e-01 -2.865310401916503769e-01 1.701375949693355039e-01 -1.718215893261385852e-01 -2.733505077362061719e-01 2.158875270355983256e-01 -2.790232599376725464e-03 -3.088733358383179417e-01
-2.094456547269119562e-01 8.545344713285589477e-02 -3.200239152908325169e-01 -1.462362599855406842e-01 2.354254960273170771e-01 -2.849785346984863299e-01 1.472565464503332588e-01 -1.767769451985770901e-01 -2.766784162521361279e-01 2.215001840914977982e-01 -1.241344541637393745e-02 -3.106288976669310808e-01
-2.033093874397429723e-01 8.525468147239056993e-02 -3.208412666320802353e-01 -1.495189032639829829e-01 2.541973475154423179e-01 -2.778052062988282667e-01 1.233352426294773152e-01 -1.784079635824357135e-01 -2.803691072463988521e-01 2.268055221523045117e-01 -2.250329176458264191e-02 -3.125973100662230997e-01
-1.971898392973932546e-01 8.469739549134838730e-02 -3.214374179840088219e-01 -1.454985350048288439e-01 2.755708884172859419e-01 -2.735074157714844079e-01 9.888180885400799092e-02 -1.771749375837518847e-01 -2.834591503143311098e-01 2.317458788713964435e-01 -3.344298610073537931e-02 -3.144674463272095211e-01
-1.910446284063035405e-01 8.393275339965886039e-02 -3.216577596664429439e-01 -1.367619933101812957e-01 2.933094293532154118e-01 -2.755331344604493027e-01 7.538392821092829155e-02 -1.745539927125766555e-01 -2.860108585357667987e-01 2.362631360602047703e-01 -4.524807079208013894e-02 -3.160671682357789614e-01
-1.861599119730767693e-01 8.141088968593199193e-02 -3.215396375656129346e-01 -1.274132689066704849e-01 3.028979197152289471e-01 -2.831302900314332516e-01 5.352220455623728917e-02 -1.719285199379222417e-01 -2.883116693496705629e-01 2.401182770833304725e-01 -5.771343776524413827e-02 -3.172757644653321774e-01
-1.839970260800298796e-01 7.559922548132252951e-02 -3.209977693557740097e-01 -1.183857589901862323e-01 3.053447393973381940e-01 -2.890936346054078232e-01 3.235192347416555869e-02 -1.681727060574110255e-01 -2.887958521842957094e-01 2.431020530083826403e-01 -7.086552088153952322e-02 -3.178765649795532999e-01
-1.819541264966617333e-01 6.996222753557908292e-02 -3.202956647872924889e-01 -1.107673589185367985e-01 3.028714987758134858e-01 -2.940552349090576056e-01 1.335995076018554883e-02 -1.630288794581193912e-01 -2.882690711021423380e-01 2.450791512751262780e-01 -8.467955271547861207e-02 -3.180492229461669984e-01
-1.800170901514208388e-01 6.427433914045888041e-02 -3.193637104034424135e-01 -1.048803103662645231e-01 2.977729353318651628e-01 -2.988807125091553218e-01 -1.892697566155829292e-03 -1.579754591749660819e-01 -2.883454484939575457e-01 2.458861593422584646e-01 -9.880499504973917768e-02 -3.177619428634643750e-01
-1.782605654808330220e-01 5.830459844220477889e-02 -3.181320114135742783e-01 -1.004060732933330230e-01 2.920547968064626243e-01 -3.030815429687500617e-01 -1.064595788270400467e-02 -1.531221452267545469e-01 -2.906443066596985370e-01 2.456405988683697528e-01 -1.127746844307059848e-01 -3.170734710693359770e-01
-1.764163380738917319e-01 5.224486526119435231e-02 -3.166370792388916722e-01 -9.701674090592299349e-02 2.851505964623661793e-01 -3.058387298583984948e-01 -1.601444376802613201e-02 -1.506674455640832910e-01 -2.933317203521729200e-01 2.452542877289332346e-01 -1.270689399629009730e-01 -3.168963356018066890e-01
-1.743856989372488120e-01 4.665572309898069481e-02 -3.148265666961670428e-01 -9.435286202318621251e-02 2.775123362581602970e-01 -3.064489288330078942e-01 -1.913263407846363395e-02 -1.519564884940738103e-01 -2.966485590934753169e-01 2.446301841901140639e-01 -1.416694520563847870e-01 -3.171503467559814160e-01
-1.724051740536655108e-01 4.203084316081158456e-02 -3.127531690597535330e-01 -9.195662669038424941e-02 2.702788747770223932e-01 -3.055760307312012647e-01 -2.039445766514511038e-02 -1.562622677665156112e-01 -3.003674407005311187e-01 2.433775041133232064e-01 -1.560323919175196639e-01 -3.172305746078492028e-01
-1.703935006662589680e-01 3.885790173535701164e-02 -3.103543682098389156e-01 -8.907111297094680302e-02 2.639597083759819829e-01 -3.040205116271973429e-01 -2.002285387012892048e-02 -1.625609570685733751e-01 -3.030997247695923491e-01 2.414627825334479949e-01 -1.701132291769305305e-01 -3.167604417800903849e-01
-1.682655979591420048e-01 3.772124339645252511e-02 -3.076874656677247577e-01 -8.552438702164201489e-02 2.578581757694994869e-01 -3.026168556213380545e-01 -1.839852476900226408e-02 -1.699306226424950050e-01 -3.041666789054870979e-01 2.392886537545659553e-01 -1.834687160381689996e-01 -3.157115573883056969e-01
-1.661928267714921081e-01 3.887484495532016193e-02 -3.049046726226806725e-01 -8.131263878321083605e-02 2.515607580412576594e-01 -3.015210075378418342e-01 -1.543334618944966485e-02 -1.777914288421402755e-01 -3.054751486778259362e-01 2.368023452235519244e-01 -1.957561336583018008e-01 -3.141468353271484881e-01
-1.649419645152383762e-01 4.218201640270446973e-02 -3.000675697326661284e-01 -7.693799723008190594e-02 2.452104587855169771e-01 -3.005776615142823349e-01 -1.186371720888944326e-02 -1.852481226008473869e-01 -3.060492725372314093e-01 2.344135140456552746e-01 -2.061199058672553708e-01 -3.119419546127318865e-01
-1.648728862569041609e-01 5.063191774843368853e-02 -2.893415946960450347e-01 -7.225704153034162580e-02 2.388413141107383897e-01 -2.997841234207154204e-01 -8.002228783061823836e-03 -1.915706676554316812e-01 -3.056480093002320042e-01 2.320666135197710922e-01 -2.141433715989787268e-01 -3.092895717620850471e-01
-1.648414025711025799e-01 6.273206324754615482e-02 -2.812573261260987723e-01 -6.725161985625871530e-02 2.324024276274291034e-01 -2.991330833435059677e-01 -4.433366967315610641e-03 -1.975763131976538411e-01 -3.048837966918946374e-01 2.296492932293274780e-01 -2.202287286459222171e-01 -3.061757965087891775e-01
-1.650599077245623325e-01 7.891534956002621559e-02 -2.735600156784057102e-01 -6.213540821284373183e-02 2.256747489740887069e-01 -2.984179325103759606e-01 -1.154519838007309063e-03 -2.039348900833569123e-01 -3.037047643661500151e-01 2.276122395756949301e-01 -2.254765847213419383e-01 -3.024272460937501017e-01
-1.658793760598845646e-01 1.010487891271958649e-01 -2.666086835861205540e-01 -5.694242537629073952e-02 2.189304724768052768e-01 -2.975067729949950057e-01 2.601739161307348169e-03 -2.104002536719162819e-01 -3.026941032409665722e-01 2.253108148195830385e-01 -2.290249757589338520e-01 -2.978016443252561318e-01
-1.671547386577813543e-01 1.281440551782710435e-01 -2.616043586730957826e-01 -5.181592105566994177e-02 2.121918619119949612e-01 -2.964815206527710578e-01 6.893109404250502559e-03 -2.167685012384635845e-01 -3.019250364303589507e-01 2.219626991160287000e-01 -2.303958507678444678e-01 -2.920203514099121711e-01
-1.806973396190187375e-01 1.476403628607349527e-01 -2.582407112121583026e-01 -4.678365621414329323e-02 2.054180527178632309e-01 -2.953893346786499730e-01 1.123058287325816307e-02 -2.229546447946793020e-01 -3.011583395004273078e-01 2.167020804282785429e-01 -2.289267564120072707e-01 -2.851094980239868848e-01
-1.950983821811051455e-01 1.685368952517999896e-01 -2.557365722656250728e-01 -4.183864248760307825e-02 1.985441194518720587e-01 -2.942425127029419385e-01 1.535566010809942539e-02 -2.290599263727509105e-01 -3.003183288574219345e-01 2.097120405692740330e-01 -2.234661989498980816e-01 -2.775734586715699059e-01
-2.107422973518589815e-01 1.912019923798107812e-01 -2.553018875122071152e-01 -3.701984184528298027e-02 1.915298591547680285e-01 -2.930977220535279093e-01 1.920323090481296235e-02 -2.352966393468017836e-01 -2.995744771957398189e-01 2.010617382792587726e-01 -2.139033419960960913e-01 -2.703119392395020304e-01
-2.256184123723310453e-01 2.127423754460314176e-01 -2.572290153503418719e-01 -3.242680326207868224e-02 1.843919436112667898e-01 -2.922136230468750373e-01 2.275551637214098810e-02 -2.416563781600095107e-01 -2.990753669738769327e-01 1.908669278329929442e-01 -2.007252704554269018e-01 -2.650986070632934122e-01
-2.387096040059056568e-01 2.313651139968047332e-01 -2.619548006057740297e-01 -2.808351852463646103e-02 1.771295738440914203e-01 -2.917338676452637669e-01 2.618022381660836673e-02 -2.481122575127472363e-01 -2.989090747833252903e-01 1.787858219136778115e-01 -1.834167667407949343e-01 -2.630123634338379923e-01
-2.479111115843898872e-01 2.438367972967314112e-01 -2.714080781936645259e-01 -2.389402742148284686e-02 1.696781224694971779e-01 -2.914571304321288969e-01 2.957804785334240683e-02 -2.547927554834533703e-01 -2.989969463348388645e-01 1.647938913447626330e-01 -1.625066404528957009e-01 -2.625763149261474694e-01
-2.532029942993995197e-01 2.504872867420437355e-01 -2.819784135818481641e-01 -1.999350022115890801e-02 1.624125754674067279e-01 -2.907446689605712731e-01 3.302207327618195132e-02 -2.616669804744020666e-01 -2.991392154693603422e-01 1.494101582757729751e-01 -1.390347973667062920e-01 -2.632193012237548646e-01
-2.547940081716243421e-01 2.529190550905872081e-01 -2.907772178649903339e-01 -1.589729694233614488e-02 1.551244286872902056e-01 -2.889785404205322816e-01 3.672982254600293262e-02 -2.687085860443899632e-01 -2.992837591171265688e-01 1.335128051753869949e-01 -1.143541558238163197e-01 -2.627897710800171649e-01
-2.530847523686562961e-01 2.511864421002880654e-01 -2.984980220794678507e-01 -1.109939316200085624e-02 1.471062132529712407e-01 -2.876735658645630522e-01 4.064417797613552319e-02 -2.759404703113057522e-01 -2.994533557891846387e-01 1.179767057465293673e-01 -9.005048643964549959e-02 -2.623327369689942290e-01
-2.477236102126620931e-01 2.441087049523404384e-01 -3.045662088394165967e-01 -5.355089893087541797e-03 1.382742714024410846e-01 -2.883933277130127926e-01 4.476930475223334094e-02 -2.836139402950542676e-01 -2.998743410110474295e-01 1.034138989735401415e-01 -6.732119337235217826e-02 -2.627833027839661106e-01
-2.422266668079116614e-01 2.364108733944678131e-01 -3.067726488113403649e-01 1.986728170322804576e-03 1.293769606840788899e-01 -2.914632720947266109e-01 4.905819500803197675e-02 -2.916558170628988922e-01 -3.004793186187743603e-01 9.060009532443825953e-02 -4.743731699792180789e-02 -2.640526170730590483e-01
-2.366930357227634285e-01 2.284194867471810997e-01 -3.073852939605714041e-01 1.128586338833540564e-02 1.218470662081852229e-01 -2.977530069351197461e-01 5.350018520717964021e-02 -2.998437164236733010e-01 -3.012056846618653139e-01 7.980122508354389743e-02 -3.082552751662592794e-02 -2.666046447753906978e-01
-2.308775710520697411e-01 2.204422946976005160e-01 -3.077552480697632320e-01 3.010765408374643098e-02 1.251235417396722449e-01 -3.116053743362427464e-01 5.802893905190896484e-02 -3.081805256899936563e-01 -3.020665330886841415e-01 7.109151579433491130e-02 -1.753629184385309403e-02 -2.702660961151123753e-01
-2.253397856924166942e-01 2.118922388797453149e-01 -3.081334300041200236e-01 4.057614925868268524e-02 1.308855281207059462e-01 -3.098557109832765222e-01 6.263098327620901518e-02 -3.165178612847058259e-01 -3.028809804916383630e-01 6.398851372330348342e-02 -6.672204388041638040e-03 -2.712599892616273656e-01
-2.200718240859350916e-01 2.030424400826971176e-01 -3.088161845207214595e-01 4.607444332083963229e-02 1.344052242721590074e-01 -3.072605199813842614e-01 6.711545937447631338e-02 -3.249101625063988696e-01 -3.035965938568114253e-01 5.914099270678537662e-02 7.071829452898678592e-04 -2.723360009193419584e-01
-2.150334506796400258e-01 1.940827680883585593e-01 -3.094721097946167565e-01 4.843496151460904148e-02 1.349886842623417293e-01 -3.042289323806763313e-01 7.131452057796901223e-02 -3.331441586158953028e-01 -3.040171356201172292e-01 5.776634526169477368e-02 2.734447215583895446e-03 -2.749703974723816668e-01
-2.101233909680528811e-01 1.849173549046692899e-01 -3.100855941772461821e-01 4.790452872508370319e-02 1.357432946952284447e-01 -3.006909675598145038e-01 7.521484983575678351e-02 -3.412437730287762316e-01 -3.041992731094361191e-01 5.991457903074506874e-02 -7.355507218661343216e-04 -2.806637425422668919e-01
-2.052460426706986252e-01 1.756522415621134536e-01 -3.105310077667234880e-01 4.393103325742284820e-02 1.335515242200593089e-01 -2.812601633071897811e-01 7.878458281492319026e-02 -3.492347272458047325e-01 -3.041631813049315847e-01 6.394815457125385683e-02 -7.239297571829221567e-03 -2.854110593795775586e-01
-2.007127319580026548e-01 1.660941734779228518e-01 -3.108377737998963553e-01 3.849164586005610067e-02 1.433338440010412662e-01 -2.711001319885255056e-01 8.162157699244747266e-02 -3.576460255368205110e-01 -3.039342517852783310e-01 6.850958482985761155e-02 -1.478114276180695144e-02 -2.892218012809753547e-01
-1.963556150793270283e-01 1.564415444999826266e-01 -3.110404391288758008e-01 3.110189433638727019e-02 1.564226383319278491e-01 -2.635485286712647146e-01 8.402153298757580879e-02 -3.664502176043508141e-01 -3.032712287902831760e-01 7.273692773293667646e-02 -2.204418639506678518e-02 -2.932632226943969189e-01
-1.920619589674339156e-01 1.467248800470922210e-01 -3.111386723518372310e-01 2.191038545692168549e-02 1.721095673235025769e-01 -2.605610580444336910e-01 8.599493080964364100e-02 -3.751370865314480052e-01 -3.022727556228638757e-01 7.631080850078139632e-02 -2.856860151746662760e-02 -2.955977649688721898e-01
-1.877776594400086541e-01 1.369895459457227405e-01 -3.112063212394715062e-01 1.037326134317802240e-02 1.901996942426698034e-01 -2.633819026947022413e-01 8.750506159611814994e-02 -3.833674786777765964e-01 -3.010299606323241783e-01 7.958536113775255272e-02 -3.505539949061752675e-02 -2.968125243186950368e-01
-1.834350654222581534e-01 1.269849756060588697e-01 -3.113020629882813362e-01 -3.107926367974855886e-03 2.086971351674659081e-01 -2.648018426895142330e-01 8.837475652417474403e-02 -3.906275549887289200e-01 -2.996257896423340505e-01 8.291042571169598974e-02 -4.235346635847678926e-02 -2.977153487205506099e-01
-1.789770348788086163e-01 1.170807696461572261e-01 -3.115588016510010272e-01 -1.863189567279784076e-02 2.274919959806188663e-01 -2.655312223434448393e-01 8.836519392183296573e-02 -3.962365213986283607e-01 -2.982138462066650786e-01 8.629147382149318646e-02 -5.066240965611279456e-02 -2.988268799781799712e-01
-1.744693668870180847e-01 1.074215708418693738e-01 -3.118910093307495357e-01 -3.477832570945986468e-02 2.483986161778906632e-01 -2.667829580307006787e-01 8.805537233868707125e-02 -4.000880029953052808e-01 -2.966429634094238099e-01 8.950590585214240891e-02 -5.970310942339814020e-02 -2.999657554626464773e-01
-1.699085140742499778e-01 9.797910091426657864e-02 -3.123164482116699836e-01 -5.158303879013446946e-02 2.683937148019517327e-01 -2.682994813919068466e-01 8.747665735805404408e-02 -4.010384069997587342e-01 -2.951966543197632742e-01 9.231780489900881514e-02 -6.923479966021184318e-02 -3.011870856285095988e-01
-1.652911001493234944e-01 8.876742970516737774e-02 -3.127068681716919096e-01 -6.933469594732996621e-02 2.857370759112098368e-01 -2.696728582382202366e-01 8.618566496795304621e-02 -3.976230763592824013e-01 -2.939117450714111568e-01 9.456442930356107057e-02 -7.897716575293160790e-02 -3.022987790107727335e-01
-1.606862941559329960e-01 8.000725284513288127e-02 -3.130216760635374795e-01 -8.669788203459284637e-02 3.014519750063997527e-01 -2.723077554702757475e-01 8.368059529579105482e-02 -3.908959384024922601e-01 -2.923509426116943644e-01 9.617903209423206423e-02 -8.895174655425125421e-02 -3.031864638328552464e-01
-1.561268679534348891e-01 7.176307750371110905e-02 -3.133016510009765665e-01 -1.038001935906998907e-01 3.180140614863464776e-01 -2.765148038864135849e-01 7.911007128043144598e-02 -3.817773265419378004e-01 -2.907730646133422914e-01 9.712112567866734714e-02 -9.909515199757341908e-02 -3.039875478744507031e-01
-1.517392606798757537e-01 6.406942171576568423e-02 -3.137764425277709823e-01 -1.210076558874191854e-01 3.405588775405683499e-01 -2.820006389617920051e-01 7.251365463444310600e-02 -3.704605784307497540e-01 -2.890230388641357728e-01 9.729794816935034840e-02 -1.094582906320658439e-01 -3.049958534240722607e-01
-1.473096965661477853e-01 5.675937330806284792e-02 -3.143739767074584801e-01 -1.347088625156881436e-01 3.573443790546110277e-01 -2.833822984695434366e-01 6.485288829728903803e-02 -3.552898619025455229e-01 -2.862256450653076767e-01 9.682149215528043640e-02 -1.195574597474289569e-01 -3.061578722000122821e-01
-1.427436760736598975e-01 4.788572741022867341e-02 -3.150543041229248442e-01 -1.443766835484455724e-01 3.667518596915099738e-01 -2.890812177658081961e-01 5.750655839173200723e-02 -3.355011372927256819e-01 -2.833801860809326834e-01 9.594107012946254121e-02 -1.287573572230298058e-01 -3.073606510162353866e-01
-1.379786147739256452e-01 3.527083868323661886e-02 -3.153225297927856330e-01 -1.535953662537234421e-01 3.691584510216766590e-01 -2.949629230499267729e-01 4.464314792389036113e-02 -3.140462280170184806e-01 -2.807557268142700235e-01 9.480064999538219406e-02 -1.375432669808456798e-01 -3.078390951156616540e-01
-1.323143884605669507e-01 2.186057529713898717e-02 -3.150965662002562229e-01 -1.624257836206401961e-01 3.655799677870390507e-01 -3.003500432968138623e-01 3.015894344710924602e-02 -2.902363499782951162e-01 -2.784354991912840749e-01 9.342979842879903241e-02 -1.465526521772214930e-01 -3.081368036270140665e-01
-1.267830503730203451e-01 1.392027109173198801e-02 -3.153028459548949947e-01 -1.702315183860046433e-01 3.608511555729685405e-01 -3.063871116638183234e-01 1.675075488214387842e-02 -2.654348684993986240e-01 -2.773235435485840172e-01 9.193138833826264289e-02 -1.564223323071721738e-01 -3.094911212921143129e-01
-1.222409180914943161e-01 8.976087314992380051e-03 -3.155709476470948127e-01 -1.741775831616983738e-01 3.554623890312976209e-01 -3.123331708908081983e-01 5.094091909081270575e-03 -2.407931559998298388e-01 -2.770378799438477646e-01 9.039502158098872142e-02 -1.665275937312491461e-01 -3.110742349624634473e-01
-1.176001564451523151e-01 3.646776453743859336e-03 -3.159081239700317068e-01 -1.763353483395571908e-01 3.482863483555444506e-01 -3.172074718475341726e-01 -4.559910215185487836e-03 -2.160374349088177715e-01 -2.775056905746459690e-01 8.923173289739394498e-02 -1.765888462777208401e-01 -3.128824300765991051e-01
-1.128445781696944955e-01 -1.596734621990787695e-03 -3.162081069946288125e-01 -1.769874622457085489e-01 3.396176539050898557e-01 -3.211212749481200390e-01 -1.235414323471076964e-02 -1.910237607589845565e-01 -2.777203769683836976e-01 8.877869285841094582e-02 -1.866038171788805544e-01 -3.149758214950560964e-01
-1.083251207947259070e-01 -6.008695499704994059e-03 -3.162382287979125239e-01 -1.764576012449971532e-01 3.303679114514737059e-01 -3.243661613464354221e-01 -1.840284019941012400e-02 -1.666910067954426866e-01 -2.775922698974609415e-01 8.928061311755568219e-02 -1.963798275039133623e-01 -3.170336122512817378e-01
-1.043096249173441348e-01 -9.333998755084803312e-03 -3.158453531265258962e-01 -1.750886473215503836e-01 3.210937817018316154e-01 -3.270242137908935254e-01 -2.348144691143528445e-02 -1.440910505402749897e-01 -2.779033155441283931e-01 9.010770787630192902e-02 -2.060844900320724926e-01 -3.188064546585082648e-01
-1.012275699158153297e-01 -1.167068135976985499e-02 -3.152765913009644150e-01 -1.731252694796951153e-01 3.123964234079423807e-01 -3.291058750152588419e-01 -2.795835774228584009e-02 -1.238280075513975009e-01 -2.776409692764282844e-01 9.072398665034570042e-02 -2.157354136120318289e-01 -3.203647203445435521e-01
-9.939254091604270147e-02 -1.304604187428671375e-02 -3.143788499832152472e-01 -1.710130537148402685e-01 3.044887714975654802e-01 -3.306487102508544051e-01 -3.193141673178714890e-02 -1.057232798389642903e-01 -2.761034102439881011e-01 9.099528182118019060e-02 -2.254099795023450648e-01 -3.216530294418335489e-01
-9.881232299540511355e-02 -1.380920241124367065e-02 -3.045812482833861745e-01 -1.689828538000385794e-01 2.968440112675416187e-01 -3.314348573684691712e-01 -3.535384498317935276e-02 -9.012967828721366037e-02 -2.726807708740234815e-01 9.078506037060748990e-02 -2.349662128283356022e-01 -3.222947092056274720e-01
-9.938032153626401299e-02 -1.443375476224622450e-02 -2.924719495773315803e-01 -1.672044179297317856e-01 2.890364629540898012e-01 -3.317137641906738321e-01 -3.814158400197575904e-02 -7.734933965656044796e-02 -2.689635868072508540e-01 9.010048262787515028e-02 -2.439658455053392572e-01 -3.224188966751097563e-01
-1.001787809453125178e-01 -1.541172189016453559e-02 -2.800483102798462243e-01 -1.655424556860159990e-01 2.809808420739079438e-01 -3.316806049346924246e-01 -4.029242017656898406e-02 -6.783409026158664090e-02 -2.662677974700929373e-01 8.883453065304673657e-02 -2.525315116723969577e-01 -3.219806785583497755e-01
-1.013547327204251391e-01 -1.653475706410430235e-02 -2.665837783813477246e-01 -1.636170197175201846e-01 2.727832737997896717e-01 -3.313555545806885494e-01 -4.163289217364708750e-02 -6.327207243547249005e-02 -2.659642906188965927e-01 8.696574100614043457e-02 -2.606719860692957580e-01 -3.209252614974976159e-01
-1.030098992951663378e-01 -1.774544125338938655e-02 -2.533669395446777051e-01 -1.614678191055644030e-01 2.646232034121831500e-01 -3.308025045394896724e-01 -5.000000000000001665e-02 -5.784085571765898437e-02 -2.720315093994141176e-01 8.719305419921880018e-02 -2.688084554672241500e-01 -3.196121807098389334e-01
-1.053855846607930358e-01 -1.890648238879672621e-02 -2.408055801391602579e-01 -1.591971402456796303e-01 2.564827513946210669e-01 -3.302814407348633741e-01 -5.000000000000001665e-02 -6.389869987964628961e-02 -2.806089730262757431e-01 9.012011718750001510e-02 -2.756926774978638028e-01 -3.184757680892945086e-01
-1.098422283296007634e-01 -1.969422159253268051e-02 -2.281361122131348451e-01 -1.568212292178277623e-01 2.481573983960430052e-01 -3.299993915557861701e-01 -5.000000000000001665e-02 -7.249217748641963166e-02 -2.890582151412964262e-01 9.324975585937514411e-02 -2.826106595993042037e-01 -3.176360816955566824e-01
-1.173619779775188082e-01 -2.001556646001334192e-02 -2.185359497070313295e-01 -1.543064961519336475e-01 2.397597939633152042e-01 -3.301850194931030824e-01 -5.000000000000002359e-02 -8.188134312629698208e-02 -2.962240405082703365e-01 9.650177001953137712e-02 -2.896204233169555886e-01 -3.170969123840332582e-01
-1.265843672772668516e-01 -2.076590836903178389e-02 -2.127021713256836422e-01 -1.517029788534809687e-01 2.311250641308461307e-01 -3.301949710845947239e-01 -5.000000000000002359e-02 -9.050664782524106555e-02 -3.003959817886353578e-01 9.972149658203131872e-02 -2.968505287170409845e-01 -3.161231155395508585e-01
-1.367964655982026878e-01 -2.234751709698106631e-02 -2.086439819335937085e-01 -1.489388009590606188e-01 2.224779405697382417e-01 -3.301012153625487722e-01 -5.000000000000002359e-02 -9.746596813201902076e-02 -3.018915028572082826e-01 1.029768066406250154e-01 -3.036048245429991965e-01 -3.147895259857177996e-01
-1.482885364375964576e-01 -2.464268110819747837e-02 -2.064825839996338175e-01 -1.459241019871151956e-01 2.141070021078436136e-01 -3.302216739654541544e-01 -5.000000000000002359e-02 -1.034566497802733992e-01 -3.025415272712708159e-01 1.066201171874997383e-01 -3.089358329772948775e-01 -3.135488004684448549e-01
-1.616103464121413924e-01 -2.658107527987992047e-02 -2.067592163085937851e-01 -1.421978224040766348e-01 2.060321677544923458e-01 -3.312032718658446950e-01 -5.000000000000003053e-02 -1.094062721729278237e-01 -3.033551759719849694e-01 1.110408325195310353e-01 -3.134700322151183771e-01 -3.129102249145508940e-01
-1.771187418550773107e-01 -2.742320518319765407e-02 -2.097213954925536972e-01 -1.375455631189889394e-01 1.981388428887692621e-01 -3.334952564239501704e-01 -3.018104741092856799e-02 -1.299906223670479755e-01 -3.055145998001098651e-01 1.128727718293752180e-01 -3.173893189016943062e-01 -3.133072490692138667e-01
-1.960319957018711035e-01 -2.619919733586166533e-02 -2.173061485290527506e-01 -1.319696158592414958e-01 1.905924591110594313e-01 -3.376573343276977335e-01 -2.309670641451566642e-02 -1.404009507201421647e-01 -3.093011350631714729e-01 1.179125960149728092e-01 -3.217910030359446005e-01 -3.151900978088379990e-01
-2.184641461238030491e-01 -2.351680011962918940e-02 -2.286849327087402961e-01 -1.259533258356377028e-01 1.833190518284758541e-01 -3.418362064361573083e-01 -1.385479222892431472e-02 -1.508665882986288953e-01 -3.129929466247559078e-01 1.323510756924674847e-01 -3.235647006434676509e-01 -3.165644950866700058e-01
-2.418681689663918222e-01 -2.271136045680125989e-02 -2.395239372253419319e-01 -1.204358152878848010e-01 1.765169182918250035e-01 -3.442797441482545184e-01 -4.008256366013478178e-03 -1.595795101546559625e-01 -3.153391809463503836e-01 1.491852146262205858e-01 -3.208200615226516894e-01 -3.157905073165896415e-01
-2.635067591763912698e-01 -2.497323378271279828e-02 -2.482109565734863521e-01 -1.158385380026273614e-01 1.704928290925021572e-01 -3.443662996292113920e-01 5.351913452725287623e-03 -1.662215908026783429e-01 -3.157335920333861901e-01 1.632244159415701390e-01 -3.140645193753609510e-01 -3.113670320510864009e-01
-2.814018130683741403e-01 -2.930885488237736786e-02 -2.569184226989745801e-01 -1.115253521096493672e-01 1.648789872881816498e-01 -3.431385107040405558e-01 1.401133041909490701e-02 -1.716591315823596531e-01 -3.153239936828613477e-01 1.744779150254877065e-01 -3.058026463318287980e-01 -3.036453742980957382e-01
-2.963483412571193965e-01 -3.408869279716696121e-02 -2.664233894348144727e-01 -1.070699591377810983e-01 1.595511627156887546e-01 -3.417212457656860769e-01 2.207511320728187260e-02 -1.765122772755497449e-01 -3.151804847717285529e-01 1.829666535574339670e-01 -2.961104202126863538e-01 -2.942092819213867338e-01
-3.080325093545726034e-01 -3.939109242832838920e-02 -2.766539115905763402e-01 -1.025272347802386880e-01 1.546563514864204569e-01 -3.399973077774048891e-01 2.980072713236791432e-02 -1.809733681656270077e-01 -3.155426998138430306e-01 1.885907289760098693e-01 -2.837486408146788763e-01 -2.835443372726442757e-01
-3.134220705295031606e-01 -4.515777324844755247e-02 -2.890328235626220543e-01 -9.796639471488839679e-02 1.501635258662894767e-01 -3.379903860092162704e-01 3.721931629187181373e-02 -1.850258800171969142e-01 -3.159707088470457559e-01 1.908020151130715991e-01 -2.676311437835002804e-01 -2.714349765777586132e-01
-3.133800456840653004e-01 -5.099888290333565860e-02 -3.009126873016356729e-01 -9.331689506933095457e-02 1.457274427747841938e-01 -3.359265155792235946e-01 4.477031703485731540e-02 -1.888482758321049781e-01 -3.162620372772217414e-01 1.890620955790183189e-01 -2.460448901148748480e-01 -2.578184146881103977e-01
-3.080153648609620376e-01 -5.682694810826822984e-02 -3.116326351165770170e-01 -8.865286197480924668e-02 1.413053264748953819e-01 -3.338029451370237988e-01 5.222271185322003434e-02 -1.923233337469333337e-01 -3.162628574371337820e-01 1.850057129662943112e-01 -2.232117854124797685e-01 -2.412484092712402217e-01
-3.015703389336283902e-01 -6.282139990408314167e-02 -3.189910144805909731e-01 -8.373632430746233424e-02 1.368252805104872294e-01 -3.317121334075929240e-01 5.982989934810321181e-02 -1.954857058691381044e-01 -3.160787410736084491e-01 1.786513894847664430e-01 -1.986998430763302625e-01 -2.244242305755615452e-01
-2.943236311610342715e-01 -6.935001955727534972e-02 -3.231632823944092792e-01 -7.875888695291716202e-02 1.324664146661162223e-01 -3.299281902313233039e-01 6.780344570333303456e-02 -1.983146934491616109e-01 -3.161584682464600449e-01 1.701750394548762202e-01 -1.726966517813021684e-01 -2.109996337890625850e-01
-2.868025511583338072e-01 -7.610978790780106862e-02 -3.253871793746949126e-01 -7.376788417647768548e-02 1.282984630486375677e-01 -3.284293527603149854e-01 7.591991572584969039e-02 -2.009200654706634337e-01 -3.165807600021361967e-01 1.658701635299456578e-01 -1.409767187933258503e-01 -2.038759536743164069e-01
-2.785413752426677547e-01 -8.351232691834625799e-02 -3.260310955047608372e-01 -6.893386006140987676e-02 1.238328357153024722e-01 -3.272583980560303529e-01 8.407057228771416812e-02 -2.034161942832412306e-01 -3.174081344604494093e-01 1.710907132666190655e-01 -1.053346878527127717e-01 -2.062904663085939339e-01
-2.696875218187577139e-01 -9.135849645213665882e-02 -3.259170932769775986e-01 -6.395906053193375906e-02 1.192277349108716300e-01 -3.262885684967041233e-01 9.250637151219304188e-02 -2.059169556908104493e-01 -3.187399215698242805e-01 1.751764147960689910e-01 -7.042794318055708991e-02 -2.158705635070801154e-01
-2.605954082336428557e-01 -9.960120647810466465e-02 -3.261836595535279049e-01 -5.899115204356245035e-02 1.144899504269653173e-01 -3.255408258438110547e-01 1.016258922565391742e-01 -2.083746786978755705e-01 -3.207519979476929350e-01 1.777632615994432230e-01 -3.600998150717524271e-02 -2.298818893432617583e-01
-2.509518566969799469e-01 -1.081678314335694641e-01 -3.271935434341430304e-01 -5.443368882604741887e-02 1.098894519085323734e-01 -3.249139328002929039e-01 1.113645283337133113e-01 -2.105950873942727952e-01 -3.233784217834473340e-01 1.788727315763807280e-01 -1.890894081861924092e-03 -2.453845138549805294e-01
-2.407825025028110244e-01 -1.165806464810591053e-01 -3.286397333145141264e-01 -5.057191023160932664e-02 1.056029852067783270e-01 -3.239378280639648167e-01 1.214099909984592135e-01 -2.122957030958791957e-01 -3.258774681091309300e-01 1.804927649216374053e-01 3.045801394761864234e-02 -2.629269142150879590e-01
-2.308875561460431158e-01 -1.229113895546077168e-01 -3.298494977951050289e-01 -4.728434984353621640e-02 1.021640923346343321e-01 -3.222240562438964950e-01 1.315757868767170602e-01 -2.129522799686567880e-01 -3.275866479873657533e-01 1.792802816682094735e-01 5.865546738024959156e-02 -2.811751766204834135e-01
-2.211389946295360120e-01 -1.282565454273041361e-01 -3.308228368759155713e-01 -4.462465355390452665e-02 9.853811097554786291e-02 -3.196975774765015155e-01 1.422815182319116245e-01 -2.123165032057459101e-01 -3.287839813232422137e-01 1.796063911655143008e-01 7.935489892096969644e-02 -2.980263395309448726e-01
-2.113437921941321018e-01 -1.335587962583511534e-01 -3.313151998519898167e-01 -4.418769923176391057e-02 9.454843028893177015e-02 -3.163573141098023345e-01 1.536755395798914126e-01 -2.101803595229437271e-01 -3.295162458419799711e-01 1.813696892883143452e-01 9.326731987470882057e-02 -3.097553892135619935e-01
-2.017461439333815554e-01 -1.386570472178183522e-01 -3.313379831314085533e-01 -4.723533257575033423e-02 9.043370069828139679e-02 -3.129622287750242760e-01 1.654681088751245310e-01 -2.066487809452227098e-01 -3.297681016921997221e-01 1.844741630266221177e-01 1.003554574488024070e-01 -3.170477457046508851e-01
-1.922613626469873160e-01 -1.438456767899988775e-01 -3.309623928070068999e-01 -5.421636296282612844e-02 8.585627176922136505e-02 -3.100470561981201745e-01 1.701905356732134889e-01 -2.106410757166465031e-01 -3.292115993499755144e-01 1.891202053771718905e-01 9.926721160700417712e-02 -3.218225879669188716e-01
-1.827863659582145139e-01 -1.493955406728361135e-01 -3.301557559967042144e-01 -6.449884764865772280e-02 8.015090917266706749e-02 -3.071025867462159331e-01 1.739675890210007070e-01 -2.149024850161999067e-01 -3.277755088806151851e-01 1.930905046460967001e-01 9.739113907231777834e-02 -3.224241943359374973e-01
-1.732505866555593410e-01 -1.551358725941186789e-01 -3.288080472946168786e-01 -7.737355004998505703e-02 7.326913153197725515e-02 -3.034198064804078943e-01 1.771042507993248472e-01 -2.189389146068624892e-01 -3.251938791275024720e-01 1.974465921205913743e-01 9.553316376370811491e-02 -3.232176370620727934e-01
-1.636814184279865025e-01 -1.606809377569337061e-01 -3.270033998489380034e-01 -9.200190938559923981e-02 6.541861583463089158e-02 -2.988650341033936009e-01 1.802773243697438632e-01 -2.232931766549355879e-01 -3.212284250259399565e-01 2.015148237407847209e-01 9.278730242922095250e-02 -3.235962123870849694e-01
-1.539970388666677958e-01 -1.657515106684410711e-01 -3.252835817337036417e-01 -1.072256884949989997e-01 5.651414283059225108e-02 -2.938671464920044052e-01 1.842707247421335459e-01 -2.260782682091239115e-01 -3.165071649551391975e-01 2.051525504138443368e-01 8.919820575128939444e-02 -3.235111827850342126e-01
-1.444195357366740984e-01 -1.701204264768189922e-01 -3.239297742843627037e-01 -1.242056412713252178e-01 4.742633919038154872e-02 -2.904826898574828231e-01 1.892675026803510574e-01 -2.248339389528689891e-01 -3.114746541976928795e-01 2.093290786147370408e-01 8.514739561294640269e-02 -3.235454244613647501e-01
-1.352491022964780187e-01 -1.737022735807081109e-01 -3.230616016387939382e-01 -1.422237752344915340e-01 3.801151984714152415e-02 -2.885476274490356152e-01 1.956680456554648062e-01 -2.182936455916809348e-01 -3.066672868728636536e-01 2.139645734458220649e-01 8.099541446578842341e-02 -3.239152379035948326e-01
-1.266115126269976576e-01 -1.765882025918942833e-01 -3.230786962509156202e-01 -1.613003128930234065e-01 2.802812428052584015e-02 -2.891738052368164613e-01 2.048101603227329426e-01 -2.071071658768764978e-01 -3.029028577804565026e-01 2.187022311034360345e-01 7.695436267669203412e-02 -3.248092598915099938e-01
-1.184412854152732536e-01 -1.788581736155699931e-01 -3.238757724761964218e-01 -1.812503450971524044e-01 1.676023300927083348e-02 -2.923675031661988610e-01 2.154446880626351146e-01 -1.914749118514015858e-01 -2.999475450515747266e-01 2.235616632679576221e-01 7.307775149634149203e-02 -3.259614009857177974e-01
-1.106774088674587764e-01 -1.805117212800763371e-01 -3.250602884292602690e-01 -1.997381517404487605e-01 5.217082427713765069e-03 -2.939498634338379435e-01 2.252603025056126584e-01 -1.726327966607275333e-01 -2.971041030883789791e-01 2.286182617750014412e-01 6.953113197334451212e-02 -3.271622486114502126e-01
-1.032911234411123397e-01 -1.815364577328894835e-01 -3.265899009704588130e-01 -2.133839696529084839e-01 -5.758424859511196425e-03 -2.954322929382322549e-01 2.320275633862907694e-01 -1.519843370404315164e-01 -2.938545866012572394e-01 2.338949723497886213e-01 6.661174498863992044e-02 -3.287779064178465993e-01
-9.629034901617665454e-02 -1.820332342760811184e-01 -3.284714527130125905e-01 -2.242461358513559988e-01 -1.625514299450610267e-02 -2.986050958633421626e-01 2.350574360537758256e-01 -1.328083618101159880e-01 -2.911467046737671316e-01 2.393496505632358995e-01 6.416704887352288333e-02 -3.308227272033691380e-01
-8.942325043145854524e-02 -1.822783345717602643e-01 -3.305675716400147124e-01 -2.329270908124255468e-01 -2.647044877029758325e-02 -3.031537837982178907e-01 2.297095728305132423e-01 -1.282093617053144952e-01 -2.887813396453858261e-01 2.446795421316283470e-01 6.192780762571177544e-02 -3.330004568099976248e-01
-8.262061808026546772e-02 -1.823232742448624433e-01 -3.325192804336548069e-01 -2.392674087091168911e-01 -3.660444014774975885e-02 -3.086073179244995246e-01 2.225031680709098070e-01 -1.221751056118859924e-01 -2.863794536590575368e-01 2.497940009154016872e-01 5.990691515064178185e-02 -3.349135513305663281e-01
-7.590065023128754473e-02 -1.820783327015848274e-01 -3.342243928909301443e-01 -2.427653250488641667e-01 -4.621982566539144244e-02 -3.149727745056152273e-01 2.131271193636372629e-01 -1.150570897512228907e-01 -2.843741722106932213e-01 2.546326594608647187e-01 5.814691165451599253e-02 -3.364336891174315447e-01
-6.949092268011647366e-02 -1.814542558133006023e-01 -3.355595035552978445e-01 -2.426416106997056343e-01 -5.374737702724602384e-02 -3.239477128982544141e-01 2.012632218977965792e-01 -1.072063230583653465e-01 -2.841789932250976536e-01 2.591494854408069037e-01 5.680027872868687044e-02 -3.374460668563842858e-01
-6.367679508201641581e-02 -1.802627550240940568e-01 -3.365405387878417920e-01 -2.400107521566525737e-01 -5.761055154047101112e-02 -3.318801708221435498e-01 1.895397126047515257e-01 -9.940136769015746332e-02 -2.867826576232910263e-01 2.632589364731249826e-01 5.617678823103505747e-02 -3.379572219848632764e-01
-5.868565504874539984e-02 -1.784927848340040757e-01 -3.371225137710571751e-01 -2.369552398767228452e-01 -5.931179939055956918e-02 -3.362083263397216970e-01 1.785695825342883680e-01 -9.197750411197727627e-02 -2.915774698257445618e-01 2.670436398111539766e-01 5.611459654796695229e-02 -3.379758901596068288e-01
-5.357643233827386053e-02 -1.767075206211169702e-01 -3.376251049041746888e-01 -2.326859439793007023e-01 -5.973588304925579739e-02 -3.393483896255491961e-01 1.676012912187782034e-01 -8.501272344017780924e-02 -2.977167339324950923e-01 2.709521880534377369e-01 5.614594958932615787e-02 -3.378574485778808589e-01
-4.782908471404374862e-02 -1.751500504561613880e-01 -3.380974550247192179e-01 -2.267434327709611785e-01 -6.015442868957213141e-02 -3.415268821716308523e-01 1.586501994610609034e-01 -7.894435032913912909e-02 -3.038623733520509074e-01 2.750823001947803048e-01 5.600302030382248164e-02 -3.376014108657838242e-01
-4.155810580515795910e-02 -1.737327999317428429e-01 -3.384962816238403227e-01 -2.203783895593804387e-01 -6.089566908355492636e-02 -3.428911752700805615e-01 1.543535809441502760e-01 -7.436119495522271194e-02 -3.111692352294921915e-01 2.793766934179621741e-01 5.548603236484954404e-02 -3.373520011901855464e-01
-3.506349284704642771e-02 -1.723341661708352734e-01 -3.388669843673706716e-01 -2.140639247859572325e-01 -6.175827318798622623e-02 -3.435294265747070863e-01 1.561442816591170069e-01 -7.092829211472273521e-02 -3.193737335205079075e-01 2.837943688453766211e-01 5.467891541005628214e-02 -3.370886726379395126e-01
-2.851426483461892009e-02 -1.708722617868038696e-01 -3.392047901153563694e-01 -2.081290945264447911e-01 -6.282772403975286912e-02 -3.435715122222899875e-01 1.621453546426725734e-01 -6.771863665708119373e-02 -3.264244813919066623e-01 2.883943479080325889e-01 5.358418389068594911e-02 -3.366739387512206472e-01
-2.248469061386069306e-02 -1.690805363566451336e-01 -3.393896074295043030e-01 -2.026415726284133689e-01 -6.364581781694624019e-02 -3.431691141128538902e-01 1.705386393290617419e-01 -6.396886594301118278e-02 -3.307534189224243248e-01 2.926910867778285130e-01 5.304956659810341341e-02 -3.357808942794799911e-01
-1.730731196474823153e-02 -1.669508772559407106e-01 -3.393496103286743337e-01 -1.974579596673628479e-01 -6.392269888433825542e-02 -3.425864191055298380e-01 1.801476248275748759e-01 -5.906974205537698919e-02 -3.323127813339233905e-01 2.961584201658131743e-01 5.341474589979041537e-02 -3.343655986785888934e-01
-1.265336319735926168e-02 -1.647406455468799769e-01 -3.390972681045533177e-01 -1.924974113991198832e-01 -6.394105440266775742e-02 -3.420222730636597874e-01 1.902482509417508239e-01 -5.279656877176072682e-02 -3.332545251846314449e-01 2.977984078037519411e-01 5.488795655563496328e-02 -3.325063009262085867e-01
-8.423759615482570573e-03 -1.626128617663534226e-01 -3.386201686859131588e-01 -1.878254265810877233e-01 -6.382341803418378756e-02 -3.416118402481079785e-01 1.990391883283980090e-01 -4.523012891031542859e-02 -3.344009132385254990e-01 2.975484369657114270e-01 5.746409144853999174e-02 -3.301095266342163881e-01
-4.387593721694678373e-03 -1.606500255201244731e-01 -3.379364652633668475e-01 -1.833277149239977144e-01 -6.375945047651118691e-02 -3.412559432983399699e-01 2.056118081870707825e-01 -3.650534804694286622e-02 -3.349560089111330852e-01 2.955125117844358273e-01 6.966142702367736361e-02 -3.266192836761477314e-01
-5.950433059423859694e-04 -1.588818994913459293e-01 -3.369943208694459180e-01 -1.791660225187469424e-01 -6.376637274445264014e-02 -3.406221361160279848e-01 2.108254378282934938e-01 -2.700980316470889472e-02 -3.348984785079957560e-01 2.903267953566103787e-01 8.238301493809038756e-02 -3.218292016983033688e-01
3.021234841451232722e-03 -1.573415150535556195e-01 -3.358634538650513424e-01 -1.752978927189102754e-01 -6.390864998669311403e-02 -3.397237701416016553e-01 2.150196716758354942e-01 -1.704808549332741813e-02 -3.344902820587158931e-01 2.782808444891766153e-01 9.403530026967013566e-02 -3.160168714523315936e-01
6.402107775782941990e-03 -1.559925213614780648e-01 -3.345850152969360725e-01 -1.717028955995071327e-01 -6.406400274119984639e-02 -3.386352081298828476e-01 2.186520833485879889e-01 -7.089577217225993822e-03 -3.339893836975098007e-01 2.603339565044667236e-01 1.032771752988959624e-01 -3.091578121185302730e-01
9.566567437629104609e-03 -1.548471308369361032e-01 -3.331456108093262536e-01 -1.682949713363632305e-01 -6.429509871396302256e-02 -3.373929853439331383e-01 2.211462246273406540e-01 2.304283884597344012e-03 -3.332386846542357839e-01 2.377964909296604312e-01 1.092644069040224208e-01 -3.018779821395873864e-01
1.265375727915528381e-02 -1.538753280830297276e-01 -3.316384477615356707e-01 -1.648252204250012509e-01 -6.467141526378392125e-02 -3.361098499298095788e-01 2.229468600168607872e-01 1.073962209826938297e-02 -3.324324722290039058e-01 2.127903125505324899e-01 1.117609459096214064e-01 -2.945519037246704386e-01
1.576082703530649193e-02 -1.530043179066535863e-01 -3.299983663558960223e-01 -1.613288854937491856e-01 -6.513254943769444805e-02 -3.347064704895019727e-01 2.243413883211421433e-01 1.798235890791137492e-02 -3.315065927505493337e-01 1.870004079400220121e-01 1.160869829014052473e-01 -2.913045520782471254e-01
1.878908498184080414e-02 -1.521679977225997571e-01 -3.283435220718384784e-01 -1.578230793805188159e-01 -6.566206541125393925e-02 -3.332875556945801843e-01 2.255807401422262881e-01 2.402499988480566451e-02 -3.305353326797485503e-01 1.555322841618992369e-01 1.244991468542795410e-01 -2.897595949172973584e-01
2.171514584327598890e-02 -1.513311636942841210e-01 -3.269838924407958980e-01 -1.543157453224114073e-01 -6.620716279281579908e-02 -3.320838375091552663e-01 2.265802430479144369e-01 2.998597104093858601e-02 -3.297657032012939471e-01 1.237801484079588538e-01 1.288499218410720237e-01 -2.913527173995971165e-01
2.451647642153327936e-02 -1.503746425518874275e-01 -3.260691471099854688e-01 -1.508042165419703207e-01 -6.666521985906440073e-02 -3.312930507659913038e-01 2.272759029270349507e-01 3.603305845319697970e-02 -3.293973178863526252e-01 9.119468671210134714e-02 1.306178717602783923e-01 -2.947466630935670073e-01
2.722453694892989703e-02 -1.493898881415764990e-01 -3.253777618408203454e-01 -1.474079648753176819e-01 -6.713440082791580221e-02 -3.306795520782471187e-01 2.273744861100288617e-01 4.247918798937053847e-02 -3.292158193588257120e-01 5.883865629477263992e-02 1.311845292950682695e-01 -2.959331579208374641e-01
2.986201131044717225e-02 -1.483452425015984733e-01 -3.248443765640259828e-01 -1.443159586820183526e-01 -6.735861107106889956e-02 -3.301423473358154892e-01 2.272142466476668177e-01 4.845020472596753280e-02 -3.291134376525879923e-01 2.814003282277410117e-02 1.320917137012225795e-01 -2.974880166053772701e-01
3.246664807608935083e-02 -1.472315384597029653e-01 -3.244494838714599427e-01 -1.415555433271946661e-01 -6.743296106482056518e-02 -3.295016736984253125e-01 2.298058992185275928e-01 4.788062397309167384e-02 -3.289802236557006765e-01 -4.412825122772426334e-04 1.336198633890491871e-01 -2.993959517478942955e-01
3.507048672862281280e-02 -1.459901377914868403e-01 -3.241568059921264844e-01 -1.390673262467621851e-01 -6.774352247874070032e-02 -3.284940357208251949e-01 2.324834402592413363e-01 4.739936965968099408e-02 -3.288829727172851713e-01 -2.330810865909693774e-02 1.363956247706329394e-01 -3.042698307037353667e-01
3.766555189302896872e-02 -1.446145628852044673e-01 -3.239189405441285086e-01 -1.365781085469282563e-01 -6.868254953485844472e-02 -3.272714300155640244e-01 2.355240003494505352e-01 4.699468314710603112e-02 -3.288113279342652073e-01 -4.063459570408885224e-02 1.393410357792370380e-01 -3.098932905197144261e-01
4.022794302096253938e-02 -1.431502699167080950e-01 -3.237822790145873930e-01 -1.343110159911197754e-01 -7.002395013765605469e-02 -3.257820625305175577e-01 2.388442157647708841e-01 4.670878735713587804e-02 -3.287683029174803817e-01 -5.161767668125796793e-02 1.411981500836727854e-01 -3.130871315002440314e-01
4.277601604793179052e-02 -1.416540381395749171e-01 -3.239520759582519283e-01 -1.323942139908118876e-01 -7.255842546096981371e-02 -3.241050596237182169e-01 2.423385227964815480e-01 4.641337258894918938e-02 -3.288978214263916788e-01 -5.508037285374417502e-02 1.411611676978331564e-01 -3.153609628677369048e-01
4.535638452241115559e-02 -1.400710722953939780e-01 -3.243123931884765998e-01 -1.310956099061656166e-01 -8.070980931492040267e-02 -3.221224184036255433e-01 2.458883003396902245e-01 4.609984268934798346e-02 -3.289615268707276052e-01 -5.374688903067916662e-02 1.420236977300512460e-01 -3.182866973876953276e-01
4.801989997615602884e-02 -1.384608146680003093e-01 -3.246902914047241628e-01 -1.283112361894192810e-01 -9.291236700319524533e-02 -3.188060302734375129e-01 2.493884617829797701e-01 4.585426015096374930e-02 -3.287389440536499507e-01 -5.110849270906356323e-02 1.426731859531655544e-01 -3.199114794731140465e-01
5.065737177586519813e-02 -1.369654036906589600e-01 -3.249050064086915768e-01 -1.214918233910190909e-01 -1.050966917425685820e-01 -3.033686847686768995e-01 2.527697586364383020e-01 4.570476569443018833e-02 -3.280534143447877415e-01 -4.954222741060108903e-02 1.422136302360861859e-01 -3.196521587371827788e-01
5.321352185208398644e-02 -1.355711804950357480e-01 -3.250266332626343124e-01 -1.176375642431659041e-01 -1.238616233515581477e-01 -2.872520275115967303e-01 2.557674961952806081e-01 4.576543006879557618e-02 -3.269471950531005477e-01 -4.735013246155049538e-02 1.410515165701822504e-01 -3.193833823204039746e-01
5.567099661725514320e-02 -1.342633832418480833e-01 -3.251425189971922647e-01 -1.142359631398480874e-01 -1.451098186160670045e-01 -2.773016567230223162e-01 2.578173322591002514e-01 4.598099969165594936e-02 -3.253168888092040634e-01 -4.463630752911168509e-02 1.399629874190370382e-01 -3.196421856880187762e-01
5.800716137538074191e-02 -1.330081832614379289e-01 -3.253239984512329985e-01 -1.098225250259859398e-01 -1.692805768786910803e-01 -2.744022769927979555e-01 2.586923793882626166e-01 4.644985811565674472e-02 -3.232793207168579985e-01 -4.167784958482653040e-02 1.392715354007512396e-01 -3.200037331581116473e-01
6.022846803041637803e-02 -1.317317271512530585e-01 -3.254788894653319331e-01 -1.058133128463673578e-01 -1.921306684484490324e-01 -2.753939647674559232e-01 2.588158902743408207e-01 4.802921587177301499e-02 -3.209716625213623331e-01 -3.848345122970044802e-02 1.390829074971697832e-01 -3.204362530708312895e-01
6.225932353598155611e-02 -1.304207140629287387e-01 -3.255480737686157755e-01 -1.022714254562182984e-01 -2.137965830902124886e-01 -2.787429733276368116e-01 2.578819476605271332e-01 5.077110663463799134e-02 -3.181534452438355420e-01 -3.508005712811877730e-02 1.393552330709982578e-01 -3.209899086952210379e-01
6.404054996951277778e-02 -1.291175635356226759e-01 -3.253728981018068067e-01 -1.003519449960050963e-01 -2.364883331194745364e-01 -2.859544963836672116e-01 2.549923923571866258e-01 5.439471335472517710e-02 -3.147670907974243759e-01 -3.157567290755962375e-02 1.399860304410669443e-01 -3.214373869895935654e-01
6.569459017867657069e-02 -1.277370122259415264e-01 -3.250333423614502615e-01 -1.025820294937217214e-01 -2.656395667716313636e-01 -2.937426538467408088e-01 2.489669967549002216e-01 5.977980426824758275e-02 -3.115201063156128325e-01 -2.805681269888304907e-02 1.409224969499321967e-01 -3.217601270675659597e-01
6.711374545108898804e-02 -1.262158853795213587e-01 -3.246265430450439582e-01 -1.040657796511331445e-01 -2.781022354212292491e-01 -2.964664239883423313e-01 2.389381748093814539e-01 6.621411254446177286e-02 -3.088679428100586377e-01 -2.456636605647048027e-02 1.422250764820165436e-01 -3.221776981353760005e-01
6.817531467454904237e-02 -1.246097203174584833e-01 -3.242813940048217547e-01 -1.079379801390287497e-01 -2.854249517164581529e-01 -3.026901073455810498e-01 2.251659900984179785e-01 7.140119234964885375e-02 -3.063555021286010760e-01 -2.140894900722861011e-02 1.438075090460983751e-01 -3.227552862167358261e-01
6.883604150044006498e-02 -1.230469896287569864e-01 -3.239825887680052863e-01 -1.112533363499790262e-01 -2.887701948246554906e-01 -3.133853788375853267e-01 2.092672944538059576e-01 7.621217951225961462e-02 -3.051407690048217880e-01 -1.848589756491413744e-02 1.455748195730490746e-01 -3.234636731147766397e-01
6.927794654553137699e-02 -1.213733452439262339e-01 -3.234760255813598495e-01 -1.130799300960326492e-01 -2.903955647876032553e-01 -3.232002944946288925e-01 1.920685112548942142e-01 7.950683347544319768e-02 -3.052492589950561719e-01 -1.578252901954886600e-02 1.475325770277818860e-01 -3.240118856430053706e-01
6.960422371168069333e-02 -1.194590102090972161e-01 -3.230519742965698438e-01 -1.138252193484242530e-01 -2.911373999691376779e-01 -3.287038607597351225e-01 1.732554049256944673e-01 7.909543956718248503e-02 -3.053160352706908442e-01 -1.319265161741935144e-02 1.497848889845018183e-01 -3.246510524749754989e-01
6.985923489709588985e-02 -1.173345641408389539e-01 -3.225990839004516664e-01 -1.132337173592987967e-01 -2.892672145935507033e-01 -3.320451803207397079e-01 1.557025245487255738e-01 7.498273836678426285e-02 -3.046198148727418120e-01 -1.067969321703647612e-02 1.522605269888340496e-01 -3.252352685928345810e-01
7.005066393029890648e-02 -1.150595336667367130e-01 -3.220740480422972785e-01 -1.109871233764559428e-01 -2.867789861775265625e-01 -3.335108966827391441e-01 1.410248410234147265e-01 7.219104763961464721e-02 -3.046349115371704275e-01 -8.264417954258515553e-03 1.548732426827691966e-01 -3.257006330490112567e-01
7.015488743757847256e-02 -1.126966128703357356e-01 -3.214896411895752926e-01 -1.086689347660245580e-01 -2.836422339633493106e-01 -3.338541622161866340e-01 1.285539921893252835e-01 7.286611012372924689e-02 -3.056794948577882254e-01 -5.933934806640409065e-03 1.576267917162055832e-01 -3.261141223907471631e-01
7.005545934522894314e-02 -1.101814943249762452e-01 -3.207822389602661972e-01 -1.066841880418429589e-01 -2.801896167747278121e-01 -3.334301109313965727e-01 1.184027672352888083e-01 7.500905946138612668e-02 -3.070721216201783288e-01 -3.844567853937039259e-03 1.605792877893512105e-01 -3.265074033737183634e-01
6.982552123445545655e-02 -1.075509646085960752e-01 -3.199530620574951856e-01 -1.048919504834007754e-01 -2.767404463599791864e-01 -3.326109023094178108e-01 1.121733888222575942e-01 7.801133720542445527e-02 -3.090966196060181415e-01 -1.917804085542984538e-03 1.636783285162846102e-01 -3.268630857467652029e-01
6.957133408180206369e-02 -1.048226810810959087e-01 -3.190738172531127903e-01 -1.033234020338519854e-01 -2.733044067863589222e-01 -3.317656774520874041e-01 1.131592358523725861e-01 8.125975036140439811e-02 -3.122474260330200257e-01 -9.402831826439694840e-05 1.668558230567819545e-01 -3.271673316955566180e-01
6.932721693969275123e-02 -1.020732650535504799e-01 -3.182278938293456871e-01 -1.020149568922615879e-01 -2.697800120609831764e-01 -3.312737388610839662e-01 1.172253195036041529e-01 8.463149554667459551e-02 -3.149221725463867139e-01 1.598866346002092431e-03 1.700402528572940164e-01 -3.274273128509521680e-01
6.909829186053711991e-02 -9.929625651817222676e-02 -3.174426670074462775e-01 -1.007867952205011852e-01 -2.662191814043084470e-01 -3.314120788574218546e-01 1.192054822293685257e-01 8.836489190545962491e-02 -3.158781642913817134e-01 3.090011305063297686e-03 1.732181214875308239e-01 -3.276310367584227556e-01
6.881825668395068207e-02 -9.649670981638572287e-02 -3.166727657318115785e-01 -9.970829416974491544e-02 -2.627518981058402647e-01 -3.315478320121765798e-01 1.208246035154753734e-01 9.188161757325451207e-02 -3.162661476135254501e-01 4.292159859879823847e-03 1.763787835713391816e-01 -3.275799436569214462e-01
6.844887953233735889e-02 -9.371346190548032751e-02 -3.158887739181518439e-01 -9.879101260813116792e-02 -2.594163041023660465e-01 -3.315091772079467591e-01 1.224395824317921488e-01 9.517629874401162260e-02 -3.164977855682372665e-01 5.395253369672864396e-03 1.794997857656137064e-01 -3.273782987594604510e-01
6.803269559196647998e-02 -9.101237413251415942e-02 -3.151231880187989054e-01 -9.800440606203723870e-02 -2.562040956125111180e-01 -3.313643498420715816e-01 1.240054493071782588e-01 9.811610808423573693e-02 -3.168021554946899854e-01 6.392685157318292455e-03 1.825159675274774795e-01 -3.271071786880493937e-01
6.758563290993352402e-02 -8.842214794278446810e-02 -3.143810815811158288e-01 -9.731199698911928431e-02 -2.531015807377088866e-01 -3.311434574127198327e-01 1.254275737132855284e-01 1.006419814488254683e-01 -3.171485967636109016e-01 7.295571444086879076e-03 1.854137030010873932e-01 -3.267976779937745158e-01
6.713286005439410287e-02 -8.599587299682694141e-02 -3.136425848007202699e-01 -9.670665326874217094e-02 -2.501889827986495396e-01 -3.308652634620667388e-01 1.263822867746329237e-01 1.030649420945857625e-01 -3.171114702224732129e-01 8.128555330602943441e-03 1.881591544913560066e-01 -3.264530725479126705e-01
6.666417483607245398e-02 -8.371943112463156589e-02 -3.128812475204468813e-01 -9.618790810285784976e-02 -2.474281272322951808e-01 -3.305477089881898034e-01 1.272286329496983837e-01 1.055665486278417886e-01 -3.169772071838379834e-01 8.891663349969963770e-03 1.908194147095435278e-01 -3.260739822387695996e-01
6.619117029899365678e-02 -8.154604756950174782e-02 -3.121313972473145348e-01 -9.573479114240046606e-02 -2.447696931417364941e-01 -3.302267832756043409e-01 1.279779349318893311e-01 1.080563199025385140e-01 -3.169782943725586999e-01 9.581437962117245188e-03 1.934160604308967635e-01 -3.256867761611939582e-01
6.569045997305672513e-02 -7.947143770835965459e-02 -3.114126081466675466e-01 -9.535582311515727882e-02 -2.421681475320487109e-01 -3.299428839683533621e-01 1.286924389657630730e-01 1.106517094865712980e-01 -3.171831674575806281e-01 1.018954565125686218e-02 1.959633968814131211e-01 -3.253454799652100160e-01
6.516808961255189658e-02 -7.754092256019251561e-02 -3.107312316894531579e-01 -9.507642792135219401e-02 -2.396609537633785092e-01 -3.297159357070923447e-01 1.292288489461461132e-01 1.131951406017284445e-01 -3.173699874877929927e-01 1.069560233398614280e-02 1.984378837339851320e-01 -3.250148077011108527e-01
6.460225206899493366e-02 -7.580489990462650762e-02 -3.100876970291138179e-01 -9.496377495832211690e-02 -2.372889386309096349e-01 -3.295550127029419074e-01 1.295838267063003091e-01 1.156033458063103342e-01 -3.175373287200928263e-01 1.107751559882022563e-02 2.007957675587206114e-01 -3.246951646804809855e-01
6.402552773106094663e-02 -7.414774297782752988e-02 -3.094710512161255589e-01 -9.489108333956847163e-02 -2.349865962875316572e-01 -3.294570417404175666e-01 1.298684942712186319e-01 1.179417327880197264e-01 -3.177421159744261980e-01 1.142778874061231575e-02 2.030546564559390643e-01 -3.244177408218383296e-01
6.347343875412936320e-02 -7.262256671448967527e-02 -3.088815517425537727e-01 -9.488339835666610711e-02 -2.328093314759387411e-01 -3.293817110061645903e-01 1.300675663316250008e-01 1.201694519173093223e-01 -3.179434556961059921e-01 1.173651833139829903e-02 2.051728766527057823e-01 -3.241588134765625573e-01
6.295350403968472119e-02 -7.119332180659426745e-02 -3.083117694854736190e-01 -9.495060213344028166e-02 -2.307237211906559560e-01 -3.293352503776550422e-01 1.301909757229331444e-01 1.222906176200555528e-01 -3.181323261260986524e-01 1.198075482932887958e-02 2.071427873776685580e-01 -3.239261503219604266e-01
6.244772365646927142e-02 -6.985228923875390350e-02 -3.077849597930908954e-01 -9.508402846197600011e-02 -2.287183022743508598e-01 -3.293241543769837021e-01 1.302186108398660780e-01 1.243136930043595434e-01 -3.182992906570435432e-01 1.215150197186097569e-02 2.089943680881963251e-01 -3.237463445663452677e-01
6.195708588257158034e-02 -6.860248387427678174e-02 -3.072610731124877925e-01 -9.526493004890725091e-02 -2.267706102321421502e-01 -3.293067498207092325e-01 1.302087143409589309e-01 1.262818610985706469e-01 -3.184534330368042343e-01 1.227468167775951080e-02 2.107387886959534440e-01 -3.235818929672241717e-01
6.146582917044297878e-02 -6.743083531936922004e-02 -3.067290802001952921e-01 -9.557719702794598149e-02 -2.248646948930258238e-01 -3.292562432289123375e-01 1.301082515228794978e-01 1.281964747131500715e-01 -3.185983390808105331e-01 1.229066886857020646e-02 2.124110717548778893e-01 -3.233825321197509872e-01
6.098314074634351295e-02 -6.636422523413945673e-02 -3.061907978057861746e-01 -9.600067197945055808e-02 -2.230237185322179461e-01 -3.291804571151734082e-01 1.299092080596637722e-01 1.300370527102744367e-01 -3.186723155975342281e-01 1.222337497486002122e-02 2.140445593190828943e-01 -3.231984682083130500e-01
6.051555258880053634e-02 -6.533933706615303871e-02 -3.056007738113403760e-01 -9.649381101881951417e-02 -2.212359046094985182e-01 -3.290565509796143373e-01 1.296380854751824074e-01 1.318104546331009819e-01 -3.186644096374512403e-01 1.208726413140771838e-02 2.157001708763146564e-01 -3.229393262863159975e-01
6.006266248140186559e-02 -6.447794113087615409e-02 -3.049841899871825746e-01 -9.705635361316207466e-02 -2.195078003074815987e-01 -3.288732881546020392e-01 1.293356184431106171e-01 1.335281191544698820e-01 -3.185903139114379945e-01 1.195445656003527035e-02 2.173240399471846052e-01 -3.225658197402954119e-01
5.966827578263823872e-02 -6.402972983643548388e-02 -3.044346971511840971e-01 -9.768893403907183415e-02 -2.178450459155908958e-01 -3.286399049758911284e-01 1.290028956741715027e-01 1.351998446056017489e-01 -3.185063571929931947e-01 1.177748242515652688e-02 2.189209016776393901e-01 -3.220090789794922137e-01
5.927573121471514661e-02 -6.383810294554607967e-02 -3.038748903274536284e-01 -9.845808676763223577e-02 -2.162133441221556485e-01 -3.283497161865234215e-01 1.285883182134584524e-01 1.368579936361282168e-01 -3.184374780654907200e-01 1.157761240259511104e-02 2.204933839157168785e-01 -3.213980407714843723e-01
5.887843855587085451e-02 -6.361326566705952090e-02 -3.032180185317994159e-01 -9.923636846693821567e-02 -2.145942216180958817e-01 -3.279940814971924468e-01 1.282073044640313353e-01 1.384983340504808424e-01 -3.183367319107056614e-01 1.143670325320453318e-02 2.220024290731502647e-01 -3.209001464843750928e-01
5.853952197857137385e-02 -6.350317015069423254e-02 -3.024712867736817357e-01 -9.983016953301741825e-02 -2.130094394539592262e-01 -3.275951166152954452e-01 1.280071066316838257e-01 1.400847355703017383e-01 -3.181839532852173691e-01 1.145093418979575839e-02 2.234353296662092703e-01 -3.204204530715942800e-01
5.829366893096895458e-02 -6.376811864146786357e-02 -3.017006225585937562e-01 -1.001980943109229694e-01 -2.114568516944063115e-01 -3.271685571670532311e-01 1.279976135550525140e-01 1.416192207452770802e-01 -3.179605979919434833e-01 1.164262153177959835e-02 2.247952779649415866e-01 -3.199782390594483883e-01
5.814963331970758598e-02 -6.468412883954564874e-02 -3.009062881469725670e-01 -1.004254733932029020e-01 -2.099390084281050894e-01 -3.267022962570189648e-01 1.280946655963358383e-01 1.431166049619112257e-01 -3.176416034698486546e-01 1.191140667482444571e-02 2.262005137118847098e-01 -3.195639152526855709e-01
5.807495830579358087e-02 -6.607823601697440652e-02 -3.000272388458251616e-01 -1.005465578328965104e-01 -2.084071896383330458e-01 -3.261994524002075346e-01 1.282791235385722928e-01 1.446094308680888618e-01 -3.172273988723754989e-01 1.223543313979977287e-02 2.276211917596452639e-01 -3.191371126174926687e-01
5.808524227361915732e-02 -6.811487383341345569e-02 -2.990894908905028515e-01 -1.005758692267419152e-01 -2.069013943027631086e-01 -3.256727571487426087e-01 1.285352047588908808e-01 1.460782891268457284e-01 -3.167291135787964618e-01 1.251570338749427580e-02 2.290268580392331721e-01 -3.186156721115112611e-01
5.816979565992626278e-02 -7.093542351552875602e-02 -2.980852003097534397e-01 -1.005446167450373268e-01 -2.054089704460048404e-01 -3.251202507019043120e-01 1.288432356703532455e-01 1.475297442045895857e-01 -3.161552257537841304e-01 1.279635150459139392e-02 2.304327462382918801e-01 -3.180735559463500062e-01
5.834723446672981928e-02 -7.466241626577747870e-02 -2.970028467178345011e-01 -1.004541461275655911e-01 -2.039358617236542159e-01 -3.245518655776977734e-01 1.291943480123528831e-01 1.489643268055282077e-01 -3.155269880294800933e-01 1.329732454726052782e-02 2.318067244107229474e-01 -3.176943464279176066e-01
5.860538672369113022e-02 -7.942359224522943517e-02 -2.957932109832763778e-01 -1.003094176673433036e-01 -2.024736182016063646e-01 -3.239886159896850359e-01 1.295877323405491832e-01 1.503853403247255305e-01 -3.148714275360107173e-01 1.399531095360309618e-02 2.331461308478190997e-01 -3.174805850982665989e-01
5.896095169825251586e-02 -8.540120748047236310e-02 -2.945312662124633940e-01 -1.001055931592923359e-01 -2.010159629263053027e-01 -3.234350414276123131e-01 1.300294329639909985e-01 1.517983372230375383e-01 -3.142052812576294207e-01 1.463682821803112544e-02 2.344985755905111269e-01 -3.172747392654419185e-01
5.938670532180217315e-02 -9.257054664865879690e-02 -2.932830209732056881e-01 -9.984504120137524530e-02 -1.995650708572857535e-01 -3.228877038955689227e-01 1.305120960580498091e-01 1.531925581365972677e-01 -3.135490818023682347e-01 1.519493202985224001e-02 2.359095290683776713e-01 -3.171137208938599739e-01
5.985452330050551606e-02 -1.009209205646561108e-01 -2.918854970932006077e-01 -9.954083449713758969e-02 -1.981238147593487042e-01 -3.223348684310912704e-01 1.310549672973974622e-01 1.546029487309891204e-01 -3.129273004531859526e-01 1.571638273230353822e-02 2.372686182251861065e-01 -3.168835515975951256e-01
6.033112108944728436e-02 -1.103539622243446539e-01 -2.905581731796265110e-01 -9.920519904370012076e-02 -1.966696687633266161e-01 -3.217804880142212109e-01 1.316252717368672498e-01 1.559933507726574131e-01 -3.122959680557251261e-01 1.620061068114018316e-02 2.386078788567709275e-01 -3.165756435394287416e-01
6.070020247604883401e-02 -1.212210438711485011e-01 -2.903577442169189005e-01 -9.884591912200811625e-02 -1.952036943033229610e-01 -3.212018222808837864e-01 1.322898536094267441e-01 1.573801939929712623e-01 -3.116616840362549379e-01 1.672032413547647894e-02 2.399493108879139358e-01 -3.161775512695313428e-01
6.078721218694643075e-02 -1.323983608937698286e-01 -2.891916294097900408e-01 -9.839838461485431176e-02 -1.938148836301691047e-01 -3.206456584930419962e-01 1.331292668471096841e-01 1.586827556966228236e-01 -3.110627288818359482e-01 1.736223490157610960e-02 2.412018857619513124e-01 -3.157954425811767551e-01
6.085710884943863752e-02 -1.424796831516444984e-01 -2.869809741973876616e-01 -9.797044682242454783e-02 -1.923456954322259049e-01 -3.201576490402221475e-01 1.338593005727937713e-01 1.600359066594804758e-01 -3.105429048538208558e-01 1.787971634820662709e-02 2.425189708740665695e-01 -3.154655094146729399e-01
6.080216953137475983e-02 -1.520998867839828683e-01 -2.845559568405152118e-01 -9.753828711170989263e-02 -1.908348310157860217e-01 -3.196962995529175622e-01 1.345876575674735953e-01 1.614085631119229758e-01 -3.100314397811890221e-01 1.840789424980473349e-02 2.440890121467373386e-01 -3.152125520706177131e-01
6.064060310922050889e-02 -1.610783227626693404e-01 -2.819359321594238077e-01 -9.711575920057463618e-02 -1.892590184415981480e-01 -3.192844743728637247e-01 1.352986349842638103e-01 1.628018972634529271e-01 -3.095360155105590372e-01 1.903400746613998634e-02 2.458717663238667028e-01 -3.150854940414428151e-01
6.033250817488206019e-02 -1.694795179655681494e-01 -2.790429801940917942e-01 -9.675201725331325497e-02 -1.875807248437166286e-01 -3.189520854949951523e-01 1.359715306492446096e-01 1.642737683848864427e-01 -3.091004819869995202e-01 1.960363976238219813e-02 2.476107175126147364e-01 -3.150069923400878880e-01
5.992542448695625801e-02 -1.774347028937118542e-01 -2.757247371673584579e-01 -9.649282777961235014e-02 -1.857673211729178597e-01 -3.187067003250122488e-01 1.365622537167011097e-01 1.658737090963794680e-01 -3.087613840103149987e-01 1.979838122322222921e-02 2.495002722836021369e-01 -3.149443264007569243e-01
5.947045282858885729e-02 -1.856309861839836872e-01 -2.717179698944092170e-01 -9.631916358792197430e-02 -1.838100735851495027e-01 -3.185563011169433856e-01 1.371175316486304419e-01 1.676352371587552792e-01 -3.085453100204467725e-01 1.969015662976895259e-02 2.514450341544616774e-01 -3.149653453826904426e-01
5.899630704712384432e-02 -1.946279527842371126e-01 -2.666223831176757764e-01 -9.625176732366100274e-02 -1.817056429169460752e-01 -3.185022325515746711e-01 1.375959225423974974e-01 1.695609059540217067e-01 -3.084865159988403049e-01 1.954474336707473503e-02 2.532277861932071827e-01 -3.151038522720336910e-01
5.830533883430927961e-02 -2.040827727701048921e-01 -2.606577606201170294e-01 -9.630885396423420619e-02 -1.794586047672181717e-01 -3.185368080139158731e-01 1.380070294062791803e-01 1.716295403246795859e-01 -3.085821409225463774e-01 1.953757416996886737e-02 2.547341379233495906e-01 -3.151928014755248642e-01
5.722080249583274408e-02 -2.140553570375681725e-01 -2.561115665435791389e-01 -9.649554443426135164e-02 -1.770539825799561373e-01 -3.186422891616821351e-01 1.383663082756353413e-01 1.737771751738445558e-01 -3.087428350448608305e-01 1.976082704272224405e-02 2.564781457162064182e-01 -3.151307172775268395e-01
5.581201040135747027e-02 -2.246831223850763171e-01 -2.526528472900391176e-01 -9.677309062992622835e-02 -1.744435783814024532e-01 -3.188288469314575768e-01 1.386914288080774438e-01 1.760674503166818894e-01 -3.089907236099243559e-01 1.990501050276338724e-02 2.585647182721733661e-01 -3.148539466857910307e-01
5.412283387940841628e-02 -2.365535430435314612e-01 -2.504494781494139843e-01 -9.711675193558144681e-02 -1.717129036777808315e-01 -3.190973777770995112e-01 1.390177956341498988e-01 1.785117374374937116e-01 -3.093835182189940691e-01 1.963603059878190477e-02 2.604064297093512392e-01 -3.138480634689330140e-01
5.204359484419553150e-02 -2.502961120121104943e-01 -2.495804996490478822e-01 -9.749881386024655816e-02 -1.689081788042219867e-01 -3.194019622802734548e-01 1.393780856372880406e-01 1.810860722553097046e-01 -3.098798627853393550e-01 1.890261968747168619e-02 2.614915139499053298e-01 -3.116832132339477646e-01
4.957600325182158485e-02 -2.666850589130471683e-01 -2.497809524536133696e-01 -9.783527495409742591e-02 -1.660225529303352154e-01 -3.197524471282959801e-01 1.398112578344360979e-01 1.837765042238556912e-01 -3.104529161453247754e-01 1.705509507125514690e-02 2.613325781861966512e-01 -3.081009836196900165e-01
4.674159816240206627e-02 -2.857051328084555530e-01 -2.507260818481445441e-01 -9.806590734823143751e-02 -1.631018415477926975e-01 -3.202228183746337886e-01 1.403588667432685566e-01 1.865368904463212685e-01 -3.111473150253296072e-01 1.336039476588554709e-02 2.589663126021684025e-01 -3.024365777969360569e-01
4.381430433297558991e-02 -3.056024756892863903e-01 -2.529017372131348029e-01 -9.818070421285471361e-02 -1.601481334316022243e-01 -3.205745143890381121e-01 1.409377447347593126e-01 1.893631629897965518e-01 -3.117166585922241384e-01 8.791395348119943054e-03 2.526305654675861101e-01 -2.946219558715820752e-01
4.100287696896069006e-02 -3.248172935449349930e-01 -2.550946731567382275e-01 -9.816290480179874767e-02 -1.571301111206732104e-01 -3.207032127380370912e-01 1.415459069750781562e-01 1.922468138990046649e-01 -3.120376176834107063e-01 2.398062938613679251e-03 2.369023827416376349e-01 -2.857202262878418830e-01
3.855426570237933254e-02 -3.421310078711675695e-01 -2.579955978393554950e-01 -9.796784075293259175e-02 -1.540708485747599443e-01 -3.207396335601807036e-01 1.422107130721422252e-01 1.951485351291454839e-01 -3.122824640274046715e-01 -4.207435130218054042e-03 2.170288645052883547e-01 -2.793478269577025497e-01
3.655268477917417852e-02 -3.558581944234694427e-01 -2.620347995758057214e-01 -9.763549314743438789e-02 -1.509390418014812107e-01 -3.207347030639648988e-01 1.429539916001311139e-01 1.981648052389546888e-01 -3.125706739425659908e-01 -1.062663973554133640e-02 1.944391825054202494e-01 -2.746674556732178196e-01
3.496762321737376805e-02 -3.653507958146257062e-01 -2.665555877685547026e-01 -9.723591427846856039e-02 -1.477092742099170297e-01 -3.206880970001221298e-01 1.437299620917693865e-01 2.013090215706507813e-01 -3.128065128326416589e-01 -1.675492436364916377e-02 1.694964780737902021e-01 -2.697151298522949547e-01
3.354286029326898622e-02 -3.715570331401854554e-01 -2.713149757385254768e-01 -9.685123354887223424e-02 -1.443510742297668126e-01 -3.205961151123047914e-01 1.444879640962591916e-01 2.045644732012057987e-01 -3.129409999847411750e-01 -2.738848832405982661e-02 1.457398270003258112e-01 -2.658245201110839284e-01
3.216702462391297923e-02 -3.747518972229962886e-01 -2.766834611892699525e-01 -9.650213669507635983e-02 -1.408502289763861881e-01 -3.204591913223265864e-01 1.452714261263937656e-01 2.079771253223867133e-01 -3.130585975646972829e-01 -3.803405544342157441e-02 1.252715744525136343e-01 -2.690068883895874174e-01
3.101758904892133392e-02 -3.756367527364081749e-01 -2.823355121612549090e-01 -9.610455605009696201e-02 -1.371086780429888186e-01 -3.202371807098388645e-01 1.461740564058918723e-01 2.115936553479227655e-01 -3.130642719268799112e-01 -4.539575309166889172e-02 1.104817212119640346e-01 -2.815793485641479577e-01
2.971934258136451137e-02 -3.748216426237641619e-01 -2.878857536315918009e-01 -9.579483017404535894e-02 -1.330713171162085651e-01 -3.199129171371459801e-01 1.471234569817914117e-01 2.154671069138428263e-01 -3.129481573104858638e-01 -5.212362909652206583e-02 1.010586760182682342e-01 -2.923521227836609060e-01
2.820601536362616138e-02 -3.723009977627898537e-01 -2.927526254653931570e-01 -9.560339883668067529e-02 -1.286351839648410267e-01 -3.194773836135864631e-01 1.480441307303179133e-01 2.197190128068778336e-01 -3.127405757904053174e-01 -5.797556553301191906e-02 9.781314507849908635e-02 -2.980485982894898189e-01
2.644715709335964185e-02 -3.686848784820623837e-01 -2.968412275314331605e-01 -9.553153329747281208e-02 -1.237247326584290652e-01 -3.189052553176880411e-01 1.488581138067581466e-01 2.244491016531123539e-01 -3.123872251510620979e-01 -6.209966655480479020e-02 9.902215879406509047e-02 -3.005340881347656756e-01
2.454918997972284009e-02 -3.644410435165193474e-01 -3.003095359802246955e-01 -9.559248191754533830e-02 -1.184096509348148835e-01 -3.182293815612793897e-01 1.495005742426359363e-01 2.296159514793396084e-01 -3.119433135986329209e-01 -6.389269330723738871e-02 1.030876157654410791e-01 -3.017691774368286839e-01
2.247814276315460158e-02 -3.597185254232860840e-01 -3.032137889862061009e-01 -9.578849780773567024e-02 -1.127946156624648893e-01 -3.174471254348755211e-01 1.500208245918716599e-01 2.353099995123487109e-01 -3.115933389663696484e-01 -6.303709431731997770e-02 1.091905795401438978e-01 -3.007439560890198260e-01
2.039126641613627292e-02 -3.549328154767721344e-01 -3.056448955535889245e-01 -9.602109757889008834e-02 -1.072652886290326457e-01 -3.166722078323364609e-01 1.504342451282040527e-01 2.411641650694094641e-01 -3.114084072113037505e-01 -6.189191062209990768e-02 1.159075809072732666e-01 -3.008372206687927597e-01
1.841465316699736343e-02 -3.502732268248322511e-01 -3.071997375488281778e-01 -9.623105857827060627e-02 -1.019707312478349281e-01 -3.157578010559082826e-01 1.531512451171874456e-01 2.479970955848694592e-01 -3.112457008361816935e-01 -5.999584960937500572e-02 1.217395663261413713e-01 -3.020447201728821418e-01
1.673854729981021777e-02 -3.457732679306504409e-01 -3.079084749221802642e-01 -9.644352231747581328e-02 -9.702197345561475172e-02 -3.148182935714722297e-01 1.532694091796875380e-01 2.536507272720337491e-01 -3.111127681732178685e-01 -5.940502929687489775e-02 1.273995065689086936e-01 -3.028162546157837642e-01
1.552824207057373201e-02 -3.412537141704856669e-01 -3.085570211410523234e-01 -9.657590922470660200e-02 -9.260438552208222207e-02 -3.138811893463135383e-01 1.533513183593749329e-01 2.589551353454589977e-01 -3.109520835876465328e-01 -5.877905273437508682e-02 1.327929639816284590e-01 -3.033314819335938273e-01
1.475738983436167967e-02 -3.366399322482547252e-01 -3.090980787277221031e-01 -9.649033833765208179e-02 -8.862774869634136576e-02 -3.130281133651732772e-01 1.535063476562500973e-01 2.639841628074646729e-01 -3.108055801391600981e-01 -5.803137207031258682e-02 1.380520033836364902e-01 -3.036609096527099205e-01
1.446076243658191846e-02 -3.319581348906769924e-01 -3.096198291778564649e-01 -9.610516059943996492e-02 -8.504952849165083040e-02 -3.121838493347168231e-01 1.538590087890625846e-01 2.687975120544434104e-01 -3.106738872528076456e-01 -5.715856933593741612e-02 1.431795501708984786e-01 -3.040661020278930815e-01
1.450880966647864062e-02 -3.273239454943832061e-01 -3.100992507934570708e-01 -9.542013788286582421e-02 -8.186987056641195637e-02 -3.112531585693359415e-01 1.544781494140625988e-01 2.734536910057068226e-01 -3.105224390029907577e-01 -5.611950683593747852e-02 1.482252144813537842e-01 -3.047553462982178218e-01
1.478991692501398919e-02 -3.228233089945968803e-01 -3.104010505676269571e-01 -9.444222656307380004e-02 -7.908384602421533738e-02 -3.101680870056152672e-01 1.553599853515624796e-01 2.779358196258545632e-01 -3.102628965377807746e-01 -5.497082519531240608e-02 1.530349874496460261e-01 -3.053453989028930837e-01
1.526509426392887864e-02 -3.183633438280232264e-01 -3.105710287094117228e-01 -9.298700340535411002e-02 -7.639737183706231394e-02 -3.089192075729371156e-01 1.564741210937500293e-01 2.822406649589538907e-01 -3.098626775741578077e-01 -5.371447753906260364e-02 1.574291539192199663e-01 -3.056404514312744958e-01
1.579156914771401299e-02 -3.140208765750803765e-01 -3.105259675979614720e-01 -9.137335662527672209e-02 -7.384406120401171281e-02 -3.073556299209594944e-01 1.550608687515812045e-01 2.853936008776976618e-01 -3.092451162338257231e-01 -5.384938599656709235e-02 1.621115596640593792e-01 -3.056163234710693732e-01
1.626805935977627959e-02 -3.098956451329206718e-01 -3.102772445678710911e-01 -9.014841719181376778e-02 -7.168546122654789743e-02 -3.054425640106201434e-01 1.564373434393089290e-01 2.892657439014446608e-01 -3.084772272109985725e-01 -5.268034675792686305e-02 1.659380557608840234e-01 -3.053775806427002082e-01
1.671425004380991397e-02 -3.059809347734341323e-01 -3.099596900939941557e-01 -8.938069846710994248e-02 -7.037865015317554263e-02 -3.034092969894409131e-01 1.579347512398311115e-01 2.928966404522793110e-01 -3.077154941558836732e-01 -5.142792021592682700e-02 1.695785896723464303e-01 -3.050873394012449946e-01
1.712031148100918998e-02 -3.022456754206269136e-01 -3.097186918258667543e-01 -8.874000132440046373e-02 -7.066321459901178659e-02 -3.014392538070678751e-01 1.594948514114405969e-01 2.962547684445349105e-01 -3.069942350387573349e-01 -4.998562910617610627e-02 1.730576798865545440e-01 -3.049339647293091149e-01
1.742451841104061122e-02 -2.987186258983284270e-01 -3.094768686294556148e-01 -8.828219003392326347e-02 -7.311618599258562501e-02 -2.993492956161499796e-01 1.610734792718573338e-01 2.993565512346137991e-01 -3.062795515060425244e-01 -4.833886082172925147e-02 1.764119376661719418e-01 -3.048630352020264001e-01
1.761710624106616052e-02 -2.954422348566101419e-01 -3.092445917129517108e-01 -8.703056498843686484e-02 -7.579579569763096603e-02 -2.937704057693482085e-01 1.625942937864046645e-01 3.020782022722517945e-01 -3.055372829437256188e-01 -4.663883750030480002e-02 1.795699720737695959e-01 -3.048075551986694776e-01
1.761764069354757045e-02 -2.924340784409527050e-01 -3.090358276367187740e-01 -8.621182326995009693e-02 -8.137397588718048302e-02 -2.803089542388916278e-01 1.640428566400162491e-01 3.044744079702723649e-01 -3.048159618377684899e-01 -4.498201199973980019e-02 1.825444803276040362e-01 -3.047324390411376149e-01
1.739670909360713918e-02 -2.896837208078701376e-01 -3.088861770629882098e-01 -8.826860007378430073e-02 -9.007642877058287534e-02 -2.704686088562011093e-01 1.654549688958394937e-01 3.066482296701181776e-01 -3.041836280822754479e-01 -4.338135557606680182e-02 1.853445197426587532e-01 -3.046523685455322372e-01
1.694870594834680527e-02 -2.872217028779170400e-01 -3.087695188522338596e-01 -9.359782615942785489e-02 -1.002545849413487705e-01 -2.634013957977294762e-01 1.668446658759453749e-01 3.086253003743058554e-01 -3.035791559219360169e-01 -4.177878561061532797e-02 1.879403140336247113e-01 -3.045426816940307035e-01
1.632931967708630555e-02 -2.850487136266404709e-01 -3.086855382919311275e-01 -1.025670261015252105e-01 -1.120982945824321869e-01 -2.582408065795898655e-01 1.682646281891246876e-01 3.104304289515630866e-01 -3.030263538360596920e-01 -4.016144864024663586e-02 1.903159024949413747e-01 -3.044240398406983794e-01
1.554933355278707158e-02 -2.831398947165618685e-01 -3.087107343673706206e-01 -1.125684755349670441e-01 -1.250231906833259021e-01 -2.556989879608154159e-01 1.697049380872213686e-01 3.121004059122410856e-01 -3.026580781936645259e-01 -3.854689878201410930e-02 1.924664706391511770e-01 -3.044319028854370335e-01
1.463055372356843881e-02 -2.814615621616851082e-01 -3.088858003616333225e-01 -1.244976810833504505e-01 -1.360333560032351563e-01 -2.554862709045410685e-01 1.711189141519512125e-01 3.135688792147089954e-01 -3.024897356033325324e-01 -3.695919145906208930e-02 1.944079980427869392e-01 -3.046516342163086422e-01
1.366952204628768541e-02 -2.799347218336307175e-01 -3.091863842010498797e-01 -1.374003576418897088e-01 -1.445875275840088070e-01 -2.573803253173828631e-01 1.724670786513907705e-01 3.148145325448379883e-01 -3.024887628555298358e-01 -3.542755018203631867e-02 1.961637635678521174e-01 -3.051042623519897856e-01
1.273318521037330314e-02 -2.786009244900323201e-01 -3.095451135635376438e-01 -1.522927114071240817e-01 -1.518263053612577407e-01 -2.634520454406738543e-01 1.737838068420325399e-01 3.157980930606171244e-01 -3.025474233627319376e-01 -3.390911881366757280e-02 1.976937265834987634e-01 -3.056919355392456183e-01
1.217346615351001804e-02 -2.773353020505616717e-01 -3.097240037918090882e-01 -1.759829871117083722e-01 -1.646305245798208305e-01 -2.702081794738769860e-01 1.750344458922903912e-01 3.165663185719780892e-01 -3.024025125503539968e-01 -3.245267736480324239e-02 1.990271224620949464e-01 -3.061175413131713707e-01
1.158465992915837933e-02 -2.761242888642754245e-01 -3.097996826171875440e-01 -1.885230285227773861e-01 -1.649686568783931828e-01 -2.728372306823730886e-01 1.763460106447287123e-01 3.172444121379494608e-01 -3.021927566528320730e-01 -3.092099905114827074e-02 2.002871365357856703e-01 -3.064665384292603045e-01
1.115544419633053563e-02 -2.748439463682657014e-01 -3.097717447280884384e-01 -1.987827741478080390e-01 -1.607495338516229388e-01 -2.817534513473511359e-01 1.776928080586105130e-01 3.179288276477272301e-01 -3.019575948715211844e-01 -2.935045654275041105e-02 2.015655588446562119e-01 -3.067476005554201079e-01
1.082136753089264769e-02 -2.734552970413962059e-01 -3.096710653305053684e-01 -2.055226001732644026e-01 -1.557417205527638626e-01 -2.928120298385620268e-01 1.790515087875274580e-01 3.186671917536442744e-01 -3.017527503967285529e-01 -2.776816663975077010e-02 2.029214782869523948e-01 -3.070027847290039413e-01
1.053451621914035935e-02 -2.719848686906310431e-01 -3.096436281204224539e-01 -2.094997619989005522e-01 -1.512875264835071565e-01 -3.004196758270264445e-01 1.804354737645869622e-01 3.194586469208078872e-01 -3.017517585754396214e-01 -2.617877410222869267e-02 2.043273926035238386e-01 -3.074006910324098563e-01
9.905459360731241891e-03 -2.707176032760423290e-01 -3.093787212371826856e-01 -2.115390429170583286e-01 -1.474942880613387963e-01 -3.057722849845886937e-01 1.819805066459432852e-01 3.201938552131328164e-01 -3.014107055664063117e-01 -2.447376046256497656e-02 2.056186567811507937e-01 -3.074098129272461177e-01
8.878371333989526493e-03 -2.696616949366755778e-01 -3.089227981567383985e-01 -2.119183093698129849e-01 -1.447777672125373505e-01 -3.090162296295167477e-01 1.837255167268213307e-01 3.208980203445373491e-01 -3.008083934783934987e-01 -2.260946050140134889e-02 2.067468585403407499e-01 -3.070796651840209113e-01
7.447205978415465111e-03 -2.687808959603377734e-01 -3.083675022125242915e-01 -2.106296237263652060e-01 -1.431880856468941143e-01 -3.106635971069334756e-01 1.856313673009387932e-01 3.215397854134216526e-01 -3.000849552154540856e-01 -2.061531413549821945e-02 2.077045336059214486e-01 -3.065670747756957804e-01
5.893686683437510121e-03 -2.679807306585453297e-01 -3.078342027664184855e-01 -2.089643648398391562e-01 -1.421474735246343046e-01 -3.094465298652649410e-01 1.875470520813768416e-01 3.220221995798359660e-01 -2.993455333709716948e-01 -1.860440805399479064e-02 2.085109930566680925e-01 -3.060691518783569820e-01
4.447340799211670082e-03 -2.672067257227661030e-01 -3.074054021835327388e-01 -2.071386793782870051e-01 -1.413022184777093515e-01 -3.085918016433715771e-01 1.894301839711177715e-01 3.224378759400921002e-01 -2.987551136016845521e-01 -1.665985184396873847e-02 2.091736059172255857e-01 -3.056728191375732706e-01
3.113909162540541564e-03 -2.665653774723130698e-01 -3.070141239166259139e-01 -2.058017556429907469e-01 -1.405234894406798829e-01 -3.080285496711730464e-01 1.912157958705650307e-01 3.228061785216805313e-01 -2.982998390197753591e-01 -1.485847896943006535e-02 2.096383890019142826e-01 -3.052937955856322438e-01
1.910886406585286801e-03 -2.660335103960677627e-01 -3.066694850921630744e-01 -2.048066464557991573e-01 -1.400227258680043496e-01 -3.076317591667175333e-01 1.928377650502367813e-01 3.231827004958922611e-01 -2.980332393646240030e-01 -1.325028136502226506e-02 2.099451621759015063e-01 -3.049542732238769149e-01
7.894270150345245041e-04 -2.655872496178904862e-01 -3.063850755691528982e-01 -2.037867297014341883e-01 -1.397193804977800435e-01 -3.073736019134521991e-01 1.942672401312988129e-01 3.237166913027894610e-01 -2.978894157409668897e-01 -1.179998113641989727e-02 2.101486136768805912e-01 -3.046753807067871800e-01
-2.634849822830270805e-04 -2.652552624834168538e-01 -3.061620922088623131e-01 -2.027901333477822587e-01 -1.396218426316212236e-01 -3.072421188354492183e-01 1.955675730947014634e-01 3.242034551087255578e-01 -2.978646059036255123e-01 -1.052731818159759886e-02 2.102215987810918396e-01 -3.044644613265991562e-01
-1.238514755215858187e-03 -2.650633776472794412e-01 -3.060261888504027805e-01 -2.018949961343718680e-01 -1.396705600625310073e-01 -3.072063345909117893e-01 1.967233530436695021e-01 3.246016355354755523e-01 -2.979932756423950835e-01 -9.444061906820615249e-03 2.101660841139122438e-01 -3.043286485671997665e-01
-2.109043943907040752e-03 -2.649654369076321347e-01 -3.059723253250123953e-01 -2.012464339133780145e-01 -1.398878835253375974e-01 -3.072856898307801954e-01 1.977531890891698341e-01 3.249550582116339514e-01 -2.982674283981324725e-01 -8.509500035323032396e-03 2.100236981640606904e-01 -3.042960042953493094e-01
-2.941661143293333724e-03 -2.649450169941109934e-01 -3.059710378646851581e-01 -2.007411327224526421e-01 -1.401960318425699015e-01 -3.074275631904602735e-01 1.986804845442526890e-01 3.252771241330666974e-01 -2.986401433944703143e-01 -7.690030428496308357e-03 2.098077238464760019e-01 -3.043205852508545917e-01
-3.840880961179592157e-03 -2.649541459063248783e-01 -3.059988279342651940e-01 -2.003879056516260082e-01 -1.405200266768627526e-01 -3.075852532386780247e-01 1.995119271372915171e-01 3.255893411972378138e-01 -2.990493125915528738e-01 -6.973667709169413531e-03 2.095862450466816074e-01 -3.043497343063356064e-01
-4.824091494945989544e-03 -2.650259963574772004e-01 -3.060145683288574281e-01 -2.002387155121046203e-01 -1.408192484252214216e-01 -3.076950974464416899e-01 2.001886638061033397e-01 3.258668261781962894e-01 -2.994530553817749130e-01 -6.396244229274310189e-03 2.093626719761887411e-01 -3.043653984069824570e-01
-5.772834101682972063e-03 -2.651131033261341918e-01 -3.060097522735596431e-01 -2.001113886899171246e-01 -1.410716362617520370e-01 -3.077516002655030225e-01 2.008485632243932895e-01 3.261082163576813353e-01 -2.998446483612061120e-01 -5.831089937792979794e-03 2.091118140803027992e-01 -3.043531055450440226e-01
-6.638895548564706373e-03 -2.651837156060861123e-01 -3.059632892608642463e-01 -1.999037126341434156e-01 -1.413296021700332361e-01 -3.077589602470398034e-01 2.015527010256148444e-01 3.262770636889952836e-01 -3.002276391983032533e-01 -5.201199301246878237e-03 2.088035466205013790e-01 -3.043202705383301065e-01
-7.540421971269493928e-03 -2.652899682711974405e-01 -3.059108610153198904e-01 -1.997023186917274429e-01 -1.415687715732958929e-01 -3.077290029525757697e-01 2.022556846903027783e-01 3.263863046796102729e-01 -3.005703182220459957e-01 -4.552094883990866203e-03 2.084909456884049550e-01 -3.042830533981323859e-01
-8.564611634077630431e-03 -2.654132565961509482e-01 -3.058586139678956539e-01 -1.995064645491351207e-01 -1.417407518470864269e-01 -3.077068777084351892e-01 2.029120556120038443e-01 3.264331971962410872e-01 -3.008700485229492405e-01 -3.915870588979804279e-03 2.082180198963185791e-01 -3.042717142105103023e-01
-9.638195649927544517e-03 -2.655334890706526618e-01 -3.057967014312744647e-01 -1.992699217862542449e-01 -1.418454401175038848e-01 -3.077117533683776940e-01 2.035374331758207367e-01 3.264031997391823592e-01 -3.011018819808960467e-01 -3.285807807086364718e-03 2.079893609850519687e-01 -3.042869300842285241e-01
-1.074262930372194697e-02 -2.656169024219711128e-01 -3.057049865722655801e-01 -1.989948074006273604e-01 -1.419277771944215394e-01 -3.077346367835998020e-01 2.041672263418327637e-01 3.263234704610362691e-01 -3.012845630645752948e-01 -2.643777758812942968e-03 2.078183910366086240e-01 -3.043308563232422492e-01
-1.182650527607528868e-02 -2.657070627915760763e-01 -3.055867834091187119e-01 -1.986202383449853504e-01 -1.420171771366083857e-01 -3.077707929611206428e-01 2.048456085128606829e-01 3.262130276385444283e-01 -3.014447851181030757e-01 -1.968743233840067330e-03 2.076680490404174129e-01 -3.043991775512696063e-01
-1.289147313001055145e-02 -2.658088621695338660e-01 -3.054945249557495801e-01 -1.981663423290784820e-01 -1.421107116995325437e-01 -3.078357882499695442e-01 2.055801699806223959e-01 3.260924532644495777e-01 -3.015547342300415878e-01 -1.263641044981160533e-03 2.075311079186651364e-01 -3.044752187728882453e-01
-1.394497707025683930e-02 -2.660017448920112271e-01 -3.054129047393797647e-01 -1.976104780875812539e-01 -1.422081353860454311e-01 -3.079178709983824702e-01 2.063710506840637504e-01 3.259413795802669211e-01 -3.015997714996336843e-01 -5.030904577559489055e-04 2.073934236753485760e-01 -3.045835561752318066e-01
-1.502189933578403080e-02 -2.661994880865698465e-01 -3.053213138580321839e-01 -1.969736659540414769e-01 -1.423037293692603344e-01 -3.080035991668700901e-01 2.072213785787096474e-01 3.257493847374455243e-01 -3.015878791809081805e-01 3.489745548868883329e-04 2.072785601286554757e-01 -3.047303743362426154e-01
-1.614306115270087300e-02 -2.663049574122863805e-01 -3.052367515563965683e-01 -1.962555005179476286e-01 -1.423501771524648685e-01 -3.080940504074097253e-01 2.081668417665726856e-01 3.254953698042005739e-01 -3.015353889465332560e-01 1.340311748541031522e-03 2.072139234822901466e-01 -3.049157590866089507e-01
-1.734863773746232740e-02 -2.662463019052155877e-01 -3.051167411804198704e-01 -1.954408899057941129e-01 -1.423484685720962373e-01 -3.081466813087462842e-01 2.091638216976317577e-01 3.251759163319346557e-01 -3.014013881683349494e-01 2.443962924515215296e-03 2.071721706830867704e-01 -3.050859708786010649e-01
-1.852133110534293081e-02 -2.660028952423831305e-01 -3.049446601867676354e-01 -1.945861410048565499e-01 -1.422859195526105514e-01 -3.081307001113892108e-01 2.102021680268568171e-01 3.249873483343252434e-01 -3.011767978668213330e-01 3.662208307993124190e-03 2.071491767764417347e-01 -3.051872558593750617e-01
-1.955220251011775129e-02 -2.655858311093462487e-01 -3.049262876510621112e-01 -1.935902193839237062e-01 -1.421403455050159748e-01 -3.082468028068543475e-01 2.113255665444322973e-01 3.249893626663112323e-01 -3.010877199172974361e-01 5.003925110976047141e-03 2.071778384885286095e-01 -3.054100389480591815e-01
-2.059249311147297312e-02 -2.649830447230012154e-01 -3.049603958129883940e-01 -1.924883153164949068e-01 -1.419000699944778787e-01 -3.083933753967286751e-01 2.126086741817116432e-01 3.252576296690512514e-01 -3.011072082519532511e-01 6.460776910049335908e-03 2.073031018999622332e-01 -3.056934375762940803e-01
-2.162903344271129014e-02 -2.641306417609372015e-01 -3.050347824096679705e-01 -1.912570558711446933e-01 -1.414998246881376542e-01 -3.085687322616577632e-01 2.141794365613718110e-01 3.256738426270731068e-01 -3.013153667449951501e-01 7.311647047973303393e-03 2.078426335566109229e-01 -3.060428352355957227e-01
-2.261205039970012876e-02 -2.630155968048877857e-01 -3.052029867172241229e-01 -1.899501312273932097e-01 -1.409009432487690061e-01 -3.088521404266357795e-01 2.159305658616622603e-01 3.257136875560296407e-01 -3.017042274475097985e-01 7.984278386257710747e-03 2.087030446441518194e-01 -3.065204925537109437e-01
-2.360164390932463496e-02 -2.617318442488320573e-01 -3.054629583358765554e-01 -1.885611019192690585e-01 -1.401505474176520938e-01 -3.092002983093262714e-01 2.177981364437954204e-01 3.259182201329193784e-01 -3.019152469635010827e-01 8.763964906524354670e-03 2.097752435624998801e-01 -3.071667594909668897e-01
-2.457289132014764399e-02 -2.603753197563594690e-01 -3.058435602188109281e-01 -1.870815042350725266e-01 -1.392911148624682294e-01 -3.096468491554259517e-01 2.198386304018998261e-01 3.264098929497883383e-01 -3.021580095291137580e-01 9.603328698676916186e-03 2.110570712588722697e-01 -3.081121082305908199e-01
-2.552773208349204404e-02 -2.589239973517366566e-01 -3.063261957168579297e-01 -1.854887915726594061e-01 -1.383025581749734723e-01 -3.101923770904541633e-01 2.219132320572969053e-01 3.263108612754606619e-01 -3.023954315185547470e-01 1.037888925708892879e-02 2.124334907267096395e-01 -3.089679594039917432e-01
-2.638130192339748631e-02 -2.572968317861856757e-01 -3.068732042312622976e-01 -1.837818249574848795e-01 -1.372062318495263500e-01 -3.108180923461914547e-01 2.227331089783748663e-01 3.256286528827779247e-01 -3.025140209197998420e-01 1.108125117660168496e-02 2.137430517132835328e-01 -3.093925304412842303e-01
-2.720527274315794747e-02 -2.555067699566222483e-01 -3.074463911056519172e-01 -1.819970826236993744e-01 -1.360301988639693316e-01 -3.115045137405396125e-01 2.217536906893191606e-01 3.247474712841713629e-01 -3.021740741729737056e-01 1.184911109549675878e-02 2.151297882526012617e-01 -3.098290128707886226e-01
-2.800988177908249332e-02 -2.535896644599778815e-01 -3.080216808319091726e-01 -1.801652767169502622e-01 -1.347783505334358978e-01 -3.122380013465881343e-01 2.207778468508733161e-01 3.232119633156276817e-01 -3.007524795532226514e-01 1.289909219577069222e-02 2.165497321009917930e-01 -3.102964086532593035e-01
-2.877225412312758857e-02 -2.515437566351441667e-01 -3.085678024291992338e-01 -1.783175125129460858e-01 -1.334808508677414185e-01 -3.129947609901428396e-01 2.196854243883004099e-01 3.206085757643287182e-01 -2.980131311416626128e-01 1.426029095472076957e-02 2.180415857915262434e-01 -3.109014244079589817e-01
-2.944963790217115795e-02 -2.494341170022359999e-01 -3.090472764968872910e-01 -1.764380376075994628e-01 -1.322066641182943481e-01 -3.137469787597657045e-01 2.172052257192431113e-01 3.162044527880965572e-01 -2.940624732971192090e-01 1.613541176639606001e-02 2.195218505455355795e-01 -3.117389030456543808e-01
-3.007095430127274677e-02 -2.473314337899346349e-01 -3.094522161483765355e-01 -1.744745300668877896e-01 -1.309896041177232573e-01 -3.145054979324341526e-01 2.122718067065013092e-01 3.097073188431788138e-01 -2.884209747314453454e-01 1.850665752962960681e-02 2.210951135855005467e-01 -3.129971857070923402e-01
-3.073934438116990991e-02 -2.452591857855244695e-01 -3.097832031250001283e-01 -1.725459972326192359e-01 -1.297747832752833563e-01 -3.152866382598877859e-01 2.033967628612900758e-01 3.002756283683193361e-01 -2.801109809875489409e-01 2.116817493863738797e-02 2.228583575880852263e-01 -3.148335857391358350e-01
-2.947817411314346964e-02 -2.439021185753858512e-01 -3.101323719024658976e-01 -1.706345461834559707e-01 -1.285564841149366144e-01 -3.160817737579346698e-01 1.884065233743118517e-01 2.872290144877625573e-01 -2.688411254882813184e-01 2.390728903307773323e-02 2.242865088995936729e-01 -3.160167665481568022e-01
-2.713965561014741040e-02 -2.429859113664509518e-01 -3.105387229919434611e-01 -1.687085032663976358e-01 -1.273492383928181981e-01 -3.168921251296997754e-01 1.705883263107884906e-01 2.704592306570918203e-01 -2.543368501663209047e-01 2.660063646109420143e-02 2.251992848669976954e-01 -3.160339708328248065e-01
-2.460393147448122764e-02 -2.422056243675325127e-01 -3.109564895629882142e-01 -1.668004646776062305e-01 -1.260934417503450644e-01 -3.177117891311644904e-01 1.542535788924627171e-01 2.497194636865687489e-01 -2.373838205337524820e-01 2.913621616710110329e-02 2.257484348460872259e-01 -3.150632734298706716e-01
-2.258493800162302001e-02 -2.415668145960955526e-01 -3.113340826034546316e-01 -1.649139174938105135e-01 -1.247504693812517829e-01 -3.185985059738160041e-01 1.373446047683930249e-01 2.233555233978835042e-01 -2.198117561340332260e-01 3.173733859009903596e-02 2.266020314188777196e-01 -3.146986885070800488e-01
-2.142982181525227015e-02 -2.410352449500225980e-01 -3.116227884292602224e-01 -1.628747681043147266e-01 -1.232834978186749669e-01 -3.195567579269409375e-01 1.277213334229706787e-01 1.921297007332799234e-01 -2.030341262817383641e-01 3.439478204991221894e-02 2.280485219363006522e-01 -3.153897733688355576e-01
-2.051264265999394598e-02 -2.400928739677710144e-01 -3.119423265457153538e-01 -1.607565391443687708e-01 -1.214363645683569359e-01 -3.206329984664917365e-01 1.171199756737685421e-01 1.608429057016478037e-01 -1.886362762451172237e-01 3.688852504684168865e-02 2.300033115314129573e-01 -3.164840478897095188e-01
-1.917819630339807901e-02 -2.389830372892521315e-01 -3.123862667083738831e-01 -1.585711406393354450e-01 -1.192229664884709162e-01 -3.218357439041136248e-01 1.057013456204885793e-01 1.294059442901965562e-01 -1.783321495056152395e-01 3.923090131467426439e-02 2.323909777489162054e-01 -3.179285259246826256e-01
-1.769868603237174931e-02 -2.377602889072923942e-01 -3.126100320816040945e-01 -1.562874311495592305e-01 -1.166319701206713078e-01 -3.229715700149536906e-01 9.461932025014069270e-02 9.998724625902365160e-02 -1.757018775939941935e-01 4.159846824171481439e-02 2.351027684260145467e-01 -3.194291276931763290e-01
-1.652941197824622788e-02 -2.366094522680001200e-01 -3.127171678543091415e-01 -1.539162527985586948e-01 -1.136383524144845142e-01 -3.241069478988647945e-01 8.451541335860136839e-02 7.378774301183335660e-02 -1.838680953979492105e-01 4.409755149541642189e-02 2.380738181375960105e-01 -3.209148902893065869e-01
-1.614789900016691537e-02 -2.356928986485730959e-01 -3.126260871887208137e-01 -1.514828599376669138e-01 -1.101635865147840149e-01 -3.251841707229615186e-01 7.569617373641225611e-02 5.135460355741761074e-02 -1.983204669952393639e-01 4.684934973105474298e-02 2.414436351458754126e-01 -3.221225423812867361e-01
-1.703525824335994088e-02 -2.351287580377266762e-01 -3.121812505722045827e-01 -1.490152387121100319e-01 -1.061431775933907307e-01 -3.261740179061889400e-01 6.792075312037498813e-02 3.210002620327820355e-02 -2.158764858245849350e-01 4.965704637346167460e-02 2.451858968125779636e-01 -3.231873388290404936e-01
-1.919197788597212795e-02 -2.351017389015256087e-01 -3.061521120071412083e-01 -1.464762796437844850e-01 -1.014759530738889443e-01 -3.269554395675660086e-01 6.369860842121413680e-02 1.499668686414795324e-02 -2.337047309875489032e-01 5.300010830866086486e-02 2.492514851855097413e-01 -3.241292686462403094e-01
-2.433425512461148688e-02 -2.361648579565394646e-01 -2.981435651779176244e-01 -1.439819602027362366e-01 -9.602579698241830997e-02 -3.275271911621095433e-01 6.743817289571270301e-02 5.321812482533792854e-04 -2.496074409484864698e-01 5.723581420350891402e-02 2.535939877654301289e-01 -3.249528427124024899e-01
-3.213326724435365545e-02 -2.388964939148247313e-01 -2.919841356277466105e-01 -1.414164703693536196e-01 -9.005717659304729450e-02 -3.278770942687988521e-01 7.159858251729622758e-02 -3.108320338709360392e-03 -2.664370460510253613e-01 6.244845186108050755e-02 2.579218422862719073e-01 -3.256696720123291033e-01
-4.268297025634153197e-02 -2.434961706607706167e-01 -2.865308208465575657e-01 -1.387385122485289557e-01 -8.352732147864175283e-02 -3.280554504394531112e-01 7.932969448801410750e-02 -1.375650037032084827e-03 -2.799217863082887892e-01 6.839920559263512612e-02 2.623672851811962303e-01 -3.261835021972658288e-01
-5.810236648295317302e-02 -2.499493490664289330e-01 -2.813740367889402405e-01 -1.359519758579530446e-01 -7.645618500392892258e-02 -3.280799932479856462e-01 8.794821688880179178e-02 5.041445742446505618e-03 -2.903094716072082138e-01 7.103918662465633083e-02 2.688911434562453739e-01 -3.262961406707763357e-01
-6.887217531598960329e-02 -2.626037941016590160e-01 -2.763667221069336377e-01 -1.330835089127300475e-01 -6.879238414668706336e-02 -3.278909273147583292e-01 9.629791163425130418e-02 1.489423735536692106e-02 -2.989248032569885583e-01 7.379443609697791673e-02 2.764860139364098135e-01 -3.259040565490722852e-01
-7.947228062153818828e-02 -2.782958230323837046e-01 -2.717160911560058123e-01 -1.301955464114238903e-01 -6.061853806952051393e-02 -3.273781223297118625e-01 1.027715469720899277e-01 2.293084603959211210e-02 -3.040630955696106419e-01 7.671870240255769524e-02 2.845898591295648594e-01 -3.245627803802491051e-01
-9.146691603184356478e-02 -2.956082349096615380e-01 -2.679654712677000949e-01 -1.272686040812807673e-01 -5.212660725823001912e-02 -3.264053983688353089e-01 1.061298414849330407e-01 3.043012168181592758e-02 -3.066988773345947217e-01 7.968306305643661769e-02 2.920400193922647047e-01 -3.215851659774779936e-01
-1.041023962168208250e-01 -3.133854688601547256e-01 -2.656367034912109903e-01 -1.243242963820192226e-01 -4.333977141188767590e-02 -3.249575634002686009e-01 1.078239638631696140e-01 3.786477685881593086e-02 -3.078135986328125462e-01 8.281599837752935678e-02 2.981684001557063368e-01 -3.167133541107178263e-01
-1.162038373590159046e-01 -3.296910722713910502e-01 -2.654898662567138912e-01 -1.213096844856718093e-01 -3.415319033596158488e-02 -3.233819360733032333e-01 1.087871884572936404e-01 4.579443491539574029e-02 -3.072510714530944931e-01 8.704575522502946971e-02 3.019652773121472289e-01 -3.107351465225219878e-01
-1.279706727106759145e-01 -3.444914028868989453e-01 -2.675966663360596076e-01 -1.183117460945673771e-01 -2.457786534353543356e-02 -3.217228288650513246e-01 1.102621337637679777e-01 5.427012605620229468e-02 -3.059925217628479688e-01 9.318083604340901549e-02 3.033097855267506970e-01 -3.028473587036133452e-01
-1.385651281927719192e-01 -3.560264656215607060e-01 -2.700029487609862944e-01 -1.154504993994180939e-01 -1.484099836631652680e-02 -3.200368375778198105e-01 1.129514988317917995e-01 6.314951665312784623e-02 -3.051346082687378947e-01 1.028390323871762879e-01 3.024307691187034242e-01 -2.920092506408692445e-01
-1.472090161944778208e-01 -3.631378287732255905e-01 -2.783634872436524521e-01 -1.126524987791884397e-01 -5.163178551477680400e-03 -3.184080524444580784e-01 1.162628947144764557e-01 7.213778441582600898e-02 -3.043660039901734393e-01 1.159934695297124285e-01 2.992491781458868072e-01 -2.772922391891480265e-01
-1.526661432519006989e-01 -3.638441449089461766e-01 -2.912994165420533244e-01 -1.098377757029771612e-01 4.372972295131387355e-03 -3.167562026977540079e-01 1.197523862898949853e-01 8.110935938526497857e-02 -3.033670444488525964e-01 1.248872565575314397e-01 2.942211330545868586e-01 -2.589396829605103423e-01
-1.558711393194506800e-01 -3.605096311434720646e-01 -3.030371160507202566e-01 -1.069633869087641964e-01 1.387822499432139756e-02 -3.149799985885620157e-01 1.233237739505335939e-01 9.029241153948763809e-02 -3.021842308044433989e-01 1.186521484588044656e-01 2.884374809273596019e-01 -2.385720796585083237e-01
-1.575705255190953391e-01 -3.551048501612252828e-01 -3.097882480621336754e-01 -1.039854293937884921e-01 2.335515244031943077e-02 -3.128519744873045627e-01 1.271564210330063394e-01 9.979116059658277305e-02 -3.008610172271728445e-01 1.089412400845695128e-01 2.762059172662996720e-01 -2.196742935180664158e-01
-1.579367839865191969e-01 -3.480902833149269182e-01 -3.130310125350954098e-01 -1.006880757653659531e-01 3.271433553245070569e-02 -3.106069345474244958e-01 1.313169187467090604e-01 1.095780913853664773e-01 -2.996901149749756632e-01 9.857815649595302876e-02 2.610817376019340941e-01 -2.081582565307617816e-01
-1.570932965500571044e-01 -3.399985921201414962e-01 -3.140610427856446174e-01 -9.701810333218045812e-02 4.194470989247496562e-02 -3.083144588470460024e-01 1.357626108622538852e-01 1.196412278294547299e-01 -2.988901109695435432e-01 8.840126756883970316e-02 2.443854408153509350e-01 -1.995450325012207982e-01
-1.548602121391556286e-01 -3.300944928713183679e-01 -3.138417024612427109e-01 -9.337251721580035191e-02 5.096576291539237080e-02 -3.059076185226440869e-01 1.403231786740233300e-01 1.299869819306907481e-01 -2.985717601776122776e-01 7.746681097700659768e-02 2.264536074408830257e-01 -1.904168434143066468e-01
-1.516319556362195620e-01 -3.191957312893654031e-01 -3.134923548698425044e-01 -9.093063311635950219e-02 5.854652964505250440e-02 -3.035169143676758052e-01 1.450006495506667437e-01 1.402607404883277620e-01 -2.987270994186401185e-01 6.572173386828418507e-02 2.071294855074914676e-01 -1.811717529296874851e-01
-1.481902545287779316e-01 -3.084615020650056105e-01 -3.136851305961608216e-01 -9.065620225489032236e-02 6.399771525099921810e-02 -3.018220968246459468e-01 1.497047920945633603e-01 1.502159680896040517e-01 -2.993549127578736258e-01 5.355808916648284457e-02 1.870127907287857938e-01 -1.778567142486572883e-01
-1.455709133561976232e-01 -2.980893667625878485e-01 -3.143193502426148700e-01 -9.237813254639282157e-02 6.693563029413121535e-02 -3.004002447128297226e-01 1.543433790556758833e-01 1.596631873176608263e-01 -3.000412149429321218e-01 4.171158829445626576e-02 1.672292284901354120e-01 -1.835193557739258352e-01
-1.434634428387299154e-01 -2.880865697747185816e-01 -3.149051208496094212e-01 -9.422952393248161529e-02 6.609253036779680346e-02 -2.956403417587281091e-01 1.592742526075115739e-01 1.685371511189654170e-01 -3.009676523208618670e-01 3.035280268197101256e-02 1.479357638134813913e-01 -1.995365447998047603e-01
-1.419766041180278715e-01 -2.783792014731563680e-01 -3.157502694129944443e-01 -9.934210458784833997e-02 5.805707457559483586e-02 -2.864984960556030691e-01 1.647032061922713564e-01 1.767421197171071268e-01 -3.022155780792237234e-01 1.963935815550395952e-02 1.296169412152421152e-01 -2.193832511901855908e-01
-1.405077559226426964e-01 -2.692854264665349717e-01 -3.164676351547241473e-01 -1.079860186360123431e-01 4.561738383854277434e-02 -2.805907649993896746e-01 1.700280045781690230e-01 1.845467176219282024e-01 -3.035101385116576456e-01 9.672143894633923600e-03 1.126214019446945408e-01 -2.363642330169677397e-01
-1.391233756010408495e-01 -2.603335454795969728e-01 -3.170682115554810387e-01 -1.179372677037559686e-01 2.927139702037446362e-02 -2.760402221679688628e-01 1.752406727521549634e-01 1.920327410751301866e-01 -3.046603698730469545e-01 6.280219779245602152e-04 9.752635487822458593e-02 -2.507995529174805727e-01
-1.379065387580988844e-01 -2.515762234251018303e-01 -3.175636954307554660e-01 -1.280109215484921403e-01 8.600399963805120673e-03 -2.726162929534911017e-01 1.809726451371218570e-01 1.987834951825722674e-01 -3.054468650817870889e-01 -5.817789441458484645e-03 8.702542061463139356e-02 -2.646868057250976181e-01
-1.368615422600897302e-01 -2.427830950016464095e-01 -3.179707450866699481e-01 -1.376601992194414481e-01 -1.310494123849381687e-02 -2.705582876205444576e-01 1.867789349744635452e-01 2.051564426403730823e-01 -3.060479660034179927e-01 -7.921455548004191494e-03 8.378383178583022339e-02 -2.788476104736328232e-01
-1.359403063433206604e-01 -2.339323327710218781e-01 -3.181407184600831273e-01 -1.484662061316341930e-01 -3.450282496911838415e-02 -2.675556201934815581e-01 1.926348025143695686e-01 2.110644493254672793e-01 -3.063060874938965950e-01 -7.325614505297242673e-03 8.512193660108555160e-02 -2.896176929473878170e-01
-1.350529055768018849e-01 -2.249525106355972359e-01 -3.181696243286132875e-01 -1.617476663048083019e-01 -5.355477098666046321e-02 -2.650002880096435920e-01 1.986119988537476677e-01 2.164673372472310231e-01 -3.064449663162231441e-01 -5.406175504864281500e-03 8.909561111065124328e-02 -2.948182935714721564e-01
-1.340273027818424667e-01 -2.155552100127143822e-01 -3.181844158172608128e-01 -1.760828692474258328e-01 -7.040587232655821925e-02 -2.658773345947266220e-01 2.048108922872214632e-01 2.218794339969814011e-01 -3.065637464523314759e-01 -2.913540830143029892e-03 9.411069341224043150e-02 -2.969364542961120401e-01
-1.320837462681361818e-01 -2.064701617282162782e-01 -3.182372541427611057e-01 -1.925679555665401610e-01 -8.336064880769275542e-02 -2.669769687652586709e-01 2.107906044457367456e-01 2.272724960086891233e-01 -3.064212532043457116e-01 5.263027882169979410e-04 1.003699411393411955e-01 -2.989193434715270992e-01
-1.293316877317962632e-01 -1.976516099617136035e-01 -3.184743185043335534e-01 -2.110192806796621079e-01 -8.984984670040298271e-02 -2.680497283935547315e-01 2.165264257246403146e-01 2.306932296631131751e-01 -3.062536735534668320e-01 5.029829528162582664e-03 1.074982448191862672e-01 -3.022966642379761315e-01
-1.259098169614493445e-01 -1.893946991623924325e-01 -3.189928550720214639e-01 -2.287161636270207965e-01 -9.109695862761063578e-02 -2.706294555664062740e-01 2.216461965406950618e-01 2.329414020159843446e-01 -3.057870168685913326e-01 1.009179916759654627e-02 1.139254518475410205e-01 -3.043099613189697572e-01
-1.220412400739676606e-01 -1.815198408448391310e-01 -3.196164388656615452e-01 -2.473173017112816896e-01 -8.727834278437239524e-02 -2.796931524276732306e-01 2.262517134721201972e-01 2.346385449707342197e-01 -3.046094245910644926e-01 1.611350236720992396e-02 1.203931110330441617e-01 -3.052770299911499174e-01
-1.179272903962812619e-01 -1.739117701652315717e-01 -3.202079124450683545e-01 -2.678876370987099964e-01 -7.958798474068529138e-02 -2.855406589508057147e-01 2.306306550744625650e-01 2.351948217211909387e-01 -3.023767967224120223e-01 2.321653278729136904e-02 1.270765330639290203e-01 -3.061169166564940425e-01
-1.136273107160275103e-01 -1.665042296910907438e-01 -3.205721921920776096e-01 -2.716070470441527274e-01 -6.679066767937205662e-02 -2.956253166198730131e-01 2.345782081945014252e-01 2.337919465466527513e-01 -2.991474266052245867e-01 3.118488579809218508e-02 1.336150177084395319e-01 -3.069489068984985192e-01
-1.068236795734780059e-01 -1.620624204284999148e-01 -3.206281347274779203e-01 -2.715508524250406230e-01 -5.306061989139063129e-02 -3.101328821182249840e-01 2.377592019812787560e-01 2.300898468862018764e-01 -2.947208614349365319e-01 3.978303564221893907e-02 1.398054179448429135e-01 -3.079617424011230620e-01
-1.000929454229351478e-01 -1.578270538149540436e-01 -3.201189823150635827e-01 -2.704556163213727715e-01 -4.352746275050092817e-02 -3.222695941925049490e-01 2.401335501754943980e-01 2.231659669806303758e-01 -2.890006275177002815e-01 4.888204393716931440e-02 1.455439199069596679e-01 -3.088919849395752593e-01
-9.345793425490328543e-02 -1.538208002703527200e-01 -3.193616170883179506e-01 -2.683389157002158409e-01 -3.691897531918082731e-02 -3.281567187309265554e-01 2.412267679661478370e-01 2.116314123376035194e-01 -2.833457393646240940e-01 5.845173817002281835e-02 1.506460056713306850e-01 -3.095781965255737789e-01
-8.703402282999542217e-02 -1.500931245101844724e-01 -3.185430212020874952e-01 -2.617172503690577967e-01 -3.115873730315327217e-02 -3.282806153297425089e-01 2.413563980705248913e-01 1.943054851800749272e-01 -2.791294355392456850e-01 6.815952182085721622e-02 1.549968431832725035e-01 -3.101845474243165035e-01
-8.077281344213924075e-02 -1.468663127010385594e-01 -3.173572940826416278e-01 -2.539001327780767148e-01 -2.558845015221042352e-02 -3.283616585731506388e-01 2.399420231920177671e-01 1.718510514153460123e-01 -2.757715768814086865e-01 7.791650671461594624e-02 1.586726263505273404e-01 -3.106593770980835001e-01
-7.568029503736090069e-02 -1.441960022398019459e-01 -3.160603208541870046e-01 -2.470092745295482672e-01 -2.208854984722377623e-02 -3.291287941932678485e-01 2.364589927004641656e-01 1.462394076499979045e-01 -2.738707942962646524e-01 8.769171058483898884e-02 1.617720983430799564e-01 -3.112941713333129967e-01
-7.150739186806234771e-02 -1.422209384591408832e-01 -3.145722169876098984e-01 -2.396773137430628919e-01 -1.832576634000024352e-02 -3.293844218254090017e-01 2.303585085130275545e-01 1.180748888721971368e-01 -2.737096090316772923e-01 9.716210019522902863e-02 1.642405719899845962e-01 -3.118825311660767263e-01
-6.759623848689702563e-02 -1.410639680852716349e-01 -3.129258317947388179e-01 -2.329584211040845731e-01 -1.487146320245909259e-02 -3.298083801269531823e-01 2.219305605568074324e-01 8.598600684641677372e-02 -2.759381599426270482e-01 1.062743505351195772e-01 1.661454502891422380e-01 -3.123825473785400986e-01
-6.447236650158263971e-02 -1.407278731038332231e-01 -3.111551113128662172e-01 -2.267355500953323333e-01 -1.161102129719260301e-02 -3.300456852912903027e-01 2.106956679496259366e-01 5.465017595811390294e-02 -2.790420837402344256e-01 1.151174799611284494e-01 1.675160041140411338e-01 -3.128766841888427908e-01
-6.261459776964745094e-02 -1.411933146360296321e-01 -3.092712421417236346e-01 -2.210525860508973373e-01 -8.562546813763879938e-03 -3.302730078697204696e-01 1.992749132075710417e-01 2.446718468004059621e-02 -2.821413679122923845e-01 1.237449506833597501e-01 1.684602802126830279e-01 -3.134856767654417564e-01
-6.245454044040658209e-02 -1.424455791758201528e-01 -3.071723718643188938e-01 -2.153159906357194897e-01 -5.776755933632624074e-03 -3.304932661056518839e-01 1.872521465033205046e-01 -2.452389577122196518e-03 -2.859627790451049201e-01 1.321723459914403986e-01 1.690413594358552429e-01 -3.140181894302367382e-01
-6.466008268094945721e-02 -1.445437247955776994e-01 -3.046518106460571751e-01 -2.098430660793871305e-01 -3.381523867843322373e-03 -3.305955524444580407e-01 1.778322779915252616e-01 -2.383647894795554167e-02 -2.911715049743651695e-01 1.406814561065833913e-01 1.693435806450874770e-01 -3.145581312179564493e-01
-7.067407206703504863e-02 -1.477541287095507083e-01 -2.995388336181640798e-01 -2.045205076139101907e-01 -1.176339402910051013e-03 -3.306496996879577654e-01 1.703932814964081444e-01 -4.169086407815213169e-02 -2.958878059387207160e-01 1.495062678589513250e-01 1.693179159569702386e-01 -3.152251977920532133e-01
-8.177784235618715258e-02 -1.505304446881965408e-01 -2.917324705123902073e-01 -1.994138286843116781e-01 1.159954481725483655e-03 -3.307625265121461045e-01 1.644214991461797060e-01 -5.544178404021892631e-02 -2.994830102920533199e-01 1.587363281576242013e-01 1.689807935661155891e-01 -3.162674732208252681e-01
-9.655153646774319864e-02 -1.518250103863333922e-01 -2.832842273712159464e-01 -1.946766585380557968e-01 3.702516469135302968e-03 -3.307124729156495357e-01 1.605021353792984162e-01 -6.420549604636098528e-02 -3.017517681121826278e-01 1.681131406312006416e-01 1.680458400644028738e-01 -3.174121112823486413e-01
-1.144201912933779375e-01 -1.525765463500525498e-01 -2.750643844604491184e-01 -1.897309823090028158e-01 6.248130163619275423e-03 -3.305649633407591881e-01 1.615025073597579075e-01 -6.430605838185024514e-02 -3.059976167678833403e-01 1.774214101723233517e-01 1.663988622751309543e-01 -3.181575031280517996e-01
-1.353877937345162874e-01 -1.517573134633339038e-01 -2.670947380065918364e-01 -1.846949226407665345e-01 9.224986341353658137e-03 -3.299693412780762003e-01 1.664794298641182890e-01 -6.330153335538057924e-02 -3.090194482803345077e-01 1.869228221470125018e-01 1.641692788274491943e-01 -3.182850856781005988e-01
-1.596125224102769302e-01 -1.483935459497239817e-01 -2.599325103759764222e-01 -1.793475077618394697e-01 1.281638447019788074e-02 -3.290871019363402206e-01 1.719561628246946139e-01 -6.151651965057131077e-02 -3.103057308197020303e-01 1.962814926089687384e-01 1.616947747478211794e-01 -3.177749509811400030e-01
-1.872585045407992588e-01 -1.422156001453958041e-01 -2.545081539154052663e-01 -1.736037193845491600e-01 1.694312177843233791e-02 -3.279573793411254545e-01 1.780739222254266174e-01 -5.922125968157852111e-02 -3.103673620223998952e-01 2.049147859696338614e-01 1.599753332211889256e-01 -3.166014690399169829e-01
-2.174662880500724538e-01 -1.316846422561441243e-01 -2.515532131195069021e-01 -1.674236855110100841e-01 2.147835212862147375e-02 -3.266283388137817822e-01 1.847775969651204164e-01 -5.650976417817756697e-02 -3.101685400009155935e-01 2.129003035811072309e-01 1.597816850230265595e-01 -3.146775217056275165e-01
-2.427986756569381899e-01 -1.318910883799571665e-01 -2.509199447631836333e-01 -1.609165379897810610e-01 2.610839583133468811e-02 -3.253707666397094855e-01 1.917340749935731170e-01 -5.356753894556924578e-02 -3.101527662277223096e-01 2.195565051354420039e-01 1.614514196571195104e-01 -3.121011991500856064e-01
-2.676848077410216020e-01 -1.308234096648537848e-01 -2.521937675476075835e-01 -1.539876395878943260e-01 3.097005196709325114e-02 -3.242226715087892508e-01 1.989743538570046544e-01 -5.043469868428923641e-02 -3.098388118743896080e-01 2.235779765206261926e-01 1.645150946984932638e-01 -3.088532085418700390e-01
-2.922451827794467216e-01 -1.284459880296580647e-01 -2.553935546875000240e-01 -1.470977710380945713e-01 3.607004482339411927e-02 -3.229757471084594989e-01 2.062695872351355819e-01 -4.723004433978725269e-02 -3.092970628738404004e-01 2.204725473177962247e-01 1.665274193494187815e-01 -3.046041507720947950e-01
-3.156722467608437666e-01 -1.250170904102201330e-01 -2.604869098663328830e-01 -1.399472501217558784e-01 4.089035403288011905e-02 -3.220978660583495023e-01 2.134761209490560752e-01 -4.412715955628417064e-02 -3.085940189361571218e-01 2.117706018796291501e-01 1.672100141945654372e-01 -2.997387142181395236e-01
-3.366098136184275669e-01 -1.206646701619469575e-01 -2.676246185302733616e-01 -1.325321602556550904e-01 4.538503473296715690e-02 -3.212531490325926664e-01 2.206219611369578115e-01 -4.116279978753832614e-02 -3.078206415176391597e-01 1.993999394867331243e-01 1.655819088248013382e-01 -2.928958530426025719e-01
-3.515599051588101376e-01 -1.145390320213667823e-01 -2.741149873733521036e-01 -1.249016177627935015e-01 4.949336037302034391e-02 -3.204101915359497399e-01 2.280744239525867301e-01 -3.855878612380200798e-02 -3.071693534851074880e-01 1.847030867464278803e-01 1.614224863059807724e-01 -2.823444433212281002e-01
-3.618072851436940907e-01 -1.066283112801461319e-01 -2.797105998992920339e-01 -1.168072072697441538e-01 5.284956850142198681e-02 -3.194761247634888002e-01 2.359538672939215376e-01 -3.663590250736940834e-02 -3.065701789855957426e-01 1.663914185480979135e-01 1.534886486528861116e-01 -2.703239555358886714e-01
-3.675738481193956408e-01 -9.823999629121912824e-02 -2.853785247802734792e-01 -1.084978993848041418e-01 5.552861465762746335e-02 -3.184827346801758496e-01 2.440775512583848450e-01 -3.542270649068098021e-02 -3.059117574691773145e-01 1.428400321910463511e-01 1.408332216468069220e-01 -2.592310256958008097e-01
-3.673729937044524219e-01 -8.902974387758375019e-02 -2.927418584823608949e-01 -9.997851800996829241e-02 5.774058120523392623e-02 -3.181114311218262158e-01 2.523478583444396239e-01 -3.462514496260343799e-02 -3.057856245040894150e-01 1.188602865155550803e-01 1.266526905192870145e-01 -2.541484088897705829e-01
-3.629958318677345974e-01 -7.973134850723320732e-02 -2.983389110565185520e-01 -9.136617389012179069e-02 5.974745525792325707e-02 -3.177758951187133474e-01 2.607505987886148402e-01 -3.412898563910722605e-02 -3.058541269302368359e-01 9.731836997034812309e-02 1.128758006505363454e-01 -2.589437980651855264e-01
-3.590991409333931239e-01 -7.083045911407444273e-02 -3.028999729156494070e-01 -8.147017862823144330e-02 6.090836022064538557e-02 -3.180996580123901518e-01 2.693498273385837027e-01 -3.392940086541390565e-02 -3.060953683853150920e-01 7.810893384466841005e-02 9.993477299814329529e-02 -2.692870159149171050e-01
-3.541360512694066709e-01 -6.229441429027903626e-02 -3.066760654449462997e-01 -7.420159990425366503e-02 6.289640862036832702e-02 -3.175285358428954763e-01 2.782824974744110280e-01 -3.393718237640427904e-02 -3.064138145446776429e-01 6.301141420310170382e-02 8.955708069051487863e-02 -2.806210250854491162e-01
-3.483801197850466824e-01 -5.397037706268088819e-02 -3.095090312957762824e-01 -6.535096860687593379e-02 6.398257322842855477e-02 -3.165792198181151540e-01 2.873714199871055808e-01 -3.419247057437491133e-02 -3.065160961151122132e-01 5.101622306337492974e-02 8.140223416106072418e-02 -2.891340894699095942e-01
-3.423277208395419935e-01 -4.581056453268611550e-02 -3.116586227416991983e-01 -5.620790168000747850e-02 6.483538171836707165e-02 -3.154881591796875329e-01 2.964469840340441253e-01 -3.467760630978811154e-02 -3.065642137527466171e-01 4.613866938286929897e-02 7.729300262583269077e-02 -2.945426840782165434e-01
-3.360231883662337937e-01 -3.802588985387495707e-02 -3.133580703735350248e-01 -4.762970698798101032e-02 6.491557911317342999e-02 -3.144655151367186097e-01 3.053630518169353492e-01 -3.536105813298273670e-02 -3.066002244949340705e-01 4.884083300233144076e-02 7.689094384861039355e-02 -2.978679962158202743e-01
-3.295682469978161722e-01 -3.036209118839893265e-02 -3.148051900863647057e-01 -4.043515581162325512e-02 6.485189789353108802e-02 -3.134268255233764733e-01 3.140204910831739804e-01 -3.621584951417033960e-02 -3.067692012786865097e-01 5.664236505537230404e-02 7.867961896447836501e-02 -2.998308463096618359e-01
-3.230852664168628041e-01 -2.273699306646998278e-02 -3.158561677932739675e-01 -3.457255888317818660e-02 6.509978651865205856e-02 -3.124130887985230309e-01 3.223750172987212004e-01 -3.723562482577195965e-02 -3.070362825393677109e-01 6.577018276930562957e-02 8.087933314113848748e-02 -2.997710366249085046e-01
-3.165024704288680879e-01 -1.561261537043893283e-02 -3.167048807144163813e-01 -2.992023236793588808e-02 6.573404067014462782e-02 -3.113466377258299889e-01 3.302575592041616104e-01 -3.852457891587172945e-02 -3.072395868301390776e-01 7.413473841473355863e-02 8.252387783804904231e-02 -3.005504698753355686e-01
-3.099276002332432833e-01 -9.708215205194652142e-03 -3.174182243347166144e-01 -2.738275009115958419e-02 6.624581292475982541e-02 -3.098726291656492271e-01 3.374260219704561248e-01 -4.016883448568785153e-02 -3.071973342895507053e-01 8.209399373178785653e-02 8.374547657996377070e-02 -3.021589560508727290e-01
-3.035079177620630952e-01 -4.494021466430631051e-03 -3.179600353240967792e-01 -2.750078054422983032e-02 6.628033154588908182e-02 -3.079326362609864365e-01 3.439392152463539576e-01 -4.210153770792386674e-02 -3.069411535263061319e-01 8.954901098900783230e-02 8.475396746739619069e-02 -3.037392468452453365e-01
-2.971540929946109855e-01 4.892009139809833096e-04 -3.184661645889281800e-01 -2.950405203244190963e-02 6.301183905983785694e-02 -2.973858232498168275e-01 3.498354185086441359e-01 -4.431822015651923352e-02 -3.066150350570678862e-01 9.685172508281124359e-02 8.553553939604313650e-02 -3.052504820823669918e-01
-2.907390995201998285e-01 5.191255703041762481e-03 -3.188313264846802664e-01 -3.875846165088694950e-02 6.309007400175188629e-02 -2.864930171966553751e-01 3.552495906569494988e-01 -4.688467431579328160e-02 -3.060692710876465883e-01 1.042702980780626232e-01 8.586224896720560940e-02 -3.061171932220460024e-01
-2.842631514322709330e-01 1.021624970646122649e-02 -3.189820833206178929e-01 -5.028472424533650398e-02 6.495440606792242388e-02 -2.790641756057741230e-01 3.607515401484229223e-01 -4.965126118667410882e-02 -3.052027387619019594e-01 1.118378288539101650e-01 8.571226564068115672e-02 -3.063408632278443178e-01
-2.776926301281866238e-01 1.630441765974809804e-02 -3.188358993530274188e-01 -6.352734804188259199e-02 6.767619772206681650e-02 -2.717729635238648189e-01 3.659709297757343660e-01 -5.261054749249831353e-02 -3.038557453155518173e-01 1.194022814648798003e-01 8.523394935348058143e-02 -3.061678714752197883e-01
-2.707694524401075276e-01 2.326470253197501781e-02 -3.184580011367798558e-01 -7.755364528401965940e-02 7.341611548007002941e-02 -2.657529945373535707e-01 3.701689459789374026e-01 -5.575590024833378122e-02 -3.021178503036499596e-01 1.271850835576315286e-01 8.441861002464043362e-02 -3.056743736267090727e-01
-2.639921625514460857e-01 2.908271908901313707e-02 -3.181519289016724317e-01 -9.201874370918816659e-02 8.069862020461401886e-02 -2.608856983184815181e-01 3.722748698783550636e-01 -5.906267404739938554e-02 -3.004928035736083025e-01 1.347536271721691548e-01 8.297192791999158379e-02 -3.053324956893920250e-01
-2.574601997834845557e-01 3.365584204340890673e-02 -3.178967208862303329e-01 -1.066911660989536270e-01 8.854246495508309722e-02 -2.566948623657225315e-01 3.729024726670836509e-01 -6.273097783084358170e-02 -2.989517707824707049e-01 1.419708713271053413e-01 8.089058258125422785e-02 -3.051502866744995046e-01
-2.511060080496847480e-01 3.751825778782882925e-02 -3.177491350173949347e-01 -1.210446656564161810e-01 9.687147669517406912e-02 -2.530556983947753191e-01 3.718540319064418953e-01 -6.682697741392458479e-02 -2.975666971206665234e-01 1.488720453191918480e-01 7.821691042452565135e-02 -3.052655382156372332e-01
-2.449443968895730073e-01 4.073673968771972936e-02 -3.177201766967773233e-01 -1.350803422432917122e-01 1.055908293287528971e-01 -2.498254032135009683e-01 3.688380824327252561e-01 -7.146343725939952041e-02 -2.963078327178956251e-01 1.554214302007994042e-01 7.488758406295484282e-02 -3.055391712188721964e-01
-2.390330093125575817e-01 4.345858220341630718e-02 -3.177605886459350937e-01 -1.485212667952312826e-01 1.145484246306652937e-01 -2.468602962493897102e-01 3.636064088551357876e-01 -7.695568500606689288e-02 -2.950811929702757963e-01 1.616803706553112396e-01 7.078631353287412331e-02 -3.060381193161010316e-01
-2.333757563291463666e-01 4.603586103441016653e-02 -3.178253669738768661e-01 -1.568937041153662393e-01 1.300846524644662383e-01 -2.444099922180175688e-01 3.536201358132051165e-01 -8.299296628157419586e-02 -2.936274356842041300e-01 1.676498151914800616e-01 6.560030140005272681e-02 -3.065792436599731885e-01
-2.278999563771720027e-01 4.846186069371513638e-02 -3.178840656280517707e-01 -1.608312844689562537e-01 1.521532783699440228e-01 -2.416888065338135272e-01 3.403468665835032714e-01 -9.077286229051281796e-02 -2.913116283416748442e-01 1.733465440477769959e-01 5.933827709282607499e-02 -3.070900459289551132e-01
-2.234558378677049817e-01 4.913652498838703975e-02 -3.178481884002685720e-01 -1.588816191177044590e-01 1.762440384161214346e-01 -2.400586624145508163e-01 3.218102087120480737e-01 -9.846031652096305653e-02 -2.886357517242430504e-01 1.785853520708282904e-01 5.222698721543246603e-02 -3.075926370620726824e-01
-2.218325212181400385e-01 4.470966836496958335e-02 -3.177194328308105553e-01 -1.522995622337652288e-01 2.005874149470008305e-01 -2.404892749786377015e-01 2.995406820987150942e-01 -1.058365753029611306e-01 -2.855623407363891975e-01 1.831779978465011283e-01 4.457945914516935060e-02 -3.080958909988403827e-01
-2.207263687813002528e-01 4.000639339171409986e-02 -3.173206443786621977e-01 -1.429413346016128461e-01 2.222020110674953475e-01 -2.438132591247559322e-01 2.745470298314455770e-01 -1.124788411880079247e-01 -2.832459516525268062e-01 1.872366793862059453e-01 3.646604024856436865e-02 -3.084281940460204541e-01
-2.198546832760138459e-01 3.502669271664159145e-02 -3.169927616119384561e-01 -1.318176959713264762e-01 2.387907765789463177e-01 -2.516382427215576034e-01 2.481455339437476926e-01 -1.181109963317410888e-01 -2.824071569442748730e-01 1.909242594434057694e-01 2.794780499102500482e-02 -3.088914222717284996e-01
-2.191589311456525746e-01 2.978146277611223858e-02 -3.167520494461059100e-01 -1.194930375909650233e-01 2.514048224562879241e-01 -2.635321350097655779e-01 2.188499336262980099e-01 -1.231773453252647532e-01 -2.820256967544556570e-01 1.942377202678726711e-01 1.920474500837418205e-02 -3.095543069839478689e-01
-2.185694456146172471e-01 2.416172365096180830e-02 -3.164729518890381232e-01 -1.141197385833670336e-01 2.787216906919773862e-01 -2.739128990173340661e-01 1.862473588228380217e-01 -1.258389903253132602e-01 -2.820119113922119891e-01 1.972912095353291650e-01 1.017277237620452246e-02 -3.105518264770508186e-01
-2.181014112639339253e-01 1.848771089710059268e-02 -3.161101408004760582e-01 -1.157101759123716350e-01 2.961565493980770625e-01 -2.691319389343261315e-01 1.535514434912997606e-01 -1.259833734334558364e-01 -2.828104610443116229e-01 2.000549967137976171e-01 8.184909650651092661e-04 -3.122241945266724383e-01
-2.178329203920832124e-01 1.248581712056548443e-02 -3.156097860336303240e-01 -1.124827006655209904e-01 3.083661042909755512e-01 -2.712626762390136226e-01 1.210303432213474667e-01 -1.248472516294666101e-01 -2.837874431610107884e-01 2.025522033709401815e-01 -8.768655940748971978e-03 -3.141843433380127615e-01
-2.175446394704588782e-01 6.219229185815189354e-03 -3.151351089477539280e-01 -1.082434920095212139e-01 3.217898811938719184e-01 -2.760221309661865519e-01 8.900351995491039003e-02 -1.228472087649280231e-01 -2.857012505531311142e-01 2.047922801155503680e-01 -1.883515553365122663e-02 -3.154033298492431858e-01
-2.172229352967956495e-01 -2.723264953108511799e-04 -3.146228857040405114e-01 -1.060073591249206665e-01 3.365578164795426375e-01 -2.814712972640990851e-01 5.864641775746202990e-02 -1.205984464355066843e-01 -2.872987885475158376e-01 2.068699193547437754e-01 -2.985761431885269185e-02 -3.157193012237548557e-01
-2.169706863728746438e-01 -7.276145333635783419e-03 -3.139427824020386559e-01 -1.046403641072495005e-01 3.529326673799872971e-01 -2.869201488494873553e-01 3.122331517413018398e-02 -1.175680708972403343e-01 -2.874408407211304639e-01 2.086275609729272285e-01 -4.176979375303387088e-02 -3.153099889755249796e-01
-2.170050912330222237e-01 -1.449236767957408356e-02 -3.127933378219605043e-01 -1.037577767798968098e-01 3.681312475853185662e-01 -2.935604019165039547e-01 7.581750004354882722e-03 -1.121394805599553457e-01 -2.850513811111450857e-01 2.099900886352144003e-01 -5.452164608371193322e-02 -3.149094696044922315e-01
-2.175470410698547852e-01 -2.126312338306426963e-02 -3.109163780212402806e-01 -1.022235547417299495e-01 3.774904700617599529e-01 -3.029053325653076612e-01 -9.503029245454763796e-03 -1.069306119328903987e-01 -2.852267284393310565e-01 2.109175612443974224e-01 -6.831133908893843865e-02 -3.148373193740844900e-01
-2.189369790635390389e-01 -2.568811250493639731e-02 -3.082842512130739010e-01 -9.708456207135157667e-02 3.855532967968214875e-01 -3.144241900444031956e-01 -1.566734470062365603e-02 -1.040324273751999928e-01 -2.885259814262390310e-01 2.111692926501112233e-01 -8.324393423361986510e-02 -3.152422828674316668e-01
-2.205831672581164971e-01 -2.735691459446433493e-02 -3.054713983535766175e-01 -9.093607253155391867e-02 3.803425177785824673e-01 -3.230848975181579430e-01 -1.696831215450608776e-02 -1.071428429708450869e-01 -2.902817482948302219e-01 2.107477502072968023e-01 -9.956325781830917265e-02 -3.154644603729246932e-01
-2.216536407908283879e-01 -2.610143210097935762e-02 -3.014132900238037926e-01 -8.795491032207827797e-02 3.724135520298800239e-01 -3.223031682968140466e-01 -1.698492057185847087e-02 -1.151296897147834342e-01 -2.920481033325196263e-01 2.095460846166772584e-01 -1.167774740684245499e-01 -3.149864549636841593e-01
-2.212621710842145872e-01 -1.649909666213326964e-02 -2.873880023956298935e-01 -8.267489081077730728e-02 3.609588501152104500e-01 -3.209134240150451900e-01 -1.662474596751570971e-02 -1.264343466515411296e-01 -2.922894330024719545e-01 2.077559046009566923e-01 -1.344614399223530987e-01 -3.136601705551147479e-01
-2.181225115804686088e-01 -2.361916992207641064e-03 -2.753015060424804927e-01 -7.890754576015657218e-02 3.525151582031048614e-01 -3.189885206222534131e-01 -1.513409037831118381e-02 -1.387071755102419757e-01 -2.937101979255676287e-01 2.054465076897006026e-01 -1.522667563076930408e-01 -3.119491167068481619e-01
-2.117191585359597394e-01 1.897863173085091726e-02 -2.630724735260010494e-01 -7.381547201252214307e-02 3.448734681566322235e-01 -3.172885913848877970e-01 -1.230100010442697345e-02 -1.498042277265512756e-01 -2.951520128250122998e-01 2.031312204844499814e-01 -1.695615073450469912e-01 -3.097082967758179595e-01
-2.033451008627336076e-01 4.705607291806671033e-02 -2.551091690063476136e-01 -6.787256668304611495e-02 3.370346343194338679e-01 -3.149517459869384806e-01 -8.229193991988140167e-03 -1.596048405911731916e-01 -2.958592314720154826e-01 2.010977176943045674e-01 -1.857479787262384108e-01 -3.069120759963990253e-01
-1.937663616105224362e-01 7.893500959909532932e-02 -2.514183063507081095e-01 -6.165820731364760054e-02 3.290538908246813388e-01 -3.134065074920655003e-01 -3.487620984768888266e-03 -1.693231191363402388e-01 -2.964515275955200146e-01 2.057237334618292057e-01 -1.962557618752024668e-01 -3.040612525939941357e-01
-1.833881585332056419e-01 1.130091934254033453e-01 -2.504243297576903560e-01 -5.564291927539338767e-02 3.206556091358526150e-01 -3.116738600730895037e-01 1.295821757809706432e-03 -1.789602395141772773e-01 -2.965966672897339396e-01 2.117064832448448397e-01 -2.062369922788193088e-01 -3.012878818511963153e-01
-1.932852916396034237e-01 1.273874559058561229e-01 -2.512145538330077255e-01 -4.938982525075244490e-02 3.116230715990878086e-01 -3.104241342544554749e-01 6.078155743318117143e-03 -1.884986260452238271e-01 -2.966502161026001172e-01 2.169398308423167165e-01 -2.152874050460597544e-01 -2.981865186691284308e-01
-2.040291551960198013e-01 1.425613798048708247e-01 -2.531346054077149299e-01 -4.312234122583513685e-02 3.025917214842577252e-01 -3.098120899200439982e-01 1.096924580384435466e-02 -1.979066877212094511e-01 -2.967467279434204963e-01 2.186511530184981345e-01 -2.212378782050602732e-01 -2.939204711914062962e-01
-2.161529245753868456e-01 1.593133709116759111e-01 -2.557584114074707982e-01 -3.704313373924436603e-02 2.936522235366045841e-01 -3.089726753234863788e-01 1.584033636274431722e-02 -2.071884429283779860e-01 -2.969036931991576589e-01 2.150291035911072457e-01 -2.244793120827170974e-01 -2.875428028106689071e-01
-2.290963852647925070e-01 1.765182236195729781e-01 -2.574108667373658510e-01 -3.197133888410313984e-02 2.847694248217726987e-01 -3.081570453643799889e-01 2.016152403348803190e-02 -2.163689252896591753e-01 -2.971173496246338197e-01 2.075153192618995057e-01 -2.255132211262381448e-01 -2.793235702514648700e-01
-2.435331649209719063e-01 1.948628486591504616e-01 -2.575171442031860547e-01 -2.762129266226190372e-02 2.754323825879356757e-01 -3.077551598548889378e-01 2.385863302461455060e-02 -2.254592450025136585e-01 -2.970961446762083735e-01 1.968207695415522263e-01 -2.221381154968067873e-01 -2.714917392730711865e-01
-2.580852659405508120e-01 2.124055486523848402e-01 -2.597007818222045739e-01 -2.379097179774447568e-02 2.659045471132311933e-01 -3.074979610443115408e-01 2.703143158668300239e-02 -2.345037733376966471e-01 -2.968408842086793231e-01 1.839810166765402932e-01 -2.117276608422130335e-01 -2.654129047393800067e-01
-2.708914996163676037e-01 2.271547682431435122e-01 -2.638049287796020992e-01 -2.029919824084566726e-02 2.565077951362798037e-01 -3.072117943763733039e-01 2.986177158608505078e-02 -2.437429919810506218e-01 -2.968745775222777494e-01 1.698690365356936294e-01 -1.934162130548739977e-01 -2.616574783325194553e-01
-2.802484895711030433e-01 2.375200976532416408e-01 -2.697304983139039436e-01 -1.711565248187989219e-02 2.462109165630317065e-01 -3.078000493049622976e-01 3.248616806008992886e-02 -2.532728110606581873e-01 -2.973667545318604555e-01 1.542712519824743223e-01 -1.704734336976443110e-01 -2.587420291900636160e-01
-2.855781399846391011e-01 2.431086109872822310e-01 -2.763467521667481441e-01 -1.409119612903382557e-02 2.363369453558186173e-01 -3.079086894989014334e-01 3.495135763793523476e-02 -2.629077843941280412e-01 -2.977797193527222386e-01 1.384346306015289962e-01 -1.446075577197790674e-01 -2.561656780242920761e-01
-2.870185249029626462e-01 2.439588924679499393e-01 -2.859020109176636515e-01 -1.140110231693111653e-02 2.261483137176323599e-01 -3.081768913269044008e-01 3.730943991601071152e-02 -2.725979666846954363e-01 -2.981122846603394549e-01 1.207494337405438101e-01 -1.162089081258620982e-01 -2.526130838394166078e-01
-2.852482351471337108e-01 2.406490975596524695e-01 -2.958151836395264134e-01 -9.005545305247303345e-03 2.156003758313474461e-01 -3.087817354202271325e-01 3.964847486511469121e-02 -2.824339771481317873e-01 -2.985859127044678263e-01 1.038665269298510163e-01 -8.874015522255856991e-02 -2.523981637954712531e-01
-2.817787375965234431e-01 2.348866552250486739e-01 -3.013231153488158953e-01 -6.856172929152318241e-03 2.047670303431965433e-01 -3.091947336196899099e-01 4.217745299554855054e-02 -2.927226006638114497e-01 -2.992218465805052130e-01 8.912010370082781852e-02 -6.382815999627240722e-02 -2.547817058563230930e-01
-2.766659728459264223e-01 2.268375451103153417e-01 -3.027834815979004723e-01 -4.535715936911294266e-03 1.935858289789553766e-01 -3.097212905883789391e-01 4.501041072781340746e-02 -3.035829235113778335e-01 -2.999796934127808012e-01 7.626752547388927772e-02 -4.095204622833548136e-02 -2.581119318008423535e-01
-2.703464595182900054e-01 2.171736038887819298e-01 -3.037332315444946640e-01 -1.814671128454792282e-03 1.823098399542952275e-01 -3.099807424545288348e-01 4.825622524411758707e-02 -3.148800442082573259e-01 -3.007907505035400941e-01 7.127743096279945401e-02 -2.038894083019557324e-02 -2.617112536430359349e-01
-2.637324401450635292e-01 2.064239878640317660e-01 -3.048120183944702521e-01 1.352942709603927041e-03 1.712509269234658849e-01 -3.097008962631225826e-01 5.184465941645247100e-02 -3.265236335686032554e-01 -3.016191692352294118e-01 7.210513738790431948e-02 -4.558593150717694942e-03 -2.679158730506896458e-01
-2.572132526848000533e-01 1.945977602047489485e-01 -3.055741519927978045e-01 4.144751662257056823e-03 1.563124245039770321e-01 -3.110390920639037882e-01 5.554094095684428134e-02 -3.384645982901778316e-01 -3.023485107421876039e-01 7.485381274806396368e-02 6.215074505604874927e-03 -2.746776218414307413e-01
-2.507702277520660328e-01 1.814457895945101040e-01 -3.062927598953247843e-01 7.015462044802994734e-03 1.464051392445200050e-01 -3.097197122573853156e-01 5.889536470729099527e-02 -3.502221730696342128e-01 -3.026619548797608306e-01 7.759275621305811166e-02 1.022952644569433134e-02 -2.807547278404236568e-01
-2.443935341261243843e-01 1.674762846927065063e-01 -3.069098682403564871e-01 9.699603385658485399e-03 1.344254081882181318e-01 -3.081361646652222563e-01 6.152057031059043890e-02 -3.613649327653586929e-01 -3.023291082382202899e-01 8.018246625555311424e-02 6.488677242470899248e-03 -2.853619165420532844e-01
-2.377518939788622054e-01 1.528728833693093203e-01 -3.075984449386596764e-01 1.166392352350395512e-02 1.235544906137309995e-01 -3.065362424850464063e-01 6.386516183005706837e-02 -3.719108797103058972e-01 -3.014556903839111235e-01 8.310060093135254733e-02 -3.387041377641165224e-03 -2.890784974098205562e-01
-2.307986739832557643e-01 1.379392074489129150e-01 -3.081892318725586444e-01 1.233877571992673949e-02 1.148711690788261491e-01 -3.045798702239990718e-01 6.608881203911859403e-02 -3.827606465277157977e-01 -2.998380012512207315e-01 8.608508087105509743e-02 -1.445575761105562934e-02 -2.898255343437195486e-01
-2.234818836350609128e-01 1.229238169137996106e-01 -3.086101694107055704e-01 1.137102537544960879e-02 1.080489605243948881e-01 -3.006679697036743204e-01 6.803511447011115210e-02 -3.918620437542421064e-01 -2.971529359817504656e-01 8.895350535731179342e-02 -2.646289488374832521e-02 -2.899868817329406823e-01
-2.159002981194428905e-01 1.078864468279210620e-01 -3.087123603820799422e-01 8.147771406503641345e-03 1.060797195634818196e-01 -2.879530925750731218e-01 6.948342690026701463e-02 -3.957515546052890465e-01 -2.935561866760253991e-01 9.160842659142977296e-02 -3.915861366695833762e-02 -2.910349984169006143e-01
-2.079948148529550678e-01 9.319694828203546610e-02 -3.083703393936157999e-01 1.147190110172863209e-03 1.159817129218932430e-01 -2.704982299804687962e-01 7.100186081110344827e-02 -3.935073616208921710e-01 -2.892234535217285685e-01 9.494333746855415646e-02 -5.177274462362670138e-02 -2.920480580329895548e-01
-1.996706861418167389e-01 7.926890441197387283e-02 -3.076240081787110503e-01 -1.205138430576947750e-02 1.333315191070395811e-01 -2.587699193954469123e-01 7.276257352508834486e-02 -3.844536360220010551e-01 -2.837058801651001216e-01 9.918470137798772457e-02 -6.362886904555686840e-02 -2.926232261657715217e-01
-1.908846005589178996e-01 6.597380119517795571e-02 -3.066776533126831517e-01 -3.194442273683063133e-02 1.531654409309216591e-01 -2.539001579284668741e-01 7.414227852407817565e-02 -3.697474710219204597e-01 -2.760490484237671516e-01 1.041865635282591546e-01 -7.534541549978568398e-02 -2.930210585594177908e-01
-1.817777841191835220e-01 5.335507690662490143e-02 -3.058250637054443777e-01 -5.803855434604165281e-02 1.730443421937535309e-01 -2.558802242279053507e-01 7.395467778075827392e-02 -3.498372427441301946e-01 -2.671895713806152761e-01 1.096576209615587050e-01 -8.675105053105902631e-02 -2.933192343711853445e-01
-1.723629564800665814e-01 4.157808099083466075e-02 -3.053460855484008696e-01 -8.659884242511634023e-02 1.921389262951732069e-01 -2.578040666580200257e-01 7.321845864225504097e-02 -3.274085724044151768e-01 -2.599374217987060476e-01 1.153657189384307002e-01 -9.793691549747275682e-02 -2.938419361114502082e-01
-1.627784668068326113e-01 3.082593054227034807e-02 -3.051573104858398278e-01 -1.167156022969673829e-01 2.121893620136842129e-01 -2.598787374496459579e-01 6.523143769177300322e-02 -3.026898323623945508e-01 -2.551802558898926820e-01 1.211271474075558963e-01 -1.089260178445964344e-01 -2.945954246520997022e-01
-1.530222650205261825e-01 2.116104411863607010e-02 -3.054230422973632786e-01 -1.483731434443290309e-01 2.300754908230338014e-01 -2.617132253646849982e-01 5.109730504260660833e-02 -2.792712918529682287e-01 -2.520480461120606086e-01 1.270925652437036868e-01 -1.195833249646155172e-01 -2.959570474624634850e-01
-1.430915407175212539e-01 1.240918421314054360e-02 -3.061482782363891819e-01 -1.790963254791995973e-01 2.462955137225130708e-01 -2.630549449920654426e-01 3.801893778874710500e-02 -2.532828882367216261e-01 -2.496258707046508651e-01 1.332371702729291951e-01 -1.299150738179685183e-01 -2.979175157546997132e-01
-1.329504572523921846e-01 4.466931596690239259e-03 -3.074742002487183545e-01 -2.088046728504628358e-01 2.592063445724775428e-01 -2.664164705276489964e-01 2.649742014530389461e-02 -2.260520995954740930e-01 -2.482921571731568355e-01 1.398540394825091571e-01 -1.399940293174678219e-01 -3.005044431686402229e-01
-1.225846150409205249e-01 -2.750310869952879433e-03 -3.090534944534302220e-01 -2.355862139353430695e-01 2.695569295424122824e-01 -2.748829526901245268e-01 1.652876068319197173e-02 -1.989962426200448942e-01 -2.485415954589843546e-01 1.468891229216193750e-01 -1.499348516908493023e-01 -3.034043045043944287e-01
-1.119901567412644738e-01 -9.254141658754565236e-03 -3.107333202362060343e-01 -2.542591134425580823e-01 2.751796248744622364e-01 -2.873110837936401207e-01 7.763467788529480884e-03 -1.731591668214212953e-01 -2.502289457321166810e-01 1.541868899112170399e-01 -1.599472355800342915e-01 -3.064447612762450923e-01
-1.011738079612473362e-01 -1.525825985908459137e-02 -3.124718351364135782e-01 -2.620621085778840897e-01 2.752148232741882250e-01 -3.034795494079589595e-01 3.104072216991507482e-04 -1.494839894286265902e-01 -2.537605686187743848e-01 1.619139625903852076e-01 -1.698823121310512052e-01 -3.095835323333739897e-01
-9.006516009371334786e-02 -2.091485326969216504e-02 -3.138845367431640221e-01 -2.628914451094676585e-01 2.712886956855817822e-01 -3.159459347724914435e-01 -6.416771004960200586e-03 -1.275773224086188817e-01 -2.596184368133545584e-01 1.699826248757175806e-01 -1.796137630311049060e-01 -3.126902265548706650e-01
-7.960273568533393629e-02 -2.595860037098925155e-02 -3.146437473297120091e-01 -2.586606764084770638e-01 2.628974599967723869e-01 -3.249223108291626749e-01 -1.219836775237713444e-02 -1.087457579009712683e-01 -2.670050926208497044e-01 1.783647387470585488e-01 -1.891226676521381989e-01 -3.155851478576661151e-01
-7.085473773948096354e-02 -3.006498940831402872e-02 -3.147466726303099760e-01 -2.511982689311227923e-01 2.517841777520509194e-01 -3.304742784500121489e-01 -1.654554241723777547e-02 -9.432950074935983475e-02 -2.727614040374756188e-01 1.870225714912824855e-01 -1.983274485459201042e-01 -3.178994579315185809e-01
-6.381111145753767810e-02 -3.336164118578505144e-02 -3.142076511383056769e-01 -2.426972307758695768e-01 2.403423366592457588e-01 -3.344253249168396280e-01 -1.896861885328250674e-02 -8.535026897977329718e-02 -2.754284877777100071e-01 1.959710086996253042e-01 -2.075705350153383422e-01 -3.196313495635986768e-01
-5.905663154327819853e-02 -3.571718773974331268e-02 -3.126443786621094789e-01 -2.334401681851822896e-01 2.298993807402188172e-01 -3.367899818420411195e-01 -1.890724813115472400e-02 -8.270893082432027865e-02 -2.791519398689269460e-01 2.051677297225106000e-01 -2.172165804270485001e-01 -3.206246538162231263e-01
-5.691915498476155660e-02 -3.723607890158717876e-02 -3.088447017669677663e-01 -2.243040848477068083e-01 2.200119313632499796e-01 -3.375751156806945930e-01 -1.670254619085309589e-02 -8.506758745531997623e-02 -2.848174448013305882e-01 2.142780102943603882e-01 -2.270348740609688665e-01 -3.204321737289428929e-01
-6.025618029500456191e-02 -3.735946611833532854e-02 -2.996891326904297381e-01 -2.154664123773519790e-01 2.102919482349767943e-01 -3.379217023849487855e-01 -1.268453202363796495e-02 -9.112538080924244277e-02 -2.908057875633240363e-01 2.233325342999847307e-01 -2.363843686527682397e-01 -3.191648168563843702e-01
-6.846289184256759697e-02 -3.646958537967677494e-02 -2.891436786651612190e-01 -2.059138368686112830e-01 2.011895858179331142e-01 -3.378786106109620269e-01 -6.451666829172607309e-03 -1.010349971599495411e-01 -2.960992331504821440e-01 2.323811463733833071e-01 -2.445991059602570239e-01 -3.171089811325072949e-01
-8.263152951443861194e-02 -3.469190433900945503e-02 -2.770742340087891109e-01 -1.960272110091113018e-01 1.924900708170735886e-01 -3.374671239852905513e-01 8.968524105005676317e-04 -1.119113644449493267e-01 -2.995539445877075657e-01 2.412023281605154001e-01 -2.512927800974509296e-01 -3.144496078491211266e-01
-1.028183269127429245e-01 -3.232153338547565091e-02 -2.679213542938234105e-01 -1.861873133043825401e-01 1.842440038732556518e-01 -3.366363019943238721e-01 9.043566458509316730e-03 -1.228915500235131519e-01 -3.022079319953918652e-01 2.498380323923127255e-01 -2.560501864360376634e-01 -3.114095325469971032e-01
-1.270070722449446465e-01 -2.989520863296185951e-02 -2.625779170989990252e-01 -1.763473098288491081e-01 1.765860886916087169e-01 -3.354518623352050755e-01 1.793985384144720224e-02 -1.334468497242337348e-01 -3.047339935302734726e-01 2.580037374002594475e-01 -2.586986857181343691e-01 -3.082210988998413392e-01
-1.539175871673030271e-01 -2.770412147327563218e-02 -2.597461051940918031e-01 -1.664983546044999374e-01 1.695486630051759314e-01 -3.339575262069702233e-01 2.766295594174888323e-02 -1.431055485623823897e-01 -3.066324491500855842e-01 2.653700127675828191e-01 -2.592242741434487296e-01 -3.050405521392823283e-01
-1.826693113997281681e-01 -2.584246587209795831e-02 -2.584473152160644549e-01 -1.566918198432749321e-01 1.631576272622478341e-01 -3.322258968353271613e-01 3.851906083624243721e-02 -1.518040649301954093e-01 -3.069775600433349849e-01 2.722693449581039538e-01 -2.575791554594760169e-01 -3.018407077789306836e-01
-2.134597512403730302e-01 -2.413711919151053861e-02 -2.590865249633789169e-01 -1.470446876426936833e-01 1.573699941765215327e-01 -3.300979299545288015e-01 5.079411048037582588e-02 -1.598232959658844599e-01 -3.065866918563842636e-01 2.783911777766014395e-01 -2.523192521746844275e-01 -2.983611745834350848e-01
-2.454996783824946460e-01 -2.250191826683920968e-02 -2.614725608825683723e-01 -1.376389898517832999e-01 1.523369075079761825e-01 -3.277896947860717836e-01 6.469338319763670575e-02 -1.668486711125247990e-01 -3.059517068862914191e-01 2.827332189630823445e-01 -2.411130276459388933e-01 -2.944545669555662659e-01
-2.791066280023585255e-01 -2.078730062810243626e-02 -2.639257545471191957e-01 -1.286085171262612570e-01 1.480185369611415058e-01 -3.253655786514282333e-01 8.060006690042879895e-02 -1.723990006869554892e-01 -3.050000114440918342e-01 2.839177772425264257e-01 -2.235607885877183565e-01 -2.897670240402221986e-01
-3.115244167290659449e-01 -1.969582875933032981e-02 -2.672710437774657999e-01 -1.200593715297792047e-01 1.441280099820041738e-01 -3.230353279113769016e-01 9.738985255786627993e-02 -1.761812961219233475e-01 -3.039080209732056281e-01 2.821825504315005340e-01 -1.993653186577708791e-01 -2.851860351562500728e-01
-3.389868372946363007e-01 -1.981921196836436416e-02 -2.686572093963622287e-01 -1.116071504220800120e-01 1.405607781197634465e-01 -3.207996625900267906e-01 1.139126855821254169e-01 -1.784410020753375847e-01 -3.026907796859740762e-01 2.770966297067364859e-01 -1.703260838753781758e-01 -2.811146993637084202e-01
-3.609534345535747590e-01 -2.127669579355836657e-02 -2.725715227127076257e-01 -1.028505745248641384e-01 1.371519910327781977e-01 -3.186487884521485014e-01 1.301401024970530451e-01 -1.795411775108140262e-01 -3.014823932647704985e-01 2.686431314725176156e-01 -1.392800571280919941e-01 -2.774332828521728356e-01
-3.783584913346936807e-01 -2.455484819500935306e-02 -2.786375112533569509e-01 -9.348661296763674522e-02 1.335138501562236624e-01 -3.165390987396240474e-01 1.459164853524188010e-01 -1.801456337787185613e-01 -3.005160923004150386e-01 2.569098787099381997e-01 -1.080759290031115816e-01 -2.759455175399780358e-01
-3.871094085372974170e-01 -2.871516496348857500e-02 -2.856289262771605775e-01 -8.341594145379092884e-02 1.302967385527635802e-01 -3.144256801605224139e-01 1.612052088101571523e-01 -1.804031107332129125e-01 -2.996871109008789613e-01 2.413147551696780413e-01 -7.429549311935611244e-02 -2.775146312713623331e-01
-3.863737170027200518e-01 -3.369011385412248871e-02 -2.969385499954223517e-01 -7.315017823069232261e-02 1.276848437906615841e-01 -3.124512023925781201e-01 1.764205185016637090e-01 -1.801368620267890797e-01 -2.992269773483276496e-01 2.201005574775522222e-01 -4.233242094875312722e-02 -2.785625905990600781e-01
-3.812403264489285792e-01 -3.926307297939219537e-02 -3.045882387161253924e-01 -6.305962718091784325e-02 1.253400436030309706e-01 -3.104710741043089639e-01 1.916247850706138400e-01 -1.792942004214533869e-01 -2.991093416213987943e-01 1.961476689175833121e-01 -1.225665182405658027e-02 -2.785138912200926242e-01
-3.733179216111131016e-01 -4.539105676575178744e-02 -3.089971942901611479e-01 -5.325835976867314414e-02 1.232964556984280508e-01 -3.088946456909180127e-01 2.064889788546210858e-01 -1.775543080004476915e-01 -2.996418876647949370e-01 1.726569062133343768e-01 1.524886517021893650e-02 -2.793906612396240829e-01
-3.630053037376678726e-01 -5.156828594795201393e-02 -3.113972301483154403e-01 -4.312834664521339456e-02 1.219375787752053769e-01 -3.073418111801147212e-01 2.214568677135695385e-01 -1.752168468774548682e-01 -3.005776853561400452e-01 1.511809446086112563e-01 4.064894438919573055e-02 -2.805883760452269060e-01
-3.505178676329946397e-01 -5.763757881044492826e-02 -3.126208944320678640e-01 -3.315914562020198797e-02 1.208634262462651709e-01 -3.056495733261108128e-01 2.370086643401682069e-01 -1.719852590242714196e-01 -3.019683666229248664e-01 1.322657449763764981e-01 6.475709855382522084e-02 -2.811708374023438317e-01
-3.366669010297323461e-01 -6.411198495690281773e-02 -3.133515043258666699e-01 -2.455852337484189588e-02 1.190434191487446114e-01 -3.037682790756225382e-01 2.528578148761773114e-01 -1.680311839032173904e-01 -3.034500379562377614e-01 1.199479919889224755e-01 8.303778361427763266e-02 -2.852851743698119891e-01
-3.222963523136695430e-01 -7.024366321668112922e-02 -3.142292375564574303e-01 -1.833551772590710782e-02 1.160079895495894631e-01 -3.016636390686034397e-01 2.684959871651977359e-01 -1.629891507386570793e-01 -3.045702095031738721e-01 1.117881674534763059e-01 9.568913532712462755e-02 -2.892412014007568755e-01
-3.082332743460734492e-01 -7.646854768736560670e-02 -3.154173870086670606e-01 -1.783596605649587219e-02 1.134882605307079573e-01 -2.991567916870118138e-01 2.832751774991761340e-01 -1.570227406179937057e-01 -3.051180763244629723e-01 1.077832083116262024e-01 1.043859915813691308e-01 -2.905312175750733306e-01
-2.944225255419345433e-01 -8.245096889094943871e-02 -3.160435361862183323e-01 -2.438657967255137074e-02 1.114764648581872963e-01 -2.950996227264404692e-01 2.969286604917447669e-01 -1.494489138153973218e-01 -3.047341079711913259e-01 1.098859556134586246e-01 1.093874065413894536e-01 -2.913875789642333403e-01
-2.807444528401693007e-01 -8.808092939356537698e-02 -3.158989067077636603e-01 -3.680694594768472994e-02 1.068786664038052781e-01 -2.847230978012084690e-01 3.089604180982792880e-01 -1.406928269133471132e-01 -3.026822824478149210e-01 1.182866226123742148e-01 1.102082093298114990e-01 -2.942920894622802486e-01
-2.670996589539096910e-01 -9.351923051710026025e-02 -3.146363992691041389e-01 -5.496340251568153368e-02 1.008225733403121105e-01 -2.741851062774659509e-01 3.194315795006140712e-01 -1.307179733540446698e-01 -2.984000892639161462e-01 1.285793591791220825e-01 1.076128704646143186e-01 -2.964735670089723163e-01
-2.533732926943862984e-01 -9.906177457832004984e-02 -3.122799844741820929e-01 -7.782865998171438482e-02 9.117243215046831606e-02 -2.649170894622802641e-01 3.268067914670469976e-01 -1.280540162674157767e-01 -2.915278120040894483e-01 1.393524329361422731e-01 1.047219974991636382e-01 -2.975868816375733528e-01
-2.397005110941855532e-01 -1.043336231975064976e-01 -3.094526262283325835e-01 -1.071664283550536195e-01 7.963023096704660575e-02 -2.597447700500489232e-01 3.325729603453449479e-01 -1.243818267044867337e-01 -2.824470682144165634e-01 1.498204766401844967e-01 1.018659433020872168e-01 -2.976059789657593546e-01
-2.260818858548523658e-01 -1.094933200439757864e-01 -3.064513893127440158e-01 -1.399571203804829689e-01 6.713088294356664432e-02 -2.604735965728758873e-01 3.367436488123922156e-01 -1.161712745540904590e-01 -2.711324329376220699e-01 1.592177554928426719e-01 9.948568836370765001e-02 -2.960398836135864631e-01
-2.125789222604349549e-01 -1.138850797301030338e-01 -3.036700267791748176e-01 -1.743734475782708071e-01 5.257367148959313230e-02 -2.648915739059448660e-01 3.393420712254917038e-01 -1.027249270099715728e-01 -2.571643991470337065e-01 1.688191780320633939e-01 9.711521645511721201e-02 -2.945860023498535485e-01
-1.994590913350589578e-01 -1.171363957417974749e-01 -3.014571113586425044e-01 -2.074008395942970595e-01 3.647388890495233127e-02 -2.630684299468993848e-01 3.400447869796048295e-01 -9.067610498905903649e-02 -2.406773109436035618e-01 1.786444754693179426e-01 9.510613873718914979e-02 -2.935942144393921538e-01
-1.868427020088062052e-01 -1.191486125789289752e-01 -3.000660772323607839e-01 -2.387437611282752226e-01 2.057418039432662438e-02 -2.601322288513183145e-01 3.362058195244688186e-01 -9.152934405052642886e-02 -2.227552051544189615e-01 1.887699444653479219e-01 9.347452163272861048e-02 -2.929909272193908509e-01
-1.746564064729764498e-01 -1.200331176443065473e-01 -2.992950458526612012e-01 -2.696567002772280452e-01 3.501483778962907745e-03 -2.589014453887940048e-01 3.264453372777227913e-01 -9.313912306132920982e-02 -2.064631338119507220e-01 1.991004694659077590e-01 9.235327902162970837e-02 -2.927725429534912549e-01
-1.630725618392581955e-01 -1.197642732697803969e-01 -2.991393156051634916e-01 -2.998314503705062917e-01 -1.366461889812844999e-02 -2.610248346328735147e-01 3.116203756741636743e-01 -9.481031465677169923e-02 -1.932491512298584457e-01 2.094893564550695531e-01 9.203235816330253283e-02 -2.930950613021851003e-01
-1.520835932447315852e-01 -1.186418533243535078e-01 -2.996007843017579053e-01 -3.288894291310320850e-01 -2.862290743933723625e-02 -2.670061655044556614e-01 2.934386808328559026e-01 -9.510006058784181704e-02 -1.826167602539063850e-01 2.198026266562880249e-01 9.237126674069708054e-02 -2.940472002029420606e-01
-1.415913095190823312e-01 -1.169863436954504954e-01 -3.002527637481690603e-01 -3.571559980120425637e-01 -4.244037136261849530e-02 -2.740787382125855487e-01 2.731182930890354021e-01 -9.377423703737786109e-02 -1.763926239013672292e-01 2.300669307923387530e-01 9.301705073320923334e-02 -2.951701564788818399e-01
-1.313291799384271596e-01 -1.149794279977407602e-01 -3.007890958786009761e-01 -3.711047602846468951e-01 -5.541157464752005657e-02 -2.828630847930907466e-01 2.503808818270865100e-01 -9.066892288978822823e-02 -1.755763549804687518e-01 2.402651326896194928e-01 9.383694127984287814e-02 -2.962254114151001150e-01
-1.209905399513931945e-01 -1.129242392679685597e-01 -3.014467353820801110e-01 -3.738792022946648141e-01 -6.310267014848426614e-02 -2.950730009078979532e-01 2.256666364219825638e-01 -8.627638489741865091e-02 -1.788575096130371189e-01 2.503652967779393945e-01 9.482149790729879624e-02 -2.975153083801269638e-01
-1.102695414800635154e-01 -1.109930915886840758e-01 -3.019687147140502903e-01 -3.692766555982081589e-01 -6.691944816216766068e-02 -3.057420225143432368e-01 2.006406098492782009e-01 -8.130029662312548977e-02 -1.854532165527344734e-01 2.602916053240286187e-01 9.583089631271853037e-02 -2.988410682678223629e-01
-9.974232896164833551e-02 -1.083432332375127011e-01 -3.020592803955078343e-01 -3.612158926322757702e-01 -6.794056893872880976e-02 -3.124952573776245135e-01 1.754641825941860023e-01 -7.580254003667967477e-02 -1.938133640289306792e-01 2.704661179434295626e-01 9.734979039810437440e-02 -3.000260705947876416e-01
-8.974109043110356509e-02 -1.052049715717052469e-01 -3.019023580551146724e-01 -3.515253606637714912e-01 -6.752224716567277463e-02 -3.159194536209105619e-01 1.518989129742611688e-01 -7.063086106470643777e-02 -2.094539184570312629e-01 2.809195650893941409e-01 9.932038843422771879e-02 -3.011981363296508674e-01
-8.017533264036884322e-02 -1.017926491039255338e-01 -3.015531558990479089e-01 -3.409401230279018313e-01 -6.587005879579131695e-02 -3.172550363540650453e-01 1.294779979327849717e-01 -6.598266677880873510e-02 -2.268591947555542165e-01 2.915658403669970644e-01 1.017087672889262495e-01 -3.023727054595947150e-01
-7.124045820175411992e-02 -9.837894061202082097e-02 -3.010293312072754857e-01 -3.301373116363391924e-01 -6.325665585423226323e-02 -3.173279757499695708e-01 1.088248128318656943e-01 -6.203507141048039686e-02 -2.428105659484863788e-01 3.022149860046118297e-01 1.046064904617330371e-01 -3.033916492462158665e-01
-6.324757089793837939e-02 -9.519786163283343317e-02 -3.004512042999268329e-01 -3.196375279300322503e-01 -6.014857721225620735e-02 -3.171472806930543120e-01 9.032676945305227745e-02 -5.883243271415272702e-02 -2.545067186355591815e-01 3.126217512249815922e-01 1.078364808240712958e-01 -3.040075845718384628e-01
-5.626298495851149439e-02 -9.235453006185695424e-02 -2.997411890029907378e-01 -3.087960902143089270e-01 -5.689021418944062436e-02 -3.174309082031250284e-01 7.508620526236520210e-02 -5.642909636388031974e-02 -2.630888409614563495e-01 3.229956088632826572e-01 1.111066481745969503e-01 -3.043076534271240696e-01
-5.138895235283273688e-02 -9.064026242160122537e-02 -2.981097526550293142e-01 -2.981378519940053873e-01 -5.384182275688123576e-02 -3.175436277389526718e-01 6.508768830795987059e-02 -5.485667050293755592e-02 -2.697567553520203165e-01 3.333936414571737061e-01 1.143420258195310679e-01 -3.043801040649414258e-01
-5.130028277730676323e-02 -9.171907398656921340e-02 -2.912169713973999374e-01 -2.876701859299631847e-01 -5.081038300660022100e-02 -3.174146194458007941e-01 6.291083217629428459e-02 -5.411156805588248492e-02 -2.753896708488464684e-01 3.441084897507543650e-01 1.178326334493189631e-01 -3.040597934722900630e-01
-5.615376927115479921e-02 -9.593646405665556820e-02 -2.835125560760498598e-01 -2.772935153773148365e-01 -4.720095578623940968e-02 -3.170329780578614032e-01 6.766937622816099340e-02 -5.383419235025067862e-02 -2.810163564682006676e-01 3.546637695653382383e-01 1.217360852079533706e-01 -3.032192678451537948e-01
-6.506545082807196900e-02 -1.029927646836164695e-01 -2.760540504455566979e-01 -2.669857771832799265e-01 -4.323668358800585032e-02 -3.165168757438660552e-01 7.546777916966720956e-02 -5.371697806043226192e-02 -2.860803456306458270e-01 3.644354586114443850e-01 1.260452781633932817e-01 -3.019045610427857351e-01
-7.848767228917818972e-02 -1.133611360077725477e-01 -2.668427534103393062e-01 -2.567507323751579973e-01 -3.880254581208855691e-02 -3.157326931953429727e-01 8.356353062759824812e-02 -5.354351487145379840e-02 -2.884249849319456827e-01 3.727967553846198157e-01 1.307478984253891696e-01 -2.999480409622191091e-01
-9.719047181775294919e-02 -1.276603735175197984e-01 -2.574967641830444576e-01 -2.466787042730318458e-01 -3.369101408508720641e-02 -3.146854276657104488e-01 9.221750069190046140e-02 -5.316516269160133368e-02 -2.891588444709777828e-01 3.792911804131021691e-01 1.360268980074856582e-01 -2.973656721115112145e-01
-1.198396669752355564e-01 -1.447319815038757285e-01 -2.515805931091307235e-01 -2.368143417905892167e-01 -2.779525591761501657e-02 -3.135875816345213285e-01 1.011972304842578274e-01 -5.241180082919901645e-02 -2.891368622779846298e-01 3.844681131193657397e-01 1.422598774589263482e-01 -2.944094247817993226e-01
-1.432943392156486029e-01 -1.620855753264032195e-01 -2.495459957122804218e-01 -2.270976141962379458e-01 -2.129345794722528606e-02 -3.128993577957154826e-01 1.109113312377371235e-01 -5.105170247323347066e-02 -2.897286744117739676e-01 3.885169252450891286e-01 1.485729386177502553e-01 -2.916268177032473319e-01
-1.671937607525507408e-01 -1.794987269970071408e-01 -2.497878475189209413e-01 -2.176369724681949114e-01 -1.444068151714048009e-02 -3.123882884979248264e-01 1.211945404260239972e-01 -4.883924802890200756e-02 -2.905577178001402805e-01 3.909029240875021016e-01 1.541422677697954491e-01 -2.888552303314207981e-01
-1.909111275170091160e-01 -1.975165564367862558e-01 -2.501382369995117094e-01 -2.084920519615690582e-01 -7.959101137855334462e-03 -3.120192165374756077e-01 1.312453393775104837e-01 -4.574710654424408995e-02 -2.908730263710022079e-01 3.907071860728359436e-01 1.580297163666660176e-01 -2.863666362762450901e-01
-2.155210095015352156e-01 -2.166743186409947342e-01 -2.521622962951660663e-01 -1.996594610117854440e-01 -1.742634668245077179e-03 -3.116415424346923868e-01 1.410824103248502492e-01 -4.168786693534546478e-02 -2.911295528411866340e-01 3.864153454585471659e-01 1.603727119045272320e-01 -2.844004077911378436e-01
-2.377770669982618434e-01 -2.346348855065975014e-01 -2.542733211517334002e-01 -1.911711433413206818e-01 4.445611067923752047e-03 -3.111643953323364187e-01 1.506437423888353777e-01 -3.650437255753291588e-02 -2.914631719589234615e-01 3.745805657368738717e-01 1.615209436082705174e-01 -2.835564584732056526e-01
-2.571554470305006945e-01 -2.516155622457376673e-01 -2.539806623458862878e-01 -1.829114383191392801e-01 1.065702632596381150e-02 -3.105325050354004190e-01 1.600228675300591763e-01 -3.007349070212511286e-02 -2.917969770431518839e-01 3.590280756142179008e-01 1.617966376362112157e-01 -2.826635141372680904e-01
-2.726069797222759328e-01 -2.669339870266717596e-01 -2.611026926040648788e-01 -1.749220279371527242e-01 1.690724747421371021e-02 -3.097060842514037793e-01 1.690550185770098579e-01 -2.247079828347067418e-02 -2.919631071090697527e-01 3.407718520186130973e-01 1.610405833815026500e-01 -2.813668699264526007e-01
-2.809004331988763092e-01 -2.770349967009281822e-01 -2.699074287414550133e-01 -1.672138328405117225e-01 2.328889763565313020e-02 -3.085828990936279048e-01 1.777615256510894359e-01 -1.370464590865619336e-02 -2.919432420730591615e-01 3.198499850416627321e-01 1.588556086070412876e-01 -2.796226806640625395e-01
-2.815037185403214126e-01 -2.819118571496092018e-01 -2.809683771133422714e-01 -1.597288112866480647e-01 2.981110317655856490e-02 -3.071729631423950058e-01 1.861157216838882356e-01 -3.804726106630205995e-03 -2.917788095474243004e-01 2.966824613523807996e-01 1.551843005635684669e-01 -2.775935287475586044e-01
-2.779672393434748923e-01 -2.836209355387788733e-01 -2.910268278121946883e-01 -1.525130136304932715e-01 3.658796081859792132e-02 -3.054769868850706893e-01 1.940429763517826645e-01 7.048901222620689022e-03 -2.914579172134398322e-01 2.706654410535431765e-01 1.505970259401648026e-01 -2.757855672836302396e-01
-2.716775782118577287e-01 -2.830319038858725711e-01 -2.974494428634643639e-01 -1.455884167333715840e-01 4.389196364369552655e-02 -3.034948940277099605e-01 2.016020758511881117e-01 1.862303232258784996e-02 -2.909993476867676621e-01 2.401987846960132733e-01 1.438300059418300969e-01 -2.729930133819580829e-01
-2.630463657609188877e-01 -2.811455524307463483e-01 -2.991635198593138867e-01 -1.387506466907200697e-01 5.118028118414746225e-02 -3.012196607589720521e-01 2.087419402659232426e-01 3.033752571420166716e-02 -2.905805034637451434e-01 2.076752330477782960e-01 1.377460551763590724e-01 -2.701740188598633075e-01
-2.523406589729018656e-01 -2.773129921136795462e-01 -2.987909550666809078e-01 -1.325776722710510502e-01 5.837237458057880496e-02 -2.985360403060912660e-01 2.156688472966483139e-01 4.212003334950241429e-02 -2.903662509918211732e-01 1.733477639926415403e-01 1.327347863632918901e-01 -2.678879995346067910e-01
-2.413273456368079939e-01 -2.720455757383210549e-01 -2.977313704490662238e-01 -1.267437286266457075e-01 6.558979332157571784e-02 -2.957281227111817068e-01 2.224574800448508582e-01 5.382816745395813118e-02 -2.903441066741944132e-01 1.403673107492510730e-01 1.248682247666302036e-01 -2.659306831359863899e-01
-2.305801425390600623e-01 -2.667474603326879246e-01 -2.965905685424805593e-01 -1.210094505007169030e-01 7.206457612541140867e-02 -2.927377004623413770e-01 2.288122094903664305e-01 6.551322520337511668e-02 -2.903211660385132675e-01 1.092707802642431947e-01 1.150393414978218704e-01 -2.649400014877320020e-01
-2.206926147812357797e-01 -2.617258685995514922e-01 -2.961395759582520215e-01 -1.157388523296288274e-01 7.769318426243719544e-02 -2.898777503967285840e-01 2.344925210804464089e-01 7.731449261116071781e-02 -2.905825395584107351e-01 7.923719590791525325e-02 1.033161186855412889e-01 -2.653564448356628969e-01
-2.114997190998214316e-01 -2.570535431069509991e-01 -2.959219665527344501e-01 -1.116370467155188978e-01 8.281727017439254046e-02 -2.871107931137085734e-01 2.393920914245747100e-01 8.906310569747366568e-02 -2.909712810516358328e-01 5.123186536021172993e-02 9.040125421349087809e-02 -2.656019182205200946e-01
-2.022939010637836987e-01 -2.526872935176596724e-01 -2.958011646270752304e-01 -1.093353914893721579e-01 8.610261680883650459e-02 -2.846522207260132054e-01 2.435964727329831825e-01 1.002580146484421675e-01 -2.913580436706543209e-01 2.714857967081722723e-02 7.767271779466888848e-02 -2.656108684539795206e-01
-1.928317952850998884e-01 -2.489252986621493247e-01 -2.957228322029114009e-01 -1.086465444125934571e-01 8.587672203446031216e-02 -2.827125282287597519e-01 2.473050369354589939e-01 1.107825833027927254e-01 -2.917434759140013489e-01 6.694643347631798469e-03 6.817342195788697601e-02 -2.666066999435423579e-01
-1.836542719796510903e-01 -2.452579978138883232e-01 -2.956561870574951900e-01 -1.099625715236281359e-01 8.306041822580394196e-02 -2.795127744674683057e-01 2.511599908043421481e-01 1.201088192583145003e-01 -2.921583003997803019e-01 -8.998949020912031665e-03 6.339057702700025276e-02 -2.691614265441895082e-01
-1.750942275823597905e-01 -2.414597662550390933e-01 -2.955678768157958825e-01 -1.158164824745353677e-01 7.657128974748046712e-02 -2.738191194534301265e-01 2.574613432073759034e-01 1.251734617691908080e-01 -2.925563402175904160e-01 -1.746698232785428781e-02 6.106079799921070028e-02 -2.718454546928406601e-01
-1.670078191169936388e-01 -2.375748035992184259e-01 -2.954951114654541522e-01 -1.261218929637338282e-01 6.611069834297404746e-02 -2.691491527557373642e-01 2.640507861257078148e-01 1.294406370115302185e-01 -2.931232709884644128e-01 -1.993774994941294176e-02 6.043866675512378495e-02 -2.732148928642273433e-01
-1.589838071102559203e-01 -2.337859491682702517e-01 -2.956433172225952366e-01 -1.386847415630901026e-01 5.164807660161188640e-02 -2.661619253158569731e-01 2.712326169681117949e-01 1.328152595126745883e-01 -2.940787191390991651e-01 -1.798710535813953515e-02 6.211659995949907198e-02 -2.753071589469910374e-01
-1.512287381138119335e-01 -2.298692869543738637e-01 -2.957125301361084868e-01 -1.529782355565852403e-01 3.414376050491581271e-02 -2.638403148651123908e-01 2.786575588137887305e-01 1.359230721846133860e-01 -2.948503942489623664e-01 -1.200274931447488716e-02 6.525974925095361090e-02 -2.790332837104797514e-01
-1.436104061830885681e-01 -2.260541069315100404e-01 -2.956347675323486857e-01 -1.682945168775549505e-01 1.456285921118241622e-02 -2.619590969085693333e-01 2.859179194394619872e-01 1.387574283307494438e-01 -2.952334423065186009e-01 -6.589522262711328821e-03 6.818496468886152406e-02 -2.808716745376587109e-01
-1.363737915088051311e-01 -2.223326713264711652e-01 -2.952781744003294961e-01 -1.837129391619813368e-01 -5.769193432535971167e-03 -2.606571502685546271e-01 2.925976900714022944e-01 1.415359437488040162e-01 -2.948844976425171183e-01 -6.742583121184600459e-04 7.060651938149203888e-02 -2.819186205863952743e-01
-1.294830167899782836e-01 -2.186524616736172932e-01 -2.948568267822266331e-01 -1.992261009458648480e-01 -2.642968179657308181e-02 -2.602779407501221165e-01 2.989767248603611982e-01 1.442581500635841396e-01 -2.942353076934814959e-01 5.840369834988680398e-03 7.276061214257176224e-02 -2.830339498519898189e-01
-1.227874981027771428e-01 -2.149731598068427285e-01 -2.946450777053832848e-01 -2.144422240532047330e-01 -4.738443874684553081e-02 -2.615301103591918808e-01 3.051721337934901745e-01 1.468128419914794258e-01 -2.936251993179321285e-01 1.181415904395530236e-02 7.624201407454378465e-02 -2.841788406372069975e-01
-1.161940961419272444e-01 -2.112804262848426429e-01 -2.946910877227784664e-01 -2.294073294181971090e-01 -6.861051164466516750e-02 -2.643143911361696130e-01 3.108425249951678460e-01 1.489245532620435131e-01 -2.929512233734132276e-01 1.795276504139375201e-02 8.035940005351213666e-02 -2.856999464035035463e-01
-1.096243049692565696e-01 -2.075774388291192207e-01 -2.950153322219848939e-01 -2.446343868091407081e-01 -8.866793172551182267e-02 -2.684776039123535352e-01 3.157058452181479291e-01 1.504838882506563946e-01 -2.922793407440186231e-01 2.479423738282272166e-02 8.407042195787139960e-02 -2.873733968734741850e-01
-1.032084392667491773e-01 -2.039085616483690688e-01 -2.956340999603270792e-01 -2.691199877941937157e-01 -1.079116872686230050e-01 -2.714964933395385138e-01 3.192114243976310606e-01 1.509092077297885803e-01 -2.915772409439087443e-01 3.197081656176101183e-02 8.718137292281422090e-02 -2.887405200004578010e-01
-9.719216364428848176e-02 -2.002554289787296382e-01 -2.964668817520141886e-01 -2.781132230641806258e-01 -1.213497061505017932e-01 -2.704571838378906357e-01 3.210553023248768900e-01 1.498765496501742456e-01 -2.908112688064574125e-01 3.925861524008349146e-02 8.986776010542141258e-02 -2.903736729621886337e-01
-9.155126335894051004e-02 -1.967142235434293229e-01 -2.973439140319824037e-01 -2.834553314242692079e-01 -1.297333547518068342e-01 -2.761486167907715172e-01 3.199537391181949686e-01 1.471733453005711068e-01 -2.896948738098143461e-01 4.649717443524714611e-02 9.240445282399945004e-02 -2.924798173904417653e-01
-8.643614171491914577e-02 -1.932680522596109118e-01 -2.981248064041138179e-01 -2.853980483694665837e-01 -1.346610049706842283e-01 -2.870444841384888202e-01 3.143194673509991932e-01 1.424287633521910124e-01 -2.880331249237060853e-01 5.352578184205320638e-02 9.500819412689204269e-02 -2.953180284500122599e-01
-8.149748967176964620e-02 -1.900047517443230194e-01 -2.987495965957642774e-01 -2.862035712636830098e-01 -1.356574663781374701e-01 -2.963680238723755966e-01 3.043489176701569265e-01 1.339519466962211802e-01 -2.853324480056761425e-01 6.058885604622507581e-02 9.798381059871744125e-02 -2.995063729286192578e-01
-7.684934388760539248e-02 -1.870295186062455040e-01 -2.993201656341553107e-01 -2.841481393928523280e-01 -1.350099216687192238e-01 -3.049247379302978955e-01 2.907120279813174002e-01 1.220825710037033440e-01 -2.815385026931762069e-01 6.761878311515576168e-02 1.009926781279132102e-01 -3.045358796119689293e-01
-7.258028399641910933e-02 -1.841550258691755371e-01 -2.998176879882812895e-01 -2.785314173849363084e-01 -1.338918108047407185e-01 -3.111230916976928662e-01 2.742622689493831034e-01 1.085462517251181702e-01 -2.778768844604493360e-01 7.401851573569104281e-02 1.036588605382561534e-01 -3.079876608848572950e-01
-6.849014323630600587e-02 -1.813519195547831364e-01 -3.001520652770997000e-01 -2.722294477288483838e-01 -1.327118362051006029e-01 -3.136426467895508940e-01 2.557331552391242657e-01 9.229435812879535628e-02 -2.735842056274415124e-01 7.960342464578323840e-02 1.058986742538587933e-01 -3.087312669754029293e-01
-6.434261848670719264e-02 -1.785910553954583591e-01 -3.001933593750000795e-01 -2.659798810079448961e-01 -1.309082985899847618e-01 -3.128968257904053418e-01 2.352288525324319757e-01 7.397863026360233796e-02 -2.697603864669800289e-01 8.438956622867230251e-02 1.077373449886928070e-01 -3.067066330909729577e-01
-6.005334818178961059e-02 -1.759081612181392362e-01 -3.003797121047974139e-01 -2.587297574297029445e-01 -1.288515004608194459e-01 -3.133238620758057036e-01 2.142377947373119151e-01 5.548032639541919386e-02 -2.673820419311523922e-01 8.970645444729687112e-02 1.100590161327559130e-01 -3.065359420776367916e-01
-5.580790368848848743e-02 -1.731705126254177718e-01 -3.006234903335571751e-01 -2.514952777699166475e-01 -1.268716100386770851e-01 -3.139502162933349716e-01 1.917255327970592005e-01 3.762965975433586047e-02 -2.668464918136597142e-01 9.569087976870940815e-02 1.129683829460463029e-01 -3.089928383827209579e-01
-5.159919327520722659e-02 -1.703989108629849480e-01 -3.007339210510255323e-01 -2.447532381728117212e-01 -1.251330631671589422e-01 -3.146436376571656868e-01 1.693420986109459292e-01 1.978670696644473787e-02 -2.673960084915161795e-01 1.024074080292352584e-01 1.165693198908240719e-01 -3.142417807579040989e-01
-4.754135302223855275e-02 -1.675403056295096393e-01 -3.005987520217895392e-01 -2.382265481492557013e-01 -1.230518545173721195e-01 -3.154097433090209956e-01 1.480642480454678334e-01 2.133918636616431719e-03 -2.691362900733946795e-01 1.087569259520265730e-01 1.202590275717330126e-01 -3.183747358322142618e-01
-4.191824107828382578e-02 -1.659739658202785129e-01 -3.002850313186646303e-01 -2.318320594376586663e-01 -1.206876804198879216e-01 -3.162999744415283532e-01 1.289420875488400675e-01 -1.387356763419606009e-02 -2.726414675712585112e-01 1.137350246722920871e-01 1.232897649235172172e-01 -3.182565469741820974e-01
-3.653039060866970777e-02 -1.640933226034834713e-01 -2.997916383743285396e-01 -2.255335644367945092e-01 -1.180489967749312474e-01 -3.172949905395506809e-01 1.096565086877992479e-01 -2.659186277698028650e-02 -2.757725949287415101e-01 1.180637077885619557e-01 1.259407964203827501e-01 -3.157624788284302264e-01
-3.182395247575218328e-02 -1.623333070133445855e-01 -2.992891044616700080e-01 -2.193224876320022942e-01 -1.150707928989647133e-01 -3.183281869888306415e-01 9.448348344924159536e-02 -3.589937935903902283e-02 -2.763533039093018506e-01 1.231215196246566862e-01 1.288466363755710331e-01 -3.148546810150147368e-01
-2.836137270240621927e-02 -1.612676674401318511e-01 -2.990015859603881165e-01 -2.133259723117817419e-01 -1.116790653740918210e-01 -3.193796272277831805e-01 8.759174452360526941e-02 -3.839493765964334393e-02 -2.799335284233093746e-01 1.290850942006936675e-01 1.321413308408438403e-01 -3.162794322967529825e-01
-2.675338595228503313e-02 -1.612933195449379742e-01 -2.985509366989135827e-01 -2.077182297022848734e-01 -1.078948658324746374e-01 -3.204538078308105664e-01 8.863958564489690661e-02 -3.628230869710437345e-02 -2.877371330261229154e-01 1.352714669906563694e-01 1.358180594059926749e-01 -3.198184700012206005e-01
-2.756079530496034768e-02 -1.622860082469087806e-01 -2.949795646667479621e-01 -2.024621624924600738e-01 -1.037790502390962821e-01 -3.214158554077147234e-01 9.451830913075892626e-02 -3.281809936413417061e-02 -2.939544243812561297e-01 1.419470493451777116e-01 1.397370448746890204e-01 -3.247028536796570108e-01
-3.179192918097411419e-02 -1.671096968252505088e-01 -2.863956804275512580e-01 -1.975834330872239253e-01 -9.926699586699858080e-02 -3.221658391952514910e-01 1.004103967011931997e-01 -2.826386534581105253e-02 -2.981893057823180038e-01 1.481431888431734567e-01 1.434000253526137303e-01 -3.278930134773253569e-01
-3.740571930401467154e-02 -1.752863376115955940e-01 -2.798146076202392418e-01 -1.930702700852648113e-01 -9.435766100637096865e-02 -3.228364629745483216e-01 1.035363390458496902e-01 -2.274498768097061446e-02 -2.998677916526794607e-01 1.535583386577028253e-01 1.467864839176139524e-01 -3.287114424705505078e-01
-4.341568997938219376e-02 -1.875702455435331872e-01 -2.742705173492431259e-01 -1.889199120916222052e-01 -8.905383134186227456e-02 -3.234402532577514422e-01 1.062937392276464554e-01 -1.696684805617070663e-02 -3.019658203125000773e-01 1.582285684363999578e-01 1.504695447011970277e-01 -3.280664439201355642e-01
-5.123909447515767601e-02 -2.038643617954881138e-01 -2.693811817169189382e-01 -1.851351252494063959e-01 -8.340574636635880723e-02 -3.239632339477538925e-01 1.091962445806892723e-01 -1.151727910973757846e-02 -3.037618775367736945e-01 1.620783813330831102e-01 1.547963987229194482e-01 -3.267077918052673224e-01
-6.048599004563103010e-02 -2.232813697112156215e-01 -2.669881458282470366e-01 -1.815926501616149935e-01 -7.753504450911354040e-02 -3.243996782302856485e-01 1.121803920840325208e-01 -6.328633107626061016e-03 -3.049073977470396768e-01 1.653228403886551900e-01 1.598467026002059754e-01 -3.255613298416136780e-01
-7.016849260166209412e-02 -2.444234652408424358e-01 -2.664298076629638690e-01 -1.781084101661294383e-01 -7.157251599127747999e-02 -3.248098535537720100e-01 1.151898577641728288e-01 -1.107654277339317761e-03 -3.057406873703001904e-01 1.683634915574702962e-01 1.655334595923093621e-01 -3.253203983306883762e-01
-7.955804123301360442e-02 -2.659916266988434086e-01 -2.675892276763917055e-01 -1.746726497127898403e-01 -6.554428799504810610e-02 -3.252827520370484282e-01 1.182500931888096074e-01 4.247994420604743471e-03 -3.067363185882570065e-01 1.711658136137195751e-01 1.717190304917421695e-01 -3.257280130386354111e-01
-8.881168572241796011e-02 -2.883736417163875188e-01 -2.697512931823731197e-01 -1.712961275905299785e-01 -5.948164009514022438e-02 -3.258930368423462731e-01 1.212655519221983724e-01 9.841664147991827094e-03 -3.082132430076601204e-01 1.738733474772473642e-01 1.782989169597130052e-01 -3.271369571685792677e-01
-9.659900458198728002e-02 -3.091202769585278398e-01 -2.728225250244140643e-01 -1.679009819754962718e-01 -5.331192002607455099e-02 -3.264816923141479754e-01 1.242156627989154244e-01 1.572320840265565428e-02 -3.098152608871460045e-01 1.763610553336313891e-01 1.846962159119502345e-01 -3.274640436172485680e-01
-1.031194996166473199e-01 -3.273372325556540008e-01 -2.811156053543090727e-01 -1.646060625807224675e-01 -4.689769367230189889e-02 -3.267240257263183678e-01 1.270130854208204041e-01 2.193637617838235104e-02 -3.110393710136413747e-01 1.788596112144293648e-01 1.912152469401015020e-01 -3.261501951217651296e-01
-1.057046508782227418e-01 -3.376752424241880046e-01 -2.870313186645508385e-01 -1.614988448958584177e-01 -4.012088610566919011e-02 -3.264444894790650142e-01 1.295438343753697319e-01 2.870980712968653620e-02 -3.117693276405335001e-01 1.778059003186903686e-01 1.954970055116173056e-01 -3.229968519210816291e-01
-1.053962638429393472e-01 -3.412057462174108990e-01 -2.956755561828613432e-01 -1.586096823185557947e-01 -3.307628587802061843e-02 -3.257649488449096964e-01 1.318656259010665410e-01 3.602187870704726819e-02 -3.122723741531372443e-01 1.711465655865101465e-01 1.954335519633071949e-01 -3.180021495819091992e-01
-1.030594567019932628e-01 -3.404554741685327235e-01 -3.043218345642089706e-01 -1.558971013598547117e-01 -2.595763996411681179e-02 -3.246618814468383851e-01 1.342945200803421779e-01 4.334454342981194225e-02 -3.125040359497070486e-01 1.587380532485110352e-01 1.938657765699514368e-01 -3.100150747299194598e-01
-9.973125714288180732e-02 -3.377186984929090308e-01 -3.109153718948364786e-01 -1.533029960036661199e-01 -1.849312794693906692e-02 -3.231373567581177220e-01 1.377870393942777771e-01 4.943639431429423109e-02 -3.124252624511718035e-01 1.437136499910452447e-01 1.906841740512827121e-01 -2.991776199340819842e-01
-9.572064886214121104e-02 -3.335196168302705932e-01 -3.146530075073241672e-01 -1.509437380999388012e-01 -1.086925048594268584e-02 -3.212159891128539835e-01 1.410515596681634343e-01 5.590401791224185873e-02 -3.121746463775635361e-01 1.282132649787975920e-01 1.820196615525648265e-01 -2.876007242202759384e-01
-9.098120721011752898e-02 -3.279049086242688538e-01 -3.164755220413208447e-01 -1.489856341686303098e-01 -3.410378603823566168e-03 -3.189705200195313006e-01 1.440370125711101235e-01 6.270437195833350463e-02 -3.119549102783202299e-01 1.062743421783105546e-01 1.685751046106010176e-01 -2.739479036331176065e-01
-8.567340795466429904e-02 -3.212466195666064395e-01 -3.165612144470214551e-01 -1.475882080191213419e-01 3.747233288043945454e-03 -3.163101263046264600e-01 1.468222557280638441e-01 6.986078757749390744e-02 -3.117706556320189448e-01 8.069329010025874660e-02 1.547432063829646542e-01 -2.655405015945433433e-01
-7.974846381647918148e-02 -3.142459247432815572e-01 -3.158804006576538259e-01 -1.467914892297488283e-01 1.010498891275825317e-02 -3.132864685058593945e-01 1.494458193698245951e-01 7.730173639975956856e-02 -3.116627283096313761e-01 5.638016410799551875e-02 1.426494501221575451e-01 -2.686853237152099783e-01
-7.345956711258769256e-02 -3.073971460821883772e-01 -3.151187200546264888e-01 -1.467768642089860021e-01 1.498575128463090766e-02 -3.098688049316406512e-01 1.518068276846778475e-01 8.498053397324156766e-02 -3.116316957473754812e-01 3.270170616782681200e-02 1.287909368033710866e-01 -2.783008069992065625e-01
-6.719522229586352702e-02 -3.010824331833399370e-01 -3.144662494659423713e-01 -1.476628427198999061e-01 1.783642221702264746e-02 -3.063410396575927397e-01 1.537923597693053868e-01 9.273892658846596970e-02 -3.117063207626342702e-01 8.409565840852485652e-03 1.112154530615061532e-01 -2.824479360580444132e-01
-6.136000629880230400e-02 -2.955052335647131434e-01 -3.138569517135620379e-01 -1.495265372077826949e-01 1.853085777684995022e-02 -3.028823156356811874e-01 1.553223525264743055e-01 1.005359950477713038e-01 -3.118924493789673180e-01 -1.572529223782283964e-02 9.247878762125147367e-02 -2.826104707717895792e-01
-5.548027507301960676e-02 -2.901301943803474837e-01 -3.134725065231323549e-01 -1.518060040550357481e-01 1.642202707578718779e-02 -2.996069831848144904e-01 1.565125957002312940e-01 1.082584291637457563e-01 -3.121212644577026629e-01 -3.652857922536397600e-02 7.395599064197413974e-02 -2.818292469978332937e-01
-4.958200387916751606e-02 -2.849852119766106417e-01 -3.130463333129883674e-01 -1.534765438431250351e-01 1.112245093593690337e-02 -2.961140556335449814e-01 1.574406435994263054e-01 1.158704040453110151e-01 -3.122252912521363277e-01 -5.312660012624143002e-02 5.821522744866598070e-02 -2.815289707183838974e-01
-4.341929213135638926e-02 -2.798297108390745969e-01 -3.124357099533081605e-01 -1.529743728123020563e-01 3.014348108800059267e-03 -2.866324348449708070e-01 1.591293186605877152e-01 1.227819562738495934e-01 -3.122272701263427153e-01 -6.473120286767169995e-02 4.694608194949518448e-02 -2.808647913932800222e-01
-3.667555957058176580e-02 -2.748170941089724262e-01 -3.115950078964234704e-01 -1.545059776131757767e-01 -9.695472889608348910e-03 -2.746696777343751728e-01 1.630977793818053079e-01 1.278320754977546325e-01 -3.122524185180664547e-01 -6.787956610742848507e-02 4.139272179077946312e-02 -2.849335403442383452e-01
-2.963186725555817802e-02 -2.700119330583548027e-01 -3.105501146316528849e-01 -1.579391775219958494e-01 -2.549445803391938575e-02 -2.652595920562744736e-01 1.674265758776017909e-01 1.324902525905375383e-01 -3.122224588394165723e-01 -6.680556617494663729e-02 4.047337434360934183e-02 -2.890517063140869425e-01
