1.714609854588122761e-02 -1.461916635733195302e-01 4.478342565637354888e-01 -1.341431004408827787e+00 2.178421213282337177e-01 3.454530593298377750e-01 -1.178175373885488764e+00 8.515407951287683186e-03 -1.157842371036558876e-01 9.071743334955031379e-01 -1.235269948456258149e+00 2.593929990789192730e-01 7.160621585601824046e-01 -1.045564813844273244e+00
1.714609854588122761e-02 -1.461916635733195302e-01 4.478342565637354888e-01 -1.341431004408827787e+00 2.178421213282337177e-01 3.454530593298377750e-01 -1.178175373885488764e+00 8.515407951287683186e-03 -1.157842371036558876e-01 9.071743334955031379e-01 -1.235269948456258149e+00 2.593929990789192730e-01 7.160621585601824046e-01 -1.045564813844273244e+00
7.992045709062575720e-02 -1.947880344536399577e-01 4.195855489493373058e-01 -1.295876214825578687e+00 1.686149842673753119e-01 3.853216721882184448e-01 -1.240147699598842301e+00 5.734491805824560875e-06 -2.023116038617358559e-01 8.908572824664107159e-01 -1.221576758885775771e+00 1.777539277675606877e-01 7.450468960776688299e-01 -1.121009155041838401e+00
8.782193619842426635e-02 -1.928635000148135603e-01 4.192017928115586156e-01 -1.295941275847720675e+00 1.705565899476879088e-01 3.865211996885029588e-01 -1.241362362489542015e+00 1.075898288179560902e-02 -1.972948077388061161e-01 8.884145914372068020e-01 -1.194052136624446314e+00 1.808105548328647061e-01 7.409751414096172883e-01 -1.093661993671669386e+00
8.711379751177431019e-02 -1.966684319989912000e-01 4.211549333124920413e-01 -1.297599661509465818e+00 1.669561126801323292e-01 3.847405263816361942e-01 -1.240031959861048527e+00 7.971317260608220016e-04 -1.949101553859756419e-01 8.918415463864529658e-01 -1.216383228308301812e+00 1.854318559245576870e-01 7.437798820117613730e-01 -1.121197954197018287e+00
9.353389253729060826e-02 -1.944388054257618070e-01 4.206468490827832696e-01 -1.297494817675710621e+00 1.691969015353632921e-01 3.858281758412135387e-01 -1.241150484550436417e+00 1.119176339983433272e-02 -1.907647278450659289e-01 8.891933890583039179e-01 -1.190000495709963690e+00 1.875797719719334289e-01 7.399286787915548835e-01 -1.094215161674417125e+00
9.554711828070275303e-02 -1.943924869936131672e-01 4.210802240085839143e-01 -1.297864799475033415e+00 1.687948319570551636e-01 3.854277673793635173e-01 -1.240852746959818953e+00 1.066899895834040428e-02 -1.880436621359857230e-01 8.897054089916822672e-01 -1.190077816275754818e+00 1.904655588372311525e-01 7.394790148698958676e-01 -1.095611665754502750e+00
9.633454874936185630e-02 -1.937449669425360954e-01 4.214574572659208207e-01 -1.297987790712765044e+00 1.684332199516122008e-01 3.848651767609359564e-01 -1.240320935571689986e+00 1.080905323246284314e-02 -1.858358026128535123e-01 8.898220462917338924e-01 -1.188746858133183038e+00 1.926287705140387885e-01 7.391258802768888581e-01 -1.095388184431792533e+00
9.624162337766803410e-02 -1.937720250201629413e-01 4.216535569865416666e-01 -1.297799561975715221e+00 1.686003893394011910e-01 3.842361245654885016e-01 -1.239524782914352308e+00 1.055750139787636419e-02 -1.843500917551888496e-01 8.898810736722323478e-01 -1.188821546305925736e+00 1.940259158089611413e-01 7.388107393168282799e-01 -1.095490278521837224e+00
9.502837815970451019e-02 -1.940533624073141894e-01 4.216938267132478990e-01 -1.297421131723747401e+00 1.694139137106915050e-01 3.836910498193661923e-01 -1.238689569329744389e+00 1.010524009948148005e-02 -1.837580459934387289e-01 8.897495938442467889e-01 -1.189933195416320366e+00 1.944208172108720378e-01 7.386473935796956658e-01 -1.095592199883570483e+00
9.200995479306912916e-02 -1.924579218683944715e-01 4.212323418297660993e-01 -1.296391282980429605e+00 1.707972113851138063e-01 3.830551622298924430e-01 -1.237640420936693797e+00 1.059932428682396413e-02 -1.841333572076024605e-01 8.891144234429249060e-01 -1.189523605542883278e+00 1.934570334947928738e-01 7.382832450685958836e-01 -1.092521172387985962e+00
8.662069845573956706e-02 -1.909662985725141260e-01 4.209021060781611423e-01 -1.295480883919376103e+00 1.720645346089895722e-01 3.822751900698331262e-01 -1.236487762566325088e+00 1.011383733357958808e-02 -1.855369562656098703e-01 8.885856064347728012e-01 -1.192055271785239512e+00 1.915482377510431822e-01 7.384824770480353795e-01 -1.091610541783021304e+00
8.012187997914324566e-02 -1.888018324523473568e-01 4.204005100861129551e-01 -1.294488185276435166e+00 1.739787625682880090e-01 3.816695098611409542e-01 -1.235486990117768746e+00 1.125882654315854374e-02 -1.875590740665365463e-01 8.873788915658450405e-01 -1.191088416488016666e+00 1.885470134807739340e-01 7.381628643381779042e-01 -1.085610826674194174e+00
7.274903301696046543e-02 -1.865798536090531590e-01 4.200165924686752317e-01 -1.293765127839816786e+00 1.759790887137445414e-01 3.811032463850236307e-01 -1.234655151572431109e+00 1.153569290833242680e-02 -1.899981192742522251e-01 8.864284468983669729e-01 -1.192476582074878833e+00 1.853258175179988143e-01 7.384922483626318312e-01 -1.082190587131490522e+00
6.489576895734691653e-02 -1.843712392015661727e-01 4.197660696031372263e-01 -1.293409744076619239e+00 1.780206461726805411e-01 3.806612990279694131e-01 -1.234096685482255040e+00 1.148108768630935229e-02 -1.926778939671733026e-01 8.856570182685402637e-01 -1.194899987181843315e+00 1.819888157456646394e-01 7.389881304582294197e-01 -1.079413368672599738e+00
5.716762492841495624e-02 -1.818059661926879067e-01 4.196268491312440396e-01 -1.293469906568978312e+00 1.804745554072309244e-01 3.805694630864930872e-01 -1.234073391496286476e+00 1.125893976455158950e-02 -1.953849027614918688e-01 8.849832073502067464e-01 -1.197716650656663662e+00 1.786499681091225089e-01 7.396276735255764567e-01 -1.076917674567112071e+00
4.931949257648669815e-02 -1.794669414215698811e-01 4.197242609584747042e-01 -1.293923432938902440e+00 1.827305461757877392e-01 3.806064824141185410e-01 -1.234285562728179242e+00 1.116559882345827606e-02 -1.980239577327254363e-01 8.843113858885646161e-01 -1.200132470937983253e+00 1.753231949390175737e-01 7.400825538444935070e-01 -1.073659429992669168e+00
4.237583091110089933e-02 -1.771651266108505429e-01 4.199774671200652842e-01 -1.294617295971472570e+00 1.849971030178642617e-01 3.808581331553380633e-01 -1.234793622335735641e+00 1.081992693486616246e-02 -2.001834099599140437e-01 8.838659138836236773e-01 -1.202800185919455478e+00 1.728206207018050111e-01 7.413568456315272615e-01 -1.072805666673529723e+00
3.645148622819428114e-02 -1.752202362760720833e-01 4.204995025602989434e-01 -1.295555621280642500e+00 1.869436130441533839e-01 3.812739605069551674e-01 -1.235500966744020657e+00 1.088817702651701143e-02 -2.015698902094565370e-01 8.834988357468667175e-01 -1.204006691049025690e+00 1.710018181609024301e-01 7.421411952553106373e-01 -1.070511082087145072e+00
3.160366633479071846e-02 -1.735503295274482549e-01 4.211529612304250603e-01 -1.296480190224424733e+00 1.886830181666679651e-01 3.816699751002061158e-01 -1.236251197138610980e+00 9.612161484674303438e-03 -2.022621804066482287e-01 8.836461599679399370e-01 -1.207998773163016626e+00 1.701801177981984159e-01 7.433620370445989112e-01 -1.072355157158371153e+00
2.747797150772284328e-02 -1.724952297773585108e-01 4.221209889697455364e-01 -1.297635762139323301e+00 1.897962146312875131e-01 3.819513156953091015e-01 -1.237132408502474412e+00 1.102058260614084163e-02 -2.017863081693172522e-01 8.833660372735339106e-01 -1.205549638381516298e+00 1.701073092878870596e-01 7.437495967763818605e-01 -1.067941464316033207e+00
2.203472794821902461e-02 -1.746304106258669275e-01 4.241852232683329671e-01 -1.298851250597440332e+00 1.877749127581116451e-01 3.807607167963611983e-01 -1.236328204834356015e+00 -3.027709521558858232e-04 -2.011633637434747934e-01 8.864240790659069225e-01 -1.231971866280232142e+00 1.727305782995170458e-01 7.481170987587676402e-01 -1.098071553283105795e+00
2.645756129543476790e-02 -1.716038479796578031e-01 4.235954767816440536e-01 -1.297526740098307485e+00 1.905919663670281872e-01 3.816205357127510633e-01 -1.236766209812176776e+00 1.145511237638845679e-02 -1.964595794641635640e-01 8.832081114241731035e-01 -1.202325739864251508e+00 1.748364833715450595e-01 7.438660126582842258e-01 -1.066710079865249794e+00
2.891273027613707608e-02 -1.717594115980565217e-01 4.242106118869756748e-01 -1.296598058044761359e+00 1.903137852818384268e-01 3.810962171878892191e-01 -1.235821429596152710e+00 1.101023694063537305e-02 -1.919408578135900767e-01 8.833225295745453787e-01 -1.200752710210785112e+00 1.792541288981110148e-01 7.436240938647955545e-01 -1.068563525655658708e+00
3.241004609820086202e-02 -1.725240007246877649e-01 4.249873111778021406e-01 -1.295574943407842294e+00 1.894368423947176139e-01 3.803753758402546592e-01 -1.234630291507242683e+00 1.014627514889099302e-02 -1.865291339866028686e-01 8.836951120125856596e-01 -1.199547425871861028e+00 1.847094369262269331e-01 7.433681532680258552e-01 -1.071946432978511998e+00
3.684100259670940181e-02 -1.734485040656518762e-01 4.257822036276874833e-01 -1.294442170319036300e+00 1.884003305928501626e-01 3.795982450561454780e-01 -1.233335098800285801e+00 1.039736197250330611e-02 -1.804488295880472826e-01 8.837793469614891873e-01 -1.195188418575962475e+00 1.906674749454870255e-01 7.426300124059240781e-01 -1.072575416973137408e+00
4.171124882622032765e-02 -1.745911810851449864e-01 4.266216980790712432e-01 -1.293259211540388698e+00 1.871880010678619033e-01 3.787564975879598728e-01 -1.231920025653455930e+00 1.078100680782805021e-02 -1.740046793196710351e-01 8.838001229671132997e-01 -1.190035779114612557e+00 1.969898807030763532e-01 7.416987463854055607e-01 -1.072771204446054893e+00
4.676431823007078797e-02 -1.757347387481388301e-01 4.273710849384108057e-01 -1.291957439732428492e+00 1.859731738013023217e-01 3.777965292515513829e-01 -1.230367635530576376e+00 1.061910106138025736e-02 -1.675207873217217647e-01 8.839231370829011558e-01 -1.185935986260454600e+00 2.035085910087984784e-01 7.409370022838656089e-01 -1.074394031290561990e+00
5.242025332216630751e-02 -1.768935882245757651e-01 4.280955955311781524e-01 -1.290714149176447334e+00 1.847717101472390600e-01 3.768965764235046034e-01 -1.228871087186622857e+00 9.830398128313343198e-03 -1.608134239623761341e-01 8.842161710669880215e-01 -1.182947777535316769e+00 2.104421825134594470e-01 7.403503686633737813e-01 -1.077694866481474500e+00
5.852373072643781565e-02 -1.783367268564796382e-01 4.289641404146850023e-01 -1.289715189450380439e+00 1.833377807990918817e-01 3.760097127185900168e-01 -1.227495268824896124e+00 9.766441283879887317e-03 -1.537165668004556451e-01 8.843253461625666390e-01 -1.177679921100870608e+00 2.177004173964498801e-01 7.394760114259186778e-01 -1.079092311715200037e+00
6.518330406202633986e-02 -1.795976652854344435e-01 4.298291542431637025e-01 -1.288944142325734621e+00 1.821073629733016841e-01 3.753265577459309887e-01 -1.226418445058891082e+00 9.410393911299684555e-03 -1.465239800736738707e-01 8.845252064597132202e-01 -1.172832073280634990e+00 2.251785659168381859e-01 7.387088222086108935e-01 -1.081191493862219133e+00
7.187817858673910265e-02 -1.811891060373110873e-01 4.309626094841410571e-01 -1.288852184843910731e+00 1.806403789009028149e-01 3.746367321350531632e-01 -1.225578458911236845e+00 7.435396428632301026e-03 -1.392269127551845898e-01 8.852580788543850110e-01 -1.171484110748691965e+00 2.331545636597470716e-01 7.385379855068346933e-01 -1.087649097943768739e+00
7.848241463113241057e-02 -1.830301921399598852e-01 4.323508977849347956e-01 -1.289384252394689456e+00 1.790397223881673439e-01 3.740507140205556191e-01 -1.225008319251130962e+00 6.376640906327469931e-03 -1.317728974965310940e-01 8.857050019260899187e-01 -1.167557828966633737e+00 2.411998937302461121e-01 7.380619453770547178e-01 -1.091464759049397770e+00
8.566726954473095901e-02 -1.843534762606154898e-01 4.336378709751348426e-01 -1.290094278408576711e+00 1.779218242922189774e-01 3.737447711173912390e-01 -1.224774467583009008e+00 3.617249278751677455e-03 -1.244267523337880543e-01 8.866907645840078622e-01 -1.167479530751777350e+00 2.495351812547533243e-01 7.381709733526220507e-01 -1.099588223125029574e+00
9.261297716440607120e-02 -1.857700644736740569e-01 4.350364903597874755e-01 -1.291142434478590451e+00 1.767630594397868460e-01 3.734701244350396854e-01 -1.224683142383828027e+00 3.203567746155173285e-03 -1.170284355055657283e-01 8.868850377646606553e-01 -1.161595263165820402e+00 2.575052775882909484e-01 7.374955352882693882e-01 -1.101273882885505984e+00
9.929744970783500879e-02 -1.871952492576991478e-01 4.365113058016250602e-01 -1.292470913103624941e+00 1.756492378690197864e-01 3.732477750690635920e-01 -1.224736908479382214e+00 1.268371901363606058e-03 -1.098388186831732866e-01 8.875652307767792903e-01 -1.159299261822354321e+00 2.656163987276671246e-01 7.373334942371794209e-01 -1.106782462243515175e+00
1.029760692939242078e-01 -1.859702813967170354e-01 4.377379381254378754e-01 -1.293441626617443330e+00 1.737870062695395512e-01 3.725625083229275325e-01 -1.224480978874315618e+00 1.297236091271679239e-03 -1.034458693562758935e-01 8.874813838680593037e-01 -1.152968966632297310e+00 2.724120366597669318e-01 7.367203647848334924e-01 -1.106707390818773007e+00
1.054668239042167721e-01 -1.839386862358335373e-01 4.387852637835908398e-01 -1.294254045985717694e+00 1.717844267724106255e-01 3.716913847045683061e-01 -1.224102413864976979e+00 5.358145202399428302e-04 -9.760519057764714679e-02 8.875915735211408197e-01 -1.149081537377785622e+00 2.787736446444563643e-01 7.364238333921840907e-01 -1.108650637119287907e+00
1.075550827277316074e-01 -1.822414084695457570e-01 4.397439590399689346e-01 -1.295123085794703366e+00 1.700524562584775079e-01 3.708550149904649151e-01 -1.223793327664541852e+00 2.002086001628673793e-04 -9.218191406778629415e-02 8.875331194446394178e-01 -1.144507582006435653e+00 2.846006369902269739e-01 7.360288840897981633e-01 -1.109397660385650797e+00
1.096184047587239196e-01 -1.805660326697960116e-01 4.404862748342777690e-01 -1.295805250063062575e+00 1.689686428127780415e-01 3.702418799016520268e-01 -1.223620643712904243e+00 -6.970065373665421202e-04 -8.728205037094825813e-02 8.876226601052542575e-01 -1.141796569196897870e+00 2.899669944136827326e-01 7.358930332960607057e-01 -1.111567017018862291e+00
1.105883985706227479e-01 -1.797569267233651569e-01 4.413566621050441507e-01 -1.296545590785771473e+00 1.679021026543355000e-01 3.694809851968885450e-01 -1.223322286258351710e+00 -4.881458955931709093e-04 -8.284385888161061029e-02 8.872755018970822638e-01 -1.136975832125415309e+00 2.945634348112076140e-01 7.354831662238920931e-01 -1.110753277518097715e+00
1.110418226537435299e-01 -1.793630541881251206e-01 4.419538009047537797e-01 -1.296977394594556188e+00 1.676997318057568409e-01 3.688852321989135041e-01 -1.223064288895361562e+00 -1.240766747567191878e-03 -7.923412110817230902e-02 8.871826122580831475e-01 -1.135628735021533497e+00 2.983857920790095597e-01 7.354984478564182693e-01 -1.112517557963819792e+00
1.114096982375520350e-01 -1.790349112473898496e-01 4.419816041025165787e-01 -1.296732156315519857e+00 1.690813705650562881e-01 3.686603259674198219e-01 -1.222798467754110385e+00 -1.806903218572395537e-03 -7.666662510195368374e-02 8.868904846942777809e-01 -1.135099561023342973e+00 3.009396876338427118e-01 7.355344151452316570e-01 -1.113671521977688039e+00
1.092544400859396941e-01 -1.807020997921490180e-01 4.421969514544579205e-01 -1.296368879620267922e+00 1.707112502037080037e-01 3.681018238266076104e-01 -1.222079066205522979e+00 -1.675173598830531022e-03 -7.534965616777121455e-02 8.862833107230412288e-01 -1.134803716561091802e+00 3.018545004910612728e-01 7.356018677245554915e-01 -1.113180411608776454e+00
1.066663797067536334e-01 -1.827900642087540717e-01 4.422900776316082694e-01 -1.296513049752598068e+00 1.740973848651340694e-01 3.683580055321560298e-01 -1.222377294699456440e+00 -1.277887517401761529e-03 -7.532259690443866840e-02 8.858468564432594450e-01 -1.136071369035401624e+00 3.012453503551451583e-01 7.361696970336865098e-01 -1.112614280464629068e+00
1.031589761038611552e-01 -1.856769360321737505e-01 4.425090559781584276e-01 -1.297341312931102442e+00 1.782932628976132694e-01 3.690271409561923233e-01 -1.223358512163707168e+00 -1.353545121751888354e-03 -7.620580604891030729e-02 8.857014415060391332e-01 -1.139944679154961227e+00 2.997236709918789099e-01 7.373075607035686208e-01 -1.113736546359891388e+00
9.621033232371273280e-02 -1.840876007847737916e-01 4.423313757240354138e-01 -1.297587377917683416e+00 1.807749332923584973e-01 3.688483207536381592e-01 -1.223836050894848482e+00 -9.098333160635836995e-04 -7.759066568262167063e-02 8.854337466007180524e-01 -1.143394920698732609e+00 2.975460697740536786e-01 7.385473512792374295e-01 -1.113801517577946321e+00
8.897238899555243163e-02 -1.817847894222394400e-01 4.421489444703866067e-01 -1.298129418477798724e+00 1.831785865006561043e-01 3.688183171298349272e-01 -1.224678933957088711e+00 -6.806828190891755538e-04 -7.916284917198890270e-02 8.853177710430515379e-01 -1.147550252640030966e+00 2.952743589069667940e-01 7.399676079514933003e-01 -1.114609225381511415e+00
8.046141274366078178e-02 -1.795424455290789978e-01 4.420681645515850966e-01 -1.299078963383864194e+00 1.855323162677494919e-01 3.687941237822286444e-01 -1.225747728992533592e+00 2.538343091824739415e-03 -8.120387992072954086e-02 8.842076506638613109e-01 -1.145223209145698640e+00 2.918354093941480931e-01 7.406703309568913873e-01 -1.107679574350078466e+00
7.102210842045307559e-02 -1.773692619014268779e-01 4.422156184992223626e-01 -1.300484655142965185e+00 1.878448250113517459e-01 3.689406210367752181e-01 -1.227243031910103754e+00 4.172178918801395554e-03 -8.373161713035554010e-02 8.837052965176169783e-01 -1.147235275836125057e+00 2.882365682399190554e-01 7.420049660217956644e-01 -1.104924062596659873e+00
6.307445376783910040e-02 -1.752054938405029905e-01 4.424490968258700252e-01 -1.302140277956848280e+00 1.902353214688521088e-01 3.694283432792455635e-01 -1.229226926400558417e+00 4.945821922257416688e-03 -8.560735665209226464e-02 8.835695395328504453e-01 -1.150426503069750028e+00 2.856122816626575078e-01 7.434754159082355152e-01 -1.104338951545519087e+00
5.638316300346693510e-02 -1.735341324361520665e-01 4.428318417412477892e-01 -1.304041065678890776e+00 1.921789506049804419e-01 3.698841890299208179e-01 -1.231329650143840659e+00 5.192243503581250516e-03 -8.659358686530169158e-02 8.837122956705698584e-01 -1.153916405095300801e+00 2.841141621512506266e-01 7.449525328027234439e-01 -1.105185466127547089e+00
5.043169405006468764e-02 -1.717720262421998934e-01 4.432274732134015016e-01 -1.306099556237161119e+00 1.941941733394990099e-01 3.704970282710794427e-01 -1.233635634429799621e+00 5.492566608376246023e-03 -8.719072574575140178e-02 8.838915253722544607e-01 -1.156929165600850906e+00 2.830351606148913124e-01 7.463279432869912577e-01 -1.105849867254007801e+00
4.528970325451100315e-02 -1.703266518634490301e-01 4.435381157212256453e-01 -1.307947716052753506e+00 1.959489804233061072e-01 3.709300466174754174e-01 -1.235801168046050336e+00 6.193667194770341271e-03 -8.722971283637728779e-02 8.840253548834434705e-01 -1.158551493047275560e+00 2.825152307623239323e-01 7.474648008425341938e-01 -1.105620730551164277e+00
4.120076789547625490e-02 -1.692733245927411367e-01 4.439484217450812564e-01 -1.309664455340750377e+00 1.973191389427087772e-01 3.712936464460107611e-01 -1.237782324093134934e+00 7.043905399234912969e-03 -8.657078135364681959e-02 8.841737828904703278e-01 -1.159037035072289834e+00 2.827365721755711880e-01 7.483706981549362869e-01 -1.105010445432517141e+00
3.871223326866690684e-02 -1.686377339034525746e-01 4.443301101023791055e-01 -1.311096729152360751e+00 1.982739251802890512e-01 3.714626897822129181e-01 -1.239295116047067546e+00 7.301864188615277834e-03 -8.497720295188496142e-02 8.845910966870189629e-01 -1.159872959338959619e+00 2.841314651640521327e-01 7.492115673457998559e-01 -1.105994043448361053e+00
3.798104433209466280e-02 -1.683794703377616830e-01 4.448522475370585982e-01 -1.312696198913690493e+00 1.989175187767606157e-01 3.714694733654946845e-01 -1.240389758688488886e+00 7.391801754291882354e-03 -8.244622556560758653e-02 8.851280269539869572e-01 -1.159881766278517246e+00 2.866408414687225958e-01 7.499452533293362588e-01 -1.107513842907754009e+00
3.885079094255589061e-02 -1.682594732182072783e-01 4.452887860475078230e-01 -1.313631583832223226e+00 1.991763970808303752e-01 3.709151118317494111e-01 -1.239984087764390619e+00 7.878738727277415088e-03 -7.910176232731218338e-02 8.855901416654861080e-01 -1.157823183389508737e+00 2.899772564302795508e-01 7.503126825254149423e-01 -1.107944186707954026e+00
4.057269736800717813e-02 -1.687981804839154831e-01 4.460816828112299515e-01 -1.314870360551984030e+00 1.990574239687389613e-01 3.712630090712330522e-01 -1.241525996969032208e+00 7.919091449109585956e-03 -7.510477120785889749e-02 8.862910089135230818e-01 -1.155836695817416215e+00 2.941541598129434609e-01 7.506556202428459335e-01 -1.109559483079016085e+00
4.376103498579780871e-02 -1.692559963952521840e-01 4.472596584423810251e-01 -1.316748515716715806e+00 1.988350080842378742e-01 3.711571388871880428e-01 -1.241960654678430975e+00 8.073469505972851942e-03 -7.043977248783045431e-02 8.871382779160573717e-01 -1.152957464376481500e+00 2.991080650498790794e-01 7.508942947942209845e-01 -1.111082845834694854e+00
4.786568119309692754e-02 -1.696089819258314313e-01 4.489375220090771057e-01 -1.319483507894277041e+00 1.985177017922833131e-01 3.712528681693200716e-01 -1.242736574593639842e+00 8.408707261084764559e-03 -6.523476684449759644e-02 8.881319032617720488e-01 -1.149110020475063054e+00 3.047281897161752129e-01 7.510912464595126403e-01 -1.112239584952055660e+00
5.242113298178804198e-02 -1.699385449049315711e-01 4.510140968129252026e-01 -1.322862766886957253e+00 1.979396097054909043e-01 3.713478547912466010e-01 -1.243798980535963938e+00 8.885756155048291777e-03 -5.961038972537126973e-02 8.892052626107285196e-01 -1.144558227910896120e+00 3.108478576884122768e-01 7.512494275817166445e-01 -1.113216866783255155e+00
5.804384848016377191e-02 -1.711917520567005357e-01 4.536516438095366532e-01 -1.326498904013490687e+00 1.968095208626646497e-01 3.716924672920260964e-01 -1.245502174651825777e+00 9.306561335655714681e-03 -5.312483830590622458e-02 8.904687152533660166e-01 -1.139000828024548051e+00 3.179886645938737599e-01 7.513846238352664964e-01 -1.114315576467713509e+00
6.560340944135503727e-02 -1.727817425374877647e-01 4.562896216176838271e-01 -1.329486531736374877e+00 1.957948575737154251e-01 3.725316879911811374e-01 -1.247963667354459183e+00 7.530077759037714230e-03 -4.585051819589223976e-02 8.926598159770887664e-01 -1.137423695461455386e+00 3.265560201061751266e-01 7.523558862702723893e-01 -1.121255176461734671e+00
7.372294623874116326e-02 -1.746471268509809383e-01 4.590547812924030691e-01 -1.331940503207512672e+00 1.948743860894222024e-01 3.738295842091721166e-01 -1.250891707242844042e+00 7.259588999909799903e-03 -3.832582364517873180e-02 8.943270952750221880e-01 -1.131158758460896419e+00 3.351028608144287491e-01 7.528882150488874769e-01 -1.123586103900970246e+00
8.105617212540808247e-02 -1.787002853101822275e-01 4.624261583959617949e-01 -1.334016548937472457e+00 1.924005283629581786e-01 3.750495023769829794e-01 -1.254237394038496101e+00 5.267076443591237403e-03 -3.024562287968517865e-02 8.964238338403560657e-01 -1.127319567496910757e+00 3.446865272852649431e-01 7.538220487522155899e-01 -1.129722211029352552e+00
9.229618353533146358e-02 -1.801787893697233411e-01 4.644280216616000767e-01 -1.335105934700786978e+00 1.925339857667532906e-01 3.774750447022268696e-01 -1.258456328312672179e+00 1.600233465666792620e-03 -2.215862962969017066e-02 8.989101549278446512e-01 -1.126417440800016934e+00 3.546600055576669686e-01 7.550905238879564996e-01 -1.139469408716265564e+00
9.987041272663556291e-02 -1.838481929627775180e-01 4.671572132280235046e-01 -1.337522647092542760e+00 1.905656971854471637e-01 3.792579705200339601e-01 -1.262021511774951144e+00 1.012701390480952226e-03 -1.444367396836506237e-02 8.999178154591955803e-01 -1.117045124031988523e+00 3.635023561787902313e-01 7.552792193754914729e-01 -1.139954826945505983e+00
1.053457600509609265e-01 -1.854765802547844733e-01 4.691258740692230700e-01 -1.339679041041552665e+00 1.885462910279251114e-01 3.807490195982884962e-01 -1.264618144763734353e+00 1.886065076146455652e-04 -7.802876700287162716e-03 9.007023723265703552e-01 -1.108624690121198242e+00 3.711364281037692892e-01 7.555816508242748641e-01 -1.140225069055251561e+00
1.081350423056869348e-01 -1.828608343010535153e-01 4.716594334875039429e-01 -1.339768421216957828e+00 1.858446650844244319e-01 3.825350741888205452e-01 -1.267383273658782006e+00 -1.630378956264988887e-03 -2.121232734725070086e-03 9.017718156260124962e-01 -1.102335647025106669e+00 3.778736283151131192e-01 7.562206044633994484e-01 -1.142045791148204703e+00
1.100432474334386151e-01 -1.806796498728263090e-01 4.760400067060449603e-01 -1.339427829215896315e+00 1.832609435304821677e-01 3.839544356034208517e-01 -1.268344712531971785e+00 -2.162264379442322727e-03 2.608589338016195028e-03 9.021213380067021337e-01 -1.092620070299282764e+00 3.832976683009292063e-01 7.563919906153696582e-01 -1.139926340149420403e+00
1.114433963745659201e-01 -1.788796518297755822e-01 4.809021703563292061e-01 -1.339343620753028707e+00 1.816505593452838185e-01 3.854375731632013746e-01 -1.267568823191454808e+00 -2.859069554828884332e-03 6.123076289154063406e-03 9.018827802992913645e-01 -1.083830062897127355e+00 3.871606968394313286e-01 7.563792063374600305e-01 -1.137436623702156258e+00
1.128918715469399980e-01 -1.772832784708532616e-01 4.852132627837074663e-01 -1.340830413687623679e+00 1.817239267770784927e-01 3.877862842355519479e-01 -1.265826991631746834e+00 -4.775236190440720029e-03 8.380061119356822449e-03 9.015648740657459248e-01 -1.079662795372022144e+00 3.895518959703123119e-01 7.567942463375881834e-01 -1.137531965281936230e+00
1.129552163889757377e-01 -1.773291604724631654e-01 4.882935688662504714e-01 -1.345091901952262470e+00 1.820630193880077852e-01 3.903285037915338318e-01 -1.262644395180363421e+00 -3.766448456128408413e-03 9.438569188545072736e-03 8.994384856095168912e-01 -1.070707842830347589e+00 3.895658990039729264e-01 7.563628202974868042e-01 -1.129748426626641322e+00
1.137138006271290747e-01 -1.776034776306214535e-01 4.888711013354062884e-01 -1.353614900287630762e+00 1.842268298348736510e-01 3.942338340751751491e-01 -1.259741660859104329e+00 -5.576458643843850913e-03 9.436821585193199205e-03 8.984342753755309996e-01 -1.072897662435131405e+00 3.886420429735172877e-01 7.575557445639065079e-01 -1.129942765986548858e+00
1.123065764556921142e-01 -1.811108473325118706e-01 4.879755600259102488e-01 -1.372293961997531841e+00 1.879650691875376645e-01 3.998072062988620723e-01 -1.259641456576374718e+00 -4.010457785588925766e-03 7.871300238530103133e-03 8.976654875482993345e-01 -1.071821054080444924e+00 3.849611265935394266e-01 7.596482947865462743e-01 -1.124575166948821758e+00
1.049377585746679165e-01 -1.732846849919738863e-01 4.843012525218472475e-01 -1.407578035938172212e+00 1.914616923931134196e-01 4.069167626498192414e-01 -1.264068041317923274e+00 -1.343267185000244493e-03 3.915657272624561286e-03 8.994493834679939681e-01 -1.072949546803364518e+00 3.782044322557135407e-01 7.638237431461113447e-01 -1.120510089810099474e+00
9.296494211826057674e-02 -1.656306210931670908e-01 4.695983589853610085e-01 -1.451885454926687746e+00 1.931152725778009782e-01 4.147573876293211836e-01 -1.271242699975406287e+00 5.368041442333727417e-04 -1.377554522775455322e-03 9.040142626246487900e-01 -1.078991095102618925e+00 3.701115739416138695e-01 7.699105506313759228e-01 -1.120895440657732722e+00
7.209610233114294164e-02 -1.628633340679245811e-01 4.396035211434915491e-01 -1.474216345285227048e+00 1.882633982399655737e-01 4.215778944458216104e-01 -1.279708221062226814e+00 2.508266411798451665e-04 -7.357334514878476756e-03 9.112813496751648312e-01 -1.093239198919405908e+00 3.620264842834956531e-01 7.784304970258167922e-01 -1.128727012488525805e+00
4.062553112863118154e-02 -1.615947467250364311e-01 3.904059277863600186e-01 -1.479522670980147669e+00 1.764229542376321846e-01 4.273679960923332244e-01 -1.289233741883711204e+00 1.596031400307292882e-03 -1.504928382153828369e-02 9.197971816520010835e-01 -1.108839433943550112e+00 3.525593978141082774e-01 7.887094223684602001e-01 -1.134195529925508872e+00
-1.299474109572377166e-04 -1.625515664426513684e-01 3.258180375732797618e-01 -1.469823352150016138e+00 1.576775253487952000e-01 4.321235044374131529e-01 -1.300639756698298122e+00 3.909906488153471089e-03 -2.255752250558713118e-02 9.292697760565343801e-01 -1.128568409206129219e+00 3.422439775472323475e-01 8.013020592973507661e-01 -1.140102483962484259e+00
-4.418379751509057124e-02 -1.553316037390201076e-01 2.892121639898590502e-01 -1.429596280255743590e+00 1.365950576156406138e-01 4.374456538349999479e-01 -1.314314045771255435e+00 8.451191561193639886e-05 -3.041726679055158436e-02 9.415007318062537101e-01 -1.170311281602344433e+00 3.325962302505648394e-01 8.187115170583896262e-01 -1.164465448878772014e+00
-8.187724416249451964e-02 -1.503956095966309525e-01 2.707039759170512538e-01 -1.394372026041432733e+00 1.204608980854260658e-01 4.468382959306740898e-01 -1.331015518645279005e+00 4.707523084533828638e-03 -3.998582194311527116e-02 9.515557698247737450e-01 -1.201780457223377896e+00 3.211513113607086800e-01 8.362003942395187517e-01 -1.169519576866377308e+00
-1.104364153758832373e-01 -1.510005795179378829e-01 2.767459412685712716e-01 -1.385271173808431566e+00 1.127568246172626770e-01 4.627613411717975689e-01 -1.352255566582410751e+00 9.324618037447554185e-04 -5.357812741391292100e-02 9.675592779888033679e-01 -1.270313154080453977e+00 3.101291539387101559e-01 8.588897575868358336e-01 -1.196221228469067643e+00
-1.258964014125515396e-01 -1.458053550323860081e-01 3.089708280770699922e-01 -1.399835347484392534e+00 1.147097340176571750e-01 4.877563268449297551e-01 -1.380519680528029536e+00 -7.877280758091286320e-03 -7.786954664220982480e-02 1.007769794060791035e+00 -1.412267481123234081e+00 2.997311505689096989e-01 8.858669797746143715e-01 -1.234713148685554263e+00
-1.505368447012073174e-01 -1.541044310593790712e-01 3.458917412614826437e-01 -1.437379650135150788e+00 1.058340481395637217e-01 5.098973173488874355e-01 -1.405455199322388271e+00 -3.060479489590732603e-03 -1.144064324737743693e-01 1.042177902566827852e+00 -1.542839165204493268e+00 2.883169883395338418e-01 9.103661094416574118e-01 -1.237716702545534009e+00
-1.335170681078594324e-01 -1.373774361010323963e-01 3.616917204344564651e-01 -1.454189340860444490e+00 1.271672902394382354e-01 5.532970099578246037e-01 -1.441763665290168861e+00 -3.425389298239497806e-03 -1.651479804380615035e-01 1.053360728905728294e+00 -1.684551669513092875e+00 2.806489256905391749e-01 9.351872178818785297e-01 -1.246386674880009870e+00
-1.356647146846423069e-01 -1.386860523174196225e-01 3.888067669006859406e-01 -1.476165411104709557e+00 1.281453662526766124e-01 5.886395881591118817e-01 -1.470294438452821595e+00 -6.548284680046691296e-05 -2.352057556121319171e-01 1.030493860979384557e+00 -1.804108303287146331e+00 2.747589979792908199e-01 9.564753448700327176e-01 -1.236746556719515722e+00
-1.315270841357417675e-01 -1.365982098938947065e-01 4.170410973489336315e-01 -1.495235834303702660e+00 1.341165847375824227e-01 6.252913723307890193e-01 -1.508627257041593062e+00 4.403557537226966689e-03 -3.248933729039853446e-01 9.714941583252454382e-01 -1.883642125938337131e+00 2.687097647161463265e-01 9.738844170624075813e-01 -1.214901779341827748e+00
-1.793796973489977520e-01 -1.790207798941083339e-01 4.701888617555278205e-01 -1.530178314551201124e+00 8.526506938724932871e-02 6.307485905488915412e-01 -1.528480864010208773e+00 1.262785760892874958e-03 -4.018511510476591164e-01 8.682806188621474686e-01 -1.928629571124471420e+00 2.662349590677146605e-01 9.895928926303557693e-01 -1.196321086183160798e+00
-1.345340085383243400e-01 -1.493486853718102858e-01 4.873368899739420890e-01 -1.527526581754503399e+00 1.226681195057142820e-01 6.745268641246354724e-01 -1.585338549217209181e+00 6.155798602387507583e-03 -4.251503508916998353e-01 7.429922242351635342e-01 -1.913508002841836975e+00 2.620358788234159464e-01 9.965022730359626157e-01 -1.142763169591110461e+00
-1.287687628314850841e-01 -1.530036767342896342e-01 5.237795786032461987e-01 -1.535378344302607889e+00 1.212128597163146387e-01 6.812636182709016497e-01 -1.637076474730118303e+00 6.435492504999804249e-03 -4.436350568957068141e-01 6.079080618301845318e-01 -1.868276361263178531e+00 2.594665707269226962e-01 1.004111468767331150e+00 -1.092788101555107971e+00
-1.242927027769652193e-01 -1.589976289741344140e-01 5.619862309876455519e-01 -1.537756443416913754e+00 1.181662321094078122e-01 6.490508336481717322e-01 -1.680283378340929890e+00 5.436301674631012666e-03 -4.526807273572699408e-01 4.796909182900535584e-01 -1.796553241172817783e+00 2.595438131760413047e-01 1.005871227858705197e+00 -1.034510714630884731e+00
-9.777478665128351565e-02 -1.470612523954177020e-01 5.924834387676614078e-01 -1.527499063332143692e+00 1.345726572224205386e-01 5.667931719638025223e-01 -1.702034291580237335e+00 3.470874946347189075e-03 -4.409289248377163961e-01 3.836540967822508752e-01 -1.716699928406702380e+00 2.631279823707926568e-01 1.002670525408193569e+00 -9.768953360330195901e-01
-3.782578268296538093e-02 -1.047023411179303642e-01 6.093832371299415795e-01 -1.503223727085263084e+00 1.755527464382187486e-01 4.505090559025118346e-01 -1.679134505766023633e+00 -7.810693553539806502e-03 -4.148495644163912033e-01 3.284959402391388616e-01 -1.655517288468488335e+00 2.695573645936051865e-01 1.003903983762967300e+00 -9.417337808050096903e-01
4.881530915123802328e-02 -3.793315858450886646e-02 6.104581948074641051e-01 -1.464542965339285630e+00 2.207272597412947013e-01 3.098405127989969920e-01 -1.587985244920263384e+00 -9.137854358153875423e-03 -3.682987385482988096e-01 3.173856824967842827e-01 -1.579375138751111685e+00 2.791303171940470729e-01 1.018194205089220539e+00 -9.200000000000000400e-01
1.269673691405010796e-01 1.559200214051277046e-02 6.173228408830132574e-01 -1.429710158868916281e+00 2.424939356704379489e-01 1.525531194472979912e-01 -1.453770473615299430e+00 -1.150365885740250310e-02 -3.130147507273419172e-01 3.379801588326210027e-01 -1.526260667651240910e+00 2.903576116815785868e-01 1.036774729073478341e+00 -9.200000000000000400e-01
1.848565337382365725e-01 4.645867722197282584e-02 6.427348532430235961e-01 -1.410908915632361982e+00 2.489339711741037076e-01 -2.573439062611353897e-05 -1.303087095864286393e+00 -1.069138025435053055e-02 -2.558847493139898566e-01 3.874005229804297068e-01 -1.498561641386958465e+00 2.997887722020605161e-01 1.053954149589723777e+00 -9.200000000000000400e-01
2.358662013841683058e-01 7.071006834290451126e-02 6.743301359482500867e-01 -1.398230115513051652e+00 2.564303870822026155e-01 -1.209204981397101059e-01 -1.169432153006331410e+00 -1.664439080516833674e-02 -2.053385415034981731e-01 4.458713265730601116e-01 -1.511065453310104223e+00 3.106384707857142158e-01 1.068149066217861654e+00 -9.200000000000000400e-01
2.714568049637806624e-01 8.094872316745713170e-02 7.168830602542128894e-01 -1.399056571852282493e+00 2.668865969546816985e-01 -1.732948446928276875e-01 -1.098056406101733495e+00 -6.668118351256389215e-03 -1.549557275383115218e-01 5.191454527648624584e-01 -1.504112377222622809e+00 3.360093379812750802e-01 1.148307021186738108e+00 -1.046819193377643842e+00
2.893936888667902885e-01 7.333628385458929033e-02 7.799608059987759301e-01 -1.411352113794965613e+00 2.799930352943605927e-01 -1.596454851888889637e-01 -1.106749287923709080e+00 -9.194143410657452595e-03 -1.113585859987670373e-01 5.917416769823227174e-01 -1.522231757006196062e+00 3.683767399471726267e-01 1.204477482573473646e+00 -1.223166696768467121e+00
2.759663361731134468e-01 6.320162801945451714e-02 8.505468751765052904e-01 -1.420917635793801814e+00 2.874135693513744649e-01 -1.074335614470618427e-01 -1.177115702033239009e+00 5.325883214496007767e-03 -7.623236423087469127e-02 6.649860616160758742e-01 -1.497816739665948749e+00 4.184744338005848552e-01 1.245235026671594136e+00 -1.411907277120937554e+00
2.551514086971600204e-01 5.103465805140965095e-02 9.197323537265601479e-01 -1.439856450128245147e+00 2.923835611875287843e-01 -4.324795731747180932e-02 -1.262017907861618271e+00 4.148723960401960210e-03 -5.258684232869218628e-02 7.323858880996947374e-01 -1.503458610683513275e+00 4.819297721853688099e-01 1.266034195792356654e+00 -1.597822734506836984e+00
2.481751135546942377e-01 5.187680829612458661e-02 9.721678339560710924e-01 -1.464646303922314097e+00 3.037123744403708026e-01 1.811571880867867898e-02 -1.341402577633302728e+00 1.878720151901132904e-03 -3.749300753033804612e-02 7.966402499536002768e-01 -1.508450570676032498e+00 5.588327369816955548e-01 1.231217443891079677e+00 -1.761233932925361900e+00
2.348434944419421355e-01 3.870391010004612525e-02 1.020748862888650077e+00 -1.504023863460058896e+00 3.107038329244713459e-01 7.565487098464949989e-02 -1.399175696734483942e+00 1.072777072631199468e-03 -3.466094703284181011e-02 8.569496689207433127e-01 -1.509959816337431260e+00 6.234157166018338136e-01 1.157787872760821291e+00 -1.852970629744437048e+00
2.296821924621211819e-01 3.079797053293682405e-02 1.045887719304059216e+00 -1.549709785211184077e+00 3.187329720463818461e-01 1.366417575551862884e-01 -1.453878072225852414e+00 3.877568656069759682e-04 -3.586619639698711975e-02 9.113113124294111023e-01 -1.502056200342994252e+00 6.606971724382272315e-01 1.051847067581191952e+00 -1.911728645108163427e+00
2.175468231282506326e-01 4.389143954180664033e-03 1.051371443196947419e+00 -1.612091887137899304e+00 3.201512526272131121e-01 1.963165114754313600e-01 -1.498316986926273797e+00 1.569107876867331273e-03 -4.138436717609041832e-02 9.576518065107604283e-01 -1.481644246451720548e+00 6.832688302176737061e-01 9.181835504387589886e-01 -1.917189929378040114e+00
2.070270907047100373e-01 -2.662175417012628900e-02 1.023063735215336445e+00 -1.678383217986329168e+00 3.197724281634879984e-01 2.558506273359464345e-01 -1.532521036140264137e+00 1.336823810911471223e-04 -5.168889734470752395e-02 9.967454396879629197e-01 -1.459726140788364601e+00 6.961148160901496906e-01 7.542116866338578474e-01 -1.882499504649562283e+00
1.997874951758244755e-01 -5.703309492209505255e-02 9.648895001557108442e-01 -1.743646080229722450e+00 3.196483297773822785e-01 3.146993749650495720e-01 -1.557059436173486633e+00 7.146737946335557021e-03 -6.587618381506067655e-02 1.027384327581292167e+00 -1.415258516103024222e+00 6.896033799452659929e-01 5.794284378002091396e-01 -1.800620461436743591e+00
1.903445307413920429e-01 -9.183128797162425083e-02 8.797582077483636631e-01 -1.790587160863345240e+00 3.168170738576035483e-01 3.718129259213371340e-01 -1.572033534909411667e+00 -6.020255561331115668e-03 -8.436087922229792979e-02 1.055094412643476032e+00 -1.407163666310957018e+00 6.469741761203893216e-01 3.668653918777149414e-01 -1.711484915017633668e+00
1.693770293698955709e-01 -1.169308477748660230e-01 7.682537339322119685e-01 -1.806696535622741129e+00 3.029923926380946875e-01 4.252715389183056027e-01 -1.576091137791794106e+00 -1.011748125618874838e-02 -1.039001457598119071e-01 1.075847138950178250e+00 -1.375946264976836142e+00 6.262666834381086511e-01 2.826554270181280692e-01 -1.715074086479566384e+00
1.354425321016436701e-01 -1.485555007154588103e-01 6.464497659130878926e-01 -1.799050466791693337e+00 2.767634772931553133e-01 4.738767825741731499e-01 -1.571329358050117087e+00 -7.967221905765570211e-03 -1.244252697296533011e-01 1.091206021059748732e+00 -1.327426205107247403e+00 5.134557957638571368e-01 2.305397180058253448e-01 -1.545161529300202785e+00
7.487822695760350256e-02 -1.933294778176445072e-01 5.252942420481084840e-01 -1.764226244316571046e+00 2.298367217733866541e-01 5.138896938285225646e-01 -1.560433720089688059e+00 -3.173804304268861096e-03 -1.457911567325547164e-01 1.100029843419838116e+00 -1.268933698423484469e+00 4.223624656717218651e-01 2.168323188050467754e-01 -1.404025588602687780e+00
2.955726169782291191e-03 -2.345184848579451031e-01 4.064452711558123044e-01 -1.697702701523046809e+00 1.728625876998406141e-01 5.447463680421763543e-01 -1.545025902873358392e+00 -8.588477178689787536e-03 -1.665059895656183786e-01 1.107775741965675520e+00 -1.232693387946878438e+00 4.187109990039871166e-01 2.298003570746212365e-01 -1.433194509114677384e+00
-6.824176975946032175e-02 -2.620823103299461665e-01 2.839307089788399296e-01 -1.610010588657994735e+00 1.129067212439085199e-01 5.689379373588936417e-01 -1.522135148100022928e+00 -3.666538165217183252e-03 -1.841609107874145335e-01 1.108880887306521901e+00 -1.178332276835964088e+00 3.881783084567311248e-01 2.927720213339792821e-01 -1.451200026065632809e+00
-1.304632020274671123e-01 -2.685761197694761515e-01 1.676039673529887974e-01 -1.514695962613695324e+00 5.647965199831259803e-02 5.889371862072795283e-01 -1.491056290602452261e+00 -8.235512256404490042e-03 -1.946838936248005691e-01 1.111141557732914009e+00 -1.149247744902126778e+00 3.659022055850902344e-01 3.564568475704061323e-01 -1.471470313078096170e+00
-1.758841965568312959e-01 -2.688996311114357773e-01 7.072848563168830649e-02 -1.427726830224642640e+00 1.187481930278247964e-02 6.108291441721309667e-01 -1.460856374386498402e+00 2.753609515138858398e-03 -1.963440230566909639e-01 1.107418708534690710e+00 -1.091273197859668809e+00 3.532758043500052736e-01 4.178980189921090993e-01 -1.456367848020040157e+00
-2.031160593531884107e-01 -2.634652093356564251e-01 -5.150812524453552907e-03 -1.357168876761833731e+00 -1.846007567411267480e-02 6.385667055889145960e-01 -1.436645107145736899e+00 6.852411120464929790e-03 -1.990389276796624696e-01 1.109010904311647838e+00 -1.064614930532273629e+00 3.354206758957490320e-01 4.737918640633023148e-01 -1.451521066189170650e+00
-2.139548369697672481e-01 -2.650858344736263805e-01 -5.619748445563582662e-02 -1.295791666737539094e+00 -3.763434996570763635e-02 6.709439068729372568e-01 -1.417090286530072296e+00 -8.305082507575216105e-04 -2.019277334962863157e-01 1.124337628816387769e+00 -1.094789896112759120e+00 3.252752023141389781e-01 5.186173237194318109e-01 -1.470942344580368655e+00
-2.090917284328067949e-01 -2.750676020026258661e-01 -8.212199371054564045e-02 -1.244880532839705678e+00 -4.448075203869036875e-02 7.058265983768220453e-01 -1.400885752822448760e+00 1.248222414603407382e-03 -2.113984812944951219e-01 1.160806493554724428e+00 -1.164685176826967261e+00 3.141359330660449811e-01 5.624424240690261145e-01 -1.466089042231537798e+00
-1.922367337720756186e-01 -2.808094424796970801e-01 -8.314712447119673722e-02 -1.221483523488368972e+00 -4.164877914406844850e-02 7.448525976916257063e-01 -1.386410295450080765e+00 7.128506880013630274e-03 -2.219820289176910599e-01 1.198354737816857307e+00 -1.263139607767995054e+00 3.038029773462308514e-01 6.026423089737884542e-01 -1.446876449558081701e+00
-1.742281900859085630e-01 -2.806448931324377893e-01 -5.718364015867578865e-02 -1.231551397565072703e+00 -4.054053238770759238e-02 7.813745127786915212e-01 -1.366994854597989528e+00 2.012727820562935487e-03 -2.193085735623205301e-01 1.217596230406984059e+00 -1.395101742678757084e+00 2.997044472889342503e-01 6.379785000723451338e-01 -1.446947512423312654e+00
-1.611272299393658458e-01 -2.816477120370969867e-01 -1.411372657761550756e-02 -1.257658189214905464e+00 -4.624108565298941376e-02 8.124022214298616262e-01 -1.347357052065743854e+00 3.848150505498689725e-04 -2.128437023150676066e-01 1.218497615332511774e+00 -1.522323772176045864e+00 2.964458039420828639e-01 6.714812241753956856e-01 -1.437696890590677956e+00
-1.461070407479019007e-01 -2.838128962730982474e-01 3.164199678245067926e-02 -1.270735059068852424e+00 -4.716040081781629895e-02 8.461409286358299031e-01 -1.338959756544358060e+00 2.692026915078867422e-03 -2.006826610178153725e-01 1.190470728371276321e+00 -1.628119290054154567e+00 2.911650769877214273e-01 7.049261074390331672e-01 -1.421043777861658697e+00
-1.443065005675034373e-01 -2.916011444749215809e-01 7.922863206641883593e-02 -1.274748859911071452e+00 -5.846577796849580788e-02 8.683820851267994856e-01 -1.331463624034302518e+00 -2.292822438860747138e-03 -1.787525065693391924e-01 1.135308801777098919e+00 -1.724180203783918897e+00 2.825580370635872862e-01 7.361658444694840764e-01 -1.417085882254669249e+00
-1.353989409180776649e-01 -2.949738351241767975e-01 1.221961815280593194e-01 -1.287481680747263768e+00 -5.124251430007333713e-02 8.961594752747387149e-01 -1.340706053656866237e+00 -4.179388342292830391e-03 -1.587680566660311099e-01 1.053261750584255418e+00 -1.787137600844319829e+00 2.699908845594051199e-01 7.657420584622479653e-01 -1.400601624786897093e+00
-1.304585585810131287e-01 -2.968822234456746090e-01 1.616993752952832208e-01 -1.310577218391095755e+00 -3.520127741400119747e-02 9.205622625246590029e-01 -1.359996358191085664e+00 -2.246491020487473029e-03 -1.479297220545222336e-01 9.476492517463470655e-01 -1.814418368112023616e+00 2.523472373633360855e-01 7.952177715606719710e-01 -1.372739420650180397e+00
-1.356751542569270275e-01 -3.029236922440922686e-01 2.074038570356222799e-01 -1.346239870928685134e+00 -1.745269274923293493e-02 9.350196714133486298e-01 -1.388181103177111853e+00 -4.139228296597556415e-03 -1.476591069055278593e-01 8.242625325159009808e-01 -1.822226308023993102e+00 2.312430732048439408e-01 8.229903937043089313e-01 -1.345565570419623214e+00
-1.422723699911764283e-01 -3.067180024421010121e-01 2.461887955794628269e-01 -1.366169657777080548e+00 1.278443359020922133e-02 9.396396583536995584e-01 -1.430099515789318598e+00 -7.701683200671580881e-03 -1.559674879699061989e-01 6.892575164006861099e-01 -1.802260580136709756e+00 2.121505116100560751e-01 8.491966267141258795e-01 -1.322457177003715234e+00
-1.455679397261735175e-01 -3.063260210430183150e-01 2.869165095103420882e-01 -1.391974375619467796e+00 5.987780292893687267e-02 9.320421856525236137e-01 -1.484265855241714949e+00 -8.053192668648494245e-04 -1.686666660241723237e-01 5.653192045830103263e-01 -1.734416919495456400e+00 1.938911801394157253e-01 8.733179945621728502e-01 -1.274636886482577225e+00
-1.509131853464560913e-01 -3.046557142181072209e-01 3.263300113332052721e-01 -1.415871548706046701e+00 1.097574035818851268e-01 9.039613236159210752e-01 -1.548640530336513388e+00 -5.418833366685858396e-03 -1.887901229231972178e-01 4.543527021117471643e-01 -1.675202797342821626e+00 1.791292486305647857e-01 8.950380849896462099e-01 -1.245678658414058004e+00
-1.432980989320677412e-01 -2.930455618040171406e-01 3.620602722243736471e-01 -1.434428706908064566e+00 1.334405332628345597e-01 8.333789676009450975e-01 -1.594016668478385412e+00 -7.631440521742583784e-03 -2.095573764502737801e-01 3.687035899570448860e-01 -1.614120033254258679e+00 1.674084583743836729e-01 9.122502770584295373e-01 -1.206472669006831921e+00
-1.323424715944036822e-01 -2.794948622868355659e-01 3.958253225358558391e-01 -1.449054528115967244e+00 1.620038852674672292e-01 7.340822077215897190e-01 -1.623369660850678908e+00 -1.049526496289037401e-02 -2.272594288338180557e-01 3.049256873558812697e-01 -1.556488491652064710e+00 1.557847034979336909e-01 9.261497618088536665e-01 -1.164952631444501341e+00
-1.105285331580055930e-01 -2.591242569277374397e-01 4.268844236911274459e-01 -1.459502954529147134e+00 2.007136649132147954e-01 6.128906891186793882e-01 -1.631393071901334979e+00 -5.573764264388754962e-03 -2.381810147071084516e-01 2.782722816294760371e-01 -1.492882197607609207e+00 1.451330767228220520e-01 9.330780478799927113e-01 -1.099463917232142318e+00
-7.343819852080439581e-02 -2.267181404257318789e-01 4.538731521711465988e-01 -1.464123154847639219e+00 2.476654369479500961e-01 4.745891485425883238e-01 -1.606920161930864177e+00 -4.849766507473660950e-05 -2.471261758842113465e-01 2.797832220288270499e-01 -1.443691389976826889e+00 1.348632257236940524e-01 9.353743296325203183e-01 -1.024324027928053660e+00
-2.441097572771817187e-02 -1.838672837145623185e-01 4.760372824446884032e-01 -1.462091818646749974e+00 2.922235406642950117e-01 3.235565308761633729e-01 -1.537695229116264439e+00 -9.711104368119548649e-03 -2.587354385759880193e-01 2.938023265148334562e-01 -1.447376607496404954e+00 1.271722304405428772e-01 9.442837171093613202e-01 -9.870981226319287538e-01
3.011043569484066901e-02 -1.347129023394750824e-01 4.929912523599963570e-01 -1.451710856952737494e+00 3.274923354845246659e-01 1.694292585722229627e-01 -1.438497580812059473e+00 -9.610426713542010238e-03 -2.653395657517960693e-01 3.255951595429330547e-01 -1.443986362536693990e+00 1.209451854396346449e-01 9.459593820482075088e-01 -9.200000000000000400e-01
8.414727651116421514e-02 -8.281596803535153095e-02 5.049600239663779577e-01 -1.432285456598186624e+00 3.482299963071256999e-01 1.866405291099852357e-02 -1.308814101698940746e+00 -1.324416541049590855e-02 -2.710236627997884007e-01 3.620553608767954068e-01 -1.453456104178218578e+00 1.209212622871933263e-01 9.770824356369147701e-01 -9.244830934832622971e-01
1.360939776902919673e-01 -2.950967935802002728e-02 5.120261776221882721e-01 -1.403218067269826008e+00 3.542831291388977011e-01 -1.247264653696336378e-01 -1.146253376733042950e+00 -1.322882666956061957e-02 -2.735064896003988610e-01 4.045726706823898899e-01 -1.458061049773828888e+00 1.174159109948480634e-01 9.981167594103845797e-01 -9.200000000000000400e-01
1.736143933414699692e-01 1.272733060508643953e-02 5.249827450832871278e-01 -1.376164830528108007e+00 3.503693908863257933e-01 -2.511664437300190067e-01 -9.882701291164874835e-01 -1.227335203032655329e-02 -2.719538153033593253e-01 4.502790106102020906e-01 -1.461406160795416076e+00 1.164777850770803008e-01 1.036794306463620252e+00 -9.200000000000000400e-01
2.169952899322825923e-01 6.003216048104693947e-02 5.322726818140112170e-01 -1.341665370415412895e+00 3.508037204722444513e-01 -3.121827171261025158e-01 -9.200000000000000400e-01 -1.371231186166498375e-02 -2.682422020036692722e-01 4.965825428177774170e-01 -1.471234865780803869e+00 1.093768578702717098e-01 1.021138890882010708e+00 -9.200000000000000400e-01
2.112159736597815363e-01 6.468470791769681538e-02 5.772126629210504456e-01 -1.344974777343302730e+00 3.447825597700638345e-01 -3.354604391908534988e-01 -9.200000000000000400e-01 1.794492171985338043e-03 -2.591934622114490661e-01 5.474365911154674968e-01 -1.446283699509271381e+00 9.885082328347240266e-02 1.017347865811746743e+00 -9.200018248915303731e-01
2.031090731417020123e-01 6.635503181349890200e-02 6.227979677075401455e-01 -1.351212253612144920e+00 3.477262449205682504e-01 -3.338788092396601792e-01 -9.200000000000000400e-01 -6.848529885618963482e-03 -2.567713203500644470e-01 5.937841828954985024e-01 -1.474287049676530792e+00 9.013910424993051840e-02 1.043752462808715142e+00 -1.049962605105042357e+00
1.885921353888201091e-01 5.884554094137357805e-02 6.759423845883220094e-01 -1.365190335096791996e+00 3.494554117174199503e-01 -3.185912107785276448e-01 -9.200000000000000400e-01 1.972714547978306372e-03 -2.476866697152928509e-01 6.457117095678591712e-01 -1.464507515618593603e+00 8.375920281929288835e-02 1.057046145767518874e+00 -1.148861608489248898e+00
2.006819285114257723e-01 7.996134073515305529e-02 7.085983262439724539e-01 -1.357754185457366924e+00 3.475640091928797748e-01 -2.857932722109449708e-01 -9.200000000000000400e-01 -8.223703152260793451e-05 -2.405575119253203775e-01 6.970002628293884284e-01 -1.476598837633669614e+00 8.380824576181764018e-02 1.074908097637616633e+00 -1.301969539748505600e+00
1.863006363136710530e-01 7.536520040306711465e-02 7.626672365018394295e-01 -1.369432054485061112e+00 3.496131119936056186e-01 -2.373052088764514289e-01 -9.731549535867342060e-01 -2.042281400092417596e-04 -2.312707798114531921e-01 7.483305378710634059e-01 -1.479796849942680570e+00 9.537440589779606903e-02 1.088797452769671104e+00 -1.486012659780311829e+00
1.670052916502225981e-01 6.221141438510058991e-02 8.208362545216896233e-01 -1.387312409707724070e+00 3.528543078391233045e-01 -1.851345305731307012e-01 -1.050809502237100013e+00 9.420272759322539241e-03 -2.195402104609189553e-01 7.986181532259860605e-01 -1.457690063982638673e+00 1.997384893348403134e-01 1.220331128914583063e+00 -1.820838610783322098e+00
1.616433447874565388e-01 6.076902309739286995e-02 8.664886869523906743e-01 -1.397925123662424829e+00 3.583429745317341930e-01 -1.296107293253822845e-01 -1.120521292528708468e+00 4.687130919475693790e-03 -2.104077466541383890e-01 8.446885792764126100e-01 -1.456647238563919977e+00 1.879614820350674620e-01 1.173251435583660518e+00 -1.864081655902498635e+00
1.576273952083096230e-01 5.564963940083968164e-02 9.081063636645573256e-01 -1.415773728810411969e+00 3.640274058794100709e-01 -7.371185579681829858e-02 -1.186023940969897827e+00 1.913095737934603470e-03 -2.005483569306548697e-01 8.896738986977138497e-01 -1.446946377795574223e+00 2.180395066087598976e-01 1.066753148361870629e+00 -1.949707346576310618e+00
1.627243819257675750e-01 5.377720606973211692e-02 9.400919107720505652e-01 -1.438000887198703781e+00 3.727043384608797472e-01 -1.526870058866459240e-02 -1.245573654324874324e+00 2.739031502310211499e-03 -1.897550130007130409e-01 9.315588407760032608e-01 -1.421514814593693332e+00 2.462344678766022477e-01 9.356704146663047394e-01 -1.978086095814620027e+00
1.742862239182234319e-01 4.536456446413598270e-02 9.689141191519784480e-01 -1.470874213514017592e+00 3.839782265659216764e-01 4.414217198137107556e-02 -1.295968345163347912e+00 -1.577207364505028115e-03 -1.775546469735435617e-01 9.704570551721898308e-01 -1.396922223669479823e+00 2.974384877210490830e-01 7.281802991356629562e-01 -1.942757618793292673e+00
1.758640432783627749e-01 6.138300179986152030e-03 9.999894397822667313e-01 -1.522411979260879455e+00 3.907706283384077550e-01 1.016979032345056710e-01 -1.337932571478732680e+00 -4.137167767502062635e-04 -1.648410035546574448e-01 1.003603818263596015e+00 -1.350279584196929061e+00 3.206095007806483710e-01 6.031438221286112844e-01 -1.884831812560231468e+00
1.783126062125648947e-01 -4.430020916946098009e-02 1.012252671462968046e+00 -1.578344797381234343e+00 3.975050823213261419e-01 1.583117460631827400e-01 -1.371350650337583410e+00 -9.381259893828843704e-04 -1.542763498862134430e-01 1.030568740594854482e+00 -1.296041178307103525e+00 3.455104419128270377e-01 4.501226747324713617e-01 -1.763653877034159434e+00
1.647705707651307971e-01 -8.862557925134952053e-02 9.959453107752685996e-01 -1.632225884685702288e+00 3.954409634301458421e-01 2.126931476011962030e-01 -1.402225224800597525e+00 5.475785791272413418e-04 -1.481908867298087629e-01 1.049468030250127804e+00 -1.228352885949447693e+00 3.604271608463742171e-01 2.676462303951449573e-01 -1.600230814392119338e+00
1.533979937036713259e-01 -1.168063150995812816e-01 9.472157186146344943e-01 -1.678275869928375075e+00 3.941258693839491123e-01 2.670773288975809012e-01 -1.431728559555332847e+00 1.359330489285884497e-04 -1.480826747532496268e-01 1.063021989293139402e+00 -1.160215052787212153e+00 3.917088513394001437e-01 1.853417845195072799e-01 -1.499020326159719918e+00
1.382291755481327711e-01 -1.505654933624298308e-01 8.764961255010388363e-01 -1.718367164001368685e+00 3.894952984056290202e-01 3.207940047756798196e-01 -1.458172090915468511e+00 -8.817962733862576979e-03 -1.528703692006831427e-01 1.075022832987312604e+00 -1.107474996462952666e+00 4.097235175822787623e-01 1.500048151196607393e-01 -1.423398712985103121e+00
1.298536354396704062e-01 -1.754097539855040133e-01 7.830732596295403303e-01 -1.744568502768309326e+00 3.752547750656992642e-01 3.774085822089579545e-01 -1.485228512055801309e+00 9.079832181310757561e-03 -1.594040739418752517e-01 1.064139953249219950e+00 -9.749444230083676999e-01 4.124684724120888379e-01 1.503965720095796488e-01 -1.278209776841779721e+00
1.007242040504082864e-01 -2.204042755050744373e-01 6.841513508774662577e-01 -1.752302029034564113e+00 3.347635588022654374e-01 4.339160580069159612e-01 -1.512677359380247832e+00 4.806821726993185454e-03 -1.740482978513195611e-01 1.074540831264640728e+00 -9.224876539459868630e-01 4.333505960029672699e-01 1.577810907239050042e-01 -1.231280623119282547e+00
6.542483223592257535e-02 -2.637748557628818435e-01 5.715773097599295971e-01 -1.728060481406128224e+00 2.867031089005342981e-01 4.866432187623117578e-01 -1.532134861220459721e+00 -3.907295004692751261e-03 -1.962973812568721832e-01 1.102566682768037376e+00 -9.200000000000000400e-01 4.540664632609781037e-01 1.873512935133553048e-01 -1.238541329359617915e+00
2.517197461555241780e-02 -3.024382927459768333e-01 4.497533595986994981e-01 -1.675988572189020864e+00 2.346929298875067293e-01 5.346495187761791668e-01 -1.542007072707398230e+00 -1.995260119536098036e-03 -2.154611194246353334e-01 1.128991230247325284e+00 -9.200000000000000400e-01 4.615174630122346189e-01 2.364497531629672911e-01 -1.248483447082328723e+00
-3.092574190974626408e-02 -3.434184089632930093e-01 3.235819248736074849e-01 -1.603639237577211718e+00 1.702440870560946173e-01 5.742413036627835865e-01 -1.540201100603493467e+00 -9.409714358106462465e-03 -2.333074143249836419e-01 1.150659627800095119e+00 -9.200000000000000400e-01 4.627233569412384506e-01 2.952133049384579877e-01 -1.297896663917527560e+00
-7.983224440978277381e-02 -3.690956030869559368e-01 1.935165150595370143e-01 -1.516118449760252451e+00 1.104498194050761717e-01 6.093962479509826835e-01 -1.528807789565333586e+00 -1.139756755187177999e-02 -2.428049716531009983e-01 1.158753282970414134e+00 -9.200000000000000400e-01 4.580735585986024372e-01 3.570308024268410430e-01 -1.338201622125977153e+00
-1.218677882247904271e-01 -3.855191089579728669e-01 7.112248022338975295e-02 -1.432079008604068004e+00 5.608735074716224983e-02 6.405835495867937546e-01 -1.508661378810721931e+00 -1.441023488186695539e-02 -2.412820653398363713e-01 1.162729024112212128e+00 -9.200000000000000400e-01 4.508401533644998405e-01 4.187721851894264935e-01 -1.378625559510261889e+00
-1.479213610748871810e-01 -3.899036743252746740e-01 -3.279742889098423431e-02 -1.349748694346872169e+00 2.134735404843214265e-02 6.757884705852169605e-01 -1.490302757391929189e+00 -1.591697187437100466e-02 -2.354627834904027550e-01 1.161517295985922571e+00 -9.200000000000000400e-01 4.364979670192321026e-01 4.802355664435919991e-01 -1.412127095359801077e+00
-1.662536493973519880e-01 -3.876996626132953039e-01 -1.193360665625801675e-01 -1.264678582526455930e+00 -2.030315556919881290e-03 7.148471410752853528e-01 -1.471079640448047954e+00 -2.720450087391410639e-03 -2.143352336304779893e-01 1.190049068495936391e+00 -1.010620668837017844e+00 4.107874468351775943e-01 5.415173748271375764e-01 -1.406557268959468976e+00
-1.841678250082916801e-01 -3.832126920074294119e-01 -1.847422420299488777e-01 -1.183852411705710317e+00 -2.114094655405313744e-02 7.557700373363325230e-01 -1.452418558375202284e+00 -8.055107932126060952e-03 -1.734040213532257180e-01 1.227853628716264911e+00 -1.204547857614236994e+00 3.885307080162123117e-01 5.961904691650835586e-01 -1.433260721379455482e+00
-2.004448308352327068e-01 -3.778042515715443472e-01 -2.232115663045106391e-01 -1.117780880017658518e+00 -3.266997782524875410e-02 7.990562230651465647e-01 -1.439134719981657984e+00 -7.477697897953415780e-03 -1.262261129841705798e-01 1.232832854350312424e+00 -1.366767060017941571e+00 3.601472093796115881e-01 6.505593443281986188e-01 -1.441412787362909009e+00
-2.163983972813686429e-01 -3.796591194501344746e-01 -2.093533590657355448e-01 -1.114495144615672118e+00 -3.930405964359212634e-02 8.404088430244864849e-01 -1.430250351732782921e+00 3.104967089427197995e-03 -7.865963214676596760e-02 1.194139416507617124e+00 -1.470886564652396977e+00 3.270930396638042081e-01 7.028287705041952327e-01 -1.418257452847954569e+00
-2.098856188367286824e-01 -3.811084543444157591e-01 -1.669823229909427331e-01 -1.148469906338260405e+00 -1.472493309190578761e-02 8.954695378029561281e-01 -1.436456410366902858e+00 7.817432393648542175e-04 -3.852739385676924588e-02 1.122018506539574023e+00 -1.560390236175324796e+00 2.973145395034831884e-01 7.507230860026119501e-01 -1.413637019136429362e+00
-2.042817868363674683e-01 -3.837179094761678511e-01 -1.099609134710319985e-01 -1.191554996836578839e+00 1.204388442862027418e-02 9.444081075901978872e-01 -1.442516025610442121e+00 -6.233393362802188298e-04 -7.326062716375878262e-03 1.023216064179036655e+00 -1.615498381429729013e+00 2.678463519548389682e-01 7.947628213337334380e-01 -1.396388966626965988e+00
-2.075021838213045589e-01 -3.908486450138811130e-01 -4.895562750138750946e-02 -1.239536389511624481e+00 6.228075239964638889e-03 9.749083311219467474e-01 -1.438403730614649545e+00 -1.389961885502576100e-03 1.487542233726469980e-02 9.120547412088166883e-01 -1.649837789518998621e+00 2.388239970733271322e-01 8.350950889213557549e-01 -1.367258607049168573e+00
-1.969406770901381554e-01 -3.933955669391647758e-01 8.281175901245836635e-03 -1.286585319479009115e+00 1.649073665519140697e-02 1.008891927276083234e+00 -1.447160128671966417e+00 -1.407217096092275082e-04 2.820603608650414096e-02 7.780407317990312155e-01 -1.650481229155175367e+00 2.096011123825154143e-01 8.715129947553744705e-01 -1.323226638480851758e+00
-1.927344146186089069e-01 -3.988216132995572316e-01 6.628198364381651664e-02 -1.333402016672808665e+00 2.067909074149512638e-02 1.032099998096960736e+00 -1.464187620043610583e+00 -1.038792530825160924e-02 2.441878572095010011e-02 6.350756227862691672e-01 -1.647016603468272056e+00 1.808133919222715824e-01 9.061627560994608421e-01 -1.293345121946429366e+00
-1.788513073809306630e-01 -3.991521049738142590e-01 1.214566043143300578e-01 -1.376775675825698819e+00 4.487845820393281809e-02 1.042982059019174956e+00 -1.501043644199792748e+00 8.272269451542542569e-04 1.225054883953968559e-03 5.119710786216946641e-01 -1.598694979161751961e+00 1.507703865278683941e-01 9.300119397464755577e-01 -1.200467047432714818e+00
-1.662618724942408199e-01 -3.996918323687705388e-01 1.763570584819035836e-01 -1.419509628258487588e+00 7.285050205038792748e-02 1.025874701651517507e+00 -1.552974751175585588e+00 1.814403951250802543e-03 -4.161171075971640404e-02 4.154087325532412334e-01 -1.566602968825960396e+00 1.245747115347351358e-01 9.495863813067181303e-01 -1.118767049291871540e+00
-1.531433089262369263e-01 -3.987582507459592751e-01 2.300691608587119297e-01 -1.457814382798848118e+00 1.046431848189094405e-01 9.849164827993114324e-01 -1.613947676978732870e+00 -9.280784094690732941e-03 -9.564900944455489995e-02 3.410967593926790831e-01 -1.543921907846568020e+00 1.038372076390030041e-01 9.679252924659537127e-01 -1.058777720176250048e+00
-1.393923853993022932e-01 -3.954138279799180311e-01 2.817880658626841228e-01 -1.487659235157284598e+00 1.384133937833876560e-01 9.191097109028161238e-01 -1.672946073964600044e+00 -2.155235836420299478e-03 -1.468766732064943903e-01 3.049741073161937877e-01 -1.482348645589613323e+00 8.856128915933975110e-02 9.668163722460200171e-01 -9.363018545646158985e-01
-1.245790982456767559e-01 -3.872683176649189263e-01 3.331483836554295919e-01 -1.512238331305987948e+00 1.728284934771965042e-01 8.221216167477592984e-01 -1.712648775515629884e+00 -8.588345771532768930e-03 -1.913835680421918650e-01 2.930870085201787156e-01 -1.459164680817038873e+00 8.270759599104617055e-02 9.989653605474270170e-01 -9.200000000000000400e-01
-1.039217552783448933e-01 -3.590721863620942034e-01 3.869130430739796678e-01 -1.534830215323407909e+00 2.096539737839753781e-01 6.953878636963476412e-01 -1.712041640922012942e+00 -9.049621131001011134e-03 -2.207444582503740871e-01 3.219730450523485277e-01 -1.444722695705065174e+00 8.704299488346148306e-02 1.036632910537138352e+00 -9.200000000000000400e-01
-5.633742440944901342e-02 -3.131967217526210878e-01 4.360785980153283337e-01 -1.549568691168458301e+00 2.637274450886719079e-01 5.532088161096126999e-01 -1.666967147731069465e+00 -1.425858239151017552e-02 -2.367140765368248578e-01 3.693724494725960095e-01 -1.457819078397452950e+00 7.752070118783782604e-02 1.073075110454172032e+00 -9.200000000000000400e-01
3.889120250545413226e-03 -2.576173499874103712e-01 4.787903638400493045e-01 -1.552934259295950303e+00 3.159685677451363195e-01 3.940735857509408691e-01 -1.596552762771151768e+00 -1.340968279793215874e-02 -2.389173649201251637e-01 4.276660422615055079e-01 -1.463170644004425425e+00 7.667768853108336558e-02 1.090136943006038139e+00 -9.200000000000000400e-01
5.858084724608651067e-02 -2.063471886894484852e-01 5.172069604722050462e-01 -1.546404991818772112e+00 3.483298435149529415e-01 2.390710404868420791e-01 -1.497508992987224730e+00 -1.059530930032630616e-02 -2.323893903691246765e-01 4.850349943103346995e-01 -1.463769227923679583e+00 8.488869086924019647e-02 1.119427578477348417e+00 -9.200000000000000400e-01
1.199843570915976460e-01 -1.462165789606333088e-01 5.459676035536082939e-01 -1.530568677909738717e+00 3.713137686389801906e-01 9.560338227611114847e-02 -1.379765775079890844e+00 -1.232790857891000701e-02 -2.256675709250986206e-01 5.402691639415433400e-01 -1.475624638769975627e+00 9.148685075188038585e-02 1.138372650139347408e+00 -9.200000000000000400e-01
1.708994588708258044e-01 -9.439048514196000939e-02 5.720145674314404127e-01 -1.510281496466738149e+00 3.769759241560904361e-01 -4.003148811551291569e-02 -1.259145376858663568e+00 -1.336819092432472468e-02 -2.169157138585787736e-01 5.939866985453249315e-01 -1.483785380948899446e+00 9.399165521299955584e-02 1.144870583009985010e+00 -9.200000000000000400e-01
2.321062224605153768e-01 -3.316115595877397459e-02 5.852824631093801466e-01 -1.478935464745639194e+00 3.537402688541503304e-01 -1.501955850298416217e-01 -1.160778634296260714e+00 -8.478481279340964807e-03 -2.033963744617534597e-01 6.480187607014860074e-01 -1.474713522864947057e+00 1.028369774798440217e-01 1.190708724575467281e+00 -1.066210635003655982e+00
2.829770209434546158e-01 1.999855533621624701e-02 5.952404921846421448e-01 -1.447057307604351806e+00 3.303296420623878515e-01 -2.402607676814809690e-01 -1.073940178655294231e+00 -4.677323942034308790e-03 -1.883722563290685104e-01 6.995428374547189021e-01 -1.461392163331359573e+00 1.234900946369359293e-01 1.244177994366667539e+00 -1.274533326025728108e+00
3.223344621332376869e-01 6.276852516596327647e-02 6.057702750097421207e-01 -1.417684641904686238e+00 3.085319086054562621e-01 -3.018931382715767109e-01 -1.008909465113464909e+00 -6.532324975886553801e-03 -1.725679554840846286e-01 7.482035931528620010e-01 -1.454044188268729165e+00 1.564889876907372968e-01 1.265092695170213055e+00 -1.470201338532990620e+00
3.395823846153790959e-01 8.535196217575721778e-02 6.312524900337781464e-01 -1.398104476003881658e+00 2.947250557321046682e-01 -3.243429091540473985e-01 -9.631420380102586609e-01 -5.687314670795856099e-03 -1.556420479825873227e-01 7.942403592307454296e-01 -1.434774143189802453e+00 2.044261884603698620e-01 1.249210633025594763e+00 -1.632798551213362037e+00
3.412562210960769504e-01 9.504153179519288230e-02 6.684365671755324589e-01 -1.385572062839544483e+00 2.870422870167277374e-01 -3.265795820810051819e-01 -9.200000000000000400e-01 -5.194460957458287703e-03 -1.407842756758013458e-01 8.362197808154009371e-01 -1.410735233514418097e+00 2.591612992418508288e-01 1.190371420887745835e+00 -1.753644858574485488e+00
3.144037504428746632e-01 7.783249839278243154e-02 7.260722895555942191e-01 -1.394631280106909177e+00 2.860667017994158456e-01 -3.105677450056853472e-01 -9.200000000000000400e-01 2.384232450989193491e-03 -1.274963846999051242e-01 8.725334121315974079e-01 -1.365354207365197858e+00 3.228022412385535000e-01 1.096834177957389134e+00 -1.824854366369112801e+00
3.104924300509301904e-01 8.513035164361427987e-02 7.606396342012750056e-01 -1.390211153320336956e+00 2.994755989694529719e-01 -2.931174790070096292e-01 -9.200000000000000400e-01 -3.248244603628037703e-03 -1.170294425121204823e-01 9.062529389788264167e-01 -1.342747444837171678e+00 3.972687273803664487e-01 9.710091260869503360e-01 -1.873917603287427847e+00
2.889823271713031216e-01 7.018655142025155558e-02 8.086749932774295324e-01 -1.405136331067763145e+00 3.083119107647018797e-01 -2.560401614666257264e-01 -9.593713362407714218e-01 -3.839940397285316210e-03 -1.073118105142888273e-01 9.344036646262900980e-01 -1.301363567071425420e+00 4.725236310870829515e-01 8.232417977015196175e-01 -1.862328911452501679e+00
2.768578193807025856e-01 6.319425780883160260e-02 8.448564392419430913e-01 -1.417174280299203337e+00 3.141570100670661447e-01 -2.137653777542245503e-01 -9.934787421576317668e-01 -2.114382118700996072e-04 -9.938571925789138617e-02 9.553280373194574793e-01 -1.241805927553844002e+00 5.395805760562286668e-01 6.636748922123731909e-01 -1.783597199260378074e+00
2.641945234360626449e-01 4.837206227594086083e-02 8.678449471128604209e-01 -1.447812281200986373e+00 3.182261907756184782e-01 -1.674038292542333051e-01 -1.030989261947498514e+00 -7.476571855573977549e-03 -9.517336206838232504e-02 9.749946008378944651e-01 -1.201955060386821428e+00 5.980574203765942620e-01 4.941045850361294178e-01 -1.669447737528276798e+00
2.572521529595497847e-01 3.554022898048629642e-02 8.723466045844049388e-01 -1.482863694634893426e+00 3.224449169537525473e-01 -1.176713035731281609e-01 -1.073158613826718177e+00 7.134209349135944411e-04 -9.463779283933834718e-02 9.834449141809329387e-01 -1.120954583078021205e+00 6.296991975587865609e-01 3.507667345017668192e-01 -1.487072855911653502e+00
2.492345872929786765e-01 1.885080302062078564e-02 8.698158594754091810e-01 -1.522711437817257929e+00 3.241056131022072018e-01 -6.781331660807977946e-02 -1.117182266106301558e+00 -6.583873831947186124e-03 -9.759824151176807461e-02 9.928236683782136751e-01 -1.070168333250588244e+00 6.664191541400450447e-01 2.276149626875850207e-01 -1.335134449493320608e+00
2.511125202987543048e-01 1.272309964000759193e-02 8.578826001061299333e-01 -1.569053146093055240e+00 3.251028011831971765e-01 -1.367332971882870112e-02 -1.161189658339321751e+00 -2.479250303979514854e-03 -1.027671124097096489e-01 9.928423007876566730e-01 -9.843226872319821297e-01 6.847807876481981637e-01 1.434717150539972230e-01 -1.163608179557285682e+00
2.528012181039542838e-01 4.330732035536206254e-03 8.384074757458648275e-01 -1.616077181959020725e+00 3.248398559419499176e-01 4.097791436586382258e-02 -1.205288193342863190e+00 -7.572358719623405524e-03 -1.127298380993185245e-01 9.943987167881729317e-01 -9.215971244805722939e-01 6.956612388579035411e-01 9.366111256553830144e-02 -1.040758116763575991e+00
2.603891679924123514e-01 -1.331716714769632954e-03 7.974931044493744903e-01 -1.658023153884487622e+00 3.276060443290979562e-01 9.640239629156104051e-02 -1.245930165926218747e+00 -1.644687939819685848e-02 -1.275296936114866109e-01 1.016849969798958142e+00 -9.200000000000000400e-01 6.946104723123509572e-01 8.540557035491183613e-02 -9.756028063386453786e-01
2.510511961446761364e-01 -3.007575702015527486e-02 7.488076200540656480e-01 -1.694550821274249053e+00 3.242337461694562162e-01 1.493791121610381356e-01 -1.281491100170012665e+00 -1.274082156913892809e-02 -1.502288258064055082e-01 1.040069605770001404e+00 -9.200000000000000400e-01 6.743306105517035132e-01 1.044701058483918366e-01 -9.257418076687248254e-01
2.426109454192834913e-01 -5.842597480704075225e-02 6.859683286664931545e-01 -1.715971835923402633e+00 3.226411479832955176e-01 2.032991972754850107e-01 -1.315477459040215846e+00 -1.535653006324077044e-02 -1.791526210499765071e-01 1.067102428502401557e+00 -9.200000000000000400e-01 6.597090623586399083e-01 1.355481711108712239e-01 -9.333175334108696486e-01
2.191960794761309284e-01 -1.014533967120310326e-01 6.218115732617802704e-01 -1.728794398254155151e+00 3.134143365928446778e-01 2.558022701867638804e-01 -1.348062389592338484e+00 -1.141233711507506736e-02 -2.025265546942815742e-01 1.088533929020351954e+00 -9.200000000000000400e-01 6.433970247006521870e-01 1.795574281924382509e-01 -9.609433575949674067e-01
1.864687171044268066e-01 -1.501957220213783195e-01 5.513441532738457829e-01 -1.725292563932894430e+00 2.981268076634838726e-01 3.060573253128999194e-01 -1.375940926289308752e+00 -1.450272848928939491e-02 -2.128396947314923349e-01 1.102482057547899519e+00 -9.200000000000000400e-01 6.269350274020701885e-01 2.309451210468945748e-01 -1.014987993810018585e+00
1.457697396438445703e-01 -2.006439611727062755e-01 4.718036312163192969e-01 -1.700830716670673981e+00 2.753804881478903455e-01 3.510249967095014911e-01 -1.393183155626184666e+00 -1.823563176053276391e-02 -2.349628810248242383e-01 1.130287061282333472e+00 -9.200000000000000400e-01 6.085295962656529500e-01 2.819206386270908249e-01 -1.068115292721407039e+00
9.935434651821833940e-02 -2.490408819972530496e-01 3.805970974768547732e-01 -1.657072600304485110e+00 2.446723851383669490e-01 3.898512039901899651e-01 -1.403411207669649219e+00 -1.298488528971926924e-02 -2.462622899788687869e-01 1.139093872234976823e+00 -9.200000000000000400e-01 5.870299276596889770e-01 3.293000245931597125e-01 -1.090128405186098659e+00
5.504432390193821079e-02 -2.870232853205839096e-01 2.813378558275109187e-01 -1.592166590265749138e+00 2.110021340345845653e-01 4.234239152405347983e-01 -1.408983627285897322e+00 -1.654732383303381127e-02 -2.444389400667680012e-01 1.129138877571459698e+00 -9.200000000000000400e-01 5.734956402499118422e-01 3.742951099024801054e-01 -1.127509182872036053e+00
6.621731692732889772e-03 -3.196655714892824296e-01 1.772427958119847657e-01 -1.513036052271086174e+00 1.705210758671635851e-01 4.490825697361005564e-01 -1.407385084877403658e+00 -1.829983491794861389e-02 -2.455230856914756010e-01 1.134448955824616689e+00 -9.200000000000000400e-01 5.606610606601452051e-01 4.164900582640281845e-01 -1.154207975517156815e+00
-4.023718612640475589e-02 -3.436940860358958516e-01 7.216740235240114154e-02 -1.424784446079915279e+00 1.287604509925667773e-01 4.685153836218966528e-01 -1.399582056032204536e+00 -1.266781675540955276e-02 -2.096844033555521625e-01 1.120083112339158804e+00 -9.200000000000000400e-01 5.433581578692059377e-01 4.561460730494352189e-01 -1.160583557701809321e+00
-7.927688413668716738e-02 -3.571201101647468179e-01 -1.837162635098425756e-02 -1.337512971277161400e+00 9.143142126632863853e-02 4.857760543922503005e-01 -1.388235770594766993e+00 -8.697684010376367097e-03 -1.637912950416510471e-01 1.099215533028039982e+00 -9.252836640603132601e-01 5.254491220852923750e-01 4.935348418188519881e-01 -1.169449183061904707e+00
-1.140291308117049179e-01 -3.623211620672379119e-01 -9.032400689678497796e-02 -1.248259311600126154e+00 5.568013286653047955e-02 5.013250278299260509e-01 -1.372511018260579085e+00 3.516733498346245315e-04 -1.122396362256123242e-01 1.131769559825826166e+00 -1.080190758092218983e+00 5.049268946797462743e-01 5.285567776497915871e-01 -1.163328235604466077e+00
-1.365281492553555576e-01 -3.612940346554508464e-01 -1.461865533652014215e-01 -1.169218803443309973e+00 2.758738541647768119e-02 5.199139524381660715e-01 -1.357073268315182712e+00 -3.174320168907751073e-03 -5.076189697026813052e-02 1.141629708941826582e+00 -1.230305173125826990e+00 4.892243116713528295e-01 5.632410764259909719e-01 -1.185864745025086098e+00
-1.474745381724018867e-01 -3.576673870118967646e-01 -1.811397670194517251e-01 -1.111102925402173813e+00 8.564164083613202277e-03 5.438615375613057301e-01 -1.346385404101859251e+00 6.343491442352320556e-05 1.644560311803690278e-02 1.117744645503055745e+00 -1.323444337426583628e+00 4.698543084580845686e-01 5.961357309943994265e-01 -1.188816370931977229e+00
-1.498153126542541291e-01 -3.524509054237588423e-01 -1.828172532776378423e-01 -1.078179735977930376e+00 -2.501308362119940634e-03 5.722374572232242773e-01 -1.340414269652174806e+00 -1.148815012822111854e-02 8.472344879463934719e-02 1.071531831716391769e+00 -1.405353069425114620e+00 4.539552261960477786e-01 6.300937591849680164e-01 -1.225910275446847386e+00
-1.393852325341171372e-01 -3.429377826409610308e-01 -1.649409959295634887e-01 -1.051270047551864817e+00 -9.134444314684817294e-04 6.084202426761818883e-01 -1.342874162477924127e+00 -1.007131599499120310e-02 1.500825036499792708e-01 1.003271582124563466e+00 -1.428708013026002588e+00 4.317425456821493146e-01 6.615265786466389963e-01 -1.226850435734641476e+00
-1.339952535137838852e-01 -3.382612989730821029e-01 -1.333887075131470479e-01 -1.050965222744113525e+00 -1.748135468583990023e-03 6.417306762384387131e-01 -1.347002974776754236e+00 -1.107561839554515280e-02 2.124549317243123459e-01 9.147997163981096413e-01 -1.422433505463373216e+00 4.083045654574135042e-01 6.927854673912662298e-01 -1.230367512978670641e+00
-1.236255477423560956e-01 -3.356990058798572929e-01 -9.535872099459194451e-02 -1.078372561517907613e+00 8.301333935689882496e-03 6.823352176827061077e-01 -1.358348782788748155e+00 -8.491865077455610852e-03 2.643911740453533388e-01 8.242446454752094809e-01 -1.399222377162637532e+00 3.800663280313568149e-01 7.229304687153934594e-01 -1.221266422190885548e+00
-1.213176225708129247e-01 -3.370037005378317962e-01 -5.240099872937503678e-02 -1.115119582173054624e+00 1.398046846507023343e-02 7.180624746420064541e-01 -1.371502593972133033e+00 -5.033223466542861499e-03 3.031109740234702032e-01 7.431704649735906276e-01 -1.378239021030150280e+00 3.476602061101614072e-01 7.521179887461688640e-01 -1.205190293395115964e+00
-1.233618524137498063e-01 -3.412820234247210260e-01 -6.702774826803296719e-03 -1.158877883284022747e+00 1.965455575517486772e-02 7.538115079530289808e-01 -1.392383150022929117e+00 -3.541405816271357438e-04 3.270918017689797286e-01 6.710366724433467489e-01 -1.357114755926696281e+00 3.112187300162199688e-01 7.797174916533553546e-01 -1.182771386780675948e+00
-1.278263842449096355e-01 -3.470935224661531038e-01 4.066590087778950563e-02 -1.201947682922210658e+00 2.612135123715668070e-02 7.888581525059567001e-01 -1.420609863031522480e+00 -3.855588516322098428e-03 3.359942697534237244e-01 6.051372085310702253e-01 -1.348015203273883689e+00 2.748721446412986102e-01 8.081439134780220579e-01 -1.174736544334445520e+00
-1.340988272188234631e-01 -3.547512272603713379e-01 8.814127564805608606e-02 -1.245750303855841068e+00 3.702700478124921341e-02 8.239352193258122625e-01 -1.458631160636550295e+00 -2.385834537910863726e-03 3.291514164759605787e-01 5.433812914233340230e-01 -1.317367644419592310e+00 2.366909625415653806e-01 8.345862297398156660e-01 -1.147714363658504322e+00
-1.412448268123925876e-01 -3.644661608463822811e-01 1.370445319236505421e-01 -1.293346130936904981e+00 5.082471796666854225e-02 8.515822560202342961e-01 -1.505187744132733041e+00 2.626367110803813718e-03 3.125565308932875541e-01 4.894523507821403330e-01 -1.250969658182689015e+00 1.989497255191106928e-01 8.578377253399074309e-01 -1.104355235028567028e+00
-1.422935822847224696e-01 -3.715339997602998823e-01 1.850133255348576644e-01 -1.338407105652871687e+00 7.257994338447529281e-02 8.603396286948556959e-01 -1.553561111771249781e+00 9.381160887799543449e-03 2.823654861158964025e-01 4.471620474608986595e-01 -1.177804306573326132e+00 1.627467286636374022e-01 8.756589392138678374e-01 -1.046951778903445707e+00
-1.332142784039664352e-01 -3.722357617654308837e-01 2.311654733567713171e-01 -1.377458148537821447e+00 9.684233270107349412e-02 8.293966131191117253e-01 -1.597607841548233765e+00 -3.306636408422105981e-04 2.392772641285447754e-01 4.286088609128622107e-01 -1.178967568943414479e+00 1.279530270536484438e-01 8.947195395813661856e-01 -1.020555499081818862e+00
-1.158687781680898948e-01 -3.664607547554447620e-01 2.754618015150590016e-01 -1.409865905586171309e+00 1.175326418649364074e-01 7.633033749313634653e-01 -1.630557139457349036e+00 7.480220052725492473e-03 1.854691005253417679e-01 4.262484709018560802e-01 -1.166916113121616805e+00 9.260379984357566818e-02 8.981227011567273211e-01 -9.328825811498409060e-01
-8.682625698326246200e-02 -3.510855442663800563e-01 3.170007920406574531e-01 -1.435944100465877060e+00 1.354731080864335635e-01 6.707433692113169421e-01 -1.635068476458505060e+00 -7.081453733753862931e-03 1.345019980695953965e-01 4.323834770384394344e-01 -1.216528112951012597e+00 6.143290964463803822e-02 9.184819283121659073e-01 -9.200000000000000400e-01
-3.895248923698314131e-02 -3.198590862202042584e-01 3.540650755837260188e-01 -1.454430933088430189e+00 1.529267918339473065e-01 5.621660423208446611e-01 -1.605799833736116122e+00 -3.233085590101986498e-03 8.198132595607716955e-02 4.467150729438236212e-01 -1.227671867944269302e+00 3.768807920726308103e-02 9.580979524590573781e-01 -9.200000000000000400e-01
2.429508423305125342e-02 -2.730444088314289419e-01 3.834799499170840065e-01 -1.458852565153715863e+00 1.699227185800927242e-01 4.458323648143583950e-01 -1.546952440792794370e+00 -8.164891775915509436e-03 4.460055798565479984e-02 4.685431746131948350e-01 -1.255298895429934891e+00 1.255126502199868307e-02 9.796691198814009294e-01 -9.200000000000000400e-01
8.849103254712048505e-02 -2.209607144737882889e-01 4.062816052325662342e-01 -1.449918928993173983e+00 1.771834203947075526e-01 3.206596974628735386e-01 -1.482868809095473805e+00 -8.628814342343662375e-03 9.939106013450859853e-03 4.957403712168918508e-01 -1.273892463803494079e+00 6.904400310228944737e-03 1.016967796307769456e+00 -9.200000000000000400e-01
1.572231954991398784e-01 -1.619289608528800273e-01 4.204536431741066616e-01 -1.430331390813580628e+00 1.720332962914861152e-01 2.112208266821135605e-01 -1.415689689480186031e+00 -8.440169648087636478e-03 -2.148991029864481470e-02 5.255552564997502119e-01 -1.288283487379953129e+00 -2.273505203964432467e-03 1.028248908724590516e+00 -9.200000000000000400e-01
2.187138210204272737e-01 -1.058516287851826165e-01 4.294356332778838659e-01 -1.404473218002042056e+00 1.594536330490685105e-01 1.171008100206772651e-01 -1.354526980871894937e+00 -5.913847337668546623e-03 -4.909477593393835743e-02 5.582143287363622308e-01 -1.295963024732219582e+00 -1.034836617500721999e-02 1.041047278516929575e+00 -9.200000000000000400e-01
2.739234619383382197e-01 -5.291177329064194329e-02 4.347296051067943701e-01 -1.376303553393863455e+00 1.337419936883909310e-01 4.713233569161326408e-02 -1.304763093410776564e+00 -1.130521696329031198e-02 -7.333972471145139282e-02 5.923031686809721030e-01 -1.321064206276986841e+00 -1.254718437025452785e-02 1.034046735480334211e+00 -9.200000000000000400e-01
3.190987976714596552e-01 -6.818446436641514320e-03 4.397897230073450348e-01 -1.350922928759380914e+00 9.878569632102601750e-02 6.138822511861900680e-04 -1.267549140456354140e+00 -2.143940629368686936e-03 -9.161465752902869797e-02 6.267641346468799668e-01 -1.309936624415178885e+00 6.405317909362168681e-03 1.044878170467117950e+00 -9.499700374676368630e-01
3.608496361100352878e-01 3.698843932682348984e-02 4.412370729386127510e-01 -1.326073658075569206e+00 6.935755812698336797e-02 -1.645816645083649638e-02 -1.254008300525837560e+00 -5.431657521158842102e-03 -1.054985301865293545e-01 6.608690376520836018e-01 -1.325123136482423192e+00 4.966072734197007899e-02 1.108402724862308064e+00 -1.154799937766178397e+00
3.752837653206944069e-01 5.912945749849859989e-02 4.592854233809877118e-01 -1.320922746119405744e+00 4.948877712482208091e-02 -1.513016958348617665e-02 -1.239826449895389038e+00 6.654854618420148402e-03 -1.132722472320201318e-01 6.942451211026751112e-01 -1.303113116281123807e+00 1.071499817582041297e-01 1.142248187904764123e+00 -1.317824581378517212e+00
3.711893769934773712e-01 6.590764298037736502e-02 4.905330404673331479e-01 -1.330552470223373529e+00 5.065259848591080472e-02 -3.615497367519214782e-04 -1.219700903016779803e+00 8.423302886736393214e-03 -1.179407119274534926e-01 7.283751659289884328e-01 -1.303097337114661469e+00 1.746057690920974348e-01 1.150497292602428168e+00 -1.480243586777367337e+00
3.576001552209875922e-01 6.389684550038357558e-02 5.282382277590933484e-01 -1.346791943197325647e+00 6.092082654287241106e-02 2.306729442769917676e-02 -1.197509463972041610e+00 1.000297017449017917e-02 -1.192874958004906255e-01 7.630147816438248576e-01 -1.301093261836060000e+00 2.448719346957742293e-01 1.126112003855246790e+00 -1.608187072006351581e+00
3.272917315025873908e-01 8.040919026154867699e-02 5.556631754926302236e-01 -1.345230736483552070e+00 7.178753384868126475e-02 4.738145053216534508e-02 -1.185897292628142585e+00 -4.743570933677428435e-05 -1.209186322084712800e-01 7.988193524463641504e-01 -1.324922718358950258e+00 3.210204428109641461e-01 1.071340963166927729e+00 -1.717018083359615144e+00
2.863732277671366400e-01 9.130242380620104403e-02 5.912109613068441405e-01 -1.352952476086816125e+00 7.726105002847553915e-02 7.462196455688163699e-02 -1.195147933499357107e+00 7.334249367343424926e-03 -1.223519418617506765e-01 8.319166525396939349e-01 -1.307319626256571610e+00 3.867135946607404562e-01 9.896658334138304092e-01 -1.758921012605061396e+00
2.551136000578959062e-01 1.074176023119795126e-01 6.228854618735059079e-01 -1.362740402242938353e+00 8.372365641827210492e-02 1.059103921499393725e-01 -1.222229011576566160e+00 2.777670876877490203e-03 -1.236574551013774892e-01 8.647950584235096771e-01 -1.310788607005626050e+00 4.413435456446260785e-01 8.721050058450222631e-01 -1.779197523561242278e+00
2.362684125665165114e-01 1.142760437006581919e-01 6.604548926516435881e-01 -1.392188180662694785e+00 9.203691853309194093e-02 1.458723699620237957e-01 -1.258724670175171534e+00 -3.731268406627887436e-03 -1.230515808889277446e-01 8.950597183426901582e-01 -1.308458260141787788e+00 4.900582240510619192e-01 7.241086560459517596e-01 -1.749331980236058515e+00
2.364584162627830777e-01 1.101720057874441827e-01 6.981313933403404670e-01 -1.440759590156055259e+00 1.089253298148797483e-01 1.961535529987434578e-01 -1.300115362267352248e+00 -2.807023504261034041e-03 -1.207368626686146917e-01 9.207488319806014232e-01 -1.278779477231998918e+00 5.285628041957721734e-01 5.675530758042581780e-01 -1.652400990420345606e+00
2.525200938198716716e-01 8.868604635095515831e-02 7.356489732664538428e-01 -1.515549235691132202e+00 1.320937264160325364e-01 2.533065120151411498e-01 -1.339352860868611161e+00 5.998294205692637337e-04 -1.187542015405435580e-01 9.414321106436823738e-01 -1.233313166097389724e+00 5.537090213730969657e-01 4.135646457253599473e-01 -1.507752483952536471e+00
2.763146740428201187e-01 4.160014632770488857e-02 7.702117271211808003e-01 -1.618851352615984007e+00 1.579916689718078859e-01 3.111403517919594242e-01 -1.372101506233531998e+00 -1.030890407582428850e-02 -1.197095703698952962e-01 9.621425050768093179e-01 -1.213542928983993185e+00 5.821310979904859018e-01 2.766387839216619682e-01 -1.392087599319677071e+00
2.883359020601383160e-01 2.049113677683509632e-02 7.678684176093582003e-01 -1.714316831844240552e+00 1.740629683194946931e-01 3.622641597563362459e-01 -1.394470084597186910e+00 -1.697963177505700709e-03 -1.226380265077920140e-01 9.732603245718478568e-01 -1.143227860680707142e+00 5.915567300385776717e-01 2.016476183511285158e-01 -1.271456937517071450e+00
2.921311357000066500e-01 3.325860233971363045e-03 7.251777828927434832e-01 -1.803182190371257265e+00 1.821690076432630478e-01 4.090618666123418401e-01 -1.410270765686886474e+00 6.930191195078032980e-04 -1.285346966761413134e-01 9.819829431887656668e-01 -1.083332675359716113e+00 5.901483558938184215e-01 1.695045837730182192e-01 -1.192228319237255585e+00
2.829467238270723106e-01 -3.839874086679661430e-02 6.493956260726592156e-01 -1.878822772423938137e+00 1.811003930701516051e-01 4.514701767614477390e-01 -1.420381989110391485e+00 -2.263872313423173372e-03 -1.368821377844868792e-01 9.903757276616969030e-01 -1.037047797325079346e+00 5.715584253717144181e-01 1.797858093085512587e-01 -1.164648130465290032e+00
2.624839754745810216e-01 -9.865096620117219661e-02 5.359414025297951634e-01 -1.908886582766688322e+00 1.720962576368984531e-01 4.908203457230469469e-01 -1.426644480604723153e+00 2.496466735061020001e-03 -1.475877314259621542e-01 9.944150829211649834e-01 -9.747979600815319667e-01 5.407933349231730524e-01 2.177575432499131991e-01 -1.143017153138374375e+00
2.180962322124574138e-01 -1.786028175444296096e-01 4.123915944422573143e-01 -1.895240221340121822e+00 1.456477915075184426e-01 5.233254442551190655e-01 -1.426361570554501856e+00 8.641354191052710507e-03 -1.604997317234692911e-01 9.997847128327485011e-01 -9.213774093151204658e-01 5.099927147292524499e-01 2.645337634438941765e-01 -1.134164409415816754e+00
1.635256528634984052e-01 -2.511371831409848210e-01 2.859632971369261978e-01 -1.825650495533932327e+00 1.119710984969112533e-01 5.523775426668887656e-01 -1.421337999501056437e+00 -3.410864056822589599e-03 -1.760472409544920069e-01 1.016991120568160101e+00 -9.272441113455723860e-01 4.845739642613708376e-01 3.115614600793968902e-01 -1.189437169877942901e+00
9.856041331043340070e-02 -3.098559834926842838e-01 1.601174586476816486e-01 -1.710516608963231322e+00 6.837988640780365279e-02 5.738202788930457654e-01 -1.408000923327554110e+00 -4.457464387101761627e-03 -1.900694825909017838e-01 1.030730452659773588e+00 -9.200000000000000400e-01 4.523115428402305627e-01 3.569925066459778140e-01 -1.222111716125459546e+00
2.655036552827440971e-02 -3.487723677330130667e-01 3.946570498817918160e-02 -1.561378230769262077e+00 1.727574391604692547e-02 5.858094449606479071e-01 -1.384288220553779425e+00 -1.059331257953592675e-02 -2.028026425482851725e-01 1.052526766843198347e+00 -9.455309098792107347e-01 4.205427347421869522e-01 4.037492838798339423e-01 -1.267950738207850314e+00
-3.830818695594188222e-02 -3.643472780950166579e-01 -7.140962002452380664e-02 -1.395315209657496114e+00 -2.768191161875849585e-02 5.964128612447805455e-01 -1.357023336016777382e+00 -4.620764267412917625e-03 -2.102580302272478163e-01 1.064075070924983546e+00 -9.526894893244518547e-01 3.860545263018138051e-01 4.560228860629952918e-01 -1.282938045347320255e+00
-9.216717190265534543e-02 -3.653158686127061516e-01 -1.667288730232329708e-01 -1.234228980044079105e+00 -6.393219401378893996e-02 6.102645676972331401e-01 -1.332696143141867351e+00 -2.377418574894335328e-03 -2.143955188196824402e-01 1.099286978877242804e+00 -1.034098822307075505e+00 3.580493744285993540e-01 5.056304334823339408e-01 -1.304800891932033080e+00
-1.141684720393253971e-01 -3.559544337960505733e-01 -2.496589831443488394e-01 -1.091380422689480101e+00 -7.064446653092595896e-02 6.482599086749597506e-01 -1.332032321511057660e+00 -7.912249861947891205e-03 -2.121757454461715986e-01 1.141316814440980876e+00 -1.180671817960281089e+00 3.359268040656270271e-01 5.507888414792350140e-01 -1.341547609757231641e+00
-1.395255687493744123e-01 -3.514002974503694920e-01 -2.931315307336668785e-01 -1.003761414709017918e+00 -8.251630706304444174e-02 6.838959939969587731e-01 -1.326713102056752858e+00 -7.024253003634995350e-03 -2.019198215292843379e-01 1.168075408490879985e+00 -1.340156303353444489e+00 3.135851604692692640e-01 5.976913789426933077e-01 -1.359053184536771486e+00
-1.598976626336515161e-01 -3.524887152223820652e-01 -2.851138239876739866e-01 -9.945402496506400292e-01 -8.884232225537380678e-02 7.226454169663926175e-01 -1.328976359473915458e+00 -8.059661548793583359e-04 -1.871326155925630563e-01 1.170630976904554865e+00 -1.483746063489897349e+00 2.915080069445104005e-01 6.467260250073154637e-01 -1.360697718593099292e+00
-1.676002869246720484e-01 -3.558430730364019468e-01 -2.499437605216632274e-01 -1.028710866099008747e+00 -8.367234094059898541e-02 7.727252597966184355e-01 -1.344630958178048008e+00 -9.317778435574146714e-03 -1.692336096670510881e-01 1.140670069563304745e+00 -1.629837459934032839e+00 2.746141841658605864e-01 6.952648912553623939e-01 -1.391079730361660216e+00
-1.642052257103039647e-01 -3.598319844880595308e-01 -1.976610458514539703e-01 -1.087960070345995289e+00 -7.152691029559445079e-02 8.273979122977150880e-01 -1.369873489725762061e+00 -1.235007521285497612e-03 -1.465604028777771906e-01 1.070164308327195668e+00 -1.711594926280453288e+00 2.554662777502746396e-01 7.428446707685399941e-01 -1.377584539068972269e+00
-1.619466773121340797e-01 -3.655693348892848360e-01 -1.355994400490449225e-01 -1.157099798230139864e+00 -6.788499381056543880e-02 8.698812814069657451e-01 -1.393281307332645103e+00 1.887999122621253443e-03 -1.278939108360509502e-01 9.601909324866261253e-01 -1.757586723553839381e+00 2.386343222803112840e-01 7.872617974898366011e-01 -1.367857182852157960e+00
-1.726348216327085461e-01 -3.742812576264872293e-01 -7.102643543259336278e-02 -1.213805007842168715e+00 -8.053143729916799332e-02 8.982484506589873963e-01 -1.414234674533724201e+00 4.620075871799653698e-03 -1.194044339483634615e-01 8.298863444835806735e-01 -1.770353919497072992e+00 2.203551772052083080e-01 8.292619856163835346e-01 -1.352830979961660907e+00
-1.668859917293407102e-01 -3.778066300168936298e-01 -1.319857437937683488e-02 -1.265078674496659561e+00 -6.896340711684040281e-02 9.402025772889601729e-01 -1.454291304617022051e+00 -3.842641161136346392e-03 -1.244284248685884192e-01 6.869873268512960429e-01 -1.780476209969292567e+00 2.019729362556063890e-01 8.696698693011315484e-01 -1.355753722443362452e+00
-1.727367565428815921e-01 -3.871926141216024964e-01 4.395296585877097456e-02 -1.317149278180938410e+00 -6.276184562480696671e-02 9.672847277261696908e-01 -1.501356005401685012e+00 2.635062302380899481e-03 -1.418706683797021362e-01 5.516254178278062748e-01 -1.743753430771249446e+00 1.802946919702459183e-01 9.046251466432927435e-01 -1.316603957750227760e+00
-1.668256715747290231e-01 -3.915117023798718732e-01 1.021706628668586636e-01 -1.366176312114275371e+00 -2.523387719318715555e-02 9.944596117132395996e-01 -1.572026068739206472e+00 -1.081949603952797704e-04 -1.767880592020387720e-01 4.234351433736627812e-01 -1.692749836265486918e+00 1.585561022369659234e-01 9.366451813130112214e-01 -1.288251607006712929e+00
-1.820627088245116432e-01 -4.065997085785080234e-01 1.610095130556040144e-01 -1.408940025614804581e+00 -2.940984915978921404e-03 9.864865248496091921e-01 -1.643395430900584264e+00 -9.355849523744000709e-03 -2.253299040521379026e-01 3.217249174680422152e-01 -1.637545026990177011e+00 1.384996045918255869e-01 9.654221508531048990e-01 -1.266314698795811822e+00
-1.789018580415644710e-01 -4.124012533658841240e-01 2.167011354574591986e-01 -1.448097280363653372e+00 5.716116509962923531e-02 9.683479976246249787e-01 -1.734362009717229647e+00 -7.393252975935111701e-03 -2.756716738145182366e-01 2.768957466808072421e-01 -1.564992544484732129e+00 1.203092686702503106e-01 9.862901174793334835e-01 -1.214714137966887098e+00
-1.705430467750105039e-01 -4.145471196605950981e-01 2.703661748021304323e-01 -1.482836669729704182e+00 1.157570317993086989e-01 9.157182532709066125e-01 -1.811571794492093046e+00 1.101275324858912885e-04 -3.208929481988517241e-01 2.692577907582819896e-01 -1.493380381426299808e+00 1.044879127770037275e-01 9.992613583482773398e-01 -1.145968986757051944e+00
-1.569150346463648593e-01 -4.121521863052292067e-01 3.219510380240890868e-01 -1.512711848617920962e+00 1.539147565705084320e-01 8.283966590648682571e-01 -1.861117855563715118e+00 -1.601584634771726148e-03 -3.653758170424508678e-01 2.811624340183339621e-01 -1.463579981598127189e+00 9.213859152974247790e-02 1.009425047606212766e+00 -1.089428912464369903e+00
-1.215202621402925731e-01 -3.929864874922963103e-01 3.704869815387570320e-01 -1.539911550811986052e+00 2.149163762986678605e-01 7.237513826646045922e-01 -1.883742402862782939e+00 4.304645909520135919e-04 -4.041158286799375055e-01 3.130824013233375891e-01 -1.446126776665395575e+00 8.380125633210666614e-02 1.012156145048022537e+00 -1.019223741818690909e+00
-9.484685256346704618e-02 -3.761121167491048856e-01 4.068103785298060049e-01 -1.555229615885388883e+00 2.587310384489408532e-01 5.917906217406414537e-01 -1.867685667943947081e+00 -6.156830642539928670e-03 -5.827472084733301694e-01 3.341494075114116447e-01 -1.375752579512650176e+00 5.152118297123649271e-02 1.023870440879658172e+00 -9.200000000000000400e-01
-3.767164483073717762e-02 -3.339011447765012908e-01 4.452836733746715070e-01 -1.570276259032161281e+00 3.180918495610850494e-01 4.522314644677455919e-01 -1.803265297329676775e+00 -1.711199043852509177e-02 -6.025007430956406118e-01 3.742132625758595177e-01 -1.398823007648949623e+00 4.988226000325630266e-02 1.040383654065272001e+00 -9.200000000000000400e-01
3.029232970927442023e-02 -2.784714832086806480e-01 4.746031367890927166e-01 -1.576547416506154375e+00 3.669160945321122691e-01 3.085196148968154528e-01 -1.702055058290038669e+00 -1.787936351597299578e-02 -6.138904417817754311e-01 4.146541229527796468e-01 -1.395100738777638183e+00 4.587444292802551893e-02 1.052706705319600200e+00 -9.200000000000000400e-01
8.372598726015839654e-02 -2.307427533792532903e-01 4.996495961889967363e-01 -1.574661799278352481e+00 3.874932897972718782e-01 1.651909748892800012e-01 -1.571312290279238466e+00 -1.497829130575013649e-02 -6.204868646365986340e-01 4.509428540639069394e-01 -1.375726582620126592e+00 4.928651849894403331e-02 1.067917760796782467e+00 -9.200000000000000400e-01
1.413177063672149125e-01 -1.758753301373110201e-01 5.153180876985271608e-01 -1.560766106840553613e+00 3.973954179884784943e-01 3.827328551899419895e-02 -1.427479691719770294e+00 1.813929273109834268e-04 -6.226477748618713948e-01 4.844130851826226047e-01 -1.320576507314674686e+00 3.858905429839378648e-02 1.124343364327492045e+00 -9.581373540657674992e-01
1.807302150070263513e-01 -1.174528731619585709e-01 5.233273059079104339e-01 -1.533005769415805464e+00 3.974652792181337935e-01 -6.218339859078175075e-02 -1.312777524294321596e+00 -2.486406993768649001e-03 -6.346882830817325294e-01 5.116654530672715140e-01 -1.295738337746549451e+00 1.490652499362224784e-02 1.175173895099634658e+00 -1.101354835147274169e+00
2.068443597098473807e-01 -1.011932870784571503e-01 5.592868363661508413e-01 -1.516932893466307997e+00 3.917268161448310693e-01 -1.172400263255163888e-01 -1.223245101057856221e+00 5.145860007047370864e-03 -5.363706508337612311e-01 5.578269220675131645e-01 -1.352861165774907004e+00 2.557622443681629304e-02 1.217749888088260901e+00 -1.345015277880377669e+00
2.097654271886399968e-01 -9.100843046171186446e-02 5.804676614608386132e-01 -1.494289866455328353e+00 3.807214449715755622e-01 -1.316154866136446944e-01 -1.158958242736726207e+00 4.868058734447120936e-03 -5.411351688306526020e-01 5.809703527557007474e-01 -1.323103461443812412e+00 -2.413184560141897785e-03 1.225094026338249042e+00 -1.465714716881557855e+00
2.000107193807100503e-01 -9.306440137156891945e-02 6.058274034482087345e-01 -1.474355520533330521e+00 3.701234921380959775e-01 -1.245949867061744709e-01 -1.119838015640150397e+00 7.742422789679574875e-03 -5.407783128122920502e-01 6.029781823041167055e-01 -1.286752388975575867e+00 -3.234757051904506991e-02 1.200018610562434196e+00 -1.541999493585923808e+00
1.860697953247358594e-01 -1.004165972051748040e-01 6.321974862726164046e-01 -1.459995611491260892e+00 3.617753596007324823e-01 -9.832678073749323566e-02 -1.105141852853500417e+00 2.881546528101506122e-03 -5.182376083439947934e-01 6.247807275876864352e-01 -1.292506419735835355e+00 -6.486534108739398785e-02 1.147312806112035677e+00 -1.595204553649485879e+00
1.788617893449637730e-01 -1.030897424827292019e-01 6.537167420638869686e-01 -1.452335431207401495e+00 3.560916919847787465e-01 -6.758839245474224100e-02 -1.094723064869497886e+00 2.619277084989104338e-04 -4.936763712479653732e-01 6.469428094859988043e-01 -1.297948310015523576e+00 -1.070071174559273086e-01 1.088739502124518088e+00 -1.622867001964455325e+00
1.693145070850414491e-01 -1.100502081958718292e-01 6.718214845950010172e-01 -1.452473909682870268e+00 3.499734939184016014e-01 -5.230299124940950006e-02 -1.077786920351068378e+00 -1.634656939824366073e-03 -4.692680518911018228e-01 6.694036018655129539e-01 -1.304269505452717137e+00 -1.724735007762719652e-01 1.019589218776746131e+00 -1.591863556034185834e+00
1.662213609924588775e-01 -1.119627862441932714e-01 6.856719122254237853e-01 -1.459873408628489910e+00 3.476735720366141424e-01 -3.286009362867339800e-02 -1.073213617482931870e+00 -4.777795868203946715e-03 -4.388891511473148599e-01 6.945504068075690762e-01 -1.319976791835134389e+00 -2.391907958269862688e-01 9.450175716507365209e-01 -1.531002201251075778e+00
1.631294462509393084e-01 -1.152084687753396064e-01 6.939650422050894774e-01 -1.470495775913483127e+00 3.465004946987174095e-01 -9.304530138634097350e-03 -1.077055223474088219e+00 -5.880967445172320847e-03 -3.957971787041020817e-01 7.236399524554907314e-01 -1.336820968616690530e+00 -2.906364879412518532e-01 8.600076129872107344e-01 -1.443283201312997477e+00
1.570731446472388160e-01 -1.227008687186481040e-01 6.879162551889514976e-01 -1.471398294116942784e+00 3.451748380735481514e-01 1.670160572763092210e-02 -1.089552325813717193e+00 1.192339868037289559e-04 -3.415754090149282218e-01 7.535249088334147194e-01 -1.336412095193544536e+00 -3.270738192141736667e-01 7.588743422678635442e-01 -1.312994115259071615e+00
1.505485819164666672e-01 -1.340720305717715000e-01 6.723204338099389998e-01 -1.490173730135863295e+00 3.448718515279757257e-01 4.593484430045138150e-02 -1.112746051932940849e+00 -3.704718617961854938e-03 -2.901115493411861035e-01 7.837329237863804865e-01 -1.351721468324612374e+00 -3.544830447459261791e-01 6.917996641863768392e-01 -1.223490626385994151e+00
1.480624081643174550e-01 -1.462963070426557544e-01 6.421371503350905563e-01 -1.533234530337446166e+00 3.472621277755954527e-01 7.718711545911570437e-02 -1.142763077485239975e+00 -1.679577353522466532e-03 -2.397991594412536565e-01 8.123143839535493793e-01 -1.347986160287871549e+00 -3.547883572961734178e-01 6.413322539297066083e-01 -1.122348743069606192e+00
1.457492450824885433e-01 -1.628975793048563492e-01 5.984642391871107803e-01 -1.592404145944035454e+00 3.500601100798788057e-01 1.087790459952671651e-01 -1.174368646799858418e+00 -8.966951932903801867e-03 -1.944628189982642308e-01 8.397602742638469175e-01 -1.358364074451599235e+00 -3.475683063378728899e-01 5.935854132657135684e-01 -1.033972076612381663e+00
1.362975896907744899e-01 -1.882250597418886340e-01 5.376320227089882442e-01 -1.639876551951169326e+00 3.491365485257201251e-01 1.401018492803885185e-01 -1.205216243498615558e+00 -9.621654152457852216e-03 -1.531546450097008849e-01 8.643412938289608549e-01 -1.347931546702443750e+00 -3.289294207439018014e-01 5.452420354020149906e-01 -9.200000000000000400e-01
1.095494219898805605e-01 -1.777959493500759769e-01 4.469976488550201354e-01 -1.649884517106696258e+00 3.385308544678957698e-01 1.708705250864557268e-01 -1.236284423378741559e+00 -1.267836786328702635e-02 -1.158292322344648684e-01 8.885272031831866757e-01 -1.339344172699807212e+00 -3.061026913574447783e-01 5.387009151913142446e-01 -9.200000000000000400e-01
6.377099196128926950e-02 -1.706468847875524664e-01 3.504677144535847111e-01 -1.628226521508687741e+00 3.159261632273130949e-01 2.001414881840418991e-01 -1.266622903167581526e+00 -1.795856783608226759e-02 -7.754530254300616432e-02 9.116983531326255941e-01 -1.329562123863092804e+00 -2.795680393286236742e-01 5.320098208560054553e-01 -9.200000000000000400e-01
3.243894035948452752e-03 -1.692380639111717155e-01 2.623029095831064250e-01 -1.573276491295051871e+00 2.820839887485299680e-01 2.261901113756542014e-01 -1.292303487316921684e+00 -1.743747037206369588e-02 -3.865599428961376954e-02 9.327384542050858318e-01 -1.300961076371476066e+00 -2.500696184627174690e-01 5.294258343451365700e-01 -9.200000000000000400e-01
-6.254665665034507549e-02 -1.667415179717477436e-01 1.892124853069590273e-01 -1.507783825387494225e+00 2.412513306188180939e-01 2.486109534440921198e-01 -1.308576036547631549e+00 -2.432543495354942947e-03 -7.106654654528576530e-04 9.477781803766039959e-01 -1.234160169381794070e+00 -2.107755730406001837e-01 5.411530243375665128e-01 -9.200065565398851675e-01
-1.228314276576841640e-01 -1.638179906421932674e-01 1.212265821826301049e-01 -1.449531366450163006e+00 1.997993039531046622e-01 2.698023376348692715e-01 -1.315884313109650483e+00 -1.301798973157522346e-04 3.315168029951475609e-02 9.630371690346338776e-01 -1.192839201852940567e+00 -1.639859525909528604e-01 5.776220493998101002e-01 -1.001631557426574171e+00
-1.729202670113429985e-01 -1.598980571435189846e-01 5.905312569072131840e-02 -1.397975696608470653e+00 1.615753348835625713e-01 2.902689778169579848e-01 -1.316478281167223541e+00 -7.560611945342850942e-03 5.761143127502191263e-02 9.792720974633162268e-01 -1.179149092160969969e+00 -1.135848946040662610e-01 6.144758730448157680e-01 -1.102353457950609794e+00
-2.176124975687759866e-01 -1.585710893134608945e-01 7.929537396277854672e-03 -1.365069416399028235e+00 1.244665480668736973e-01 3.084922801641943324e-01 -1.311429420166167592e+00 3.721072828815147554e-04 6.994691714971858210e-02 9.894883559704565901e-01 -1.144488377783051236e+00 -6.011536358915381406e-02 6.400809416965232979e-01 -1.143481480831397112e+00
-2.501959836556371664e-01 -1.601031059294722725e-01 -3.031207874818741405e-02 -1.345395677250939004e+00 9.413247036756858255e-02 3.287984373362606849e-01 -1.309022691935302740e+00 2.777070691972173544e-03 7.083864154444188821e-02 1.003126469052879832e+00 -1.145967111218452850e+00 -7.926385235435307736e-03 6.619796364430077240e-01 -1.183110795347484645e+00
-2.670370899349305271e-01 -1.614248432360391727e-01 -5.988698425930071706e-02 -1.323191794215381245e+00 7.434268067761727605e-02 3.531807439563221518e-01 -1.312288659131024771e+00 1.813155939987203414e-03 5.786324465123724586e-02 1.016832100313667775e+00 -1.185435098603978554e+00 3.996195959194707992e-02 6.813378044080106166e-01 -1.217281449367606960e+00
-2.870004706158250096e-01 -1.668154928340524201e-01 -6.854758159886142899e-02 -1.299780172874049233e+00 5.248803170601116369e-02 3.711907784170067059e-01 -1.311973661240541045e+00 2.901865753928181170e-03 3.147969938264315315e-02 1.031101413579523118e+00 -1.257764451219471002e+00 8.262885765576136188e-02 6.985373362465971958e-01 -1.234395876622137234e+00
-2.945827325054914958e-01 -1.702878981925424751e-01 -6.240391869885215936e-02 -1.264831338609501366e+00 3.996168062484539707e-02 3.925727819420498088e-01 -1.316001673919226622e+00 -6.824158138552094801e-04 -4.109942103352673751e-03 1.041808815783618059e+00 -1.357710056124346254e+00 1.207077211137468353e-01 7.163683043790287641e-01 -1.255101240720306599e+00
-2.939516305390996731e-01 -1.788847205972977916e-01 -4.547956605489249932e-02 -1.230605889549529541e+00 3.401433220199592128e-02 4.154707834389819165e-01 -1.320258839377145277e+00 5.850419670296236850e-03 -4.586788501122771727e-02 1.039176370737111998e+00 -1.440790905534127919e+00 1.522935858904163886e-01 7.321518947167734437e-01 -1.245050899158838931e+00
-2.780208403643048554e-01 -1.892766848738307861e-01 -2.575891601918351564e-02 -1.202243695812403645e+00 4.065697004491648087e-02 4.456045770769644365e-01 -1.330453219470272508e+00 1.396279680022186834e-03 -9.321530001087237338e-02 1.021308337046730186e+00 -1.542553777981628960e+00 1.789744962924442462e-01 7.487716863538470546e-01 -1.256232458415494468e+00
-2.497987327694810855e-01 -2.002867848742089507e-01 -4.833911018497564355e-03 -1.182109614394417196e+00 2.284514035630029125e-02 4.656839548084959479e-01 -1.325251528077479701e+00 6.599615582733816578e-03 -1.433987852673672125e-01 9.808076515711259269e-01 -1.610426905778662654e+00 1.980939543216165000e-01 7.628609638625010181e-01 -1.238970296239757518e+00
-2.119118903421260414e-01 -2.067392646621604435e-01 1.497595043935218834e-02 -1.167713870822274069e+00 1.565158846823524325e-02 4.931319077341607127e-01 -1.325877569723933558e+00 6.544125783187837962e-03 -1.981274111015947081e-01 9.213934114356936433e-01 -1.668656878050737369e+00 2.116661915876941191e-01 7.769793309373642654e-01 -1.230545177760368425e+00
-1.801848503702351278e-01 -2.118204341508535260e-01 3.809655099683889601e-02 -1.166681694490167231e+00 8.644630400340557949e-03 5.195626846168478474e-01 -1.327397823987978676e+00 7.264093264354626843e-03 -2.559430836001534426e-01 8.475714404740551933e-01 -1.699847944750543904e+00 2.188982818652017992e-01 7.904351964040636780e-01 -1.216627652576556029e+00
-1.539399420491741610e-01 -2.162652028975992902e-01 6.192207285641305320e-02 -1.176671674999126394e+00 4.906123772842501882e-03 5.471854696991536038e-01 -1.332210075050561882e+00 2.824792350959305469e-03 -2.634385577255567434e-01 7.619753962823422322e-01 -1.712565640657991883e+00 2.193969503147514544e-01 8.051152313994509591e-01 -1.211009832507053741e+00
-1.424876690787348354e-01 -2.240273948168211016e-01 8.708362151592313749e-02 -1.196376849195538661e+00 -9.940886049413383014e-04 5.724857824085580749e-01 -1.337669340108504246e+00 8.384331741587319406e-03 -2.849767843184239924e-01 6.740894253680328463e-01 -1.690357009195352589e+00 2.108280007812231294e-01 8.174868248146470728e-01 -1.175670554191543760e+00
-1.347321734356366763e-01 -2.290460070614956378e-01 1.158082985333847154e-01 -1.216719254319887478e+00 -1.662423292925491918e-03 6.029242441538401609e-01 -1.350672688063605520e+00 6.050379542394998533e-03 -3.241056999424101193e-01 5.862912397052079116e-01 -1.672040167675864941e+00 1.981202260029207018e-01 8.321633918976527600e-01 -1.154905097620464449e+00
-1.273544650128753675e-01 -2.298748994207128193e-01 1.456048367869593740e-01 -1.234460353023394186e+00 4.089072222456791722e-03 6.398628190986243025e-01 -1.370118402891655096e+00 8.240965627400311660e-03 -3.746337724295005778e-01 5.009882645686616343e-01 -1.634457030396259780e+00 1.819799696787146870e-01 8.450513755616041456e-01 -1.117375894465375996e+00
-1.367211421592734732e-01 -2.363900001373395177e-01 1.788218465352363618e-01 -1.256943239327166673e+00 7.697614108906038026e-03 6.731642532153405689e-01 -1.397900527800292281e+00 6.261804654018858322e-03 -4.405553253329546060e-01 4.199130512827623507e-01 -1.596456083588881025e+00 1.644246760236767191e-01 8.582468490402179739e-01 -1.084930653547969692e+00
-1.588645448962013040e-01 -2.456532136237264130e-01 2.138654738912229292e-01 -1.281621511839961869e+00 2.172306145496679872e-02 7.032846460256608756e-01 -1.445293439456330153e+00 4.415427930293476348e-03 -5.174427838484609854e-01 3.506888562336495374e-01 -1.548425123852297913e+00 1.460750799830797808e-01 8.696173703413578870e-01 -1.045103267950682202e+00
-1.871084610922441882e-01 -2.565605538057963431e-01 2.505856986642016060e-01 -1.307375700264778562e+00 5.298570015510205983e-02 7.278046953022720977e-01 -1.510616449006466633e+00 -1.643939270793473876e-03 -5.966642767430710981e-01 2.932751588044599789e-01 -1.493723800999519513e+00 1.297578745061301886e-01 8.803983068459277916e-01 -1.009921289377042619e+00
-1.996177983718110116e-01 -2.566640295565798535e-01 2.839253749583949271e-01 -1.330711873155284719e+00 8.032746527860534780e-02 7.318277150873637726e-01 -1.571373597935137978e+00 -2.249117454964483318e-03 -6.639142210745893058e-01 2.490261677633482107e-01 -1.407933628846640639e+00 1.154820406375593328e-01 8.855797984606492701e-01 -9.537682706450708592e-01
-2.055977611745646583e-01 -2.518815285290327277e-01 3.163897832341051042e-01 -1.352599870742503319e+00 8.551882714262318275e-02 6.964481291230991689e-01 -1.611426437349410046e+00 -1.178904214220817537e-02 -7.274252707897446157e-01 2.097193885129769730e-01 -1.325200173304984519e+00 1.048576164941599220e-01 8.938857836720354166e-01 -9.200000000000000400e-01
-2.028262488686126686e-01 -2.404860316756923799e-01 3.473806243332268617e-01 -1.372609630553852211e+00 1.053256151360849741e-01 6.306901507385158645e-01 -1.637285733894579653e+00 -1.584152726495878169e-02 -7.742730892106013396e-01 1.838425754453644478e-01 -1.226165688678267918e+00 1.015659811578427801e-01 9.209429230186508830e-01 -9.200000000000000400e-01
-1.879036817453423325e-01 -2.206842064147722660e-01 3.752985658421048587e-01 -1.387896364057729981e+00 1.387008827088710150e-01 5.427895862220261103e-01 -1.638598256151321486e+00 2.067294999255827291e-03 -7.850000000000000311e-01 1.699821923088825348e-01 -1.078986147152885211e+00 9.994783095461202971e-02 9.585942686279499414e-01 -9.200000000000000400e-01
-1.630575041682575943e-01 -1.949711306900212826e-01 4.000266582488478107e-01 -1.397257677245361096e+00 1.772373380585463010e-01 4.397844143402860340e-01 -1.603153039600270224e+00 2.857200839410735426e-04 -7.850000000000000311e-01 1.569196663171548156e-01 -9.736296921475803279e-01 1.134930224298170837e-01 9.850984134803355552e-01 -9.200000000000000400e-01
-1.420805343418992950e-01 -1.739188666089586666e-01 4.257221554297525024e-01 -1.402430553991720119e+00 2.078518155373668685e-01 3.282924950601042724e-01 -1.543456732780421836e+00 -1.008036801741224540e-03 -7.850000000000000311e-01 1.728705737166016387e-01 -9.200000000000000400e-01 1.222156070377683340e-01 1.004599843740796139e+00 -9.200000000000000400e-01
-8.807665789901217290e-02 -1.287805537571030945e-01 4.370494213870536604e-01 -1.391592510294518137e+00 2.541114818537046349e-01 2.240056538073766368e-01 -1.471442489318143254e+00 -4.199423779849313469e-03 -7.850000000000000311e-01 2.070236568055693893e-01 -9.200000000000000400e-01 1.263291706737370568e-01 1.022583958061932474e+00 -9.200000000000000400e-01
-4.064260954531415809e-02 -9.009191555290646525e-02 4.487990511820502126e-01 -1.377318120852359495e+00 2.868489787458947116e-01 1.103360610523790031e-01 -1.377972151468896733e+00 -6.960711942975764815e-03 -7.850000000000000311e-01 2.374333387552946539e-01 -9.200000000000000400e-01 1.383131936223651604e-01 1.038676462926039878e+00 -9.200000000000000400e-01
3.144993521997852936e-03 -5.650557523192726445e-02 4.617033347018595357e-01 -1.361960821485540540e+00 3.092849176468872030e-01 1.602804285011998585e-03 -1.275503167647804359e+00 -1.008542264744358846e-02 -7.850000000000000311e-01 2.574760354063526657e-01 -9.200000000000000400e-01 1.539030284841219343e-01 1.061333506457566411e+00 -9.200000000000000400e-01
4.416013588565964598e-02 -2.772605285917831980e-02 4.760684392890151551e-01 -1.346466814940124435e+00 3.245721163192299974e-01 -9.129461382283510229e-02 -1.180917181427108886e+00 -1.152311840568999608e-02 -7.850000000000000311e-01 2.787181757629175194e-01 -9.200000000000000400e-01 1.638054071107030996e-01 1.063039480838941619e+00 -9.200000000000000400e-01
8.555551706400105205e-02 -1.746068623004184896e-04 4.900239724115504347e-01 -1.330397514825404581e+00 3.358994005647186754e-01 -1.584955526634022338e-01 -1.107526519934416198e+00 -1.628242013748367606e-02 -7.850000000000000311e-01 2.864003082679020817e-01 -9.200000000000000400e-01 1.788779258162563612e-01 1.073122739717513152e+00 -9.200000000000000400e-01
1.194923167155293176e-01 1.917829296051547922e-02 5.098919452409964581e-01 -1.319857960621906523e+00 3.405669820045484353e-01 -2.001240677565090109e-01 -1.045090244347417041e+00 -2.153330709715152447e-02 -7.850000000000000311e-01 2.967245750581799513e-01 -9.200000000000000400e-01 1.878195395700650305e-01 1.090773116464204051e+00 -9.200000000000000400e-01
1.525774545736934551e-01 3.368369302549645977e-02 5.308694358295816818e-01 -1.317480345629199689e+00 3.449498583621834480e-01 -2.162308006552027817e-01 -1.008197829544777990e+00 -1.947463687080928235e-02 -7.720349221355967684e-01 3.191509382410321338e-01 -9.200000000000000400e-01 1.880758948266855746e-01 1.098793776073367479e+00 -9.200000000000000400e-01
1.623626122123282001e-01 2.356371111506757113e-02 5.712694150923247616e-01 -1.337687907171283941e+00 3.454736389969247368e-01 -2.042420090483738071e-01 -1.002875213828947398e+00 -2.348459150224317324e-02 -7.561807941662128663e-01 3.334287039578509027e-01 -9.200000000000000400e-01 2.061927824421699584e-01 1.105677086188552538e+00 -9.200000000000000400e-01
1.615553690819518939e-01 1.436950629720142936e-04 6.257162256943794576e-01 -1.368619114439985962e+00 3.442404745219088680e-01 -1.637967023385400456e-01 -1.017494044584735580e+00 -1.395367510728654468e-02 -7.321251716988282920e-01 3.677726848040193119e-01 -9.335561026357008796e-01 2.094272705582584382e-01 1.126885036049782407e+00 -9.200000000000000400e-01
1.616479373232677652e-01 -3.059898968939902403e-02 6.848976528629943106e-01 -1.404797555140792964e+00 3.476178489165328567e-01 -1.127635163013681330e-01 -1.062092410224404038e+00 -9.712096868460516966e-03 -7.090571832784614559e-01 4.098237978331217279e-01 -9.768228983599772652e-01 2.185797094655247130e-01 1.132643306103471526e+00 -9.200000000000000400e-01
1.670897657403663528e-01 -6.216994062187620324e-02 7.412558812101752714e-01 -1.443125817176415637e+00 3.544298209021305990e-01 -5.373893933332966194e-02 -1.114240557958068090e+00 -1.010683265272139218e-02 -6.867765236040741517e-01 4.556703793812626468e-01 -1.039068037783608123e+00 2.369320282175403636e-01 1.156226094992037767e+00 -9.200000000000000400e-01
1.707853945349854519e-01 -9.276697249056754802e-02 7.909838232290252735e-01 -1.481247290900480129e+00 3.619473318863076772e-01 6.516988737314353269e-03 -1.167326680965519614e+00 -6.236984943081017030e-03 -6.594318240566888756e-01 5.017970924343999606e-01 -1.094269219941721882e+00 2.061310358950050325e-01 1.142952806595042725e+00 -9.200000000000000400e-01
1.640110185531330755e-01 -9.883650400152418913e-02 8.250649648703184402e-01 -1.507455202459971000e+00 3.660928366812573609e-01 6.324759176508425174e-02 -1.221956089222681729e+00 2.672806346069628042e-03 -6.285623193928121522e-01 5.474947310499528319e-01 -1.137432903291533348e+00 1.693058461619012245e-01 1.100795417991481617e+00 -9.230605778950655704e-01
1.569431568475039285e-01 -1.063838458595948028e-01 8.495676497043289643e-01 -1.526806197408396626e+00 3.691577032554634319e-01 1.152891329959838812e-01 -1.268767920569963348e+00 -4.958568939946941465e-03 -6.025244918626596613e-01 5.937329403731019806e-01 -1.216967814980484563e+00 1.239239936303600381e-01 1.116272594472698554e+00 -1.114743321011781862e+00
1.486197886567338367e-01 -1.170509916878342965e-01 8.686593603967663890e-01 -1.549693411746393634e+00 3.710523953542103626e-01 1.639820540635480717e-01 -1.311626047845338983e+00 3.100349780347810748e-03 -5.691328168830034340e-01 6.347906636012601300e-01 -1.249038907389662834e+00 1.228789470815485757e-01 1.216200044214611475e+00 -1.508586849801678342e+00
1.414180027307829213e-01 -1.287512792386873994e-01 8.820659208074207447e-01 -1.584531537839399151e+00 3.727640770409213489e-01 2.089644681288805039e-01 -1.349390326371336712e+00 8.189348605565086731e-03 -5.334381484559524988e-01 6.727292032138287858e-01 -1.282247775450672256e+00 1.052847897506489078e-01 1.261165223452452411e+00 -1.768664683546298244e+00
1.331083800449823218e-01 -1.450661693166150901e-01 8.835565821816501186e-01 -1.632499144791035528e+00 3.729208142614507393e-01 2.502722810977432433e-01 -1.381771991210518635e+00 2.668943195660601012e-03 -4.905469318682136870e-01 7.092030223907415110e-01 -1.339140921833946951e+00 9.833646521320706102e-02 1.262098336120284658e+00 -1.986157411884776014e+00
1.294789210315175909e-01 -1.580461581961767337e-01 8.670073811284511045e-01 -1.684097315305754794e+00 3.748297979247794398e-01 2.883798735122568013e-01 -1.407139487032680103e+00 1.950343426344177842e-03 -4.451947642191022014e-01 7.421921259890266187e-01 -1.371608175796918738e+00 9.384111605699137215e-02 1.184440466234223166e+00 -2.115144753110782538e+00
1.277432313151112830e-01 -1.699656067027225659e-01 8.381016218422177033e-01 -1.732923591377317329e+00 3.768483072173220427e-01 3.225004389369536817e-01 -1.424706147482502461e+00 -2.223800304434051054e-03 -4.037127995988750162e-01 7.715235550412880006e-01 -1.397903081068335718e+00 9.536305683918401555e-02 1.074791959216624848e+00 -2.222649566018181755e+00
1.220965247295852790e-01 -1.700173829367172540e-01 7.938156133512686008e-01 -1.762864540100901767e+00 3.750757719891065767e-01 3.529411621002508936e-01 -1.434812293354928769e+00 -4.917645902764162906e-04 -3.647003246653004460e-01 7.968536967439175944e-01 -1.398518826861333553e+00 1.093983149717812492e-01 9.899327456493689503e-01 -2.319474607507540753e+00
4.240669891231408500e-02 -2.081974302544733479e-01 7.643169905449983537e-01 -1.784356680606451917e+00 3.193340919613968376e-01 3.728672372111527800e-01 -1.439648720286782035e+00 -3.551369686357314266e-03 -3.318937754605918999e-01 8.172987009345376030e-01 -1.396560545869764747e+00 1.287082304462609794e-01 9.396831248585595375e-01 -2.379709432158295446e+00
-1.333965014842574542e-02 -2.074401802771056180e-01 7.195774242055461567e-01 -1.782601431792651736e+00 2.770431321732373386e-01 3.889612429705406882e-01 -1.433220917219412582e+00 1.726565535000472960e-03 -2.990646980653907105e-01 8.339271229078434322e-01 -1.369316608856482764e+00 8.088967085734456719e-02 9.298127288378373878e-01 -2.309874948131783512e+00
3.161043086823971116e-02 -1.105270481308118918e-01 6.126690178221675387e-01 -1.730914559661227869e+00 3.078934428011951274e-01 4.207111205800244114e-01 -1.426713113166836910e+00 -2.306754125988003286e-03 -2.695218800170250950e-01 8.492936665853998424e-01 -1.356880252266892795e+00 2.099332475054675740e-02 8.816308789354474484e-01 -2.128835923027545096e+00
-1.172393872808863901e-03 -1.038127344691160275e-01 5.203550009899129414e-01 -1.685336869716502317e+00 2.803685680363261490e-01 4.378199336262550423e-01 -1.413262320675199524e+00 -4.926438114324865978e-04 -2.396435246075861725e-01 8.615223563805531892e-01 -1.325891801349591947e+00 -5.386621055834237698e-02 7.407182888431471657e-01 -1.813342701172701243e+00
-4.061856246416888083e-02 -9.996024126406588550e-02 4.275294857674523108e-01 -1.627199151401707899e+00 2.464594570849403532e-01 4.516891323142421810e-01 -1.396189534192007642e+00 5.915736234736224813e-03 -2.095338430119776663e-01 8.705764219259229941e-01 -1.280864821621011673e+00 -1.101119339709743239e-01 7.404804085303852146e-01 -1.697236650963263038e+00
-8.970143192781067365e-02 -1.059196644840477153e-01 3.422130914706570937e-01 -1.565575989893439601e+00 2.036738525936254152e-01 4.605936697909356337e-01 -1.375251075320184091e+00 2.935715693037591056e-03 -1.807811524089701916e-01 8.789790452064111248e-01 -1.254718203337217952e+00 -1.194881827952794517e-01 7.287590566321311414e-01 -1.556950861692308452e+00
-1.341832222495196736e-01 -1.074168744265010522e-01 2.572460230134124837e-01 -1.493976858265916086e+00 1.633300795464960598e-01 4.692729088165750184e-01 -1.354487974133427253e+00 7.636957077334360910e-03 -1.510914699472853950e-01 8.848776428639195668e-01 -1.210749311731412980e+00 -1.191460120658939942e-01 7.108819283649803200e-01 -1.421162385735504463e+00
-1.865276438239515944e-01 -1.174907924312445229e-01 1.796745496057755576e-01 -1.423767046758624533e+00 1.151926630158333908e-01 4.727725882933177526e-01 -1.330106395137587993e+00 6.527159530372275004e-03 -1.209707666567105266e-01 8.903527202583321198e-01 -1.175834526213824782e+00 -9.888777728894877772e-02 6.983704770233287729e-01 -1.330364843548748066e+00
-2.302741156478525231e-01 -1.251858075687562744e-01 9.912246681049388664e-02 -1.355681313057214732e+00 7.274110855054090330e-02 4.778401164613649832e-01 -1.308112096765162713e+00 5.686893160509375912e-03 -9.264505643347697994e-02 9.050351639795755077e-01 -1.162211592447656594e+00 -6.877614727868991418e-02 7.067763676020095698e-01 -1.293495569049484928e+00
-2.656621953667842040e-01 -1.303730794345158983e-01 2.958160231313091554e-02 -1.294689586730268127e+00 3.593709709095987970e-02 4.860498555372567142e-01 -1.290667758179589564e+00 -2.912159564310789171e-03 -7.084634209715237607e-02 9.237760008755666608e-01 -1.179537635933143536e+00 -3.583311421757983534e-02 7.235051106299364987e-01 -1.300567634082632873e+00
-2.906287936119413273e-01 -1.329219475496553060e-01 -2.078902003863642572e-02 -1.238259850229707748e+00 6.539469519699444948e-03 5.009983623324402169e-01 -1.281266855427140916e+00 -7.495502038576119103e-03 -6.048006581675065968e-02 9.546097836314370033e-01 -1.223940395679421700e+00 1.517664379414517548e-03 7.441985915535188623e-01 -1.317449976418133106e+00
-3.129666726585084713e-01 -1.427681653796044337e-01 -5.419197092689501116e-02 -1.192615857781573085e+00 -2.146715216060889747e-02 5.176127592167234504e-01 -1.277631433137594419e+00 -8.741636350470899375e-03 -6.495823176031517709e-02 1.005517070235990573e+00 -1.320759106869139554e+00 4.131076090209457458e-02 7.666461475097392508e-01 -1.332636342666713380e+00
-3.199902616877917105e-01 -1.504186824435207182e-01 -7.514836928704729524e-02 -1.161802566228694600e+00 -3.654298265226204462e-02 5.450423818722717195e-01 -1.287901163550664974e+00 -7.589408284717443810e-03 -9.200853972730115016e-02 1.057376445138432874e+00 -1.447079525395768007e+00 8.003856760605942977e-02 7.898482250983189790e-01 -1.344857279980290476e+00
-3.274680952400257361e-01 -1.499309968059903964e-01 -6.678067779819647776e-02 -1.149532374325350936e+00 -5.256446106887716768e-02 5.732048981260210452e-01 -1.300999847535017073e+00 -3.592770330462002285e-03 -1.428435123961168396e-01 1.092989082009079294e+00 -1.576951728772214567e+00 1.157026067334789160e-01 8.163940634401942731e-01 -1.355047665081285269e+00
-3.194785946525528497e-01 -1.481728472606030911e-01 -3.413344115738943529e-02 -1.152507400850782959e+00 -5.435715309403490320e-02 6.133916556394164443e-01 -1.324443819577926451e+00 7.487639576600919064e-05 -2.103008861192879608e-01 1.095823367845808693e+00 -1.693033002685529143e+00 1.470639581591506317e-01 8.453273737053716985e-01 -1.364103949431842544e+00
-3.038967823249129618e-01 -1.490911966186456161e-01 1.210687781533851572e-02 -1.171407770958862393e+00 -4.792121588873719806e-02 6.606850348740511691e-01 -1.355932233853544222e+00 3.213120462740860469e-04 -2.927696494828058715e-01 1.065336066952150329e+00 -1.799847711121756788e+00 1.723512617592781737e-01 8.771944886923722651e-01 -1.376323245217297320e+00
-2.881611114724040301e-01 -1.554614809966348155e-01 5.977866231429867366e-02 -1.214865353877758958e+00 -3.931093918338880722e-02 7.088331371983237483e-01 -1.394823104456891949e+00 -5.404712194522310470e-03 -3.522300185505603531e-01 9.953265794295926838e-01 -1.890359246435235230e+00 1.921190736145358957e-01 9.118639496891403073e-01 -1.396071274404676155e+00
-2.734525241579731647e-01 -1.670337173061065827e-01 1.042105045183717715e-01 -1.269488754272353193e+00 -2.569964324984382389e-02 7.403608244636848967e-01 -1.434635041107041653e+00 1.938451916337717833e-04 -3.369917971317457073e-01 8.917300126488335588e-01 -1.902706677049610384e+00 2.048470837264964317e-01 9.405641066804626416e-01 -1.378527041857149582e+00
-2.594051357684638015e-01 -1.794945822137161140e-01 1.475231762578566308e-01 -1.314166238366643258e+00 -7.883987497074647355e-03 7.604170465294856074e-01 -1.484103843126285183e+00 -4.456905227874070029e-03 -3.237276148118320429e-01 7.786163730256255855e-01 -1.904377703180646142e+00 2.147753351754779216e-01 9.649098963718965027e-01 -1.368967129901195845e+00
-2.617070864474957403e-01 -1.988446512282145140e-01 1.957273873861742619e-01 -1.355568588603533797e+00 -4.528595504158790946e-03 7.617259363570206832e-01 -1.539547500644728784e+00 7.371250890272944755e-04 -3.049523237690542343e-01 6.576970816997047553e-01 -1.849513900058929128e+00 2.231735516812663744e-01 9.900260357896738528e-01 -1.342889494815004969e+00
-2.600895931925620297e-01 -2.122518555898796344e-01 2.408906355447016367e-01 -1.387857943844915898e+00 6.669384970437727995e-03 7.543767149042284181e-01 -1.601070948027676133e+00 1.216839920063398891e-03 -2.923215838637306940e-01 5.431620723880016266e-01 -1.778194411705012135e+00 2.340452304247236104e-01 1.027122206008095340e+00 -1.350467434926340360e+00
-2.463065451496705693e-01 -2.147028117687826976e-01 2.803809106044249377e-01 -1.408743398482217746e+00 3.575848906972579899e-02 7.353316935127192089e-01 -1.663553015623422615e+00 -2.049809896672877101e-03 -2.868343384169456667e-01 4.662989053364933745e-01 -1.719984095319417872e+00 2.483775737928553551e-01 1.072872567793997423e+00 -1.382894600323802514e+00
-2.458879353575192384e-01 -2.228081899551347389e-01 3.221884505164863688e-01 -1.425489699457652693e+00 5.685946693603041724e-02 6.678300739798624930e-01 -1.695463560879096221e+00 -8.620140712371000824e-03 -2.812870958220982653e-01 4.275344114539081364e-01 -1.657420770007906441e+00 2.579728054815977889e-01 1.106967595193911968e+00 -1.401144742224148310e+00
-2.166915166574853169e-01 -2.099115506209282001e-01 3.536876164924897537e-01 -1.428778928727867825e+00 1.128462025242457784e-01 5.722435546583396482e-01 -1.707051751634532266e+00 -1.387510639285705538e-03 -2.651769978254350790e-01 4.253943169824143111e-01 -1.564875085572375646e+00 2.598007351372857987e-01 1.118937974845032768e+00 -1.350309493151119700e+00
-1.716613641471159413e-01 -1.853676348357450321e-01 3.797585880408326231e-01 -1.425839937384367095e+00 1.780168750112537390e-01 4.573999673439950731e-01 -1.683644249683720506e+00 -1.249265189436799201e-03 -2.487432890088329962e-01 4.404491604555247908e-01 -1.501910037584502922e+00 2.465209778191151668e-01 1.098445757045229731e+00 -1.238358698197270735e+00
-1.194346318151761899e-01 -1.544487341855184104e-01 4.023312305694132229e-01 -1.418533348832378360e+00 2.364067269698960361e-01 3.282426834744853195e-01 -1.615169023451923813e+00 -7.690698782881066550e-03 -2.360293458349696227e-01 4.714592066759886180e-01 -1.478550203098321969e+00 1.428021277569329339e-01 9.606166056317634316e-01 -9.308732932059733400e-01
-6.131074694472010700e-02 -1.205903565000656513e-01 4.223298332250937093e-01 -1.408548656852091963e+00 2.849789417832420679e-01 1.930515682538342104e-01 -1.517429607812238013e+00 -1.070716246762572731e-02 -2.166046006440446037e-01 5.066593689732817873e-01 -1.464589202634832388e+00 1.253854647932919897e-01 9.669374304073778958e-01 -9.200000000000000400e-01
-1.148856520860128709e-05 -8.559637248536550169e-02 4.394110111166576460e-01 -1.393549439459766504e+00 3.175757304251511925e-01 6.019907597799176169e-02 -1.382864821167856251e+00 -1.101250447547148618e-02 -1.934560522747753308e-01 5.432851988590090553e-01 -1.449533770545052613e+00 1.347476406637055091e-01 9.803838989150071015e-01 -9.200000000000000400e-01
6.088940192602670248e-02 -5.152677832155334869e-02 4.542346908833042041e-01 -1.374169640615671595e+00 3.375640957155533473e-01 -7.067156080302178234e-02 -1.235594817401947543e+00 -1.487121482614856861e-02 -1.690414041888398944e-01 5.818336762547329233e-01 -1.443504781418274874e+00 1.445317805215522444e-01 9.911880241239636735e-01 -9.200000000000000400e-01
1.194856276204775553e-01 -1.737424358886714010e-02 4.666254037614415151e-01 -1.347582273329618552e+00 3.466378040158147322e-01 -1.919325593957887655e-01 -1.085196076865390324e+00 -1.835958814546011925e-02 -1.450730238574462760e-01 6.219975996457061118e-01 -1.434665561081634788e+00 1.519649334654755157e-01 9.945528239787371216e-01 -9.200000000000000400e-01
1.775317596409255183e-01 1.924404539211168469e-02 4.746349451895882643e-01 -1.313336877268988623e+00 3.480888697965119349e-01 -2.924907820055445695e-01 -9.434984420050137599e-01 6.878347603228932884e-03 -1.192495981860839660e-01 6.627565127031872505e-01 -1.356529059836877549e+00 1.621848430958097720e-01 1.019363724335917265e+00 -9.206994885792690875e-01
1.959604319359791735e-01 2.712737487294593700e-02 5.070252183711746463e-01 -1.303691301494189769e+00 3.425998494673649364e-01 -3.283698628108091544e-01 -9.200000000000000400e-01 1.647705847339280081e-04 -9.880961227208331921e-02 6.998911787681298957e-01 -1.345307125726763031e+00 1.765517375837709624e-01 1.114484628017538670e+00 -1.156345133796732316e+00
2.225491985158179198e-01 4.668587343740424056e-02 5.295549504061052293e-01 -1.286050366245759635e+00 3.547352812649520737e-01 -3.426590998364689167e-01 -9.200000000000000400e-01 -9.029069468885469324e-03 -8.095879604436670429e-02 7.369194364076648851e-01 -1.337795664759829695e+00 1.981380795469253053e-01 1.171099075053882999e+00 -1.380240903112999407e+00
2.358507681762052610e-01 5.828953385971141765e-02 5.593710371961239103e-01 -1.278951632849795184e+00 3.345140251071439530e-01 -3.393256889608490812e-01 -9.200000000000000400e-01 -9.665723971736324416e-03 -6.596946082201801675e-02 7.722685526182921922e-01 -1.310525865173723492e+00 2.368708135296318518e-01 1.188157145251033997e+00 -1.566271648616971879e+00
2.282957386764749019e-01 5.608304387278721659e-02 6.008538187705591005e-01 -1.286991035040291775e+00 3.255522525688891999e-01 -3.252912570030908612e-01 -9.200000000000000400e-01 -2.688535450945337205e-03 -5.569749757516720412e-02 8.034101774193029843e-01 -1.264626992526030280e+00 2.898180189339404356e-01 1.163666049320441598e+00 -1.702149849093621770e+00
2.176516306064456840e-01 5.423053248363779444e-02 6.408451591108730305e-01 -1.297593486954206732e+00 3.253227515265760816e-01 -3.069730016467600575e-01 -9.200000000000000400e-01 -5.393000196332244957e-03 -4.977197115439902647e-02 8.328612856940714737e-01 -1.238862656211727087e+00 3.525084451390274598e-01 1.102533072714313445e+00 -1.813365610702494690e+00
2.012525101754052692e-01 4.751208834183497792e-02 6.830910232137998861e-01 -1.315054729980712933e+00 3.371256483764583090e-01 -2.838385145419744515e-01 -9.200000000000000400e-01 4.841453495760782155e-03 -4.652304100454123653e-02 8.560909215575635001e-01 -1.179887721603227080e+00 4.143935285405292990e-01 1.016539046507907385e+00 -1.862475687480547926e+00
1.942836357314052798e-01 5.188984529253559685e-02 7.143093572751301190e-01 -1.326920743727977081e+00 3.316512045442037149e-01 -2.626687000060456967e-01 -9.200000000000000400e-01 -2.597948424720459421e-03 -4.637235946160423589e-02 8.797291539565705865e-01 -1.159206978397360421e+00 4.764427434119678506e-01 9.072297377860466527e-01 -1.902161146402142622e+00
1.783707224979409756e-01 4.490914289316152996e-02 7.528393164584976649e-01 -1.344862797265259591e+00 3.367289516441361319e-01 -2.459989300830540127e-01 -9.200000000000000400e-01 -1.422392903838180052e-03 -4.732332019132159950e-02 8.958477263500195242e-01 -1.111686943143830097e+00 5.233023519964141723e-01 7.867524587009124826e-01 -1.888129116298964183e+00
1.713621246792983444e-01 3.375597429403076610e-02 7.777409140216892114e-01 -1.371003933985712964e+00 3.344592641914829190e-01 -2.248207041505347614e-01 -9.200000000000000400e-01 -7.613437826440949338e-03 -4.835307737850304960e-02 9.089966418787132074e-01 -1.072548565603252069e+00 5.663256158793845696e-01 6.613421244414885436e-01 -1.840960782400977269e+00
1.772613976100487765e-01 2.721908669264075376e-02 7.792527314967593322e-01 -1.394983959042232380e+00 3.377555639361600193e-01 -1.962192693577329838e-01 -9.246978046226073111e-01 -8.505780623684835659e-03 -4.976642040803047617e-02 9.138934412468056045e-01 -1.010003091377637219e+00 5.927272245463545142e-01 5.341343854761426702e-01 -1.729963758574898813e+00
1.760853443749868241e-01 5.033423210334597372e-03 7.789644431928008927e-01 -1.429122866841955330e+00 3.405682289385244532e-01 -1.509835752543665643e-01 -9.646497472792353589e-01 -2.765723521635378868e-03 -5.144689067261385557e-02 9.090255294288893673e-01 -9.202896871283827718e-01 6.020226112349271741e-01 4.077008033158565636e-01 -1.558679569029163270e+00
1.797750628604447565e-01 -2.167272724526229585e-02 7.703221437919871573e-01 -1.467089236303549926e+00 3.446207523275150453e-01 -1.072325667478580824e-01 -9.977367023831317239e-01 -5.829312196799324788e-03 -5.961156267042309193e-02 9.374204522827571662e-01 -9.200000000000000400e-01 6.105353470794886439e-01 3.065585281640740845e-01 -1.406724188869996839e+00
1.870507383093459319e-01 -5.218091102422565963e-02 7.520320541748596321e-01 -1.511435956102784806e+00 3.500440312922699637e-01 -6.492920257816459095e-02 -1.025408540711657324e+00 -1.207114023108416846e-02 -6.934834118844250550e-02 9.600063707990119655e-01 -9.200000000000000400e-01 6.106443341614888887e-01 2.305444003365469396e-01 -1.271627580743909469e+00
1.882451814478816043e-01 -9.328479565525682471e-02 7.205437942996635314e-01 -1.555413187705290357e+00 3.534878197972334823e-01 -2.374944040613010537e-02 -1.049825937980292556e+00 -7.518516133429826477e-03 -9.034442452172190829e-02 9.954468795353696997e-01 -9.200000000000000400e-01 5.905101410780569937e-01 1.788386409485179795e-01 -1.132957675793864638e+00
1.818628768920864947e-01 -1.146997156212345298e-01 6.592343658236511361e-01 -1.582215701442754696e+00 3.539285254849585116e-01 1.669986417845828811e-02 -1.072788023241650013e+00 -1.839369437791703657e-02 -9.835453169480097568e-02 1.007422906453267153e+00 -9.200000000000000400e-01 5.843271089039889787e-01 1.465411706818499638e-01 -1.058129833435790035e+00
1.687835335823038296e-01 -1.428706158619177935e-01 5.846174761923353946e-01 -1.593118118347724321e+00 3.460188673233884904e-01 5.858637671482348069e-02 -1.096484690878867907e+00 -1.426604868133747595e-02 -1.243659970185116842e-01 1.028900319588589074e+00 -9.200000000000000400e-01 5.742242151099190561e-01 1.417251382691873673e-01 -9.774958517334904062e-01
1.496177976024301581e-01 -1.740125102976056715e-01 5.012562654816179464e-01 -1.581532832727517768e+00 3.303181746570902910e-01 1.007663657425610232e-01 -1.120503762744681442e+00 -1.603021708457452038e-02 -1.372514904834590821e-01 1.054357840321435091e+00 -9.200000000000000400e-01 5.692815462597790033e-01 1.615836268491774863e-01 -9.525264869911939103e-01
1.209172047186564403e-01 -2.095916813943214663e-01 4.106078947813333602e-01 -1.551497321596478018e+00 3.084222030784622981e-01 1.401727346898466453e-01 -1.141124881791122148e+00 -1.153285194928018939e-02 -1.552742525146528219e-01 1.062442423957929094e+00 -9.200000000000000400e-01 5.617787762122266049e-01 1.932467562315394460e-01 -9.329420571652902172e-01
9.262558991109862139e-02 -2.405615608801583150e-01 3.116691978693025278e-01 -1.505201540149736061e+00 2.857775354394801459e-01 1.776418546384167241e-01 -1.156169891325331989e+00 -1.455143465896883634e-02 -1.616157970267375898e-01 1.093173436754897088e+00 -9.200000000000000400e-01 5.588990049090882817e-01 2.320672637200763000e-01 -9.518707653217934883e-01
6.060609413977065957e-02 -2.672719344269250952e-01 2.116735976746466352e-01 -1.435489623696884376e+00 2.594760466474380634e-01 2.115465002761023339e-01 -1.164222130390914600e+00 -2.512959062664820234e-02 -1.774104797103944753e-01 1.088213599333749171e+00 -9.200000000000000400e-01 5.592897739223221532e-01 2.710325165282317372e-01 -9.978951393415992355e-01
2.727706274382946106e-02 -2.886968145127088992e-01 1.062983333463818902e-01 -1.345182585554457244e+00 2.303872063158691474e-01 2.424465977059143407e-01 -1.171652092256556532e+00 -1.161959050656472849e-02 -1.766482808061213827e-01 1.106884571066739431e+00 -9.200000000000000400e-01 5.467111153758485997e-01 3.053358734634503135e-01 -9.738974813727098168e-01
-1.388679757362022878e-02 -3.096808083381024645e-01 2.131672492016875413e-03 -1.253006900680369462e+00 1.938396089101400988e-01 2.670692631239487413e-01 -1.175287414959641064e+00 -9.903731838514675048e-03 -1.740323734922767096e-01 1.137154136311894659e+00 -9.200000000000000400e-01 5.399288096828215311e-01 3.401907617465128597e-01 -9.836331653289633881e-01
-4.761102466597915556e-02 -3.225051243817604885e-01 -9.164322448785171271e-02 -1.163147094209841859e+00 1.593964132148041335e-01 2.885058118165869656e-01 -1.176233102233073646e+00 -1.225582316136236000e-02 -1.683398290395971553e-01 1.171013512312981897e+00 -9.200000000000000400e-01 5.348580348487659286e-01 3.746686318887487710e-01 -1.004220781909513915e+00
-7.468754983506260825e-02 -3.278774237892148613e-01 -1.656964815077958120e-01 -1.075389868649105907e+00 1.277080267746319719e-01 3.074903936214131162e-01 -1.174667301562797972e+00 -9.199670155534163743e-03 -1.346983179784584095e-01 1.183786770858996862e+00 -9.200000000000000400e-01 5.272239383436101434e-01 4.065279451508748143e-01 -1.008146213912578082e+00
-9.960620750590344630e-02 -3.292385485544404577e-01 -2.236651022623793728e-01 -9.906417824827665752e-01 9.793052589868093960e-02 3.210551694687271973e-01 -1.171107079664913675e+00 3.836329791645145138e-03 -9.589668818769110648e-02 1.231349445327657000e+00 -9.840151338955003268e-01 5.136183205894754300e-01 4.336576935472275518e-01 -9.830917601983684140e-01
-1.161558052466719199e-01 -3.272510203772139303e-01 -2.634655441169946877e-01 -9.200000000000000400e-01 7.208519282822713203e-02 3.358937550020417717e-01 -1.167816320246853445e+00 8.146857695465371460e-03 -4.840536695954225643e-02 1.296995335826805595e+00 -1.103679017470622581e+00 5.042168885785448529e-01 4.616108941770236118e-01 -9.812340581665098815e-01
-1.181378634896181890e-01 -3.252946628457780709e-01 -2.572690761660573200e-01 -9.200000000000000400e-01 5.521552153410851094e-02 3.576297548047966401e-01 -1.168827216669259039e+00 1.128605446385571681e-04 8.495864973217446409e-03 1.337637824600573788e+00 -1.199649509953785165e+00 4.995753538656933501e-01 4.923244331978395838e-01 -1.011859594284221897e+00
-1.081286217564614710e-01 -3.199770219142796801e-01 -2.307810056887192041e-01 -9.200000000000000400e-01 4.692487020197830261e-02 3.856833696739351836e-01 -1.174819590005940828e+00 2.160377795865249789e-03 8.344037337929074982e-02 1.332952826621957465e+00 -1.232719342137605922e+00 4.901956729258737933e-01 5.185502449775196698e-01 -1.009920738347365843e+00
-9.678299755802216575e-02 -3.148750578860294302e-01 -2.000584256894517576e-01 -9.200000000000000400e-01 4.015844207639358149e-02 4.145942644045518266e-01 -1.181062569764086856e+00 9.477287060430156142e-04 1.665513424404336251e-01 1.295858426986668865e+00 -1.234461231402810277e+00 4.798043790781936768e-01 5.450569993263199020e-01 -1.016184557671833355e+00
-8.688300082663028001e-02 -3.055335547253436035e-01 -1.751269863068425359e-01 -9.200000000000000400e-01 3.502101355651156961e-02 4.444225371283845871e-01 -1.190366652360589583e+00 3.911646719417965698e-03 2.468483507637458663e-01 1.231555235435316531e+00 -1.196409308329231980e+00 4.653448795734671517e-01 5.700138327418422524e-01 -1.010954597335626204e+00
-9.173248400961594995e-02 -3.126358464717738372e-01 -1.564113458863053419e-01 -9.200000000000000400e-01 2.291580072680923785e-02 4.686143278191126638e-01 -1.199280369968464433e+00 5.321837337558031275e-03 3.197166771640734817e-01 1.147785422931109300e+00 -1.132836345779146381e+00 4.483139352829736968e-01 5.958187128028413770e-01 -1.012351990916537714e+00
-9.714857390978222373e-02 -3.062144126342172812e-01 -1.317420848723998561e-01 -9.200000000000000400e-01 1.413092364501857857e-02 4.908051823154559457e-01 -1.213560767384442851e+00 -8.428304425340185776e-04 3.882740859153009372e-01 1.045830399773939545e+00 -1.052761942925436678e+00 4.312062594219431277e-01 6.243673410604722029e-01 -1.036094240328282456e+00
-9.095370250784380606e-02 -3.041429207897620723e-01 -1.117692850344689792e-01 -9.200000000000000400e-01 2.350538707344330958e-02 5.229564377720993251e-01 -1.247855697094808924e+00 5.922820498957389809e-03 4.313389234898969971e-01 9.316282898872859652e-01 -9.209237156546971059e-01 4.073810895925133457e-01 6.491772507282883575e-01 -1.025762418344846383e+00
-9.512180180968624055e-02 -3.072853129772679659e-01 -7.484901633992344094e-02 -9.546356716152312183e-01 3.330719280794210840e-02 5.519087555715774807e-01 -1.288517559306740168e+00 -1.231504525367025510e-02 4.482387439253217587e-01 8.740468493085190582e-01 -9.200000000000000400e-01 3.870499350758394019e-01 6.828753654827924846e-01 -1.085196090210695630e+00
-1.022134623226668287e-01 -3.122867069511673921e-01 -3.560172790989976632e-02 -9.940533032437378624e-01 4.792041172809873018e-02 5.795175524879992990e-01 -1.339175702634754161e+00 -3.946829114900649547e-03 4.362574911870324423e-01 8.426842199062674066e-01 -9.200000000000000400e-01 3.588079193162085900e-01 7.071534371116133810e-01 -1.070460309575328672e+00
-1.188873636496146635e-01 -3.227163394615595315e-01 5.477297315178024199e-03 -1.039357963633401383e+00 5.798329559485969342e-02 6.024729742947332323e-01 -1.406029987924336977e+00 -1.027256753629249980e-02 4.147739005165070325e-01 8.180322696956704442e-01 -9.200000000000000400e-01 3.317319116680535473e-01 7.362330723694348045e-01 -1.095383618212628418e+00
-1.371613737895091001e-01 -3.347092885317969890e-01 4.336067751725243558e-02 -1.080242536050875390e+00 7.023507221850157356e-02 6.160282966291683593e-01 -1.493759603118183676e+00 -1.208319637197073984e-02 3.769161467541614075e-01 8.011910543232705351e-01 -9.200000000000000400e-01 3.025728984939516919e-01 7.631937115930839122e-01 -1.107725211238196561e+00
-1.453624568906674852e-01 -3.421245117493338372e-01 7.528404447861192228e-02 -1.112533327024279650e+00 8.547071308741764628e-02 5.953719288076163574e-01 -1.587284087647222064e+00 -8.502700121484799839e-03 3.245375835522942287e-01 8.059303536989739225e-01 -9.200000000000000400e-01 2.729530597031794570e-01 7.871489991628419780e-01 -1.103274693963619546e+00
-1.481244634276085992e-01 -3.463764239895855135e-01 1.020039425216600071e-01 -1.136385586773435374e+00 9.530834096830156921e-02 5.406037462378726621e-01 -1.671315104105744132e+00 -1.121683647820262246e-02 2.908264301505362748e-01 7.995627277738773797e-01 -9.200000000000000400e-01 2.464647093341312545e-01 8.121777755428145618e-01 -1.113865550824111317e+00
-1.468572079972501332e-01 -3.479965549233624000e-01 1.248268340590163450e-01 -1.153817914367879727e+00 9.768809352087511055e-02 4.559861136631109257e-01 -1.735135175251401263e+00 -1.796641624303262422e-02 2.602784847721330563e-01 8.137073060187676177e-01 -9.200000000000000400e-01 2.233083084111593952e-01 8.371154748690516900e-01 -1.134433747829782124e+00
-1.293227882317020405e-01 -3.405412430991905937e-01 1.454138749594907354e-01 -1.167411277687429250e+00 1.020256085646620847e-01 3.529750724550408392e-01 -1.770494524202125941e+00 -1.319004068514192246e-02 2.432858893269218004e-01 8.242746736969647214e-01 -9.200000000000000400e-01 2.010506489132880270e-01 8.559502167011868723e-01 -1.124820800867066595e+00
-9.162847741364016363e-02 -3.210143231853255785e-01 1.623713299740457694e-01 -1.175584155143122311e+00 1.018107196267309944e-01 2.500118559373966098e-01 -1.765880190715853226e+00 -1.377121563125136179e-02 2.243108208674302051e-01 8.254940863090823866e-01 -9.200000000000000400e-01 1.829681365032361784e-01 8.741642192718833693e-01 -1.129035506807092082e+00
-3.527790115818342509e-02 -2.895360620466374546e-01 1.742067712359736398e-01 -1.176882100937985287e+00 9.347778730039067729e-02 1.622470101288954747e-01 -1.724095266315729846e+00 -1.293028795714128328e-02 2.072099476785100591e-01 8.384083247196673083e-01 -9.200000000000000400e-01 1.689181673923026428e-01 8.915158028219696273e-01 -1.133986510906560108e+00
3.751524516902277756e-02 -2.469430217097855484e-01 1.787831958068788196e-01 -1.168829907420531056e+00 7.265856448566852810e-02 9.492548785910100151e-02 -1.653498063887548497e+00 -1.053220378783375523e-02 1.946453564853347362e-01 8.572444775745041712e-01 -9.200000000000000400e-01 1.586074542052103853e-01 9.085811578329877625e-01 -1.137449022781210850e+00
1.128998475733075935e-01 -2.011016788692797097e-01 1.771280322715771405e-01 -1.151266398654749334e+00 3.676385511629171043e-02 4.748298079302580577e-02 -1.562238250291334785e+00 -1.857838870511355212e-02 1.831479177961600202e-01 8.595269651592754023e-01 -9.200000000000000400e-01 1.541119364764892141e-01 9.271391215204920488e-01 -1.163491313626624502e+00
1.857700515510190553e-01 -1.554228220654271519e-01 1.709096917032483232e-01 -1.127476394601433229e+00 -4.260957220765297648e-03 1.674409299965131173e-02 -1.463254442519654530e+00 -1.256775652106135142e-02 1.710165318996235417e-01 8.762757943545386174e-01 -9.200000000000000400e-01 1.552239068184106119e-01 9.382836540275193427e-01 -1.153841269717830409e+00
2.542273739731982229e-01 -1.113286851865722682e-01 1.610737603679604779e-01 -1.099048821486517280e+00 -4.044530403756664561e-02 9.782519513095919422e-04 -1.358948419126431162e+00 -1.258417830829699699e-02 1.567225243619531638e-01 8.837225119137638307e-01 -9.200000000000000400e-01 1.653767112687927754e-01 9.504740137102350994e-01 -1.162567283714888822e+00
3.131368705525536256e-01 -7.206653792452416551e-02 1.501672885025579218e-01 -1.068743733001097374e+00 -7.336093156523712522e-02 -1.122661430262039163e-02 -1.255264427815629746e+00 -2.039877009941564595e-02 1.443623454727657462e-01 8.745140696483678644e-01 -9.200000000000000400e-01 1.856613678105966947e-01 9.627955418929817766e-01 -1.193413888303536341e+00
3.663508101514331705e-01 -3.584892834799317807e-02 1.372399363235532188e-01 -1.036844826589557123e+00 -1.000005613165046298e-01 -1.326805415267189557e-02 -1.170487600342540180e+00 -1.549810919482995028e-02 1.355386080456331688e-01 8.905766654324144271e-01 -9.200000000000000400e-01 2.154866738543143589e-01 9.678153233803349353e-01 -1.196436570692844814e+00
4.015762225861810308e-01 -9.703202588210174326e-03 1.315860766440431762e-01 -1.014440508130927343e+00 -1.165758698235384166e-01 -6.926119135544641162e-03 -1.104720350335210544e+00 -1.332014982681496013e-02 1.248356668128649261e-01 8.933989789107250612e-01 -9.200000000000000400e-01 2.533409876707036212e-01 9.713120885785108127e-01 -1.213604431359876834e+00
4.183846053969503820e-01 6.054285605499996892e-03 1.356923255420851016e-01 -1.004184990528321775e+00 -1.172928312209182700e-01 6.007066618475116748e-03 -1.053361903611366168e+00 -9.992409575938046226e-03 1.232089303233481203e-01 9.241261435989401862e-01 -9.200000000000000400e-01 2.978064495149414515e-01 9.736259729748902858e-01 -1.236070638649894970e+00
4.255442564096351687e-01 1.610090831717224738e-02 1.446780784364105621e-01 -1.000240895072907810e+00 -1.111778607109671912e-01 2.774505566206276683e-02 -1.023821956736366445e+00 -1.790266152231431013e-02 1.012883506365430120e-01 9.206353343456480376e-01 -9.200000000000000400e-01 3.514343215987910107e-01 9.802283359000918406e-01 -1.291082880636923003e+00
4.202407465948393428e-01 1.853272352301208251e-02 1.616746826607985688e-01 -1.007191370514306072e+00 -1.008852183110613282e-01 5.003264419060664964e-02 -1.005109258432935082e+00 -1.255455605207346850e-02 9.273381892523961667e-02 9.349968341076136946e-01 -9.200000000000000400e-01 4.083016774988535991e-01 9.791028347139122401e-01 -1.314485773074020925e+00
4.117206020132013755e-01 1.845079446398454129e-02 1.802106645501940219e-01 -1.017356933201325253e+00 -8.464327975416990890e-02 7.785929354595683138e-02 -9.898964414843743898e-01 -1.960186672115675835e-02 8.553386905077826896e-02 9.459823630615603607e-01 -9.200000000000000400e-01 4.711361084217682849e-01 9.690729204391640428e-01 -1.354617289191411666e+00
3.938794246181619441e-01 1.090621016221054312e-02 2.039217272001447034e-01 -1.041009620893244225e+00 -6.682059296699538464e-02 1.014244659707492363e-01 -9.758697231076073342e-01 -2.002009898248328229e-02 8.124607536115145690e-02 9.654149161805652968e-01 -9.200000000000000400e-01 5.331000302937902724e-01 9.494526126060134352e-01 -1.367633333493994519e+00
3.740247029956830227e-01 1.898545689265918046e-02 2.145664942248522722e-01 -1.050874054586756534e+00 -4.598800029369400771e-02 1.264978373740493212e-01 -9.849786234597119883e-01 -1.275597686530750667e-02 7.929329837703187611e-02 9.801308600445484132e-01 -9.200000000000000400e-01 5.924399238804024526e-01 9.167858283766302518e-01 -1.345706439876665383e+00
3.351633570696625486e-01 3.453642228788872393e-02 2.272452380770355329e-01 -1.064526948677871898e+00 -3.519412989778875761e-02 1.381567229223962801e-01 -9.889068033222927490e-01 -1.533784355342571876e-02 7.375332934559818143e-02 9.883686931330282199e-01 -9.200000000000000400e-01 6.538745139923943794e-01 8.744403529531850072e-01 -1.321759695582295890e+00
2.984189151633842574e-01 4.779598024734772743e-02 2.429365345756752947e-01 -1.086827519223527716e+00 -2.651683553649972908e-02 1.518561455473635413e-01 -1.001610687241845765e+00 -1.391098001345917635e-02 7.003992634062700118e-02 1.003772045801933688e+00 -9.200000000000000400e-01 7.094920542431563115e-01 8.195263175187327276e-01 -1.267106216104605831e+00
2.698133452159713341e-01 5.738567505783403327e-02 2.589404725510849326e-01 -1.118052408525633146e+00 -1.573392363952052023e-02 1.714190792065751479e-01 -1.024947139822733444e+00 -1.583608056896521066e-02 6.480910765532282847e-02 9.957031397491757918e-01 -9.200000000000000400e-01 7.600744996399954045e-01 7.486202050570810451e-01 -1.182215337606161709e+00
2.432048547224087420e-01 5.507563861860029913e-02 2.820633355351118143e-01 -1.169587351728440749e+00 -4.264005621255747766e-03 1.919940532592342153e-01 -1.048749171030278760e+00 -5.912254633926868064e-03 5.971208268191068036e-02 1.006802353522042281e+00 -9.200000000000000400e-01 7.850000000000000311e-01 6.490250317868463403e-01 -1.017100578558741697e+00
2.330318342158717027e-01 4.465191837839407180e-02 3.040072187049538965e-01 -1.231435096137765139e+00 1.446293436653178083e-02 2.201512633673802233e-01 -1.079120498346560986e+00 -1.087887602197626369e-02 5.738998370766071333e-02 1.017045612811709132e+00 -9.200000000000000400e-01 7.850000000000000311e-01 6.187435971996637640e-01 -1.007184600801679153e+00
2.393747323816950157e-01 2.336323719318548695e-02 3.244052731077089469e-01 -1.303202158478498074e+00 4.143227187292768815e-02 2.552975189090377350e-01 -1.114140112070976407e+00 -1.109817776203583274e-02 4.377204497784220605e-02 1.018174096103231063e+00 -9.200000000000000400e-01 7.850000000000000311e-01 5.644327534320290329e-01 -9.200000000000000400e-01
2.639700998119198228e-01 -9.861276573882776786e-03 3.420020318164813111e-01 -1.388014031668639348e+00 7.879699433504123995e-02 2.965893272621636934e-01 -1.153356148626949684e+00 -1.321988617705299220e-02 5.066165889631674829e-02 1.024293864582498603e+00 -9.200000000000000400e-01 7.850000000000000311e-01 5.571083126692196741e-01 -9.200000000000000400e-01
2.997731887923202887e-01 -4.525812721943998224e-02 3.595359435017964622e-01 -1.473000543516780336e+00 1.241265333386238068e-01 3.387685613628650949e-01 -1.189769336130965804e+00 -1.430647530524125667e-02 2.778876510912756462e-02 1.014690406470704964e+00 -9.200000000000000400e-01 7.850000000000000311e-01 5.650501923763714407e-01 -9.200000000000000400e-01
3.049918212144041019e-01 -6.734556984501167964e-02 3.640825511192205544e-01 -1.542820951799441564e+00 1.478342913301809169e-01 3.632547915894502322e-01 -1.207441388767114043e+00 -1.590851451182039369e-02 2.946145727631474531e-02 1.035621226204707535e+00 -9.200000000000000400e-01 7.850000000000000311e-01 5.536056215412250570e-01 -9.200000000000000400e-01
2.996763741161536099e-01 -8.186552581130397688e-02 3.511567309248739277e-01 -1.590122132918228015e+00 1.657588128212076628e-01 3.825014694675822891e-01 -1.218960551753626165e+00 -1.716981567763499472e-02 1.128316285947329398e-02 1.034866441313870622e+00 -9.200000000000000400e-01 7.850000000000000311e-01 5.912931543864680117e-01 -9.681220111269911444e-01
2.882321371628350226e-01 -1.002677889671883538e-01 3.336670609989164094e-01 -1.613118524634508333e+00 1.794897673849099040e-01 3.983938152240124597e-01 -1.225446726814649612e+00 -1.350555150788077148e-02 1.194381545684360980e-02 1.043849475452397479e+00 -9.200000000000000400e-01 7.850000000000000311e-01 5.673339844387563780e-01 -9.200000000000000400e-01
2.427977567758274058e-01 -1.401025982315877716e-01 3.289192718958326989e-01 -1.616309317332171203e+00 1.681185414009060131e-01 4.017399771212335491e-01 -1.220267356987300378e+00 -1.829742129703694833e-02 1.590978338438867393e-02 1.031657742466747463e+00 -9.200000000000000400e-01 7.850000000000000311e-01 5.804944019025883861e-01 -9.200000000000000400e-01
2.139111197686856813e-01 -1.632289313378728901e-01 3.120490438494924468e-01 -1.583577192724143101e+00 1.703718109727490604e-01 4.099098565738364952e-01 -1.217401623404189115e+00 -2.046066063160129414e-02 1.556317483122960504e-02 1.030266503053234750e+00 -9.200000000000000400e-01 7.850000000000000311e-01 5.851168084138440584e-01 -9.200000000000000400e-01
1.721329036861133921e-01 -1.919907596313634446e-01 2.935626749781425904e-01 -1.534231530470295368e+00 1.634701986347893155e-01 4.138527406682668275e-01 -1.210824624534394101e+00 -1.965438799346722401e-02 4.163775861475136654e-03 1.033859466422160756e+00 -9.200000000000000400e-01 7.850000000000000311e-01 5.853160374874125660e-01 -9.200000000000000400e-01
1.287790043620133384e-01 -2.170604104587480765e-01 2.755280022381391691e-01 -1.472130644938326238e+00 1.551625998909685611e-01 4.177340200100490564e-01 -1.204269743613012311e+00 -2.148811497111051058e-02 9.723830148159403079e-04 1.034670896878312485e+00 -9.200000000000000400e-01 7.850000000000000311e-01 5.774783547803039596e-01 -9.200000000000000400e-01
1.047739277919329803e-01 -2.242560096074887876e-01 2.591028604153140513e-01 -1.392338825389864754e+00 1.608710625183019660e-01 4.284108662608998586e-01 -1.200688504160036807e+00 -2.370895418947248715e-02 -1.751327017367039843e-02 1.027027243594125450e+00 -9.200000000000000400e-01 7.850000000000000311e-01 5.680776756729697397e-01 -9.200000000000000400e-01
7.177846290354526759e-02 -2.375899466738200794e-01 2.576342532687172504e-01 -1.334748326157160880e+00 1.595125731735511365e-01 4.360059081699748096e-01 -1.195128953585826714e+00 -2.019809127950354319e-02 -2.911811510399235636e-02 1.041734839819197234e+00 -9.200000000000000400e-01 7.850000000000000311e-01 5.521605400553445397e-01 -9.200000000000000400e-01
5.113877297016065221e-02 -2.451037258271116515e-01 2.700016721282565979e-01 -1.304875238738222532e+00 1.681271695944548394e-01 4.476204145901376275e-01 -1.195755636898706120e+00 -2.414512908674490421e-02 -3.441822441598986482e-02 1.037769728718995532e+00 -9.200000000000000400e-01 7.850000000000000311e-01 5.539246380093363342e-01 -9.200000000000000400e-01
2.863831025859887858e-02 -2.549314574798574595e-01 2.894447167881316063e-01 -1.284460977286186800e+00 1.753552618057962753e-01 4.598597095499260545e-01 -1.198387407511311675e+00 -2.471540714493726879e-02 -4.707259059235096438e-02 1.039796339409644998e+00 -9.200000000000000400e-01 7.668006163010669951e-01 5.469308634219521847e-01 -9.200000000000000400e-01
1.162507214732479491e-02 -2.628116416601524730e-01 3.098784950011133077e-01 -1.271386077542721482e+00 1.849975202489341497e-01 4.748369462363655757e-01 -1.204121868415420238e+00 -2.611273043595557092e-02 -5.484037810856026013e-02 1.031459616645639787e+00 -9.200000000000000400e-01 7.471492380051892868e-01 5.417513043879838008e-01 -9.200000000000000400e-01
-3.811616908756585917e-03 -2.700124788720044688e-01 3.298013126724600452e-01 -1.255026595463549333e+00 1.944074864434805205e-01 4.911657347762379833e-01 -1.211676246590170036e+00 -2.532357980045414625e-02 -6.567929183114264158e-02 1.040189371624636872e+00 -9.200000000000000400e-01 7.187103798590960269e-01 5.374231843020911281e-01 -9.200000000000000400e-01
-1.649303757290864966e-02 -2.758591195476816083e-01 3.453078835832460447e-01 -1.235552656704439922e+00 2.045563701084910646e-01 5.100103323274148837e-01 -1.226110728996575583e+00 -2.561660857232669550e-02 -7.125781103290509955e-02 1.037845001194970695e+00 -9.200000000000000400e-01 6.948743557760879153e-01 5.370603224383130314e-01 -9.200000000000000400e-01
-2.969886649032420570e-02 -2.831428000648721910e-01 3.584359579849704103e-01 -1.220510075064439759e+00 2.113373627235942132e-01 5.311438950179506735e-01 -1.251321641075899826e+00 -2.455343274331436149e-02 -7.723115159924956452e-02 1.039538049615081006e+00 -9.200000000000000400e-01 6.695472006698166556e-01 5.342815902265993788e-01 -9.200000000000000400e-01
-3.344828128697458630e-02 -2.850940380985239608e-01 3.710468007964335402e-01 -1.215522611709610068e+00 2.206527157436256603e-01 5.489674430645826719e-01 -1.287726238471492701e+00 -2.226638589472373225e-02 -7.861414625421783708e-02 1.037548118865978308e+00 -9.200000000000000400e-01 6.429193291581176695e-01 5.420521966022262550e-01 -9.200000000000000400e-01
-3.359245785717480254e-02 -2.856147844741587782e-01 3.863893821574747034e-01 -1.221400697601785934e+00 2.235646320455149383e-01 5.542780304060338503e-01 -1.337123840104244010e+00 -2.281157975793080689e-02 -7.050242363765203690e-02 1.031618965169880831e+00 -9.200000000000000400e-01 6.258634222148364845e-01 5.440504198964696281e-01 -9.200000000000000400e-01
-2.847661792946545867e-02 -2.829450328256268299e-01 4.036958653796993701e-01 -1.234183119872986456e+00 2.164490521459680739e-01 5.543807851236481898e-01 -1.394270956515478277e+00 -2.278559002529722058e-02 -6.583725859763964183e-02 1.033852734067519652e+00 -9.200000000000000400e-01 6.055526952540474239e-01 5.460659914081221755e-01 -9.200000000000000400e-01
-1.012410642848149238e-02 -2.705281958733353753e-01 4.206613636410535539e-01 -1.250823539062748013e+00 2.024255478313606582e-01 5.337688659176305084e-01 -1.444725822738637921e+00 -2.195608923622768133e-02 -6.017602881445884705e-02 1.031001466432895031e+00 -9.200000000000000400e-01 5.903615956604075787e-01 5.546871324940100267e-01 -9.200000000000000400e-01
2.364931676788632059e-02 -2.460600283827479862e-01 4.358566894470695674e-01 -1.270614855224584838e+00 1.841511404028073062e-01 4.826801999572176705e-01 -1.477542996001480313e+00 -2.369754577837577050e-02 -4.649312684844031374e-02 1.025128967051033291e+00 -9.200000000000000400e-01 5.793841032256508150e-01 5.601135068246759774e-01 -9.200000000000000400e-01
6.419737896866389848e-02 -2.152452544014826774e-01 4.478700318768643607e-01 -1.288248467495133109e+00 1.565704586260916187e-01 3.929276592972190674e-01 -1.485460292769835711e+00 -1.262323887265363008e-02 -4.139995110248908573e-03 1.015317497683987824e+00 -9.200000000000000400e-01 5.696147066082797306e-01 5.830134206757509041e-01 -9.274817960427622632e-01
1.289162297281748193e-01 -1.637669125143681459e-01 4.490695838773711146e-01 -1.296197328486202283e+00 1.395110469969107758e-01 2.999187045678305963e-01 -1.456886359206459591e+00 -1.238339009594574720e-02 3.302106810935344361e-02 1.007591516396115106e+00 -9.200000000000000400e-01 5.657074868437467208e-01 6.099688617757943465e-01 -9.612976200248906089e-01
1.951043274037292108e-01 -1.094600485182370686e-01 4.425063334649756430e-01 -1.293082021713116925e+00 1.204436137951595681e-01 1.961354043194856178e-01 -1.392171991347914251e+00 -6.601051412629496684e-03 8.664461915015848892e-02 9.868226509700457338e-01 -9.200008699887641805e-01 5.612283373853550472e-01 6.328730419943342511e-01 -9.719438109446526530e-01
2.633238035207694505e-01 -5.227272876058233764e-02 4.268703175865151134e-01 -1.275593855802793497e+00 9.311554496694728067e-02 9.645589356590379693e-02 -1.313014271350781526e+00 -6.971234028375357383e-03 1.428174363258626345e-01 9.815549107763120729e-01 -9.771489698653572642e-01 5.589670310348935356e-01 6.562385613038840271e-01 -9.919051723966609835e-01
3.330283699594213109e-01 6.673742974527026653e-03 4.021765235770201619e-01 -1.243748665853286139e+00 6.193498931160510562e-02 9.574598450208358577e-03 -1.230756715059547535e+00 9.493577478329255333e-04 2.013675423377382367e-01 9.539293024251634945e-01 -9.864308165413275820e-01 5.533015043126785493e-01 6.753520309778957564e-01 -9.844638532176274159e-01
3.962455121400452751e-01 6.061194125906562563e-02 3.735015124619951998e-01 -1.202161635673106410e+00 2.968313952936982997e-02 -5.770684185952503625e-02 -1.143327554012573577e+00 3.631348126625255374e-03 2.595053593000301584e-01 9.086175829920887237e-01 -9.761268984940175697e-01 5.470304149280775796e-01 6.965908350483008826e-01 -9.900750312447442747e-01
4.509627485510494527e-01 1.076862345946763694e-01 3.439349514063901880e-01 -1.155664185144451128e+00 8.558386336630413940e-03 -1.037489503055535750e-01 -1.067647606977693675e+00 3.511061725976736842e-05 3.124263529212211177e-01 8.555524783296978297e-01 -9.676367335397951797e-01 5.394446378281427812e-01 7.212106415048649133e-01 -1.013054126236070385e+00
4.798835771973871678e-01 1.358413708861477553e-01 3.328209715107806610e-01 -1.128174144112338961e+00 -2.705397584160670801e-03 -1.357104334600559015e-01 -1.002391513446014404e+00 3.300347508594993293e-03 3.587356418783889112e-01 7.885300759019528982e-01 -9.200679686568541404e-01 5.277523229344668332e-01 7.438934465424809073e-01 -1.015961061890360950e+00
4.911266160765392352e-01 1.512589088726219999e-01 3.371518962833495725e-01 -1.120030054260160668e+00 -4.509209914682860512e-04 -1.475495647009058553e-01 -9.662193504616394257e-01 -4.875959431337791028e-03 3.950408165956783568e-01 7.343303888382286537e-01 -9.200000000000000400e-01 5.159430863426792691e-01 7.725398004480925618e-01 -1.050119289739393613e+00
4.677402324008284040e-01 1.569092570362432548e-01 3.570233633863046374e-01 -1.131871472524014433e+00 4.848699546664941547e-04 -1.522006002905027244e-01 -9.505097028808957571e-01 -4.209102803881929929e-03 4.209918946358376379e-01 6.818139061847416915e-01 -9.200000000000000400e-01 4.985585721953313398e-01 7.986281968215765970e-01 -1.060664349314116794e+00
4.215282157982254696e-01 1.695539484777205952e-01 3.747074521618367071e-01 -1.137687831804106597e+00 1.439550258254257767e-03 -1.435964096874559059e-01 -9.460905913682077228e-01 -7.425865502344827437e-03 4.326732496533431394e-01 6.358433300069403771e-01 -9.200000000000000400e-01 4.793531417475961898e-01 8.261959872462919519e-01 -1.078617632388328307e+00
3.717484802798315946e-01 1.822455505174535861e-01 3.927192165295743664e-01 -1.146460696553641023e+00 5.674213620485781678e-03 -1.156191997311842301e-01 -9.606504859749384062e-01 -1.279946168999845750e-02 4.327283568401248948e-01 5.897212566842130466e-01 -9.200000000000000400e-01 4.576699935348531034e-01 8.545528855976508575e-01 -1.098492974577825798e+00
3.198279545336414897e-01 1.948557648551979826e-01 4.126172777201784769e-01 -1.159877108886974151e+00 5.676552875825626072e-03 -8.007800546427369659e-02 -9.863673678039981407e-01 -1.515978376371556434e-02 4.217263039123575474e-01 5.465725550384376019e-01 -9.200000000000000400e-01 4.338296037752236156e-01 8.813863452509250740e-01 -1.105709272804214605e+00
2.711334349223317730e-01 2.050761145444694733e-01 4.354816952561613719e-01 -1.181075278867056433e+00 8.430490975717212440e-03 -3.864518777424098828e-02 -1.026808938583186670e+00 -1.013141120098269392e-02 3.932781346385313404e-01 5.219449456693081579e-01 -9.200000000000000400e-01 4.100563643675052550e-01 9.031789500840593510e-01 -1.083843800730321938e+00
2.286280277191212740e-01 2.098240884628171377e-01 4.551503239322159944e-01 -1.211179863393939904e+00 1.617025608060988079e-02 4.651864121237344295e-03 -1.071643704609764436e+00 -7.622400082774855208e-03 3.627344626017566243e-01 5.080852333862463377e-01 -9.200000000000000400e-01 3.883030172055566553e-01 9.229839269561035398e-01 -1.059059522118885877e+00
1.997584200439848079e-01 2.032450029934490809e-01 4.757880996046328081e-01 -1.254346669292443650e+00 2.569226881093780029e-02 5.146983744592819460e-02 -1.116429647709951123e+00 6.872448417399135839e-03 3.268317104993586075e-01 5.171927478560671698e-01 -9.204986058945384686e-01 3.679492346722443852e-01 9.316666711049425009e-01 -9.932906470315160385e-01
1.968493323180078303e-01 1.837024791274103341e-01 4.993157325302042815e-01 -1.309495849609000340e+00 4.195204988568204674e-02 1.077268431687107009e-01 -1.166555456443446603e+00 2.888234945111541486e-04 3.015657752765998900e-01 5.409755001286076226e-01 -9.676991017755692814e-01 3.552424045044960677e-01 9.466206754217925123e-01 -9.779634044738900744e-01
2.113159108978711065e-01 1.528006506034614020e-01 5.283698242740737516e-01 -1.376632802768147590e+00 6.643421003912877709e-02 1.706499223111639651e-01 -1.218787081707885633e+00 -8.642183033917163679e-03 2.766105981896915811e-01 5.710190989264483097e-01 -1.019248963994369372e+00 3.446981307492699154e-01 9.606473337442282823e-01 -9.696762524158752949e-01
2.308501294487973754e-01 1.107076168860408882e-01 5.678232527945930030e-01 -1.460694539915707413e+00 9.447440382465346898e-02 2.328843867587688798e-01 -1.265673794858377388e+00 -3.788215427275801270e-03 2.500327153931967139e-01 5.971828677483425052e-01 -1.031145725676464897e+00 3.316581599074683862e-01 9.665578333945629153e-01 -9.303512607571019499e-01
2.576896786069480805e-01 6.657659016827548182e-02 6.092455441670283633e-01 -1.551940377382314384e+00 1.285083409037697244e-01 2.939297585973089655e-01 -1.308159131210912873e+00 -5.403705717688891789e-03 2.273719275453404687e-01 6.233694930653697064e-01 -1.052013647877228841e+00 3.196327194746433342e-01 9.750858889562773468e-01 -9.200000000000000400e-01
2.773683337118746928e-01 1.070974053239070328e-02 6.508775197062263151e-01 -1.651971230904735188e+00 1.596551896154817518e-01 3.471335033578455964e-01 -1.340836517363594771e+00 -4.554967901469286415e-03 2.081158593893766839e-01 6.467427478761561543e-01 -1.059357910411677040e+00 3.143726263639122220e-01 9.860563815782099617e-01 -9.200000000000000400e-01
2.740198021571793041e-01 -2.845145549537252821e-02 6.671552712541680696e-01 -1.732310925006895319e+00 1.767918856973484942e-01 3.887998150061560132e-01 -1.361622649304243371e+00 -6.714059765600819589e-04 1.900156332830439943e-01 6.680817342131964987e-01 -1.056407159385091443e+00 3.177764184130505987e-01 9.942297045258243759e-01 -9.203203457316100344e-01
2.655995816666235632e-01 -4.850284126773755922e-02 6.549010697532439140e-01 -1.792256004070031716e+00 1.921102214994374335e-01 4.286985059925267905e-01 -1.382120319156153521e+00 -1.283949057069324468e-02 1.752158443210039829e-01 6.950623451975586065e-01 -1.094170124842661185e+00 3.428282597306621660e-01 1.055421380288855460e+00 -1.054041964292120603e+00
2.488625165803953210e-01 -7.962930109147964286e-02 6.344965502198547380e-01 -1.844368223147289321e+00 2.018809111606067741e-01 4.665548839314225260e-01 -1.403599171518311151e+00 5.968363733660259247e-03 1.579574954401435083e-01 7.137354982907707646e-01 -1.056932986892178628e+00 3.822161188495777351e-01 1.131404514579562148e+00 -1.212375602980213962e+00
2.245354093608952217e-01 -1.198092397679795251e-01 6.010865467305295251e-01 -1.875332958230498726e+00 2.064401767802436782e-01 5.031314103013260208e-01 -1.425066535018066682e+00 2.918105373760701148e-04 1.424743998954634550e-01 7.411442844550888420e-01 -1.086048284348985149e+00 4.260980416005175631e-01 1.176678563086457352e+00 -1.404590444848196951e+00
2.071201093635649804e-01 -1.547224177293586855e-01 5.360684942400857356e-01 -1.876620537886035667e+00 2.172986953288375267e-01 5.423102559323247362e-01 -1.447114777199854263e+00 -4.698825918738897141e-04 1.261014997928526782e-01 7.674811188187850020e-01 -1.105052543751210425e+00 4.762004259152026187e-01 1.188213534632408752e+00 -1.560684402237987323e+00
1.451728652356792382e-01 -2.314918838445919891e-01 4.670925319091874250e-01 -1.870312003355902641e+00 1.879157372412308957e-01 5.667581458102921577e-01 -1.457881963585371254e+00 5.770064378319342963e-03 1.090279450015617796e-01 7.912998220830562701e-01 -1.107400843223831810e+00 5.300690547783104556e-01 1.169072328472891220e+00 -1.672814326411715458e+00
7.593472486242235087e-02 -3.020368955192641591e-01 3.899377746581204063e-01 -1.834274347728369836e+00 1.485594787438147268e-01 5.837930331817839935e-01 -1.459152628748727754e+00 6.245203439221941322e-03 9.265611869860150562e-02 8.132527537981950605e-01 -1.117863174459881703e+00 5.749984709464910360e-01 1.112479691828127670e+00 -1.754528050749118995e+00
3.093486564451400703e-02 -3.397591421666358857e-01 2.987021655818601906e-01 -1.769200037613772425e+00 1.284606256004242331e-01 6.057664764635041221e-01 -1.460462026914603806e+00 4.900154027724462798e-03 7.629346289176566764e-02 8.379994093057125948e-01 -1.138393366951667263e+00 6.073740115647758842e-01 1.018368251202490971e+00 -1.789191428693275965e+00
-1.749850573757746885e-02 -3.696024819718923826e-01 2.070145189501104710e-01 -1.686934697658983850e+00 1.013597627956987351e-01 6.208986765793323981e-01 -1.454945323473393781e+00 6.104220143096104022e-03 6.135105088538087698e-02 8.570267207453324820e-01 -1.142537950717364081e+00 6.175120644467173570e-01 8.944520916288752899e-01 -1.763911403931333055e+00
-5.642278332716777617e-02 -3.828960553517965493e-01 1.151774182110766737e-01 -1.585484108085729149e+00 7.835377667199583396e-02 6.358103932280937398e-01 -1.445591976063329120e+00 8.013793621313889184e-03 4.761419409892928001e-02 8.731624444871584068e-01 -1.138134715717748158e+00 6.124791236029329955e-01 7.593663472388070268e-01 -1.697206570464607767e+00
-9.147921334185772635e-02 -3.873599296007654291e-01 2.428470231917462252e-02 -1.473092278043405923e+00 5.396390301311172061e-02 6.489609418386061979e-01 -1.430504425997466189e+00 4.971870977300998570e-03 3.466986630114346490e-02 8.890320521802748122e-01 -1.140446476843030688e+00 5.918425535808518045e-01 6.202973310065771351e-01 -1.611700765513608413e+00
-1.225725430464259108e-01 -3.844677354589115525e-01 -5.802477309283931434e-02 -1.354304357510560664e+00 2.823616171343295428e-02 6.608388431947139763e-01 -1.411129336815899249e+00 7.200645001888597227e-03 2.303373315871539220e-02 9.018599801211979461e-01 -1.124678906127680067e+00 5.506222686759900675e-01 4.910632189863846642e-01 -1.522409028178579593e+00
-1.432183752275500987e-01 -3.742154930720464900e-01 -1.374685637717847353e-01 -1.226704806423897232e+00 7.858895166708363550e-03 6.769663273313206719e-01 -1.393906831008995928e+00 -3.964559010316497101e-03 1.191993857996348320e-02 9.197119738739185646e-01 -1.140130672822117885e+00 5.221200675073748299e-01 4.303923852140754125e-01 -1.493689233097013069e+00
-1.664025013563819044e-01 -3.660636138681724328e-01 -2.032198292452604971e-01 -1.113806104019289922e+00 -1.829012506908176891e-02 6.896948983024643320e-01 -1.373852652171065447e+00 -8.949219517847887412e-03 4.091344110519426632e-04 9.358859241671196871e-01 -1.141650247384939032e+00 4.914638706923440958e-01 3.922917307566572975e-01 -1.419768292911832930e+00
-1.761271356116417275e-01 -3.588859797759371695e-01 -2.461805195789013023e-01 -1.037135190528901241e+00 -3.152620600783089672e-02 7.120972061622711236e-01 -1.361739792743820399e+00 6.405000976055073457e-04 -1.145171227804890439e-02 9.473166004764826953e-01 -1.110564360003875262e+00 4.617266047462166845e-01 3.798231642219031534e-01 -1.323821612964975580e+00
-1.720599179574774096e-01 -3.528016285746176095e-01 -2.563264654421638644e-01 -1.002023571788027700e+00 -3.097818289050446178e-02 7.454958514792486834e-01 -1.358425627032352256e+00 3.068035668821914724e-03 -2.263531676569359094e-02 9.616815935574019036e-01 -1.098576635982486227e+00 4.475924936131556175e-01 3.925731113737081501e-01 -1.290811240997686626e+00
-1.778197010933376954e-01 -3.510515489143072876e-01 -2.263745280102345547e-01 -1.001530720554107523e+00 -4.065645709578207673e-02 7.720163987645746184e-01 -1.350830971932533098e+00 1.691856702587674934e-03 -3.368831596514289956e-02 9.785597678678767952e-01 -1.098098521946866635e+00 4.422483472855400777e-01 4.255822231762385610e-01 -1.294539150776959247e+00
-1.724433720022950922e-01 -3.458890363949351787e-01 -1.642315329545397939e-01 -1.057667303153327021e+00 -3.459124783020140620e-02 8.168409294889933392e-01 -1.376657864188387315e+00 -1.436551019869884271e-03 -4.164602612014081662e-02 1.001716297545935497e+00 -1.109091477927660607e+00 4.414285918517207863e-01 4.689092131421837562e-01 -1.310732551218396491e+00
-1.538646974604153672e-01 -3.472821983285981351e-01 -1.280152217147024485e-01 -1.070680614864945701e+00 -1.641953252388644521e-02 8.527443173682934807e-01 -1.359228835473335284e+00 -2.399057921988583583e-03 -6.189194165083962418e-02 1.016253143668246040e+00 -1.108958077580473267e+00 4.389604042361194280e-01 5.086570559274120606e-01 -1.325147290811504064e+00
-1.482916531422065476e-01 -3.504220546649297052e-01 -8.037397339419598274e-02 -1.124096878854586201e+00 -1.011418263906064402e-02 8.858087255888478229e-01 -1.362029604455297971e+00 9.895532752007328656e-04 -7.978886653077538194e-02 1.035336874523406836e+00 -1.111640247576474172e+00 4.346326566518297629e-01 5.476437989228734038e-01 -1.323972944615942504e+00
-1.440690856558196897e-01 -3.539272938391884726e-01 -3.342311662409049727e-02 -1.174929125754145431e+00 -4.362294849850264881e-03 9.150573130732567728e-01 -1.368655700396041563e+00 -5.425110063132698203e-03 -9.334319301640149613e-02 1.056562030677257180e+00 -1.133545138657069629e+00 4.330575704243909696e-01 5.833492989507841342e-01 -1.342254598276470867e+00
-1.450192661703046948e-01 -3.582467873232881295e-01 1.092823957015781090e-02 -1.214797923590084983e+00 -2.524890078300329015e-03 9.372483923095611402e-01 -1.379137093497656785e+00 -8.979145987016597802e-03 -9.417007142857435065e-02 1.074449616539789876e+00 -1.144057413233569687e+00 4.304307876973307856e-01 6.179303700990352866e-01 -1.354241021247396981e+00
-1.463756903619380101e-01 -3.622639980135115567e-01 5.303872889363774740e-02 -1.247782748946122400e+00 6.080318109094884522e-03 9.556724769757477533e-01 -1.395257355041829017e+00 -6.186063167203765048e-03 -9.934931002970434633e-02 1.100275680945972168e+00 -1.181529662399653624e+00 4.230250756618548214e-01 6.502546750050473001e-01 -1.349569110251399140e+00
-1.501794024130531369e-01 -3.674442724070100530e-01 9.319197832631044565e-02 -1.276962579032956624e+00 2.232783248228308037e-02 9.666619476707672964e-01 -1.418950881493050487e+00 -4.689518703912602844e-03 -1.046881460867474939e-01 1.124878696612353401e+00 -1.240149241057414198e+00 4.139104024117193914e-01 6.790296274737296356e-01 -1.344227965045759143e+00
-1.551517775499078045e-01 -3.723025224715467152e-01 1.286541206039983898e-01 -1.296103399815800028e+00 4.933371015169088492e-02 9.668130001407581053e-01 -1.451934560255317086e+00 2.628145448164603219e-03 -1.097973378199026406e-01 1.138896304199529252e+00 -1.292153652675064102e+00 4.001695548249941115e-01 7.023816452096348639e-01 -1.319349873575025089e+00
-1.578012929556797950e-01 -3.751481634953052202e-01 1.590063019348464668e-01 -1.306696447942801376e+00 8.699790533412948834e-02 9.583163739653728364e-01 -1.497456890713402267e+00 -1.616584588428737713e-03 -1.167124232618907964e-01 1.149999838569828015e+00 -1.376565941042302788e+00 3.888495118334474032e-01 7.216994164441978832e-01 -1.316204841871750242e+00
-1.551704283798009676e-01 -3.748731538837257737e-01 1.851381414636530387e-01 -1.313980347290872652e+00 1.002787220677099495e-01 9.326873034394396189e-01 -1.546825415499430756e+00 -2.833342282292032176e-04 -1.238377682585858480e-01 1.150753764264780932e+00 -1.460550958842309788e+00 3.762899021383357967e-01 7.381080663355101823e-01 -1.298961885322656773e+00
-1.573855034674821740e-01 -3.774612116266605755e-01 2.087566150420282762e-01 -1.321098242525594380e+00 1.095995607623639900e-01 8.903688968740914866e-01 -1.603287701543345101e+00 -1.945153662679505267e-03 -1.303515640043555468e-01 1.137678096708627073e+00 -1.558895079845837639e+00 3.663977226142962063e-01 7.534965522810626037e-01 -1.290174364792560313e+00
-1.563049671284563458e-01 -3.782990339270975166e-01 2.294352300850216186e-01 -1.328455570374884820e+00 1.264848644008724765e-01 8.273138440946664618e-01 -1.658523883775713026e+00 -2.417114730492347756e-03 -1.455814277435200643e-01 1.106861121632227496e+00 -1.652656068663017397e+00 3.563335382561508835e-01 7.677175490003753655e-01 -1.280365151314191152e+00
-1.486995529272432670e-01 -3.751923677636461729e-01 2.474392405268048545e-01 -1.335994709438856676e+00 1.553855440435188418e-01 7.313067561856037013e-01 -1.706111405998761210e+00 3.139674939717267393e-03 -1.547658932520200037e-01 1.055413303654696655e+00 -1.715403558337442291e+00 3.446014459615971415e-01 7.800226111460876188e-01 -1.256625848337074913e+00
2.487487623260100852e-02 -2.698447385399123100e-01 2.409247058394146934e-01 -1.338501640817197691e+00 3.502910788123548835e-01 6.510166756916299091e-01 -1.748918627913478518e+00 -4.170803870921353969e-03 -1.694005084248456916e-01 9.846767964255334071e-01 -1.780012496704495906e+00 3.360858071419482451e-01 7.938264355116804172e-01 -1.263147828030964037e+00
-6.824785631664473384e-02 -3.248827753492141701e-01 2.732967252150505510e-01 -1.351494826252222614e+00 2.736411577120436145e-01 4.759258134618383762e-01 -1.731852773059606276e+00 5.588081468674058715e-04 -1.871797379711405418e-01 8.958653018483722086e-01 -1.793672009714527560e+00 3.261812110547730459e-01 8.039422141825824930e-01 -1.239457367260463183e+00
-6.461222369101231322e-02 -3.041628445601640141e-01 2.900416191243302411e-01 -1.358895722927972116e+00 2.892936919412057439e-01 3.117232824963265259e-01 -1.664758343440152943e+00 4.763785026948464708e-03 -2.170368454055577045e-01 7.891142568199290830e-01 -1.776849301288239813e+00 3.179649273384706487e-01 8.131047201544439051e-01 -1.216439500126849094e+00
-2.320456971755536710e-02 -2.603201329028055899e-01 2.978737327884880548e-01 -1.358554146603792478e+00 3.164101914907192503e-01 1.704740899091026496e-01 -1.538437315277882300e+00 -2.791978151566818639e-03 -2.523207781168434471e-01 6.915662952668409913e-01 -1.775704792999986958e+00 3.072499078649236770e-01 8.238351715136874587e-01 -1.220488515808558549e+00
2.663299564167896302e-02 -2.118917204260777343e-01 2.992670251459644271e-01 -1.348856885382149429e+00 3.267308974741670591e-01 4.143183740424944556e-02 -1.348216405373725335e+00 2.932245632378948676e-03 -2.862159045420847869e-01 6.061001094574255399e-01 -1.743721672680997870e+00 2.859560993670168805e-01 8.306532089133401575e-01 -1.190728060358863472e+00
8.218004617445733018e-02 -1.602373315326494907e-01 2.936733541882468046e-01 -1.328254611895600457e+00 3.268195478585123603e-01 -8.076538659418625032e-02 -1.124051369387986110e+00 -1.948170007512572532e-03 -3.261226226325530386e-01 5.243467450359146076e-01 -1.729721138033619710e+00 2.686088301536851963e-01 8.390491442637264541e-01 -1.181549438287004428e+00
1.064125496792029529e-01 -1.302243723305971934e-01 2.971564152884478838e-01 -1.311750319194731285e+00 3.187687950194022513e-01 -1.782959678610337995e-01 -9.452764975227815336e-01 2.767921499091372298e-04 -3.652613937524102350e-01 4.566386024748509409e-01 -1.698665749147377335e+00 2.518583487370277818e-01 8.438194871322104440e-01 -1.148620589616319299e+00
7.484266106663051143e-02 -8.801839938607769476e-02 2.923337713294595908e-01 -1.281299623414115851e+00 3.048855717735354798e-01 -1.729938526192429660e-01 -9.200000000000000400e-01 -7.908934511917226767e-03 -4.983029718500180394e-01 3.857698365163066412e-01 -1.655225471657326031e+00 2.047887615189500354e-01 8.546438552733245375e-01 -1.117302387782337814e+00
6.743391902857986953e-02 -8.075757991284512882e-02 3.107634228118474340e-01 -1.275162487857334215e+00 2.997301594606672781e-01 -1.536280011473123708e-01 -9.200000000000000400e-01 -9.365294722237287040e-03 -5.364811140884908625e-01 3.452114557541255402e-01 -1.615565783152245638e+00 1.936882487244184770e-01 8.578773535518571247e-01 -1.080550797259368423e+00
5.143648453489520905e-02 -7.891359129994018895e-02 3.356985642053146313e-01 -1.276354007005995772e+00 2.964775853691727914e-01 -1.222878396774050302e-01 -9.575184907473675011e-01 -5.951787545204757258e-03 -5.666117017192520144e-01 3.154732833920660395e-01 -1.557860601693953573e+00 1.839493242054875133e-01 8.590447577138151658e-01 -1.027576736036447391e+00
4.212510618031999055e-02 -7.216859955012887295e-02 3.588248405638768124e-01 -1.276540415745501811e+00 2.930106713521449802e-01 -8.960467368014449208e-02 -9.863982285570624953e-01 3.082678857289292661e-03 -5.866545261808422396e-01 2.974620080566791058e-01 -1.481674228888467892e+00 1.755339629035532756e-01 8.554773285246353165e-01 -9.535871913164650771e-01
3.371107015104985588e-02 -6.498503538408074987e-02 3.826569139040076339e-01 -1.279256832549449330e+00 2.867308177558897664e-01 -6.921485364525649386e-02 -9.813174220164474493e-01 -4.169265941423731629e-03 -6.126274463866187014e-01 2.813706078785717657e-01 -1.432450319587048382e+00 1.700492779864122561e-01 8.596637865350831298e-01 -9.216795297218687288e-01
2.972203494273474925e-02 -5.452870469460254638e-02 4.049810245280198728e-01 -1.283743653218808012e+00 2.832813497490738186e-01 -5.162880488739942514e-02 -9.826153186028308006e-01 -1.267557468739893660e-02 -6.347502541241493157e-01 2.741135376951930325e-01 -1.384902473529445510e+00 1.680028751248800190e-01 8.779263077859045250e-01 -9.200000000000000400e-01
2.177160848486121847e-02 -4.726002407668040972e-02 4.306138318536134602e-01 -1.295088748835205195e+00 2.797348297862182198e-01 -2.694590032411398745e-02 -1.002908531566474526e+00 -1.127916899715445537e-02 -6.443711514897154657e-01 2.842889072180548871e-01 -1.321895439747554635e+00 1.718301857374579245e-01 9.051763556091235730e-01 -9.200000000000000400e-01
1.155035562641917868e-02 -4.070477839275388199e-02 4.607680459643696547e-01 -1.308279713240186437e+00 2.755986843298907085e-01 1.804301374818207630e-03 -1.031521743795560830e+00 -8.566951974215196094e-03 -6.503905156380104247e-01 3.007246122592857618e-01 -1.256009634103957495e+00 1.771308833746984834e-01 9.421906845890983817e-01 -9.200000000000000400e-01
8.414096725793053511e-02 -9.756747638545064383e-02 5.281067268546031368e-01 -1.356027232414407591e+00 3.094438449441981875e-01 4.290901162151437159e-02 -1.070774943140219371e+00 -1.493204267407157587e-02 -5.275783633668092998e-01 3.335411152919585676e-01 -1.342264872400971809e+00 2.067129770414254664e-01 9.366896698747074756e-01 -9.200000000000000400e-01
8.454443914415292471e-02 -9.587931861444033699e-02 5.619799225930838249e-01 -1.368459570384916502e+00 3.121593279530960885e-01 7.986153828213803096e-02 -1.107167290528408454e+00 -1.501411784020036284e-02 -5.320696272044824759e-01 3.489439277218761570e-01 -1.305287886619587612e+00 2.193085831613587333e-01 9.625144704275696572e-01 -9.200000000000000400e-01
8.260442839693742101e-02 -9.711917600846377285e-02 5.938596229279106131e-01 -1.383832307403202622e+00 3.137623918737318940e-01 1.165533137591951984e-01 -1.141665143943121352e+00 -1.278144763047575454e-02 -5.374080356663694102e-01 3.644168951236813059e-01 -1.272572226390617844e+00 2.297748218120421737e-01 9.997814766706116796e-01 -9.200000000000000400e-01
8.449421908263075875e-02 -9.774262661664413765e-02 6.211657738731618528e-01 -1.402596492124069449e+00 3.172538565110467612e-01 1.529743028457977716e-01 -1.173211492440926929e+00 -6.218766510282021202e-03 -5.400068881959904088e-01 3.875414798840431385e-01 -1.245523710428418029e+00 2.345468660491623059e-01 1.016515369808336677e+00 -9.200000000000000400e-01
8.608011861008633969e-02 -1.009683338716598072e-01 6.398320557901026051e-01 -1.428281858332484111e+00 3.204769639126275327e-01 1.873200048663184458e-01 -1.200470511630123083e+00 -6.868767229737155096e-03 -5.429935143581777757e-01 4.153652657221306721e-01 -1.248515666346319497e+00 2.469604047288375126e-01 1.031005025708744860e+00 -9.200000000000000400e-01
8.709882043010451491e-02 -1.014999397522757252e-01 6.403257904888893792e-01 -1.459176619642212014e+00 3.231308960580508982e-01 2.182923886298618610e-01 -1.222662420997741028e+00 -1.299577807893544101e-02 -5.422506540598678315e-01 4.439537785352500321e-01 -1.270288052377403831e+00 2.528923482445363802e-01 1.042808251746994763e+00 -9.200000000000000400e-01
8.594349275065833738e-02 -1.023131302724875624e-01 6.276435627272715090e-01 -1.499580846415914381e+00 3.241783536149810963e-01 2.453839371456538743e-01 -1.240162326780500868e+00 -1.114304793706689771e-02 -5.314512214247207877e-01 4.734548983546082446e-01 -1.277870657448722191e+00 2.581414030947374316e-01 1.053551299929390117e+00 -9.200000000000000400e-01
8.126781012943441740e-02 -1.067339237581625550e-01 6.036647914165046425e-01 -1.541064554303171796e+00 3.224332047906521281e-01 2.679832551384234707e-01 -1.251680412786738028e+00 -1.123979565197217971e-02 -5.174522147029064767e-01 5.019853666243044854e-01 -1.292845720521931252e+00 2.498300686796324221e-01 1.055788822053496778e+00 -9.200000000000000400e-01
6.704889414750697663e-02 -1.201301311292121698e-01 5.592962002350017059e-01 -1.564300215516155168e+00 3.136458433463123474e-01 2.843453525643788171e-01 -1.255428012928534232e+00 -9.798993863605075239e-03 -5.022282529713287813e-01 5.282699759235973680e-01 -1.302955609722353580e+00 2.416862279733592855e-01 1.064919016463637957e+00 -9.200000000000000400e-01
4.522500916208314903e-02 -1.397995446598487290e-01 4.936323969630288522e-01 -1.574995515678757618e+00 2.991347436994681863e-01 2.956251543382358293e-01 -1.254232507070388358e+00 -2.790466500278530968e-03 -4.862773800768603882e-01 5.516559133345553256e-01 -1.296105871238117269e+00 2.351323897974710031e-01 1.131130442248144963e+00 -1.114886430824525876e+00
1.802677238151588479e-02 -1.573543232553659965e-01 4.074227400831558210e-01 -1.563444580834121966e+00 2.805077873844593062e-01 3.033548645250710996e-01 -1.250162383068976535e+00 9.617534941703946225e-03 -4.703553191413234469e-01 5.729865109954008773e-01 -1.273877231551827194e+00 2.237797941295583404e-01 1.178385560479018990e+00 -1.306189625324107872e+00
-2.044900985309843627e-02 -1.672349640525679360e-01 3.065071665320031613e-01 -1.519459499428781335e+00 2.538667555935728015e-01 3.076254548083601215e-01 -1.243470893786136289e+00 2.147665408345974213e-03 -4.632654824936659477e-01 5.938051844582679095e-01 -1.297144214474682977e+00 2.102886542259450875e-01 1.194555676135108158e+00 -1.493235646818234619e+00
-7.592366072006244415e-02 -1.769874429323544940e-01 2.063067892938831582e-01 -1.434763592188716519e+00 2.151885807101312498e-01 3.059976660740730825e-01 -1.231688634663133275e+00 -5.167554559017867354e-04 -4.564594354286244382e-01 6.145026763170189366e-01 -1.307013232871846453e+00 1.922322594129325934e-01 1.167069523126563979e+00 -1.606860037585527090e+00
-1.391690123213578378e-01 -1.776235667238570681e-01 1.066649273411418020e-01 -1.338217387871593056e+00 1.704351705459921096e-01 2.982901198481494598e-01 -1.211806136658162947e+00 8.513044546967945755e-03 -4.321351530188758394e-01 6.348326248554809759e-01 -1.297482049767775703e+00 1.681858757158871953e-01 1.112655332670150488e+00 -1.657717171208285212e+00
-2.022276460221257288e-01 -1.687858368418769517e-01 1.619023159912251486e-02 -1.254034563925321644e+00 1.251734458294856966e-01 2.860224336914081733e-01 -1.185051726798107108e+00 7.763750671162061509e-03 -4.069343016020257608e-01 6.546822661868733073e-01 -1.310481913802017839e+00 1.405855390181829923e-01 1.043918685641939126e+00 -1.695718236619108588e+00
-2.621899383695521779e-01 -1.573085225934583997e-01 -5.604564882893215555e-02 -1.175828850181459329e+00 8.161715864155956457e-02 2.700027919881969884e-01 -1.152244821439884159e+00 7.192728554625079816e-04 -3.858265377775698113e-01 6.742771473753843559e-01 -1.334233690824449203e+00 3.909813290880671810e-02 9.664652593389697621e-01 -1.668619989788139746e+00
-3.116694886772135020e-01 -1.411900053237311881e-01 -1.173064489112893155e-01 -1.101650136801596291e+00 4.479415127683231135e-02 2.541249191929524365e-01 -1.116690182608914839e+00 -6.464064514498958896e-04 -3.627694293109546830e-01 6.925823680169987950e-01 -1.340153551118696384e+00 -5.952419417153826525e-02 8.895101316141612591e-01 -1.577516007183759283e+00
-3.536733642543832268e-01 -1.264418089318303795e-01 -1.604197337569330251e-01 -1.039141126061994935e+00 1.284061820948293083e-02 2.392923568469052520e-01 -1.082017349303067588e+00 -3.342801174167865305e-05 -3.383461159497208048e-01 7.112576991124911485e-01 -1.340677549107794686e+00 -1.372357153890457759e-01 8.352882126283043274e-01 -1.461740216619829225e+00
-3.719135148711675831e-01 -1.164206512152445305e-01 -1.900839353812694976e-01 -9.870896621403882909e-01 -3.886710333435766662e-03 2.388335622643864009e-01 -1.064728765137855415e+00 -7.103927719678913150e-03 -3.147401480413021813e-01 7.311927330542861148e-01 -1.358415278947287863e+00 -2.275188617061681406e-01 7.528235291442844090e-01 -1.302664533445575756e+00
-3.836000530888521443e-01 -1.134090682777647574e-01 -1.958903847592663172e-01 -9.599027826861150636e-01 -1.638360318923920422e-02 2.429096206457074802e-01 -1.054921219016028200e+00 -1.579312198278261248e-03 -2.869559847111700090e-01 7.523730672436420575e-01 -1.348432963526642103e+00 -2.486599574046851613e-01 6.837234878178310993e-01 -1.123966739621360622e+00
-3.882988010085295927e-01 -1.137250386030616012e-01 -1.843982318858996550e-01 -9.355559076072461622e-01 -2.430552952594743077e-02 2.516208305681433277e-01 -1.051380000991870567e+00 -2.334355622851445693e-04 -2.585413378465211132e-01 7.756995067913292630e-01 -1.348805525719557918e+00 -2.513499360043575104e-01 6.004696369222181085e-01 -9.422587628009114757e-01
-4.009565032507363957e-01 -1.207491453848990037e-01 -1.515750788795259540e-01 -9.385618498457725112e-01 -3.763940037365117591e-02 2.552591067530103897e-01 -1.043501759848405763e+00 -1.187159389887681993e-02 -2.312462351462566401e-01 8.025120253669231207e-01 -1.379066150523709178e+00 -2.409391139515983660e-01 5.763496525085712863e-01 -9.200000000000000400e-01
-3.736179317819794954e-01 -1.183080918022548639e-01 -1.237895945168431683e-01 -9.409453982149971196e-01 -2.964217445297838427e-02 2.880179077931956377e-01 -1.074539552956627286e+00 -1.639324183496806975e-02 -2.016528744480239332e-01 8.311641476911947324e-01 -1.393152662534272501e+00 -2.271564506733871336e-01 5.662568256523891064e-01 -9.200000000000000400e-01
-3.342558376519357277e-01 -1.135008350278214062e-01 -8.998144092045584630e-02 -9.647880944124126446e-01 -3.382799859742670334e-02 3.145683515930400853e-01 -1.099763623709399285e+00 -1.567736815811992396e-02 -1.714973775256775357e-01 8.603117794031934773e-01 -1.394801097715169469e+00 -2.058059038934319795e-01 5.647096420575156150e-01 -9.200000000000000400e-01
-3.007795807954944389e-01 -1.096744370146241626e-01 -4.871699681718150848e-02 -1.012768654156582571e+00 -3.764247693168810971e-02 3.419414295120515312e-01 -1.130502902429491474e+00 -1.375064860626761844e-02 -1.467506525930579730e-01 8.887772411111086734e-01 -1.394513329521837486e+00 -1.830253071179096802e-01 5.683814336079711094e-01 -9.200000000000000400e-01
-2.520881853660469352e-01 -9.828036219931855777e-02 -1.467193677942744620e-02 -1.056025748645180729e+00 -2.619066638601974528e-02 3.879685051483481306e-01 -1.183055490804806320e+00 -8.725103027646452514e-03 -1.293538031912857544e-01 9.166771464769745137e-01 -1.390691090976430067e+00 -1.575251535166045380e-01 5.915875261877362457e-01 -9.529014174150136629e-01
-2.401022213642394487e-01 -1.025706854811176544e-01 3.549562754126524972e-02 -1.115772402932235119e+00 -4.112725429598228233e-02 4.121030327328178422e-01 -1.209015192527141735e+00 -3.891140524295746972e-03 -1.207527753848538360e-01 9.429989605378288342e-01 -1.389677251030765115e+00 -1.339444829275397431e-01 6.222447495404215267e-01 -9.876343134313898542e-01
-2.157435758714872365e-01 -1.008849416820098155e-01 7.657333404281795042e-02 -1.160795645842276125e+00 -4.269672481231606698e-02 4.507945299903664549e-01 -1.252401997186413984e+00 5.611214452733639425e-03 -1.216202496064358041e-01 9.658095359701449611e-01 -1.381889295029412823e+00 -1.134029731749405384e-01 6.511226289544352896e-01 -1.001057973480302676e+00
-2.018635470600934900e-01 -1.037553548200608189e-01 1.198388316583619412e-01 -1.205304446705039112e+00 -4.388755186161542171e-02 4.869127271311567418e-01 -1.297816329744592601e+00 1.262032392423168871e-02 -1.352047226877992891e-01 9.864696493829210322e-01 -1.385387631574271250e+00 -9.873047711300214635e-02 6.759601549169294010e-01 -1.007348152461349677e+00
-1.962288466129856745e-01 -1.118958682646186004e-01 1.647087309848586922e-01 -1.248909298272578017e+00 -4.146665399513625033e-02 5.217404587876450783e-01 -1.347506752715780243e+00 2.519529842078521963e-05 -1.657691219647957903e-01 1.013073756000590464e+00 -1.447154163788716641e+00 -8.783086129152348209e-02 7.029239831860650822e-01 -1.055993959223104905e+00
-1.998090173140484871e-01 -1.268288546280600115e-01 2.119811270890459287e-01 -1.292107871838310329e+00 -3.517920777954421097e-02 5.536727229439650788e-01 -1.405522286368582563e+00 5.323630086173649582e-04 -2.120019949651610891e-01 1.033769637218083570e+00 -1.492087486451490586e+00 -7.698762852556136072e-02 7.230050993779301161e-01 -1.064405736117040480e+00
-2.104506730516679802e-01 -1.481271139082952770e-01 2.595621262424536169e-01 -1.331232989754904672e+00 -2.372554891975073646e-02 5.846604444260192768e-01 -1.475325457797516338e+00 1.117693386710103508e-02 -2.711415916315755847e-01 1.042829189031945214e+00 -1.520928366748973248e+00 -6.622847112526709934e-02 7.321016450865623915e-01 -1.031810218043393679e+00
-2.218172430586849431e-01 -1.710170433918018484e-01 3.033844402967941223e-01 -1.361612381890394907e+00 4.955177238996093161e-04 6.149099684602551408e-01 -1.561105556051980869e+00 6.797348727954861253e-03 -3.440124670362532111e-01 1.038897543562864234e+00 -1.580282967063535438e+00 -5.345070378957447743e-02 7.582438906215680507e-01 -1.065260197419189980e+00
-2.306759267688666404e-01 -1.920833969832418109e-01 3.424301044634697755e-01 -1.383141724534000971e+00 4.668883481022116644e-02 6.356358960246250023e-01 -1.654464757790725438e+00 2.849691904225153095e-04 -4.230792887780738809e-01 1.018072921997272395e+00 -1.634553171152913320e+00 -3.912760661397836348e-02 7.766526214243539838e-01 -1.089576772362470081e+00
-2.227659599753299968e-01 -2.007264580689282207e-01 3.726335498224568887e-01 -1.394242669692892234e+00 9.502361613951729180e-02 6.355251779956099245e-01 -1.732375320640391569e+00 8.968792518368764316e-03 -4.993506582859877363e-01 9.794512976950155991e-01 -1.641479204583476070e+00 -2.338959554558611709e-02 7.873491362296296536e-01 -1.071530521895055710e+00
-2.125597764023772762e-01 -2.067824938191804296e-01 4.004542935227484723e-01 -1.401865110558320859e+00 1.219872954324563719e-01 5.906025035236251997e-01 -1.775345557945824160e+00 7.171055608112558537e-03 -5.772303833679831575e-01 9.238020108923555851e-01 -1.642354236358068542e+00 -7.442985188381744284e-03 7.999637126601616410e-01 -1.077219525786307752e+00
-1.904915025273943296e-01 -2.025398480876836882e-01 4.230840583616872763e-01 -1.405677084485767780e+00 1.616198362612121797e-01 5.206365696364507745e-01 -1.784060108315210558e+00 7.971806502384120099e-03 -6.373854790762446543e-01 8.417721889359456311e-01 -1.609505199105573992e+00 8.426792776146921696e-03 8.102350714637110984e-01 -1.073832314885726280e+00
-1.591075844466536271e-01 -1.873855285995546793e-01 4.390999131347416151e-01 -1.403779949303050500e+00 2.069919157114556985e-01 4.176510192886896400e-01 -1.742249282262937848e+00 9.408441151646912068e-03 -6.674288940977588513e-01 7.588127151482337851e-01 -1.575194144354189252e+00 2.297686567662706597e-02 8.176185046320364469e-01 -1.062946125155579402e+00
-1.139025198757117469e-01 -1.590235129134519587e-01 4.479049659859361543e-01 -1.394801159138247204e+00 2.497562086008572046e-01 3.077738205666601945e-01 -1.643585536886403631e+00 9.816506203927760979e-03 -6.953219908001732064e-01 6.732236212196563985e-01 -1.523459700740750211e+00 3.478844235809053220e-02 8.209653347427481318e-01 -1.042903070575122326e+00
-6.444214883416633788e-02 -1.262133421103964759e-01 4.526855669403134774e-01 -1.382982643510930698e+00 2.825353602350350601e-01 1.929383232016821381e-01 -1.514542869451108276e+00 1.199794616438903602e-02 -7.193699661612025231e-01 5.870608982710073809e-01 -1.448647318176226717e+00 3.443685849700981599e-02 8.245433279971451368e-01 -1.008699184580001518e+00
-1.289642470595559788e-02 -8.977685803321203140e-02 4.533648929120487892e-01 -1.366026271237163359e+00 3.050541474576126677e-01 7.837770559325570041e-02 -1.367702348331411688e+00 9.019408379109533505e-04 -7.525558583042512018e-01 5.017202157604937485e-01 -1.388594563316284614e+00 3.384056257704957937e-02 8.301778300071998018e-01 -1.000235392271936918e+00
2.901936489143855727e-02 -5.985448986784863701e-02 4.562056317484590173e-01 -1.348580947101297500e+00 3.139696743626559927e-01 -2.430722699683655549e-02 -1.215977680721272991e+00 5.538034322625537235e-03 -7.751646911540466256e-01 4.279040794774595091e-01 -1.295783442043866751e+00 3.413220923358610548e-02 8.267826106740607806e-01 -9.438685532253606736e-01
6.482083976332939090e-02 -3.505384941983730185e-02 4.609463467559185568e-01 -1.330848573467998452e+00 3.159235413175566221e-01 -1.047561516357779915e-01 -1.075404225775327571e+00 -1.633202829065900832e-03 -7.850000000000000311e-01 3.598615429309872105e-01 -1.218148058369326936e+00 3.608508468742817332e-02 8.303258834273574696e-01 -9.200000000000000400e-01
8.869990906243437057e-02 -2.084833384586832344e-02 4.727956751199824392e-01 -1.318881446147685876e+00 3.138447963538235630e-01 -1.277473342895048269e-01 -9.878532345252434288e-01 3.282818404610115875e-04 -7.850000000000000311e-01 3.080223002950356892e-01 -1.123259131554174450e+00 4.208361058370911623e-02 8.514467409301215151e-01 -9.200000000000000400e-01
9.936389954472001074e-02 -1.790233293214826479e-02 4.929356005033756483e-01 -1.313309958676078582e+00 3.127795388214121286e-01 -1.110962872118348849e-01 -9.639302560009422871e-01 2.816355898210065665e-04 -7.850000000000000311e-01 2.279594409100126062e-01 -9.515432949380832062e-01 4.752942451257098633e-02 8.713322242254054606e-01 -9.200000000000000400e-01
1.052770144178971912e-01 -2.028055043677799013e-02 5.175465366588762883e-01 -1.310291356856138956e+00 3.146323875671756531e-01 -7.326539580510356420e-02 -9.838747217667250800e-01 -1.119115567762288092e-03 -7.850000000000000311e-01 2.199652022558476749e-01 -9.234828865899054051e-01 6.305179685640752152e-02 8.936315978642697111e-01 -9.200000000000000400e-01
9.534527853623138427e-02 -3.849541584534861560e-02 5.535474533554922694e-01 -1.319758509056284224e+00 3.131228932357342787e-01 -3.383798840452541951e-02 -1.023889627593965512e+00 -1.446888948103797852e-03 -7.850000000000000311e-01 2.360666271009231598e-01 -9.200000000000000400e-01 7.017555427511901200e-02 9.075900806058169179e-01 -9.200000000000000400e-01
9.190361565361832019e-02 -5.493292496428087840e-02 5.897147054754506845e-01 -1.333443727161483405e+00 3.134093808627628208e-01 -7.874587612887032958e-04 -1.054515025724217292e+00 -6.541513018061490339e-03 -7.850000000000000311e-01 2.509406797716302040e-01 -9.200000000000000400e-01 8.376666946434496719e-02 9.300787316629389734e-01 -9.200000000000000400e-01
9.765597984561169564e-02 -6.645934313811570349e-02 6.263847170115388607e-01 -1.356928869938990534e+00 3.173440381383934583e-01 3.234558406521245710e-02 -1.080723030659994643e+00 -1.047700699280861188e-02 -7.850000000000000311e-01 2.683738100003866811e-01 -9.200000000000000400e-01 9.844852693154182433e-02 9.455342701238049763e-01 -9.200000000000000400e-01
1.039057197172444935e-01 -8.019541462404294885e-02 6.647087028356138960e-01 -1.394227208254597006e+00 3.228484056287980741e-01 6.830232115302738161e-02 -1.114518014112040767e+00 -1.415789791921033026e-02 -7.850000000000000311e-01 2.829567613374578405e-01 -9.200000000000000400e-01 1.183221846310476971e-01 9.660486370694212344e-01 -9.200000000000000400e-01
1.135990767301745391e-01 -8.875502221772026135e-02 6.915210148107784338e-01 -1.437536911003884699e+00 3.301552381345639886e-01 1.026018359605504471e-01 -1.143792775436584641e+00 -2.090795319075069644e-02 -7.850000000000000311e-01 2.883714795116797958e-01 -9.200000000000000400e-01 1.403289918902247690e-01 9.834557441299397462e-01 -9.200000000000000400e-01
1.243742370624163068e-01 -9.161124431310183058e-02 7.019006306251567295e-01 -1.485196093775482673e+00 3.387758943932650535e-01 1.364466874251935302e-01 -1.173057777223234233e+00 -2.282213374751397572e-02 -7.696683249952949168e-01 2.959112715592153720e-01 -9.200000000000000400e-01 1.590477909967188408e-01 9.963334247832292823e-01 -9.200000000000000400e-01
1.293517335498101106e-01 -7.985852924523900720e-02 6.932125928986375696e-01 -1.529913432473903212e+00 3.445834560707315419e-01 1.673023329770900458e-01 -1.198977967796864608e+00 -1.142115557770105767e-02 -7.443719579013452492e-01 3.205403464736454877e-01 -9.353564771974243186e-01 1.731449750049800784e-01 1.015337101149996979e+00 -9.200000000000000400e-01
1.286321161888913100e-01 -6.745517446759487223e-02 6.658247883780350485e-01 -1.568323941109769804e+00 3.468413412731566337e-01 1.950048508641998302e-01 -1.219167752304544994e+00 -1.298897480712714499e-02 -7.237451293278843734e-01 3.524061441922729521e-01 -9.974857369963431308e-01 1.870556329786389749e-01 1.019102267912386894e+00 -9.200000000000000400e-01
1.143380171813660195e-01 -6.016352469639376505e-02 6.242976111810187856e-01 -1.591712229107948628e+00 3.402178583472066919e-01 2.172076778988500378e-01 -1.231422416016609400e+00 -1.989923629367016528e-02 -7.032118845264118123e-01 3.847345849138574803e-01 -1.072866903785297810e+00 2.005641046621268742e-01 1.029262406074947567e+00 -9.200000000000000400e-01
7.716680195066906445e-02 -6.672327787137322108e-02 5.780862651593019486e-01 -1.603511993037598282e+00 3.187185242816318320e-01 2.330834377280841252e-01 -1.237135804839336606e+00 -1.542078756431345191e-02 -6.731978051397353724e-01 4.140280204028298217e-01 -1.114452879928159668e+00 2.224865107394158326e-01 1.040610514624440208e+00 -9.200000000000000400e-01
4.068967611111251603e-02 -6.345069783670088948e-02 5.186131386701691159e-01 -1.571777803226863224e+00 2.963278027910964951e-01 2.453485812828288537e-01 -1.238239271934496566e+00 -1.331028688424080834e-02 -6.444538832417249230e-01 4.413665401055968940e-01 -1.153742075073863171e+00 2.258530397211506169e-01 1.049331852784052943e+00 -9.200000000000000400e-01
-1.141005593677406858e-02 -5.541532964432265007e-02 4.628541341191824698e-01 -1.504941151628223839e+00 2.637132303140132250e-01 2.523987620635485540e-01 -1.238548838743786629e+00 -1.082005203027490078e-02 -6.173393458631434294e-01 4.679685861055831730e-01 -1.186824162320614384e+00 2.353665310984298653e-01 1.063395148616809616e+00 -9.200000000000000400e-01
-6.554322881009769231e-02 -4.062096650646758456e-02 4.240515610609107422e-01 -1.417941199187173762e+00 2.287251175724257235e-01 2.545463638019557773e-01 -1.233364009128360861e+00 -1.150460002031027107e-02 -5.925124467906508485e-01 4.942586639632630674e-01 -1.223584083158074431e+00 2.422426168581350847e-01 1.051486052261308757e+00 -9.200000000000000400e-01
-9.926997214740122810e-02 -3.283667299798051498e-02 4.132563303969193913e-01 -1.344427911370172257e+00 2.059459639067154901e-01 2.596274903960988367e-01 -1.230524728217835317e+00 -1.042449457310104868e-02 -5.668400914017888148e-01 5.197810238125176729e-01 -1.251482484943346130e+00 2.439518249964864327e-01 1.054144719566941557e+00 -9.200000000000000400e-01
-1.116052599653675759e-01 -3.374529972918056953e-02 4.244974123572557989e-01 -1.308236594758596327e+00 1.962199243751331645e-01 2.721672174320003412e-01 -1.233432903634730016e+00 -1.081085911639067566e-02 -5.413822469775764201e-01 5.451783515129583479e-01 -1.278619686877802364e+00 2.488216785106437123e-01 1.049917330741118260e+00 -9.200000000000000400e-01
-1.076379494490719846e-01 -4.374134885812401563e-02 4.452498326092909076e-01 -1.297981936715146833e+00 1.969281105498772999e-01 2.901922630031450456e-01 -1.240680864648679993e+00 -8.865494611495133848e-03 -5.147235226957852516e-01 5.695892388180550103e-01 -1.294736679005260349e+00 2.429362507279689276e-01 1.049403912690425322e+00 -9.200000000000000400e-01
-9.217701885925921879e-02 -6.014552937655357617e-02 4.747915296586882050e-01 -1.299594552348515286e+00 2.050964686392284797e-01 3.112462746303892858e-01 -1.246220751155351358e+00 -5.617737771151577741e-03 -4.884863900179343688e-01 5.928787230391501240e-01 -1.301825289357068316e+00 2.341050832596097975e-01 1.053642097089254381e+00 -9.200000000000000400e-01
-7.663217638045644042e-02 -8.048577099123070677e-02 5.040168645989914209e-01 -1.308662658865502371e+00 2.133074199467206722e-01 3.299646085573585963e-01 -1.244641937848924185e+00 1.074232186885553351e-02 -4.601829283076994126e-01 6.139098429690058589e-01 -1.271687565040973356e+00 2.364303653165508445e-01 1.110534258481207681e+00 -1.051479434020854420e+00
-5.261122433781653673e-02 -8.571101805433813114e-02 5.248666420861518578e-01 -1.301767232269559926e+00 2.112942512249523230e-01 3.434196449642184512e-01 -1.257865835168756830e+00 -5.461754628350360546e-03 -4.461836372711387999e-01 6.344198235460349888e-01 -1.312900799350777969e+00 2.404901322540619613e-01 1.180086913526582126e+00 -1.276359646982739848e+00
-3.523103705121184009e-02 -9.236202769273130220e-02 5.456586991111463947e-01 -1.292592820982818136e+00 2.114181354199058394e-01 3.573966997183102845e-01 -1.299048769280946480e+00 -4.605074486312258492e-03 -4.290674313914273341e-01 6.528674142967424432e-01 -1.308959421083402352e+00 2.429317808039807847e-01 1.221896398696282748e+00 -1.434057346509974629e+00
-2.308202148148660524e-02 -9.756063226622888052e-02 5.666751957116361593e-01 -1.289566897068547213e+00 2.211665257713008037e-01 3.643212518627292895e-01 -1.361193437966165209e+00 -2.640045987557822129e-03 -4.161635660694085193e-01 6.696704382254059507e-01 -1.298177822011268079e+00 2.394325147830329847e-01 1.230068115255452232e+00 -1.546524933541194802e+00
-1.985476647232682981e-02 -1.045817266877781676e-01 5.908520024304386720e-01 -1.295178517691625064e+00 2.489096492907541813e-01 3.424422047662719071e-01 -1.432027490468061881e+00 -8.004047843106539689e-03 -4.086169705486425996e-01 6.863997307888803912e-01 -1.302970014070429672e+00 2.306021435330363190e-01 1.207507602733147500e+00 -1.633701811082298505e+00
-1.335341023630256217e-02 -1.004319552750683603e-01 6.097080453601663175e-01 -1.298864776458882098e+00 2.883726891952949622e-01 2.728687893589835101e-01 -1.471264625627347167e+00 3.326684573957335977e-03 -4.007757043575826961e-01 7.006418845826327679e-01 -1.266513565779224804e+00 2.131981252941661520e-01 1.161493531653680744e+00 -1.665825134596151669e+00
3.927539647739885890e-03 -8.008365443487212854e-02 6.191967806333832369e-01 -1.293238447754409437e+00 3.128632103200153503e-01 1.720926153806384973e-01 -1.441768176433552151e+00 4.560013674634598099e-03 -3.988239444544169343e-01 7.143753186591919047e-01 -1.252838180487938047e+00 1.814068514820019740e-01 1.108517680871428768e+00 -1.702939834390814866e+00
3.637400940727238130e-02 -4.368010025203226260e-02 6.160206657756913673e-01 -1.276688601389425193e+00 3.243943740141321808e-01 4.307545317891590259e-02 -1.313366651561540754e+00 7.587309981734228180e-04 -3.981647087069100088e-01 7.279880113646255424e-01 -1.251794761162810188e+00 1.251615662853293731e-01 1.065557300531042584e+00 -1.739325453545838895e+00
6.542575116883558861e-02 -1.192486390329749665e-02 6.113192935399551775e-01 -1.255603722628759744e+00 3.212565919190831232e-01 -9.421598580161437420e-02 -1.116025809189125306e+00 7.087468710394787680e-03 -3.932969218686357404e-01 7.395644443750539754e-01 -1.227549154879823634e+00 6.063642526346438993e-02 1.016618735946462682e+00 -1.724777829368721926e+00
9.768329730512530229e-02 2.072418300317932852e-02 6.025043641096331504e-01 -1.228340659344315799e+00 3.153786758028648274e-01 -2.086498404667915529e-01 -9.200000000000000400e-01 -1.910083775687187579e-03 -3.903342398699499727e-01 7.538903720617499138e-01 -1.242242899317797411e+00 2.796047597835870941e-03 9.636249172633126747e-01 -1.709493804218479074e+00
1.380940993806969996e-01 5.854024163651556228e-02 5.856425507155008647e-01 -1.191403562685760198e+00 3.213659661913595422e-01 -2.122193239265273146e-01 -9.200000000000000400e-01 -4.164574239294629998e-04 -3.832309006325736456e-01 7.664045845489200204e-01 -1.231729559535127860e+00 -4.108317863541574577e-02 9.084675616334981774e-01 -1.651713405091603581e+00
9.815751452965490453e-02 1.616305265757783313e-02 6.323688475410669252e-01 -1.212821062318637955e+00 3.071304376868571606e-01 -2.089152419671029826e-01 -9.200000000000000400e-01 -8.201414132613585664e-03 -3.708937316936076756e-01 7.817649235758979964e-01 -1.246915189331922580e+00 -5.436076008865913661e-02 8.589276364902733718e-01 -1.624882614487857646e+00
1.615826456269033873e-01 7.272375283385695832e-02 6.010902003141787020e-01 -1.161184658293883842e+00 3.266673529354101602e-01 -1.962818013670879491e-01 -9.200000000000000400e-01 -1.551337872404816428e-03 -3.469999649465960179e-01 7.955546642057594875e-01 -1.230031606574501835e+00 -5.488156379964626713e-02 8.057220895020303919e-01 -1.593276662097030449e+00
1.545944816082121254e-01 5.747877139920485462e-02 6.300826182053324009e-01 -1.170996841143892242e+00 3.282229700629370472e-01 -1.836240689924227565e-01 -9.200000000000000400e-01 -1.656172850650585804e-03 -3.226508673913214831e-01 8.113382341914057161e-01 -1.227828335078816391e+00 -7.534433981129581848e-02 7.395304633496734281e-01 -1.526948355967916005e+00
1.158398767816713887e-01 1.118108582402532573e-02 6.829201542933005520e-01 -1.209365008107172068e+00 3.136997164590581422e-01 -1.735115561905346548e-01 -9.200000000000000400e-01 -3.403514981589683078e-03 -2.993572258513037543e-01 8.269278921062881427e-01 -1.227005904722083152e+00 -1.092834775635906086e-01 6.654746706004436296e-01 -1.381012179353611202e+00
1.246205718763181564e-01 2.029123429752910726e-02 6.953762798515827903e-01 -1.221431266502915447e+00 3.103135055830121281e-01 -1.640885906365211200e-01 -9.200000000000000400e-01 3.566767812219815478e-03 -2.763360248855602497e-01 8.396634840360309715e-01 -1.203700016394441352e+00 -1.955814757101982104e-01 5.433349278856292042e-01 -1.053925828557057631e+00
1.223761657235203915e-01 2.072379629898016967e-02 7.151792813382732428e-01 -1.246974177479022616e+00 3.144743914835645970e-01 -1.482378350398704803e-01 -9.200000000000000400e-01 5.001605554575901808e-03 -2.540971104931992741e-01 8.542251967501056642e-01 -1.192585692438929756e+00 -2.196295160671931923e-01 5.019362597315527585e-01 -9.474545425822024081e-01
1.311160869630868808e-01 3.025651772821408292e-02 7.266484945740920853e-01 -1.272961294808917732e+00 3.179260255389551593e-01 -1.370656047977838465e-01 -9.200000000000000400e-01 -4.258253463280083605e-03 -2.306309697905175038e-01 8.718262056218237799e-01 -1.203859029201432174e+00 -2.166099109892897223e-01 4.860560220237926665e-01 -9.200003195366577291e-01
1.342864695899079475e-01 2.932662966067008103e-02 7.389514702068531449e-01 -1.311587096104454675e+00 3.193957881952464994e-01 -1.204093494521656649e-01 -9.200000000000000400e-01 -4.095554711654478784e-03 -2.021179860636236059e-01 8.859556281055868121e-01 -1.186519069702349327e+00 -1.982622612493615821e-01 4.904877857998019008e-01 -9.247262887663586506e-01
1.335238018669004101e-01 2.456586423033302671e-02 7.395448801464237221e-01 -1.357966011439868614e+00 3.207190770344141573e-01 -9.800555329397886428e-02 -9.359893094246101164e-01 5.012934406351442841e-05 -1.721865854712874289e-01 8.963920160798886094e-01 -1.151677941273661299e+00 -1.683686669777061939e-01 5.160394629724229798e-01 -9.623189416742555791e-01
1.338649079675051368e-01 2.293488481690852260e-02 7.263873664299480559e-01 -1.405718061904559057e+00 3.232149127136360600e-01 -6.782226471114131960e-02 -9.674599328423542088e-01 -5.279019704758655760e-04 -1.429083051396049520e-01 9.062024658282100686e-01 -1.122421430761836980e+00 -1.335550936694833990e-01 5.466507159045594921e-01 -1.020172384094831575e+00
1.375258194908409171e-01 2.487933288301554316e-02 6.992527215268419249e-01 -1.453319632283987417e+00 3.270171700768420564e-01 -3.862414092756231293e-02 -9.966195958470883687e-01 8.969467809836045510e-03 -1.145078093711705408e-01 9.097425089126841558e-01 -1.063271611669367678e+00 -9.553210995928870797e-02 5.684439402804054575e-01 -1.038329317577155742e+00
1.387890451832448357e-01 2.575621481358585096e-02 6.570610785774103624e-01 -1.491428765115299315e+00 3.298126173004921613e-01 -1.164992020873438852e-02 -1.022451297421476335e+00 9.970012138551401573e-03 -8.910149587539532845e-02 9.139505915593010288e-01 -1.021611963410979929e+00 -5.922877303537003868e-02 5.884297421959494567e-01 -1.070827900936957455e+00
1.291656855659654157e-01 1.558380526145397224e-02 6.074602886486504261e-01 -1.521082426123202547e+00 3.276129939382680378e-01 1.207255593324085136e-02 -1.043815903090577590e+00 4.780161109157489256e-03 -6.612202406359345142e-02 9.190219510047217266e-01 -9.921600640411791794e-01 -2.426444376174121537e-02 6.068602039708415052e-01 -1.112236336836968320e+00
1.127972902534983973e-01 -3.012988328849019494e-03 5.463790564912341940e-01 -1.533645872179309810e+00 3.217141293240385336e-01 3.307219314379797326e-02 -1.060640734148408315e+00 4.766457548652829751e-03 -4.490150404276738172e-02 9.191628906898140494e-01 -9.472103118499397567e-01 9.202771523903719234e-03 6.215629272579611397e-01 -1.133071631597238671e+00
8.751165194659728253e-02 -3.146057758423457390e-02 4.791569087016168682e-01 -1.527696162522491630e+00 3.109834095115796004e-01 5.187303624941604074e-02 -1.074456891444795614e+00 -2.194933615133787697e-03 -2.459772609193852308e-02 9.211000088958434251e-01 -9.200066453543246370e-01 4.159005144681209715e-02 6.358806594893244846e-01 -1.166359194444397840e+00
5.539698143084366422e-02 -6.332753919243487573e-02 4.046384187156599754e-01 -1.502434208097165103e+00 2.960387367085339783e-01 6.852877844865534751e-02 -1.084761599290725353e+00 -1.095209235545579855e-02 -6.107801874060461537e-03 9.312852943980466369e-01 -9.200000000000000400e-01 7.361347786783699332e-02 6.491720453161663462e-01 -1.199415980301401063e+00
1.760117161216138287e-02 -9.201607387620039380e-02 3.205651557846187494e-01 -1.456944285998637678e+00 2.771433813856314377e-01 8.254837743641321723e-02 -1.090439865595997038e+00 -1.498880725094653421e-02 8.003698326435128990e-03 9.421140412928367125e-01 -9.200000000000000400e-01 1.035067683003187133e-01 6.604638315742984433e-01 -1.215438535884244331e+00
-2.561360243784944687e-02 -1.159178867058183598e-01 2.324983410526004213e-01 -1.395069907897976469e+00 2.543806793185365289e-01 9.347036627784861829e-02 -1.091638001401697089e+00 -1.203259958446208609e-02 1.753965925950188784e-02 9.512194698692868489e-01 -9.200000000000000400e-01 1.288079369097930860e-01 6.697323322488163422e-01 -1.209095115801129161e+00
-6.744771825768419715e-02 -1.315620560451469245e-01 1.414755223544785778e-01 -1.320540624226324233e+00 2.314008323623580332e-01 1.035574337564708902e-01 -1.092412242465631289e+00 -1.004293070894739758e-02 1.613662409160593683e-02 9.520125580526821452e-01 -9.200000000000000400e-01 1.510041637790524582e-01 6.791997265395119943e-01 -1.203209572375172343e+00
-1.180881124901911883e-01 -1.489401050811276772e-01 5.502947518933950372e-02 -1.250968713156134005e+00 2.029071451113827196e-01 1.096042613023323203e-01 -1.089627855120551381e+00 -4.106302270334732940e-03 1.471760292473810704e-02 9.582483148738351053e-01 -9.382804214970399403e-01 1.700588755920199036e-01 6.879882080897180563e-01 -1.185656846322302727e+00
-1.676444847029528451e-01 -1.660055736467551668e-01 -2.263578968268003047e-02 -1.196165810204067981e+00 1.739862574300927445e-01 1.137887196317162730e-01 -1.085152837096502010e+00 4.886988633533057057e-04 1.716473324369760045e-03 9.976433821092030030e-01 -1.045719902314236061e+00 1.865012627743690699e-01 6.972689074939811826e-01 -1.170117817158709439e+00
-2.060404965593452542e-01 -1.817104599361985540e-01 -8.158180376143540913e-02 -1.139124706097543349e+00 1.501200610189393769e-01 1.202199720050719650e-01 -1.083343057117813757e+00 -3.129425567436609334e-03 -1.823537264088131299e-02 1.038357383224673303e+00 -1.186698257503094656e+00 2.017422371759116373e-01 7.086705990185884207e-01 -1.174479772093382390e+00
-2.254720618432845547e-01 -1.986070631065662007e-01 -1.311989419386454248e-01 -1.073261036471702345e+00 1.356834011882575852e-01 1.336982229315151205e-01 -1.088630788984050746e+00 -6.676067385766933093e-03 -4.653099370932285012e-02 1.066109500407526722e+00 -1.334806221749279320e+00 2.147334899895446403e-01 7.200023968778714867e-01 -1.176924576646021015e+00
-2.495251895204412818e-01 -2.206605236253438018e-01 -1.582691003581904454e-01 -1.019202457517451199e+00 1.177221719566913655e-01 1.446746823746820343e-01 -1.088018109265360689e+00 -5.993790715725861099e-03 -7.847266535231871287e-02 1.070785450042965437e+00 -1.460741711652480568e+00 2.251739694200217967e-01 7.298122233917118118e-01 -1.166399014249631660e+00
-2.458243227875695769e-01 -2.358565641485249886e-01 -1.647922975400344103e-01 -9.796853147481198176e-01 1.146580539701291396e-01 1.676773239158756701e-01 -1.096793246851553549e+00 -6.024237908665751144e-03 -4.586326790439901324e-02 1.051034600078437631e+00 -1.517720805976289444e+00 2.337795966043433038e-01 7.396465625684326417e-01 -1.156062958412977570e+00
-2.308037551919827068e-01 -2.488071302750800295e-01 -1.485737309784615767e-01 -9.582546186410719757e-01 1.186812614981669761e-01 1.939670235697256440e-01 -1.107996433325442620e+00 -8.497114492305172379e-03 2.947200150036617759e-03 1.008860641929932855e+00 -1.544704003612009879e+00 2.407704835979966596e-01 7.492278412108819285e-01 -1.148660593932106622e+00
-2.090217878997155387e-01 -2.585300501999138190e-01 -1.345060443454352828e-01 -9.401887728663019805e-01 1.283470007038128025e-01 2.217734038926544304e-01 -1.126099169220659890e+00 -6.733044462699245766e-03 5.658504428401899683e-02 9.512320010137760296e-01 -1.537908993002228719e+00 2.451884404425812847e-01 7.566036258388335600e-01 -1.126300131868937404e+00
-1.945927813232448955e-01 -2.619738862932651791e-01 -1.144469254384117840e-01 -9.383924245211536785e-01 1.340334193743020486e-01 2.454541779721487738e-01 -1.138307150100333454e+00 -8.514820804569132873e-03 1.120095307414409602e-01 8.840367359734189190e-01 -1.516359170242261190e+00 2.472443453840888483e-01 7.645424707703606382e-01 -1.109519579432346026e+00
-1.802496832713887942e-01 -2.653037430301288802e-01 -8.965028685835095545e-02 -9.501589504828789057e-01 1.391782446497381587e-01 2.722060152427735469e-01 -1.147501163306549721e+00 -9.003427766143684563e-03 1.665377081694858485e-01 8.097387365923001123e-01 -1.468802267580309850e+00 2.470008801861569014e-01 7.719409818352590547e-01 -1.086603572772770088e+00
-1.599768847896566037e-01 -2.695294654210385610e-01 -6.502589542671366463e-02 -9.660320647440894248e-01 1.483179763964609932e-01 3.039894519427515096e-01 -1.157394822409264057e+00 -3.920739237607513868e-03 2.128531425082307305e-01 7.329584983127284126e-01 -1.392571909859989354e+00 2.420934089689727453e-01 7.771092309750464722e-01 -1.044691256610607244e+00
-1.537095531960485095e-01 -2.789302943427489079e-01 -3.750495533362619566e-02 -9.853124376742836699e-01 1.483819197929138467e-01 3.318612028604008835e-01 -1.162709683868590416e+00 7.826044383442525010e-03 2.476507069450253617e-01 6.605949571035867329e-01 -1.287498532050474376e+00 2.339955170417561403e-01 7.785255059653418686e-01 -9.797791026389454094e-01
-1.326909307759672196e-01 -2.813541892916395781e-01 -1.289278980767643787e-02 -1.002154926079583674e+00 1.599144137909238039e-01 3.667314511683883449e-01 -1.177389283848773616e+00 1.136180772057085973e-02 2.613447978995502297e-01 5.933251382688660147e-01 -1.159018652079114364e+00 2.243294347567844071e-01 7.795854787998054425e-01 -9.254498695859009194e-01
-1.166581664530170898e-01 -2.849683998247354855e-01 1.456297942773488070e-02 -1.024794168067017841e+00 1.696845582222376025e-01 4.000055268679514886e-01 -1.198410297829493487e+00 3.466236857383125577e-03 2.639197969485423401e-01 5.368492867307985694e-01 -1.047740940738283388e+00 2.157157599530719339e-01 7.954337017722253877e-01 -9.205179230588363959e-01
-1.123008619463754520e-01 -2.926129185428781865e-01 4.444050020503097914e-02 -1.051112320865995597e+00 1.730292445900410148e-01 4.283343613336971778e-01 -1.232193608074237723e+00 -8.641327863142598056e-03 2.581332956634000420e-01 5.070484950258836720e-01 -9.776990806900962561e-01 2.054565830487539713e-01 8.110029953478247178e-01 -9.200000000000000400e-01
-1.210710151006968299e-01 -3.055814072410770743e-01 7.608624921332927948e-02 -1.078542101875260562e+00 1.691088585739289052e-01 4.533268392958292869e-01 -1.290824791242851877e+00 -1.269888549731841218e-02 2.463245603938654105e-01 4.980657352139128968e-01 -9.218355276141187993e-01 1.940570813324903332e-01 8.331982434764964029e-01 -9.200000000000000400e-01
-1.046121159938237927e-01 -3.064006468017018148e-01 1.042901550782163872e-01 -1.101652059148731544e+00 1.889029658546541868e-01 4.882007970144021658e-01 -1.382343922124830149e+00 -2.415719806019486077e-02 2.343752225676939693e-01 5.139252443892331490e-01 -9.200000000000000400e-01 1.809043887821749630e-01 8.497781933535459853e-01 -9.200000000000000400e-01
-1.069857013838480253e-01 -3.183269536226215335e-01 1.359571861291211659e-01 -1.125551208258860791e+00 1.982621098269562177e-01 5.082168804777310589e-01 -1.492662357228644820e+00 -2.353768965283122017e-02 2.213033049762828386e-01 5.453528387887012219e-01 -9.200000000000000400e-01 1.697574290076818704e-01 8.730925856889382164e-01 -9.200000000000000400e-01
-1.207691005457451477e-01 -3.335072610773449076e-01 1.681551020141767439e-01 -1.144801991212946346e+00 2.056794961563766788e-01 5.014150632214453562e-01 -1.622507975699611915e+00 -2.912669114295641029e-02 2.126685041007223553e-01 5.740211849508184416e-01 -9.211516990197754495e-01 1.591031028872951503e-01 8.926453032243962804e-01 -9.200000000000000400e-01
-1.293309914004224515e-01 -3.406568044954692565e-01 2.012440829899384276e-01 -1.162940693165495754e+00 2.270188492737229558e-01 4.389307925982621761e-01 -1.733624504912634423e+00 -2.352588727716429032e-02 2.014690323395778027e-01 6.126492839957259351e-01 -9.200000000000000400e-01 1.493530160841198273e-01 9.174289508918156422e-01 -9.200000000000000400e-01
-1.263618116026186400e-01 -3.410624032986977472e-01 2.316902891404046816e-01 -1.176051096332386470e+00 2.643610080799851936e-01 3.310339262294634821e-01 -1.796503792219790396e+00 -2.347367942760758205e-02 1.904809009793146102e-01 6.484338521191671534e-01 -9.200000000000000400e-01 1.457475176871260714e-01 9.357075385443636151e-01 -9.200000000000000400e-01
-9.687955520731375558e-02 -3.249484589989700689e-01 2.596945081400481303e-01 -1.189282769564901976e+00 3.169850104235893418e-01 2.045577546003702896e-01 -1.786250850725984218e+00 -2.323968337479414420e-02 1.813649034785097536e-01 6.848430630530677465e-01 -9.200000000000000400e-01 1.391658317426101854e-01 9.494249443656329612e-01 -9.200000000000000400e-01
-4.076640002989977835e-02 -2.903247971943727634e-01 2.829531272053463220e-01 -1.199873020983436511e+00 3.710108281653030082e-01 6.563238334922036343e-02 -1.699581233241470590e+00 -2.430469084475939470e-02 1.705653793357075343e-01 7.200215175310028526e-01 -9.200000000000000400e-01 1.369058825841714955e-01 9.544363477246804450e-01 -9.200000000000000400e-01
2.341817319385838814e-02 -2.478458044090129930e-01 3.000929507912252769e-01 -1.204083990099766632e+00 4.010121413601952511e-01 -5.845867497067575719e-02 -1.561169384734708343e+00 -2.377885018778772355e-02 1.541895865555721057e-01 7.530293795163999215e-01 -9.200000000000000400e-01 1.411708284845584749e-01 9.622313570926463999e-01 -9.200000000000000400e-01
9.262764615996765816e-02 -1.994760726540282247e-01 3.098958884357506105e-01 -1.200465548704122254e+00 4.055625822735656749e-01 -1.702085060421879847e-01 -1.382231798590381588e+00 -1.415209804242440091e-02 1.391593582229972426e-01 7.900128041048246619e-01 -9.200000000000000400e-01 1.493026211660004876e-01 9.690070493752979131e-01 -9.219714268403672586e-01
1.636636064148474790e-01 -1.475799186635042837e-01 3.115235702968588982e-01 -1.186905686051369146e+00 3.803531630965612531e-01 -2.704281419295769262e-01 -1.191374055387689479e+00 -1.398077232286846702e-02 1.172901191076222566e-01 8.262744935471497687e-01 -9.200000000000000400e-01 1.758921236481524875e-01 1.012652546439358314e+00 -1.039415827495142608e+00
2.465699527903735255e-01 -8.587873986435951013e-02 2.986788031577581326e-01 -1.156942445791875551e+00 3.438234183506044817e-01 -3.552541937118232074e-01 -1.011942637115144539e+00 -1.264856712251789111e-02 9.928978784025827009e-02 8.516433312417613921e-01 -9.200000000000000400e-01 2.176623390712325301e-01 1.059050238193264493e+00 -1.188710105699728903e+00
3.373380255843991260e-01 -1.816332056343996498e-02 2.687290553112762770e-01 -1.105322777808631196e+00 3.162013405870832683e-01 -4.016197216662173997e-01 -9.200000000000000400e-01 -1.354105171261781732e-02 8.981452813032055060e-02 8.752310507909895065e-01 -9.200000000000000400e-01 2.739855625957078322e-01 1.097642447294652213e+00 -1.353251433175242990e+00
3.532898702665027701e-01 3.135324727234017569e-04 2.811554394148026992e-01 -1.097638915050820341e+00 2.896669721222526750e-01 -4.188888116150736307e-01 -9.200000000000000400e-01 -1.360453661509803715e-02 5.832443214355807759e-02 9.000421104429572328e-01 -9.200000000000000400e-01 3.444913659028746022e-01 1.118180026867629406e+00 -1.498674018036546762e+00
3.517149903677784240e-01 8.057873737308979614e-03 3.058968236076904379e-01 -1.097833812634122719e+00 2.549069624907444598e-01 -4.147656957387285126e-01 -9.200000000000000400e-01 -1.339914914175808699e-02 2.518440717986317190e-02 9.326769780049707359e-01 -9.200000000000000400e-01 4.270091202411525066e-01 1.117387645434212651e+00 -1.605054007884284317e+00
4.075936286205932846e-01 5.581313654067433794e-02 2.847651366567615638e-01 -1.045264086821048544e+00 2.067860211291397687e-01 -3.949799481336400131e-01 -9.200000000000000400e-01 -9.886570367526841333e-03 3.533634872620771989e-03 9.589145487463869300e-01 -9.200000000000000400e-01 5.143036168119277107e-01 1.088281265523153962e+00 -1.656870726218398593e+00
4.088105161186139092e-01 6.529906800030195468e-02 3.018661848759456312e-01 -1.038218333137999494e+00 1.635931255817379415e-01 -3.623017276665894681e-01 -9.200000000000000400e-01 -1.393633250997012435e-02 -2.403611985708924148e-02 9.848843929025367094e-01 -9.200000000000000400e-01 6.007180764025953357e-01 1.036658940339180823e+00 -1.672046586157187820e+00
4.300491390193028618e-01 8.877720927837748355e-02 3.001106373999369303e-01 -1.010624690809505344e+00 1.387224825835846886e-01 -3.316349309362517372e-01 -9.200000000000000400e-01 -1.212024352863079295e-02 -5.100635244061454965e-02 1.003333914330885923e+00 -9.200000000000000400e-01 6.794849776490746729e-01 9.645804654588783222e-01 -1.626943447968035139e+00
4.171182949303202658e-01 1.073378916224440871e-01 3.101434967746922733e-01 -9.930918834182732580e-01 1.138727771641605269e-01 -2.870538830466561331e-01 -9.200000000000000400e-01 -1.045697512127461044e-02 -7.607479560860087864e-02 1.035496178079821972e+00 -9.200000000000000400e-01 7.499332467757917620e-01 8.794453697535864478e-01 -1.538954230551940361e+00
4.510437102101446105e-01 1.586713599751725101e-01 2.720471974754877786e-01 -9.200000000000000400e-01 1.040048006519062873e-01 -2.300199791058269438e-01 -9.200000000000000400e-01 -2.348229054833715548e-03 -1.022815711938290933e-01 1.059582095038650973e+00 -9.200000000000000400e-01 7.850000000000000311e-01 7.753176750299474174e-01 -1.383037628300418875e+00
4.366703598502276185e-01 1.748430639321336133e-01 2.862763681309988817e-01 -9.200000000000000400e-01 1.059352290789799811e-01 -1.993754151208459169e-01 -9.200000000000000400e-01 -2.574583520297127944e-03 -1.363615716408002887e-01 1.079521487690428660e+00 -9.200000000000000400e-01 7.850000000000000311e-01 6.450439848592161018e-01 -1.178443928509692151e+00
3.693354158682939925e-01 1.505269509846904052e-01 3.655739384253451352e-01 -1.009318435016495430e+00 9.342691949050439815e-02 -1.807164309844846717e-01 -9.200000000000000400e-01 3.695703017045151719e-05 -1.626615158483188939e-01 1.115806609206878575e+00 -9.200000000000000400e-01 7.850000000000000311e-01 4.870417522667324639e-01 -9.200000000000000400e-01
4.491632453809966674e-01 2.328905612367159206e-01 2.859537465422593017e-01 -9.200000000000000400e-01 1.265376584827729300e-01 -1.360156501689194219e-01 -9.200000000000000400e-01 -7.088187829867509046e-03 -1.765449373233741182e-01 1.111640687422776663e+00 -9.200000000000000400e-01 7.850000000000000311e-01 4.555668313338684383e-01 -9.200000000000000400e-01
4.789980481997971329e-01 2.729187168663929630e-01 2.675153148181876328e-01 -9.200000000000000400e-01 1.541926434524314993e-01 -1.003027329433037323e-01 -9.200000000000000400e-01 -8.470008368636287518e-03 -2.245761994459007926e-01 1.129935145373200944e+00 -9.200000000000000400e-01 7.850000000000000311e-01 4.270571345755582171e-01 -9.200000000000000400e-01
4.810687824037543914e-01 2.804082929189615769e-01 2.989902019987212278e-01 -1.008630409756024138e+00 1.752752132310691213e-01 -7.014164659272890956e-02 -9.200000798481310360e-01 -1.140206132720669903e-02 -2.354662408275068897e-01 1.150813609872618715e+00 -9.200000000000000400e-01 7.850000000000000311e-01 4.059650418855074716e-01 -9.200000000000000400e-01
3.533672966316437347e-01 1.635247963568313978e-01 4.885590964754129017e-01 -1.304080967754473130e+00 1.468295032072672868e-01 -6.561758128503229759e-02 -9.200000000000000400e-01 -1.204212065779213664e-02 -2.687482727251776504e-01 1.164195675206927350e+00 -9.200000000000000400e-01 7.850000000000000311e-01 4.110052962561917544e-01 -9.200000000000000400e-01
3.622285698153790423e-01 1.175449415197660913e-01 5.204434899002368109e-01 -1.439145150833904818e+00 1.704263083131279666e-01 -2.856425961030308394e-03 -9.909270747776832700e-01 -1.400463654196169340e-02 -2.971722746441466390e-01 1.172222850174968301e+00 -9.200000000000000400e-01 7.850000000000000311e-01 4.081181418888091827e-01 -9.200000000000000400e-01
3.923974756814367915e-01 7.705493060983621689e-02 5.234778510378238492e-01 -1.558144510194169108e+00 2.040471625899636932e-01 6.293334252277121843e-02 -1.059060991238941041e+00 -1.679775797001753501e-02 -3.454060698833776866e-01 1.170357334382351899e+00 -9.200000000000000400e-01 7.850000000000000311e-01 4.135440376516643091e-01 -9.200000000000000400e-01
4.050597895087575950e-01 7.001952669556833764e-02 4.849315450438004826e-01 -1.618962264751798719e+00 2.296937016075638882e-01 1.180286608974679408e-01 -1.106169153798323368e+00 -1.927704860746581872e-02 -3.712474548730432256e-01 1.195643849159836680e+00 -9.200000000000000400e-01 7.850000000000000311e-01 4.133471725190037693e-01 -9.200000000000000400e-01
3.792507110741546450e-01 2.317832180631981820e-02 4.522763246673612847e-01 -1.678401616301436139e+00 2.346351804461557777e-01 1.611193142192511030e-01 -1.134879926471914713e+00 -1.537566143231946202e-02 -4.104237755398694731e-01 1.217732522572730902e+00 -9.200000000000000400e-01 7.850000000000000311e-01 4.431198511468087409e-01 -9.200000000000000400e-01
3.399054424292726750e-01 -3.869315958681236040e-02 4.022399401851938783e-01 -1.701746770784666518e+00 2.324881664037922180e-01 2.001416313649339029e-01 -1.156008251612006044e+00 -2.038007892949113276e-02 -3.998133136284972577e-01 1.191579444981011759e+00 -9.200000000000000400e-01 7.850000000000000311e-01 4.466067451995900939e-01 -9.200000000000000400e-01
3.139189192790031724e-01 -8.663838674117498029e-02 3.317643516400026193e-01 -1.683629055789893636e+00 2.392028076207601273e-01 2.418223793601315674e-01 -1.176492739740510274e+00 -1.837607031188308662e-02 -4.144263680800056582e-01 1.211027417804258377e+00 -9.200000000000000400e-01 7.850000000000000311e-01 4.686306903316878603e-01 -9.200228935399797914e-01
2.606111177001605994e-01 -1.486765776137412565e-01 2.728569772219139877e-01 -1.657659117362509260e+00 2.296858062154998603e-01 2.738071421001507799e-01 -1.187136027950047801e+00 -2.111312657749580407e-02 -4.157722900356530249e-01 1.208892031320037974e+00 -9.200000000000000400e-01 7.850000000000000311e-01 4.905422844277890215e-01 -9.200000000000000400e-01
1.967260057860029943e-01 -2.092630078326908893e-01 2.116280191271955324e-01 -1.615464177479670749e+00 2.138058010281148891e-01 3.011414230974641115e-01 -1.192411524616157958e+00 -2.395891189633379478e-02 -4.106769937700603945e-01 1.203159379090500636e+00 -9.200000000000000400e-01 7.704363430892332554e-01 4.873443330541555318e-01 -9.200000000000000400e-01
1.398090558077150214e-01 -2.534821508889895658e-01 1.508462824519561651e-01 -1.555102226451245517e+00 2.017024797102579259e-01 3.272449277951251512e-01 -1.194870286712019336e+00 -2.448985820863081725e-02 -3.928810536914613682e-01 1.200200885413662100e+00 -9.200000000000000400e-01 7.433325871143998675e-01 4.982183841503328159e-01 -9.200000000000000400e-01
8.148784029864679368e-02 -2.851632499046928837e-01 1.024144931798352670e-01 -1.478123034503356248e+00 1.874379230960837861e-01 3.499607127198009482e-01 -1.194862070383509112e+00 -2.340689892227911309e-02 -3.626748191850763248e-01 1.194417434116123555e+00 -9.200000000000000400e-01 7.155399739834860107e-01 5.104762218675789054e-01 -9.200000000000000400e-01
2.468110886169837259e-02 -3.063853363778370476e-01 6.153492456721107451e-02 -1.389551252498674838e+00 1.721059252049822186e-01 3.698372219253768245e-01 -1.194454668381430551e+00 -2.416687870334275137e-02 -3.261550874314010362e-01 1.190085804613526976e+00 -9.200000000000000400e-01 6.878398405275480965e-01 5.205597435291913211e-01 -9.200000000000000400e-01
-2.326909549551207934e-02 -3.198288315298067896e-01 2.175237346224419277e-02 -1.303930626970212669e+00 1.600663703745194844e-01 3.895826386250094697e-01 -1.196615149418985169e+00 -2.449991854976657155e-02 -2.618651818305998136e-01 1.186604058725531985e+00 -9.200000000000000400e-01 6.600937010827877538e-01 5.324945907824983893e-01 -9.200000000000000400e-01
-6.314794219781459661e-02 -3.279560656472473301e-01 -1.101838152854786763e-02 -1.227088043106435267e+00 1.512840430021388516e-01 4.101008667928557894e-01 -1.203293399928768270e+00 -2.427069720935794497e-02 -1.932608627737810447e-01 1.176687142477403469e+00 -9.200000000000000400e-01 6.250373761332580491e-01 5.395979986767622805e-01 -9.200000000000000400e-01
-9.367785710527842813e-02 -3.344077213525996073e-01 -3.114740605727688710e-02 -1.178360782465167622e+00 1.476594002067716793e-01 4.326191516003951576e-01 -1.218225497141723457e+00 -2.371730054508973742e-02 -1.216979814519061759e-01 1.165668409415462570e+00 -9.200000000000000400e-01 6.042849596782621235e-01 5.517767315725379262e-01 -9.200000000000000400e-01
-1.229364953879655414e-01 -3.422991876554793977e-01 -3.484508216962565325e-02 -1.153757944640128041e+00 1.441574949796398941e-01 4.578996467602822751e-01 -1.238948487316307023e+00 -2.571960067007957734e-02 -3.809607787772120724e-02 1.145102731464202828e+00 -9.200000000000000400e-01 5.815556357876495719e-01 5.631637188887532730e-01 -9.200000000000000400e-01
-1.324704200620545891e-01 -3.414139766238986629e-01 -2.106392103451961220e-02 -1.129207515797302719e+00 1.519187417783136873e-01 4.915052753220907067e-01 -1.269900229077001175e+00 -2.623518960178347972e-02 3.284840240029849451e-02 1.117387974952544383e+00 -9.200000000000000400e-01 5.563509218545821255e-01 5.772478735907956571e-01 -9.200000000000000400e-01
-1.273298035968840614e-01 -3.346069625086687260e-01 9.261810237621822053e-03 -1.106528514768458038e+00 1.560629160079833044e-01 5.259764972594078714e-01 -1.309380290713705541e+00 -2.471634757250042516e-02 1.131984418702495637e-01 1.098970784049664307e+00 -9.200000000000000400e-01 5.328987119310694132e-01 5.926540256913623850e-01 -9.200000000000000400e-01
-1.226017679890702705e-01 -3.290418375495950953e-01 4.413197389471263526e-02 -1.088647727546274036e+00 1.601295357078913462e-01 5.579662956220365899e-01 -1.344713462259893966e+00 -2.561290949547886248e-02 2.001927511675769267e-01 1.057018882634692458e+00 -9.200000000000000400e-01 5.085181755099179579e-01 6.051859865912858627e-01 -9.200000000000000400e-01
-1.199711246944190346e-01 -3.268398999440506603e-01 7.433211046782114972e-02 -1.086025148438382271e+00 1.618806361018894913e-01 5.767592501807101701e-01 -1.359309789215720654e+00 -1.085668687142483241e-02 2.867552617832466733e-01 1.037416209370587428e+00 -9.200000000000000400e-01 4.815444108190761741e-01 6.330218410035260979e-01 -9.239032682257902751e-01
-1.159555297010626679e-01 -3.251010271944728691e-01 1.030619904121244657e-01 -1.091663821932711720e+00 1.653251994511853729e-01 5.913254470925894957e-01 -1.371794335245165586e+00 -4.002508606398379534e-03 3.451065611316578297e-01 9.877139702139565713e-01 -9.200000000000000400e-01 4.538567255830085467e-01 6.666645142207121566e-01 -9.571235397220690944e-01
-1.046734309086557457e-01 -3.211434177971245196e-01 1.351984672306185686e-01 -1.111874053542531549e+00 1.542882509706368643e-01 6.042251363478248205e-01 -1.392332341578087274e+00 -9.018811023315670417e-03 3.776874980765069778e-01 9.510696179144186857e-01 -9.200000000000000400e-01 4.262595632720616590e-01 7.058163238644618032e-01 -1.023302375062297598e+00
-9.659752407610167069e-02 -3.202117678904556342e-01 1.730473327781174853e-01 -1.146937230123394658e+00 1.386020538550871151e-01 6.129092194490620704e-01 -1.423147555961851829e+00 -4.851799252031957325e-03 3.905644072313756987e-01 8.976402316885175869e-01 -9.200000000000000400e-01 3.936592713981273417e-01 7.399144880592035678e-01 -1.056090104072975988e+00
-8.211752835061081335e-02 -3.165099197769569717e-01 2.136127643552196698e-01 -1.192094800318301839e+00 1.279092377848690121e-01 6.052297283788247162e-01 -1.457739891582813252e+00 -6.559754433507970946e-03 3.776130508795442764e-01 8.582149158062042371e-01 -9.200000000000000400e-01 3.600890191272543839e-01 7.743761830165184490e-01 -1.094222449454238522e+00
-6.095207418129965776e-02 -3.085514414461041910e-01 2.522564326285235969e-01 -1.239724228663185102e+00 1.190951199864675042e-01 5.615024842791708215e-01 -1.489909496210093387e+00 -9.671514183117299948e-03 3.528255270378363173e-01 8.118136026630023983e-01 -9.200000000000000400e-01 3.264195832371586947e-01 8.081329663804793784e-01 -1.125292549850571699e+00
-3.152651036779589161e-02 -2.935540207265526225e-01 2.849276090753298796e-01 -1.278575385711947954e+00 1.084314458633961337e-01 5.153489958818967542e-01 -1.512465827085728964e+00 -9.783582181821133539e-03 3.410517188595459381e-01 7.943233708898873591e-01 -9.200000000000000400e-01 2.937831046195957252e-01 8.369944957528092644e-01 -1.133529207451926535e+00
3.586693979240102373e-03 -2.725380682860933934e-01 3.127689695314251339e-01 -1.307924481689480611e+00 8.991649398304989160e-02 4.594980313133934513e-01 -1.519942254253737302e+00 -9.600356932579521413e-03 3.260213813051335285e-01 7.769751004710298004e-01 -9.200000000000000400e-01 2.637034739740365397e-01 8.618036356876113135e-01 -1.127574259124089817e+00
4.588964869244202549e-02 -2.440695672068183830e-01 3.353527865379334894e-01 -1.326550279092454598e+00 7.570502228970368841e-02 4.005400752371202633e-01 -1.515423824312334355e+00 -1.023623319424343467e-02 3.078445502102926112e-01 7.764599783770776975e-01 -9.200000000000000400e-01 2.354312245698248207e-01 8.825149659560860282e-01 -1.112510243423993517e+00
9.411600825889607225e-02 -2.087451641593127682e-01 3.509202923945765051e-01 -1.332178619264485109e+00 6.699542876667199942e-02 3.279354905118970209e-01 -1.483634967998979093e+00 -1.100537295458261199e-02 2.854524483561395876e-01 7.728729486834386986e-01 -9.200000000000000400e-01 2.100336750219533311e-01 8.996185427972910320e-01 -1.087437413686743293e+00
1.523318222258154275e-01 -1.639434897753025977e-01 3.563899317641666120e-01 -1.322923921831340666e+00 6.151457379258422342e-02 2.523681141007902973e-01 -1.426765103256230738e+00 -8.233146646013593528e-03 2.684102916466932220e-01 7.794826868644249007e-01 -9.200000000000000400e-01 1.869950714340301579e-01 9.110388923070310563e-01 -1.045365326986788412e+00
2.137935688396894462e-01 -1.150644056170307544e-01 3.528742886258330880e-01 -1.300400935254399482e+00 5.786635330001067140e-02 1.798669246511353514e-01 -1.355471770898605044e+00 -3.341507700364017286e-03 2.537313458222907325e-01 7.926087480344014002e-01 -9.200000000000000400e-01 1.662033124215962776e-01 9.179057566720286720e-01 -9.917621145561843488e-01
2.702089628949830846e-01 -6.924116970224446221e-02 3.429746238563631255e-01 -1.269518305701003325e+00 5.950385587392242187e-02 1.042873842805553675e-01 -1.276742198347225798e+00 -9.553019919950162323e-03 2.329070881452466879e-01 7.879927988193494715e-01 -9.200000000000000400e-01 1.482490310431939518e-01 9.280678388421828018e-01 -9.663142314901971286e-01
3.210402593649298586e-01 -2.755549246600903432e-02 3.298013510940763782e-01 -1.236517176520969929e+00 6.240301535643037051e-02 3.318348436356931969e-02 -1.200994636750799538e+00 -1.289611454939379107e-02 2.142938296681105581e-01 7.864781683171587767e-01 -9.200000000000000400e-01 1.332377765161991690e-01 9.366563627316042417e-01 -9.361082569461331992e-01
3.630459023320373180e-01 7.937925761296210289e-03 3.192521255649405365e-01 -1.208627933923670517e+00 5.872576857483906981e-02 -2.694903992051531777e-02 -1.137012839789991014e+00 -1.810446352725997993e-02 1.982327191919358855e-01 7.734875150745119665e-01 -9.200000000000000400e-01 1.237331306547604370e-01 9.502309673437387971e-01 -9.211583396238278709e-01
3.971946668061590580e-01 3.810113784540059695e-02 3.111736980726665935e-01 -1.183569148117311842e+00 4.730205735377299853e-02 -7.031032930867289754e-02 -1.088725890028950705e+00 -2.340427011344610453e-02 1.765496835167315592e-01 7.834790712312112992e-01 -9.200000000000000400e-01 1.197351762763064625e-01 9.677058812790935161e-01 -9.200000000000000400e-01
4.182756158723520135e-01 5.909902892124539731e-02 3.103276116052865463e-01 -1.167306345158290348e+00 3.407720431407092881e-02 -9.376652085982663254e-02 -1.055775951856940287e+00 -2.017822429695098271e-02 1.549166311226063408e-01 8.013841861811414891e-01 -9.200000000000000400e-01 1.265659406422098288e-01 9.781100395141610893e-01 -9.200000000000000400e-01
4.186147909085483065e-01 8.184943578843681400e-02 3.114161277625792090e-01 -1.153042296107206210e+00 2.971190831297392324e-02 -1.032858288732432517e-01 -1.036819567722915725e+00 -9.505712591177349624e-03 1.358531168000973732e-01 8.125656537331787943e-01 -9.200000000000000400e-01 1.460875029076442733e-01 9.887922800383063260e-01 -9.291397291079885878e-01
3.952239927157243926e-01 1.073264721496769714e-01 3.160308810390441425e-01 -1.142679424888908946e+00 3.166919619458185425e-02 -1.075477961588117287e-01 -1.015619382417698224e+00 -8.745555464236054455e-03 1.174434824750838630e-01 8.280092764448521159e-01 -9.200000000000000400e-01 1.857192314236744413e-01 1.038800976794432174e+00 -1.031209375297031938e+00
3.527017467145617258e-01 1.217575864906500632e-01 3.409642613732530303e-01 -1.165905236578936632e+00 3.269239341952032835e-02 -1.004993982837485561e-01 -1.008672095857789053e+00 -1.303506181017954554e-02 1.061741139132745676e-01 8.332922708817829260e-01 -9.200000000000000400e-01 2.509970070844297352e-01 1.115030330647274637e+00 -1.200379710356626495e+00
3.199387443562999866e-01 1.440704635381560017e-01 3.557218184681893436e-01 -1.185260747168249029e+00 4.164421339010334483e-02 -6.726292090523293410e-02 -1.027917381838786337e+00 -1.251930583895573268e-02 9.329699334497854046e-02 8.478675626028353562e-01 -9.200000000000000400e-01 3.320747721286173570e-01 1.167274889012999806e+00 -1.337128090502478051e+00
2.782886118112610219e-01 1.616702552671447912e-01 3.803814980500115905e-01 -1.213461890700213486e+00 5.356545536545938985e-02 -3.473921833026491490e-02 -1.053629078497137384e+00 -2.755231132811964898e-03 7.822493034669458778e-02 8.668637966863433908e-01 -9.200032877687991384e-01 4.175851559399119117e-01 1.190006038371130170e+00 -1.446732448143268623e+00
2.364786924507959187e-01 1.788764611423688811e-01 4.089339556271269216e-01 -1.243677323078125063e+00 6.773702612263030054e-02 -5.394482673172646672e-04 -1.105178587275361446e+00 8.449705673881530502e-03 6.259845984060975754e-02 8.879380056601753335e-01 -9.229328280352856462e-01 4.985053599435721461e-01 1.185814175961805050e+00 -1.529239246642643435e+00
1.764800486338645447e-01 1.757581708807222642e-01 4.658662290627919034e-01 -1.303049930927987266e+00 7.294512918718139283e-02 2.649246680483444139e-02 -1.148111364044182237e+00 6.506375256372276712e-03 4.897773669964768789e-02 9.122815628143744471e-01 -9.519368429247382357e-01 5.783970510195937109e-01 1.153743947400149183e+00 -1.609938557421760175e+00
1.561725747651959706e-01 1.802681838213459342e-01 5.026523678179848353e-01 -1.347276593992132732e+00 9.283520834092090501e-02 7.025387793899078026e-02 -1.198224542058511366e+00 1.307858358694751616e-02 3.925213477602227524e-02 9.175181343585230298e-01 -9.216086973027221019e-01 6.476354109848913021e-01 1.087258516635842387e+00 -1.637722105201361300e+00
1.602622892283981915e-01 1.678370884000637275e-01 5.448604100133844774e-01 -1.405253486511116146e+00 1.205054385498064290e-01 1.206433704362602083e-01 -1.246125094226296026e+00 1.424707618250838949e-02 2.940868822087880710e-02 9.345784008270304755e-01 -9.244817435197809630e-01 7.029036129205109562e-01 9.875024038026167794e-01 -1.624495552716604063e+00
1.941207881470723151e-01 1.538138221573731035e-01 5.740607145788536592e-01 -1.461616684391428223e+00 1.588044178290234087e-01 1.778475346288974079e-01 -1.290859010411911978e+00 4.197013451557320488e-03 1.999527260895762881e-02 9.484785271218414415e-01 -9.331187293070816180e-01 7.452577235177636483e-01 8.606203474907838658e-01 -1.587754326660429705e+00
2.236370606045569032e-01 1.142173701022692611e-01 6.198586837688709883e-01 -1.549719132807810151e+00 1.923975347558611326e-01 2.287606338983840526e-01 -1.320770047696709693e+00 -2.071670165917584641e-03 8.903903455789645080e-03 9.548361816537550562e-01 -9.207075472023539264e-01 7.678140012551564197e-01 7.199189194145395598e-01 -1.517729123476363906e+00
2.633854817964307315e-01 6.911925196814797112e-02 6.582994912007665844e-01 -1.645373706828158200e+00 2.313748453077514311e-01 2.791315282343243553e-01 -1.341933182468579178e+00 -8.494959914240636165e-03 -5.769971550142785968e-03 9.641796761341228095e-01 -9.200000000000000400e-01 7.735670141230523988e-01 5.755836179033048117e-01 -1.435686597818413901e+00
2.870563785303715809e-01 7.433421577660128884e-03 6.971632007344819026e-01 -1.734032751904425629e+00 2.626779934304684927e-01 3.227141672635957526e-01 -1.354977817825894881e+00 -2.014617809664148371e-02 -2.081800674097967346e-02 9.694245672308016148e-01 -9.200000000000000400e-01 7.637327022328697090e-01 4.192857560693717955e-01 -1.367597752122277743e+00
2.706151331005776650e-01 -2.953953523007096446e-02 6.994815047203092329e-01 -1.786460394813033092e+00 2.693555134172712084e-01 3.573604539388103851e-01 -1.362009091245976800e+00 -3.849104708009358500e-03 -4.260959191208974622e-02 9.908468084647770180e-01 -9.200000000000000400e-01 7.199626446082513231e-01 3.461296217295452005e-01 -1.296164040743975399e+00
2.485385646806455573e-01 -7.092130674599399220e-02 6.570105321585978375e-01 -1.817150332951621428e+00 2.711757567140042902e-01 3.907701298260675138e-01 -1.366736811230293114e+00 -2.054131174408517849e-03 -6.517245765650936384e-02 1.004471671781058006e+00 -9.200000000000000400e-01 6.676422774455692544e-01 2.941437318778121202e-01 -1.237223504189782108e+00
2.163542693807992412e-01 -1.250707857913369581e-01 5.909861739806389069e-01 -1.829726909890007303e+00 2.662096827803262511e-01 4.243707504177898215e-01 -1.375501221189167733e+00 -3.382167892964338049e-03 -8.081970639568772374e-02 1.015062383149079928e+00 -9.200000000000000400e-01 6.064882314528718954e-01 2.646698857527326476e-01 -1.171573553485001584e+00
1.747465544133214865e-01 -1.846696054790307184e-01 5.105343481584273535e-01 -1.819470192073836756e+00 2.542413654675028667e-01 4.582598384699740901e-01 -1.388334482773438738e+00 -6.234829284892098519e-03 -9.633708209052191385e-02 1.026493960957327367e+00 -9.200000000000000400e-01 5.592920482086318756e-01 2.635390024762697125e-01 -1.125548188325422361e+00
1.185271257435149550e-01 -2.487353596520111287e-01 4.243117283587166666e-01 -1.786553457545084322e+00 2.299299665989482377e-01 4.895749101984140927e-01 -1.401428068709545283e+00 -8.786708039028211931e-03 -1.158922846890875769e-01 1.033958551252201818e+00 -9.200000000000000400e-01 5.265751915781600179e-01 2.875902845026629406e-01 -1.128618445251615254e+00
6.267839549919695941e-02 -3.012416908708328567e-01 3.349802076357725755e-01 -1.736099295458197966e+00 2.037534570734894079e-01 5.196109302049544132e-01 -1.411006187353250008e+00 -7.417934850094637204e-03 -1.303196908016859557e-01 1.044519681304248326e+00 -9.200000000000000400e-01 5.023139260553651786e-01 3.292226508331824730e-01 -1.165712538425424771e+00
8.042672172357861332e-03 -3.423586380222096714e-01 2.475074724685286387e-01 -1.674433596135308067e+00 1.761793855483618776e-01 5.478230570049740233e-01 -1.415799391686464404e+00 -6.350331357846971531e-03 -1.409972646553493969e-01 1.050770972754035526e+00 -9.200000000000000400e-01 4.857087285539094523e-01 3.747415161099206804e-01 -1.198622545599802303e+00
-3.846080300000551816e-02 -3.679107996194537766e-01 1.645847281441374654e-01 -1.600159465830307326e+00 1.525975225191062434e-01 5.760404387881928878e-01 -1.417584777479727220e+00 -4.749201505331827368e-03 -1.380692668212703811e-01 1.059698660266816139e+00 -9.200000000000000400e-01 4.747644975776966203e-01 4.215364815550368127e-01 -1.222735654925343862e+00
-7.956739275920704513e-02 -3.837101417616017307e-01 8.300162072358156784e-02 -1.519497331889175795e+00 1.296558943252571483e-01 6.050159688928751223e-01 -1.418754157633340673e+00 -7.105165143213648497e-03 -1.307599896574686005e-01 1.062639931676886418e+00 -9.200000000000000400e-01 4.668527568209282497e-01 4.677698072578604926e-01 -1.254084199791708709e+00
-1.190090592674010600e-01 -3.912066247486245540e-01 8.473587847831001024e-03 -1.428759372136093830e+00 1.047925509142596523e-01 6.327243141019780470e-01 -1.417127914936947120e+00 -3.452432627864236801e-03 -1.242507617393303759e-01 1.083261962765592390e+00 -9.620763256538557018e-01 4.558964699324711822e-01 5.112672167161196324e-01 -1.267822982267331255e+00
-1.480674403361424696e-01 -3.895784222265463170e-01 -5.711878910284377830e-02 -1.335147048069638576e+00 8.646404195787710245e-02 6.625011763195449710e-01 -1.415280241270266526e+00 -1.236260834999094050e-03 -1.184663684960168828e-01 1.109567791049577368e+00 -1.035102258527714758e+00 4.468466971625613127e-01 5.518667313372009886e-01 -1.281595016986909696e+00
-1.713859640512652438e-01 -3.845060063427874208e-01 -1.147303812791209687e-01 -1.245475928315198377e+00 6.799717734477918329e-02 6.910522315473270893e-01 -1.410341355598645263e+00 -4.590144863555057318e-03 -1.119650276934221617e-01 1.135985602869607591e+00 -1.141471137333907260e+00 4.432781614746684196e-01 5.894897060224840724e-01 -1.302759626289620609e+00
-1.866079522446756622e-01 -3.783304788748043657e-01 -1.452564894644675642e-01 -1.178315813568766135e+00 5.329576490132957589e-02 7.194224005981758596e-01 -1.403207810781642806e+00 -9.676659846043709698e-03 -1.037561580705648467e-01 1.154377027196390237e+00 -1.273861330062926678e+00 4.418284201239072173e-01 6.244057047499651514e-01 -1.321815827565179458e+00
-1.888670015921439516e-01 -3.741128003742289487e-01 -1.551922402372255816e-01 -1.149111439799113343e+00 4.859779180847382390e-02 7.507299779768342729e-01 -1.398646987078538295e+00 -4.807592936530287638e-03 -9.772805265407408237e-02 1.156444211476275186e+00 -1.389314583909641465e+00 4.380716184665648383e-01 6.567940252071077234e-01 -1.311946384710281466e+00
-1.871779242467966897e-01 -3.705677637371526667e-01 -1.432778488901075009e-01 -1.138521968630042958e+00 4.703796766785246081e-02 7.827118956523463345e-01 -1.395810605434471441e+00 4.495156602683699106e-03 -7.720817597229351348e-02 1.141346627673905045e+00 -1.472674833493859525e+00 4.334917842264087717e-01 6.873211586344460944e-01 -1.287240358301060317e+00
-1.802999159730831469e-01 -3.655072332125799406e-01 -1.105753848414979118e-01 -1.135895571159039941e+00 5.271849837920154769e-02 8.186037482203143423e-01 -1.398928838042019285e+00 5.422787984890669981e-03 -5.274338751086529720e-02 1.110045781768225215e+00 -1.552391506254716447e+00 4.298106237851585520e-01 7.177887909697493463e-01 -1.278811535949232026e+00
-1.770642615948844201e-01 -3.645407610448939129e-01 -6.611325166287775057e-02 -1.152006383362643938e+00 5.641387915290961563e-02 8.525691185349835166e-01 -1.402773125655732978e+00 8.689009587056231027e-03 -3.386787519419066222e-02 1.061551261911002353e+00 -1.610161195172652437e+00 4.225684536429512028e-01 7.467134084373796554e-01 -1.259747020255663985e+00
-1.655329607452994123e-01 -3.647816661611993916e-01 -2.021242261007757945e-02 -1.193466535651616311e+00 7.172829269434639887e-02 8.921307242772344992e-01 -1.414720851047480465e+00 2.592213500912176651e-03 -2.267960994217416495e-02 9.994863762355287173e-01 -1.666461318683551518e+00 4.158532691855307273e-01 7.762396979708712230e-01 -1.258647724682783409e+00
-1.668702860988265368e-01 -3.701856587227676521e-01 2.720369960218909158e-02 -1.234114358887610230e+00 6.964654198955136377e-02 9.218181907645396356e-01 -1.427370911965333500e+00 4.939415127454197321e-03 -1.816510485861240129e-02 9.223472929510212470e-01 -1.684670122132329695e+00 4.060105083843869034e-01 8.027342148259130061e-01 -1.233277718708921444e+00
-1.636680050538401598e-01 -3.737301379192483619e-01 7.364954169875223555e-02 -1.272361967526838500e+00 7.545871116574731641e-02 9.477676801032586251e-01 -1.449115228516521636e+00 3.526018578109042095e-03 -3.049313887115018620e-02 8.241948510059076138e-01 -1.693963522941607680e+00 3.968283195745871406e-01 8.279944625377774203e-01 -1.214400554848820146e+00
-1.649816229754705876e-01 -3.787374295560035908e-01 1.189821668169604857e-01 -1.303610579018358084e+00 7.492185118350394579e-02 9.615010406673973886e-01 -1.477672066428189712e+00 4.295817356576846560e-03 -5.034643067346308842e-02 7.327393974945544119e-01 -1.698442360530238338e+00 3.858549791342895663e-01 8.496844547352101484e-01 -1.185196625016429639e+00
-1.632597703821069557e-01 -3.814292576813268498e-01 1.625626324761265118e-01 -1.327146038860364197e+00 8.140743307133228857e-02 9.704335485251478488e-01 -1.523649330996189377e+00 -3.320373738209267747e-04 -8.494182246077361387e-02 6.330712554125057512e-01 -1.706473200991149852e+00 3.688871656091539664e-01 8.706350024138695964e-01 -1.167821820792064313e+00
-1.626657789261508336e-01 -3.844133142864698538e-01 2.043643980487822864e-01 -1.346187292747419217e+00 9.105700062796281968e-02 9.677529945210169293e-01 -1.594958370139806014e+00 -1.335910021430377053e-03 -1.346434772486442277e-01 5.350609881810263202e-01 -1.704262350560813655e+00 3.394942121797912549e-01 8.889328622392705936e-01 -1.140407351931758573e+00
-1.609232451081619164e-01 -3.865715631236515404e-01 2.436028702083504471e-01 -1.362025813813375175e+00 1.077421714088604154e-01 9.460757768150751534e-01 -1.685927973698254867e+00 -9.394278512832532346e-03 -2.000619080486038814e-01 4.416079440678696844e-01 -1.706924624925701739e+00 3.129064477596698035e-01 9.064604997049099389e-01 -1.119545739625695591e+00
-1.641744319284615949e-01 -3.915235800022291990e-01 2.809440949128269027e-01 -1.373573713870219315e+00 1.237289629609978070e-01 8.824148273874652393e-01 -1.771824528227014195e+00 -3.901665224161271917e-03 -2.697453331970885992e-01 3.698576386968363550e-01 -1.663133493182438194e+00 2.875120640294576146e-01 9.146301109874052093e-01 -1.052824609316368232e+00
-1.669049023206978233e-01 -3.964186837259496277e-01 3.170688502997531244e-01 -1.383380353095485127e+00 1.444401143302948276e-01 7.847956620962962537e-01 -1.836031104058662766e+00 -3.026893395217959172e-03 -3.391005367984128993e-01 3.102257646359631860e-01 -1.613363255685640540e+00 2.675914310794037521e-01 9.196731882715150075e-01 -9.873081793362245007e-01
-1.364539355231897400e-01 -3.793623497608346606e-01 3.523407943946725851e-01 -1.398138985626643738e+00 2.046747606397331387e-01 6.656938939474589256e-01 -1.873415516338813536e+00 -5.426322754298943535e-03 -4.061690912436444756e-01 2.624329730770703084e-01 -1.560339550224957739e+00 2.525059848892241554e-01 9.218683317837017555e-01 -9.223864087140730694e-01
-1.007830234798569174e-01 -3.424421620707586711e-01 3.899325020648715112e-01 -1.415880269825272597e+00 2.591286665371335673e-01 5.307339871459471059e-01 -1.853025740239990782e+00 -1.313942836812878948e-02 -4.672285355498250747e-01 2.264483554235046381e-01 -1.510894167839758717e+00 2.455373834188359083e-01 9.480238409547578904e-01 -9.200000000000000400e-01
-9.059527728600351437e-02 -2.691526307795440998e-01 4.202638388191664021e-01 -1.428652644139937422e+00 2.810776239832900592e-01 3.645172406824904177e-01 -1.770984561914866529e+00 -1.761861637589371213e-02 -5.893803699016585407e-01 2.077472646299157177e-01 -1.405456107857880221e+00 2.351801664333658115e-01 9.832326897001596455e-01 -9.200000000000000400e-01
-3.854427242688639871e-02 -2.138648525869352168e-01 4.476373912977911762e-01 -1.433872297481309399e+00 3.245096288909237181e-01 2.235932177603924820e-01 -1.666251820561360564e+00 -5.338137867985782818e-03 -6.043761646201107895e-01 2.152496931353170828e-01 -1.302800556666926957e+00 2.327608088777219919e-01 1.017275252213885706e+00 -9.200000000000000400e-01
2.217965459319696034e-02 -1.475929100981517583e-01 4.672291647017374205e-01 -1.428381040116332379e+00 3.541342839438139101e-01 9.225793627355172166e-02 -1.527475460298955090e+00 -1.452545001416332034e-02 -6.336563231488919756e-01 2.172413202555270595e-01 -1.246545010094047390e+00 2.405244697069256199e-01 1.038636774547305963e+00 -9.200000000000000400e-01
7.709354430013115600e-02 -8.175477777007647551e-02 4.809807760152650657e-01 -1.413099728968430391e+00 3.596127619431975231e-01 -3.230571990580633629e-02 -1.342099807792996646e+00 -1.729398492242020802e-02 -6.571389997155469009e-01 2.276144668489790135e-01 -1.187029035502776164e+00 2.550514580034635714e-01 1.071843083312991274e+00 -9.200000000000000400e-01
1.208908578861229710e-01 -2.215040040752616970e-02 4.938876545579264365e-01 -1.396098675308554027e+00 3.561778460202240648e-01 -1.419518304793759012e-01 -1.170036307674807041e+00 -8.736430535853207183e-03 -6.719865180030071272e-01 2.488059818979228843e-01 -1.119277871009199732e+00 2.674569878103096321e-01 1.119739762377013781e+00 -9.200000000000000400e-01
1.539845544701975988e-01 3.072296168912742528e-02 5.094750711094508944e-01 -1.382562338240392874e+00 3.511807733160502432e-01 -2.299400566713825089e-01 -1.033323347089256439e+00 -3.894998828952563486e-03 -6.878559250331902630e-01 2.776190616791362475e-01 -1.076526752234263862e+00 3.061557845248032428e-01 1.143080637815031553e+00 -9.200000000000000400e-01
1.711130496897052267e-01 7.208603045930736530e-02 5.324344779243039838e-01 -1.376125542177548455e+00 3.430367777667603923e-01 -2.666644778376737746e-01 -9.369389551564061280e-01 -4.725662806744340000e-03 -7.055578183087279909e-01 3.140266178065452829e-01 -1.063715549927415793e+00 2.939265826820530725e-01 1.163565676150304373e+00 -9.200000000000000400e-01
2.185647705909025684e-01 3.408742225563661694e-03 6.394007860856592007e-01 -1.451398619158772441e+00 3.549892799179269476e-01 -2.196274495964357365e-01 -9.630260514907430514e-01 -3.605580289381848935e-03 -6.143957525626095872e-01 3.813128424055041155e-01 -1.219918096216915160e+00 2.851933121558035134e-01 1.149838032042264313e+00 -9.200000000000000400e-01
2.043122412157838130e-01 -7.938013837504783246e-03 6.961178985637357375e-01 -1.471247990316160603e+00 3.565752433729438842e-01 -1.812703004811731800e-01 -1.010561974258782136e+00 -1.283342157353442765e-02 -6.208267176166700763e-01 4.270147642072112393e-01 -1.265424851241619519e+00 2.672549655136434721e-01 1.154325370754698321e+00 -9.200000000000000400e-01
1.917959089534093386e-01 -2.037809862618585044e-02 7.476208579592341641e-01 -1.486016076416073917e+00 3.610974035231001578e-01 -1.337587681831606257e-01 -1.078409906506734961e+00 -2.651439575046661556e-03 -6.122818996477401576e-01 4.726444749982609550e-01 -1.265491169242804803e+00 2.586778571610256483e-01 1.220093543184305629e+00 -1.067123423475966559e+00
1.796775458722200125e-01 -3.440719452996598982e-02 7.935298004261470695e-01 -1.496581177370759130e+00 3.624037957487066808e-01 -8.813362955860619408e-02 -1.125787752441978595e+00 -1.671684045282553852e-03 -6.059543371620644825e-01 5.132933995498700774e-01 -1.281063800938910813e+00 2.411588833644907892e-01 1.274264940974631610e+00 -1.233411847577963627e+00
1.633831781769318481e-01 -5.205660942979050548e-02 8.359676928153840780e-01 -1.504964908294423864e+00 3.605099329389922502e-01 -4.571870651387111711e-02 -1.164186768039340736e+00 4.735711697456918695e-03 -5.970148144043356808e-01 5.517968220152507097e-01 -1.279108590964961989e+00 2.144770477501469208e-01 1.304007882905809268e+00 -1.371201175957239338e+00
1.683612190448173784e-01 -4.694786916300581342e-02 8.583835349557432659e-01 -1.506674462559469907e+00 3.663187857900743749e-01 -5.595855120586508934e-03 -1.198862487889112982e+00 -5.741456262180678243e-04 -5.926368007266136217e-01 5.880447650315431263e-01 -1.301258163258669276e+00 1.814424119228059407e-01 1.300242725291074652e+00 -1.484977658646109644e+00
1.684453949944444973e-01 -5.563516777738540531e-02 8.774777753559379612e-01 -1.519377511496998734e+00 3.698063744199183156e-01 3.506773870056330983e-02 -1.228391758561247160e+00 9.824307169548702340e-03 -5.769583070323549556e-01 6.234765670447959263e-01 -1.289342145479929203e+00 1.446070858510867529e-01 1.266440476302847840e+00 -1.548796405245546959e+00
1.644120168248618674e-01 -7.809614700311766355e-02 8.958851014540911706e-01 -1.537977643101775094e+00 3.714456175509139868e-01 7.662352046011960960e-02 -1.256102672007154863e+00 -8.874406895217817133e-05 -5.641994492376406489e-01 6.585746419283567965e-01 -1.325533216380631707e+00 1.073757173171264179e-01 1.202449903997628633e+00 -1.629105887710357026e+00
1.662044434808361559e-01 -9.044088155658487616e-02 9.010793164123432897e-01 -1.553494924878612959e+00 3.761424797309396162e-01 1.195333721308903807e-01 -1.283320011162761398e+00 5.822921385385345164e-03 -5.386392858740096656e-01 6.921152193614265036e-01 -1.326442874005989925e+00 7.525686275280757398e-02 1.098383774536994428e+00 -1.642048118509776833e+00
1.578270493992236789e-01 -1.033442549507255920e-01 8.972400425881845720e-01 -1.564920916989348765e+00 3.754295857547881865e-01 1.616353878013740697e-01 -1.307574179738375753e+00 4.696282954431577582e-03 -5.129237444070591234e-01 7.240357221522683018e-01 -1.339097486182428298e+00 -3.547155958434141700e-03 9.752968928153420425e-01 -1.605809865480222864e+00
1.514174294015242228e-01 -1.168720007953832352e-01 8.706439491178262768e-01 -1.580022664041523583e+00 3.745365680992824853e-01 2.013319510102356824e-01 -1.324133490547047654e+00 6.590264123747523704e-03 -4.857936985243673234e-01 7.528674488982201041e-01 -1.338153348649566032e+00 -6.918845320767762208e-02 8.978100941807700686e-01 -1.588331003550668807e+00
1.408495008575848806e-01 -1.379750896268792937e-01 8.304247213800798333e-01 -1.604894080390379729e+00 3.698871155590206516e-01 2.369593825853885949e-01 -1.332536413608212733e+00 -3.153772279554793809e-03 -4.539478435430340797e-01 7.802241691161420079e-01 -1.363496292622818240e+00 -1.177775121856440982e-01 8.248069090685434812e-01 -1.575502777247715258e+00
1.312425523377820091e-01 -1.594772585751723093e-01 7.805966046377460499e-01 -1.638463289319336713e+00 3.651042418562490677e-01 2.700494659308170231e-01 -1.337474304645224432e+00 -1.102835280362605020e-03 -4.109786798303134425e-01 8.049668209659411877e-01 -1.360423432910579100e+00 -1.405412807051478474e-01 7.420241381533558833e-01 -1.495430741141186015e+00
1.179217627673056490e-01 -1.851402069447351528e-01 7.190775953515816665e-01 -1.665790134666899514e+00 3.575900808304762202e-01 3.013477404706251805e-01 -1.341473222773246432e+00 1.425236478962922789e-03 -3.711554474813879567e-01 8.278777115355905325e-01 -1.348818070057061558e+00 -1.184090018499483893e-01 7.094264744919377419e-01 -1.483439726641373912e+00
9.492511191827307515e-02 -1.799967284238344623e-01 6.394619958391845049e-01 -1.672042337232012565e+00 3.431139636967237005e-01 3.307566292002855901e-01 -1.345319188860708337e+00 -3.504704242242629580e-03 -3.377426209274340674e-01 8.500391983156982967e-01 -1.347452962112125396e+00 -1.316965312547180023e-01 6.594424434435933735e-01 -1.480173183647743196e+00
6.018708390632998562e-02 -1.675053642645635277e-01 5.490269908651693731e-01 -1.657029124522833685e+00 3.198197060850717088e-01 3.583423790120062735e-01 -1.350820618991471322e+00 -9.609132916859159605e-04 -3.075931246183916667e-01 8.707300355549469906e-01 -1.326664899557677968e+00 -1.490249929800641915e-01 6.159479670801314422e-01 -1.397835210680928864e+00
1.281388745225773250e-02 -1.552399155377780782e-01 4.541828772843645723e-01 -1.620148601402506827e+00 2.861269223103498627e-01 3.828943086582655142e-01 -1.356715524329908718e+00 -3.284687163653774236e-03 -2.816403466720243109e-01 8.912031938498892192e-01 -1.314958634595338793e+00 -1.400757548902974992e-01 6.036651266551149586e-01 -1.353373404623771981e+00
-4.009294271680649557e-02 -1.403801711045005451e-01 3.647471141385917326e-01 -1.566947046860466264e+00 2.461718248493112438e-01 4.032384342590339954e-01 -1.359455958500133343e+00 3.654755007528732828e-03 -2.563878574562244994e-01 9.082178028370905265e-01 -1.279688756748794454e+00 -1.167047716406756086e-01 6.065486055436279944e-01 -1.302731416862671132e+00
-9.835945871767762250e-02 -1.233464415209391540e-01 2.849655180870667714e-01 -1.505308209134131214e+00 1.995958436187079688e-01 4.176772258084531231e-01 -1.355242544013111505e+00 1.820599829652510377e-04 -2.328636174949213766e-01 9.262921642566274150e-01 -1.265753478638507179e+00 -8.594618136864813629e-02 6.140170855189606147e-01 -1.277200410668514197e+00
-1.561774619076155279e-01 -9.980714820444644420e-02 2.157351663186135027e-01 -1.446734850544522777e+00 1.508939772646194777e-01 4.274958616640132658e-01 -1.344844349304679998e+00 9.082295198627358263e-03 -2.071908319521824360e-01 9.412952277149290170e-01 -1.221234577816479705e+00 -5.103567224657254431e-02 6.320239630896705707e-01 -1.255326525217122180e+00
-2.154883776168818599e-01 -8.153941598272551605e-02 1.566958096958011304e-01 -1.394443791982720615e+00 9.882043447821757531e-02 4.308064299531664254e-01 -1.326245837871080413e+00 8.314271422762167102e-03 -1.851706809567167655e-01 9.582971812259176714e-01 -1.198959308666908807e+00 -1.369026187390081153e-02 6.631739296284190344e-01 -1.292561847156667554e+00
-2.696718933404790297e-01 -6.010046472000653978e-02 1.067434485307276054e-01 -1.343194849105612931e+00 4.910498408549240912e-02 4.302832009725467977e-01 -1.302438710389659748e+00 7.901513056132909718e-03 -1.681361787445434797e-01 9.747013119209230192e-01 -1.179018273143105366e+00 2.380545363117662558e-02 6.936840098677204969e-01 -1.330825306331884672e+00
-3.047363139503170837e-01 -4.431297901606309764e-02 6.834878110712985788e-02 -1.289385398617582945e+00 1.342613567954021279e-02 4.363617398700487260e-01 -1.285215806779482772e+00 1.183922769866712276e-03 -1.535187563995653592e-01 9.930810856521343766e-01 -1.176389111085650807e+00 6.082819896096971352e-02 7.200469360278501929e-01 -1.374127659339324570e+00
-3.299153697154669218e-01 -3.794325822300076423e-02 4.253498892919869295e-02 -1.250698794625784593e+00 -1.512167079895860612e-02 4.460970421526230245e-01 -1.272325829840579958e+00 -2.028809741105376194e-03 -1.409056336099379914e-01 1.010024948578112536e+00 -1.173310278615101065e+00 1.002134445992577394e-01 7.459670511011083915e-01 -1.405838729258328312e+00
-3.433290293014069627e-01 -3.659327059807108290e-02 3.099020187372367174e-02 -1.225652838643246367e+00 -3.409611650178089037e-02 4.612949265009768651e-01 -1.268009301726304994e+00 -1.823059848181969892e-03 -1.318536233879570030e-01 1.026924199809555072e+00 -1.175761362541881683e+00 1.407309341290405580e-01 7.701085185781155751e-01 -1.422850575755516989e+00
-3.464510420111507893e-01 -3.274314215302447095e-02 4.110671502012199635e-02 -1.210320565203459431e+00 -4.410155023008668906e-02 4.809254917484169778e-01 -1.269589810217395476e+00 3.839989401823807116e-04 -1.302767600211026111e-01 1.048843339890013659e+00 -1.196971090552153338e+00 1.578140844511700946e-01 7.925942160765021560e-01 -1.420398301282932874e+00
-3.394685951885056951e-01 -3.465851215809587910e-02 7.137859136973859209e-02 -1.207213840721449660e+00 -4.608160960118091315e-02 5.113130207614869915e-01 -1.283012148926909068e+00 2.955312370059695430e-03 -1.392803508843184213e-01 1.077653082282264307e+00 -1.245986283835831765e+00 1.744354796669429497e-01 8.150109988247766779e-01 -1.415347159845056435e+00
-3.058713911770486460e-01 -4.319708811981140539e-02 1.060776291306295416e-01 -1.215610638923321218e+00 -5.471315416317740904e-02 5.451923461816829963e-01 -1.298764870021241968e+00 3.288824063116993924e-03 -1.597691697122579080e-01 1.108793426756719214e+00 -1.323709442930478097e+00 1.914977208245653706e-01 8.385923745205832169e-01 -1.416528149298762917e+00
-2.624883215274230186e-01 -5.283970324688759546e-02 1.450210027769349430e-01 -1.239623386639332470e+00 -6.943064908024899895e-02 5.794293014314197965e-01 -1.315861346274498800e+00 -1.713575601604750559e-03 -1.954782746185599884e-01 1.134358703006808078e+00 -1.435888119552501285e+00 2.057662056312126175e-01 8.660462519377324364e-01 -1.433303557661910865e+00
-2.263146840966562823e-01 -6.429249317296807653e-02 1.883942670981549328e-01 -1.269155526655429744e+00 -8.349890777348743798e-02 6.129016110068128409e-01 -1.337447560038301342e+00 -1.957055401866146776e-03 -2.409866085373991718e-01 1.141831697015350811e+00 -1.550873782773088072e+00 2.146908201699105345e-01 8.981796549244039918e-01 -1.446280871115281252e+00
-1.940598827528048353e-01 -7.335050026926767663e-02 2.314018726138156457e-01 -1.301750342167688812e+00 -8.532734467581895577e-02 6.516981157261023672e-01 -1.374335889734952243e+00 -2.669318142880008991e-03 -2.944371550536986626e-01 1.126186269822561092e+00 -1.658757381143817655e+00 2.175841389626085032e-01 9.344159709627574140e-01 -1.460107772757723188e+00
-1.835554649919964865e-01 -8.778786255411739903e-02 2.776406607458564157e-01 -1.344305041202504158e+00 -8.257674265766586086e-02 6.817995631028335168e-01 -1.419937507750089756e+00 -7.592430366764043453e-03 -3.599326519045460970e-01 1.082360740444469505e+00 -1.749063549538337758e+00 2.128485380963733298e-01 9.714879563160255804e-01 -1.471426952193576776e+00
-1.889401364327812638e-01 -1.000004659701439064e-01 3.232855999848879835e-01 -1.383669984875677050e+00 -5.135061996213400454e-02 7.133352739381226826e-01 -1.490852417973394628e+00 -1.152442865085616906e-03 -4.366585739822178569e-01 1.006039077202464993e+00 -1.782531285744791916e+00 1.995721849006560356e-01 1.003401579630846419e+00 -1.440284537279282073e+00
-2.123797431766274169e-01 -1.208700797206003763e-01 3.749278861327556833e-01 -1.423074262644031585e+00 -8.077531931776934029e-03 7.277718792691205696e-01 -1.573331309751723417e+00 2.904479537705368389e-05 -5.215139551823766428e-01 9.062284349187735844e-01 -1.784581681019519861e+00 1.874840239433490374e-01 1.031069124959528738e+00 -1.405120632555240556e+00
-2.211280886168556226e-01 -1.297568091835754056e-01 4.192525107822335784e-01 -1.449959856264689595e+00 6.914969691668587659e-02 7.234478497288446830e-01 -1.669144885594638250e+00 2.736344257788853127e-03 -5.719993303778464488e-01 7.801480621929853809e-01 -1.748648902013514306e+00 1.756923737431255461e-01 1.052772407876418681e+00 -1.351285588965464246e+00
-2.134519443574962871e-01 -1.245657333717431342e-01 4.538925640311791132e-01 -1.462056199597671968e+00 9.954258199629389958e-02 6.465716320736214495e-01 -1.707591711858365668e+00 6.195797270642872112e-03 -6.257405988570304833e-01 6.642544088723189022e-01 -1.690951291350959673e+00 1.669418081845290558e-01 1.057626869269813419e+00 -1.266556040641568348e+00
-1.894339002295919727e-01 -1.039885542494215359e-01 4.801117784237992625e-01 -1.461866482719605287e+00 1.458779426987110439e-01 5.403045481718155019e-01 -1.697710279608745321e+00 3.242132854163771397e-03 -6.810225378260679197e-01 5.540600125892900518e-01 -1.631844196831399918e+00 1.638385195533894334e-01 1.040738513554038569e+00 -1.157914023335844256e+00
-1.629942576201153792e-01 -8.063821392021697232e-02 5.044615892964529058e-01 -1.455706179889726615e+00 1.897844725174831770e-01 4.064899707631958181e-01 -1.640210994937190581e+00 3.529933585186983795e-03 -7.246301251318596481e-01 4.569552419404233068e-01 -1.552256597875630195e+00 1.673939044510940888e-01 1.051641637619011638e+00 -1.104761740930024549e+00
-1.179104487553412905e-01 -4.260836167394677770e-02 5.190411977470162919e-01 -1.437176963148575348e+00 2.399464024811605312e-01 2.611878050762882486e-01 -1.548070120374620329e+00 7.783437206383060636e-03 -7.530549109271433839e-01 3.681342415338899055e-01 -1.456136704376319368e+00 1.767717175776699623e-01 1.091371339454656475e+00 -1.106282315977351161e+00
-5.370081599089775171e-02 1.056662074244260965e-02 5.199532074121081537e-01 -1.402568210351204048e+00 2.900179914997629838e-01 1.160553099836964114e-01 -1.439472947971362382e+00 9.366005957274381455e-03 -7.730077963383595874e-01 2.928508991228842562e-01 -1.372944129220421194e+00 1.891154409771502454e-01 1.125224708019562536e+00 -1.106985831380391527e+00
-4.415446870071788876e-03 4.981039633934416372e-02 5.270799701345249000e-01 -1.371582719604916178e+00 3.156883885548351087e-01 -2.480731872418166784e-02 -1.299557500771233665e+00 5.770005480120945530e-03 -7.850000000000000311e-01 2.359960193421944963e-01 -1.310830883521937329e+00 2.030195139567266271e-01 1.140239525395122966e+00 -1.081616513606524110e+00
3.841797926939271440e-02 8.250332245299893397e-02 5.355364700677809342e-01 -1.342195400001031214e+00 3.257189742115038089e-01 -1.502274725761995611e-01 -1.139108663205800509e+00 4.926183012196866558e-03 -7.823990320241643870e-01 2.029341918827239910e-01 -1.250365056602676717e+00 2.141566149532648788e-01 1.109329027905501475e+00 -9.740304811875484248e-01
8.198412905088264813e-02 1.173910222033220374e-01 5.399014145573526324e-01 -1.307925734859130884e+00 3.274722598116845407e-01 -2.684040184436549126e-01 -9.618215216585991323e-01 -1.347981623087786233e-02 -7.819468894227081801e-01 1.812319748782453277e-01 -1.219496128370917365e+00 2.199858845285406206e-01 1.043377403046416019e+00 -9.200000000000000400e-01
1.067028028381349219e-01 1.380143116436320927e-01 5.617884781306017317e-01 -1.286792974923516519e+00 3.303308407673412606e-01 -3.131539352981065338e-01 -9.200000000000000400e-01 -1.255672839715357009e-02 -7.543870677146004011e-01 1.799733401091005158e-01 -1.157912242894140409e+00 2.285069751951827599e-01 1.048937598784345449e+00 -9.200000000000000400e-01
1.095644514257812507e-01 1.390920976295588196e-01 6.064477473172188438e-01 -1.287899138894204931e+00 3.320352637400244555e-01 -3.142838913324155214e-01 -9.200000000000000400e-01 -1.017480939429752859e-02 -7.293723119535852062e-01 1.929369927086352354e-01 -1.114200495336127528e+00 2.425895154768611395e-01 1.070337674626485658e+00 -9.200000000000000400e-01
1.064996615391981816e-01 1.333523549319854951e-01 6.599507769567097837e-01 -1.300445139663166882e+00 3.174305512880149505e-01 -3.038221530137427129e-01 -9.200000000000000400e-01 -8.929707903941772398e-03 -7.095019954327087541e-01 2.212694540933324572e-01 -1.101515781287050411e+00 2.717059013660472755e-01 1.098314505997570079e+00 -9.200000000000000400e-01
9.895818391692685900e-02 1.214030605576447430e-01 7.206916753968487521e-01 -1.328441486039098729e+00 3.227971527248739703e-01 -2.759746802208779548e-01 -9.200000000000000400e-01 -1.034802055579318869e-02 -6.963475404357771792e-01 2.573076374019419577e-01 -1.116677372924429035e+00 2.895352918628106842e-01 1.126219143394243227e+00 -9.200000000000000400e-01
1.130619307605171958e-01 1.296531199379368227e-01 7.625016725364627268e-01 -1.350735124522897124e+00 3.257463428493440616e-01 -2.333129389496714501e-01 -9.379135555063524698e-01 -5.131257152984556626e-03 -6.789536802603538534e-01 3.006225880358077696e-01 -1.135458818042262230e+00 3.070019600883182043e-01 1.143395498177826930e+00 -9.200000000000000400e-01
1.168994978635563009e-01 1.252110130534188348e-01 8.118778348643082010e-01 -1.391156454612157534e+00 3.356664468714699034e-01 -1.542263445266479072e-01 -1.054241800153409292e+00 -2.829483134347862954e-03 -6.637570893836605146e-01 3.492017609803316214e-01 -1.174765216208316643e+00 3.060484180806912757e-01 1.179343790163290606e+00 -9.200000000000000400e-01
1.300998833602532712e-01 1.285104564841960395e-01 8.461382512769689557e-01 -1.433743776563426220e+00 3.478299918316615780e-01 -8.271967076750645631e-02 -1.145579264980692402e+00 -8.130516523513721047e-03 -6.502798543175188906e-01 4.016602226701788125e-01 -1.245125448192688777e+00 3.320424110879207635e-01 1.209637616009950012e+00 -9.200000000000000400e-01
1.392989508977512669e-01 1.233016671604159620e-01 8.738106975409515309e-01 -1.490971668720607157e+00 3.598494569340633387e-01 -1.476212549170457904e-02 -1.227442146804160084e+00 -1.354806500207618447e-02 -6.345346063262627956e-01 4.578099683034604905e-01 -1.323047910483705847e+00 3.299815174478211155e-01 1.207159317582512381e+00 -9.200000000000000400e-01
1.504523405417862447e-01 1.161115841958995504e-01 8.836722987866825196e-01 -1.555043263656071151e+00 3.745327165211976284e-01 5.233559415175625951e-02 -1.305761928508861525e+00 -5.848214097391449089e-03 -6.075776994613785176e-01 5.164282557704501508e-01 -1.373871523776176495e+00 3.108566571643451848e-01 1.217837193242102378e+00 -9.200000000000000400e-01
1.587328800447523613e-01 1.052155512528423348e-01 8.783917051369695139e-01 -1.620408599059996790e+00 3.895176311324045071e-01 1.189479296688599474e-01 -1.379492139302022968e+00 -5.897297021280571185e-03 -5.792502643343161450e-01 5.733931265498058982e-01 -1.438815921161629596e+00 2.979300798245605453e-01 1.274762001973352765e+00 -1.091772722664916540e+00
1.594604463194424782e-01 8.549240061852060590e-02 8.623943463570538093e-01 -1.686710320922461870e+00 4.009925396821993893e-01 1.833584289154507052e-01 -1.445197804393240748e+00 -4.558423094827234422e-03 -5.449544489302904360e-01 6.293929174507005841e-01 -1.493711450941744845e+00 2.802423798477126637e-01 1.297130426677886250e+00 -1.252783527831554222e+00
1.619865095306665115e-01 7.169918727383174650e-02 8.257923225345473739e-01 -1.743982859518807382e+00 4.126303516145827799e-01 2.437284412100534647e-01 -1.499291322287629624e+00 7.975295737276302810e-03 -5.028297816781923668e-01 6.844848597003222457e-01 -1.513295090492840833e+00 2.567890033337309474e-01 1.261120967869590714e+00 -1.343531880307062387e+00
1.465371236315319847e-01 3.380114148955969816e-02 7.878330019139755391e-01 -1.798940033398497507e+00 4.112576462982857062e-01 2.989801830657146109e-01 -1.542531371187743749e+00 3.278509971266014428e-03 -4.655779252792933143e-01 7.329401825496134615e-01 -1.554769463998409762e+00 2.085757717412754786e-01 1.181231657123543055e+00 -1.414274494337643739e+00
1.175460981569777102e-01 -1.775923875858345310e-02 7.354359278649279519e-01 -1.824828318354927870e+00 3.970761912756350376e-01 3.482612300438849284e-01 -1.573345981892281253e+00 6.503962803500540693e-03 -4.247518210288824814e-01 7.768867768934668572e-01 -1.563765349545441552e+00 1.601333844443478538e-01 1.098707855355295138e+00 -1.484553828040974688e+00
8.318873869960763390e-02 -6.626923747085738947e-02 6.721027014735379002e-01 -1.824640540775534614e+00 3.746636198025163345e-01 3.919947720523004886e-01 -1.591258265562393026e+00 5.804417161635097751e-03 -3.860742120775520481e-01 8.146866085927395584e-01 -1.566069941053591874e+00 1.052184626365592623e-01 1.010703969682458903e+00 -1.552195890910144538e+00
3.066455551003944430e-02 -1.196099147993089085e-01 5.984293493945291864e-01 -1.808648257694482897e+00 3.340223831412171274e-01 4.272250959682879490e-01 -1.596009405855158825e+00 4.995074485501392082e-03 -3.497621593012029129e-01 8.476796432562359040e-01 -1.556709179267691923e+00 4.286065941066188184e-02 9.074099073061374643e-01 -1.591782607006303696e+00
-1.513832153843358390e-02 -1.463525582148007542e-01 5.073267288314591283e-01 -1.762985808309832425e+00 2.940963064134344829e-01 4.565602895065016265e-01 -1.586601396349110349e+00 1.936691993783427933e-04 -3.176981786142914488e-01 8.763121456609996862e-01 -1.546249616890996936e+00 -9.091850897606784318e-03 7.948942608549545152e-01 -1.613606292104785567e+00
-5.925328802695121327e-02 -1.539289856963981795e-01 4.130821444601655568e-01 -1.694875794280845227e+00 2.527553408985683814e-01 4.791879916843683751e-01 -1.567204387741035099e+00 8.867134109674313508e-03 -2.876100251726768642e-01 9.008677677468304168e-01 -1.501173854836163724e+00 -4.122594471878058414e-02 6.893816530984653301e-01 -1.589092082137267603e+00
-1.072859620527156915e-01 -1.547880363319555919e-01 3.181223436299026597e-01 -1.621537282082358145e+00 2.065580976164680116e-01 4.950826106806425209e-01 -1.542201817443175527e+00 4.815561915261346200e-03 -2.649384688612250183e-01 9.215695265200861686e-01 -1.475994550188545640e+00 -5.169045182150453638e-02 5.777621287860756905e-01 -1.564394551145939394e+00
-1.632801311166527103e-01 -1.504907590070068413e-01 2.338950789418755560e-01 -1.540933545491005363e+00 1.522968916436916176e-01 5.022888808531147387e-01 -1.510887420146802551e+00 6.753626365750832819e-03 -2.390840818934140410e-01 9.385180116063580602e-01 -1.434206047613596491e+00 -1.782203989868226882e-02 5.018702035994467847e-01 -1.517597163663401361e+00
-2.249529958851247402e-01 -1.392583629292475644e-01 1.585798932913057846e-01 -1.461470442145152315e+00 9.214079264622768162e-02 5.004429794883800131e-01 -1.473351319015147265e+00 6.699856106531214966e-03 -2.063261958393992346e-01 9.530171674239183988e-01 -1.393357551110435244e+00 5.847480446053780062e-02 4.926985846766621657e-01 -1.629666837012192060e+00
-2.814856615376429283e-01 -1.258397821998067934e-01 8.882085615443865989e-02 -1.385999169127583919e+00 3.513386644895133415e-02 4.935457814661438070e-01 -1.426901008720897979e+00 2.314378268242887286e-03 -1.787956786550698451e-01 9.671870811333513895e-01 -1.359827958224806732e+00 7.085054393715529975e-02 4.572290640831149777e-01 -1.581966709851668096e+00
-3.175603157516639907e-01 -9.994467870332143788e-02 3.171964374309133028e-02 -1.311249984335701946e+00 -5.223765243026069760e-03 4.943286240492952288e-01 -1.386650138919584663e+00 6.593178519889823785e-03 -1.536930744127374959e-01 9.796739114432170270e-01 -1.306183949474167827e+00 8.239010981927769040e-02 4.449760063433375601e-01 -1.510317180909720003e+00
-3.438557589677779247e-01 -8.082095372026103230e-02 -7.622771672293727173e-03 -1.259926594250108778e+00 -3.777196048006150469e-02 4.993575743907648912e-01 -1.352479024850220535e+00 6.310322751120632425e-04 -1.327061841625759575e-01 9.943060247689421427e-01 -1.273133039343217643e+00 9.881692687173995737e-02 4.544419398521137299e-01 -1.485987788870747783e+00
-3.499326475188018759e-01 -7.126377991873637796e-02 -2.613690641440889403e-02 -1.231766108406084248e+00 -5.308887411232051518e-02 5.177649448467052107e-01 -1.333967852371445995e+00 -1.808032959006102610e-03 -1.141521665965148091e-01 1.008081519843126106e+00 -1.230623214690491185e+00 1.212756299776392432e-01 4.735374995288192390e-01 -1.455449080922778249e+00
-3.444003910405792901e-01 -6.914916503141592397e-02 -1.592522259600926207e-02 -1.224329514431949928e+00 -5.877024335244691172e-02 5.473685169595303712e-01 -1.327102254816981297e+00 -4.298768808835453162e-03 -9.894439501124917269e-02 1.021663438546611902e+00 -1.187380220946595566e+00 1.485067537334675003e-01 4.887799191214066141e-01 -1.439715466084972473e+00
-3.212827048784283601e-01 -6.756496200646842920e-02 1.159594105204115461e-02 -1.225527263227916386e+00 -7.208943739812451179e-02 5.763704629212074160e-01 -1.317182221824362287e+00 -5.147937397416393196e-03 -8.972826098595484967e-02 1.035336679421504869e+00 -1.145723898278012909e+00 1.812445040212098679e-01 5.109548532674582644e-01 -1.450117448314396817e+00
-2.807599267054254333e-01 -6.624643944632591097e-02 4.797047483730219886e-02 -1.241665443830102467e+00 -7.769877827302068551e-02 6.106450088200215953e-01 -1.320900162408490175e+00 -2.838045110830275490e-03 -8.699565924423938168e-02 1.050513497451786904e+00 -1.109884844190843101e+00 2.125779843305133365e-01 5.390009998292168980e-01 -1.457227591282219015e+00
-2.438004419769283226e-01 -7.255232434573875844e-02 9.313464730287371318e-02 -1.273230833913244098e+00 -7.995996418862418020e-02 6.470077128049157578e-01 -1.335406001536798781e+00 2.887689798177723709e-03 -9.194130302473207950e-02 1.066100045148965947e+00 -1.083956328664285929e+00 2.399824795981484182e-01 5.741835734614434417e-01 -1.462817331070765947e+00
-2.183409615517380442e-01 -8.358146601007619692e-02 1.409674319885354798e-01 -1.302357708058444086e+00 -8.295888870084353051e-02 6.789753742597778308e-01 -1.356423043362211756e+00 6.538793191660642427e-03 -1.024269999585297186e-01 1.085419144919378187e+00 -1.084390871896597552e+00 2.637556115041163052e-01 6.184052543777367461e-01 -1.487974586268921762e+00
-2.003290276435178430e-01 -9.538839523763284478e-02 1.885092242176853727e-01 -1.331150448824688359e+00 -8.239722867519533311e-02 7.079996348746222523e-01 -1.383415080232597072e+00 -7.534930958914139133e-05 -1.189751250474357647e-01 1.119205927710655191e+00 -1.145370264580897635e+00 2.833842973477037619e-01 6.610294104635003887e-01 -1.528994927474859544e+00
-1.916692717217584607e-01 -1.087768856587810057e-01 2.357892184691941784e-01 -1.362705195982179873e+00 -7.808211058210917654e-02 7.327865268732277615e-01 -1.420042977457191880e+00 4.516275937895897381e-03 -1.418577463494206103e-01 1.151185470771054042e+00 -1.209525950423323559e+00 2.917852513140160031e-01 7.024425590456307988e-01 -1.533590466776225014e+00
-1.954120946817491655e-01 -1.249706803713281217e-01 2.850884164158502543e-01 -1.399387407746248480e+00 -6.481233754469206687e-02 7.502103942518923985e-01 -1.472155533486913193e+00 8.023337920361354661e-06 -1.724804679485811287e-01 1.182532527817387047e+00 -1.311577819539673451e+00 2.920996662269804145e-01 7.400414439249998200e-01 -1.544012938942396884e+00
-2.032064086854220575e-01 -1.398877150319872698e-01 3.324098416745895346e-01 -1.434806184406458573e+00 -2.684170856143447068e-02 7.622219365803643010e-01 -1.544386881021999613e+00 4.773688621651055175e-03 -2.126607564422700047e-01 1.200257131527590948e+00 -1.416880988623069104e+00 2.846673116028162753e-01 7.760925698124110372e-01 -1.529615492151849221e+00
-2.127671984713067066e-01 -1.527611124403918663e-01 3.766357222718376696e-01 -1.464188868856144632e+00 3.666071357497143607e-02 7.620450139095258368e-01 -1.628400932182908267e+00 8.733814605256219610e-03 -2.597600387935126709e-01 1.200823822427152798e+00 -1.525145971784858334e+00 2.744768606562961732e-01 8.070702872966157848e-01 -1.509037652120907236e+00
-2.106627648820240672e-01 -1.551138135286726505e-01 4.128719505142290358e-01 -1.482966254675888607e+00 8.302788739426336662e-02 7.287028244992143078e-01 -1.691499638634837099e+00 -2.008845793092095403e-04 -3.099658074226799287e-01 1.178941151050677982e+00 -1.648519744546046217e+00 2.668088458821388786e-01 8.314853766318716088e-01 -1.506376345104655901e+00
-1.982800481723996644e-01 -1.474500022427636114e-01 4.416138102861876247e-01 -1.492620621702534400e+00 1.134276310835596185e-01 6.719902349951862863e-01 -1.727472792161847348e+00 8.535459699609960690e-03 -3.257574363580859611e-01 1.129051119135728420e+00 -1.722292202210004453e+00 2.543722161481410393e-01 8.503633748698624650e-01 -1.458499868842586089e+00
-1.736119570584029048e-01 -1.289897891149227316e-01 4.629612176296350468e-01 -1.493395697076525419e+00 1.558189533347643096e-01 5.958189830822006039e-01 -1.735863178965907361e+00 1.681632185906972504e-03 -3.466186015899158646e-01 1.053997753341860077e+00 -1.800822805855640807e+00 2.463826249487209574e-01 8.648583972944926535e-01 -1.437370287102620825e+00
-1.419023750430427055e-01 -1.036142445933879858e-01 4.792318499168137791e-01 -1.486333062224336254e+00 2.013019479215882035e-01 4.889338688493974350e-01 -1.702552411355233719e+00 5.108681067588095176e-03 -3.633118935498208524e-01 9.566065011651351258e-01 -1.831792370828127181e+00 2.386607138261522543e-01 8.733733072540372788e-01 -1.386388780283347000e+00
-1.056500497433919411e-01 -7.117945439181729006e-02 4.906828162017107808e-01 -1.472502728259527327e+00 2.432530737687529088e-01 3.507069173934799777e-01 -1.619883671855994134e+00 6.617581874427969253e-03 -3.853320767627551602e-01 8.362104339676881271e-01 -1.823386368171222793e+00 2.294952289794317812e-01 8.698101226268835084e-01 -1.322655983577793126e+00
-6.121082556389509377e-02 -2.947800858925853432e-02 4.926347375118737548e-01 -1.448143204780085735e+00 2.801830345796697541e-01 2.091467574439164478e-01 -1.507799274354614028e+00 2.720795517651292735e-03 -4.108950356141673477e-01 7.243532672768241421e-01 -1.815349587637565154e+00 2.066329096219970962e-01 8.517254990913207813e-01 -1.249497087695790043e+00
-2.066219880979525136e-02 1.060263359923383289e-02 4.925877402240011471e-01 -1.419957326005702791e+00 3.066638516557452787e-01 6.818544227231093657e-02 -1.386692882556910478e+00 -2.292502158003693544e-03 -4.365331300687865235e-01 6.074040929713886428e-01 -1.785398165976976426e+00 2.013001970163261767e-01 8.622093586696982781e-01 -1.222997488408770206e+00
1.363349173635746737e-02 4.666668551446401941e-02 4.929661638277644253e-01 -1.387838986344782866e+00 3.218464455841935634e-01 -7.390911439895865576e-02 -1.242950056828540539e+00 1.381502452083146473e-03 -4.581160654789305786e-01 5.072756765951013103e-01 -1.726219728878131132e+00 2.088457076048359506e-01 8.747600181989634294e-01 -1.181843929041092700e+00
5.057435030291989458e-02 8.685910057835175002e-02 4.881772466914076070e-01 -1.347656145802909045e+00 3.319972199473538721e-01 -2.106501765597837139e-01 -1.089294479160758167e+00 -1.274954488145589419e-02 -4.904162013506834783e-01 4.132519076016820669e-01 -1.694247877224644316e+00 2.189721757525260604e-01 9.169468262257286506e-01 -1.216819627162992301e+00
8.235885089390330982e-02 1.247576267427723401e-01 4.846247799736326800e-01 -1.308291783586047030e+00 3.327502059612120200e-01 -3.371029729871615199e-01 -9.200000000000000400e-01 -6.715141994946878133e-04 -5.056764231645728414e-01 3.538684682280909266e-01 -1.613163157449644114e+00 2.257841496690287941e-01 1.005692395581798904e+00 -1.279127887414590825e+00
9.641613051164386883e-02 1.499113464368521387e-01 4.939543245935699156e-01 -1.282135847711000309e+00 3.286709611889712113e-01 -3.668680033539203911e-01 -9.200000000000000400e-01 -4.676941570346279317e-03 -5.312671667297024225e-01 3.013593645906963991e-01 -1.561820099094286984e+00 2.230990318311590337e-01 1.024419374228414004e+00 -1.257675929518336400e+00
1.106114098387700473e-01 1.757954471946306663e-01 5.010508178960699777e-01 -1.252768859425871018e+00 3.448475808177777213e-01 -3.929257187054476796e-01 -9.200000000000000400e-01 4.267256599767607628e-03 -5.451557105502069511e-01 2.761848721907056436e-01 -1.492144013946794301e+00 2.193003470520787646e-01 1.030355517830585432e+00 -1.191223450588844823e+00
1.044864327232863516e-01 1.844432239659862804e-01 5.276560938833206871e-01 -1.243119542305191061e+00 3.334727611317297447e-01 -3.936706665422475271e-01 -9.200000000000000400e-01 1.306758590140846658e-03 -5.666671068199338190e-01 2.599062270936947083e-01 -1.453452239526383138e+00 2.179971504245477310e-01 1.041165583966728647e+00 -1.152989734305413627e+00
9.915162829382166698e-02 1.927233057975777930e-01 5.536825615895678565e-01 -1.234269233017905920e+00 3.342796771556776902e-01 -3.831960206371931021e-01 -9.200000000000000400e-01 5.269797757667919400e-03 -5.795413517318322993e-01 2.642998572628500464e-01 -1.409400529816355219e+00 2.195418923191407301e-01 1.059271773537001637e+00 -1.112227559886486139e+00
8.717350804513317175e-02 1.947963531648337632e-01 5.902042972391343678e-01 -1.232115632609100730e+00 3.318685645490617731e-01 -3.705028165947053531e-01 -9.200000000000000400e-01 1.257176830965072574e-07 -5.942779601615780782e-01 2.822581956372203771e-01 -1.391563959081272284e+00 2.232494570576732118e-01 1.074191462976923361e+00 -1.076414188074630962e+00
8.648287035665397360e-02 2.071105424657206373e-01 6.158249838258813558e-01 -1.218072140542833193e+00 3.253270988078932890e-01 -3.534547475213273282e-01 -9.200000000000000400e-01 6.945095910016386119e-03 -5.974835185289156803e-01 3.139393483752074276e-01 -1.354333069244568533e+00 2.231463620486874577e-01 1.039348496461382831e+00 -9.370272593109240100e-01
7.957208178606933746e-02 2.122354649165981433e-01 6.474296088746152034e-01 -1.212551794650656101e+00 3.298997983670970968e-01 -3.213255894087077569e-01 -9.200000000000000400e-01 -7.505567593790063441e-03 -6.143026075694512089e-01 3.367422263165664731e-01 -1.358640573451914468e+00 2.178745660078652280e-01 1.012552329966275977e+00 -9.200000000000000400e-01
7.878970048284346384e-02 2.208403020616983570e-01 6.721580186345811336e-01 -1.205754913009105200e+00 3.211030862148634979e-01 -2.905870598483275002e-01 -9.200000000000000400e-01 -1.343867431296915695e-02 -6.206432094024204593e-01 3.644221852224102665e-01 -1.346314612612996342e+00 2.265535388087934476e-01 1.024843300271359947e+00 -9.200000000000000400e-01
7.122549393940767748e-02 2.164950663015991206e-01 7.073670233328019918e-01 -1.219088813774083846e+00 3.163248612153579664e-01 -2.638305227306059764e-01 -9.200000000000000400e-01 -9.415136612141961417e-03 -6.174958600199406122e-01 3.997195767110784947e-01 -1.326208603787897511e+00 2.294765914770723336e-01 1.048398421744116682e+00 -9.200000000000000400e-01
7.286081046066655853e-02 2.099602900004208794e-01 7.340855589869550446e-01 -1.238908654926569541e+00 3.142918912054362135e-01 -2.226435595761275810e-01 -9.409052432198559135e-01 -1.919979535237762922e-02 -6.160531756259012282e-01 4.348200418471997453e-01 -1.347187367688267523e+00 2.373207499680546340e-01 1.062455321403567909e+00 -9.200000000000000400e-01
7.325304183097876287e-02 1.918804029439265812e-01 7.602725939147040313e-01 -1.274945449467502989e+00 3.166861984787984752e-01 -1.583504995968482154e-01 -1.015964204733676768e+00 -1.154096276418466877e-02 -6.006724557550939814e-01 4.759702029822567848e-01 -1.338994224267872291e+00 2.616769345471225416e-01 1.091774252907830922e+00 -9.200000000000000400e-01
7.598347108488263946e-02 1.672981855789642536e-01 7.791309696397025197e-01 -1.323076121533165450e+00 3.213193984559490346e-01 -9.441296128897444517e-02 -1.093237246760337511e+00 -1.477128817321937508e-02 -5.890625173852706009e-01 5.166612806141632763e-01 -1.360159597646818819e+00 2.652602880059081181e-01 1.106088553912578432e+00 -9.200000000000000400e-01
8.552072302342791921e-02 1.438235823796373825e-01 7.825217603994066851e-01 -1.375375616770667886e+00 3.292889565447405520e-01 -3.261096982762252267e-02 -1.165176572315517856e+00 -1.595744471916366383e-02 -5.742016616424280295e-01 5.571776606167134771e-01 -1.379557436938804171e+00 2.760014870581469215e-01 1.119009454874869913e+00 -9.200000000000000400e-01
9.507997983946070431e-02 1.172862479996834850e-01 7.748903118692043179e-01 -1.432916474454178246e+00 3.377657002907581418e-01 2.582580326720232758e-02 -1.227301890537524143e+00 -1.714429736294665815e-02 -5.571164157416998997e-01 5.972133073047575236e-01 -1.400947835745212089e+00 2.808031911080389187e-01 1.116918106311190595e+00 -9.200000000000000400e-01
1.045988449490320854e-01 9.059427846804525564e-02 7.567542411045943274e-01 -1.491147668424501749e+00 3.468055332897619913e-01 8.200725926866160587e-02 -1.281843245010322763e+00 -8.510623729396734130e-03 -5.340660359089794973e-01 6.386314064060721885e-01 -1.403032251613586689e+00 2.804515349406918046e-01 1.157742862316833099e+00 -9.200000000000000400e-01
1.171568071264802446e-01 7.197194001658649420e-02 7.245157341677032070e-01 -1.541493009451408325e+00 3.577947223257799680e-01 1.357925223401101888e-01 -1.328242189167678999e+00 6.983871480864581663e-03 -5.071008539294498130e-01 6.794671353099208666e-01 -1.389470996943344305e+00 2.610424382857611247e-01 1.158799055527552690e+00 -9.630805743713241052e-01
1.259013580127832099e-01 5.341233743389626337e-02 6.844067182759019374e-01 -1.589482566236501748e+00 3.673918521687802863e-01 1.861498906031591738e-01 -1.368071059120301136e+00 8.947018993271865089e-03 -4.845224907704175910e-01 7.186755241747901923e-01 -1.403462154744288259e+00 2.141053429228816918e-01 1.166693396245738645e+00 -1.087374493739387216e+00
1.394783095144496721e-01 -9.482064084609577448e-02 7.087643904207971968e-01 -1.698691041210036445e+00 3.824683520494318034e-01 2.568228429054016382e-01 -1.415277427929008125e+00 -8.321567211454423615e-03 -3.788890087617157176e-01 7.750494191629757612e-01 -1.489514170444259156e+00 2.051763635214070014e-01 1.132312221237876892e+00 -1.274868492352900562e+00
1.051051965106373082e-01 -1.040168628698755066e-01 6.329396502047228701e-01 -1.720928716402126746e+00 3.645401324371144725e-01 2.909375206538590830e-01 -1.440203145855021738e+00 3.833742910854907784e-03 -3.814327319551552020e-01 8.050183234994428005e-01 -1.460360029634758083e+00 1.621510358595884271e-01 1.085047955155528321e+00 -1.353227542003226480e+00
6.215475248149154169e-02 -1.174095988137091456e-01 5.468241840866988612e-01 -1.725274155685862842e+00 3.386276628638702491e-01 3.214331142690439180e-01 -1.461153766570537416e+00 2.286670182051025438e-04 -3.870898048128648128e-01 8.321244221963851606e-01 -1.461479846980778152e+00 1.054371606472209039e-01 1.031142959663772229e+00 -1.458693750789393784e+00
1.355593178004775405e-02 -1.305664072248535479e-01 4.550115853004061961e-01 -1.707131141903078575e+00 3.057877245293265656e-01 3.474556115407969048e-01 -1.474609323542111605e+00 5.212675426902201904e-03 -3.892778904874777401e-01 8.561131143579917557e-01 -1.439499669422606098e+00 2.808431238544772945e-02 9.629445482672297496e-01 -1.513051543731384285e+00
-4.079801095020474389e-02 -1.448524776545650761e-01 3.582866417387280955e-01 -1.666061788531621346e+00 2.654905555325402511e-01 3.666434262954362255e-01 -1.476608064564964184e+00 4.071775921553741004e-03 -3.916890027800917218e-01 8.767144368465890070e-01 -1.424996217215495076e+00 -4.686221150473963287e-02 8.764693741304102614e-01 -1.532785995835277193e+00
-9.422179632196767129e-02 -1.592079159060588722e-01 2.524827682237548165e-01 -1.594439149265814981e+00 2.229251592513742108e-01 3.806713990475749654e-01 -1.468160796288226377e+00 3.946774510097615304e-03 -3.925010900856008011e-01 8.943920376837725117e-01 -1.403396172912136475e+00 -1.042502883048919415e-01 7.816576203850422733e-01 -1.516865761682860025e+00
-1.528014337143892287e-01 -1.729332130189740746e-01 1.473728618455284467e-01 -1.510138991120031582e+00 1.742305973102195316e-01 3.875465395619264730e-01 -1.448849736103559493e+00 -2.247991467785407163e-03 -3.941932029291086437e-01 9.104414502550908228e-01 -1.390622842060253994e+00 -1.420456050782959168e-01 6.941560828755131141e-01 -1.508529125127635817e+00
-1.751613186126046995e-01 -2.400163468020519997e-01 8.533417484711797174e-02 -1.455026894160836859e+00 1.468202854559866044e-01 4.344699632839503778e-01 -1.447043405956984108e+00 4.797849820249237320e-03 -3.102462112348745582e-01 9.405518040246527711e-01 -1.351021759710033132e+00 -7.598990936847229913e-03 5.909378975831222069e-01 -1.630029609952011516e+00
-2.265886126125518374e-01 -2.398664823676773528e-01 4.512141138205669894e-03 -1.366521951984084549e+00 9.809680577577389871e-02 4.429651956701566307e-01 -1.421609550299981262e+00 4.572849641348231473e-05 -2.966179979507980735e-01 9.562416388667454026e-01 -1.326151002378820110e+00 1.049615990757056701e-02 5.174869717326874285e-01 -1.660941521056241044e+00
-2.715356474247891949e-01 -2.274596142713980196e-01 -6.418779377690567167e-02 -1.287135319558804225e+00 5.291913020659053807e-02 4.499905315964862762e-01 -1.393408142866251254e+00 4.382186303835460743e-04 -2.839081800408076450e-01 9.700484110222515888e-01 -1.287899738742439348e+00 2.480605300011859068e-02 4.645215724199167062e-01 -1.618181388274340327e+00
-3.096702137661018206e-01 -2.160634610601280814e-01 -1.137444824349170686e-01 -1.221414483495686154e+00 1.174531950659250638e-02 4.578400908253480450e-01 -1.365334891011158902e+00 1.145019122143383023e-03 -2.570882273429494491e-01 9.839819799587400384e-01 -1.246740898053455560e+00 2.961641515146517037e-02 4.252008623356493544e-01 -1.510151563517667883e+00
-3.278842026326183601e-01 -2.016864904671653025e-01 -1.461828077552087268e-01 -1.170198810225605124e+00 -1.421341103400628435e-02 4.768189111230551336e-01 -1.348602529702079611e+00 -6.395927361160241506e-03 -2.335640556153559810e-01 1.000134266370537706e+00 -1.220664896166441693e+00 -4.921909710048345127e-02 3.470419348699887996e-01 -1.280976333769224818e+00
-3.389683271756358529e-01 -1.881667839659927344e-01 -1.533522035751890833e-01 -1.146110031629162584e+00 -3.490267174191591382e-02 4.997146623144275712e-01 -1.335713540944437616e+00 -6.988866070467759928e-03 -2.122162879668023361e-01 1.013366240151471587e+00 -1.174861558053569288e+00 -3.880391781705411908e-02 3.344818600366923911e-01 -1.248171406644024151e+00
-3.367541160572425363e-01 -1.773767891482397330e-01 -1.369565888353348748e-01 -1.147391909044622293e+00 -4.421175794656217323e-02 5.318054192430987648e-01 -1.333143394696238548e+00 -5.451722141300101819e-03 -1.933029277938325963e-01 1.024720696210295490e+00 -1.122199032254264317e+00 -5.226599882272755897e-03 3.481166721276863218e-01 -1.248455594012727321e+00
-3.258170549190161358e-01 -1.727331996003522441e-01 -1.028707731151948523e-01 -1.163944499153550138e+00 -4.529035189437164571e-02 5.711375346417952859e-01 -1.339129952328502515e+00 -1.184035679201140374e-03 -1.788637200749002010e-01 1.034471735901099088e+00 -1.070221438754038967e+00 3.146284852916495650e-02 3.829801702303032296e-01 -1.272426435547888479e+00
-3.081063243932094520e-01 -1.752622844378365075e-01 -5.971439445773110005e-02 -1.185733189505391527e+00 -3.959681526366242571e-02 6.183406503401639442e-01 -1.352356877187549156e+00 4.224701646461728743e-03 -1.708122055775250225e-01 1.045251253004427117e+00 -1.024652915092008065e+00 6.168711152465378156e-02 4.227959558852344424e-01 -1.296661941006784557e+00
-2.879864992616804065e-01 -1.847719426547947408e-01 -1.009571239280773573e-02 -1.215203209863649381e+00 -3.010283263112079055e-02 6.679990262695512104e-01 -1.367409280429167984e+00 -1.269856785351716364e-03 -1.687706142211104487e-01 1.062637870800823947e+00 -1.017607880575711610e+00 8.766455305818264543e-02 4.625270453959411388e-01 -1.341815252371794998e+00
-2.642163099427832784e-01 -1.961155136786242315e-01 4.263154491015645753e-02 -1.256476523536671497e+00 -1.809147305783278398e-02 7.170563490970540688e-01 -1.384854918263900059e+00 9.409690236696760784e-04 -1.741390737721979221e-01 1.079071017342532413e+00 -1.012973122920036939e+00 1.081641954741758421e-01 5.045180778186335591e-01 -1.361892077279060587e+00
-2.341564168067712670e-01 -2.013392835495527444e-01 9.074689158456669680e-02 -1.291045322138958618e+00 -1.844063522776063016e-02 7.593946581179983335e-01 -1.397555161175524141e+00 -3.802608105970632733e-03 -1.901535947979383356e-01 1.109591659719326273e+00 -1.061761054887305544e+00 1.228204557839749494e-01 5.468290341555773759e-01 -1.393323632209392260e+00
-2.155953452342162513e-01 -2.078940911554073845e-01 1.403033827954514035e-01 -1.330268110255248049e+00 -2.386067624517004132e-02 7.981483497433660146e-01 -1.413244307182972337e+00 5.630296162557408418e-03 -2.153265853839017863e-01 1.148280691034395895e+00 -1.124955328794205123e+00 1.299733421626175778e-01 5.904816491252249389e-01 -1.389602598936931610e+00
-1.995763741205636710e-01 -2.138023742379487335e-01 1.879409001784776434e-01 -1.371851342670273866e+00 -2.104885515224315384e-02 8.387594796373977202e-01 -1.439360768064760876e+00 6.531060265709415398e-03 -2.410897717683752328e-01 1.182630377886913386e+00 -1.218376343017553376e+00 1.317458305041799560e-01 6.324066520112860967e-01 -1.401641650567676312e+00
-1.946389163130433642e-01 -2.224720236652922567e-01 2.350958886830087635e-01 -1.413568659138187300e+00 -1.397762084282116839e-02 8.721811522079300216e-01 -1.475402539031446691e+00 8.687853347525920089e-03 -2.647316181696569015e-01 1.206193335807319578e+00 -1.322986892805434467e+00 1.266431423823301816e-01 6.738329878321412947e-01 -1.405942617029126929e+00
-1.957591401969873968e-01 -2.310302234524192477e-01 2.802998816955739603e-01 -1.450994149898044538e+00 4.711422519470672039e-03 8.979799469744275120e-01 -1.524143604599241142e+00 7.736067442627302115e-03 -2.944283293015704239e-01 1.218413270360313216e+00 -1.444883117691446062e+00 1.160278790686314204e-01 7.127556786049817905e-01 -1.410519321814169835e+00
-1.986823891307854528e-01 -2.378155807229966612e-01 3.224939937217307651e-01 -1.481867593671005512e+00 4.237079367150509146e-02 9.150808421993147368e-01 -1.588059005913006194e+00 1.163425651928429172e-02 -3.392325056527016325e-01 1.207920286699492474e+00 -1.556014367459804371e+00 1.012678734379899859e-01 7.484339698061678314e-01 -1.396975980423286412e+00
-1.975794380996748201e-01 -2.391932145516744157e-01 3.607170693278887175e-01 -1.504808820733511077e+00 5.789894336922435381e-02 9.126470721979615952e-01 -1.647499704175884538e+00 9.613692780812640309e-03 -3.710163000966049673e-01 1.171628704894908779e+00 -1.655144094611234351e+00 8.763506201091068870e-02 7.803299683671738318e-01 -1.389948625584563224e+00
-1.925656816268667693e-01 -2.354572068895085524e-01 3.947584084452730457e-01 -1.518970673163624774e+00 7.536045928802261040e-02 8.967042376669588366e-01 -1.709149125657017709e+00 1.301246843250023887e-04 -4.015808242736704781e-01 1.107556859198823185e+00 -1.737684322306450646e+00 7.501903049175535909e-02 8.079728932203271707e-01 -1.390795550167920780e+00
-1.834204152362513551e-01 -2.265922171865642210e-01 4.246366947009884707e-01 -1.525989518741118545e+00 1.012046486524693367e-01 8.609508391417405315e-01 -1.766460667841816212e+00 9.375185985850329612e-03 -4.301384920475768148e-01 1.020099014648087943e+00 -1.759118633937548415e+00 6.363078138153233088e-02 8.293913712738947286e-01 -1.344805172901214485e+00
-1.830452480158599460e-01 -2.229873542217383486e-01 4.547403403382781484e-01 -1.528906695138211758e+00 1.182249035755516681e-01 7.900838895048656330e-01 -1.797631556853459989e+00 5.396414936779670747e-03 -4.672073428903915637e-01 9.202104486942919159e-01 -1.778759341745045353e+00 5.455750029186391681e-02 8.479430063520950744e-01 -1.322684472970857783e+00
-1.690427129799427497e-01 -2.075838532162985473e-01 4.793239499393376346e-01 -1.525571552604860104e+00 1.519438715804644069e-01 6.975551630866388964e-01 -1.803955814675272329e+00 2.633354228658073889e-03 -5.079382049167631141e-01 8.112182539277333904e-01 -1.772983944070431361e+00 4.790074865019759015e-02 8.638029759217442649e-01 -1.295170030263129490e+00
-1.387155946121063355e-01 -1.759061656719410616e-01 4.954648247246956627e-01 -1.515381234877114958e+00 1.999206622051085402e-01 5.793384562161461027e-01 -1.774892953663281370e+00 3.179381820621951255e-03 -5.538730923681250973e-01 6.976855143668091452e-01 -1.731418834716646371e+00 4.276238660187874074e-02 8.763330327661825736e-01 -1.257698391264964188e+00
-1.083948941154374151e-01 -1.428545341903278143e-01 5.089864895696409874e-01 -1.501977075700146935e+00 2.398516028841884140e-01 4.454636014441430980e-01 -1.710631883725749924e+00 6.907165706471311839e-03 -5.961545781383524867e-01 5.922291823115678477e-01 -1.669946612988207901e+00 3.960402470986666007e-02 8.854385392036847602e-01 -1.209334688052042805e+00
-6.624256168163514258e-02 -9.748372357974312286e-02 5.138461398441380723e-01 -1.479721205301707254e+00 2.809466058256444576e-01 3.042500475810940852e-01 -1.621403113816858532e+00 4.623467658810769855e-03 -6.420526159928935384e-01 4.903142601559312697e-01 -1.602457184981269434e+00 3.823689600896086616e-02 8.942016117219516724e-01 -1.171943534449766622e+00
-2.598714428324953862e-02 -5.190005374373338198e-02 5.153388887726036982e-01 -1.452327373594278548e+00 3.103122591071408864e-01 1.613564137787641406e-01 -1.508530406136860513e+00 6.845419914550108544e-03 -6.793572394624829425e-01 4.050633008600247331e-01 -1.510909370028499010e+00 3.835743046966542252e-02 8.995281971518441777e-01 -1.120638721967510465e+00
1.532926209866951155e-02 -4.409649308283218258e-03 5.120777274630977649e-01 -1.419229073053375867e+00 3.300605017388602569e-01 2.094008683543310823e-02 -1.372865666907458371e+00 3.479886699802616640e-03 -7.140574994701354150e-01 3.307064329236918399e-01 -1.418947299958513097e+00 4.040543304492272281e-02 9.053409351457258891e-01 -1.080998532902440301e+00
4.942594124830822916e-02 3.673733278838649252e-02 5.110127327021880550e-01 -1.387858238275692102e+00 3.378617105380757324e-01 -1.137382459203676727e-01 -1.218835790053000245e+00 5.207861457290721176e-03 -7.383378859046916265e-01 2.756508859754651097e-01 -1.321392214209530014e+00 4.420061406377517876e-02 9.081506170150474011e-01 -1.027407497751988696e+00
8.333502559093974860e-02 7.718120065313456568e-02 5.084262004945363511e-01 -1.354712017012416503e+00 3.414264043133373172e-01 -2.314103769402111321e-01 -1.072704845952273667e+00 7.017020760560442431e-03 -7.565298545538695629e-01 2.385781064679474428e-01 -1.234965335758562821e+00 4.928061792648685824e-02 9.080864584076746571e-01 -9.671835340523794455e-01
1.101153204027769394e-01 1.106317678535146676e-01 5.104128046474207814e-01 -1.325301446147047812e+00 3.381906385398086301e-01 -3.281957811554387927e-01 -9.292025380772777066e-01 4.975958915945209379e-03 -7.681098570478158694e-01 2.180112028895162812e-01 -1.165821663278414855e+00 5.682040806293262719e-02 9.127810099152039447e-01 -9.252239258211091277e-01
1.264652516295690921e-01 1.345454055472734278e-01 5.212989122825264499e-01 -1.305103206240599834e+00 3.295310730130753818e-01 -3.474955467539858622e-01 -9.200000000000000400e-01 -8.031578315093155715e-03 -7.757786301308097210e-01 2.176281105824677264e-01 -1.134366904334800585e+00 6.609016620378287132e-02 9.262386324234974655e-01 -9.200000000000000400e-01
1.342249303155033935e-01 1.498549887442898743e-01 5.418667321855041852e-01 -1.296382366517960794e+00 3.360482930826318437e-01 -3.456880330921847655e-01 -9.200000000000000400e-01 -1.216167705875473466e-02 -7.699647566826948175e-01 2.316518655493133017e-01 -1.098903585066366428e+00 7.947588972955302311e-02 9.480437861139275890e-01 -9.200000000000000400e-01
1.219962930750341512e-01 1.452511257804599831e-01 5.870816733271130294e-01 -1.306455950883988804e+00 3.326232678935210352e-01 -3.402933523809258953e-01 -9.200000000000000400e-01 -7.694907179320063968e-03 -7.590407441405145894e-01 2.541458460867739300e-01 -1.067066584640714799e+00 1.003313382824978783e-01 9.783321773104193264e-01 -9.200000000000000400e-01
1.166613819241387462e-01 1.435013276379142610e-01 6.307575309147097631e-01 -1.311250483273084466e+00 3.334520127906238640e-01 -3.216170844347538416e-01 -9.200000000000000400e-01 -1.004436254024005347e-02 -7.528210091187943487e-01 2.833973153205265327e-01 -1.069599222633838664e+00 1.113291650935535199e-01 9.997740091957859621e-01 -9.200000000000000400e-01
1.088098052855289710e-01 1.357845680770887742e-01 6.796282518059135747e-01 -1.323715274629344352e+00 3.271475751042428604e-01 -2.935710943900819436e-01 -9.200000000000000400e-01 -1.101219278989473693e-02 -7.454679404727129199e-01 3.141773084343653100e-01 -1.076270155977521625e+00 1.341687035118195870e-01 1.022876665260549434e+00 -9.200000000000000400e-01
1.096213241051442466e-01 1.336544594313816003e-01 7.189386356600783179e-01 -1.334433292699914730e+00 3.252805129377522309e-01 -2.682633062406839519e-01 -9.200000000000000400e-01 -1.217124314864448560e-02 -7.382737232970445485e-01 3.469438275003018379e-01 -1.089688365785836721e+00 1.370797079225746229e-01 1.042145806700981447e+00 -9.200000000000000400e-01
1.116263516577631898e-01 1.261918514916572920e-01 7.552167718313107514e-01 -1.353607209366339825e+00 3.293648118286378601e-01 -2.226971525087296511e-01 -9.723139649770577986e-01 -1.163532087496518125e-02 -7.274189645285787931e-01 3.824462448979829565e-01 -1.110086962021474166e+00 1.734277206858544640e-01 1.058873874123415160e+00 -9.200000000000000400e-01
1.173669429532755437e-01 1.156782386744831387e-01 7.845338253569081877e-01 -1.378215865072138335e+00 3.360082029796802594e-01 -1.611395702968292931e-01 -1.050606472598856866e+00 -1.122427654231150131e-02 -7.138927019886700531e-01 4.207308574551618663e-01 -1.139777157075800851e+00 1.699515766754188528e-01 1.079777265627236416e+00 -9.200000000000000400e-01
1.251404864164112063e-01 9.769064509233403582e-02 8.126369101086892144e-01 -1.411774287217417045e+00 3.441881970983022843e-01 -9.853332837352357654e-02 -1.125354001422620875e+00 -7.087136534182684154e-03 -6.931481637947087826e-01 4.613695703603014064e-01 -1.172331577541986469e+00 1.769646031090064131e-01 1.102870864996300382e+00 -9.200000000000000400e-01
1.325194496895669427e-01 7.365120934135922781e-02 8.378860388315491070e-01 -1.453318028181483701e+00 3.531668244671152257e-01 -3.875187945496482572e-02 -1.193935439181184499e+00 -1.106025481753524636e-02 -6.738965526299360853e-01 5.025773159175075389e-01 -1.229498145013984356e+00 1.747430545325149021e-01 1.100286948955560229e+00 -9.200000000000000400e-01
1.412632744592576817e-01 4.863655852509050914e-02 8.558512488626399684e-01 -1.496791653741060601e+00 3.634827917781855433e-01 1.826384941560624253e-02 -1.256305439422090275e+00 -1.288440101615558747e-02 -6.514287816239435758e-01 5.428664504040103811e-01 -1.282920471556702635e+00 1.721647092652170974e-01 1.118072610197428984e+00 -9.200000000000000400e-01
1.494797294935685250e-01 2.458950452214414203e-02 8.627387571669502542e-01 -1.539434178570619594e+00 3.739181229596491574e-01 7.121981240474829777e-02 -1.310300369945905485e+00 -2.321449875969093437e-03 -6.216757569519305582e-01 5.809832517173766364e-01 -1.306114162398115619e+00 1.866505685937625281e-01 1.210983615896260357e+00 -1.032112374392462062e+00
1.525603082279287093e-01 -4.371697716807038114e-03 8.579606702865305579e-01 -1.583784492141173894e+00 3.816663060639926552e-01 1.198038939342778442e-01 -1.355258879752900603e+00 -8.551456083768499005e-05 -5.913725029322501880e-01 6.166915238845837033e-01 -1.345656112916180591e+00 1.705460574195792611e-01 1.273972598022334202e+00 -1.207560342520866303e+00
1.537066919274398813e-01 -2.873525439301331807e-02 8.391047762506631535e-01 -1.630666063687342682e+00 3.878543871824806089e-01 1.637821781662183174e-01 -1.392231380519071804e+00 6.494593332516603338e-04 -5.618951639022681244e-01 6.501206638239384050e-01 -1.381139443588332405e+00 1.492444453744830590e-01 1.317734652361584269e+00 -1.374062770085969554e+00
1.517384044401007825e-01 -4.851361000869863077e-02 8.075695601130309376e-01 -1.678318560242317847e+00 3.916325553424881423e-01 2.035771563946513485e-01 -1.422499995465718925e+00 8.614922101312323666e-03 -5.325124776124335879e-01 6.813306084874704016e-01 -1.391587741106257825e+00 1.183806164554194879e-01 1.320219636386084527e+00 -1.494494011139972711e+00
1.458822996616973566e-01 -6.105611964460410518e-02 7.650277751365033296e-01 -1.721448847757039990e+00 3.922417383458052798e-01 2.398395650438009952e-01 -1.446861088658695005e+00 1.014682818694703607e-02 -5.094207236822382301e-01 7.096286525143925550e-01 -1.407213165959707801e+00 8.043265844324329339e-02 1.289255234694500762e+00 -1.576670300915748779e+00
1.346476858635440033e-01 -6.530517537585658894e-02 7.115437386875207437e-01 -1.755745627356162908e+00 3.884597844186144511e-01 2.727847845065484722e-01 -1.466013700261920905e+00 1.219526318975150186e-03 -4.957039312663901742e-01 7.356384452663112805e-01 -1.437819683890939615e+00 3.379043096816199132e-02 1.245540410643394935e+00 -1.643895313546486880e+00
1.083129459853497401e-01 -7.628962808014834451e-02 6.539596242129522841e-01 -1.772250734220580881e+00 3.735757948595575528e-01 3.016799720807726293e-01 -1.480689743230558797e+00 4.680826429491648753e-03 -4.804254860960788798e-01 7.598616167977328972e-01 -1.436153149838488297e+00 -2.078062052195228659e-02 1.178353441464477180e+00 -1.649438156730532734e+00
6.974869734423751189e-02 -9.171188302006130777e-02 5.929519577042521306e-01 -1.772137930566067832e+00 3.484826471421124117e-01 3.262592827985733579e-01 -1.489795530235564325e+00 4.194841119392409522e-03 -4.688226294167310293e-01 7.808093404812596061e-01 -1.435966699361455934e+00 -8.377884566909157837e-02 1.090064035209538318e+00 -1.616119502241361472e+00
2.879259272579850690e-02 -1.013464608731987071e-01 5.261880099992372051e-01 -1.751151875717315898e+00 3.195280432126528791e-01 3.466408113474168662e-01 -1.492782791152340138e+00 3.741253080786856311e-03 -4.587893364403087815e-01 7.989468502704506481e-01 -1.430505942603130132e+00 -1.524706473551375452e-01 9.979673637747176196e-01 -1.548880235378558012e+00
-1.186544317710168731e-02 -9.870867001946886932e-02 4.490815256270144218e-01 -1.704989480994537177e+00 2.888772181905664982e-01 3.628674249176448430e-01 -1.489911531972918812e+00 3.671348237727409432e-03 -4.495699771074427864e-01 8.141564861099169770e-01 -1.419787558682895634e+00 -2.195756443200540808e-01 9.161088047804788470e-01 -1.469977705498700216e+00
-5.714851505194550735e-02 -9.263483274354807062e-02 3.650587800677076444e-01 -1.645272908826149516e+00 2.533095034547530600e-01 3.737712372119411652e-01 -1.480709576529399163e+00 4.992642848374083918e-03 -4.418565750640259249e-01 8.271361191249212430e-01 -1.403566754410727535e+00 -2.741570985685426454e-01 8.353371681003777249e-01 -1.355145399650094395e+00
-1.139850498154431208e-01 -8.960609659441173824e-02 2.905275333690751083e-01 -1.584316585357599783e+00 2.081412073292030762e-01 3.766360450070861399e-01 -1.464598170399733057e+00 9.646708748418306861e-03 -4.339132128097714647e-01 8.386577140937319097e-01 -1.379735811901472875e+00 -3.657126208815292823e-01 7.386075709491158880e-01 -1.207040417942526034e+00
-1.667711475098579421e-01 -8.207773637828451319e-02 2.219211325279696612e-01 -1.517007114983767613e+00 1.651517057507619346e-01 3.755837681490851732e-01 -1.444552139941405633e+00 1.049783923772001915e-02 -4.293122871614500902e-01 8.499186623795821349e-01 -1.363728782216078184e+00 -3.734834196827948039e-01 6.643479195195630682e-01 -1.019369649134373335e+00
-2.274048800443047302e-01 -7.833188698813120521e-02 1.695623398962676776e-01 -1.460330727532588968e+00 1.158172008723861029e-01 3.662351337943468566e-01 -1.416161979837031071e+00 -1.431893639638248499e-02 -4.316230105083454505e-01 8.648196586554507403e-01 -1.404185481465224594e+00 -3.737256451475353125e-01 6.035374789060035106e-01 -9.227024739564031464e-01
-2.651563334553693196e-01 -5.913578167851368805e-02 1.269146524636711182e-01 -1.405257687084531470e+00 8.297353632064298490e-02 3.641617160654789798e-01 -1.394237707580592733e+00 -1.216666440986472961e-02 -4.259061179215755111e-01 8.777565847023387491e-01 -1.385730329438552122e+00 -3.573258643064984308e-01 5.995788256414354978e-01 -9.200000000000000400e-01
-2.971643065626098923e-01 -4.307469450215437035e-02 1.002682432651283984e-01 -1.362534789910527344e+00 5.398232258206007300e-02 3.632019436417663893e-01 -1.373502825907822356e+00 -8.380371142477981844e-03 -4.064410705592713113e-01 8.913482839050828055e-01 -1.370540450614017969e+00 -3.484554510281858697e-01 5.991358922527186825e-01 -9.200000000000000400e-01
-3.199416195855501188e-01 -3.244709808349637015e-02 8.719725449893370173e-02 -1.328314032474343875e+00 3.149896943747568928e-02 3.662953272837746743e-01 -1.357628980398230656e+00 -1.374141447422288533e-02 -3.861303469402435073e-01 9.066475815359765766e-01 -1.376515487309021735e+00 -3.390976296208889629e-01 6.016269885918454907e-01 -9.200000000000000400e-01
-3.301401715143023607e-01 -3.210056802250908781e-02 8.559100213360186504e-02 -1.301458134445078407e+00 1.808955091092499801e-02 3.768111931609173237e-01 -1.350512694159907490e+00 -1.390764251498404977e-02 -3.647898484245140072e-01 9.214196786417910845e-01 -1.371411366119249742e+00 -3.196253622932779814e-01 5.989732007703915118e-01 -9.200000000000000400e-01
-3.278097567604587592e-01 -3.431990140169376147e-02 9.995813753560026105e-02 -1.289430198512695247e+00 1.397649331237208782e-02 3.960383621320425762e-01 -1.353778957904940183e+00 -1.216875257702151707e-02 -3.435124188666989209e-01 9.360187209783308315e-01 -1.362662105432321802e+00 -2.985794957043961806e-01 5.981529174367863355e-01 -9.200000000000000400e-01
-3.160048050277428078e-01 -3.487043192706554967e-02 1.287238315614988027e-01 -1.290487964189102721e+00 1.742000325231014141e-02 4.214417875850163253e-01 -1.363541656526518153e+00 -6.366562288128110002e-03 -3.223443840135194471e-01 9.488098618726223954e-01 -1.344550851604124908e+00 -2.752376843142625984e-01 6.089991649086712311e-01 -9.416652947018595565e-01
-3.025451321980865416e-01 -4.011363425929147936e-02 1.577720232648361642e-01 -1.297730236948893889e+00 2.279926612818662310e-02 4.469977668103496948e-01 -1.372949690372115006e+00 -6.537840821921941589e-04 -3.026177795807365456e-01 9.601839121518025433e-01 -1.326059463988031872e+00 -2.521247084035661001e-01 6.221501226198883350e-01 -9.700093614462029779e-01
-2.871106950351550724e-01 -4.485291690530766873e-02 1.843156944218130866e-01 -1.309821911137522443e+00 3.056443707115148387e-02 4.727382729239082981e-01 -1.382346461616231093e+00 4.026805476243909380e-03 -2.856863611555923721e-01 9.705979252222871612e-01 -1.310732890704638276e+00 -2.306990011744294578e-01 6.330109539654116269e-01 -9.955183933626200465e-01
-2.722432383837887770e-01 -5.129064214891675827e-02 2.108240203438542792e-01 -1.325076415412283604e+00 3.861305976401840923e-02 4.978611427509428422e-01 -1.392183353797864287e+00 9.545455627212394434e-03 -2.724348562438618226e-01 9.801095924249660918e-01 -1.296490068888490832e+00 -2.119896104846044627e-01 6.421883017759631995e-01 -1.011502207662401842e+00
-2.617917891625944349e-01 -6.207413882808827249e-02 2.390263571082384686e-01 -1.340999324500227186e+00 4.366581245509265630e-02 5.196232655511210385e-01 -1.400340460300815826e+00 1.517224471451437148e-04 -2.653403197034472361e-01 9.924523357375695243e-01 -1.318992801370856283e+00 -1.967517589674915857e-01 6.555105243366705636e-01 -1.060756787165331838e+00
-2.436091667631019309e-01 -6.774722270668478985e-02 2.602448865284739954e-01 -1.347377780539819492e+00 5.630566260032187492e-02 5.455209173681542234e-01 -1.414042098111214951e+00 1.462895963473724061e-02 -2.604927753936192580e-01 9.965923013198991764e-01 -1.292599665081455074e+00 -1.821091937613868450e-01 6.594149012204795213e-01 -1.037851534021675182e+00
-2.319411740760890517e-01 -7.583098934445307859e-02 2.832480941188172952e-01 -1.357788704509619304e+00 6.406504312962107983e-02 5.673975314306864970e-01 -1.427180154354675601e+00 1.226701477535208432e-02 -2.624800769406888667e-01 1.001597355299050029e+00 -1.306082338483697924e+00 -1.730230407656693503e-01 6.687767886948395857e-01 -1.051892071146991459e+00
-2.227889085736179109e-01 -8.328456171882644976e-02 3.059126243215468666e-01 -1.369869245256475576e+00 7.022131063758645098e-02 5.882428612492723863e-01 -1.442526089710779003e+00 -3.423078412580450244e-04 -2.742411994934018660e-01 1.017620069603735411e+00 -1.369635663529351399e+00 -1.673940008404871116e-01 6.879626601420107956e-01 -1.097584526309691499e+00
-2.139866398296913774e-01 -8.699985631619377990e-02 3.264030845312752005e-01 -1.381536904747010741e+00 7.578654426616646123e-02 6.121880424226480155e-01 -1.458589950448698991e+00 -8.519524268023332802e-04 -3.156404221905368956e-01 1.067880515954491516e+00 -1.495648849213027098e+00 -1.639071268505690460e-01 7.000089551674337773e-01 -1.098864638142697858e+00
-2.070991345434681774e-01 -9.034241530343126159e-02 3.475090619975121364e-01 -1.393559554380873866e+00 7.887976133613910923e-02 6.388040695485983633e-01 -1.471859086407389938e+00 5.378838800249812098e-03 -3.472330713098787935e-01 1.072985348350915524e+00 -1.544565533131194268e+00 -1.608222599858251944e-01 7.095037677283603239e-01 -1.079913356692556947e+00
-1.994929886954366072e-01 -9.400467820133026620e-02 3.691522026563578973e-01 -1.405696786396098519e+00 8.412662332862112791e-02 6.631458710666101597e-01 -1.489716296102830517e+00 6.000200111953065546e-03 -3.830105917517992453e-01 1.067040439825770903e+00 -1.604068418113429484e+00 -1.572752622110110132e-01 7.208710572211892709e-01 -1.077398292490552745e+00
-1.932350230278384873e-01 -9.874202295829344334e-02 3.924332687431626998e-01 -1.418664962358993309e+00 9.094153974971001808e-02 6.785555924684619766e-01 -1.515532750841200871e+00 6.024439023235425225e-03 -4.225547077295441767e-01 1.050597079757043417e+00 -1.661382506800775483e+00 -1.527505993042122534e-01 7.322422924565175073e-01 -1.077101122304097158e+00
-1.898970490753886797e-01 -1.046585826227205002e-01 4.166844882070514511e-01 -1.431870820133361644e+00 9.746088585962500717e-02 6.844823311283512179e-01 -1.548852705537298702e+00 4.863292185746775562e-03 -4.673974848317584696e-01 1.023331076306613241e+00 -1.714876139220854245e+00 -1.488331393700852989e-01 7.443302502482603833e-01 -1.078910220764009109e+00
-1.899222481357641934e-01 -1.116317557008222466e-01 4.413448036269881358e-01 -1.444949285093796831e+00 1.035806099410811754e-01 6.766300416443152832e-01 -1.586826674123989811e+00 6.660841004296419801e-03 -5.145402714895688234e-01 9.803859318931883449e-01 -1.742502990365677240e+00 -1.451997237655534290e-01 7.549197672147525129e-01 -1.070791609867905114e+00
-1.836565871085465151e-01 -1.124377038424570763e-01 4.624534082417846026e-01 -1.454400224202919256e+00 1.193238730157784450e-01 6.569359429633032654e-01 -1.629078483785108444e+00 6.128431207538426705e-03 -5.358351790467091869e-01 9.213892458273245101e-01 -1.760585437437757861e+00 -1.412006565048917750e-01 7.667123365044047345e-01 -1.068525281470449784e+00
-1.774158472350734206e-01 -1.120164860867832596e-01 4.828434127690233724e-01 -1.462968783165338182e+00 1.385637902078888095e-01 6.177965848748117050e-01 -1.670095243159707810e+00 4.492846150317315011e-03 -5.541950525729452126e-01 8.503677677884788899e-01 -1.760335414298816348e+00 -1.362348942245942829e-01 7.782215427163262644e-01 -1.067979776812623793e+00
-1.610827414767512789e-01 -1.010620999940725906e-01 4.959509795282710520e-01 -1.463835026773510295e+00 1.706865692375713617e-01 5.592975146049745661e-01 -1.704975499741168576e+00 8.508538164163052461e-03 -5.706233851279430835e-01 7.670369111865249501e-01 -1.726901614695312670e+00 -1.318397370763383092e-01 7.859292474315749955e-01 -1.049280875766304799e+00
-1.496791064582377595e-01 -9.149452893355342065e-02 5.088759144134081813e-01 -1.462143852693422730e+00 1.989607594966805448e-01 4.728564444029654257e-01 -1.712536218060511928e+00 2.636593903033022284e-04 -5.925455498705285429e-01 6.816446810811240820e-01 -1.699290025919475200e+00 -1.284314924384223899e-01 7.975310578905707715e-01 -1.058687361947334704e+00
-1.312205075163921653e-01 -7.302816939442240141e-02 5.152438280604332288e-01 -1.452284057279063623e+00 2.312971791331833726e-01 3.696705436847807502e-01 -1.687608304229235801e+00 8.329250481393527319e-03 -6.036066019292346541e-01 6.082309590974572799e-01 -1.630630600167559230e+00 -1.252512995489746539e-01 7.982164585560383996e-01 -1.015658757751373598e+00
-1.027603738167050945e-01 -4.460970815829087832e-02 5.138135334754049266e-01 -1.433476109451786495e+00 2.639925736658338407e-01 2.639694243703064602e-01 -1.626816818290757194e+00 3.867225560679259328e-05 -6.220234517802722962e-01 5.408545043960029108e-01 -1.589023855708991739e+00 -1.212334421644738758e-01 8.097055047730462585e-01 -1.023062234455556663e+00
-7.236429562391391568e-02 -1.335359226092695285e-02 5.085924746616959924e-01 -1.409777723645913472e+00 2.895289023512389592e-01 1.598210111010062995e-01 -1.539761279465936550e+00 7.763937881903258155e-03 -6.298656990588842319e-01 4.931729048310593555e-01 -1.524817432151482244e+00 -1.161576934530024197e-01 8.106072785040007167e-01 -9.813721231546053136e-01
-4.038605715714622957e-02 2.004152174070519821e-02 4.999638546993924182e-01 -1.380992918376063860e+00 3.089217684889080107e-01 4.913362027640444385e-02 -1.427086395269701047e+00 5.982772774751014995e-03 -6.410210738423470778e-01 4.610567740923270375e-01 -1.489678946985244723e+00 -1.107777398032929322e-01 8.150499771314682063e-01 -9.619591183095153042e-01
-1.190242699998118187e-02 5.052689327210182352e-02 4.923442121272374461e-01 -1.351579556388984971e+00 3.180068966503873940e-01 -6.032120609254722210e-02 -1.287946478090425728e+00 -7.434222343724832113e-04 -6.488922128616072538e-01 4.391569183343548288e-01 -1.458985631206831002e+00 -1.050485127931256035e-01 8.222983760519149143e-01 -9.566865936540482895e-01
1.378042586925947756e-02 7.839183531688412310e-02 4.860986327998175205e-01 -1.322247251894620668e+00 3.204249200679487042e-01 -1.662032692481844875e-01 -1.134025005445325585e+00 -2.657580036592492156e-03 -6.464098381432128448e-01 4.266996671875679104e-01 -1.411140735834524484e+00 -9.842580398518162299e-02 8.269062795014933132e-01 -9.379924399062716800e-01
3.933642579513866450e-02 1.066497889381841507e-01 4.790400894077205263e-01 -1.290598038366979505e+00 3.189947771062609516e-01 -2.597955993916944983e-01 -9.795134637551812240e-01 -8.996876490057537090e-03 -6.441929634768108759e-01 4.245456553647212750e-01 -1.377905608168660034e+00 -9.158687923910306672e-02 8.334397101294498400e-01 -9.286700978353344960e-01
5.447605830107105779e-02 1.276254518245086844e-01 4.797381321094201789e-01 -1.265712638829664449e+00 3.199885933446369735e-01 -2.975626032381906705e-01 -9.200000000000000400e-01 -8.850580686410550180e-03 -6.392709462789919472e-01 4.332512273487146293e-01 -1.342378177545781037e+00 -8.483195499359821867e-02 8.462397548290812033e-01 -9.200000000000000400e-01
5.324053649683305189e-02 1.352625078543395476e-01 4.959686986394657993e-01 -1.256506351293044776e+00 3.148377842362042878e-01 -2.934395761984617823e-01 -9.200000000000000400e-01 -9.686474838411200314e-03 -6.373573127321056075e-01 4.478227970038876071e-01 -1.321618216160411308e+00 -7.542123566378064470e-02 8.636103272320234669e-01 -9.200000000000000400e-01
4.971180904268487910e-02 1.403981646873717903e-01 5.156091652545339299e-01 -1.250949491017291804e+00 3.228566275336614000e-01 -2.846367949363580729e-01 -9.200000000000000400e-01 -4.659052077011587543e-03 -6.335096524864662904e-01 4.628469292061165308e-01 -1.293590232386079730e+00 -6.345048692372011467e-02 8.824681098408451163e-01 -9.200000000000000400e-01
5.146538078795245136e-02 1.492725444350935515e-01 5.312586165993081755e-01 -1.241075367402215468e+00 3.151960194807158500e-01 -2.667098240928823527e-01 -9.200000000000000400e-01 -5.774877526104230802e-03 -6.329387251846971818e-01 4.781701679689315809e-01 -1.282780043546251081e+00 -5.618511277501045398e-02 8.995486436706467970e-01 -9.200000000000000400e-01
4.378459331908965413e-02 1.488779779527306391e-01 5.574941627686225143e-01 -1.242124294653131455e+00 3.079080564949879251e-01 -2.489400276061146389e-01 -9.200000000000000400e-01 -7.735694695413796416e-03 -6.321377540869781431e-01 4.947155538139181297e-01 -1.276247046222260817e+00 -4.368437039017830648e-02 9.134716254682511138e-01 -9.200000000000000400e-01
4.884110442417696762e-02 1.552694866293490572e-01 5.754256202982339641e-01 -1.235040731521313218e+00 3.026399962932647125e-01 -2.264018981775416661e-01 -9.200000000000000400e-01 -1.178447015347371986e-02 -6.294134861920103186e-01 5.124346500961232120e-01 -1.280407028531482583e+00 -2.864444473550718795e-02 9.252789697213292808e-01 -9.200000000000000400e-01
4.814840340133533930e-02 1.529180019710534577e-01 6.025672666099837205e-01 -1.236475772145588792e+00 3.018260128619139615e-01 -2.073550097031081896e-01 -9.200000000000000400e-01 -1.215441991183523196e-02 -6.222547287260515869e-01 5.308776114248296984e-01 -1.279760629799520322e+00 -1.865859195313475730e-02 9.375272141561872274e-01 -9.200000000000000400e-01
3.969892177478526879e-02 1.468882778165894187e-01 6.348335708975344494e-01 -1.238268900463704636e+00 3.034818421227296059e-01 -1.611529678642316110e-01 -9.881560502381818711e-01 -3.048419002113356840e-02 -6.297929519418014044e-01 5.506568417217138078e-01 -1.321842306617288187e+00 -1.861360112647978543e-02 9.188703263149051725e-01 -9.200000000000000400e-01
5.022686478838447877e-02 1.422077264431545196e-01 6.596386147717350212e-01 -1.244552675922310891e+00 3.017440663262089262e-01 -1.431155165412948405e-01 -9.789973100395498173e-01 -1.913135442900829042e-02 -6.022688201919123019e-01 5.707481417405571023e-01 -1.296670287302347901e+00 4.411276070020251315e-03 9.507775695012498085e-01 -9.200000000000000400e-01
5.311471650723530863e-02 1.321245743732668843e-01 6.874069026991718179e-01 -1.252732468354010198e+00 3.026972980917386202e-01 -1.081034067433939982e-01 -1.011376578469242782e+00 -1.917626830304344429e-02 -5.871944360592193934e-01 5.905156833203861755e-01 -1.297723137471402222e+00 7.516917332300958147e-03 9.533241725140934042e-01 -9.200000000000000400e-01
5.426724144840808228e-02 1.170406533632125379e-01 7.155337382821677084e-01 -1.267151988320307954e+00 3.032950298138075151e-01 -7.446444445294607417e-02 -1.041846909216032957e+00 -1.694737093236657263e-02 -5.707855322486756755e-01 6.098051394033484618e-01 -1.293848200891151379e+00 1.363170335430971027e-02 9.556386763650257521e-01 -9.200000000000000400e-01
5.636533690474605784e-02 1.009051160107562184e-01 7.397683965147205942e-01 -1.285464924696128719e+00 3.044628153325404374e-01 -4.178049342692177759e-02 -1.070854043086687524e+00 -1.600937839542341395e-02 -5.550676862252661437e-01 6.288553473432632046e-01 -1.293064444288461345e+00 -3.790011818705105694e-03 9.454725402976026372e-01 -9.200000000000000400e-01
5.815232775769404311e-02 8.599640423887762453e-02 7.557324125502901113e-01 -1.307435422398683489e+00 3.057197482952517809e-01 -1.064489642079304889e-02 -1.098005885238065860e+00 -1.744310836261399669e-02 -5.410084172592368734e-01 6.480164698730905837e-01 -1.298766377606361822e+00 -2.086186166983172718e-02 9.368765113658114041e-01 -9.200000000000000400e-01
6.625100948532115785e-02 7.853063006164598403e-02 7.617392458074557782e-01 -1.330855601623696760e+00 3.101151393660562250e-01 1.974805380463229287e-02 -1.125219932817035806e+00 -7.614169088542576541e-03 -5.262036737657120877e-01 6.659504488925278576e-01 -1.278856812964673351e+00 1.376769927339345414e-03 1.085361821701557927e+00 -1.153256153417295371e+00
7.057265244389851477e-02 6.552084154288327633e-02 7.684887757102780714e-01 -1.362737123898195790e+00 3.131911296506000864e-01 4.840887907127969930e-02 -1.150571846219389460e+00 8.011719815807032651e-04 -5.085150616755486075e-01 6.856449222107645625e-01 -1.267064558369186411e+00 -1.420067190836409206e-02 1.136989509374380036e+00 -1.286662516008100887e+00
7.755582074499389744e-02 5.557359575404165891e-02 7.695802388776084024e-01 -1.400357232737185820e+00 3.181843793905368423e-01 7.665673230739313004e-02 -1.177760847028281654e+00 4.592032907146973222e-03 -4.945717839556521556e-01 7.061974336763678917e-01 -1.267793875766968226e+00 -3.671138294245665512e-02 1.165140198903839019e+00 -1.396417892861089749e+00
8.537217071759137244e-02 4.807917069365057194e-02 7.642888580402199539e-01 -1.443255818727046114e+00 3.241720720923893517e-01 1.043613988035527740e-01 -1.205546486322213839e+00 6.828935655087321581e-03 -4.820364650114010718e-01 7.275017786423150223e-01 -1.273406525146512536e+00 -6.595086200546250443e-02 1.172012603267063247e+00 -1.482115050790441479e+00
9.639610082243894873e-02 4.659667373970269311e-02 7.473601733101297162e-01 -1.483092230882050444e+00 3.321791125035092329e-01 1.314587222920394205e-01 -1.232127872555405235e+00 4.713254124067502854e-03 -4.716064966630306166e-01 7.489662550475697511e-01 -1.288436451228526902e+00 -1.108841029367192282e-01 1.140837441337394509e+00 -1.521030905791188825e+00
1.036165913057026239e-01 4.233759361297371321e-02 7.180183861959641423e-01 -1.519082856385887803e+00 3.383699110432060730e-01 1.571492304035289334e-01 -1.255715334213324041e+00 1.944251172125863614e-03 -4.612240964538962262e-01 7.698138059833949942e-01 -1.302538499692736940e+00 -1.595626168853572224e-01 1.084883721364694242e+00 -1.517599271956124429e+00
1.052597938181610154e-01 3.343780551912110127e-02 6.744191370568568544e-01 -1.548868722690063038e+00 3.413934532970097080e-01 1.810707649547286802e-01 -1.275572818087775229e+00 -1.194287897505218621e-03 -4.504469846480591011e-01 7.893784875196716566e-01 -1.314229551553846020e+00 -2.102655480098428176e-01 1.001667029478275683e+00 -1.463378964458565079e+00
9.042758414682967871e-02 1.072185201721695923e-02 6.294742375340024454e-01 -1.572793676213787073e+00 3.348101453706333053e-01 2.025588288169472007e-01 -1.292741526413523134e+00 2.144970286717552427e-03 -4.372459476216420948e-01 8.072469075435789732e-01 -1.308762459140859979e+00 -2.589234059514965991e-01 9.062790641363667188e-01 -1.362659664505429191e+00
7.269880767211656103e-02 -1.173157676993753090e-02 5.739170333296512716e-01 -1.582440575668148997e+00 3.256409952325656776e-01 2.228292126415595820e-01 -1.306280471117637010e+00 -4.089686476585449501e-05 -4.239959305419360724e-01 8.251610221206570062e-01 -1.313441610033991847e+00 -3.472177880813476780e-01 7.726795810813247289e-01 -1.203216352949343149e+00
4.564090463954342813e-02 -3.729210050850283176e-02 5.108663248293154879e-01 -1.579100680212192964e+00 3.096747266982057822e-01 2.406903020492296985e-01 -1.314383341140094474e+00 6.195949507617983312e-03 -4.077771033236075593e-01 8.401807666604779179e-01 -1.294148582704211847e+00 -3.722487980965054066e-01 7.146368770347416577e-01 -1.135396391770197466e+00
4.195188742948668600e-03 -6.581646687986440758e-02 4.418528300069017312e-01 -1.562283959652917442e+00 2.838950147420346015e-01 2.554524372580284641e-01 -1.320004033520616904e+00 -2.154717574359981888e-03 -3.952387539910844905e-01 8.574433377653599697e-01 -1.306317489956385192e+00 -3.748650867513291240e-01 6.493258729833112364e-01 -1.045798010049101112e+00
-3.692642841838238849e-02 -8.627860797284379879e-02 3.575094584146943921e-01 -1.521270437588274405e+00 2.568763523870215004e-01 2.688636339500781181e-01 -1.322376471520690044e+00 -1.368878678449831059e-03 -3.807942243712147956e-01 8.728275896669984713e-01 -1.294921888495198292e+00 -3.671512378311868052e-01 5.826384271407385462e-01 -9.320658652009906620e-01
-8.635751827028503858e-02 -1.045647299707821581e-01 2.691104410384287937e-01 -1.472814742051587800e+00 2.231930223395560964e-01 2.789246550061851293e-01 -1.321114830716338728e+00 -1.128912519972997963e-02 -3.604361630857362275e-01 8.916653987492336730e-01 -1.311097335707779754e+00 -3.533313117179133767e-01 5.549010741049643647e-01 -9.200000000000000400e-01
-1.423452590456968370e-01 -1.166205858154356900e-01 1.872421654061754426e-01 -1.416146948465159650e+00 1.836532636010998476e-01 2.846381798780039385e-01 -1.314368360521695811e+00 -1.270624521756146333e-02 -3.276220064884600713e-01 9.095538887877715473e-01 -1.309345126538842718e+00 -3.306745690121014603e-01 5.423020259514044206e-01 -9.200000000000000400e-01
-2.000402068283547441e-01 -1.199468616323359910e-01 1.128350873826225731e-01 -1.356862851534192727e+00 1.412752201257761187e-01 2.863737784819440080e-01 -1.301101834869266005e+00 -1.358084025372192916e-02 -2.942563886430245024e-01 9.266633229968819219e-01 -1.301371124063759321e+00 -3.197711809566972652e-01 5.345951241949288280e-01 -9.200000000000000400e-01
-2.508693607262371117e-01 -1.159145276210779285e-01 4.472465676818621061e-02 -1.308902744077480307e+00 1.018812050401559921e-01 2.875982091615481573e-01 -1.284452097363057987e+00 -1.182056289702269371e-02 -2.599294975580319633e-01 9.414670205057286134e-01 -1.281612180768540998e+00 -2.955698414957960707e-01 5.330696809312297502e-01 -9.200000000000000400e-01
-2.935887252462094366e-01 -1.089283617900715928e-01 -1.231637763824033199e-02 -1.269843944763401122e+00 6.636467562974576739e-02 2.906246386928107439e-01 -1.266865103542256898e+00 -2.137860827322595088e-04 -2.240656640784409459e-01 9.517618999585290007e-01 -1.232431485556429340e+00 -2.591563536280314661e-01 5.480085370637423070e-01 -9.280340983835884128e-01
-3.270280663880073546e-01 -1.015291860324851747e-01 -5.920873865683282111e-02 -1.234490813752400884e+00 3.558973783751920306e-02 2.978574420452203553e-01 -1.251670102829002262e+00 -8.242488902846999491e-03 -1.902429245112200185e-01 9.659450249176181336e-01 -1.220720724505433008e+00 -2.172239857171684163e-01 5.817017095288620210e-01 -1.024012827016272054e+00
-3.518130880740112376e-01 -9.792568296833210895e-02 -9.385856845434494000e-02 -1.203004314072454894e+00 9.550753798137540801e-03 3.093957198567040545e-01 -1.240158130765199873e+00 5.805228887074714199e-04 -1.574361127855921361e-01 9.731317165021285964e-01 -1.164480467164812350e+00 -1.714073059520351272e-01 6.050745486939028694e-01 -1.063898933250631895e+00
-3.668412809575913314e-01 -9.916835738511141363e-02 -1.153298829033660711e-01 -1.172779104616114232e+00 -1.047817443347267945e-02 3.261358778388143143e-01 -1.233629631403920346e+00 5.669242766213159227e-04 -1.287633850251510281e-01 9.807101760660199563e-01 -1.123701952863144449e+00 -1.281262240444824563e-01 6.292056401739283267e-01 -1.115632401192842238e+00
-3.736028101092314091e-01 -1.064658580256260673e-01 -1.255776715941092081e-01 -1.146932407235278006e+00 -2.483398432439919493e-02 3.470169831666146676e-01 -1.231489711218180627e+00 -1.079395322091492720e-03 -1.043096301361994133e-01 9.867476544994610022e-01 -1.084135981385031533e+00 -8.714239809741070042e-02 6.503407532675904434e-01 -1.159057238031734105e+00
-3.546876762698938923e-01 -1.129051616765666538e-01 -1.278405145932108022e-01 -1.108550185683551348e+00 -2.026600908298376719e-02 3.865835106749660466e-01 -1.249146112539545994e+00 1.245466874328137862e-03 -8.374440831588818301e-02 9.902285013499807498e-01 -1.037569011720604450e+00 -4.902267066658946154e-02 6.684591663243591997e-01 -1.181858150307774302e+00
-3.601791443952211402e-01 -1.303304435490273416e-01 -9.777407236006348257e-02 -1.111245995185396795e+00 -3.358356298649264188e-02 4.081107802331818135e-01 -1.247999040610061838e+00 1.100172066428024712e-03 -6.928723624846187812e-02 9.967507454487197771e-01 -1.011569239541677323e+00 -1.347517456113369629e-02 6.863815149675400740e-01 -1.206471757409697254e+00
-3.366449449448066233e-01 -1.362284871176183410e-01 -6.608724106050850589e-02 -1.118303152035609482e+00 -2.327292050142905355e-02 4.510606644277829202e-01 -1.272973521923184803e+00 -2.487094828874763554e-03 -6.719868884937986453e-02 1.019836737071811550e+00 -1.051058538124557407e+00 2.020132200340038139e-02 7.046350211294648558e-01 -1.234215354450556301e+00
-3.185457349651325543e-01 -1.441961388762923180e-01 -2.340449210111585424e-02 -1.145603040728715660e+00 -1.558968917384096452e-02 4.890888576023862400e-01 -1.295221793374530250e+00 -9.315901285244936741e-03 -7.768656639756191251e-02 1.080293122916294868e+00 -1.189124750018047516e+00 5.117924290847900015e-02 7.238193239186350159e-01 -1.265773323463905919e+00
-2.955684829964190796e-01 -1.540284117073993098e-01 1.752205871773978088e-02 -1.177404552907253876e+00 -2.332983180266522908e-03 5.304544325423458107e-01 -1.321927611802543590e+00 2.790865147513179635e-03 -9.687952512438567643e-02 1.131936024208463287e+00 -1.312273282928288598e+00 7.926344625664476229e-02 7.409123479734625040e-01 -1.250106885783039301e+00
-2.703305101897454099e-01 -1.671127467879846007e-01 5.472096924512109828e-02 -1.210843854007652265e+00 1.524463723932333210e-02 5.725688419443328847e-01 -1.354620205993605220e+00 9.566634748299277652e-03 -1.250908237561438596e-01 1.163285279371447878e+00 -1.455201909117306514e+00 1.033722621489778781e-01 7.600953079029845183e-01 -1.245374672194567545e+00
-2.446259799983012129e-01 -1.776327769880766405e-01 8.880033115746323313e-02 -1.242522069410997743e+00 1.330545570539551359e-02 6.005104807915788712e-01 -1.380839092447402994e+00 -2.326482023863526115e-03 -1.599115946866734583e-01 1.168647176782341424e+00 -1.634191613129972964e+00 1.197197886148256979e-01 7.835463733976499867e-01 -1.278714864567350284e+00
-2.299240074039068937e-01 -1.911117284815148087e-01 1.238230958192637066e-01 -1.276153498668499475e+00 1.294324809236103123e-02 6.193513360278685154e-01 -1.414509540083167538e+00 1.098652333904384486e-03 -1.190103462103297982e-01 1.128954616211605533e+00 -1.718552966918151403e+00 1.280917739147469647e-01 8.047981318838410836e-01 -1.271614311973117806e+00
-2.229471471468261468e-01 -2.052358915750098212e-01 1.589511672582322732e-01 -1.308964508112306024e+00 1.875638733197519670e-02 6.326649808863686886e-01 -1.454363952880860067e+00 3.545085483569253119e-03 -7.248952157284881126e-02 1.051421050987834338e+00 -1.764965734806674291e+00 1.320827940348815732e-01 8.257533730556562146e-01 -1.261403521174587539e+00
-2.171148194804362053e-01 -2.160099832109015072e-01 1.924770405942144158e-01 -1.339927758368459232e+00 3.638762958292909855e-02 6.475153910780399036e-01 -1.505637089897725822e+00 7.909818599579239440e-03 -2.489631098038612086e-02 9.519490052885095643e-01 -1.765995163311911531e+00 1.349665611988854763e-01 8.449603402324198376e-01 -1.243522506382771953e+00
-2.210551282908677084e-01 -2.291818540670199633e-01 2.267288738304485407e-01 -1.367815193815512975e+00 6.019880227084119240e-02 6.573886177384810070e-01 -1.560956553858060758e+00 1.831187926269662713e-03 1.696778141093496783e-02 8.417802366091928779e-01 -1.751705385212447119e+00 1.358743945390389618e-01 8.646882536884029635e-01 -1.245680324742835410e+00
-2.163834039390367114e-01 -2.339651270518702808e-01 2.567619715074010989e-01 -1.388495931149957618e+00 8.280298126598664710e-02 6.583635702854602201e-01 -1.620401526763903588e+00 -8.618045188930910372e-03 5.115971904393509101e-02 7.263558816323686385e-01 -1.716438311207671763e+00 1.348751631580288879e-01 8.828231160590456206e-01 -1.248528061092949448e+00
-2.098658401835278575e-01 -2.346452777978659254e-01 2.853287420312115574e-01 -1.404914543914070224e+00 1.023699899608910696e-01 6.372933700058687201e-01 -1.683599737103731009e+00 -1.023494273758935452e-02 7.438245076953831081e-02 6.236367604045661706e-01 -1.642654061865359338e+00 1.307196792529602136e-01 8.965624025466136793e-01 -1.223354388287803518e+00
-2.066505655432647470e-01 -2.353055473771646366e-01 3.144914288555617499e-01 -1.419264773026607473e+00 1.223184446576905532e-01 5.941545756379897902e-01 -1.737662237151075928e+00 -1.003934417379246996e-03 8.223806491858810797e-02 5.548193750255573375e-01 -1.537854536465213418e+00 1.248718052242063364e-01 9.040019331757656040e-01 -1.163860969157233916e+00
-1.970117583867933564e-01 -2.307917747963298682e-01 3.408943965486627148e-01 -1.427254031491875352e+00 1.503404475712945276e-01 5.319131630430626867e-01 -1.768489067188519392e+00 -7.027281398020827636e-05 8.018994365407758340e-02 5.239325279114146472e-01 -1.464427864359518772e+00 1.182000181863415988e-01 9.183371705965351905e-01 -1.160023317978373880e+00
-1.730642307653587342e-01 -2.168977189957267682e-01 3.631073101372102041e-01 -1.429789993851077412e+00 1.927866427076338762e-01 4.540838705589451130e-01 -1.781404782264701003e+00 -1.052414015483056804e-02 7.759540086064710407e-02 5.065385999744032031e-01 -1.416661288081002779e+00 1.134037589600548068e-01 9.376925526398688371e-01 -1.190410876054747158e+00
-1.427893722170934521e-01 -1.999403022352562731e-01 3.834858425160819206e-01 -1.429064678728763083e+00 2.384214011957869472e-01 3.540479074453351527e-01 -1.760369891531486930e+00 -6.382952658360478010e-03 7.509452610445054022e-02 5.052946743622200865e-01 -1.349249576004044826e+00 1.105014714577091384e-01 9.541733514369669100e-01 -1.193382828984716371e+00
-1.040707967049206845e-01 -1.773613018569981936e-01 4.006353179321039404e-01 -1.424045592695559526e+00 2.848389880604771385e-01 2.417948140114780653e-01 -1.710101908816982874e+00 -6.235039181552684724e-03 7.357381090205544760e-02 5.205284544377588585e-01 -1.314221499927310521e+00 1.105338929301264844e-01 9.719496278750449081e-01 -1.208088914750183207e+00
-5.687109740290490628e-02 -1.484366570811942176e-01 4.135613287368338775e-01 -1.413325536043414488e+00 3.277480637770324723e-01 1.285477401082979754e-01 -1.638084395477379607e+00 7.087616113476984028e-04 7.177889809463106063e-02 5.483218513670755634e-01 -1.276013977292288493e+00 1.131316936786999211e-01 9.866620256331889438e-01 -1.205603646576359322e+00
-1.071570102783348487e-02 -1.193766623576617697e-01 4.250136573069892010e-01 -1.398910688003035974e+00 3.552361402598633866e-01 1.640528295932994901e-02 -1.530914032717772377e+00 1.025244736897286055e-02 7.032187771922641939e-02 5.777571608403151426e-01 -1.235338842674913895e+00 1.163613072276132310e-01 9.993231534053864662e-01 -1.197801354354758319e+00
4.187114751953494030e-02 -8.359837635235208009e-02 4.304210040678770888e-01 -1.376531206821963949e+00 3.721461087979343607e-01 -8.951309730060319492e-02 -1.402435563169992738e+00 5.610802267022424808e-03 6.924442751265465212e-02 6.085892551345787327e-01 -1.229413067156670314e+00 1.191806253320632641e-01 1.016570206258039288e+00 -1.231583515862537448e+00
8.912238554419282810e-02 -5.097769963705577750e-02 4.360168200053057275e-01 -1.351887506400359040e+00 3.756946142306789027e-01 -1.893791599138163473e-01 -1.259677604463662393e+00 1.896040668568055830e-03 6.854310329794358059e-02 6.386282074483627946e-01 -1.217178718135760729e+00 1.257487179114977205e-01 1.029261596042768234e+00 -1.266896403886443423e+00
1.372166106729690582e-01 -1.424406344007031824e-02 4.362421837885296916e-01 -1.320010108020298389e+00 3.718400079159372429e-01 -2.808144032171761562e-01 -1.112221086903060652e+00 -8.343692803285956625e-03 6.627845893224480756e-02 6.672801519648261515e-01 -1.217454258264814460e+00 1.386514383552684970e-01 1.038884897465394364e+00 -1.319061467525954212e+00
1.775572388777204580e-01 1.887873541248534168e-02 4.361018045267711640e-01 -1.285117485746239296e+00 3.630519590559493914e-01 -3.692705176388123012e-01 -9.660194748837356293e-01 -8.147187850800169211e-04 6.213926226509271927e-02 6.903589771467782965e-01 -1.169846987972218422e+00 1.562050708726447079e-01 1.041593508504477184e+00 -1.339275376785462601e+00
2.160554858744954954e-01 5.202096284669548154e-02 4.330654599898340340e-01 -1.246991630765153403e+00 3.555418265431219416e-01 -4.101792012950938870e-01 -9.200000000000000400e-01 -3.829569677618335690e-03 5.809332078869872129e-02 7.133633490477262473e-01 -1.144120022863603481e+00 1.850074453146798026e-01 1.047561095399547337e+00 -1.392276324577723212e+00
2.258254863741772644e-01 6.334515047563309131e-02 4.506994249694656895e-01 -1.232541717611661758e+00 3.670710346252513689e-01 -4.279471761368424110e-01 -9.200000000000000400e-01 -6.071363341411959227e-03 5.422273680679211283e-02 7.355985412868428774e-01 -1.113835368580618823e+00 2.276115914201726764e-01 1.066249937158212147e+00 -1.465688953273249329e+00
2.276839862705243578e-01 6.915861502128839433e-02 4.730810595949346276e-01 -1.223738076481831527e+00 3.693198445987896927e-01 -4.373591079196668119e-01 -9.200000000000000400e-01 -6.188916053484872816e-03 5.065089436966323938e-02 7.556064002863623896e-01 -1.073615012146865055e+00 2.788956812140327979e-01 1.084273927905399670e+00 -1.545677025107260016e+00
2.270652782417330040e-01 7.412734293657509410e-02 4.970532433828313001e-01 -1.213833522851007984e+00 3.489026468908253409e-01 -4.191197379067114204e-01 -9.200000000000000400e-01 -3.849831969773212861e-03 4.745852432761992618e-02 7.723625678637433545e-01 -1.020285925274379446e+00 3.380446176857241913e-01 1.092648016256277055e+00 -1.623884964699705558e+00
2.179447221105870192e-01 7.303756010139339505e-02 5.289220239002684343e-01 -1.208175263136454403e+00 3.417217376232770665e-01 -3.957145240095241157e-01 -9.200000000000000400e-01 -3.195401735220450984e-03 4.416031768596698909e-02 7.867721923998204359e-01 -9.644955824090886143e-01 4.022265663566872984e-01 1.086556103218704550e+00 -1.690162795153066222e+00
2.138037667263077979e-01 7.473703197520124852e-02 5.584162817891773489e-01 -1.198680249798192321e+00 3.446674235709454304e-01 -3.817497941438103282e-01 -9.200000000000000400e-01 -9.401638777335954641e-03 4.062032146882922634e-02 8.007824061532845539e-01 -9.200002508282237867e-01 5.170754010987747007e-01 1.081968670858125092e+00 -1.827468567136921518e+00
2.112741114963979372e-01 7.549974785083418682e-02 5.886944031249778941e-01 -1.192346073201250078e+00 3.298069089383980357e-01 -3.493845561845232428e-01 -9.200000000000000400e-01 -1.274488541034633597e-02 3.263983086069269235e-02 8.362864494458582820e-01 -9.200000000000000400e-01 6.596442184191808611e-01 1.112081504200205684e+00 -1.987170608554662765e+00
1.960551202997294906e-01 6.115768987705588744e-02 6.306275410710003859e-01 -1.200972768678461478e+00 3.234223574511767563e-01 -3.225362493985984846e-01 -9.200000000000000400e-01 -1.177054696255519853e-02 2.149189553999902857e-02 8.749752339050594907e-01 -9.200000000000000400e-01 6.215074116137422333e-01 1.071834870483139301e+00 -1.962510391567480195e+00
2.013422907507461945e-01 6.158962680162763381e-02 6.570555515848293116e-01 -1.202277338158523001e+00 3.248540543197750985e-01 -3.016350596410516394e-01 -9.200000000000000400e-01 -1.232638975280446296e-02 7.007689701836182158e-03 9.121589729145704872e-01 -9.200000000000000400e-01 6.924271927210438049e-01 9.676762281091743079e-01 -1.905888060150548124e+00
1.880495607605802422e-01 3.906906775695485196e-02 6.990505450668076382e-01 -1.226465198718009963e+00 3.321439850824930984e-01 -2.813324074264646479e-01 -9.200000000000000400e-01 -1.216250213304356440e-02 -8.523867403495441128e-03 9.437745778882198344e-01 -9.200000000000000400e-01 7.445468082289568024e-01 8.428574618588127176e-01 -1.794776407808870378e+00
1.786234570979182146e-01 1.617514111450587405e-02 7.360673955963984438e-01 -1.253741266876850835e+00 3.268557167994615709e-01 -2.559649414791167477e-01 -9.200000000000000400e-01 -7.744186186105446283e-03 -2.714753709344559784e-02 9.837346206076568178e-01 -9.200000000000000400e-01 7.850000000000000311e-01 7.321519894463561773e-01 -1.644348642648503667e+00
1.851119642558934908e-01 5.072665766038024319e-03 7.552731948177793253e-01 -1.279066644289944765e+00 3.277623049059906202e-01 -2.301971951071619948e-01 -9.200000000000000400e-01 -8.606786975300963205e-04 -5.229629950374157371e-02 1.019355471095285681e+00 -9.200000000000000400e-01 7.850000000000000311e-01 6.090996736350089424e-01 -1.440716180115283906e+00
1.886247533031691626e-01 -1.767401496299397801e-02 7.674567183352875022e-01 -1.315019638998545570e+00 3.278607435390093472e-01 -2.076255419462138818e-01 -9.200000000000000400e-01 4.169970142903561220e-04 -8.046767577714923625e-02 1.045937108074066701e+00 -9.200000000000000400e-01 7.850000000000000311e-01 4.772744188453778569e-01 -1.223228716531077565e+00
1.969663361674478808e-01 -4.412038627130469848e-02 7.649692155547107575e-01 -1.358364516414448220e+00 3.323841575101729173e-01 -1.800869587736307065e-01 -9.200000000000000400e-01 2.815868249896469745e-04 -9.661467905228411646e-02 1.076496085062971897e+00 -9.200000000000000400e-01 7.850000000000000311e-01 3.681763866541966079e-01 -1.023264966952726063e+00
1.989695540154796660e-01 -5.842437968303318407e-02 7.448094557396470750e-01 -1.400805982953566842e+00 3.363669380374443296e-01 -1.549040216352569332e-01 -9.200000000000000400e-01 -5.659420552964112075e-03 -1.170297610019305351e-01 1.091523706840499486e+00 -9.200000000000000400e-01 7.850000000000000311e-01 3.132828017879817351e-01 -9.200000000000000400e-01
1.990239720420524383e-01 -6.979173073806391181e-02 7.105801513487185472e-01 -1.443078874298922232e+00 3.388047604793551493e-01 -1.271045060651599390e-01 -9.200000000000000400e-01 -1.609368767986219667e-02 -1.464541292217919344e-01 1.104730174386880481e+00 -9.200000000000000400e-01 7.850000000000000311e-01 2.989107743784031324e-01 -9.200000000000000400e-01
2.005349391903688827e-01 -8.321560504949948589e-02 6.577087373488709199e-01 -1.483440240514963593e+00 3.410706564390395545e-01 -1.002819168624858037e-01 -9.200000000000000400e-01 -1.780538262454765819e-02 -1.755298047563360886e-01 1.112935654528171669e+00 -9.200000000000000400e-01 7.850000000000000311e-01 3.045877791198881024e-01 -9.200000000000000400e-01
2.035129013151186772e-01 -9.868069400320067519e-02 5.836977266598073477e-01 -1.512072309903414125e+00 3.429696436586403552e-01 -7.254591890735691273e-02 -9.200000000000000400e-01 -2.008608108214306881e-02 -1.859640546076725687e-01 1.117489827816630754e+00 -9.200000000000000400e-01 7.850000000000000311e-01 3.133983875925098750e-01 -9.200000000000000400e-01
1.870243803485329981e-01 -1.325035309515558146e-01 5.049076650530504029e-01 -1.527466399842765332e+00 3.298969430168210981e-01 -3.632397662927335652e-02 -9.406560587803063367e-01 -2.223415764092241328e-02 -2.161156965049363665e-01 1.133707726376389058e+00 -9.200000000000000400e-01 7.850000000000000311e-01 3.248875344946036137e-01 -9.200000000000000400e-01
1.736542886822687037e-01 -1.625462021628165110e-01 4.085954977817098932e-01 -1.516971468447843030e+00 3.196569129798792486e-01 4.615325135368172384e-03 -9.696844514290909878e-01 -2.339533513975285833e-02 -2.507694450130857899e-01 1.139675979511514781e+00 -9.200000000000000400e-01 7.850000000000000311e-01 3.469550540082836365e-01 -9.200000000000000400e-01
1.394325103272899824e-01 -2.032075865278597238e-01 3.175105669362067728e-01 -1.486491329042806564e+00 3.023530888352659596e-01 4.238149415822668742e-02 -9.948450024614594600e-01 -2.706296540663794686e-02 -2.873549789290246737e-01 1.153716390517555146e+00 -9.200000000000000400e-01 7.794171397885749641e-01 3.594183241389061201e-01 -9.200000000000000400e-01
1.025258010788976659e-01 -2.407227390710097725e-01 2.154777542977664717e-01 -1.436240080342920278e+00 2.851144415334587734e-01 7.758325624931181053e-02 -1.015408523320812550e+00 -2.616324595166252473e-02 -3.091880915367390958e-01 1.157742903424470171e+00 -9.200000000000000400e-01 7.455316447614245279e-01 3.765301106981783219e-01 -9.200000000000000400e-01
6.336626132233290354e-02 -2.704290492377663946e-01 1.117148521128539518e-01 -1.355260881106900905e+00 2.674360086397601366e-01 1.095051407122086262e-01 -1.031069650382141045e+00 -2.500918413596099274e-02 -3.121525786220905041e-01 1.174431900522769023e+00 -9.200000000000000400e-01 7.201853178460897453e-01 3.987979754778696595e-01 -9.200000000000000400e-01
1.508075060730220893e-02 -2.928116219480553784e-01 1.691293829073992061e-02 -1.243952662235388695e+00 2.453193517750387742e-01 1.366991377274703601e-01 -1.041417388221002271e+00 -2.485179493331011666e-02 -3.065124548694704854e-01 1.166894422750425431e+00 -9.200000000000000400e-01 6.988580814387441720e-01 4.162609262186494075e-01 -9.200000000000000400e-01
-3.498883963740988950e-02 -3.060181053569925314e-01 -6.620713061286451206e-02 -1.116469749478993245e+00 2.217989932602749958e-01 1.600113659942035416e-01 -1.047365171343037638e+00 -2.519552264396118790e-02 -3.012198147766991241e-01 1.193751883881673193e+00 -9.200000000000000400e-01 6.722598186998539616e-01 4.335042467371290620e-01 -9.200000000000000400e-01
-7.735339513490059604e-02 -3.118666069883072600e-01 -1.325678264357184333e-01 -9.977381891796505142e-01 2.008759455462770516e-01 1.807737990241293224e-01 -1.049598235946940239e+00 -2.580927193324023330e-02 -2.614919706449038705e-01 1.208578858191497796e+00 -9.200000000000000400e-01 6.511668959753026398e-01 4.465013030859472654e-01 -9.200000000000000400e-01
-1.041449019283455235e-01 -3.136587064295765503e-01 -1.604527039036304503e-01 -9.261830380675203367e-01 1.875773370719614197e-01 2.028735418925695921e-01 -1.053836174723685071e+00 -2.476031950461601849e-02 -1.988151767954979554e-01 1.223537482152384559e+00 -9.200000000000000400e-01 6.294157180452196743e-01 4.646775422295945646e-01 -9.200000000000000400e-01
-1.095904883615798908e-01 -3.114824126996157960e-01 -1.354987348257880031e-01 -9.200000000000000400e-01 1.847464972150930917e-01 2.300651557208757692e-01 -1.067231415052559695e+00 -2.460523498722838251e-02 -1.312256900857325104e-01 1.229900489457503410e+00 -9.200000000000000400e-01 6.082148383509444756e-01 4.803239520040671895e-01 -9.200000000000000400e-01
-1.022758481125904811e-01 -3.064292000830892149e-01 -1.011416011311185442e-01 -9.200000000000000400e-01 1.873004471800953086e-01 2.602738283323608459e-01 -1.087382744159935521e+00 -2.554867181500606113e-02 -5.149161825988365915e-02 1.221158843603374011e+00 -9.200000000000000400e-01 5.917570087524489653e-01 4.958709791625920404e-01 -9.200000000000000400e-01
-1.012123555871318609e-01 -3.045374769182206398e-01 -6.552042023434175022e-02 -9.200000000000000400e-01 1.858332557977968036e-01 2.903168661268072936e-01 -1.105607067991452697e+00 -2.016089331408038240e-02 2.891151455898960734e-02 1.212277834738000548e+00 -9.428026406825893435e-01 5.746345151224262482e-01 5.188387331590248452e-01 -9.200000000000000400e-01
-9.674924835406828461e-02 -3.019490867357569330e-01 -3.953896043195798127e-02 -9.200000000000000400e-01 1.868995812072511975e-01 3.231953186933314570e-01 -1.126825327644897623e+00 -1.657333533534299450e-02 1.148756964600038954e-01 1.183782912163785728e+00 -9.525002134573762325e-01 5.527311061731801090e-01 5.395294770753079616e-01 -9.200000000000000400e-01
-9.444333318795083976e-02 -3.000874111176702885e-01 -1.781618503770487916e-02 -9.200000000000000400e-01 1.875057402113100014e-01 3.526666806158825773e-01 -1.151407558605826331e+00 -1.220530648639640663e-02 2.015526473486788095e-01 1.125834752086284807e+00 -9.239869452927704785e-01 5.309534823221302435e-01 5.597031217203524145e-01 -9.200000000000000400e-01
-9.602981359965540031e-02 -3.003182719964156422e-01 5.795965004101452179e-04 -9.200000000000000400e-01 1.865281781969272967e-01 3.755203636975918968e-01 -1.179366573172250687e+00 -2.521459088487485248e-02 2.816085995110028106e-01 1.057378065544645196e+00 -9.200000000000000400e-01 5.102714890609072462e-01 5.638060487861883407e-01 -9.200000000000000400e-01
-9.175900279557641648e-02 -2.990385199923093484e-01 2.042643819258436674e-02 -9.322148250318461615e-01 1.912594923912833977e-01 3.923562687287132644e-01 -1.212020939361279526e+00 -1.978082033348923033e-02 3.467624286650136112e-01 9.932717651553865101e-01 -9.200000000000000400e-01 4.852858927474771322e-01 5.830433614151072641e-01 -9.200185229878086179e-01
-9.181793408037064452e-02 -3.003300812346100246e-01 4.383339971811914260e-02 -9.526968417134358269e-01 1.937321995846039147e-01 4.022861382830522081e-01 -1.245647685508624924e+00 -1.179393116194119538e-02 3.874314496018239073e-01 9.356605628627320259e-01 -9.200000000000000400e-01 4.603961442279800864e-01 6.046864957116765416e-01 -9.216807181183243047e-01
-8.804846910634055168e-02 -2.998339816849640571e-01 6.706952025957600705e-02 -9.729196978347661728e-01 2.002774433016374922e-01 4.084234455684403464e-01 -1.284370631698972032e+00 -7.643523259182612162e-03 4.164789958843215234e-01 8.850031950514343215e-01 -9.200000000000000400e-01 4.374133285870111520e-01 6.279944655358350447e-01 -9.342115936847034119e-01
-8.318707470132627457e-02 -2.988617106303236293e-01 9.018888181180440000e-02 -9.941194476633593569e-01 2.088002293312750390e-01 4.081857802599023199e-01 -1.324979553744029870e+00 -7.772209654789678616e-03 4.170590563231323933e-01 8.447801252752183965e-01 -9.200000000000000400e-01 4.153770959808754659e-01 6.541154298245510645e-01 -9.600082571848399526e-01
-7.179161713852441618e-02 -2.946680889399323489e-01 1.129102798946079178e-01 -1.017714582777401011e+00 2.128484594116272777e-01 3.904418446071130089e-01 -1.371352012449152502e+00 -3.834688761070640696e-03 3.887005655244116231e-01 7.877527264348221925e-01 -9.200000000000000400e-01 3.935487236136219757e-01 6.789508641139542222e-01 -9.719285809472656412e-01
-4.412576215306610039e-02 -2.816848520145722179e-01 1.341211307143794496e-01 -1.042764836807538176e+00 1.920237271074291818e-01 3.536372984442791023e-01 -1.396266973244366216e+00 -3.916118638440450363e-03 3.859853435375418806e-01 7.711676634413012765e-01 -9.200000000000000400e-01 3.740049665905793019e-01 7.064888405893450241e-01 -9.918182673474168487e-01
-7.467651622272948077e-03 -2.629267034666853409e-01 1.536644329351666560e-01 -1.066439624910334283e+00 1.630423899169868573e-01 3.072696622427805724e-01 -1.390895013918826972e+00 -7.538296629471696007e-03 3.574403430903152490e-01 7.666918335348121838e-01 -9.200000000000000400e-01 3.571009110272371223e-01 7.357658277136114311e-01 -1.017153497560560726e+00
3.875010468131732250e-02 -2.377146504960291340e-01 1.709621646402419148e-01 -1.088889456803359801e+00 1.314377707164681996e-01 2.535032769402150721e-01 -1.358016967392822627e+00 -1.018826499458847998e-02 3.429252764323935665e-01 7.832808792836780665e-01 -9.200000000000000400e-01 3.424505118077309507e-01 7.648989669786393497e-01 -1.037959191942933845e+00
9.745232068504645906e-02 -2.036012639385990086e-01 1.812803503905352775e-01 -1.102176298816905486e+00 9.997575398778875411e-02 1.995783437200762678e-01 -1.306150261517522004e+00 -5.458171944481066649e-03 3.451712288776668802e-01 7.852259982456143428e-01 -9.200000000000000400e-01 3.278559194956217060e-01 7.884793217114887121e-01 -1.034914002307283365e+00
1.601863761883575987e-01 -1.654212909610531246e-01 1.853611494564088857e-01 -1.106910525641179088e+00 6.535261052912494373e-02 1.570467573846176801e-01 -1.255651868867004639e+00 -7.043033662910934238e-03 3.240552638770524130e-01 7.854272087550254744e-01 -9.200000000000000400e-01 3.157687988022390146e-01 8.144950676713970106e-01 -1.048110758846853008e+00
2.176533101272356552e-01 -1.290525874416502683e-01 1.852028104267951503e-01 -1.105367835014215760e+00 3.439908413007877058e-02 1.256397614595177459e-01 -1.208695367753238381e+00 -4.340334489679676527e-03 3.138391835338457114e-01 7.989578104327735852e-01 -9.200000000000000400e-01 3.054097448599522036e-01 8.380621702293972186e-01 -1.046901009872256205e+00
2.703266722445130110e-01 -9.471606149481021086e-02 1.814936989631562858e-01 -1.098885898159947416e+00 9.797208540012140865e-03 1.100089134766135540e-01 -1.150877780868279965e+00 -8.027584526329263961e-03 3.070124231946992910e-01 8.025208270624470952e-01 -9.200000000000000400e-01 2.981588634250862957e-01 8.640757091827234726e-01 -1.063005827282421656e+00
3.058718329678531411e-01 -6.993423406842436130e-02 1.823379086270576765e-01 -1.096404876990930699e+00 -1.049271752570711709e-02 1.140955777893018636e-01 -1.115835657368110523e+00 -7.291393791521849112e-03 3.016414282983458928e-01 8.174261915427649683e-01 -9.200000000000000400e-01 2.920818052820078892e-01 8.881017581310221010e-01 -1.069718225282953572e+00
3.205827368682729883e-01 -5.733164106927179926e-02 1.917087785460356020e-01 -1.102989466514530115e+00 -1.236759802714382760e-02 1.302802015867708663e-01 -1.093857082839298611e+00 -1.218910050546252212e-02 2.896321647904223084e-01 8.211254073490250605e-01 -9.200000000000000400e-01 2.892394389868372384e-01 9.140684292134411137e-01 -1.095694434248216664e+00
3.138241399464660186e-01 -5.814012318812072921e-02 2.108574130600472107e-01 -1.121507491504044385e+00 8.199020397016136986e-04 1.491409550267032147e-01 -1.086669141097321933e+00 -1.471487659813826461e-02 2.768746558464070251e-01 8.083452054290924949e-01 -9.200000000000000400e-01 2.879285307051169251e-01 9.384897396074605158e-01 -1.122252635672270626e+00
2.923670767776607171e-01 -6.915378333846816661e-02 2.364020041243268255e-01 -1.150129454249090077e+00 1.811259677150692943e-02 1.746979494456916693e-01 -1.105195835664991355e+00 -2.039989727459491642e-02 2.649081051581653190e-01 8.141873371567903694e-01 -9.200000000000000400e-01 2.920110007987882228e-01 9.636919963578535198e-01 -1.163582402114757164e+00
2.543043989001820271e-01 -6.562735009571346589e-02 2.538472816445724867e-01 -1.169638247288207644e+00 2.619853641732864183e-02 1.950393964403361324e-01 -1.125800630534999236e+00 -1.643795313445472334e-02 2.582792990622065910e-01 8.253627392821023534e-01 -9.200000000000000400e-01 2.986214514187022218e-01 9.837775794868627299e-01 -1.189137177059626627e+00
2.116185012943333776e-01 -5.600739800782270073e-02 2.678392752733024240e-01 -1.186357289774708557e+00 3.286321431208413801e-02 2.104808613406939088e-01 -1.138834350764758918e+00 -9.132394144290562413e-03 2.563306834027250236e-01 8.165460051160091659e-01 -9.200000000000000400e-01 3.085479000046969511e-01 1.000724444505940447e+00 -1.213784121239885883e+00
1.679804165970960050e-01 -4.573725117746658964e-02 2.808794113009258631e-01 -1.204143787438767044e+00 4.254501295369578218e-02 2.229265002783808181e-01 -1.150943712904966443e+00 -1.311938203878453522e-02 2.525335493817948418e-01 8.193468356784985307e-01 -9.200000000000000400e-01 3.234024824632745765e-01 1.018880091086514561e+00 -1.269676234342010046e+00
1.262273351761862283e-01 -3.420870080834481630e-02 2.919253423333690867e-01 -1.219796643252088808e+00 5.257762996993135818e-02 2.345453890329652624e-01 -1.164098862150351632e+00 -1.147382455292962275e-02 2.523136970434395332e-01 8.213055567936973222e-01 -9.200000000000000400e-01 3.408442524020307007e-01 1.031853502007232581e+00 -1.316448936084569254e+00
9.002272845379874489e-02 -2.488868466153311768e-02 3.041386057660376840e-01 -1.236988243897181539e+00 6.199733443625730228e-02 2.450332886392505571e-01 -1.172312313435052156e+00 -1.299541779553631433e-02 2.515989991094950695e-01 8.123213050719270134e-01 -9.200000000000000400e-01 3.652555060055820424e-01 1.043248997838178926e+00 -1.376102317776652928e+00
6.580390532677998783e-02 -1.932530901816481572e-02 3.187702689052994143e-01 -1.256226108018503762e+00 7.092251093069797119e-02 2.557356002266791828e-01 -1.176128042509479554e+00 -1.029329997315179580e-02 2.579010316549762982e-01 8.378233592934591911e-01 -9.200000000000000400e-01 3.966687175136031085e-01 1.041174937264926825e+00 -1.423928498233563156e+00
5.370923647147145957e-02 -1.548593874917216298e-02 3.344690270489136252e-01 -1.275481530176881373e+00 7.977911589946141968e-02 2.674783478713642082e-01 -1.178120082261164825e+00 -1.416378467019721414e-02 2.514350075735714007e-01 8.409022423583054628e-01 -9.200000000000000400e-01 4.359021313817382226e-01 1.019039339678122991e+00 -1.469903382596902119e+00
4.926925372232231204e-02 -1.116754482001421078e-02 3.506863714844056235e-01 -1.294187522335524143e+00 8.744340864347177611e-02 2.781036886714434164e-01 -1.176444943381385722e+00 -1.396774402794299409e-02 2.446206708783023875e-01 8.640912182287817656e-01 -9.200000000000000400e-01 4.802864461498095872e-01 9.775833993970179936e-01 -1.488608810269373528e+00
5.468466956639655985e-02 -1.617073684625721167e-02 3.654910348631832950e-01 -1.318099983889688076e+00 9.699083616134311636e-02 2.899333720823337179e-01 -1.174397335778150309e+00 -1.223624633876466312e-02 2.392295224928453201e-01 8.714237525312066301e-01 -9.200000000000000400e-01 5.295666755215093779e-01 9.247824075167762059e-01 -1.486004732424208052e+00
7.232164242562838519e-02 -2.690361914320613806e-02 3.747264303208778791e-01 -1.342676766840943614e+00 1.127497451065279932e-01 3.054877564384923527e-01 -1.174715668285059467e+00 -9.644318561252055930e-03 2.330159716195784880e-01 8.956424463048784368e-01 -9.200000000000000400e-01 5.809429102501292297e-01 8.760284094819955625e-01 -1.473077894361696227e+00
9.025262561242827775e-02 -5.152108636929544211e-02 3.858425442771156733e-01 -1.380010073723549446e+00 1.285848105110735107e-01 3.204479644664560145e-01 -1.173370271118661101e+00 -1.023758550777218064e-02 2.306870341839305227e-01 9.200818788028801709e-01 -9.200000000000000400e-01 6.295756408926187486e-01 8.272429149785213154e-01 -1.457329741159780534e+00
1.208775511265665487e-01 -8.256392712968307901e-02 3.905474897325678652e-01 -1.424229693484161841e+00 1.526717518538313889e-01 3.388455421703270298e-01 -1.174231563259003686e+00 -1.104191906834123618e-02 2.230770867904793286e-01 9.393255798199416917e-01 -9.200000000000000400e-01 6.738407421995492586e-01 7.775226156167248659e-01 -1.427105051720796380e+00
1.444654626267433684e-01 -1.177210603935186922e-01 3.889189035835192154e-01 -1.462931189572362234e+00 1.730294155393661271e-01 3.541770636895352209e-01 -1.172933399037272562e+00 -1.345384197666086093e-02 2.103866508408928637e-01 9.441595200213837025e-01 -9.200000000000000400e-01 7.101742544674656266e-01 7.333640152474538709e-01 -1.387712523963485545e+00
1.636466376815438606e-01 -1.489702535010209716e-01 3.719305981957289897e-01 -1.480827226396979501e+00 1.923462224968047474e-01 3.676401809603465631e-01 -1.170796758134851290e+00 -1.482574593986302029e-02 2.009400847306943572e-01 9.643562438756878574e-01 -9.274779941112063497e-01 7.380072065608324072e-01 6.936971186804623546e-01 -1.335714487518778526e+00
1.569236497452751733e-01 -1.826000476588732491e-01 3.447549387770686979e-01 -1.471597545422180797e+00 1.952420357798056727e-01 3.729461128960654959e-01 -1.163125104011930810e+00 -1.045702623784948264e-02 1.941562187960792496e-01 9.629353834086599173e-01 -9.200000000000000400e-01 7.572495456910065537e-01 6.535744499437338151e-01 -1.261496842068725144e+00
1.355206728227844049e-01 -1.982746505117390090e-01 3.020182214603459592e-01 -1.412281515061743820e+00 1.890131402271367222e-01 3.732475195806438384e-01 -1.151606255452532368e+00 -5.640722744014604190e-03 1.843711822649544696e-01 9.500537640287725072e-01 -9.200000000000000400e-01 7.740584463078528099e-01 6.086433607301137139e-01 -1.169103752931185403e+00
1.032363731482962010e-01 -2.156874719715175248e-01 2.639356976067978033e-01 -1.330973612263231631e+00 1.742818826592962278e-01 3.704263453673921624e-01 -1.138855418107632911e+00 -5.255390724016961376e-03 1.880448320456258871e-01 9.547401496369233298e-01 -9.200000000000000400e-01 7.850000000000000311e-01 5.575340678314089082e-01 -1.066839001527817743e+00
8.468366288908547868e-02 -2.214783917845927208e-01 2.410347176476707043e-01 -1.257860717368166625e+00 1.687244287560555056e-01 3.721917352808894464e-01 -1.129759643422277859e+00 -4.256980729888245815e-03 1.897946153963543103e-01 9.679074797321506329e-01 -9.200000000000000400e-01 7.850000000000000311e-01 5.043561467531756382e-01 -9.550011767626922499e-01
7.241738638012248930e-02 -2.232651198957141259e-01 2.412428777807281988e-01 -1.211225093228061267e+00 1.681195248116724994e-01 3.765329889057907331e-01 -1.122104912346187033e+00 -1.026973446757879944e-02 1.786688748901264778e-01 9.644631789163700120e-01 -9.200000000000000400e-01 7.850000000000000311e-01 4.806864925472669747e-01 -9.200000000000000400e-01
6.295807518656992841e-02 -2.248483970016118827e-01 2.488996308792642831e-01 -1.182903377784026766e+00 1.705139312212463343e-01 3.838327060579186378e-01 -1.117941703272625542e+00 -1.611657819387453741e-02 1.741636942006145050e-01 9.681028195615104526e-01 -9.200000000000000400e-01 7.850000000000000311e-01 4.736875545286285405e-01 -9.200000000000000400e-01
5.131427627396694530e-02 -2.288031084510489532e-01 2.611213003459331716e-01 -1.164807219102058866e+00 1.721800562425606085e-01 3.926807958599037307e-01 -1.116332069573002572e+00 -1.837603290740339249e-02 1.651406136443720751e-01 9.636625140239164500e-01 -9.200000000000000400e-01 7.850000000000000311e-01 4.793682754794114098e-01 -9.200000000000000400e-01
3.935679708268156884e-02 -2.338637986553996628e-01 2.751809267176199558e-01 -1.153152609338093271e+00 1.758710043951659252e-01 4.041135014970118067e-01 -1.118394703900132514e+00 -2.316876690382631623e-02 1.621975469510776591e-01 9.573068774344599685e-01 -9.200000000000000400e-01 7.850000000000000311e-01 4.711552938362493226e-01 -9.200000000000000400e-01
3.121511113963313516e-02 -2.369839223017714824e-01 2.864572588856702517e-01 -1.141335144224282949e+00 1.845934900915323640e-01 4.188148034062273428e-01 -1.124785083844546341e+00 -2.100377369335092517e-02 1.480806053673164591e-01 9.715173982912581607e-01 -9.200000000000000400e-01 7.850000000000000311e-01 4.828492312209208825e-01 -9.200000000000000400e-01
2.147533674342558610e-02 -2.428298040278359660e-01 3.007452972847770023e-01 -1.145500607435018470e+00 1.933800130035590314e-01 4.353793747626481525e-01 -1.136035056932287013e+00 -2.441239210672367654e-02 1.370894756977308893e-01 9.509567954300878201e-01 -9.200000000000000400e-01 7.844792726506244485e-01 4.778459579406963420e-01 -9.200000000000000400e-01
8.541136728899063240e-04 -2.573134268194833263e-01 3.173233963781458278e-01 -1.160671506748288895e+00 1.942073113992107136e-01 4.492102033376372261e-01 -1.147247880951643095e+00 -2.390292126925725597e-02 1.319258543111316018e-01 9.615357309966899857e-01 -9.200000000000000400e-01 7.695523988995589537e-01 4.783676517842182507e-01 -9.200000000000000400e-01
-1.151105473954502564e-02 -2.670779849840845266e-01 3.340152332175782002e-01 -1.180667705450041849e+00 2.034926619713672835e-01 4.652301034965675153e-01 -1.159091899978732521e+00 -2.831114397944331160e-02 1.248482508829596854e-01 9.601892192023767647e-01 -9.200000000000000400e-01 7.590036947276767032e-01 4.695423084131361002e-01 -9.200000000000000400e-01
-2.053465867990793975e-02 -2.749300256700263345e-01 3.507947987939458723e-01 -1.201553934943803137e+00 2.136243764185183636e-01 4.808748858275505023e-01 -1.170311059116302621e+00 -2.486836846713117583e-02 1.183730638836653776e-01 9.759141072646053683e-01 -9.200000000000000400e-01 7.424529605110791186e-01 4.823277284604968185e-01 -9.200000000000000400e-01
-2.874391284945678957e-02 -2.820501820397295356e-01 3.661680304024521049e-01 -1.217939103250694322e+00 2.227459940428640484e-01 4.953724863575942328e-01 -1.180154967802844901e+00 -2.682714473508928874e-02 1.083824270014989710e-01 9.665389961632400162e-01 -9.200000000000000400e-01 7.347390223206758941e-01 4.803307746735478445e-01 -9.200000000000000400e-01
-3.314186716966747992e-02 -2.859971179851710232e-01 3.794135777313453750e-01 -1.227666734368294987e+00 2.272296460929897899e-01 5.118484510384914143e-01 -1.188471770904441671e+00 -2.594314028773496775e-02 9.929778461145843949e-02 9.678295445982972867e-01 -9.200000000000000400e-01 7.249503004910293757e-01 4.819438851026547344e-01 -9.200000000000000400e-01
-3.341550210885866484e-02 -2.854949218552806922e-01 3.871815967924343571e-01 -1.221550691961422075e+00 2.259444984497919751e-01 5.249961900665873760e-01 -1.190557851800134292e+00 -3.304788533484519231e-02 8.861285958739353874e-02 9.629509957402641041e-01 -9.200000000000000400e-01 7.115135523445845767e-01 4.923233553205124680e-01 -9.321108344756482422e-01
-3.422701784401810388e-02 -2.877114110482943965e-01 4.014955150071436996e-01 -1.238901967618002198e+00 2.281759297773744144e-01 5.498390078988533158e-01 -1.224279538515413490e+00 -2.278151657745570297e-02 8.280398303412611627e-02 9.897153069252795365e-01 -9.200000000000000400e-01 7.054276952878357765e-01 4.972369874445483062e-01 -9.200000000000000400e-01
-3.630156511799995794e-02 -2.894804136741893075e-01 4.112749981181073045e-01 -1.241571574556408653e+00 2.290135095967454071e-01 5.622806117493727163e-01 -1.258350280287191980e+00 -2.611496894668181509e-02 7.627782070076080667e-02 1.001067747440962608e+00 -9.200000000000000400e-01 6.975128585764698297e-01 5.003715362042279180e-01 -9.200000000000000400e-01
-3.640924555897469272e-02 -2.895940066338897889e-01 4.193955067124594538e-01 -1.242015226416691487e+00 2.332170772617674082e-01 5.671881019072508856e-01 -1.304980292232872818e+00 -2.526510470466812250e-02 6.385859573488096574e-02 1.011704939207624054e+00 -9.200000000000000400e-01 6.812510263894832052e-01 5.035181928307906896e-01 -9.200000000000000400e-01
-3.421378647873570683e-02 -2.878471225338877226e-01 4.243566539120738890e-01 -1.241231470034340312e+00 2.409211042579826600e-01 5.617533049993788108e-01 -1.358443124480293474e+00 -2.598005486520950022e-02 5.427815702406798420e-02 1.013169661467838711e+00 -9.200000000000000400e-01 6.636199018058154264e-01 5.038584562854827587e-01 -9.200000000000000400e-01
-2.966525439549538498e-02 -2.843255915485422558e-01 4.274146853046315586e-01 -1.240794526004591836e+00 2.512801984138290368e-01 5.320799890147294153e-01 -1.403164054993907062e+00 -2.418384434268525118e-02 5.026697978313247189e-02 1.012186408570406648e+00 -9.200000000000000400e-01 6.422410036653964927e-01 5.066058662172452376e-01 -9.200000000000000400e-01
-1.020606917823168799e-02 -2.681731233512738566e-01 4.381191035918989285e-01 -1.256811291915935103e+00 2.588605716132933443e-01 4.762071866641401918e-01 -1.436508881558081097e+00 -2.355924987183507027e-02 4.047951591881654432e-02 1.017552832514396766e+00 -9.200000000000000400e-01 6.231656826440877817e-01 5.363844327754565544e-01 -9.832832175661990748e-01
1.473414841261096869e-02 -2.372763911204451848e-01 4.271693749084862768e-01 -1.240418093659495513e+00 2.415679864054544324e-01 3.928069054472857480e-01 -1.441587473711169354e+00 -1.703452561140221533e-02 2.660183081319054260e-02 1.010579921753619992e+00 -9.200000000000000400e-01 6.022570608472190834e-01 5.435124401144196815e-01 -9.798462643566523411e-01
5.172357008114878557e-02 -1.940848479652642344e-01 4.211794271068312612e-01 -1.234666431884680726e+00 2.257509786991896139e-01 2.928371284402750407e-01 -1.410944470551664054e+00 -1.533571946985493040e-02 1.995395428807122257e-02 1.023166080608446826e+00 -9.200000000000000400e-01 5.848043602408768971e-01 5.607873699639387421e-01 -1.005873331270533244e+00
9.657493346675621870e-02 -1.468736225092280023e-01 4.093387622739600440e-01 -1.222311379871640957e+00 2.082451751661850703e-01 1.765758115802615880e-01 -1.333517624694771975e+00 -1.707837358662664395e-02 1.462758428574856967e-02 1.019733963302907220e+00 -9.200000000000000400e-01 5.702519562226504579e-01 5.783424445645647394e-01 -1.035561678890230874e+00
1.584431116506831994e-01 -8.897701216639307409e-02 3.851434052929942342e-01 -1.196329767236021135e+00 1.905340522871138698e-01 6.544507501047665265e-02 -1.235330146296909959e+00 -1.645790049532676325e-02 1.015848493884372560e-02 1.028930653946179996e+00 -9.200000000000000400e-01 5.563176080315344052e-01 5.941366094299307399e-01 -1.052470695017618363e+00
2.251851108720412664e-01 -2.942523520299478168e-02 3.509220608918056095e-01 -1.154384710591641827e+00 1.648436760001827928e-01 -3.605605266383750396e-02 -1.108585223223483851e+00 -9.795636271875329468e-03 1.179640080792158582e-03 1.053334466780220913e+00 -9.200000000000000400e-01 5.417152181608735351e-01 6.073738345694261742e-01 -1.047613953496474348e+00
3.006960642581959497e-01 3.560183105499047790e-02 2.995487520121062341e-01 -1.086445414565160084e+00 1.376802986578440080e-01 -1.217420109026762370e-01 -9.812510056221435129e-01 -1.123144443027026228e-02 -1.069504287058032060e-03 1.047652474572106529e+00 -9.200000000000000400e-01 5.302112714588642639e-01 6.230202693277699932e-01 -1.062188438448379513e+00
4.343329612983781174e-01 1.358973385324775129e-01 1.754500184533718810e-01 -9.200000188467233331e-01 1.330223945561576637e-01 -1.535137508969686426e-01 -9.200000000000000400e-01 -1.556425193081415435e-02 1.362406310292016247e-02 1.050805429289710213e+00 -9.200000000000000400e-01 5.189176869229902289e-01 6.396507098188769502e-01 -1.083463059553191554e+00
3.600583839554278298e-01 1.051407189838230449e-01 2.424771498917744350e-01 -9.894030472886908845e-01 9.253128513479305650e-02 -1.911849019126596605e-01 -9.200000000000000400e-01 -1.373266519967259944e-02 7.644586806415032930e-03 1.045031067036774397e+00 -9.200000000000000400e-01 5.053339086181447559e-01 6.549979330769521990e-01 -1.086803794890638164e+00
3.240485542962239784e-01 9.960568816845112583e-02 2.687986345212072248e-01 -1.005953804497543569e+00 7.105282639083795870e-02 -2.065654050719152868e-01 -9.200000000000000400e-01 -1.057994723686793426e-02 2.191972983239126940e-02 1.047925740624271684e+00 -9.200000000000000400e-01 4.906533398182534311e-01 6.702158537196104549e-01 -1.085646926679020519e+00
3.677913991593764198e-01 1.497876488692374830e-01 2.119277741320745589e-01 -9.200000000000000400e-01 9.291623398597279038e-02 -1.806805545014973924e-01 -9.200000000000000400e-01 -1.204451698500544864e-02 6.750925706376498248e-02 1.026071697322605170e+00 -9.200000000000000400e-01 4.751262309010343965e-01 6.872894045203664648e-01 -1.096437311076300380e+00
2.713417415561520940e-01 1.119087349821670657e-01 2.904884494980425891e-01 -1.005182606685210311e+00 8.995822668715315606e-02 -1.948442907708938521e-01 -9.200000000000000400e-01 -8.082903404665697442e-03 1.044627441957654834e-01 1.011412234744022642e+00 -9.200000000000000400e-01 4.538242937836334256e-01 7.035990849923218216e-01 -1.093634532657300262e+00
2.598284541942995629e-01 1.376763338484348342e-01 2.746522441292030270e-01 -9.755268593686801104e-01 7.572334950058558223e-02 -1.723676884626008654e-01 -9.200000000000000400e-01 -4.583515432021441870e-03 1.587656428926864094e-01 9.686136727052894191e-01 -9.200000000000000400e-01 4.264641683279145057e-01 7.214729143735371109e-01 -1.092600382380293444e+00
1.959420795906497981e-01 1.323467285358763679e-01 3.053524684757088492e-01 -1.005924549999587470e+00 8.031574146779722756e-02 -1.587989073313426092e-01 -9.200000000000000400e-01 -8.999104366343445988e-03 2.143595602503910735e-01 9.059842386140681825e-01 -9.200000000000000400e-01 3.967970181950654651e-01 7.430044253398517817e-01 -1.110182611391416385e+00
2.189779668743985497e-01 1.894309377529915239e-01 2.399633382240387025e-01 -9.200002707326925266e-01 8.977643587611740250e-02 -1.203158951342460647e-01 -9.200000000000000400e-01 -6.757087758766600061e-03 2.635853720912407772e-01 8.626474361276866842e-01 -9.737407966289096661e-01 3.644745289931477505e-01 7.618066922412007891e-01 -1.103879820302330117e+00
1.265135982767586209e-01 1.656361951880566119e-01 3.040836756190907209e-01 -1.000963453530400171e+00 7.697224737680535833e-02 -1.111320884847014356e-01 -9.200000000000000400e-01 -2.856022393449463709e-03 2.996452319385882190e-01 8.098336449983953855e-01 -1.013394084034087594e+00 3.340874569486652068e-01 7.782350611596616785e-01 -1.085016024406450175e+00
8.920483520303924829e-02 1.702723970168092960e-01 3.172452069946019027e-01 -1.025941947134816790e+00 9.048873473620998309e-02 -9.725161356423780989e-02 -9.200000000000000400e-01 -1.134952247030213910e-04 3.163887330043739787e-01 7.473538448232304177e-01 -1.003251344286394175e+00 3.090535254377343444e-01 7.929549434877002367e-01 -1.061530178161554927e+00
6.590696930208718440e-02 1.737128118164177060e-01 3.307917943796437887e-01 -1.060822613721252639e+00 8.710343191058995960e-02 -7.722015380810036411e-02 -9.200000000000000400e-01 5.848914752776318039e-03 3.086417632614632534e-01 6.838441103007616428e-01 -9.339557365087913787e-01 2.878076085798275674e-01 8.047994481798762534e-01 -1.024879106648917126e+00
6.297844151506605537e-02 1.776440049313741110e-01 3.416450000191916248e-01 -1.101348075025765594e+00 9.973348001712936672e-02 -5.086303641551895988e-02 -9.200000000000000400e-01 -1.351163498572042522e-02 2.957865016761470067e-01 6.423406854068015592e-01 -9.200000000000000400e-01 2.724764704718060093e-01 8.275020587611225942e-01 -1.056841993038675431e+00
9.295200174095115397e-02 1.869142026593299255e-01 3.383908416850158196e-01 -1.134517950270686137e+00 1.206104865492179518e-01 -1.794689210110810007e-02 -9.200000000000000400e-01 -1.585832286720032999e-02 2.727052881280352947e-01 6.300820058398767243e-01 -9.200000000000000400e-01 2.567690637052876812e-01 8.428764674427368098e-01 -1.043365673736795562e+00
8.768198050413540667e-02 1.493247473136156966e-01 3.928293598231539230e-01 -1.243829739906069376e+00 1.270824137320653024e-01 1.770376049962327225e-02 -9.486178458548909509e-01 -6.307395630183810012e-03 2.463194259962175892e-01 6.370437172906371348e-01 -9.200000000000000400e-01 2.406974268852459797e-01 8.520845976084987505e-01 -9.979284267856999291e-01
1.143839995493354939e-01 1.226866846872965572e-01 4.225514947381764363e-01 -1.338069546780343178e+00 1.493887287583836598e-01 7.280972957574873006e-02 -1.005729542065657789e+00 -4.597535828753658398e-03 2.254979646881575261e-01 6.507148104069571115e-01 -9.200000000000000400e-01 2.258489327103263555e-01 8.647035945206642538e-01 -9.746653436476887533e-01
1.486660878421894316e-01 9.685504386867009596e-02 4.506701228611287857e-01 -1.443953002542335051e+00 1.774584624442456793e-01 1.282489121127663445e-01 -1.060512772245646440e+00 -1.284301536702122867e-02 2.039893978042116029e-01 6.489499530105556913e-01 -9.200000000000000400e-01 2.120496830589771731e-01 8.827986413739293825e-01 -9.795625280924502576e-01
1.874756980090987735e-01 6.960359401770288557e-02 4.814707487377112849e-01 -1.557624086059095525e+00 2.116384521654029460e-01 1.822604565817896594e-01 -1.110458440997408536e+00 -8.226139345878255224e-03 1.789604203395280813e-01 6.613433037866753850e-01 -9.203949124253300029e-01 1.965475469240614559e-01 8.939207906270926207e-01 -9.465209205147452343e-01
2.311401861548793291e-01 4.007882802833830777e-02 5.122939496580922736e-01 -1.672733432009144483e+00 2.525291253356624077e-01 2.327071470226722560e-01 -1.152170035988662411e+00 -1.009360827156972548e-02 1.533079577829492279e-01 6.859198472014242931e-01 -9.626421804701275065e-01 1.786379420112955974e-01 9.079704542044958471e-01 -9.282806015752804729e-01
2.693266035253676915e-01 -3.767910804097278094e-03 5.465897076246412079e-01 -1.800342269093795577e+00 2.919172473379325616e-01 2.757544992536429818e-01 -1.183418843971732581e+00 -1.221906001638945437e-02 1.293885173015462686e-01 7.081564797194479510e-01 -1.000236858058556999e+00 1.615453194992722552e-01 9.208816906140547820e-01 -9.200000000000000400e-01
2.924591119592138133e-01 -5.321885847866836966e-02 5.790520588203337260e-01 -1.933903961137119598e+00 3.230960115815984524e-01 3.125903661067893080e-01 -1.208104927615294200e+00 -1.254906160716814066e-02 1.061399409687803358e-01 7.287217445904832225e-01 -1.028858623576458520e+00 1.483370752743936316e-01 9.330585388295615790e-01 -9.200000000000000400e-01
3.014998964806270831e-01 -5.208227978698989902e-02 5.738790343684507800e-01 -2.036567568784005910e+00 3.465092211475425121e-01 3.459970139593087080e-01 -1.229637463454665625e+00 -1.242769502176233921e-02 8.384687915995667207e-02 7.488192486901503742e-01 -1.052943862455142821e+00 1.452967286421479598e-01 9.599048413364495991e-01 -9.581381845708635270e-01
3.074156731546802135e-01 -6.027596088774267447e-02 5.430902540486504115e-01 -2.133353464040289804e+00 3.685979658304620599e-01 3.777539333745121297e-01 -1.248948004290080016e+00 -8.410959411147519646e-03 6.223158323898001637e-02 7.678129891463804091e-01 -1.064687419163520055e+00 1.471089749795569945e-01 9.605840605946590616e-01 -9.408307620309275254e-01
2.799609426965029013e-01 -1.196798489938258186e-01 5.026369621920037112e-01 -2.235685928801528721e+00 3.667725223195284490e-01 4.098460735396151078e-01 -1.274459837796333872e+00 6.669812369911907318e-03 4.194446897345532888e-02 7.818009285671435604e-01 -1.042389135958650792e+00 1.749734639498335131e-01 1.020704420130741807e+00 -1.023490517156921298e+00
2.503015678725720172e-01 -1.952312163097448539e-01 4.310622670214122043e-01 -2.312471374827408166e+00 3.616522040669761795e-01 4.413012860236660839e-01 -1.299634946306905903e+00 -2.682031278885858069e-03 2.291914230826289783e-02 8.072989597675770401e-01 -1.086954748210446686e+00 2.227946157774538805e-01 1.106149548970727370e+00 -1.241636400530838902e+00
2.275294613140852740e-01 -2.660145577915635773e-01 3.404084504682559631e-01 -2.343537369193076980e+00 3.597205001812911473e-01 4.721241888429005829e-01 -1.322114625481214834e+00 4.364018590801452789e-03 5.784917362118851061e-03 8.249217071703325299e-01 -1.082401018947750426e+00 2.772637120288737322e-01 1.155620548336142805e+00 -1.403966394010367047e+00
2.019778508156134245e-01 -3.421346598880367629e-01 2.396374269042357563e-01 -2.337646180169735466e+00 3.553322998557481016e-01 5.023847639200427206e-01 -1.342980696111986783e+00 -2.999378071777855388e-03 -1.073622844848736574e-02 8.472616087735428403e-01 -1.112066986600989571e+00 3.439207408396700583e-01 1.182107734446709912e+00 -1.578272702652141035e+00
1.683398901125365832e-01 -4.240656684073884075e-01 1.387143263574903973e-01 -2.299015080850853820e+00 3.437816005307675060e-01 5.322743681963617579e-01 -1.363685112907884189e+00 5.982344040420593638e-04 -2.685568131837923200e-02 8.653421703595125525e-01 -1.112707239178152285e+00 4.076758610622782664e-01 1.175021653315572401e+00 -1.698725786196614518e+00
1.369377508636832053e-01 -4.851973809660161119e-01 5.050434630430885447e-02 -2.228605169666162400e+00 3.320285089073134466e-01 5.600611481154029736e-01 -1.377506693482482669e+00 7.687028377712023380e-03 -4.282468539096455362e-02 8.791814613734428852e-01 -1.099344549313440833e+00 4.622394276837282212e-01 1.135194958104669416e+00 -1.774204958130971566e+00
9.034313688370228246e-02 -5.276067872084631016e-01 -4.871248054030844800e-03 -2.133179772672603836e+00 3.049060291615793838e-01 5.851530796591590811e-01 -1.388617134090206484e+00 7.284624858694417615e-03 -5.848572128879030163e-02 8.939898894140621000e-01 -1.100612621269611013e+00 5.031313789955150773e-01 1.065904127044399630e+00 -1.822625062329832790e+00
2.892057589849428983e-02 -5.375816692883786940e-01 -3.489185826525877110e-02 -2.003474811138268308e+00 2.617287808226568813e-01 6.046612744582471333e-01 -1.394463916532427517e+00 6.662073863113011744e-03 -7.353754752067108436e-02 9.073811279089248893e-01 -1.098699253703186551e+00 5.205787689183787315e-01 9.686217902238951627e-01 -1.822230980742392648e+00
-4.096211212500996263e-02 -5.263375679480200020e-01 -6.443028362331698622e-02 -1.850966544470412645e+00 2.053107947796144750e-01 6.156465985591386136e-01 -1.390390404541219649e+00 6.832827516961083889e-05 -8.811994246189494562e-02 9.219857692244508574e-01 -1.107824019430283746e+00 5.210103611238859900e-01 8.558765594332060633e-01 -1.796235899664652358e+00
-8.889237512155377663e-02 -4.902496574465026180e-01 -1.029869758944379626e-01 -1.680948195660658007e+00 1.642207434241398090e-01 6.261559591074780107e-01 -1.378479755771610860e+00 7.528877458685996962e-03 -1.010674511806376741e-01 9.286579729140126416e-01 -1.075779569787921996e+00 5.009067415559367298e-01 7.445416189161004894e-01 -1.720362410915986517e+00
-1.310684044100154932e-01 -4.597668974136803199e-01 -1.500302036144066098e-01 -1.522273442188863291e+00 1.249416354210551028e-01 6.338463923885384599e-01 -1.359354908546146046e+00 9.741221411927562801e-03 -1.137447069397996419e-01 9.361515728321305740e-01 -1.053727223011220904e+00 4.553205606687215634e-01 6.099696957441932410e-01 -1.617795165693858728e+00
-1.651041187126862098e-01 -4.309312952842137556e-01 -1.942282757645730773e-01 -1.373471394595749961e+00 9.061843326924534647e-02 6.389336278247211842e-01 -1.339694929782169641e+00 2.852100968350285582e-03 -1.255028409438970760e-01 9.451142762510320594e-01 -1.048603703954541722e+00 4.195707479358576908e-01 5.383646545099984859e-01 -1.595357697014834875e+00
-1.870936983229267436e-01 -4.034288509827904101e-01 -2.327389813550619913e-01 -1.232964904569132880e+00 6.354666535691300133e-02 6.490794908887326242e-01 -1.321636657816115168e+00 -2.874508571725132525e-03 -1.363125880309657978e-01 9.533436840066800144e-01 -1.038204373291038873e+00 3.745791813749272392e-01 5.011617153632232924e-01 -1.551706069732678994e+00
-1.996691264395430709e-01 -3.807360718439828928e-01 -2.588504064490398937e-01 -1.111516655582188928e+00 4.123336031264775159e-02 6.640080241020587248e-01 -1.304992047516019271e+00 1.702262652101468865e-04 -1.456589109374133162e-01 9.570568907828510552e-01 -1.002172626983287795e+00 3.263554898599065890e-01 4.723006165941985302e-01 -1.445101519237874887e+00
-2.036179937954577246e-01 -3.643932583724281971e-01 -2.647948626174307374e-01 -1.023388932846287069e+00 2.532894093891301796e-02 6.841630794264748072e-01 -1.291940031012118073e+00 8.021365875047288888e-03 -1.552773057513688326e-01 9.581829172852637244e-01 -9.502038640151313498e-01 2.886679821479140040e-01 4.646938178099971894e-01 -1.361848865802915975e+00
-1.914399720211006073e-01 -3.531795607362263056e-01 -2.408990317725663299e-01 -9.869093974822541471e-01 2.651402486188318697e-02 7.168648249143346751e-01 -1.290488335708460221e+00 7.220348539685690799e-03 -1.666790904301976017e-01 9.646315028748195797e-01 -9.202458081732759476e-01 2.693054678442114436e-01 4.693817723537683784e-01 -1.319682531132254644e+00
-1.752718655990329888e-01 -3.469065896614235700e-01 -1.885327815633834891e-01 -9.983571095499237380e-01 3.317094322316307270e-02 7.544102192420321096e-01 -1.294268006254171821e+00 -5.010810415428970828e-03 -1.799447867072289653e-01 9.790574059287504571e-01 -9.200002725063790576e-01 2.666933783112638290e-01 4.851101624222096675e-01 -1.319449325050523925e+00
-1.636330106383261374e-01 -3.445547489542116204e-01 -1.249838389520839532e-01 -1.032944833516159289e+00 3.623376742525615674e-02 7.910803632109637551e-01 -1.300369102223645879e+00 -1.179427404439191245e-02 -1.934704073206399422e-01 9.969136625961614318e-01 -9.200000000000000400e-01 2.710119972062307592e-01 5.137833235280689914e-01 -1.316926029447047730e+00
-1.470919951778622004e-01 -3.421920413407653072e-01 -6.641323074300166385e-02 -1.078629206792664386e+00 4.640403167704212906e-02 8.319414730070637809e-01 -1.316372346605509724e+00 -1.303461114895838706e-02 -2.065215700431821677e-01 1.014382344434705319e+00 -9.200000000000000400e-01 2.752063858844320809e-01 5.510169816143503096e-01 -1.309419029138870316e+00
-1.463419009685602012e-01 -3.472125826439403928e-01 -1.350454481177437195e-02 -1.132892871557981351e+00 4.075972388038000965e-02 8.583844515642751194e-01 -1.335892714347372001e+00 -1.408762918512218749e-02 -2.139188299040830077e-01 1.026447249836583753e+00 -9.200000000000000400e-01 2.773247267048103426e-01 5.951345096898118525e-01 -1.317748833246776385e+00
-1.462815921192454627e-01 -3.533239506752967052e-01 3.463038847557277367e-02 -1.187025809885424721e+00 3.952726496052009347e-02 8.839194307328592792e-01 -1.370577458564911311e+00 -8.972504422448306441e-03 -2.196166067371378983e-01 1.041113334484791375e+00 -9.285046420700221459e-01 2.778405471006905048e-01 6.387998101855111299e-01 -1.315490849737954049e+00
-1.478698188839452088e-01 -3.596306263180295004e-01 7.958797705308123804e-02 -1.232679737238285167e+00 5.038633253427218794e-02 9.139655380096795012e-01 -1.424502866160338943e+00 2.488408367014067687e-03 -2.243946470123584502e-01 1.076073384360795693e+00 -9.887695626636179291e-01 2.761486001164195625e-01 6.778662641840392800e-01 -1.297032237818290801e+00
-1.546312707522245755e-01 -3.688972935055832569e-01 1.244704048445443578e-01 -1.276174631758081324e+00 7.093873148342244583e-02 9.441522389466103782e-01 -1.501035038338830230e+00 9.057344024649213602e-04 -2.277759087784690661e-01 1.120090962118964306e+00 -1.107340314107523316e+00 2.756829916819915627e-01 7.162521308509617324e-01 -1.309372011295429905e+00
-1.695277642037522903e-01 -3.831469337680727949e-01 1.691409379235191413e-01 -1.316509341330990956e+00 8.200735526505018025e-02 9.579111338576998813e-01 -1.588419721741599844e+00 4.311697133480267390e-03 -2.286120049196569415e-01 1.151671169070855871e+00 -1.220809686783284498e+00 2.725206665433580477e-01 7.521267585391000488e-01 -1.308821572791980081e+00
-1.711990423223039015e-01 -3.907780227412608887e-01 2.126335420095620543e-01 -1.354003612234409903e+00 9.281740408948538357e-02 9.438865794922889352e-01 -1.677785228901992776e+00 -6.979158652315832490e-03 -2.279946321977761314e-01 1.173013989957257364e+00 -1.382148815461223812e+00 2.699874690360636320e-01 7.882818888925045009e-01 -1.340719028678414304e+00
-1.754962188702399728e-01 -3.998854659691056801e-01 2.551575036365563154e-01 -1.386865544854164467e+00 1.036107857609550043e-01 9.070219635846145101e-01 -1.762242015629393643e+00 -1.965766865423445448e-03 -2.267235998425765897e-01 1.169429015864732246e+00 -1.518724315660155533e+00 2.630418540527225124e-01 8.211172251924273580e-01 -1.331541526437397094e+00
-1.688221597286724551e-01 -4.021716950269784152e-01 2.957804587015188669e-01 -1.417666010874481852e+00 1.326337931481142984e-01 8.564210405823643457e-01 -1.849869383491187458e+00 2.586615988782010270e-03 -2.293645545234291594e-01 1.138369864993279412e+00 -1.638348201964718198e+00 2.552192865756872653e-01 8.517385377980970507e-01 -1.318713356174478601e+00
-1.624454590073312887e-01 -4.041335695647283455e-01 3.345233546006798897e-01 -1.445778860134047994e+00 1.669135663664734204e-01 7.783264460789358630e-01 -1.938333756194263735e+00 8.791700904698834459e-03 -2.343065842772480978e-01 1.077855990008070641e+00 -1.723845238269375191e+00 2.488019559628175947e-01 8.785424273593767097e-01 -1.297060499947620960e+00
-1.470119995385877343e-01 -3.990337513074005416e-01 3.713406924149860733e-01 -1.471163156538952244e+00 2.157001840919907654e-01 6.747731874036605459e-01 -2.008563377436531461e+00 3.612536514690040113e-03 -2.427342054475379041e-01 9.914559824513108355e-01 -1.794292299283025693e+00 2.467079218959015996e-01 9.034597345581910632e-01 -1.295847867166829870e+00
-1.146912609353459012e-01 -3.800185065445081944e-01 4.053666156939502718e-01 -1.492788968913105530e+00 2.798560391917161438e-01 5.473077793950955616e-01 -2.028525145886584724e+00 -7.164656283691915595e-03 -2.600129186950029814e-01 8.665501166521540899e-01 -1.823893279453123961e+00 2.465790804025922711e-01 9.250757689544325535e-01 -1.299657827432397106e+00
-4.258081548225867846e-02 -3.274403433381933293e-01 4.314296570068789083e-01 -1.505366445660310193e+00 3.699125071381488272e-01 4.120896535512532655e-01 -1.994291248501094849e+00 -5.357204262126821943e-03 -2.736232821661455650e-01 7.350012596953058308e-01 -1.803452332565009142e+00 2.452793067282093842e-01 9.374611517048642151e-01 -1.262958260133319133e+00
-2.493525797422603205e-02 -3.131102586387873865e-01 4.614426172560984751e-01 -1.508104134990543965e+00 3.893180489889647711e-01 2.645109269267605367e-01 -1.903811603010675313e+00 2.133963819519003446e-03 -2.868123724077179526e-01 6.076320825290156824e-01 -1.747619187143958364e+00 2.438752576358036162e-01 9.446590491525044264e-01 -1.205410190543753979e+00
2.825820913905227605e-02 -2.684880425076029975e-01 4.843668913731289938e-01 -1.504921042699596700e+00 4.192778865253242726e-01 1.399269816164495639e-01 -1.782656398460062519e+00 2.541367874855860170e-03 -3.062101160819321044e-01 4.912822345020169679e-01 -1.689393089955998573e+00 2.429046889104461981e-01 9.503722183985421346e-01 -1.156325228067120792e+00
8.471510634875570322e-02 -2.182511313975360467e-01 5.029050716238826491e-01 -1.495341010421563865e+00 4.274559177486820793e-01 3.259769412798090710e-02 -1.628483848257031852e+00 7.956599711549766987e-03 -3.274726888429232985e-01 3.979577599142177236e-01 -1.610412529408744131e+00 2.400952004938860240e-01 9.505484863910986792e-01 -1.087693036499380206e+00
1.472558557381896394e-01 -1.601620805898210098e-01 5.156597199356341976e-01 -1.480562874011499774e+00 4.216394453491669192e-01 -5.974577428719445027e-02 -1.455560628355117236e+00 4.247296828579222717e-04 -3.586680793016981394e-01 3.247702156535861584e-01 -1.552953059830026517e+00 2.377198743121641256e-01 9.541440023035580031e-01 -1.044958028396161698e+00
1.916318253319246878e-01 -1.151393114509025456e-01 5.326710339502154223e-01 -1.467910413181577001e+00 4.036018570925092308e-01 -1.455847268884279677e-01 -1.281964363475603719e+00 1.213043710720087620e-03 -3.890794511761007102e-01 2.868266229162049763e-01 -1.478111871189468074e+00 2.339837332867827357e-01 9.519514586834773029e-01 -9.717757719480303313e-01
2.298860787567022224e-01 -7.325552512843576392e-02 5.512801777210782905e-01 -1.456447456529247342e+00 3.880064381383405703e-01 -2.197146087996564856e-01 -1.133395002957463760e+00 -5.575351318019128484e-03 -4.248007216867268343e-01 2.713779296596796065e-01 -1.420729766038668407e+00 2.313818547508492141e-01 9.566264211789122784e-01 -9.200000000000000400e-01
2.562839284958382535e-01 -4.021748061105784311e-02 5.754654441937296916e-01 -1.451004424976246820e+00 3.767644166832165298e-01 -2.700642722193289935e-01 -1.028428324430455953e+00 -1.347049728850021472e-02 -4.634269712625446180e-01 2.779926130554101205e-01 -1.382700074616095121e+00 2.343646059262759762e-01 9.851340335157402484e-01 -9.200000000000000400e-01
2.681023583721012793e-01 -2.007993342258621375e-02 6.063487394482161008e-01 -1.455160178337974841e+00 3.686758522875911992e-01 -2.858549684636143007e-01 -9.642435693946714848e-01 -8.389907270745552981e-03 -4.945914563818333276e-01 3.054846906502141635e-01 -1.333806097526274659e+00 2.272022787931207988e-01 1.018084135130166601e+00 -9.200000000000000400e-01
2.616263204990864621e-01 -1.852690079796486325e-02 6.452216394540742916e-01 -1.471357395358048548e+00 3.632807111933739619e-01 -2.790670603803041550e-01 -9.393256295926828425e-01 -1.008475695736137275e-02 -5.316244241681025162e-01 3.352478455480568664e-01 -1.308015432378355936e+00 2.421017666753511044e-01 1.053028425721751260e+00 -9.200000000000000400e-01
2.472441672438195348e-01 -2.464274682477112996e-02 6.852346630999329724e-01 -1.489974124484753304e+00 3.608808859458270124e-01 -2.476342337244350211e-01 -9.497293966831477086e-01 -1.313411502624659520e-02 -5.659098253792574917e-01 3.690691840346372321e-01 -1.292772627183198741e+00 2.459530109743589821e-01 1.076954695470653478e+00 -9.200000000000000400e-01
2.265181216854438018e-01 -1.028955896324515278e-02 7.137722698504554986e-01 -1.493405447176065381e+00 3.597013269064245344e-01 -2.027410542936620985e-01 -9.853450722264956996e-01 -9.230025769705166999e-03 -5.867743869410322333e-01 4.082099699466971154e-01 -1.272615246734941419e+00 2.449189125396905031e-01 1.094850055804569511e+00 -9.200000000000000400e-01
2.041158803745597161e-01 -1.663106743233704315e-03 7.444963329008461583e-01 -1.498817497106176289e+00 3.591221832921142609e-01 -1.548716894785263087e-01 -1.035228403080333814e+00 -1.196300658346255083e-02 -6.000400194296220402e-01 4.494909610444351444e-01 -1.277967786250814308e+00 2.272849999365615381e-01 1.121338346578168554e+00 -9.200000000000000400e-01
1.904643874122573521e-01 5.189326230201158664e-03 7.746011848092954066e-01 -1.514862843259977554e+00 3.610535770411272272e-01 -1.062376396751469471e-01 -1.088912259297215357e+00 -1.126632753289644878e-02 -5.999690568499594923e-01 4.919555047684825433e-01 -1.287110503802264994e+00 2.407741588684736422e-01 1.140994478208141372e+00 -9.200000000000000400e-01
1.898092364690356637e-01 9.479672515518169570e-03 8.039732364594281977e-01 -1.546112750963107851e+00 3.670753895546453593e-01 -5.817339677356471450e-02 -1.139849556875751180e+00 -1.454369073452604737e-02 -5.904908422884914687e-01 5.327639291050201287e-01 -1.314970814532140153e+00 1.958990512335858913e-01 1.145953110088469229e+00 -9.200000000000000400e-01
1.959295503686999673e-01 5.658075970904711052e-03 8.323943362783275957e-01 -1.592299158093704037e+00 3.756771105308729930e-01 -7.256544461962905618e-03 -1.186298615660550393e+00 -1.059802705811753454e-02 -5.705415163463168904e-01 5.724880827014756646e-01 -1.331849291136221192e+00 1.271015337832061554e-01 1.204483259373475557e+00 -1.100838065198268323e+00
2.020727357542324576e-01 -1.500334605640636469e-02 8.637063185621520756e-01 -1.660793036401396527e+00 3.852084639673665212e-01 4.456005324959790015e-02 -1.231248308363535493e+00 8.758386516628222139e-05 -5.414669624712830087e-01 6.115835524534768419e-01 -1.337708272861502845e+00 4.788720835439533308e-02 1.213396663314482149e+00 -1.249281012770799393e+00
2.184361439848133135e-01 -2.757451815677572707e-02 8.760878813174621804e-01 -1.729537345819530225e+00 4.003908606526851433e-01 9.580492441365177914e-02 -1.272535088497984246e+00 2.715072276862354889e-03 -5.127676518447636944e-01 6.486589613882141059e-01 -1.360645877689149241e+00 -2.629188651704394281e-02 1.179033733665197703e+00 -1.361616906297165475e+00
2.250008576055295417e-01 -4.636949538644760671e-02 8.767521778560013468e-01 -1.799227481244830784e+00 4.111251014554714867e-01 1.439601776403503508e-01 -1.306954128968735418e+00 1.816472215886596976e-04 -4.863437614540869758e-01 6.834492644575000941e-01 -1.388503882470013995e+00 -9.819618365516735725e-02 1.099266902611723884e+00 -1.418494985260149388e+00
2.240757286710823581e-01 -5.976134295689052717e-02 8.588602228400498140e-01 -1.864093836252818548e+00 4.171004634961760216e-01 1.881198928992288966e-01 -1.332936098214354548e+00 -6.953695779487204139e-03 -4.651617039083824068e-01 7.149480388371245443e-01 -1.415691463089058244e+00 -1.419548799567261765e-01 1.014290518715253109e+00 -1.457058112059459010e+00
2.185108250027736343e-01 -6.425388856532751602e-02 8.200245187167651828e-01 -1.916623596857401912e+00 4.188980609980927361e-01 2.268053432233539113e-01 -1.349749843575809516e+00 -5.103299807105219840e-03 -4.458908124802490325e-01 7.420378228604257442e-01 -1.411748845878966430e+00 -1.628688308435394250e-01 9.376824008103520347e-01 -1.467159085051249479e+00
1.954722746243723608e-01 -7.070190049723168446e-02 7.686060075795549951e-01 -1.954725752008857675e+00 4.090866199550427518e-01 2.618653035536253615e-01 -1.363812132338001026e+00 -2.307568161297107474e-03 -4.223601194084672383e-01 7.662303657006643842e-01 -1.403421826414415596e+00 -1.809521562004025863e-01 8.603013777980783594e-01 -1.463599706745678741e+00
1.801073235896205604e-01 -5.177864119778709251e-02 6.902603819722419320e-01 -1.955214138460490192e+00 4.024739169278062634e-01 2.940878060054651910e-01 -1.372948343487971457e+00 -2.254362906740534859e-03 -3.967909567150867955e-01 7.887656623650998178e-01 -1.399556537313368709e+00 -2.011765856676782094e-01 7.928998779772781225e-01 -1.448559475297732879e+00
1.526883300350260209e-01 -3.866638109945788604e-02 6.063355920600556059e-01 -1.935777235664873253e+00 3.876783109938848337e-01 3.252743874704302485e-01 -1.385463663818417901e+00 -4.181284928589354237e-03 -3.741897510698375950e-01 8.106733184174905738e-01 -1.399269893721875935e+00 -2.212614462679133587e-01 7.291907959832316655e-01 -1.392859229812827948e+00
1.023483174213497687e-01 -4.650391023000955554e-02 5.366979783498876388e-01 -1.907090472019097982e+00 3.566378280318086569e-01 3.555381253926599983e-01 -1.404009092403230463e+00 -9.542959193582764565e-03 -3.526528604827706692e-01 8.334362614332808672e-01 -1.408278781545612590e+00 -2.376583647766772889e-01 6.647335434017110911e-01 -1.265406827103959797e+00
6.139418566881760936e-02 -4.162029387552150517e-02 4.634370239110232603e-01 -1.851345834077298358e+00 3.301899365836604705e-01 3.851463502970111641e-01 -1.422937864030773492e+00 -1.094193544888259241e-02 -3.300458477890809705e-01 8.570625955258678319e-01 -1.411156822976506575e+00 -3.014151255331898316e-01 5.469326676980644786e-01 -9.200000000000000400e-01
-3.584340880691647851e-04 -5.494625163233595594e-02 4.117441765038387103e-01 -1.788377566673329033e+00 2.862882834815177469e-01 4.101876777805529284e-01 -1.440727093849759166e+00 -1.305876530746918548e-02 -3.052314475039609731e-01 8.812494283403717876e-01 -1.416363442792304195e+00 -3.048391009943832164e-01 5.493967525746391578e-01 -9.200000000000000400e-01
-6.215084724453856513e-02 -5.507363453176319229e-02 3.589884674156770816e-01 -1.696150234077918206e+00 2.389181161858610070e-01 4.297773607151758601e-01 -1.451810260985681111e+00 -9.716272295523303501e-03 -2.774880588969594331e-01 9.040544239160643869e-01 -1.409351806018091624e+00 -2.934708132741141728e-01 5.558402572888286874e-01 -9.200000000000000400e-01
-1.277163599716361619e-01 -5.054552737777629617e-02 3.129174972068298199e-01 -1.599484877667505911e+00 1.852142528362882568e-01 4.423379347886344792e-01 -1.453280477395972659e+00 -1.054861201090652803e-02 -2.502290613473935887e-01 9.269698201846591212e-01 -1.409890857388908403e+00 -2.723276917410392128e-01 5.574912548392382261e-01 -9.226059099713919132e-01
-1.820667180486804371e-01 -3.819567677977894760e-02 2.698590929807245797e-01 -1.510712761583492547e+00 1.376174722917894444e-01 4.524551258463718195e-01 -1.448842310784625775e+00 -1.814428145104110025e-03 -2.246791402476244204e-01 9.475654693379125248e-01 -1.388898075871927595e+00 -2.429695927917575604e-01 5.872818130321502128e-01 -9.629743717091342470e-01
-2.305114185029284724e-01 -3.737466976591167361e-02 2.274273220488200742e-01 -1.437557242638759281e+00 9.279031057665391991e-02 4.587955086904929036e-01 -1.437816144525382089e+00 8.498586650051050129e-03 -2.024045577933800411e-01 9.659171745538002174e-01 -1.363769744787132199e+00 -2.127351460660956151e-01 6.131104285035349211e-01 -9.885261971866873276e-01
-2.726270485072477823e-01 -3.960040873739586326e-02 2.024337344543371553e-01 -1.384518970132912807e+00 5.180574452659283957e-02 4.629531603480142588e-01 -1.422944373215243363e+00 -1.761465768028656605e-04 -1.848047513549843923e-01 9.870918060752100764e-01 -1.380792594050334499e+00 -1.856651988709243084e-01 6.418196540278549023e-01 -1.058491142912373340e+00
-2.864656514564533629e-01 -3.067746647913975264e-02 2.037052183848402365e-01 -1.352358903932200818e+00 3.324958006775858427e-02 4.806478761889605433e-01 -1.419273871591181235e+00 5.784501011426402628e-04 -1.670370968071686335e-01 1.004783124863222410e+00 -1.378072024909580362e+00 -1.577191894214394208e-01 6.626991021531470905e-01 -1.098672087806006559e+00
-2.816291218942398311e-01 -3.558684509703058385e-02 2.265218374047866801e-01 -1.344405419921351319e+00 3.029628947031099903e-02 5.086378942961173877e-01 -1.424309235339187074e+00 2.155150909675714196e-04 -1.521297344601433565e-01 1.020992100249709322e+00 -1.380523274518022037e+00 -1.305578712301504463e-01 6.806900832303676152e-01 -1.135246874368925907e+00
-2.670401873747879073e-01 -4.549258207433475726e-02 2.559717645784932993e-01 -1.352959111724539421e+00 3.657605184555926675e-02 5.411468406467863090e-01 -1.433248162396496994e+00 1.714128057781470536e-06 -1.432947447387412920e-01 1.035851509752706123e+00 -1.388908952006600472e+00 -1.060437144150414152e-01 6.954810134406024247e-01 -1.162938910524709435e+00
-2.491701240583787114e-01 -5.154656854450163916e-02 2.860950001185881830e-01 -1.363652300727998368e+00 4.663578936669981329e-02 5.742249789690756501e-01 -1.440167135419906597e+00 9.861987175784096490e-03 -1.448901699531799092e-01 1.047788108498786119e+00 -1.386184031170004660e+00 -8.611770822763972766e-02 7.055569193419199969e-01 -1.155673006908338074e+00
-2.333378389571381939e-01 -5.337671068972307808e-02 3.138834319738671441e-01 -1.371543304740716174e+00 5.596732050756878657e-02 6.040439583135952528e-01 -1.443801544729375941e+00 5.931499393795362438e-03 -1.604340924171406280e-01 1.061441932425795542e+00 -1.423869049422745947e+00 -7.293506160926019333e-02 7.169510041335697137e-01 -1.171868188221698137e+00
-2.234546771512405106e-01 -5.931037837191793782e-02 3.396929368276764283e-01 -1.380390188656714257e+00 6.065254943762132117e-02 6.288754448837501343e-01 -1.444693581083019929e+00 6.947594425045846254e-03 -1.875445740631157265e-01 1.072017279423705727e+00 -1.463815341889041166e+00 -6.352029546544504801e-02 7.261996838290536438e-01 -1.168647310756941504e+00
-2.115850054040565309e-01 -6.185530502615554926e-02 3.577824737561725033e-01 -1.381372218663472484e+00 6.817573253597014604e-02 6.515046685549871208e-01 -1.443688160179023461e+00 7.487435181234475962e-03 -2.231784453279768154e-01 1.075191899927514516e+00 -1.503910003464458356e+00 -5.805058944340376476e-02 7.331116656686580413e-01 -1.155723809042640715e+00
-2.051927770161779963e-01 -6.577456896625662186e-02 3.761169911156753143e-01 -1.381054419227100150e+00 7.099815690452139505e-02 6.684268486131937914e-01 -1.439063016042189114e+00 3.705938420066742876e-03 -2.645342758351297840e-01 1.071100318159936782e+00 -1.546645067964374398e+00 -5.569682044778584418e-02 7.392695088549070537e-01 -1.144991695900303919e+00
-1.984497493500732290e-01 -6.769068194847266406e-02 3.925902248742054179e-01 -1.378146222711387869e+00 7.442577858164821369e-02 6.855957933330333320e-01 -1.434809963461434412e+00 2.971914574439768735e-03 -3.090085451080485934e-01 1.058369558557666457e+00 -1.576178296394392220e+00 -5.571859535911015404e-02 7.430623905021908060e-01 -1.119526670100340571e+00
-1.962333820703926757e-01 -6.959861252850238489e-02 4.086257184945797372e-01 -1.374243522951903884e+00 7.293135956765041394e-02 7.009947424899740653e-01 -1.426328183449358411e+00 8.525455424280061964e-03 -3.563161451586309147e-01 1.034426985266656329e+00 -1.585801228956624120e+00 -5.967832857411196207e-02 7.426477725938600560e-01 -1.068291704092198202e+00
-1.921970586963513417e-01 -6.733907056454216389e-02 4.219272258825997324e-01 -1.365996740529278108e+00 7.327510488220868867e-02 7.161475721684968931e-01 -1.414803791315651482e+00 1.223899597776188439e-02 -4.061623447818858423e-01 1.000161870803736086e+00 -1.588023613805850554e+00 -6.683137717819979950e-02 7.400986051909641539e-01 -1.012248182217265757e+00
-1.907658560430716133e-01 -6.745301788141505606e-02 4.367242346785157325e-01 -1.358374975924792505e+00 7.128488515435178752e-02 7.272930942743343063e-01 -1.401054992342087191e+00 5.309656803154949069e-03 -4.609198056713649239e-01 9.605941976585440356e-01 -1.598356737219746471e+00 -7.454042347539775737e-02 7.403131975237112750e-01 -9.812753589362974704e-01
-1.882689236493592377e-01 -6.760870357546135134e-02 4.515400046138329238e-01 -1.350263362786848997e+00 7.150123553284953859e-02 7.362936716731863784e-01 -1.392126831205572124e+00 4.772996404407178045e-04 -5.173702191109127435e-01 9.183732493484285664e-01 -1.589843111091436167e+00 -8.114643926647627237e-02 7.390142339872567412e-01 -9.445538059211776583e-01
-1.842812244648782960e-01 -6.686855325441234954e-02 4.659729859708273692e-01 -1.341925242407928875e+00 7.511065234005875890e-02 7.433930521231133515e-01 -1.394628750671536244e+00 -7.439771651089890740e-03 -5.700812425195825872e-01 8.678224071211213531e-01 -1.569529154608276800e+00 -8.629428414259295022e-02 7.398962660174094319e-01 -9.200000000000000400e-01
-1.824100146534260170e-01 -6.764220977008646163e-02 4.812660150572989348e-01 -1.336089647908404343e+00 7.935114445336066691e-02 7.426552030712862962e-01 -1.412073537106088406e+00 -1.266084084134853557e-02 -6.152713578498441027e-01 8.084284595559210196e-01 -1.528234961058371200e+00 -8.865985466162575046e-02 7.517032476014097186e-01 -9.200000000000000400e-01
-1.845515333167113969e-01 -7.136476508242967087e-02 4.985952068425211769e-01 -1.332454957483225177e+00 8.294644828635730494e-02 7.282686537186574549e-01 -1.443124743731451609e+00 -1.008128965117124042e-02 -6.446746957906690501e-01 7.640952613652917114e-01 -1.497826612090777942e+00 -8.713893286839996533e-02 7.685224143634077354e-01 -9.200000000000000400e-01
-1.861634558613739776e-01 -7.569318556091456096e-02 5.154399200944214110e-01 -1.331693149143790444e+00 9.253583558947495180e-02 6.950553720359540222e-01 -1.490116178499244715e+00 -1.134127073488152247e-02 -6.738420273275295136e-01 7.177387995391519837e-01 -1.470351988703570534e+00 -8.562997966534370564e-02 7.849796006791408542e-01 -9.200000000000000400e-01
-1.871535649612219576e-01 -8.053460273664078684e-02 5.316381936704085431e-01 -1.333579845781395434e+00 1.085047658518409341e-01 6.391224677610797267e-01 -1.545794708448597232e+00 -1.154074468687762631e-02 -7.004492710246535969e-01 6.686481107566681903e-01 -1.434903769265488682e+00 -8.180965149301654138e-02 7.911793319307652839e-01 -9.200000000000000400e-01
-1.872524041690042662e-01 -8.471283692014713873e-02 5.469353018324558668e-01 -1.336558242860629520e+00 1.299891585423888496e-01 5.596805061197116515e-01 -1.594251530146156171e+00 -1.622674655972521779e-02 -7.292925957323720398e-01 6.184245691526648603e-01 -1.403521492382781233e+00 -8.137004035342847164e-02 7.973805972578944523e-01 -9.200000000000000400e-01
-1.818218580814043861e-01 -8.318488967515799692e-02 5.591851927055828675e-01 -1.338169154800669780e+00 1.569884158787356321e-01 4.646691012251853437e-01 -1.611487098232371462e+00 -9.415410925303914144e-03 -7.520803627245361556e-01 5.716122678870309004e-01 -1.346314325093258102e+00 -7.486535125213274189e-02 8.098218237727490276e-01 -9.200000000000000400e-01
-1.615238679777976916e-01 -6.942423715437338883e-02 5.642132882481128986e-01 -1.333655716359873233e+00 1.937032412934148740e-01 3.539498010997144672e-01 -1.583287511911955159e+00 -1.177393677334940755e-02 -7.794595053370488857e-01 5.296788221309515210e-01 -1.311029733416451348e+00 -6.929209059229057832e-02 8.175290991943765517e-01 -9.200000000000000400e-01
-1.113255208189939532e-01 -2.993186722634157138e-02 5.516994345240934239e-01 -1.311583443663162818e+00 2.441082750652228128e-01 2.401124010863098512e-01 -1.520307858565595582e+00 -1.192046386956404844e-03 -7.850000000000000311e-01 4.888100732648250624e-01 -1.240372130474105994e+00 -6.049019664390529322e-02 8.325453223281243931e-01 -9.200000000000000400e-01
-7.152735191626459488e-02 -1.303035032141647547e-03 5.445454683474199031e-01 -1.291094393533995799e+00 2.742338972412026177e-01 1.204521617281382184e-01 -1.411609609430991785e+00 -2.326606183066885596e-03 -7.850000000000000311e-01 4.558246200096270351e-01 -1.202334413505951716e+00 -5.596849004244586895e-02 8.371767333543345124e-01 -9.200000000000000400e-01
-2.882431571721767033e-02 2.888419578020176917e-02 5.346459795421016903e-01 -1.266320639309274076e+00 2.949312137509557674e-01 1.620629522197151355e-03 -1.273653056394165928e+00 -3.767828731161392691e-03 -7.850000000000000311e-01 4.330187535348389294e-01 -1.189379797357568380e+00 -4.751989084603571584e-02 8.436181865994140106e-01 -9.200000000000000400e-01
6.379141747633875446e-03 5.222233045152611941e-02 5.292504555405594946e-01 -1.245268235332116058e+00 3.057962956848505054e-01 -1.144574640849067293e-01 -1.126784330951239976e+00 -1.498099026215763633e-03 -7.850000000000000311e-01 4.009281726045971772e-01 -1.125327289429724598e+00 -3.668243926817617989e-02 8.548115677484595665e-01 -9.200000000000000400e-01
3.971147524700655018e-02 7.399318499626823809e-02 5.248730320268303329e-01 -1.225102288685777197e+00 3.097583584324810624e-01 -2.174723727338217782e-01 -9.739504603561972562e-01 1.280274607420464053e-03 -7.850000000000000311e-01 3.575001216438966067e-01 -1.018657096956086416e+00 -2.752816889270829487e-02 8.634238591694340936e-01 -9.200000000000000400e-01
6.260236403985659781e-02 8.648591418445411572e-02 5.296062058982012877e-01 -1.213880871986851906e+00 3.139148754237389150e-01 -2.560138444967896554e-01 -9.200000000000000400e-01 -3.798772216223670868e-04 -7.850000000000000311e-01 3.371077422792484457e-01 -9.885605805683784775e-01 -1.848540896051827434e-02 8.717812395579602747e-01 -9.200000000000000400e-01
7.336794705282494167e-02 8.850634342801767807e-02 5.453007721727541890e-01 -1.213456954785158137e+00 3.119664228091860725e-01 -2.479789660672062357e-01 -9.200000000000000400e-01 1.419736828985474343e-04 -7.850000000000000311e-01 3.448670805217275981e-01 -9.918826730483022436e-01 -8.456977097373211127e-03 8.796803675511192244e-01 -9.200000000000000400e-01
7.790039275414148423e-02 8.575787421776522035e-02 5.662116092834410530e-01 -1.218223384731547343e+00 3.086777197190262445e-01 -2.313662264097672006e-01 -9.200000000000000400e-01 -1.002396558656270349e-03 -7.850000000000000311e-01 3.512544718686431700e-01 -9.879695635508513041e-01 2.097998457049624066e-03 8.887201695373018184e-01 -9.200000000000000400e-01
6.925449640444696076e-02 7.106830741833430887e-02 5.979708733876447635e-01 -1.233794417257441545e+00 3.051150166341231595e-01 -2.182825298578522921e-01 -9.200000000000000400e-01 -1.696488350591357930e-03 -7.850000000000000311e-01 3.501554560852931375e-01 -9.638148713448043692e-01 1.554824552820503920e-02 8.973759356633279616e-01 -9.200000000000000400e-01
6.888669454975003548e-02 6.346668603038126133e-02 6.230243495496831097e-01 -1.243012306379246645e+00 3.044234813468513212e-01 -2.036808528680147112e-01 -9.200000000000000400e-01 -1.727329471913880907e-03 -7.850000000000000311e-01 3.539248056996818770e-01 -9.512154953813086733e-01 3.041403269960199843e-02 9.058944944724610648e-01 -9.200000000000000400e-01
7.197622867309907968e-02 5.915272516343905024e-02 6.443127599243771986e-01 -1.252020999671210610e+00 3.030223271970858834e-01 -1.873567293501214315e-01 -9.200000000000000400e-01 -1.630113294034583882e-03 -7.850000000000000311e-01 3.498176090919691839e-01 -9.200000000000000400e-01 3.791192437709989260e-02 9.192664224774192983e-01 -9.200000000000000400e-01
8.622403259551959798e-02 6.473226541017018665e-02 6.561254126791257191e-01 -1.258105792406855938e+00 3.057329213343996099e-01 -1.702185345482512546e-01 -9.200000000000000400e-01 -2.357288782286258693e-03 -7.850000000000000311e-01 3.657359291624934783e-01 -9.203154380092863907e-01 4.902817332641862952e-02 9.268680302352964029e-01 -9.200000000000000400e-01
8.518493923331646456e-02 4.981887954426685028e-02 6.833268362605818824e-01 -1.286274001010560664e+00 3.061110613623919119e-01 -1.551824642250518582e-01 -9.200000000000000400e-01 -2.726727922658208920e-03 -7.850000000000000311e-01 3.782884891780148306e-01 -9.246388601117853101e-01 6.558424911165988691e-02 9.367185272734229740e-01 -9.200000000000000400e-01
9.606122906505573655e-02 4.219539993507810671e-02 7.026361508539199496e-01 -1.313428296150618069e+00 3.115453399861472517e-01 -1.222502810289704672e-01 -9.557919129612162390e-01 -1.973344936445946968e-03 -7.850000000000000311e-01 4.016165938804964752e-01 -9.379891272337851360e-01 7.816384107905807732e-02 9.496623657490397274e-01 -9.200000000000000400e-01
9.916012471350979518e-02 2.259477618929815398e-02 7.266282829573601498e-01 -1.351017617814495031e+00 3.157122475080190727e-01 -8.290152237366392451e-02 -1.004906795560899901e+00 -1.430384046407808321e-02 -7.820844398701821687e-01 4.272111986318398724e-01 -9.870525922181485612e-01 9.018031195023155921e-02 9.486758206195777809e-01 -9.200000000000000400e-01
1.071152536160681484e-01 1.191697300437187870e-02 7.393714830211889355e-01 -1.383671845589792726e+00 3.217291206354678801e-01 -4.344739711137487331e-02 -1.049624909893509095e+00 -5.429943890137912607e-03 -7.518214946057782955e-01 4.384011369560046889e-01 -9.667206901489252546e-01 1.095476209524593181e-01 9.749392536216940908e-01 -9.200000000000000400e-01
1.110138021775943645e-01 -1.837253671999413860e-03 7.471397012011643524e-01 -1.417508349097205800e+00 3.262165889225966953e-01 -5.487644756665602426e-03 -1.089084470359700907e+00 -1.162698160424414581e-02 -7.311275499709658510e-01 4.535099190681338155e-01 -9.930566918496632756e-01 1.152698092534128887e-01 9.657691234494829580e-01 -9.200000000000000400e-01
1.199707364472795551e-01 -8.293409450258318327e-03 7.436069198711803274e-01 -1.449606304290344205e+00 3.333042485842457880e-01 3.215378096328638802e-02 -1.127016066204958200e+00 -6.703644472736663106e-03 -7.071797013858281966e-01 4.679273645984183827e-01 -9.998062784124746027e-01 1.221581304709431492e-01 9.801164450584248788e-01 -9.200000000000000400e-01
1.292913585094272177e-01 -1.272836876228632640e-02 7.337534959886310437e-01 -1.484870136936810026e+00 3.413768641909579737e-01 6.920565383929389025e-02 -1.164814993562014012e+00 -9.082760314688428580e-03 -6.892910917299316376e-01 4.891359123489444349e-01 -1.039205266901988667e+00 1.330779234470913230e-01 9.823510475474135362e-01 -9.200000000000000400e-01
1.365665283734100455e-01 -1.731945458598072377e-02 7.194681361800805419e-01 -1.525040167652818024e+00 3.491768152436295902e-01 1.054137950722026235e-01 -1.201853908304704399e+00 -1.265128712285041625e-02 -6.731480896375761080e-01 5.140304893850634604e-01 -1.089675283879610657e+00 1.375538090050563711e-01 9.777824532358051490e-01 -9.200000000000000400e-01
1.421967302684239709e-01 -1.844293782105782889e-02 6.988897078926766815e-01 -1.567174931430069140e+00 3.565671250753863486e-01 1.397817974403659236e-01 -1.236898757769151924e+00 -1.007779659442330916e-02 -6.535364016640636819e-01 5.391083870217449059e-01 -1.125114528033448691e+00 1.447989701305706922e-01 9.816469407001956471e-01 -9.200000000000000400e-01
1.399236994622342078e-01 -1.755141833343968130e-02 6.717534484172800191e-01 -1.603519141068674880e+00 3.598891931482742779e-01 1.710277220284113220e-01 -1.269732386726411644e+00 -6.863962792542293440e-03 -6.335856189714755837e-01 5.631311630591877559e-01 -1.154464970182678352e+00 1.478630626906568546e-01 1.015276407009070514e+00 -9.200000000000000400e-01
1.345830517792292180e-01 -1.532368396568426980e-02 6.368897838597754602e-01 -1.631463734300359514e+00 3.611773285151222979e-01 1.998250643992043052e-01 -1.299630351856386534e+00 -3.650419963456181822e-03 -6.156981084383671421e-01 5.861631959691953053e-01 -1.179428651516778226e+00 1.423140579307572706e-01 1.087861445353064616e+00 -1.092747691436064761e+00
9.060539829541448820e-02 -4.688238275488207374e-02 6.216185686607497152e-01 -1.672542034451445669e+00 3.393426566278077705e-01 2.233961571738061203e-01 -1.327666433590490191e+00 -4.350653650351646892e-04 -5.991509677400597145e-01 6.087735781682923619e-01 -1.201487592105181967e+00 1.234746736142630363e-01 1.116678580503325691e+00 -1.233282882404968417e+00
8.854854950180597595e-02 -3.412724028559052658e-02 5.705783554006125247e-01 -1.675563811456587837e+00 3.406415483473878014e-01 2.491863552170968665e-01 -1.349951851700774474e+00 6.500480313030637322e-03 -5.809645587157191704e-01 6.299117110720562351e-01 -1.210310971605212949e+00 9.679230093198286367e-02 1.100751058228072843e+00 -1.323678955486708775e+00
6.274182641264679228e-02 -4.088082275407663863e-02 5.276362939598812085e-01 -1.674498493851289904e+00 3.262151510974298230e-01 2.701850182860770500e-01 -1.365801573119178380e+00 4.567476828837189855e-03 -5.650456508264631861e-01 6.504256966135806284e-01 -1.233796006654713340e+00 4.314850003253251770e-02 1.049006225045473251e+00 -1.370735353055305250e+00
3.324218032637573511e-02 -4.911513618953843030e-02 4.835535140617371330e-01 -1.660865008729292214e+00 3.079026044832521292e-01 2.887308088599824241e-01 -1.376060006369053790e+00 3.562387580161296800e-03 -5.473659619174814361e-01 6.693807191653237121e-01 -1.250431040006600103e+00 -3.922909405098286978e-02 9.832056219292820698e-01 -1.372629248164130900e+00
1.993830140277703770e-03 -5.837823822859258133e-02 4.375197816856668531e-01 -1.635856313271311313e+00 2.869297792567141459e-01 3.051616745805174058e-01 -1.380922531059763481e+00 2.166047570289225828e-04 -5.296398602855628690e-01 6.873803975858711057e-01 -1.267989082034700177e+00 -1.001859842621312668e-01 9.337879171004396239e-01 -1.375414755160115687e+00
-4.367441804973488939e-02 -7.689902794004745135e-02 3.932334484527641449e-01 -1.603837927163427546e+00 2.547901045646933094e-01 3.161307300828780087e-01 -1.378465770747195229e+00 -4.307437697545258865e-04 -5.108944798913626073e-01 7.039892010135934131e-01 -1.274605700301169930e+00 -1.414420505501082226e-01 8.764435325141148869e-01 -1.358802581333861337e+00
-6.556774459482578310e-02 -7.648627951018789617e-02 3.309072239475319144e-01 -1.550379482427763245e+00 2.373375097012707657e-01 3.307262161966759151e-01 -1.374146575432685369e+00 7.573958426988370435e-03 -4.891075578076233832e-01 7.188128167011749170e-01 -1.257107624683821978e+00 -1.636987409786858916e-01 8.319697377666468441e-01 -1.365555632607304393e+00
-1.076145287098350667e-01 -9.218973756187742730e-02 2.727461814320804034e-01 -1.498267320594098617e+00 2.049531043935454155e-01 3.379600990333149757e-01 -1.361932695049758113e+00 2.053529144981108400e-03 -4.715771346870884506e-01 7.351538304158325987e-01 -1.268820374549628482e+00 -1.982390361503403864e-01 8.031265815570822753e-01 -1.422165207074266968e+00
-1.468164024968793835e-01 -1.056376114205799521e-01 2.091693406784505549e-01 -1.440389614910488447e+00 1.735802656476758410e-01 3.442317000859793086e-01 -1.347793011283244358e+00 -1.404934918343392260e-03 -4.525427766683424724e-01 7.521813765873437418e-01 -1.275786639789610932e+00 -2.433178284455886076e-01 7.648090626790712276e-01 -1.425393721536491576e+00
-1.864586999696612735e-01 -1.163467366416097298e-01 1.494088069934386698e-01 -1.382525968314813447e+00 1.410366490656669303e-01 3.489333462535961217e-01 -1.332183226277199761e+00 8.826515521264577564e-04 -4.318460723968496895e-01 7.697375541890077999e-01 -1.270057778887150324e+00 -2.735953093972555705e-01 7.193191416021983420e-01 -1.372484104277235994e+00
-2.251321149681685396e-01 -1.210872284759759859e-01 9.767309614915782590e-02 -1.326745739713457883e+00 1.084919041722567090e-01 3.521014362898357009e-01 -1.316074586882833852e+00 5.902483813530010753e-03 -4.052960131954425615e-01 7.880398984481805646e-01 -1.261469814226303665e+00 -2.739940632676565735e-01 6.763178676376908616e-01 -1.299715103502472768e+00
-2.594993801710940295e-01 -1.214810405766379581e-01 4.935280996123605352e-02 -1.280266177352782364e+00 7.855522874970748137e-02 3.557782885435183395e-01 -1.302964821852517607e+00 8.566205560773757909e-05 -3.696232202952047796e-01 8.097635695874355610e-01 -1.284265740331978378e+00 -2.573671670124155209e-01 6.581842918398779219e-01 -1.287070986089085878e+00
-2.887553016811652551e-01 -1.219952532646500082e-01 6.885319534860383402e-03 -1.242622618225722952e+00 5.187384828899108818e-02 3.604422147639813612e-01 -1.292646458326505599e+00 -5.939272697024551573e-03 -3.336143946803946658e-01 8.309342880317885927e-01 -1.302287134487799536e+00 -2.260778011430441548e-01 6.546638781400050400e-01 -1.301680909231709649e+00
-3.096272617886700051e-01 -1.223331849796978343e-01 -2.579805646667267249e-02 -1.209179310865673651e+00 3.114921522730925915e-02 3.683727972907320791e-01 -1.288307434954848674e+00 -8.613516442816770979e-03 -2.967644734794965822e-01 8.514681300627223726e-01 -1.307661038804157849e+00 -1.848683243421363198e-01 6.554739084828555828e-01 -1.318620651307969682e+00
-3.221255745424840278e-01 -1.313719897996125097e-01 -4.497189357550136074e-02 -1.177881572302893476e+00 1.660218933184059303e-02 3.803615456950191764e-01 -1.290754542025633889e+00 -8.548606227048052494e-03 -2.598057408062289242e-01 8.716005558093985472e-01 -1.302348359273223455e+00 -1.409463740866863379e-01 6.572771905328808062e-01 -1.332767775443715941e+00
-3.250746451600907139e-01 -1.386474496120486122e-01 -5.162373166408654179e-02 -1.156575469015476587e+00 8.308130649248178165e-03 3.986873295168562037e-01 -1.294876107495614992e+00 -8.158503804542855189e-03 -2.245494536700626542e-01 8.915785541770058220e-01 -1.291427016106826864e+00 -9.408046415192741763e-02 6.653119316605632383e-01 -1.355103756841388840e+00
-3.241856636712955320e-01 -1.426450957125152130e-01 -4.160073817175340138e-02 -1.148177969899750739e+00 2.357026347793316195e-03 4.196871343039835778e-01 -1.297382380743824948e+00 -8.275719490091308639e-03 -1.928869733842013268e-01 9.113683250512820688e-01 -1.278645789107627273e+00 -4.577153357938921335e-02 6.813258874611204385e-01 -1.390406305121514308e+00
-3.138456233688643460e-01 -1.426611231463265905e-01 -2.118862124420730839e-02 -1.146806706947868904e+00 4.125116697980911636e-03 4.470937399519248623e-01 -1.306734051595155099e+00 1.483905012526081128e-04 -1.649901176465679020e-01 9.278161834831241128e-01 -1.245897507790168612e+00 5.441243707829583696e-04 7.010392733785469899e-01 -1.410877686302188794e+00
-3.013044021988727783e-01 -1.442908767445985341e-01 1.111193237683064973e-02 -1.162945140510348585e+00 8.325243750999253636e-03 4.769379695105698258e-01 -1.320838899623741680e+00 -3.446301850667676412e-04 -1.435067624764766736e-01 9.459002074758918743e-01 -1.236637169804084557e+00 4.209558314560710862e-02 7.210725495706624688e-01 -1.447329396193800966e+00
-2.833288795521442527e-01 -1.460837938577174422e-01 4.966639495797645076e-02 -1.193763565653477077e+00 1.791007297291300274e-02 5.115721328587921057e-01 -1.341779776670875668e+00 -3.147865147686909268e-03 -1.296700744831455754e-01 9.641674589843768350e-01 -1.239767718355365922e+00 7.880663552907084257e-02 7.412112327842559356e-01 -1.479850017959624120e+00
-2.689675755903979670e-01 -1.522506404925381973e-01 9.207137985137162084e-02 -1.225412832385753825e+00 2.560475067844929925e-02 5.437167432524676602e-01 -1.363136636025880755e+00 6.364203017783741194e-03 -1.223120179708385574e-01 9.777609418511186146e-01 -1.224300570400452370e+00 1.097380110919526502e-01 7.630000586054758172e-01 -1.477733954220819435e+00
-2.551814907957593581e-01 -1.595521992281843382e-01 1.327595055119109579e-01 -1.257914560968706352e+00 3.419669023964976712e-02 5.748119579886018515e-01 -1.388093405480353981e+00 6.398422529813349406e-03 -1.217747120655935933e-01 1.001643564368811523e+00 -1.258652779722735815e+00 1.353270225193642928e-01 7.848740048370884681e-01 -1.489083958679261244e+00
-2.425863094335085901e-01 -1.680267039675762686e-01 1.692412038190894696e-01 -1.291168749974538121e+00 4.338497722666587175e-02 6.024459480188555371e-01 -1.415116547179833040e+00 -1.317194106285594522e-03 -1.348659803510620647e-01 1.049072304339215611e+00 -1.375920929838561513e+00 1.554603813093315967e-01 8.071215630207564384e-01 -1.510765643344331943e+00
-2.298779090808155678e-01 -1.742250981996959214e-01 2.025451906451636308e-01 -1.322070487340549994e+00 5.423233638088811176e-02 6.276680780044232577e-01 -1.445262666186050815e+00 -5.006139691876181075e-03 -1.566537836965865571e-01 1.076423555389701914e+00 -1.473144998583781673e+00 1.702754773254063492e-01 8.299998165801126815e-01 -1.519094875957049062e+00
-2.181900571997036908e-01 -1.784436373826364941e-01 2.364556017377108521e-01 -1.354104289184207222e+00 6.486232690619389563e-02 6.534484684504319185e-01 -1.479011355239582270e+00 -5.653803846318156828e-03 -1.881805305186403932e-01 1.091370763320808734e+00 -1.570210969309050908e+00 1.820278951086622132e-01 8.540104305297213649e-01 -1.518577517858768378e+00
-2.061776555422497048e-01 -1.821306796199093636e-01 2.698643957549021755e-01 -1.383115394165965517e+00 7.750187839247107968e-02 6.777343276295089147e-01 -1.519180483049886954e+00 -7.542872570267360188e-03 -2.329877865234528944e-01 1.084815056175225889e+00 -1.674260954568488780e+00 1.911978399013617158e-01 8.786564017585161146e-01 -1.519420756179371113e+00
-1.966810090704461389e-01 -1.883058905740848665e-01 3.035685247513900120e-01 -1.409681926793648898e+00 8.996044287062733569e-02 6.963498194348219927e-01 -1.566779917722341819e+00 1.615480425449256205e-03 -2.845168016812800182e-01 1.046732947843023176e+00 -1.744116451667119927e+00 1.974997552231618492e-01 9.027310093508228439e-01 -1.496282501290456368e+00
-1.893624598345579890e-01 -1.965253599077388946e-01 3.371868016711822014e-01 -1.434918872927025468e+00 1.032597275540207971e-01 7.047009733389933972e-01 -1.621557074077809801e+00 5.241255755325759840e-04 -2.790711879740015999e-01 9.851802149758360772e-01 -1.805818493918857959e+00 2.050658005090204850e-01 9.265065504776514027e-01 -1.493266244099245244e+00
-1.936100655833119799e-01 -2.113229762491367347e-01 3.731325574367141407e-01 -1.461016251736960703e+00 1.077969690462841773e-01 6.917002374283256483e-01 -1.674783051628588870e+00 4.874789146104643606e-04 -2.726351492504476837e-01 9.032974406461659056e-01 -1.847620806861420384e+00 2.109542393204114352e-01 9.500328503185339057e-01 -1.486161183224894877e+00
-1.840348823104158427e-01 -2.133695383607326357e-01 4.030822625467021525e-01 -1.480286710088471569e+00 1.302626265421125140e-01 6.659039770425954075e-01 -1.727395490925391908e+00 7.139498429729171716e-03 -2.624740662012128856e-01 7.989278234148362579e-01 -1.847234719580025386e+00 2.145794831878307107e-01 9.723222590590312464e-01 -1.462864180783045587e+00
-1.699964785697305192e-01 -2.090400749279797965e-01 4.301355232924981564e-01 -1.494741337084208421e+00 1.589204078209268955e-01 6.173658488360919128e-01 -1.759595524763271746e+00 6.202578126207056348e-03 -2.529331071223250293e-01 6.856965046643997974e-01 -1.826652184540301649e+00 2.184823303928670468e-01 9.935042909587711302e-01 -1.451158883430770485e+00
-1.547331879258926068e-01 -2.008726300643841334e-01 4.551287489944478293e-01 -1.504608558950746522e+00 1.885194235317229350e-01 5.397500305413679422e-01 -1.757613973991198009e+00 5.212335982976925783e-03 -2.421813401203900262e-01 5.790646712161947596e-01 -1.774302023867073252e+00 2.216442924994016794e-01 1.012092007778877756e+00 -1.434381489562214007e+00
-1.229635154158191246e-01 -1.769919258099302284e-01 4.731936034719722017e-01 -1.506505776013369546e+00 2.308772844425220905e-01 4.444203511510730897e-01 -1.730003221935473956e+00 6.058783532075505060e-03 -2.278165923060968545e-01 4.968344121750420395e-01 -1.685339977628170116e+00 2.245040043585662115e-01 1.028530850552356712e+00 -1.410011254487831378e+00
-8.931433743211990295e-02 -1.494107727320911905e-01 4.891375436161580770e-01 -1.504781640975415780e+00 2.685394489171207266e-01 3.315486859137711240e-01 -1.671236998811309604e+00 7.243507109110943962e-03 -2.147412363255324919e-01 4.424986737912951495e-01 -1.593622661009807207e+00 2.277204547526772704e-01 1.045085027286256185e+00 -1.387143822803436510e+00
-5.237565396690844338e-02 -1.172264273971454357e-01 5.020201270966991869e-01 -1.498722930351054528e+00 3.024202501151266320e-01 2.123289738294991402e-01 -1.596220996186065832e+00 8.944128218828078028e-03 -2.079287931724457528e-01 4.135830020570232524e-01 -1.520731348112343451e+00 2.306804379386429849e-01 1.065299219267135333e+00 -1.368461913862321966e+00
6.607546559971454354e-03 -6.411467177518931360e-02 5.002672934859706544e-01 -1.477503471052025397e+00 3.398444820942426170e-01 9.804986789740859077e-02 -1.506348130037596489e+00 4.918771241251882788e-03 -2.064017890725227955e-01 4.044251122602485204e-01 -1.475894619892001769e+00 2.328959138060480161e-01 1.084791800707093135e+00 -1.352099640763669619e+00
4.844749495168859665e-02 -2.377190306992193677e-02 5.043359390307107226e-01 -1.456974286336370383e+00 3.565588883277034937e-01 -1.528521795322064676e-02 -1.395295269054956933e+00 4.341556765305124715e-03 -2.059632058274941946e-01 4.246315166480997827e-01 -1.446164746039796833e+00 2.318028122021511817e-01 1.093292363566355396e+00 -1.305775676455700918e+00
8.561002129554849682e-02 1.387021812420927321e-02 5.085565208765396861e-01 -1.432999743296331285e+00 3.633297186647034827e-01 -1.176346550555694426e-01 -1.276387424214395105e+00 -1.586450471444358912e-03 -2.083664756392114570e-01 4.534815245927869554e-01 -1.456176119218578480e+00 2.248942171092184750e-01 1.089551260896978846e+00 -1.244429353573610619e+00
1.080057096588208781e-01 3.897147928748093820e-02 5.213130791657403229e-01 -1.414904577474576319e+00 3.596169866524273617e-01 -2.096508039901069931e-01 -1.150509827690543663e+00 -4.502788536914974584e-04 -2.089308949872261123e-01 4.891417127992704339e-01 -1.461330972440251452e+00 2.072410256406630458e-01 1.062049093105164488e+00 -1.135237613947818636e+00
1.449911882376914707e-01 7.681514288550576885e-02 5.205552384879424954e-01 -1.381144166684361352e+00 3.563565002385369329e-01 -2.855363534422579175e-01 -1.029138087050846195e+00 5.932432822450642816e-03 -2.083102346791256276e-01 5.267088735412009948e-01 -1.454769407863704345e+00 1.403771565619828798e-01 9.745151235096245479e-01 -9.389487220776615573e-01
1.690328921526936812e-01 1.040080727232628455e-01 5.274099003475972713e-01 -1.353900239794922022e+00 3.523680633184728128e-01 -3.495342381555521238e-01 -9.339476187593276357e-01 6.123092250608390061e-03 -2.074151476610923139e-01 5.626750778362494820e-01 -1.458992406815354359e+00 1.018526078684722364e-01 9.719934530337260847e-01 -9.284706878780331074e-01
1.787379898316495686e-01 1.189366820163424571e-01 5.454697910671671979e-01 -1.337261422273050337e+00 3.521840935077681922e-01 -3.709298477501261071e-01 -9.200000000000000400e-01 2.931645529705846870e-04 -2.056160506064823590e-01 5.960048013477928786e-01 -1.470994154203063786e+00 8.204032062764991806e-02 9.863069814660384571e-01 -9.644733279818084037e-01
1.830424010315093164e-01 1.292331351088737701e-01 5.672892526466516427e-01 -1.325490078352691281e+00 3.503451156884553330e-01 -3.704607931142266941e-01 -9.200000000000000400e-01 -3.559074486645466724e-03 -2.021954300315298436e-01 6.288319464519882551e-01 -1.475969322576904386e+00 7.578187924420574928e-02 1.002939980229945460e+00 -9.953664631053904532e-01
1.718152216062566184e-01 1.248552475414243246e-01 6.031108451628945932e-01 -1.328200290105675307e+00 3.430046208458624735e-01 -3.512015524796979205e-01 -9.200000000000000400e-01 -1.334042553636782293e-02 -1.986006642862363780e-01 6.603392150194675736e-01 -1.491013300013872778e+00 7.776224485053710722e-02 1.027116102832312361e+00 -1.057999177607696017e+00
1.561511393393251734e-01 1.152366392281878316e-01 6.424504371212220732e-01 -1.334379161683973969e+00 3.432958761884370991e-01 -3.306180127056281282e-01 -9.200000000000000400e-01 2.378979312545147565e-03 -1.899850407184990320e-01 6.945748828741311609e-01 -1.449254053560568023e+00 1.002270082455603839e-01 1.125722388010277131e+00 -1.191389297015198689e+00
1.535931190663870072e-01 1.191566740661621077e-01 6.688871225874827298e-01 -1.326960913461255442e+00 3.367330942145699280e-01 -3.073849570245328344e-01 -9.200000000000000400e-01 -2.655402997956766119e-03 -1.827166907390135042e-01 7.257861449009939125e-01 -1.449973940061197286e+00 1.033473450119446607e-01 1.170643845145219686e+00 -1.331851031530933760e+00
1.436376233250206136e-01 1.158539581151164510e-01 7.032240936040268231e-01 -1.326414879364295141e+00 3.335065684642541939e-01 -2.824058278253799292e-01 -9.200000000000000400e-01 -1.483504989255062163e-04 -1.732077745233502053e-01 7.562748990732713894e-01 -1.431562920974557729e+00 1.057994296270547002e-01 1.190616199358851990e+00 -1.445973032904502409e+00
1.467299159212372139e-01 1.253776191552167241e-01 7.253594484975010026e-01 -1.315887707376818039e+00 3.338207441476211956e-01 -2.634412227524785544e-01 -9.200000000000000400e-01 5.575449950703256254e-03 -1.626345079552327100e-01 7.853204324498074262e-01 -1.403177654915040318e+00 1.081842863207796990e-01 1.177666560178429078e+00 -1.527938329040170462e+00
1.395325784478556319e-01 1.214153838135714064e-01 7.577279592657227836e-01 -1.316510666466523372e+00 3.309779406678487468e-01 -2.453818670811355740e-01 -9.200000000000000400e-01 4.305077057025489184e-04 -1.524252365421318034e-01 8.133079413796301393e-01 -1.394934426580387354e+00 1.138380647192791112e-01 1.127640386460802668e+00 -1.594244413993228582e+00
1.382168484098573458e-01 1.194128078944971666e-01 7.848873437763381755e-01 -1.316518848889530524e+00 3.328037068324726788e-01 -2.108965849768401624e-01 -9.580330792670012086e-01 -3.988440006288889003e-04 -1.398884934767705146e-01 8.400003385424388291e-01 -1.371661158565151251e+00 1.291541023359099594e-01 1.070719417289995645e+00 -1.656234320355870704e+00
1.381798698026071581e-01 1.135693124423671763e-01 8.097323684865408433e-01 -1.321103562434276846e+00 3.352142626611496201e-01 -1.728129996155597925e-01 -9.984017327713132772e-01 -2.933448974182681530e-03 -1.268107945026694938e-01 8.643066058201291924e-01 -1.345773077379566862e+00 1.558857761595998648e-01 1.002417205821846347e+00 -1.716928491057802653e+00
1.318604542852002681e-01 9.377240108088356896e-02 8.409620638554664573e-01 -1.338194693222034104e+00 3.356949214762204869e-01 -1.346045968211767863e-01 -1.037041356084851706e+00 5.106977072067630467e-04 -1.134298634121441579e-01 8.846345801711249512e-01 -1.301028074205849983e+00 1.846462412095084826e-01 9.135037217191310788e-01 -1.748490239330441787e+00
1.396425167925221533e-01 8.243637750574107914e-02 8.573665632952317539e-01 -1.354290662433371040e+00 3.408205159881765867e-01 -9.449037616910455073e-02 -1.074804931113289230e+00 3.662159548830939363e-03 -1.005585372103750819e-01 9.014143839299539884e-01 -1.250701762517716142e+00 2.225428974618490208e-01 8.154866625679372261e-01 -1.758928139622757625e+00
1.418033480289804804e-01 5.482699608602739638e-02 8.732286400399139614e-01 -1.387068060711955653e+00 3.442438658394416651e-01 -5.655068588538897378e-02 -1.108955520155178620e+00 3.560909327939905280e-04 -8.908162366868177529e-02 9.168410410433347479e-01 -1.210267540043537204e+00 2.751143056121477803e-01 7.160342539344428658e-01 -1.762473414041109132e+00
1.484842195309853952e-01 2.722211453250899388e-02 8.797123383148076625e-01 -1.427444614274011814e+00 3.498041562247020120e-01 -1.889134271483686872e-02 -1.141978520152231447e+00 2.267137001676381488e-03 -7.864952685140660926e-02 9.276110164445623418e-01 -1.153610567332800318e+00 3.310050544169584330e-01 6.175245414168039071e-01 -1.727568690362813575e+00
1.573908031847318367e-01 1.822186276193945046e-03 8.753334720088005172e-01 -1.469762108478890772e+00 3.566723987631899573e-01 1.772519537087507979e-02 -1.172332059523029324e+00 3.643627813143191646e-03 -6.982465211624204471e-02 9.349271416310740435e-01 -1.094028285951655910e+00 3.861593266848270534e-01 5.118385397183590202e-01 -1.661698964287376068e+00
1.640539270578066644e-01 -2.657531512413175909e-02 8.631683344897304044e-01 -1.515297186588612677e+00 3.618994550183650682e-01 4.644205565985839307e-02 -1.185130606442292622e+00 -2.233511340204645361e-03 -6.228097110175098011e-02 9.405608869903678837e-01 -1.046350503605022464e+00 4.393961478554636590e-01 3.774392408216525330e-01 -1.569619975756892716e+00
1.703776031782690270e-01 -5.794210674143894513e-02 8.398740102192875367e-01 -1.569634872178349294e+00 3.682884631747332382e-01 8.427957039306209486e-02 -1.217978818599389834e+00 -1.788811659038037644e-03 -5.700913451091699224e-02 9.394390700691177543e-01 -9.780410336538835070e-01 4.936861007305600180e-01 2.824112266304015795e-01 -1.486669517066124158e+00
1.763010982500485824e-01 -9.404603604070906064e-02 7.975135416999685756e-01 -1.621687450938131159e+00 3.735484856779517360e-01 1.122746499749286281e-01 -1.233193094030899495e+00 -1.040901882811627426e-02 -5.332491162309700022e-02 9.388915250120725142e-01 -9.200000000000000400e-01 5.396734279111883303e-01 2.112777440336900125e-01 -1.401542106315611935e+00
1.756103259365613123e-01 -1.183449608937899022e-01 7.313667331811583017e-01 -1.657276959448681808e+00 3.763276171307015638e-01 1.397761206117449362e-01 -1.252180303166421593e+00 -9.201378521259587218e-03 -5.728609118152958729e-02 9.849043466791549406e-01 -9.200000000000000400e-01 5.798080533755562982e-01 1.721506617240924075e-01 -1.302911412608644071e+00
1.713457228420375011e-01 -1.401935614048464007e-01 6.459828513874027456e-01 -1.674789229940671920e+00 3.775115142494277487e-01 1.682826329126141662e-01 -1.272435715469298012e+00 -1.080955489497962413e-02 -6.781081572513794620e-02 1.013519440803755112e+00 -9.200000000000000400e-01 6.228349334761879019e-01 1.541571185119447185e-01 -1.219373977738084536e+00
1.476669983456290747e-01 -1.791463248268417019e-01 5.568648963291040754e-01 -1.672738678703362680e+00 3.668136615026782454e-01 1.968295209414466507e-01 -1.287093415424257703e+00 -1.917746710609261745e-02 -7.580027379006286370e-02 1.045464038993263012e+00 -9.200000000000000400e-01 6.640752083651112470e-01 1.359561657109308319e-01 -1.142190366095090504e+00
1.098058102940501629e-01 -2.249356712904614641e-01 4.670247047890265235e-01 -1.651366301590205810e+00 3.466426014686739276e-01 2.247238512810926792e-01 -1.300071748629956669e+00 -1.485187090721113920e-02 -8.220865993198081534e-02 1.067010035024970493e+00 -9.200000000000000400e-01 6.821669561317763586e-01 1.278601882462612749e-01 -1.046784785269427642e+00
6.903258031812779805e-02 -2.652542816154908611e-01 3.718890116921304556e-01 -1.607768413079802006e+00 3.227332661293556004e-01 2.515794731574058085e-01 -1.309392132748118387e+00 -1.389464930941891607e-02 -7.864660400258166595e-02 1.068947573042036359e+00 -9.200000000000000400e-01 6.962684645339423106e-01 1.295590801191726926e-01 -9.783650153604628308e-01
2.625909255672492087e-02 -2.996168222464369313e-01 2.731015295592827963e-01 -1.548947133960512756e+00 2.953639174779305043e-01 2.771190460607108608e-01 -1.313992966264840412e+00 -1.319025027442287563e-02 -1.007956504131221759e-01 1.083227263785513594e+00 -9.200000000000000400e-01 7.041545618598116230e-01 1.416248136254562029e-01 -9.322088152264569327e-01
-8.120746691886891397e-03 -3.218024690789523801e-01 1.729781165388957487e-01 -1.477374331507056437e+00 2.714958756574860632e-01 3.030582155324195170e-01 -1.316414071241030603e+00 -1.777326930073004282e-02 -9.839495678647823540e-02 1.097176902062666048e+00 -9.200000000000000400e-01 7.092512893503365445e-01 1.613371940798495330e-01 -9.200000000000000400e-01
-5.092559014985242188e-02 -3.418931913778334164e-01 7.954132809592330544e-02 -1.395822657512539200e+00 2.404234027882035940e-01 3.260240105893152385e-01 -1.316617350871870595e+00 -2.266548963481012161e-02 -1.274546718799677847e-01 1.106211073130211497e+00 -9.200000000000000400e-01 7.117652961536300449e-01 1.850413097155119979e-01 -9.200000000000000400e-01
-8.675062662338413333e-02 -3.537397201236255895e-01 -5.736044674240512418e-03 -1.315136366370190268e+00 2.124001892557305649e-01 3.481313881771541663e-01 -1.315172213729775441e+00 -2.538900668733335905e-02 -1.378673360216312038e-01 1.127469917077167594e+00 -9.200000000000000400e-01 7.124603713315668108e-01 2.094933695853460343e-01 -9.200000000000000400e-01
-1.253905701547913532e-01 -3.643026759639925172e-01 -8.050408800572193824e-02 -1.244656499703102437e+00 1.808627190283790265e-01 3.670388647587836117e-01 -1.310887914354557315e+00 -2.540699630762115191e-02 -1.463638646950429223e-01 1.123271307828275445e+00 -9.200000000000000400e-01 7.125771193270717951e-01 2.347837455766203785e-01 -9.200000000000000400e-01
-1.571049948290069442e-01 -3.721277145110413742e-01 -1.434208409666222206e-01 -1.193023759719548549e+00 1.532138299472507459e-01 3.865105655682645747e-01 -1.309322210892692295e+00 -2.229259171128679731e-02 -1.426818150563760879e-01 1.138084341863049520e+00 -9.200000000000000400e-01 7.130585886796759754e-01 2.628448718425029917e-01 -9.200000000000000400e-01
-1.758875714662503087e-01 -3.755058539664774542e-01 -1.955260503100620939e-01 -1.152303183764963102e+00 1.346134242453609908e-01 4.083762533471244072e-01 -1.312420257191885042e+00 -2.654635696775669434e-02 -1.402608102808211576e-01 1.169389686757162705e+00 -9.200000000000000400e-01 7.193640709480721984e-01 2.837894890460977426e-01 -9.200000000000000400e-01
-2.141662732637731881e-01 -3.832265582187052710e-01 -2.299683424905828166e-01 -1.124403470765204860e+00 1.004753885681112097e-01 4.191771993595674317e-01 -1.308672647129973887e+00 -2.414916724985012933e-02 -1.457494447621737466e-01 1.192304271698371387e+00 -9.200000000000000400e-01 7.235970585025004453e-01 3.124675904164247453e-01 -9.200000000000000400e-01
-2.291473406112093381e-01 -3.840986764472972825e-01 -2.469644035854310637e-01 -1.104137547425480204e+00 8.397100209059066289e-02 4.394360038272495661e-01 -1.316919762563974139e+00 -2.278173045300535549e-02 -1.391373046757592991e-01 1.223115484826041266e+00 -9.200000000000000400e-01 7.285965813658573653e-01 3.416157062125259603e-01 -9.200000000000000400e-01
-1.598662034416863942e-01 -3.595777028729876257e-01 -2.631499646202759557e-01 -1.048060262372724205e+00 2.480682364144640856e-02 4.307495056416315582e-01 -1.295844360038689969e+00 -1.781971713647880970e-02 -1.474161344756586556e-01 1.275583065325967880e+00 -9.200000000000000400e-01 7.850000000000000311e-01 4.200975304337663530e-01 -9.200000000000000400e-01
-1.627426006825710147e-01 -3.524130661645061280e-01 -2.457624236622226455e-01 -1.018693000839204998e+00 9.979615718489076234e-03 4.519263358966109645e-01 -1.302380496862698411e+00 -2.047471182830278708e-02 -1.451374116644671974e-01 1.305931806214663427e+00 -9.200000000000000400e-01 7.850000000000000311e-01 4.423007574472621606e-01 -9.200000000000000400e-01
-1.539758555911798221e-01 -3.442452988590740670e-01 -2.199182965989397720e-01 -1.000222724532348950e+00 4.035520716168044045e-03 4.793890861424561778e-01 -1.312280785945528550e+00 -2.110929194382571775e-02 -1.251706857110592430e-01 1.333010286601601813e+00 -9.200000000000000400e-01 7.850000000000000311e-01 4.617181582947672558e-01 -9.200000000000000400e-01
-1.458605476426523551e-01 -3.381395479490102995e-01 -1.894331648108023292e-01 -9.941112584268125829e-01 -2.529303902028307190e-03 5.053178514970071422e-01 -1.317696695195169410e+00 -1.900941707335981889e-02 -9.111496176601555086e-02 1.350897038860721766e+00 -9.200000000000000400e-01 7.850000000000000311e-01 4.882980835254155383e-01 -9.200000000000000400e-01
-1.378055736800497810e-01 -3.349020642531664316e-01 -1.576092196353960639e-01 -1.006905900234180473e+00 -8.805407058561474584e-03 5.330574308713000864e-01 -1.325405584583604579e+00 -2.132508268322946127e-02 -4.808100098476207618e-02 1.357702258595102185e+00 -9.200000000000000400e-01 7.850000000000000311e-01 5.072935195694527888e-01 -9.200000000000000400e-01
-1.288919421037322266e-01 -3.333237410554811819e-01 -1.287514450329977633e-01 -1.031842879233923815e+00 -1.388846449922253971e-02 5.607616464894522590e-01 -1.335132937157323951e+00 -2.249875771237274530e-02 -2.844878872449870932e-03 1.365355856709280946e+00 -9.259647932371689594e-01 7.850000000000000311e-01 5.341367665221627981e-01 -9.200000000000000400e-01
-1.254563284794383837e-01 -3.338776079200637126e-01 -1.021942879822441003e-01 -1.058243572528801302e+00 -2.439772170313675437e-02 5.790098309573550317e-01 -1.338507905381754126e+00 -2.632539794903407740e-02 5.251961300141299444e-02 1.354871192374751399e+00 -9.200000000000000400e-01 7.822108853585814092e-01 5.498793654522702301e-01 -9.200000000000000400e-01
-1.127446721166277949e-01 -3.306679537321118301e-01 -7.802004069368546901e-02 -1.080468956396045899e+00 -2.814268609495129345e-02 5.985066156372480517e-01 -1.340968941966958150e+00 -2.303301920952644660e-02 1.077837719260407584e-01 1.347345908328412278e+00 -9.200000000000000400e-01 7.726938266069496297e-01 5.737223486463373101e-01 -9.200000000000000400e-01
-1.473612806056114610e-01 -3.477502808784268540e-01 -1.210826373122467388e-02 -1.134124893845337878e+00 8.577637013385192022e-02 6.854890515490532632e-01 -1.398085668406144677e+00 -1.017076738186242953e-02 1.930953442312355606e-01 1.292889005018370341e+00 -9.474258522847569530e-01 6.759561497020122323e-01 5.613666552445207847e-01 -9.200000000000000400e-01
-1.419153126193691272e-01 -3.454325858437146124e-01 2.118330918513186903e-02 -1.142826102975055047e+00 1.169377311323737678e-01 7.118518043301567122e-01 -1.389075577559085950e+00 -1.171711073529987414e-02 2.604527219784185665e-01 1.225303961595669122e+00 -9.263433130416502959e-01 6.415864513207917286e-01 5.744677207782484807e-01 -9.200000000000000400e-01
-1.330537535425541373e-01 -3.415199821564846583e-01 5.469167294827988191e-02 -1.150823974165044117e+00 1.321126036423492800e-01 7.334217502018959278e-01 -1.375325907124489877e+00 -1.638028661355930490e-02 3.217601582960768480e-01 1.143190575684448707e+00 -9.200000000000000400e-01 6.012585994564757508e-01 5.817386741006616013e-01 -9.202622121429159252e-01
-1.278328479953273478e-01 -3.399324969547913300e-01 8.564869909694027006e-02 -1.163361295372919768e+00 1.363559376327743156e-01 7.498894126790516257e-01 -1.377675008781452881e+00 -1.726501836580543112e-02 3.735409576657539588e-01 1.067711066562598399e+00 -9.200000000000000400e-01 5.655342768937139386e-01 6.035704933695436036e-01 -9.406769069783234016e-01
-1.289211713347726551e-01 -3.428097134283153991e-01 1.147413378066448469e-01 -1.185260599717285812e+00 1.370694393001679889e-01 7.667453561370407566e-01 -1.412822279634277756e+00 -1.492744210866948570e-02 4.224403833186503032e-01 9.999173757505152027e-01 -9.200000000000000400e-01 5.368368873029484289e-01 6.295801752696412734e-01 -9.625694336738597201e-01
-1.362188878566958083e-01 -3.495347405952678455e-01 1.424742137810054710e-01 -1.209569063572872416e+00 1.331578668897440143e-01 7.871374660855250394e-01 -1.473827355189182953e+00 -1.108335453007905022e-02 4.447968811850322446e-01 9.593961263551844532e-01 -9.200000000000000400e-01 5.133237751803214621e-01 6.575677737350713592e-01 -9.827993340678822243e-01
-1.475906296010071062e-01 -3.583044367912077144e-01 1.681383528052308729e-01 -1.228900033110935208e+00 1.262706988767800798e-01 8.038003865950325011e-01 -1.546761998209961408e+00 -9.376479725171252971e-03 4.605913245051376781e-01 9.094545351474543349e-01 -9.200000000000000400e-01 4.931635700641166520e-01 6.848792185472385441e-01 -1.002982374630663198e+00
-1.594136097719174583e-01 -3.670429076332959450e-01 1.913851460700460028e-01 -1.241886562184812748e+00 1.212328175999552587e-01 8.107079402689724157e-01 -1.628441524372345794e+00 -5.376323531100743805e-03 4.672005039932490833e-01 8.798485611602964163e-01 -9.200000000000000400e-01 4.743732980772252250e-01 7.106322275562746427e-01 -1.014549167491680670e+00
-1.757139971803065581e-01 -3.784892257337399424e-01 2.130648380840845513e-01 -1.251609491481264991e+00 1.148993682116407622e-01 7.984930894939915591e-01 -1.717308529042677723e+00 -8.913939530497282451e-03 4.380090699311137148e-01 8.556154270551707963e-01 -9.200000000000000400e-01 4.590968228872524537e-01 7.389694296667452811e-01 -1.045517642443160478e+00
-1.880254020802541726e-01 -3.882387294888107188e-01 2.344013222522466078e-01 -1.261468863486176373e+00 1.197881577994719116e-01 7.590498327196916195e-01 -1.812104593344166847e+00 -7.916783375296646344e-03 4.488737726572151754e-01 8.378497911977297319e-01 -9.200000000000000400e-01 4.432341577673499233e-01 7.647213248874172864e-01 -1.060502529781933267e+00
-2.006277056034473927e-01 -3.987645419012214587e-01 2.552318462340822935e-01 -1.271857961098922241e+00 1.302329571018226440e-01 7.016642326455699852e-01 -1.912758499566650006e+00 -1.327654424587541501e-02 4.076461935927189195e-01 8.233268007685754508e-01 -9.200000000000000400e-01 4.298735031529601902e-01 7.919788249371199074e-01 -1.088684269204334143e+00
-2.070682554739426695e-01 -4.060798875110473438e-01 2.759778926796062071e-01 -1.283658898083432254e+00 1.542682140692895609e-01 6.166863533816978604e-01 -1.999304493441485642e+00 -7.515349177034640581e-03 3.911797196555196199e-01 8.133055648004887672e-01 -9.200000000000000400e-01 4.140977385270779298e-01 8.143507740496606084e-01 -1.083521497833519476e+00
-1.953179121559182607e-01 -4.018961393633830870e-01 2.965857253766471247e-01 -1.296619931588438357e+00 2.030813982640971571e-01 5.075552175777301445e-01 -2.050311689940795823e+00 -1.108365368952750861e-02 3.766399647590436550e-01 8.345570109733070341e-01 -9.200000000000000400e-01 3.997280096057473364e-01 8.377644825124701544e-01 -1.096937483266382518e+00
-1.616748865437946103e-01 -3.828612356917763804e-01 3.167802668381093922e-01 -1.310666989431517271e+00 2.310572523771813880e-01 3.776314843301707413e-01 -2.035022898625568288e+00 -1.225507003077575159e-02 3.498014806031565227e-01 8.304506022866580128e-01 -9.200000000000000400e-01 3.849774505845468542e-01 8.576404849647923934e-01 -1.098612806945393316e+00
-9.891128370853428942e-02 -3.428307024385045532e-01 3.339389958604448427e-01 -1.323254011722524659e+00 2.046409426728703906e-01 2.748177354937362815e-01 -1.953042882248518852e+00 -1.330929470122051324e-02 3.467601974478599636e-01 8.444933051337896179e-01 -9.200000000000000400e-01 3.718163247657735315e-01 8.745805046377499448e-01 -1.092645586536286295e+00
-2.803370360053877158e-02 -2.945034465362295628e-01 3.452769275120201042e-01 -1.326045003888319584e+00 1.647718972610107135e-01 1.945251053862203094e-01 -1.831402464238491179e+00 -9.512156309467124579e-03 3.304542970603164265e-01 8.441022197034871999e-01 -9.200000000000000400e-01 3.585062634759782485e-01 8.874685411345371033e-01 -1.068467449813524928e+00
6.496853300622683347e-02 -2.278378419741703687e-01 3.445514600135894945e-01 -1.312013838689814582e+00 1.294944874033322757e-01 1.368728161705870527e-01 -1.696794259305103525e+00 -1.112227642352439129e-02 3.214163841994683302e-01 8.717813003166707819e-01 -9.200000000000000400e-01 3.465147475649316133e-01 9.002085011154988825e-01 -1.052499622446684047e+00
1.553270133689078902e-01 -1.606717501033225193e-01 3.323776068032651132e-01 -1.278294736318265068e+00 8.493868346923787171e-02 8.606643845640427060e-02 -1.551916469288308731e+00 -1.192935665278447438e-02 3.107680142617392782e-01 8.960110493715705005e-01 -9.200000000000000400e-01 3.354931368388608948e-01 9.102947578881666058e-01 -1.031527114610241824e+00
2.424902128801366130e-01 -9.516803564706186047e-02 3.097511994181036954e-01 -1.230412430818065506e+00 3.572460078308137277e-02 4.940146760557497657e-02 -1.400716354198980884e+00 -9.467313125433602511e-03 2.979829107690906143e-01 9.075087116578468560e-01 -9.200000000000000400e-01 3.261263040185429785e-01 9.189306526444762646e-01 -1.005237013610996044e+00
3.245973169433232219e-01 -3.409204110981563229e-02 2.785091995660585185e-01 -1.174812759646308491e+00 1.520473814670152569e-03 1.716757588038752419e-02 -1.248919217591121456e+00 -4.946425930502144908e-03 2.900446174374098907e-01 9.079136389865598566e-01 -9.200000000000000400e-01 3.172562914411242163e-01 9.292070213244491006e-01 -9.829376374410245809e-01
3.862851819981187873e-01 1.220519951274261217e-02 2.509152576489504516e-01 -1.123925150872274292e+00 -1.971435103043743184e-02 2.091134589292312565e-03 -1.121481700173463381e+00 -7.347613314264592882e-03 2.764408235254859347e-01 9.291360686137274394e-01 -9.200000000000000400e-01 3.114425289920378925e-01 9.467145890025748800e-01 -9.858080342445366684e-01
4.208096171363576166e-01 4.014066035796273052e-02 2.380106596127911367e-01 -1.092137073882928133e+00 -3.084222770568439964e-02 3.000679510541002289e-03 -1.041909822836943000e+00 -9.385569592920563198e-03 2.609428336221794598e-01 9.313555219679281461e-01 -9.200000000000000400e-01 3.115055656978411025e-01 9.674210745453846183e-01 -9.993727086745128885e-01
4.292001817626728277e-01 5.098168894921171340e-02 2.442052280372564999e-01 -1.086208442916996475e+00 -3.180246911533542165e-02 1.837228953062759740e-02 -1.008568304536628712e+00 -1.023207207071929158e-02 2.495372822484482611e-01 9.222447923314585072e-01 -9.200000000000000400e-01 3.188618463155655225e-01 9.865978934918897547e-01 -1.021681755507563683e+00
3.963452271942080607e-01 6.545336978233463887e-02 2.563246209663563868e-01 -1.086528326387152577e+00 -2.708359491330909058e-02 3.307214143638202708e-02 -9.934285353566120191e-01 -1.143915481289378699e-02 2.367313742708765656e-01 9.158353308720006414e-01 -9.200000000000000400e-01 3.343119308243525656e-01 1.001722863925980311e+00 -1.054101021724034970e+00
3.501703334239071874e-01 7.578723396038661297e-02 2.747896788479970986e-01 -1.099564021747936104e+00 -2.412250798335427437e-02 5.182603861911735943e-02 -1.008704827688315486e+00 -2.227009906274394699e-02 2.287384290264405651e-01 9.221256315988243246e-01 -9.200000000000000400e-01 3.584205854466806507e-01 1.018625167544227494e+00 -1.119045797169741840e+00
3.031960614348197525e-01 8.953285960583021175e-02 2.902020545377785865e-01 -1.116046337954500922e+00 -1.909606155845973430e-02 7.477009773853326990e-02 -1.027036879418408599e+00 -1.328837175565656531e-02 2.245741569086272815e-01 9.399775248162767216e-01 -9.200000000000000400e-01 3.857415849548153641e-01 1.027792232919062521e+00 -1.149741675518324735e+00
2.529246669990928842e-01 1.040218309110137601e-01 3.107722701766633677e-01 -1.144130700873340345e+00 -1.169315383575300106e-02 9.829525953794859827e-02 -1.049358745217046529e+00 -1.229528896524289573e-02 2.123641720856254411e-01 9.345738307691170421e-01 -9.200000000000000400e-01 4.180437084594751940e-01 1.040217775774386677e+00 -1.211080099669879617e+00
2.010117851754822660e-01 1.111028132508429939e-01 3.401978483386158825e-01 -1.187411846584552899e+00 -3.463656523300191227e-03 1.197865079766184393e-01 -1.072653971677969276e+00 -6.995937632612094469e-03 1.973969368781188505e-01 9.441422623902300248e-01 -9.200000000000000400e-01 4.523972628390089401e-01 1.048389555454401156e+00 -1.265875067072455673e+00
1.656321134101175485e-01 1.122200704846416514e-01 3.666300935251844972e-01 -1.235386750319465321e+00 1.075615653224889709e-02 1.495791703561823172e-01 -1.104020323224321531e+00 -9.712171068969431206e-03 2.017707153036464862e-01 9.619262931954353224e-01 -9.200000000000000400e-01 4.887958680424592250e-01 1.043280536221418586e+00 -1.328717042846331520e+00
1.537664553863738182e-01 1.039753737917062659e-01 3.893337536217048589e-01 -1.286638751199115749e+00 3.128119404013791210e-02 1.860107244599958909e-01 -1.139303522406806213e+00 -1.305973243489838044e-02 1.919486958987812464e-01 9.655863098823959101e-01 -9.200000000000000400e-01 5.277661858505584558e-01 1.022432967775560364e+00 -1.377853224444594904e+00
1.625472908755939694e-01 8.605369417127047005e-02 4.130755084994678916e-01 -1.336821860836210352e+00 5.767490051336822410e-02 2.247771947654240432e-01 -1.172220184041587343e+00 -6.972842857569304560e-03 1.872286005486900606e-01 9.811226981192328056e-01 -9.200000000000000400e-01 5.644684106499486820e-01 9.787566909420838401e-01 -1.380321385898710451e+00
1.825951196492633100e-01 5.661915965770863979e-02 4.389000991089467285e-01 -1.388061300528878439e+00 8.754790154878254460e-02 2.629725981640876342e-01 -1.200504210405743732e+00 -1.178213275396578809e-02 1.865590775080287755e-01 9.919094489202744391e-01 -9.200000000000000400e-01 6.038928865444895822e-01 9.169840802134515689e-01 -1.372264965767246103e+00
2.096335011138178717e-01 1.902657665002426349e-02 4.623379222299473512e-01 -1.439371450602518809e+00 1.191800161214699172e-01 2.995386961496305789e-01 -1.223836855477779206e+00 -1.590711911445620574e-02 1.717086360750229856e-01 9.899796111295174894e-01 -9.200000000000000400e-01 6.449464288782569277e-01 8.589652968330437899e-01 -1.358849590192067192e+00
2.425344249160412968e-01 -2.207878933454072296e-02 4.765660549168987958e-01 -1.488029652017329507e+00 1.514093024014777633e-01 3.327776840798500335e-01 -1.238266280135007724e+00 -1.153292782170943151e-02 1.565807826711733408e-01 1.004278561162507577e+00 -9.200000000000000400e-01 6.766202002563970197e-01 8.084960568838956974e-01 -1.313736468095426213e+00
2.622539585207577240e-01 -6.812208894470986320e-02 4.842868774418280231e-01 -1.528906900676463287e+00 1.745534026906443992e-01 3.575932078066569875e-01 -1.240067794963899628e+00 3.625050861938377926e-05 1.589535579581714264e-01 1.038425212883618443e+00 -9.200000000000000400e-01 6.958233984136649175e-01 7.555763234596333255e-01 -1.233484057596436756e+00
2.535004046477782880e-01 -8.242326763598857575e-02 4.686068362611713889e-01 -1.543983418730919155e+00 1.801073723319230047e-01 3.714369084757981332e-01 -1.230576075095992206e+00 -1.066434707391968571e-02 1.462377745655037420e-01 1.034605428225304324e+00 -9.200000000000000400e-01 7.155356683783380412e-01 7.057979811538521719e-01 -1.190034822229908640e+00
2.394514521927571804e-01 -1.029830097275496459e-01 4.456261976226563171e-01 -1.557306229627880123e+00 1.840950424741506219e-01 3.843396579312727268e-01 -1.221861838103491360e+00 -1.122877932522110996e-02 1.345423454255240681e-01 1.030155034989454155e+00 -9.200000000000000400e-01 7.244902026601506284e-01 6.558594411487371767e-01 -1.115582466646164228e+00
2.315378194673178291e-01 -1.200652563663887201e-01 4.072733394392897832e-01 -1.558181715341688145e+00 1.942819175083263239e-01 3.997512632884870909e-01 -1.217202910973771868e+00 -1.633226650124297921e-02 1.206449707885609429e-01 1.028352888529234566e+00 -9.200000000000000400e-01 7.287330827012904466e-01 6.100521647821850468e-01 -1.044755001123857330e+00
2.054621705196902071e-01 -1.514775524416759611e-01 3.618282691599558620e-01 -1.545033847988154019e+00 1.913234897258750955e-01 4.102848286243961362e-01 -1.212329969236358052e+00 -9.920748271110536864e-03 1.220949530146978046e-01 1.016039801806835730e+00 -9.200000000000000400e-01 7.156874689697518832e-01 5.589557292070876926e-01 -9.254810806705524584e-01
1.560602900158426509e-01 -1.949438304783047970e-01 3.184760909441396448e-01 -1.513668737328884628e+00 1.702859866406650491e-01 4.138259442327313908e-01 -1.205796931407017603e+00 -2.448100948049392739e-02 1.261741568664888347e-01 1.031918133320528286e+00 -9.200000000000000400e-01 7.044340009531615543e-01 5.448706072355157248e-01 -9.200000000000000400e-01
1.127233063171939748e-01 -2.271083708308862248e-01 2.684942366980239137e-01 -1.457636367773532449e+00 1.536632741666835444e-01 4.193766530272919901e-01 -1.203637702469580573e+00 -2.724199203733643562e-02 1.069210372049597679e-01 1.015627849143660999e+00 -9.200000000000000400e-01 6.913657236659329630e-01 5.446180938783973247e-01 -9.200000000000000400e-01
8.482033582548299810e-02 -2.440226058491389016e-01 2.092170282263603187e-01 -1.380319814156514502e+00 1.492014566735206382e-01 4.313744004729930803e-01 -1.206813189865592939e+00 -2.493639199520581926e-02 9.497699012402638363e-02 1.030841326258481905e+00 -9.200000000000000400e-01 6.718832669833536553e-01 5.493992806311214228e-01 -9.200000000000000400e-01
4.607180613465983871e-02 -2.634219015261952679e-01 1.600748959724050124e-01 -1.305439527188469118e+00 1.368514643396943065e-01 4.403933213466056373e-01 -1.207788184997099057e+00 -2.793506990543123680e-02 8.380526612850906776e-02 1.021307923001120166e+00 -9.200000000000000400e-01 6.565721800689663379e-01 5.571548448915840668e-01 -9.200000000000000400e-01
1.282273172327284654e-02 -2.753405451524195691e-01 1.258330454872174653e-01 -1.231024939211551761e+00 1.284127824756773339e-01 4.514184401597673979e-01 -1.209813260732375051e+00 -2.605555801532870308e-02 7.345959118946318589e-02 1.032425991492441186e+00 -9.200000000000000400e-01 6.433359322201454011e-01 5.699251026466034542e-01 -9.200000000000000400e-01
-1.433093789182236094e-02 -2.819944693145078896e-01 1.124182523354790852e-01 -1.165659674442548255e+00 1.250457518642851540e-01 4.652089986132813548e-01 -1.213713068291561337e+00 -2.752068916872012910e-02 6.399636485557826104e-02 1.039977017659636127e+00 -9.200000000000000400e-01 6.316615803806261420e-01 5.798307883538875718e-01 -9.200000000000000400e-01
-3.559546552070574216e-02 -2.869407459098855528e-01 1.161475566336755694e-01 -1.120672730643770487e+00 1.282992481857585243e-01 4.832290486241171967e-01 -1.221304543634025297e+00 -2.551093744471877658e-02 5.975335635338138024e-02 1.052953727678032525e+00 -9.200000000000000400e-01 6.190422117141687330e-01 5.944158145303259921e-01 -9.200000000000000400e-01
-4.978262013291252785e-02 -2.913475863982702974e-01 1.340425003633522183e-01 -1.104733140042326145e+00 1.387745400864446588e-01 5.054461156366267804e-01 -1.234982490219298734e+00 -2.397479182356326149e-02 5.417676555012359424e-02 1.048979004439737794e+00 -9.200000000000000400e-01 6.072985534803622132e-01 6.061390328523356130e-01 -9.200000000000000400e-01
-6.377240742538307916e-02 -2.988039146643729493e-01 1.632944644191414718e-01 -1.115610052215940451e+00 1.515986488003355226e-01 5.277196435617229620e-01 -1.252600891105791092e+00 -2.399560983084873811e-02 4.839607349215305915e-02 1.059949579114217943e+00 -9.200000000000000400e-01 5.926424025083908420e-01 6.149303455540062746e-01 -9.200000000000000400e-01
-6.198899499658595130e-02 -2.984562141879837927e-01 1.932102840947264588e-01 -1.130757098232061830e+00 1.803752629004006236e-01 5.516071963121904620e-01 -1.276277243165151010e+00 -1.995013724275668601e-02 3.358289376562752226e-02 1.051673590523910073e+00 -9.200000000000000400e-01 5.755891701787051451e-01 6.322136001772971081e-01 -9.327421614987028153e-01
-7.126358974005563007e-02 -3.041553525718645457e-01 2.181987404276205522e-01 -1.138813816829994163e+00 2.003785386662048917e-01 5.672861924074328321e-01 -1.300406790372689247e+00 -2.398779936840500504e-02 2.787357315922341441e-02 1.054669396403495440e+00 -9.200000000000000400e-01 5.592823953608019316e-01 6.532545490009542544e-01 -9.702341466104104084e-01
-7.230396328914091841e-02 -3.052874138568719697e-01 2.356494612955321033e-01 -1.145928355227417761e+00 2.024037493187908210e-01 5.816290594143387338e-01 -1.330332413433893191e+00 -1.878899823329467991e-02 2.160179977891272390e-02 1.048408802794329464e+00 -9.200000000000000400e-01 5.390005880448385245e-01 6.692622245392326752e-01 -9.795415020448049459e-01
-7.444295257516847508e-02 -3.074675522268593419e-01 2.509435455660975478e-01 -1.155583867915930263e+00 2.039434180943896224e-01 5.918807691140562932e-01 -1.370229610249259045e+00 -1.849983740378244312e-02 1.616433661802901475e-02 1.043034612935106020e+00 -9.200000000000000400e-01 5.201262574841589714e-01 6.877383341245328907e-01 -1.003868312505411753e+00
-7.407333499187031267e-02 -3.083230267343387565e-01 2.646959706950152147e-01 -1.166767878571988382e+00 2.100778109971812024e-01 5.844416459674889319e-01 -1.416644949526191466e+00 -1.685773432921602172e-02 8.698337917046061046e-03 1.053700338637130640e+00 -9.200000000000000400e-01 5.014444374742691446e-01 7.056413151184849353e-01 -1.024238322021937098e+00
-7.427839195608011702e-02 -3.096093979735938251e-01 2.784073761089071453e-01 -1.178260161130969319e+00 2.180525055428210734e-01 5.573644642748556421e-01 -1.465295893900564250e+00 -1.458788628572302640e-02 4.660723530294433661e-03 1.062670821976427371e+00 -9.200000000000000400e-01 4.837730414604180518e-01 7.228625701030888528e-01 -1.041365397818188931e+00
-6.436155472195791150e-02 -3.044699987747464531e-01 2.892286765350406963e-01 -1.190710163097281171e+00 2.365106523614229350e-01 5.114174151145579605e-01 -1.507511864169901017e+00 -1.056242105984247538e-02 3.522241804451186936e-04 1.054576922809165929e+00 -9.200000000000000400e-01 4.677516401897091058e-01 7.386145843483740148e-01 -1.051145801880410957e+00
-5.742861897037372654e-02 -3.011013755875157072e-01 2.990504936660534074e-01 -1.202540227775894532e+00 2.528776444158660208e-01 4.458485815134164976e-01 -1.534650966323081622e+00 -1.072388690026335016e-02 -4.207720584659366573e-04 1.029460506914954943e+00 -9.200000000000000400e-01 4.558375200772041280e-01 7.547144359787291146e-01 -1.067810942914041661e+00
-3.360257049260022277e-02 -2.865650202330806140e-01 3.062851116519536010e-01 -1.214881107400956006e+00 2.609618578087465335e-01 3.684256323046449788e-01 -1.520136618322604161e+00 -8.825457063664179924e-03 3.198949255476724496e-05 1.054048784970963215e+00 -9.200000000000000400e-01 4.468772228691373916e-01 7.692050289650979034e-01 -1.075959933386880341e+00
9.812068039123999358e-03 -2.586347882374888107e-01 3.091328906945880473e-01 -1.225057834568999304e+00 2.486814191726291479e-01 2.736430247354817991e-01 -1.473986087855060800e+00 -1.433413020561245983e-02 2.865068995241011694e-03 1.051654915941081958e+00 -9.200000000000000400e-01 4.428479215247402290e-01 7.851126088816756665e-01 -1.100287818882307533e+00
6.197478134026289387e-02 -2.241292954824823935e-01 3.062552877876987267e-01 -1.228349001910508553e+00 2.392922821505761299e-01 1.726899322147895932e-01 -1.391815115513971524e+00 -9.988768544798827878e-03 -4.247119166102900360e-04 1.057122353709041063e+00 -9.200000000000000400e-01 4.369079849477456867e-01 7.960518920606314275e-01 -1.095848729486715412e+00
1.288637748554783968e-01 -1.791748453570763122e-01 2.930038256021012533e-01 -1.218576858478007230e+00 2.295121091217227904e-01 6.968516336636242092e-02 -1.283508184980181266e+00 -1.042575526744711836e-02 -4.658204088949072057e-03 1.051728495328723589e+00 -9.200000000000000400e-01 4.314833360980374066e-01 8.065119223169262552e-01 -1.099386830914147017e+00
2.007828363429172702e-01 -1.311887427773615888e-01 2.696780481616410929e-01 -1.195877297637122361e+00 2.132710489992571679e-01 -2.366667045935512415e-02 -1.184010644630821396e+00 -8.843684924504885067e-03 2.461839602920791806e-03 1.046287843922007799e+00 -9.200000000000000400e-01 4.246778689878956681e-01 8.152444941586287630e-01 -1.096388965565374685e+00
2.773229464187250137e-01 -7.893869958676225096e-02 2.341618324327716105e-01 -1.157245675914396754e+00 1.868243866018838850e-01 -1.006467109130551735e-01 -1.087496486262041984e+00 -9.986010590420599589e-03 5.407154512510838409e-03 1.035144070076297051e+00 -9.200000000000000400e-01 4.168950248908838696e-01 8.246051310631871134e-01 -1.100609324881239637e+00
3.313918846038316768e-01 -2.064060551914032732e-02 1.883962531781022964e-01 -1.100398180506651169e+00 1.443174069953898075e-01 -1.684100910021874564e-01 -9.873516928945303972e-01 -8.701181641981151071e-03 1.216014998473103834e-02 1.031512804286949692e+00 -9.200000000000000400e-01 4.075091214505970338e-01 8.334660195034038210e-01 -1.100294566542266983e+00
3.727973697617633086e-01 2.894468759993822429e-02 1.400468119271700007e-01 -1.035813212337685085e+00 1.040896567849645543e-01 -2.025976165865553680e-01 -9.200000000000000400e-01 -6.661441381189447779e-03 4.945839745224783410e-03 1.032986018860114541e+00 -9.200000000000000400e-01 3.981661445698130852e-01 8.433503239286429531e-01 -1.101974407574186188e+00
3.730376606452728838e-01 5.597227948649125678e-02 1.166313945910972816e-01 -9.990275077959737127e-01 7.107663590471187398e-02 -2.052110830663519681e-01 -9.200000000000000400e-01 -1.100465931656379771e-02 -1.784685987338335052e-03 1.027251087085363723e+00 -9.200000000000000400e-01 3.911094815211541564e-01 8.559057335650360754e-01 -1.121724547684118445e+00
4.010077644282750708e-01 9.866170438266368137e-02 6.315090939693718264e-02 -9.200000000000000400e-01 5.667366715601893090e-02 -1.895222694211367853e-01 -9.200000000000000400e-01 -1.190599372623071112e-02 -1.327455283313212471e-03 1.023334612291727508e+00 -9.200000000000000400e-01 3.836178121572255129e-01 8.678967371530533770e-01 -1.135734050524785932e+00
3.083162966087046319e-01 7.875519865793473295e-02 1.166075873456628165e-01 -9.810658850714382151e-01 4.208272342697524926e-02 -2.024894903350946129e-01 -9.200000000000000400e-01 -1.331257739376834164e-02 -2.308408096501000841e-03 1.021697802303002334e+00 -9.200000000000000400e-01 3.780221574149403851e-01 8.793021726667329396e-01 -1.154639789858486587e+00
2.835012768728222277e-01 9.678322937028398243e-02 1.054135351539027682e-01 -9.565894214946241148e-01 4.222753012344296342e-02 -1.990217335076316929e-01 -9.200000000000000400e-01 -1.222078914880936860e-02 -8.105151126905508346e-03 1.002311124580790525e+00 -9.200000000000000400e-01 3.834039077628612624e-01 8.839743693142416703e-01 -1.178789782357349436e+00
2.662539852199513613e-01 1.198598102793616421e-01 8.433703588696006559e-02 -9.200000000000000400e-01 5.775003406300525943e-02 -1.809996137011759820e-01 -9.200000000000000400e-01 -1.409264258429705763e-02 -2.045402198004333746e-02 1.006031590242060680e+00 -9.200000000000000400e-01 4.012718289583768749e-01 8.906730284593332714e-01 -1.222260495015744075e+00
1.748120205987877540e-01 1.019905781926610661e-01 1.375618922776375153e-01 -9.846793169996984618e-01 4.485320544830069533e-02 -1.953911695580130004e-01 -9.200000000000000400e-01 -1.044957651640436580e-02 -2.318086800578534473e-02 1.005799035045791490e+00 -9.200000000000000400e-01 4.419140910573680081e-01 9.517169750427301178e-01 -1.338361987598402747e+00
1.897353584940857096e-01 1.399633882345660552e-01 9.080468766135582626e-02 -9.200000000000000400e-01 6.490093894472977187e-02 -1.757642319366928552e-01 -9.200000000000000400e-01 -1.022750588386000213e-02 -3.007495523374314680e-02 9.991056846795683954e-01 -9.200000000000000400e-01 4.971151570951522491e-01 9.942601309931944353e-01 -1.473168189440016818e+00
9.960089858210938174e-02 1.158493165318213863e-01 1.529249255733337032e-01 -1.004650612416021493e+00 6.384200162396116984e-02 -1.951374356395949583e-01 -9.200000000000000400e-01 -1.303945740011893881e-02 -2.769433384378021043e-02 9.958145296821311332e-01 -9.200000000000000400e-01 5.499925700557614094e-01 9.953122106012305403e-01 -1.563522024628885454e+00
5.394195756726483798e-02 1.102814889830121270e-01 1.750861350620538381e-01 -1.040981475469413109e+00 6.543361680004350367e-02 -1.895737788814636504e-01 -9.200000000000000400e-01 -1.033239231568196421e-02 -3.202380254102864948e-02 9.893729785851602676e-01 -9.200000000000000400e-01 5.961619136824640730e-01 9.527102517923906611e-01 -1.584820771004801898e+00
1.253047785029308969e-01 1.646689311508452158e-01 8.883776226571030166e-02 -9.386072410654707765e-01 8.113244480024242589e-02 -1.491987373881512036e-01 -9.200000000000000400e-01 -1.121942989035477727e-02 -4.133441018560986280e-02 9.761690607768782613e-01 -9.200000000000000400e-01 6.302301676809883846e-01 8.918018912057175118e-01 -1.578026972665389493e+00
2.692259922759387275e-02 1.167003398608029013e-01 1.843014166931977171e-01 -1.079362973728864805e+00 9.239860216119358260e-02 -1.703603123041141088e-01 -9.200000000000000400e-01 -1.114308871723774554e-02 -3.570752108867884800e-02 9.848561336338623740e-01 -9.200000000000000400e-01 6.561401563315015784e-01 8.207132247337526332e-01 -1.546820262586401151e+00
3.026826667424649744e-02 1.178644605255823180e-01 1.834135000084502476e-01 -1.101895013057192729e+00 1.007235553264312633e-01 -1.647890955697879634e-01 -9.200000000000000400e-01 -1.254600768763154336e-02 -3.585961521754722076e-02 9.863598512480569180e-01 -9.200000000000000400e-01 6.714774096325309971e-01 7.287538674134558248e-01 -1.483529194853881128e+00
6.592344285933164627e-02 1.245141790671602661e-01 1.582082307262372700e-01 -1.100391857853516786e+00 1.193356185093524674e-01 -1.454798434638307214e-01 -9.200000000000000400e-01 -1.157712064331506939e-02 -4.298319885666576634e-02 9.830849103067405004e-01 -9.200000000000000400e-01 6.854895744647306888e-01 6.071525226547050957e-01 -1.396834992333386039e+00
7.547057575704965715e-02 1.008787643617009427e-01 1.590448917247252458e-01 -1.138192087585280010e+00 1.335977046271189517e-01 -1.314547554181934585e-01 -9.200000000000000400e-01 -1.198208191067429151e-02 -4.223031786271939231e-02 9.820024934716060638e-01 -9.200000000000000400e-01 6.874944439947112684e-01 5.559870264864122946e-01 -1.366302087110666363e+00
1.250027871195095730e-01 8.980654573367242988e-02 1.164534072650214858e-01 -1.129158522657770725e+00 1.580217244768599705e-01 -1.114961760968584265e-01 -9.200000000000000400e-01 -8.173074956519532641e-03 -4.830068006129412811e-02 9.935790016378723832e-01 -9.200000000000000400e-01 6.673869471912007301e-01 5.098522937911376118e-01 -1.314692441994476324e+00
9.301195824549886304e-02 2.697709083301932931e-02 1.341633372333077556e-01 -1.192307762420690809e+00 1.559944238995039645e-01 -1.084022695605110359e-01 -9.200000000000000400e-01 -9.974923031957433350e-03 -4.347641162151409666e-02 9.902061117496611109e-01 -9.200000000000000400e-01 6.375153878624221226e-01 4.627691600253914239e-01 -1.244247086256899726e+00
9.874365697366375982e-02 -1.789489721359580413e-02 1.089149505339044172e-01 -1.194324756844547197e+00 1.651498349243689101e-01 -9.619721992810870148e-02 -9.202884563958528830e-01 -5.152377001176770138e-03 -5.390039192566118548e-02 9.940809083331009210e-01 -9.200000000000000400e-01 6.071168766287170504e-01 4.242327489833428444e-01 -1.160957716950686613e+00
9.431075260202653743e-02 -6.818582254976560120e-02 7.218000069322305645e-02 -1.183380786584898203e+00 1.716318677989187302e-01 -7.903916180453052220e-02 -9.365617806278887514e-01 -1.071573756392182886e-02 -5.530961405294466254e-02 9.913651082691221639e-01 -9.200000000000000400e-01 5.911540063145324098e-01 4.036988036363728938e-01 -1.137048621988702823e+00
9.263597473724345666e-02 -1.091580509173707969e-01 2.137782881970943030e-02 -1.154116850466494038e+00 1.786182611665234343e-01 -6.048846727579743066e-02 -9.542762345447861616e-01 -8.970739707516481309e-03 -6.215979574338475339e-02 1.004596533399325864e+00 -9.200000000000000400e-01 5.748451206883893327e-01 4.004096437313176549e-01 -1.116241489895497097e+00
8.483382217203144782e-02 -1.471668193376699241e-01 -1.830421677446432763e-02 -1.124583799846496035e+00 1.825824683621062317e-01 -4.432839002353479441e-02 -9.691806669987926837e-01 -4.367940917729826872e-03 -6.675349301047101003e-02 1.003714205699011375e+00 -9.200000000000000400e-01 5.634971319451054228e-01 4.067277282087674029e-01 -1.101551579438489359e+00
7.985921116471930703e-02 -1.824253148940375713e-01 -4.364512649910871206e-02 -1.098740386163119531e+00 1.871995871013263091e-01 -2.697070301356934222e-02 -9.853556934156405545e-01 -5.210290747483169345e-03 -7.661171026030019759e-02 1.017591271181839785e+00 -9.200000000000000400e-01 5.563736388361715246e-01 4.197032432867231488e-01 -1.111626322720230764e+00
7.678582259703717328e-02 -2.116958491286495270e-01 -6.033564289761211841e-02 -1.076242979303593250e+00 1.919685701512578724e-01 -8.747519483775573895e-03 -1.002076949452776811e+00 -1.064539037311914432e-02 -8.563713658918409299e-02 1.014502472318307147e+00 -9.200000000000000400e-01 5.513246959632051025e-01 4.366509929378502575e-01 -1.141429677179080615e+00
7.369481009328530952e-02 -2.300279244929901157e-01 -6.704577569693591366e-02 -1.057876247097451650e+00 1.961479638866882313e-01 9.418251313572574904e-03 -1.018384236830021328e+00 -1.248145988434567512e-02 -9.061620197501688012e-02 1.016208257371592705e+00 -9.200000000000000400e-01 5.450737787916920540e-01 4.543919329642190919e-01 -1.164708417623859349e+00
6.005484367663981721e-02 -2.311464459912404568e-01 -5.744307685277513786e-02 -1.048296902469867620e+00 1.946623157023455175e-01 2.341870729942689688e-02 -1.029820112544054922e+00 -1.153339406885193000e-02 -9.707737906506214154e-02 1.019604897022878598e+00 -9.200000000000000400e-01 5.381263223862355893e-01 4.715000611169031242e-01 -1.179770670019063772e+00
4.639039474025651033e-02 -2.247958743654467073e-01 -3.978973763543305897e-02 -1.049485815586297388e+00 1.918761282713001559e-01 3.650687024495241628e-02 -1.040227119879615136e+00 -1.136423133180446479e-02 -1.015588105664383539e-01 1.019701588605536946e+00 -9.200000000000000400e-01 5.317210867199937407e-01 4.869658819759948298e-01 -1.192136366455060159e+00
3.955341117471726509e-02 -2.236351952337567450e-01 -2.281222850836566937e-02 -1.060936078485653411e+00 1.916445338544023047e-01 5.154100017974282133e-02 -1.052894671789784242e+00 -2.430748953630286653e-03 -1.026074261121391468e-01 1.035363321885336418e+00 -9.200000000000000400e-01 5.206321084156669832e-01 4.995069179467194753e-01 -1.176532364665443753e+00
3.408162096681725817e-02 -2.226971290074503673e-01 -6.839608570827692031e-03 -1.074653777556162426e+00 1.918464655043669032e-01 6.735016502057210308e-02 -1.067818353137689913e+00 -7.324772933791955445e-03 -1.107086583132363411e-01 1.038279473260081742e+00 -9.200000000000000400e-01 5.148077751228307131e-01 5.123685330252434333e-01 -1.195353743095928456e+00
2.720842857423450695e-02 -2.221670346502803151e-01 8.932740514388515934e-03 -1.088860841340395291e+00 1.911932020351230221e-01 8.239299443440177562e-02 -1.082383966218638527e+00 -6.510526904100292014e-03 -1.156168130546258027e-01 1.039777337196303497e+00 -9.200000000000000400e-01 5.067681260136386312e-01 5.249073357215944258e-01 -1.201028979282205311e+00
2.133997008100392556e-02 -2.209254783872235950e-01 2.265713452949730949e-02 -1.100210195280293179e+00 1.907813236352230435e-01 9.721509190197048789e-02 -1.097041801309683429e+00 -3.260478297419150320e-03 -1.271119005887426934e-01 1.042367227528312013e+00 -9.200000000000000400e-01 4.981494952942794319e-01 5.370386732335040714e-01 -1.200909509188837321e+00
1.354102711001919229e-02 -2.206450505716308075e-01 3.503876260478833160e-02 -1.109822690777284349e+00 1.889712168303916695e-01 1.104949403836458649e-01 -1.110153199360632170e+00 -4.976690908996254763e-03 -1.336967122989149714e-01 1.044520070216757635e+00 -9.200000000000000400e-01 4.920617307762228387e-01 5.491432528205630881e-01 -1.212852020813311782e+00
9.009100831238396612e-03 -2.208076590556329322e-01 4.632439433783843569e-02 -1.120723857194120265e+00 1.883494475019418801e-01 1.238474035830241515e-01 -1.123467093495684299e+00 -8.750176991433824061e-03 -1.450249330765943090e-01 1.046599716471568575e+00 -9.200000000000000400e-01 4.876740260223781931e-01 5.606509811861221104e-01 -1.229147018598569119e+00
5.617877002151792920e-03 -2.213839824649978527e-01 5.786552764633960677e-02 -1.132341498450641248e+00 1.877530596054667600e-01 1.368000495152032481e-01 -1.136436690465838062e+00 -1.309138198470201353e-02 -1.469720081896366548e-01 1.050789746442465367e+00 -9.200000000000000400e-01 4.842803473163017625e-01 5.715258479056268826e-01 -1.246093023357780272e+00
3.790470379098396115e-03 -2.218070133233614183e-01 6.859724444007450628e-02 -1.142159300929050048e+00 1.874014016823763173e-01 1.495349041182608696e-01 -1.149084670679533238e+00 -1.413689611046329425e-02 -1.617540138144275830e-01 1.056530748865178504e+00 -9.200000000000000400e-01 4.802883180385835726e-01 5.816786005558072237e-01 -1.254238525538664994e+00
2.367029145451159458e-03 -2.226547317759386690e-01 7.934437840552117926e-02 -1.150533045835065327e+00 1.864899251339232344e-01 1.614790033680877090e-01 -1.160500137169033552e+00 -1.545260192156599870e-02 -1.546563930322288338e-01 1.065368670668353612e+00 -9.200000000000000400e-01 4.770455553571061880e-01 5.912351928757008102e-01 -1.261911444182550968e+00
3.239742403929417140e-03 -2.235278559024478917e-01 8.930887440036960889e-02 -1.158175316182861847e+00 1.858601296405966996e-01 1.731514576832801355e-01 -1.171474619514889071e+00 -1.634727296211285763e-02 -1.690004647104070001e-01 1.065754289544275091e+00 -9.200000000000000400e-01 4.744998380621055500e-01 5.999158005506477487e-01 -1.267198324121215691e+00
5.346357490096203570e-03 -2.246783398680495536e-01 9.839879029311621172e-02 -1.165068339692194810e+00 1.851050722796767634e-01 1.841009928790667272e-01 -1.181628645708680203e+00 -1.899177561867423925e-02 -1.689909998685997228e-01 1.064604753438584295e+00 -9.200000000000000400e-01 4.730731518652493417e-01 6.076817181928003686e-01 -1.275552212894739190e+00
6.515387712999888385e-03 -2.257780041954498551e-01 1.069064217569420799e-01 -1.171096615219702652e+00 1.845102509062177265e-01 1.945402505469732701e-01 -1.190981634480740015e+00 -1.647966405443963486e-02 -1.698835841777164013e-01 1.070326714880413421e+00 -9.200000000000000400e-01 4.688578443352042213e-01 6.149159171552949221e-01 -1.271606005384036120e+00
6.717175205892583073e-03 -2.269258514271379756e-01 1.148014981212681224e-01 -1.176529005651034909e+00 1.840252642860602805e-01 2.043161715742298767e-01 -1.199602478609055556e+00 -1.786465845542577896e-02 -1.775662323739745085e-01 1.069842847818796017e+00 -9.200000000000000400e-01 4.653323767650737186e-01 6.219414908113416462e-01 -1.277124605462767404e+00
6.559636247687710385e-03 -2.279986526525107082e-01 1.220878420423833627e-01 -1.181440691642926977e+00 1.837147959163793476e-01 2.134171725122709362e-01 -1.207468014518831456e+00 -1.607954651891680201e-02 -1.788832332698960248e-01 1.076662712188026561e+00 -9.200000000000000400e-01 4.601611062541690056e-01 6.284532248914459496e-01 -1.275120052161990980e+00
6.153131558534027240e-03 -2.291155824263690632e-01 1.288188217138534764e-01 -1.185963805165271445e+00 1.834479689766279342e-01 2.218390586179612434e-01 -1.214403005541106584e+00 -1.568341228658293521e-02 -1.818490483753670284e-01 1.081433901941600606e+00 -9.200000000000000400e-01 4.551073910099228126e-01 6.346475080725616502e-01 -1.276227732155136518e+00
5.836299227681265855e-03 -2.301767779793013058e-01 1.352566579818345605e-01 -1.190261079706449676e+00 1.832882321886248611e-01 2.297712843339275446e-01 -1.220821554149441379e+00 -1.543698395690296446e-02 -1.865133264941344626e-01 1.085319047636874368e+00 -9.200000000000000400e-01 4.500557721008122125e-01 6.406466269913630995e-01 -1.277665823767273556e+00
5.831519392434357865e-03 -2.311762282348645836e-01 1.412275073469011211e-01 -1.194178097930640003e+00 1.832284237296034346e-01 2.374735465283490943e-01 -1.227250678753004864e+00 -1.525867794970702657e-02 -1.901106707392650752e-01 1.088845816175172176e+00 -9.200000000000000400e-01 4.447319169543051953e-01 6.465724690172413025e-01 -1.279664521795967902e+00
5.537478611665879596e-03 -2.323390713476164715e-01 1.468946475528848938e-01 -1.198266436699447768e+00 1.830583633398443211e-01 2.448343945869899396e-01 -1.233215872186137263e+00 -1.392184870449376249e-02 -1.932790900340053686e-01 1.095610688261545285e+00 -9.200000000000000400e-01 4.386229136555205299e-01 6.523088288433053217e-01 -1.279315819792119502e+00
5.154712400397694697e-03 -2.335550006309159154e-01 1.523499563365555698e-01 -1.202703526086497776e+00 1.828406360026290367e-01 2.524508898948373825e-01 -1.239840935387128251e+00 -1.507834278766686555e-02 -1.958434784877700618e-01 1.089006079633529911e+00 -9.200000000000000400e-01 4.330962029735520580e-01 6.582090665856319411e-01 -1.285322526715907410e+00
4.475989190766580146e-03 -2.347805180054338137e-01 1.576923820834393031e-01 -1.207435001110580108e+00 1.828102362813103510e-01 2.602654089760544909e-01 -1.247275901119712538e+00 -1.626686608569534107e-02 -2.027404726015306358e-01 1.086953591457575863e+00 -9.200000000000000400e-01 4.273099329266065727e-01 6.641667925163425856e-01 -1.291965978313833086e+00
3.237429774244039542e-03 -2.363429551741987877e-01 1.630015928458385943e-01 -1.212179940707116765e+00 1.824457738274947172e-01 2.681893104640259984e-01 -1.255882149779937951e+00 -1.604916777691001856e-02 -2.003059705043825911e-01 1.085181884919532713e+00 -9.200000000000000400e-01 4.210551847374258139e-01 6.699766643332502047e-01 -1.295628684421948673e+00
2.109984502981421782e-03 -2.380976197839698716e-01 1.680934032493264230e-01 -1.216623527325107146e+00 1.820943202529032301e-01 2.761204252419712235e-01 -1.264773212396878010e+00 -1.160600349785452512e-02 -2.020369260598772476e-01 1.086708421207534858e+00 -9.200000000000000400e-01 4.133469162722028245e-01 6.755133281608703966e-01 -1.289807250867513355e+00
6.896852062748566733e-04 -2.394243968223327967e-01 1.731129926795748897e-01 -1.221163220876373856e+00 1.823158080370664846e-01 2.838124103160108436e-01 -1.272759372634963526e+00 -1.216399091542103537e-02 -2.087258217131546800e-01 1.096883967707470875e+00 -9.200000000000000400e-01 4.066739008043934733e-01 6.817109054628101017e-01 -1.296418590000636417e+00
-1.895247775758861306e-03 -2.408647995090883176e-01 1.786817467780775770e-01 -1.226424770395821540e+00 1.822980616377031515e-01 2.910206230246735748e-01 -1.280219815810953676e+00 -1.340264189764210113e-02 -2.091511025206954089e-01 1.097969218192218044e+00 -9.200000000000000400e-01 4.008034978417331362e-01 6.880812926625767822e-01 -1.304443812951802784e+00
-4.798434010583311864e-03 -2.420723092035389767e-01 1.846959486784116311e-01 -1.232428084604236140e+00 1.824805130365345363e-01 2.979571618344755146e-01 -1.287231156748782857e+00 -1.163180246659766687e-02 -2.110915906322122504e-01 1.100132598294683905e+00 -9.200000000000000400e-01 3.949176562459731921e-01 6.943052511375270575e-01 -1.305000742217185428e+00
-7.769122949849022186e-03 -2.427887132104155354e-01 1.908841518943275861e-01 -1.239122355133997821e+00 1.830600370292093937e-01 3.052243066585234588e-01 -1.294235547929165842e+00 -1.006198244010043583e-02 -2.084734372837651062e-01 1.095606485667326435e+00 -9.200000000000000400e-01 3.892967178091647495e-01 7.007116298044090419e-01 -1.306098197288166229e+00
-1.203617427735848532e-02 -2.434738955609109801e-01 1.975001949077424546e-01 -1.246701581258403246e+00 1.836105881320665989e-01 3.125609740090671829e-01 -1.301284262455617347e+00 -9.557652922889028901e-03 -2.076886691512402350e-01 1.090037691183317392e+00 -9.200000000000000400e-01 3.836278516397879090e-01 7.075592258598626394e-01 -1.309897161414304234e+00
-1.620058612918245586e-02 -2.435614395542735344e-01 2.041542696715869243e-01 -1.254781551591683142e+00 1.846079106993082641e-01 3.202589278807750905e-01 -1.309167904421793427e+00 -8.832982564442194012e-03 -2.011709806899437403e-01 1.089512502374294867e+00 -9.200000000000000400e-01 3.778193506152439096e-01 7.145267775427595058e-01 -1.313192596341940632e+00
-2.168726836540955591e-02 -2.440595655936683983e-01 2.112355736840931808e-01 -1.263615450181227118e+00 1.850067862968153842e-01 3.276749897043675364e-01 -1.316861604253406925e+00 -7.152281899503606932e-03 -1.953783854565596390e-01 1.080775079453271559e+00 -9.200000000000000400e-01 3.717223078536668890e-01 7.215461989000568899e-01 -1.314266233808280004e+00
-2.647886316639629437e-02 -2.439717282706540258e-01 2.182332872971061433e-01 -1.272657711410569936e+00 1.865604380262023965e-01 3.351821569601380335e-01 -1.323604428655933640e+00 -1.031586154597624247e-02 -1.901748667858408071e-01 1.074913272432674649e+00 -9.200000000000000400e-01 3.670734842703535228e-01 7.289805386651485586e-01 -1.326462584822239554e+00
-3.156099852370031905e-02 -2.440279928912862106e-01 2.254155412256853841e-01 -1.281942632202244026e+00 1.883314746968196840e-01 3.422761501725233302e-01 -1.328964908709300508e+00 -5.144367554452544157e-03 -1.840412318784192258e-01 1.068272124628830255e+00 -9.200000000000000400e-01 3.605570069263693278e-01 7.356603755829067559e-01 -1.318946951936551981e+00
-3.596606825098330740e-02 -2.437377713139201318e-01 2.325689575764937345e-01 -1.291190622243432840e+00 1.901523743635027131e-01 3.493837525565030022e-01 -1.334208196158318316e+00 2.558714689029600430e-03 -1.770589455115091915e-01 1.067013929556232199e+00 -9.329565638833031693e-01 3.539204391912224024e-01 7.419022565276780501e-01 -1.305077483421387630e+00
-3.925722789217114123e-02 -2.429076396453549447e-01 2.395127322373709622e-01 -1.300136961178765649e+00 1.920772539879883889e-01 3.566175158728772665e-01 -1.339143573379454555e+00 9.056844165385597237e-03 -1.687477156068719897e-01 1.073657884624226622e+00 -9.725067621390575123e-01 3.482051795707312158e-01 7.480188434157650779e-01 -1.293574404493531560e+00
-4.314719198617530255e-02 -2.425887532646367195e-01 2.468138915064065630e-01 -1.309044266577386928e+00 1.931877762996319636e-01 3.633804067841697738e-01 -1.344127552902129485e+00 1.064180751928078990e-02 -1.591091267797715980e-01 1.081430940178942590e+00 -1.027450915270065268e+00 3.442428789010485435e-01 7.545865433956746582e-01 -1.293383527464774252e+00
-4.753470304119156165e-02 -2.428351036400209773e-01 2.543716862574368354e-01 -1.318131515181619529e+00 1.934896782286653627e-01 3.698447918244358590e-01 -1.349319643248616307e+00 3.818385474217022055e-05 -1.488506050166410466e-01 1.092337028332286630e+00 -1.112978531556802153e+00 3.436104869068686285e-01 7.625336851123786230e-01 -1.321393901135591298e+00
-5.066765314999847197e-02 -2.424917064671986977e-01 2.619219085676540160e-01 -1.327127623996612327e+00 1.943061945922978651e-01 3.767690855705509434e-01 -1.355355811728390369e+00 -2.444643971188558752e-04 -1.361455462647820081e-01 1.088544868283690237e+00 -1.165883520645274007e+00 3.411653071417646843e-01 7.692823673219348901e-01 -1.325198997407033730e+00
-5.380018565976342482e-02 -2.420600666440461124e-01 2.695541450614791779e-01 -1.335859741662371425e+00 1.949284759709670745e-01 3.832268936414944815e-01 -1.360979055640162860e+00 -1.913975756646293849e-03 -1.244511879764031020e-01 1.086904610513037994e+00 -1.226459732440364769e+00 3.399628867295466095e-01 7.757866871850610524e-01 -1.331782828090597670e+00
-5.591546291046186473e-02 -2.414907701679111507e-01 2.768197599467766556e-01 -1.343759739661671615e+00 1.956030390785755413e-01 3.897939146684571421e-01 -1.366241789091991343e+00 -4.880726225677344161e-03 -1.146033868586523591e-01 1.088568528124419732e+00 -1.288960549848273907e+00 3.390614658156491101e-01 7.822590805306434136e-01 -1.340535342076501157e+00
-5.755926856034115913e-02 -2.407422327553344343e-01 2.840421025235182473e-01 -1.351495436428165053e+00 1.961798914951012052e-01 3.971346273120613946e-01 -1.371231433943842504e+00 -1.077408192277072921e-03 -1.054423832753440399e-01 1.087199858151867815e+00 -1.334011644261755336e+00 3.366782531120984800e-01 7.879625852791184437e-01 -1.333389025912874892e+00
-6.483981056146667643e-02 -2.437952810237341561e-01 2.927908621091664387e-01 -1.360163270710493588e+00 1.924167212724453568e-01 4.031052080529235471e-01 -1.374070073455142982e+00 -8.185787043265227046e-04 -9.763010500969690475e-02 1.086318663844288102e+00 -1.383000874317562578e+00 3.350299011105052904e-01 7.939385944975909659e-01 -1.333771872787549828e+00
-6.853527949802627750e-02 -2.444042394748273672e-01 3.002811005365085828e-01 -1.367006938453156017e+00 1.914452956134650163e-01 4.099916237542326480e-01 -1.377297387687107744e+00 6.086623074314940476e-04 -9.123845769340016565e-02 1.085273046470789371e+00 -1.427936305800517447e+00 3.325672884439159760e-01 7.996659225711471031e-01 -1.330665197833715174e+00
-6.041780035273491833e-02 -2.371210653717929495e-01 3.051227657383027703e-01 -1.372117112062798405e+00 1.987063929703873633e-01 4.208751958904825563e-01 -1.383118907502687289e+00 -5.887717667586630501e-04 -8.637572999597881163e-02 1.085452224368983476e+00 -1.478156774950871721e+00 3.297807303648416788e-01 8.056563638251369452e-01 -1.332687274907387698e+00
-6.035566185872201506e-02 -2.347026128692088764e-01 3.118350528414544076e-01 -1.377232439600651448e+00 1.995386296337199605e-01 4.288165268797177188e-01 -1.386133377010315249e+00 -4.207829791674516477e-03 -8.234197657282896210e-02 1.086307680784124541e+00 -1.536703705133688258e+00 3.264953489731716729e-01 8.119118649300146595e-01 -1.339204824803967409e+00
-5.966150230482897970e-02 -2.312942196652826299e-01 3.181405294771609271e-01 -1.380941114022809835e+00 2.018549259201329882e-01 4.363720422338365768e-01 -1.388266017508530181e+00 -1.358744756349383840e-04 -7.829377869610738838e-02 1.086415429019512491e+00 -1.588287546946944406e+00 3.203163872582000526e-01 8.171593933956770028e-01 -1.327101266714740158e+00
-6.193115323228008673e-02 -2.293166326081208239e-01 3.250146284817551634e-01 -1.383984495928243907e+00 2.035767954238878186e-01 4.427204420604072821e-01 -1.390141175935479811e+00 4.666688456607401086e-04 -7.597111053049698803e-02 1.086367695928689647e+00 -1.651574956084263635e+00 3.136541335842595868e-01 8.227745261286381062e-01 -1.321826352406392235e+00
-6.931392919897214067e-02 -2.302726946784234840e-01 3.330949094261210774e-01 -1.387404421179574410e+00 2.026731934376266031e-01 4.493626350528117652e-01 -1.392764201033900751e+00 -2.137033266392841368e-03 -7.552276501608716497e-02 1.076086059630620095e+00 -1.710876496375861366e+00 3.064398593055536746e-01 8.288701702411406247e-01 -1.322826419417767907e+00
-7.182191241597536691e-02 -2.271219856697017647e-01 3.396590478533485502e-01 -1.389025860170946869e+00 2.062081673481000466e-01 4.595775870382663442e-01 -1.398577406730241668e+00 2.405454064236773899e-03 -7.649323472501524945e-02 1.056138244455188779e+00 -1.749822060894160369e+00 2.966566827686695773e-01 8.339156810012405829e-01 -1.305982158858129738e+00
-7.735410790740328280e-02 -2.253610464063739716e-01 3.469931306459064224e-01 -1.390118548487011330e+00 2.077467136128231529e-01 4.697741218152767795e-01 -1.409119365257264223e+00 5.183169507179749428e-05 -7.892780966900803108e-02 1.023957724068657704e+00 -1.792485542102388640e+00 2.873136844047529670e-01 8.398708063777686750e-01 -1.303556490707353133e+00
-8.354801555510475708e-02 -2.236160199992494602e-01 3.546066608027432787e-01 -1.390566466545667401e+00 2.094486057611189833e-01 4.799231634914191691e-01 -1.427689190061989022e+00 -5.396309896300919944e-03 -8.224524722418502520e-02 9.761677438191544987e-01 -1.830734705876764234e+00 2.781146953366169239e-01 8.462304034671633834e-01 -1.307202419231445756e+00
-9.219026892601224488e-02 -2.230935802973448567e-01 3.630904340572103650e-01 -1.390929956911943099e+00 2.084930906439247666e-01 4.873708293741024766e-01 -1.454795317094527807e+00 5.096396344371815351e-03 -8.443281287780150801e-02 9.137105902338972241e-01 -1.830139358971408337e+00 2.662413272686863785e-01 8.493944201230889668e-01 -1.272617920513095635e+00
-9.821850212763263976e-02 -2.198760331893521991e-01 3.706668896099586941e-01 -1.389657679714539684e+00 2.082983036384684072e-01 4.904756009635870551e-01 -1.494456175877669102e+00 6.797861063130921158e-03 -8.796955469903795788e-02 8.334494726265583298e-01 -1.833361055248630578e+00 2.559606083462775961e-01 8.534766421133549441e-01 -1.256373437170994922e+00
-1.059939476224643629e-01 -2.179246253773765296e-01 3.792798438529357274e-01 -1.389696438921657951e+00 2.097726369394279367e-01 4.812629113353674715e-01 -1.543437212867797337e+00 2.305215632644466543e-03 -9.304167985913686101e-02 7.406517238048996310e-01 -1.829019020205380652e+00 2.472256081251245075e-01 8.593316291791950334e-01 -1.254879035056582159e+00
-1.142374732829437856e-01 -2.168151718616520840e-01 3.890010869567886442e-01 -1.391834199394697213e+00 2.160357195329536961e-01 4.324841243195750584e-01 -1.581794834735635424e+00 1.907531683635143574e-03 -9.905044027762620329e-02 6.498712041050617172e-01 -1.806304014373754541e+00 2.389480381718101509e-01 8.651472715098157407e-01 -1.244839123696078964e+00
-1.013896885928031455e-01 -2.008521195011089000e-01 3.928072515847123580e-01 -1.389994764815286832e+00 2.391464248079662458e-01 3.633661526256358187e-01 -1.589964746476934865e+00 -2.738799088187722410e-03 -1.053786866109943515e-01 5.631500038356743731e-01 -1.778465415872406030e+00 2.327663015052034712e-01 8.722126289287024381e-01 -1.245114091368598519e+00
-8.739449187073766723e-02 -1.848619359913865612e-01 3.965527423376538074e-01 -1.387257276145432927e+00 2.614110896870106004e-01 2.757451305388322615e-01 -1.567829166104427241e+00 -1.098592341695422189e-03 -1.104050849934742756e-01 4.942978966041152722e-01 -1.729301194149929000e+00 2.272921310671088269e-01 8.777058966518660466e-01 -1.230483984481600235e+00
-5.432738804924262810e-02 -1.559607864796301036e-01 3.936513720532870964e-01 -1.378682571264302048e+00 2.943282126493463879e-01 1.795841326237495594e-01 -1.530111729962094991e+00 1.058050099046268198e-03 -1.143185333088057587e-01 4.447785637124857527e-01 -1.678810300826243607e+00 2.233078778755810678e-01 8.829436608455834001e-01 -1.214694245040158549e+00
-1.802769187432349401e-02 -1.259926675675972496e-01 3.888567405283916423e-01 -1.367920586474859590e+00 3.028409735919956325e-01 7.959067008024627021e-02 -1.469514548117345498e+00 5.410281927347605248e-03 -1.170232430698217585e-01 4.112347934860140497e-01 -1.626557956810277483e+00 2.201727510234064711e-01 8.874564767520149999e-01 -1.193655289704632860e+00
2.892501395425989622e-02 -8.819046703129845843e-02 3.772390794643394329e-01 -1.349495266124318471e+00 2.981354547643138564e-01 -1.022838204889147361e-02 -1.364632291534858100e+00 5.044017191685349483e-03 -1.214430746828122770e-01 3.868263934002623694e-01 -1.584342299152777578e+00 2.177670387181476208e-01 8.934250278181192773e-01 -1.183600499634327896e+00
7.595614073706982716e-02 -4.948486263651584449e-02 3.627400474601424896e-01 -1.326907337018335520e+00 2.857373084388695750e-01 -8.381489625096399942e-02 -1.211361127249454661e+00 -9.766102981893074256e-03 -1.297174741546429644e-01 3.633118345368294699e-01 -1.572849272947938193e+00 2.167204657181439065e-01 9.044004125676264882e-01 -1.207582833826637669e+00
9.117259875068421671e-02 -3.293568437948807964e-02 3.655186038937201509e-01 -1.321222203675716189e+00 2.621659934311098561e-01 -1.436957178358066467e-01 -1.076629110866069716e+00 -1.505555096369491815e-03 -1.372122629230560220e-01 3.589150024810966455e-01 -1.520613414134179608e+00 2.122907178796148986e-01 9.089385888729013541e-01 -1.175186365584801607e+00
1.392951497780754999e-01 8.349623617822586955e-03 3.462571765839265736e-01 -1.291450050288261542e+00 2.554219832421391057e-01 -1.566281195107692703e-01 -1.025700034981721576e+00 -1.014502015340187566e-02 -1.506620301501705728e-01 3.530976339894721927e-01 -1.510244462230504459e+00 2.088071352806772363e-01 9.194801887970782683e-01 -1.182054742652974166e+00
1.471340552623251752e-01 2.057452826427698042e-02 3.548842474993843532e-01 -1.290733547626692346e+00 2.438117222583352506e-01 -1.525525659185102967e-01 -1.014538609649499490e+00 -5.160955707000269949e-06 -1.623122950723696889e-01 3.617748861001092164e-01 -1.469078280830204308e+00 2.029683993837676781e-01 9.243803888710486749e-01 -1.141999243608850190e+00
1.413040737340839348e-01 2.322740439963575862e-02 3.743392060857617665e-01 -1.301029662330836389e+00 2.368988502350594105e-01 -1.352944566507002233e-01 -1.026938940053058635e+00 -9.448396487151299733e-03 -1.799103181972024901e-01 3.644672406925220098e-01 -1.473364397811522508e+00 1.981022348998979221e-01 9.364868900805168872e-01 -1.147474508459752851e+00
1.330169546931670443e-01 2.585672918368406986e-02 3.950287953195731339e-01 -1.310556664868721688e+00 2.407690263233527583e-01 -1.028703444819351054e-01 -1.071145061086522077e+00 -1.139204978332132405e-02 -2.001823135111504004e-01 3.726147798481361795e-01 -1.466529907526319398e+00 1.910437320345746426e-01 9.460834205399336616e-01 -1.131997075716377088e+00
1.173609976661885573e-01 2.217611932448063788e-02 4.213196640182388375e-01 -1.324244075799009268e+00 2.417776935047106224e-01 -7.290208745930813750e-02 -1.104085528680923911e+00 -8.290725042654305960e-03 -2.185316284280186816e-01 3.840106365038994385e-01 -1.451407498888735104e+00 1.839783611167189470e-01 9.527799296075085689e-01 -1.103074306976743468e+00
-4.945443469437604996e-03 4.850875098300243271e-02 4.272525630948334485e-01 -1.309972242431083789e+00 2.558010171589341075e-01 -4.107921601891913188e-02 -1.131460871747403951e+00 1.234539108091289600e-03 -3.856967536438908328e-01 3.716236799522561474e-01 -1.401453193080525628e+00 1.299124050847215717e-01 9.516772945684478513e-01 -9.836112319442422702e-01
-4.998612150714384049e-03 4.877219680874450569e-02 4.479586832043072619e-01 -1.317434745077001867e+00 2.569793986373375416e-01 -1.656458760033568609e-02 -1.152154429550694470e+00 5.748054141401359859e-04 -3.902861831075641885e-01 3.868083104762941593e-01 -1.404002956773960697e+00 1.296517868283531272e-01 9.576263137085072596e-01 -9.674269730099703812e-01
-6.405382037058934309e-03 4.781388097281290273e-02 4.683426359293041963e-01 -1.325112165945213194e+00 2.578974349609765016e-01 6.591302107201112842e-03 -1.172261438611544415e+00 -7.191508020033555429e-04 -3.937609950717728124e-01 4.019580683383018882e-01 -1.408316607463882431e+00 1.296704548225709186e-01 9.634689879957429870e-01 -9.550789304495270748e-01
-6.673440290205627859e-03 4.800021519145101362e-02 4.865272919902724480e-01 -1.330597911531903765e+00 2.598499728161113853e-01 2.960805546497631557e-02 -1.192708811723147022e+00 -1.234899353263001339e-03 -3.956589121332185766e-01 4.179584532740269753e-01 -1.411819100775590252e+00 1.303293366634868389e-01 9.682076087071849191e-01 -9.419075987857630228e-01
-7.661972489797567488e-03 4.819085356144403587e-02 5.040795246251421613e-01 -1.335210387967048051e+00 2.617971769347583466e-01 5.148164353805568388e-02 -1.210896003279925859e+00 -4.730938539507257082e-03 -3.973913355991805507e-01 4.333448179139370304e-01 -1.421982389035482797e+00 1.320763616407944763e-01 9.745992518829470486e-01 -9.388737836827144578e-01
-9.093217132447204906e-03 4.881802794587978417e-02 5.210424666057748011e-01 -1.338944328495463632e+00 2.637864302507967329e-01 7.211295437611625614e-02 -1.225514939670923731e+00 -4.284432355007178513e-03 -3.964078798286236327e-01 4.498113559381110571e-01 -1.423637863628963718e+00 1.347037234654274163e-01 9.793166297350097693e-01 -9.283389214953432500e-01
-9.951463435095854113e-03 5.076803436916146883e-02 5.368541891220132145e-01 -1.341776668490417768e+00 2.664613238489730862e-01 9.188467745435426048e-02 -1.239416480518429342e+00 -9.113657385692756213e-03 -3.971524582598388031e-01 4.646443524966961669e-01 -1.437660221532150118e+00 1.385790453283066992e-01 9.881880696733226221e-01 -9.360228230673151018e-01
-1.082733481903516183e-02 5.344670099698710375e-02 5.521202071239194042e-01 -1.344553287148599674e+00 2.697210999218119243e-01 1.103002743119422258e-01 -1.253480360823645112e+00 -5.187128633814737724e-03 -3.937986565395587002e-01 4.820841621280513856e-01 -1.433372481637517515e+00 1.438067321684800837e-01 9.931042739957844923e-01 -9.224722247486289994e-01
9.384511225301360449e-02 2.090714501216103458e-02 5.891571869715028775e-01 -1.375734533553443439e+00 2.531742631187795523e-01 1.229455012624455640e-01 -1.263990047923721383e+00 2.779028079372486675e-03 -2.565271777541940912e-01 5.256364795663877043e-01 -1.445316608033719419e+00 1.852178685547955506e-01 1.007655153530663261e+00 -9.834032526638705196e-01
9.379704809372194085e-02 2.112594902880725670e-02 6.062141919632064724e-01 -1.381977183265481912e+00 2.545441369959065003e-01 1.390279345293295166e-01 -1.278618781623409806e+00 8.767664651966697309e-03 -2.516844519580407891e-01 5.434897700672344234e-01 -1.437502673832194988e+00 1.902586782207011107e-01 1.015671453234459731e+00 -9.753968529889562866e-01
9.403156280406003986e-02 2.059824641996001182e-02 6.230827752197887204e-01 -1.388162208438459277e+00 2.556461428179827022e-01 1.543626998587094012e-01 -1.292982424120989737e+00 9.075941277170880561e-03 -2.471297187028595466e-01 5.596216851136891490e-01 -1.442051020620972901e+00 1.949441485310434985e-01 1.027296944227537923e+00 -9.885415811234817829e-01
9.457832271000832236e-02 1.895314045672515796e-02 6.397251015468128355e-01 -1.394296091212262834e+00 2.564279148468605607e-01 1.682748520388980817e-01 -1.304874250103045918e+00 1.141027404168592531e-02 -2.407252017014454015e-01 5.754172240739653388e-01 -1.440895282330251437e+00 2.002960009494201554e-01 1.037807965998043258e+00 -1.005813391542461854e+00
9.560100338735004477e-02 1.633410654549555946e-02 6.561129477546734368e-01 -1.400570972328795349e+00 2.571764382407630833e-01 1.812891037517874726e-01 -1.315301794459704299e+00 1.017636647043942619e-02 -2.342236771625505198e-01 5.899319881083696648e-01 -1.446949959571264044e+00 2.069469044725307794e-01 1.050759532816063713e+00 -1.045472679556337381e+00
9.672347287761655366e-02 1.298667071727049004e-02 6.716887173559019653e-01 -1.407190384700985231e+00 2.577289045041211146e-01 1.933457003050886025e-01 -1.324688318022477329e+00 6.790712590139705296e-03 -2.280570333928078619e-01 6.031444303558139985e-01 -1.456996935663295245e+00 2.195964594592943464e-01 1.082695297126899270e+00 -1.119294184877169140e+00
9.713114149646694118e-02 8.219964443456177772e-03 6.869277587711158928e-01 -1.414229371067456720e+00 2.574388695267739169e-01 2.043963833342852809e-01 -1.333251540287514691e+00 -1.936183367864989052e-05 -2.228787337841359184e-01 6.146809117701337311e-01 -1.473718767528066964e+00 2.404143770977104355e-01 1.152188736499160759e+00 -1.270712597444740632e+00
9.874102031528408929e-02 4.668690112242051236e-03 7.001199100281606524e-01 -1.419603604217730908e+00 2.576945638265980554e-01 2.150728084706612364e-01 -1.341430180215080314e+00 -2.556141212300782478e-03 -2.176137557643840481e-01 6.257032882725407363e-01 -1.480287878592882578e+00 2.513748695172119407e-01 1.194011560704447694e+00 -1.390133640524901182e+00
9.911794843321163062e-02 3.208107341925057142e-04 7.130040711657517072e-01 -1.425014608903396152e+00 2.575573551435441644e-01 2.248194710082146719e-01 -1.348988491344672358e+00 -3.127044453623392586e-03 -2.131992944142227786e-01 6.356882575173601335e-01 -1.482145583415467316e+00 2.492051570870061905e-01 1.214705207185962754e+00 -1.487004216810468016e+00
9.793602203763562830e-02 -4.635793491050442527e-03 7.255116086721565827e-01 -1.430146583652985637e+00 2.570765054604461919e-01 2.335422480465978168e-01 -1.355758971469760876e+00 -1.306554536421654193e-04 -2.094677129744270672e-01 6.448076688621493524e-01 -1.475989268260531340e+00 2.320000449545186472e-01 1.216682428051150122e+00 -1.566369012239815728e+00
9.772597893989597162e-02 -6.795416470267027012e-03 7.350687822240068447e-01 -1.432232783568429868e+00 2.580404224113959089e-01 2.417448833301858169e-01 -1.361310171371280964e+00 -4.197691556022728650e-03 -2.089416880066830851e-01 6.511454662622587763e-01 -1.484321792769360826e+00 2.092598134349422934e-01 1.199755331190281771e+00 -1.638666899932600618e+00
9.915820826068122429e-02 -6.081996514694963836e-03 7.414010119117577791e-01 -1.431337864731233367e+00 2.604134558673052435e-01 2.493102728760234199e-01 -1.365019800531018568e+00 -5.088334608845439255e-03 -2.090055721191203253e-01 6.564058807381576433e-01 -1.484741344422786824e+00 1.745509773317038271e-01 1.168030774984355924e+00 -1.676960671382082824e+00
1.004417515539640093e-01 -4.999943873821417750e-03 7.461432558119617253e-01 -1.429089825377293232e+00 2.627253481025197956e-01 2.556937964105385763e-01 -1.366360638004413097e+00 -2.380968387134749405e-03 -2.089390084343275833e-01 6.610757703804311936e-01 -1.476468137545476678e+00 1.323303584709769054e-01 1.126773379960382959e+00 -1.681079894940421315e+00
9.681773282543210124e-02 -9.175451494790643620e-03 7.532101175549440475e-01 -1.429164170560748515e+00 2.619440424465298012e-01 2.596996614881146859e-01 -1.365166153568522223e+00 1.076357887185104198e-04 -2.088667552677273276e-01 6.647702985573590295e-01 -1.468147490853471071e+00 8.109354828461036446e-02 1.066280870847540196e+00 -1.646641115152503110e+00
9.791804759308218864e-02 -7.889590032735633793e-03 7.568370196959554042e-01 -1.428272518330360841e+00 2.643405218578779303e-01 2.644597622744653265e-01 -1.365518328301784878e+00 -1.938142165125309813e-03 -2.088651105329104862e-01 6.683473728704887318e-01 -1.470880924586332794e+00 5.382139853231961840e-03 9.743121779558986395e-01 -1.609106134491504081e+00
9.974836422980623563e-02 -6.414278649569990498e-03 7.604141359352055707e-01 -1.427800969016563837e+00 2.670314672455226801e-01 2.691164036603101994e-01 -1.366248794533851951e+00 -1.373591570105937030e-03 -2.078654877682349633e-01 6.725097000551857329e-01 -1.468641322121430726e+00 -3.604369035843008051e-02 9.416499485204379294e-01 -1.572470081858764024e+00
1.002327816916730729e-01 -6.797239470483288672e-03 7.653083884903043588e-01 -1.428359445183920995e+00 2.687572456689718559e-01 2.736220250742941174e-01 -1.367270759684357850e+00 2.490485612710517053e-03 -2.055738208573326120e-01 6.777172933625331686e-01 -1.459849626349838614e+00 -6.977340250512825692e-02 8.984360117013597824e-01 -1.475907158022744081e+00
9.596152222160388157e-02 -1.239382515111027601e-02 7.734540483329289673e-01 -1.431027004575052386e+00 2.675149299749490228e-01 2.774787279160637610e-01 -1.368012691534133962e+00 1.822359245238714493e-03 -2.041148325088712467e-01 6.830059314088026134e-01 -1.461372080565519260e+00 -8.994135052347175530e-02 8.527574485966636919e-01 -1.372566773579187549e+00
9.728125425495003087e-02 -1.143675617734708945e-02 7.769535601027650618e-01 -1.428896718248714892e+00 2.698070139173751048e-01 2.825625411275503041e-01 -1.368560718941300935e+00 6.422461464649552526e-05 -2.029101403752842925e-01 6.881649658496233890e-01 -1.464601556513963398e+00 -1.009906608719134402e-01 8.225011090693360449e-01 -1.300406262291598614e+00
9.842647255584308086e-02 -1.009457655166382146e-02 7.815324118905632167e-01 -1.429107430566069148e+00 2.727630357061044952e-01 2.881088323364014991e-01 -1.371872058516725446e+00 -6.706290882961990149e-03 -2.037639704418935938e-01 6.927475738832208352e-01 -1.480697376687124978e+00 -1.062922288523699271e-01 8.036116855553036009e-01 -1.261086634571549681e+00
9.618202728119920608e-02 -1.191169831679534004e-02 7.891928611356494594e-01 -1.432608473337807942e+00 2.744263568875353609e-01 2.931649862046041277e-01 -1.377067002551585650e+00 -2.319810690074421058e-03 -2.039667820727855407e-01 6.982260178022673403e-01 -1.474463807939405902e+00 -1.057029408306189022e-01 7.923878670107336042e-01 -1.219748761544885651e+00
9.571435824047073992e-02 -1.111641235967299191e-02 7.957809383376238666e-01 -1.435731409518302026e+00 2.779188841510110697e-01 2.984642536939974278e-01 -1.383538382808401801e+00 1.026275581726161513e-04 -2.058030137197957854e-01 7.029991588094631760e-01 -1.473514134513406626e+00 -9.998073691906193827e-02 7.896365844140336154e-01 -1.202677888263652184e+00
9.379193708164366983e-02 -1.175501705381877017e-02 8.028999531174810800e-01 -1.439719778991560561e+00 2.806456353306568396e-01 3.028992944856332969e-01 -1.389367270574560331e+00 5.919464594957392963e-04 -2.084406808944541944e-01 7.071255715377640083e-01 -1.476666148427294711e+00 -9.383278153576544989e-02 7.995932913462489022e-01 -1.216259434013209795e+00
9.195455504642087441e-02 -1.229771880813440403e-02 8.091920912189873860e-01 -1.442559022416149972e+00 2.832295526849093470e-01 3.065701760235627904e-01 -1.394052423142868147e+00 -1.076312644307287269e-03 -2.111313155621722115e-01 7.106235973151784346e-01 -1.483582948975977311e+00 -8.707326037235008087e-02 8.084117964962671543e-01 -1.232338038617893039e+00
9.079521836637594046e-02 -1.259559180876727684e-02 8.145747592122002390e-01 -1.444332447212658632e+00 2.857483359929881006e-01 3.094580607469921141e-01 -1.398145526125610161e+00 -1.260065139310714106e-03 -2.129139170194142838e-01 7.137981802741599768e-01 -1.486946558249559791e+00 -8.144555946033410487e-02 8.145264550694235606e-01 -1.241643590278542542e+00
9.013846241115754110e-02 -1.248752185682595883e-02 8.187940734961266509e-01 -1.444563422746978576e+00 2.882342741768165184e-01 3.116954007821485795e-01 -1.401585402504442301e+00 -1.830334597370177063e-03 -2.145128875930514545e-01 7.164372699528939181e-01 -1.490778959471326104e+00 -7.678795662326266813e-02 8.188971228527416324e-01 -1.250099487109886720e+00
8.902777105581079209e-02 -1.319466904604075369e-02 8.231300039907587518e-01 -1.444112736250395157e+00 2.901716184865407167e-01 3.132955457878001115e-01 -1.404266193661811490e+00 -3.208819812612960769e-03 -2.162383384286570287e-01 7.184862139984138363e-01 -1.495908564930769735e+00 -7.211928191829850010e-02 8.225701061506879297e-01 -1.259401267498275745e+00
8.872384193749223436e-02 -1.277000156415153409e-02 8.260390189906527958e-01 -1.442404748269604520e+00 2.924137676106230987e-01 3.143722942908865892e-01 -1.406179868124174170e+00 -2.153707966046165302e-03 -2.175699433741281608e-01 7.201548802117317960e-01 -1.495430412327790171e+00 -6.749890725061416519e-02 8.248650873830295494e-01 -1.262221729327651198e+00
8.769923631352422033e-02 -1.276816818501198651e-02 8.281836494204777299e-01 -1.439922352048442100e+00 2.940556599919204595e-01 3.146519571510510427e-01 -1.407161361983630066e+00 -2.110630113722550532e-03 -2.192756076522798525e-01 7.209010657000040068e-01 -1.496554771063324907e+00 -6.352107852914826158e-02 8.265469074525144677e-01 -1.266058376031106825e+00
8.594444363235693995e-02 -1.301965670101691390e-02 8.296250645681254587e-01 -1.436585791432472670e+00 2.952513809659345068e-01 3.142854486711440520e-01 -1.407112327165734422e+00 -2.199820597989054008e-03 -2.212486191574111749e-01 7.209732057527495908e-01 -1.497420517362935355e+00 -6.064675392320733466e-02 8.270637385973398370e-01 -1.268487474236474677e+00
8.403781549346431290e-02 -1.289614548255627741e-02 8.302375935979879884e-01 -1.432451226747008421e+00 2.964580621204035982e-01 3.135328575388892647e-01 -1.406461724103911237e+00 -2.304213213590140634e-03 -2.236177640387012888e-01 7.205111105380331837e-01 -1.498012180039124841e+00 -5.856706260905467781e-02 8.269341390498922140e-01 -1.269776605857008578e+00
8.110269468550804217e-02 -1.331392452350422563e-02 8.308491328421799826e-01 -1.428339802825876914e+00 2.972106796318783606e-01 3.126492492550728697e-01 -1.405725482485918665e+00 -5.779449423524801038e-03 -2.275286448212882617e-01 7.192881941078411723e-01 -1.505690289442286112e+00 -5.756899307500810276e-02 8.270859688458027659e-01 -1.277507684133651455e+00
7.876153705874204547e-02 -1.203238988847185609e-02 8.301780366298989744e-01 -1.423727294594208104e+00 2.987503932041949972e-01 3.120221033384297238e-01 -1.405181277909888449e+00 -3.106940218977866097e-03 -2.314930806184970769e-01 7.182838283007167979e-01 -1.500546012742403734e+00 -5.776115499492801009e-02 8.260236240872795843e-01 -1.270351889745641616e+00
7.585094584312479515e-02 -1.076527077816059885e-02 8.294399542312607121e-01 -1.419262158278974617e+00 3.003093417634872808e-01 3.113440990487679749e-01 -1.404786094558280407e+00 3.187022668918126911e-03 -2.350976632267327004e-01 7.175647610302150481e-01 -1.487790305905147825e+00 -5.830060824435658734e-02 8.245145375900496676e-01 -1.254737434317578559e+00
7.250854187297861575e-02 -1.006771298023058717e-02 8.289509315565761760e-01 -1.415152128989215941e+00 3.017143663199304271e-01 3.104191037610056769e-01 -1.404385998644637423e+00 -3.674456630374886177e-05 -2.402418838049161509e-01 7.161676181397882424e-01 -1.495602535550189627e+00 -5.881295569539712192e-02 8.252048385567890554e-01 -1.261329538281820817e+00
6.959641017898618442e-02 -8.652055793025737601e-03 8.280487088366679238e-01 -1.411121252504646595e+00 3.035697054626856350e-01 3.096031901217465299e-01 -1.404044768298128965e+00 -1.489383220172792047e-03 -2.452523138396736913e-01 7.147805437620545765e-01 -1.499642817484036605e+00 -5.939321289373360180e-02 8.257221709746558336e-01 -1.264025034436688566e+00
6.673895940756284506e-02 -7.873212450275737795e-03 8.274695911304302820e-01 -1.407812826963528163e+00 3.050456074194293210e-01 3.088079197720901559e-01 -1.403562823194967946e+00 -9.560747115322150999e-04 -2.498075088907338870e-01 7.135358530300640600e-01 -1.499388850085485059e+00 -5.967992414110284694e-02 8.258917143507146230e-01 -1.262395629914010886e+00
6.452291719725752883e-02 -7.073293806772133069e-03 8.269176163658835677e-01 -1.405151806606837139e+00 3.064885278004521596e-01 3.081410625521032176e-01 -1.402977484202523328e+00 6.483019736629701268e-04 -2.537992773197051966e-01 7.125044700941455256e-01 -1.496839537311014379e+00 -5.950488491375072880e-02 8.258872475333198793e-01 -1.258510116169450965e+00
6.251572092730743602e-02 -6.680446206557555389e-03 8.266874678212883243e-01 -1.403107174940646296e+00 3.076543101732691632e-01 3.075936883918344855e-01 -1.402288955383775182e+00 -1.485457203839590909e-04 -2.579759122157926354e-01 7.114899883284561133e-01 -1.499563015442397118e+00 -5.895977197310843521e-02 8.263570972688689675e-01 -1.260406901660352963e+00
6.089319015516096029e-02 -6.360225446669249931e-03 8.265861034561067244e-01 -1.401262096940360857e+00 3.087490934977211721e-01 3.070705665587216138e-01 -1.401455253282051450e+00 -1.022285439486412054e-03 -2.616237048151772160e-01 7.106372885616097923e-01 -1.502584839426707619e+00 -5.774436688489674452e-02 8.269296012851338196e-01 -1.263089812757399732e+00
5.984856413150991400e-02 -6.067059050133792597e-03 8.267528703851820815e-01 -1.399773603171703629e+00 3.098047458226280693e-01 3.065840778275739087e-01 -1.400591916955064908e+00 4.118996001569172674e-05 -2.640902638689249238e-01 7.100212194760598949e-01 -1.501218016717595471e+00 -5.575177391137398769e-02 8.271035997047424537e-01 -1.261978835810633193e+00
5.909390202799115477e-02 -6.009449215488681627e-03 8.273235175588665724e-01 -1.398874447521136322e+00 3.107635105570790701e-01 3.060140499541264547e-01 -1.399471159979677193e+00 -2.514360065973177648e-03 -2.667128767747398710e-01 7.087674328410786817e-01 -1.507473219334061421e+00 -5.316255565153012175e-02 8.280498824896787013e-01 -1.269622193781702935e+00
5.839103732729332419e-02 -5.676730361192144393e-03 8.279488515079822530e-01 -1.398296676692858842e+00 3.119876323182552147e-01 3.055356184152443477e-01 -1.398126753545093415e+00 -2.429814589094450063e-03 -2.687948911447574085e-01 7.078124594349350929e-01 -1.508173185753749257e+00 -5.023062505260313115e-02 8.286146006038420664e-01 -1.271419936490524538e+00
5.707415503470860546e-02 -5.614582895490996366e-03 8.288925855368817208e-01 -1.398144787023311242e+00 3.132371955884295511e-01 3.052097793467288267e-01 -1.396609975735088938e+00 -5.370694003655143538e-03 -2.718981717060908188e-01 7.066623371478781834e-01 -1.515202958532784416e+00 -4.723408149295290487e-02 8.299400570680148803e-01 -1.279857176795717866e+00
5.621554909000183592e-02 -5.097219789106281242e-03 8.298191690860758918e-01 -1.398470169574460797e+00 3.149718743604671412e-01 3.051402500725257649e-01 -1.395295752100595310e+00 -1.516047298620881679e-03 -2.735895136092006963e-01 7.069771707514524994e-01 -1.508005595701225054e+00 -4.363568021366297234e-02 8.304009573990047688e-01 -1.273585305991810745e+00
5.493112274143415602e-02 -5.183736666124798102e-03 8.318094386270301621e-01 -1.399504133157650543e+00 3.167731684218818566e-01 3.053247332953629711e-01 -1.394571500275298304e+00 -4.552198134701194131e-03 -2.769619667017088060e-01 7.071850040000089432e-01 -1.515753161475449806e+00 -4.009317391922483098e-02 8.325754209074071044e-01 -1.283257339224268101e+00
5.354741191786406562e-02 -5.417970587709606926e-03 8.338900170700088710e-01 -1.399136682067668280e+00 3.186344231386473158e-01 3.055197292033283163e-01 -1.393026673077479627e+00 -2.349259737257566004e-03 -2.784989538196411263e-01 7.082415537956355811e-01 -1.511112230786617161e+00 -3.595327746342941860e-02 8.335947208297480593e-01 -1.280198489749293955e+00
5.072926240122005437e-02 -7.113033702252431929e-03 8.372282088857433413e-01 -1.398009957251839408e+00 3.197625844437124720e-01 3.058831007314525841e-01 -1.391256766393594857e+00 -5.789263544827302418e-03 -2.815569413540776056e-01 7.089507451011807238e-01 -1.517952560112922455e+00 -3.167281335872167147e-02 8.358254976386677582e-01 -1.289385391438585549e+00
4.887132644639448353e-02 -6.994941069378118013e-03 8.394655330706004559e-01 -1.394066918092095708e+00 3.191478665457679886e-01 3.073962430637663390e-01 -1.389877569104135402e+00 -6.698055994761317224e-03 -2.840588043117830974e-01 7.106437245734021912e-01 -1.518997547302972206e+00 -2.698990752670338278e-02 8.379410609826173362e-01 -1.292489164465674634e+00
4.693154532475412449e-02 -6.177593313106795152e-03 8.400106972950728279e-01 -1.388799869102944173e+00 3.175059688065750563e-01 3.097308223704111074e-01 -1.388211397947234582e+00 -2.744282645752163779e-03 -2.852873100893260072e-01 7.134882963322588534e-01 -1.508876778175554989e+00 -2.215594378426292282e-02 8.391283677124599105e-01 -1.283311020906834132e+00
4.540498767658196488e-02 -4.871798701862957610e-03 8.414713657713412953e-01 -1.384265212120878719e+00 3.159864375424727423e-01 3.126252111886729246e-01 -1.385710956981778930e+00 -1.363387080696451667e-03 -2.870868473911924457e-01 7.161876361061061402e-01 -1.503378239738252020e+00 -1.714273752442349238e-02 8.408318420102849355e-01 -1.279104729612554836e+00
4.349578441021156178e-02 -3.687912351545702492e-03 8.436926950022535232e-01 -1.378808193369368329e+00 3.139278441066249981e-01 3.156271416426076337e-01 -1.381292600052506536e+00 9.976805954089575188e-04 -2.885727360605888081e-01 7.187515278383843631e-01 -1.494760238682941278e+00 -1.198149411548089273e-02 8.421998832480532826e-01 -1.271559680249893631e+00
4.187563958782791751e-02 -1.043139435726625572e-03 8.438832588925638811e-01 -1.373662088875650111e+00 3.121630358347416423e-01 3.192215363004208273e-01 -1.377736126401211791e+00 -1.287511762129689517e-03 -2.915365252240162408e-01 7.206597406993076049e-01 -1.495169370370331041e+00 -6.914133275362388531e-03 8.444110807057783052e-01 -1.273021555341296018e+00
4.068453064517412593e-02 -1.112108694261617486e-03 8.431956535632184613e-01 -1.372974574371416123e+00 3.111127318913493589e-01 3.235841517351442098e-01 -1.377397896600600191e+00 -4.239811382686641287e-04 -2.937267525153335890e-01 7.231841613841076821e-01 -1.488176465829668782e+00 -1.760905752027692615e-03 8.459536527784013993e-01 -1.266202561175667984e+00
4.229369574543533072e-02 -3.580526663770529968e-03 8.428143021623379916e-01 -1.379243644618901810e+00 3.119393794918660090e-01 3.286338435627300103e-01 -1.377141743073481361e+00 4.562741395526020071e-04 -2.958048782621687800e-01 7.260784946699855302e-01 -1.480758936772486933e+00 3.628757051738652241e-03 8.473764434127728506e-01 -1.258669533796649365e+00
4.758446706107737761e-02 -2.511347159511126241e-03 8.432419426364163861e-01 -1.393391421341367842e+00 3.152470693015418379e-01 3.342865353090465064e-01 -1.376696631601333376e+00 -2.835329307499594078e-03 -2.980014906940906538e-01 7.291516925159198248e-01 -1.482157275357704140e+00 9.783239914432129841e-03 8.495355612974599957e-01 -1.260831300583924008e+00
5.456172179236459113e-02 -4.673009330056080769e-04 8.455767018823102665e-01 -1.418765346195997923e+00 3.196144901725590515e-01 3.401215702319542733e-01 -1.375192805169742627e+00 -2.237146605864220091e-03 -2.982622812603897278e-01 7.331837796255408213e-01 -1.475272118747533945e+00 1.660580685596119502e-02 8.506891128635241106e-01 -1.254436901426998707e+00
6.544665546631139863e-02 4.574103207348870540e-04 8.464561554827036982e-01 -1.457098955279102048e+00 3.264633898679129564e-01 3.458164119833088690e-01 -1.371567448396981304e+00 -7.944477327816248241e-03 -2.982071862078741198e-01 7.375641818617394430e-01 -1.482386049048979304e+00 2.485822552591044135e-02 8.530614099163612574e-01 -1.263968249165311919e+00
7.932026203035273670e-02 -4.096822259682386669e-03 8.463526207289938652e-01 -1.513587213258642761e+00 3.350060411745640621e-01 3.510510661787171194e-01 -1.364296937244737329e+00 -1.070113540932056927e-02 -2.958396051787269831e-01 7.427075815101197298e-01 -1.483640978356645101e+00 3.445983285327453016e-02 8.546255841833421130e-01 -1.267949338094562561e+00
1.006355537725543148e-01 -1.265313933543993179e-02 8.397340426110043721e-01 -1.593392624954267811e+00 3.481431166909390029e-01 3.557626615813863080e-01 -1.351463441400160281e+00 -6.665129141001294513e-03 -2.914691725429168767e-01 7.484444083851686802e-01 -1.470751179772845418e+00 4.419253962972533034e-02 8.544387897958902744e-01 -1.256287244586605345e+00
1.234550046995006173e-01 -4.173498880036021624e-02 8.238834573868788480e-01 -1.700507478172876397e+00 3.630144740860232755e-01 3.602292544342356462e-01 -1.342066480562685404e+00 -2.548748501191866207e-03 -2.801223610419895094e-01 7.539776814688596840e-01 -1.457627841786948375e+00 5.407943578080660896e-02 8.539613780476964511e-01 -1.244153728125417580e+00
1.462721016842495614e-01 -8.507516214035634738e-02 7.898747912089648660e-01 -1.822330031180285248e+00 3.791029410251747778e-01 3.650782931960451227e-01 -1.340169943158336263e+00 6.488933756343196520e-04 -2.650746003148609087e-01 7.589933275262649159e-01 -1.445618879144246582e+00 6.412557002317327559e-02 8.534598364840634277e-01 -1.233760518684352769e+00
1.524867490065087150e-01 -1.479267366935386741e-01 7.336248762344284025e-01 -1.945645236733484884e+00 3.849343240016678824e-01 3.709380270467421137e-01 -1.348318972495248236e+00 -9.892908196368244318e-04 -2.505963548775838046e-01 7.634983941770049354e-01 -1.443438023203327258e+00 7.397626862948553095e-02 8.540199730267842293e-01 -1.233820797143186043e+00
1.570336445617135646e-01 -2.200855223641890457e-01 6.222661273623278921e-01 -2.042926583532046703e+00 3.890821302898421208e-01 3.764182650587963863e-01 -1.352282779819455216e+00 -7.396707494011876306e-03 -2.387475052357468097e-01 7.670870294833447289e-01 -1.451749190090891650e+00 8.359702023142243088e-02 8.554257738430207647e-01 -1.243618870859104497e+00
1.556927578492612319e-01 -2.667558915562970867e-01 4.643966913925688944e-01 -2.089914926098344061e+00 3.881738608636038923e-01 3.815154667269588518e-01 -1.349806366078410313e+00 1.765569745637512924e-03 -2.273288580215911681e-01 7.698628089972308075e-01 -1.427059431923786370e+00 9.216766840731080435e-02 8.529899412507482293e-01 -1.214924647318884832e+00
1.463646121153214796e-01 -3.262513529039540172e-01 2.895383661258921215e-01 -2.087994839665584301e+00 3.814095918014233644e-01 3.875229775016346689e-01 -1.346393983079400947e+00 -4.721925576666128992e-03 -2.211845912282791871e-01 7.730820332199941358e-01 -1.436117831462508487e+00 1.002358900853342338e-01 8.545018568504507694e-01 -1.219772787086783383e+00
1.190047521290594906e-01 -3.993048937703920775e-01 1.193473010802277856e-01 -2.033591325267736227e+00 3.615190862519451764e-01 3.939143609154179826e-01 -1.343741460218329520e+00 -6.124463174554737113e-03 -2.141559012839220899e-01 7.763443401318577131e-01 -1.432598030014699653e+00 1.068367122867708158e-01 8.545918871233405545e-01 -1.209159426119998049e+00
6.473811837094052557e-02 -4.663716362487693168e-01 -1.491656702277321250e-02 -1.929267462567171743e+00 3.217975901518061455e-01 3.985878477089064287e-01 -1.342413471118726109e+00 -4.118379319057481093e-03 -2.069222417588545970e-01 7.806544996151181248e-01 -1.422996235388371611e+00 1.126598268355596261e-01 8.544339600797151713e-01 -1.188968641285841121e+00
-1.963696484304812417e-03 -4.894798843930935339e-01 -1.085180182403882726e-01 -1.773899557734973653e+00 2.719832977735999191e-01 3.983251258075704015e-01 -1.336038432022766953e+00 6.782820230498143310e-04 -2.003208540203606502e-01 7.847547316098244519e-01 -1.408294586276315652e+00 1.179154390742751524e-01 8.536035523101661582e-01 -1.159898217781997865e+00
-7.140756694560744522e-02 -4.781974586057585186e-01 -1.810062727545863892e-01 -1.595060745762823196e+00 2.192606975577737205e-01 3.936002982072370759e-01 -1.324051235744403421e+00 9.704672772737584982e-03 -1.952911557190261937e-01 7.880413938506665161e-01 -1.386521338750720478e+00 1.224680905104459511e-01 8.515166109993147492e-01 -1.118045932903285467e+00
-1.436939062562324898e-01 -4.507434264996956763e-01 -2.472461465581483331e-01 -1.403340580315636243e+00 1.635564590703799670e-01 3.826511836240872877e-01 -1.303657280862665191e+00 1.205719528482850208e-03 -1.967682698159053112e-01 7.916231412431715686e-01 -1.408247009326271337e+00 1.271313809290025298e-01 8.561427890456880796e-01 -1.118233794093369537e+00
-2.147493391636139115e-01 -4.084047467532841424e-01 -3.092211187167962505e-01 -1.214848154086970444e+00 1.081150015534618342e-01 3.663331860259242956e-01 -1.274797251730212633e+00 -4.802327824044507441e-03 -2.038662147404997904e-01 8.140805697828978893e-01 -1.469548884742128525e+00 1.315975924423105348e-01 8.611811663785219340e-01 -1.111591537426670717e+00
-2.776429208178428087e-01 -3.478343975715540992e-01 -3.468942660913306164e-01 -1.069448136419077100e+00 5.813858698213206916e-02 3.487607348674514052e-01 -1.241324970943189721e+00 -7.455633085998687910e-03 -2.181239590355110447e-01 8.375487484511980885e-01 -1.540273483675431043e+00 1.357837787329251866e-01 8.661022848442365696e-01 -1.095813218385352616e+00
-3.117752858164204444e-01 -3.120359556594405892e-01 -3.542134031619396106e-01 -9.582326083020489271e-01 2.847565762196614669e-02 3.443394760016061373e-01 -1.219590783888291785e+00 -8.221676735378689177e-03 -2.348035954660413482e-01 8.457716764615088589e-01 -1.594596361160000253e+00 1.405192073014086829e-01 8.711680792870403200e-01 -1.075563304801227860e+00
-3.091942987308301527e-01 -2.844120740415281290e-01 -3.299116332562009868e-01 -9.200000000000000400e-01 2.347747306380221569e-02 3.624868130668400523e-01 -1.221173692247734532e+00 -1.208375247498413331e-02 -2.548661133440398574e-01 8.407657652254062475e-01 -1.651036364954899804e+00 1.461607611314786892e-01 8.781097292331149218e-01 -1.063074038780068786e+00
-3.153175533673555075e-01 -2.729764834437782839e-01 -2.844789882587522856e-01 -9.200000000000000400e-01 -2.867080252630089306e-03 3.671620054639395669e-01 -1.206922525249585432e+00 -2.592637020906717613e-04 -2.803140356560287483e-01 8.219818613082934267e-01 -1.674981674105543883e+00 1.512614653490021166e-01 8.781583156651407984e-01 -1.008138829606817888e+00
-2.695455035181473225e-01 -2.630695949727158145e-01 -2.456586163632840658e-01 -9.200000000000000400e-01 5.280133132676854101e-03 4.086397065720718258e-01 -1.230281399415682042e+00 -1.943344742080072365e-03 -2.796066133803173925e-01 7.838534480123573456e-01 -1.720630459791848255e+00 1.570764562309545365e-01 8.847449334935256759e-01 -9.880957526213535180e-01
-2.517588144946296680e-01 -2.595677581309079884e-01 -2.115240041895995460e-01 -9.200000000000000400e-01 -9.462123444960768986e-03 4.340654501713597235e-01 -1.239088494968326959e+00 -1.082623680481897485e-02 -2.707080679457721240e-01 7.267911354854500461e-01 -1.770418386259473342e+00 1.622844106316770618e-01 8.960076099577127806e-01 -9.874434047191644748e-01
-2.233820741518550423e-01 -2.638365794676407750e-01 -1.810395281137357759e-01 -9.413546810089759020e-01 -1.267687140786861663e-02 4.721872371444627570e-01 -1.269683418368300343e+00 -2.342163628728170490e-05 -2.553147848153334287e-01 6.603629750041295488e-01 -1.766442872753000159e+00 1.643795886298451692e-01 8.980267332750050402e-01 -9.320776342108683110e-01
-1.995968625837966082e-01 -2.734949907541310843e-01 -1.521999816401455319e-01 -9.696249207289824312e-01 -1.400169751095434179e-02 5.130032733692194702e-01 -1.314488313704111233e+00 -4.877062729676138672e-03 -2.442060742033028975e-01 5.760642679574800029e-01 -1.771084901103439080e+00 1.652723964099768184e-01 9.099910891856060058e-01 -9.200000006150544918e-01
-1.859058099062496638e-01 -2.895677253899703874e-01 -1.187953609756870060e-01 -1.012423406593213393e+00 -1.360173816137441594e-02 5.510105994904617166e-01 -1.366181441884893877e+00 -1.416645042017819142e-02 -2.350840903875837384e-01 4.872735451774291571e-01 -1.760418795061873931e+00 1.642888599841636765e-01 9.259258656688679201e-01 -9.200000000000000400e-01
-1.844585012622144971e-01 -3.080288081368863229e-01 -8.039033523233027334e-02 -1.063020878515639422e+00 -7.436713599550493631e-03 5.922175777800422480e-01 -1.433973333191936428e+00 -1.203644936315101215e-02 -2.309171518104536358e-01 4.054206012268239956e-01 -1.707450172824556800e+00 1.617371864824479755e-01 9.502198483315560384e-01 -9.200000000000000400e-01
-1.997213080665435625e-01 -3.286262850209383246e-01 -3.725846230723779684e-02 -1.113154918258734360e+00 2.380417599705429970e-03 6.401190057576442438e-01 -1.522744088607244972e+00 -1.622416626169021284e-02 -2.395204145649444949e-01 3.319849510932882941e-01 -1.664775045480079596e+00 1.556241400646201367e-01 9.732666211285286861e-01 -9.200000000000000400e-01
-2.300113693931539194e-01 -3.531661916847616545e-01 7.261693987175000219e-03 -1.160165246760968438e+00 1.656457021679430194e-02 6.969013287672978230e-01 -1.636708498580379256e+00 -1.366731687592177141e-02 -2.495174626081375080e-01 2.756192013848437483e-01 -1.576376692381508349e+00 1.518852087890769087e-01 9.964639144410609717e-01 -9.200000000000000400e-01
-2.629141156743851626e-01 -3.792331130078222534e-01 5.013369496720456592e-02 -1.202995056423232789e+00 2.499289061615102281e-02 7.434323639134190476e-01 -1.765453011568400399e+00 -7.016186867662873618e-03 -2.584174775308152872e-01 2.437433350766196050e-01 -1.462055714686970820e+00 1.520030037144282919e-01 1.026015145466914635e+00 -9.200000000000000400e-01
-2.829402467520640285e-01 -4.004162384953554588e-01 9.117117608863077594e-02 -1.242929952927553483e+00 1.182016057133184091e-02 7.443352601673208779e-01 -1.887683985369968731e+00 -1.034861774214045939e-02 -2.736380944716918506e-01 2.235223400981342090e-01 -1.383544686138623803e+00 1.413247093257772868e-01 1.048341586125199454e+00 -9.200000000000000400e-01
-2.721464156920542776e-01 -4.075182712299281196e-01 1.325713744813489525e-01 -1.285027298892330361e+00 4.566094681853998666e-02 7.208353369933144794e-01 -2.012142760136458541e+00 -6.576462754974509058e-03 -2.879900472796032007e-01 2.251517402928157052e-01 -1.331671770280912437e+00 1.332400033854711785e-01 1.077433074796665169e+00 -9.200000000000000400e-01
-2.731985801355014121e-01 -4.211547868533558336e-01 1.755294220936075567e-01 -1.323067376425413499e+00 7.083960323325427799e-02 6.481518001034226595e-01 -2.072696420051181931e+00 -1.044284426256478042e-02 -3.035019631389979655e-01 2.392000019543420730e-01 -1.328636298604223942e+00 1.354649563087998720e-01 1.105217062767221314e+00 -9.200000000000000400e-01
-2.654581648679669725e-01 -4.309857671746891161e-01 2.190660359780657040e-01 -1.357453878457197005e+00 1.105353099017018087e-01 5.602616337902809329e-01 -2.108527932937835914e+00 -9.009147742286827826e-03 -3.133816598317761826e-01 2.670881351504319490e-01 -1.335053400133726420e+00 1.333002013557150756e-01 1.122389100363810455e+00 -9.200000000000000400e-01
-2.318663347561742971e-01 -4.244577935930907153e-01 2.632938822565075165e-01 -1.391582234396121720e+00 1.858792297774446989e-01 4.687388047466719554e-01 -2.146200228025532564e+00 -7.264008475062301746e-03 -3.236365459041719017e-01 3.066715213541887919e-01 -1.354346459432250738e+00 1.104695957866719258e-01 1.145147650179343390e+00 -9.200000000000000400e-01
-2.038626901032455641e-01 -4.180790366375298772e-01 3.065174291600045176e-01 -1.419124554965743634e+00 2.583185433776886697e-01 3.540874706056110766e-01 -2.159359702981971552e+00 -6.830664267134830929e-03 -3.334079399183482728e-01 3.508496030417007638e-01 -1.377696027866130102e+00 1.251534656089073327e-01 1.171816265592805051e+00 -9.200000000000000400e-01
-1.686276473047724489e-01 -4.036253151165551389e-01 3.476281294425586088e-01 -1.441862596505752769e+00 3.286047526793807183e-01 2.418874978242648022e-01 -2.122045981098363843e+00 -1.084632626431383980e-02 -3.432765726912546111e-01 3.912872385648279994e-01 -1.403196591040492214e+00 1.069419096710244044e-01 1.166815378868072184e+00 -9.200000000000000400e-01
-1.015822860735812183e-01 -3.636397336486615894e-01 3.846017577873944160e-01 -1.464733327057734735e+00 3.990661545677183786e-01 1.602817234659808798e-01 -2.034240256894098042e+00 -1.121233182373624661e-02 -3.522972605794872925e-01 4.280919165880622268e-01 -1.412591763311888959e+00 9.616278322684611302e-02 1.175244295379168413e+00 -9.200000000000000400e-01
-2.049711830621801789e-02 -3.072132167145816273e-01 4.135048047244422320e-01 -1.478611443790350588e+00 4.333072705020746263e-01 9.816409509566755009e-02 -1.882729441006637972e+00 -9.741339669781351809e-03 -3.602317069716652331e-01 4.625259102711605785e-01 -1.414850982411908209e+00 1.063019335819102018e-01 1.176223547971750438e+00 -9.200000000000000400e-01
5.331468411004647995e-02 -2.491020400891344466e-01 4.342428097022183464e-01 -1.479422118918886087e+00 4.344541772887260400e-01 3.157501920844094784e-02 -1.698470589809251141e+00 -1.200362996608279539e-02 -3.696538197693367556e-01 4.921705984018700519e-01 -1.419967645749174556e+00 1.020744352860583487e-01 1.179079738152571943e+00 -9.200000000000000400e-01
1.138812953737408096e-01 -1.976729313199918625e-01 4.498428257874231284e-01 -1.471722106316240009e+00 4.239601574242951587e-01 -4.369608131262692208e-02 -1.519684260946435606e+00 -6.618931833621616821e-03 -3.751726581553371243e-01 5.211030934237775858e-01 -1.406787905466232003e+00 8.594699279762721411e-02 1.163222156181866085e+00 -9.200000000000000400e-01
1.648670189413728726e-01 -1.503727588864727238e-01 4.616060116264782964e-01 -1.458935694362032187e+00 4.088136843855744162e-01 -1.194358992753384030e-01 -1.350186924255903254e+00 -1.002648156347016664e-02 -3.853174792496566470e-01 5.467913640594425084e-01 -1.411384363541345000e+00 7.600341900588040989e-02 1.128941868337044463e+00 -9.201853756711438903e-01
2.016825888480771045e-01 -1.090303688094236001e-01 4.727096587323105781e-01 -1.445459126143000539e+00 3.901778705897480104e-01 -1.808632584940929044e-01 -1.194885968543506927e+00 -8.752112543961174107e-03 -3.955679150371737562e-01 5.715332116331369727e-01 -1.403646617597223534e+00 8.465717637093793380e-02 1.167816151421141146e+00 -1.104585184375338480e+00
2.194300199893174652e-01 -8.114709297534229704e-02 4.889058804812715375e-01 -1.436219917389087941e+00 3.720580066598779823e-01 -2.141982517475186643e-01 -1.068174509330791055e+00 -1.015577069053090649e-02 -4.079293181428798043e-01 5.948320172941707895e-01 -1.400060190649559999e+00 9.609462793663307856e-02 1.182753946994883787e+00 -1.258458200811458649e+00
2.246459166391940598e-01 -6.212420803550522397e-02 5.091400427046869348e-01 -1.431955514193343326e+00 3.604998690320208032e-01 -2.248947257329317329e-01 -9.883014797134733742e-01 -2.223631321574882393e-04 -4.173533385411878349e-01 6.186409525735916404e-01 -1.370400707490964320e+00 1.026411040722361584e-01 1.182025437516421196e+00 -1.374741854364235349e+00
2.137908976397806526e-01 -5.371810689181703152e-02 5.348658524160968541e-01 -1.432945986992639531e+00 3.544837275687085509e-01 -2.144555464259869926e-01 -9.693843802591632919e-01 -1.024946306871454133e-02 -4.362312756248010182e-01 6.402678133487235135e-01 -1.383405378848248990e+00 9.526828723488271755e-02 1.168078566141298014e+00 -1.498966576900337300e+00
1.984451215675523683e-01 -4.921412682636581298e-02 5.631775125239742996e-01 -1.434808046164431916e+00 3.515319653556345236e-01 -1.926440217651105846e-01 -9.838596080480157546e-01 -8.409810668548581281e-03 -4.505556924488184345e-01 6.629100218868073657e-01 -1.367216380647741758e+00 7.745098044913718838e-02 1.124993994908386474e+00 -1.556417208199744051e+00
1.865538714063917081e-01 -4.545974280930373257e-02 5.913770798028256115e-01 -1.437225335064066023e+00 3.501367749849350619e-01 -1.634616741910305260e-01 -1.007350829582581486e+00 -6.136026581720054225e-03 -4.594795202283958324e-01 6.857913178130516929e-01 -1.349891676390162942e+00 4.624204117586290519e-02 1.073090737578045406e+00 -1.588244526439512194e+00
1.767756438025846477e-01 -4.389652885321954079e-02 6.144878731221050661e-01 -1.439085600429472978e+00 3.478640761410836113e-01 -1.326974200010055394e-01 -1.022698034149769342e+00 -8.772805554974377057e-03 -4.636468854539764206e-01 7.088302458298973985e-01 -1.343439653784317178e+00 4.324749633226459026e-04 1.020044799300342309e+00 -1.601374772508614486e+00
1.694997624902129241e-01 -4.841189207632590891e-02 6.373446499224618700e-01 -1.445289192131620659e+00 3.472286199706102749e-01 -1.024268110607905319e-01 -1.044774188185037644e+00 -8.896274576270728207e-03 -4.592826412600951591e-01 7.309775877015414203e-01 -1.331512288432663560e+00 -4.584383086698284177e-02 9.657098776875385759e-01 -1.581729657141288437e+00
1.675214326242256691e-01 -5.491834364281186071e-02 6.605930158057439217e-01 -1.457028247612423444e+00 3.495839508592256117e-01 -6.841871146187641917e-02 -1.076026030397851940e+00 -1.101166067219985431e-02 -4.507230113657514914e-01 7.527065145747942054e-01 -1.324098005934951860e+00 -9.564493819388188156e-02 8.896263464997310466e-01 -1.503364198380005012e+00
1.653888853869318887e-01 -6.607618131433398712e-02 6.861340730578537883e-01 -1.478206866645707551e+00 3.522141061286658825e-01 -3.213694001854182358e-02 -1.108863831110383114e+00 -1.020976064444943134e-02 -4.384372615410373486e-01 7.736720786812202322e-01 -1.309752979709119414e+00 -1.512338098913619533e-01 8.216088961621603737e-01 -1.423176029660225828e+00
1.666582774071528883e-01 -7.666823838651710965e-02 7.082769571704651268e-01 -1.506234795109115066e+00 3.562931896457982028e-01 4.968175993886087168e-03 -1.140516740400796980e+00 -4.834178621704493181e-03 -4.235380742708075297e-01 7.939767504749734028e-01 -1.285169220599072126e+00 -1.620525053092312096e-01 7.849789027356089965e-01 -1.313090179955324066e+00
1.696210961411370732e-01 -8.726912056215574420e-02 7.263801851684751343e-01 -1.543175645995203515e+00 3.609819330928174530e-01 4.134266047861410304e-02 -1.168228293902188408e+00 -1.723943644458809585e-03 -3.987790287940117806e-01 8.151220700033717792e-01 -1.272384302947518364e+00 -1.621464478279528720e-01 7.350732256117237240e-01 -1.168138654371110530e+00
1.741956904432575282e-01 -9.542156488228999145e-02 7.367582732841368998e-01 -1.588768421811695530e+00 3.666794303042688608e-01 7.748004076000801488e-02 -1.194588847360151140e+00 2.860543516721230153e-03 -3.744854826378212764e-01 8.367746994242829528e-01 -1.257214091480124418e+00 -1.540079328407067960e-01 6.867944504127199146e-01 -1.043869711084439045e+00
1.757349577676523000e-01 -1.043766436611059528e-01 7.316494085689414506e-01 -1.633880533677735336e+00 3.711010295499223566e-01 1.112582252706225128e-01 -1.217171306457996982e+00 -5.262215178250190424e-03 -3.529857369983706028e-01 8.606988751022145445e-01 -1.270271622571584214e+00 -1.425190837794846621e-01 6.700301163729319720e-01 -1.019288080643891536e+00
1.710595919563395739e-01 -1.106881658031342863e-01 7.030179031303308568e-01 -1.665766298466786921e+00 3.723820167784283597e-01 1.441970643187590884e-01 -1.240910671832873735e+00 9.101279912270086175e-04 -3.293865245836531397e-01 8.798196430648022037e-01 -1.246942042516345772e+00 -1.212874569629231458e-01 6.862876236455687229e-01 -1.020249654848089493e+00
1.578151978437411229e-01 -1.165533028289015838e-01 6.538776206944111324e-01 -1.686078030408467265e+00 3.688452373008062057e-01 1.752155799733957631e-01 -1.263555013005419614e+00 1.126406885258010929e-03 -3.077806681933328292e-01 8.998674917843962895e-01 -1.237894857805430293e+00 -9.855194296391360520e-02 7.068166618784557098e-01 -1.035455664502640483e+00
1.362669923047025999e-01 -1.232858250556195662e-01 5.880411425780810442e-01 -1.688207318314993710e+00 3.594442761848131163e-01 2.029475140192942284e-01 -1.280876679696844267e+00 8.531969190742423517e-04 -2.889659507708609021e-01 9.173946506693746450e-01 -1.230730508843783211e+00 -7.461649956449041554e-02 7.206256065792494558e-01 -1.048434673686625462e+00
1.034164354767453109e-01 -1.321631232282802215e-01 5.076999264116396349e-01 -1.668160026239611682e+00 3.424537156208580790e-01 2.279686203452852278e-01 -1.297553145651822781e+00 -3.322619819432153388e-03 -2.727241027038465604e-01 9.343106387882210706e-01 -1.235163280751443438e+00 -5.196030473167466412e-02 7.383484603929160173e-01 -1.070601827393255601e+00
5.322174675209852268e-02 -1.388424251586936331e-01 4.123020014258079180e-01 -1.617093087682319297e+00 3.134875669855868852e-01 2.480574556268036468e-01 -1.311498231831485173e+00 1.176251743393022606e-03 -2.553602810841949511e-01 9.477070269496679078e-01 -1.221124111619745989e+00 -3.114789547525161073e-02 7.498208329325650734e-01 -1.064784401856230023e+00
-6.798478734700999851e-03 -1.462417545570283972e-01 3.168574101610194815e-01 -1.549336498167287912e+00 2.763509098177626133e-01 2.620081747404067185e-01 -1.319550881509440554e+00 4.624089369484753187e-03 -2.388410420206809326e-01 9.598838985488876707e-01 -1.212629769436711635e+00 -1.219055539344315181e-02 7.607059158013125266e-01 -1.060727244453728124e+00
-6.965395892032839875e-02 -1.431882258592282742e-01 2.291239653447335878e-01 -1.473035476991701342e+00 2.352774140446906859e-01 2.697075412964263785e-01 -1.319641050016025163e+00 1.206573644709336458e-02 -2.233592700761080352e-01 9.691042529633767666e-01 -1.199775830248810848e+00 4.992246510994740108e-03 7.680850994082358829e-01 -1.043644222149770373e+00
-1.365919609885132835e-01 -1.386822051933550848e-01 1.534840973857724278e-01 -1.392166484104466306e+00 1.899361881677466279e-01 2.704458294148612829e-01 -1.311824737353386894e+00 4.853134700568093062e-04 -2.118084787311015349e-01 9.830643170513574391e-01 -1.238386601947840004e+00 2.198194625872821467e-02 7.827085984094177551e-01 -1.075994809527243135e+00
-1.956514559379926299e-01 -1.305530025875586697e-01 9.934413182971954526e-02 -1.313713228949375145e+00 1.482910014794540932e-01 2.688233042631301695e-01 -1.299245783031291346e+00 1.182068848274622948e-02 -2.007124300012572693e-01 9.892170989137211157e-01 -1.236311718283348959e+00 3.845289500068337779e-02 7.877606385463692407e-01 -1.047708457867476239e+00
-2.457835275758532279e-01 -1.199213012061288580e-01 6.125461076412933026e-02 -1.248338945513463916e+00 1.112544805595786224e-01 2.669196596152380585e-01 -1.283583882447568936e+00 8.712405555390219164e-04 -1.970273958344638532e-01 1.009207193911013878e+00 -1.317447181812523294e+00 5.534038606462640675e-02 8.010783819215770984e-01 -1.078477761105963939e+00
-2.805928209468241397e-01 -1.100488020312140047e-01 3.496797801020865015e-02 -1.199018578075246699e+00 8.308786593899609996e-02 2.693350105004420625e-01 -1.268580851544266030e+00 7.659738173439468978e-05 -2.039638402102822712e-01 1.031636496948162618e+00 -1.407855952890134654e+00 7.110712891765191834e-02 8.092234144177812283e-01 -1.080163867157424074e+00
-3.032985996193426903e-01 -1.074479459582958207e-01 2.472730800044533814e-02 -1.174517502411889902e+00 6.237120531500982279e-02 2.756188528141437777e-01 -1.256569118043600275e+00 7.882502109949684284e-05 -2.209838954794138832e-01 1.049374873841905087e+00 -1.504382700047572019e+00 8.564748951890718831e-02 8.168493129959824017e-01 -1.080246401676308254e+00
-3.252559607547776954e-01 -1.276784715774080259e-01 4.420355873286360010e-02 -1.172672705362415968e+00 4.211482594110198957e-02 2.808359168664275596e-01 -1.245691423117983865e+00 1.052320131627742551e-02 -2.419180611661524427e-01 1.054672373417241404e+00 -1.580453777566126705e+00 9.786202027370702328e-02 8.117463581391604066e-01 -1.032680226902044307e+00
-2.926454827075288811e-01 -1.237757757168769096e-01 5.767280378820191511e-02 -1.165276640399408592e+00 5.883649469983287528e-02 3.199297749767930354e-01 -1.274086930128647044e+00 3.401961027241621506e-03 -2.738829990522141378e-01 1.048389327759592593e+00 -1.687311300924819069e+00 1.139363886725601183e-01 8.335449819162579210e-01 -1.072390885472239042e+00
-2.752877844124552165e-01 -1.298974718384755533e-01 8.477611811565394229e-02 -1.183291033213673904e+00 6.621799962603591716e-02 3.512413026326514642e-01 -1.296491523962284731e+00 -1.949673792776192641e-03 -3.185482146128876813e-01 1.022773945757860625e+00 -1.780820704810405219e+00 1.257430680774592469e-01 8.471453332979995698e-01 -1.085965540180576117e+00
-2.624632409112133691e-01 -1.377249160595463706e-01 1.171700245787470479e-01 -1.212814742276195012e+00 7.100115291049549637e-02 3.820594544261846637e-01 -1.320648501215099024e+00 -4.713647434626463788e-03 -3.790565183727213072e-01 9.700368656806263035e-01 -1.849294126370828906e+00 1.333818939861055319e-01 8.610980107494485836e-01 -1.088454919890806671e+00
-2.519666417184793783e-01 -1.442128549644584312e-01 1.502614395577783757e-01 -1.242664459865427062e+00 7.426662273954394433e-02 4.155046848021587969e-01 -1.349003803304065885e+00 5.325361225233963885e-04 -4.558792703236564936e-01 8.925690164855082376e-01 -1.867191901646464647e+00 1.360365141684345691e-01 8.727822279186443488e-01 -1.064618526443346092e+00
-2.388273801125679052e-01 -1.445419506188808101e-01 1.786535606889430305e-01 -1.264806995599297545e+00 8.024726177404697958e-02 4.524522477191317837e-01 -1.382572633689753472e+00 -8.867864244951327330e-05 -4.924841439020817280e-01 7.983213366533370436e-01 -1.870129412847825412e+00 1.347615076117759381e-01 8.859405817913826864e-01 -1.047711649285940627e+00
-2.343795039057586516e-01 -1.448614648871962007e-01 2.086779890569220586e-01 -1.288891303376186181e+00 8.081916733232794026e-02 4.818684375502335082e-01 -1.414601248760770869e+00 -4.102358484790163810e-04 -5.363526554364970167e-01 6.972930852093661702e-01 -1.839697938035504299e+00 1.295204105523851956e-01 8.973601507329442839e-01 -1.019744433017298890e+00
-2.344363817073680800e-01 -1.429153257592429282e-01 2.377387851847480860e-01 -1.311991129197178196e+00 8.293390001998370009e-02 4.890067334204768468e-01 -1.446862623084515631e+00 8.435577535698344717e-03 -5.801002837519100286e-01 5.984413837710497175e-01 -1.757927459488345612e+00 1.204431307675484925e-01 9.022647702201972431e-01 -9.590921312739595361e-01
-2.317830014002682515e-01 -1.349846163926312070e-01 2.628050384191745192e-01 -1.330891696595694285e+00 9.171653788613280678e-02 4.797220542374694974e-01 -1.480081422009343450e+00 2.277629476411999893e-03 -6.343318392477770296e-01 4.956153442484534377e-01 -1.670540763938988205e+00 1.118775297785087192e-01 9.106421351792420849e-01 -9.278392366235976851e-01
-2.346058857648074814e-01 -1.295235596750530516e-01 2.897691122319331902e-01 -1.351056334496172129e+00 1.002485445621045107e-01 4.547172820440452123e-01 -1.518798767089644564e+00 -3.255279386055939632e-03 -6.798315844282165621e-01 4.017435254810419187e-01 -1.556079124305312256e+00 1.079532356916518138e-01 9.315077615698335034e-01 -9.200000000000000400e-01
-2.354223681907046395e-01 -1.224623851228095611e-01 3.171149118497629260e-01 -1.369120834078899618e+00 1.153437416477749444e-01 4.217558770037320159e-01 -1.575885447174273590e+00 -6.493233619286455614e-03 -7.156960194748692716e-01 3.357108062307966323e-01 -1.445612028080256461e+00 1.061062156251982025e-01 9.557174999208545296e-01 -9.200000000000000400e-01
-2.367145435627458216e-01 -1.158409647979436186e-01 3.469637834414083244e-01 -1.387111692532285501e+00 1.367419218236679279e-01 3.628169640171816646e-01 -1.624760825976458767e+00 -1.598409814088306430e-02 -7.499815094625389422e-01 2.882186247566067561e-01 -1.361660099466555751e+00 1.086894574628266691e-01 9.713614255458556945e-01 -9.200000000000000400e-01
-2.172482860945098015e-01 -9.490571691973161139e-02 3.684501139599784536e-01 -1.395347668537732844e+00 1.811647633989927064e-01 2.724552404845392850e-01 -1.645154340196631315e+00 -1.586105907657153063e-02 -7.649194839812658575e-01 2.602534892976057779e-01 -1.274038994051461815e+00 1.157474507717559664e-01 9.900853871424085684e-01 -9.200000000000000400e-01
-1.863897776309923482e-01 -6.667300842450049614e-02 3.835013241840354858e-01 -1.392634999996706258e+00 2.283057067807499341e-01 1.666560101359833290e-01 -1.605411576143300989e+00 -1.352488080905614974e-02 -7.636532918229740341e-01 2.505784668732953246e-01 -1.192583814267271558e+00 1.408907649623351577e-01 1.018411675878611700e+00 -9.200000000000000400e-01
-1.332760441181718714e-01 -2.438562361690801289e-02 3.857148060090841990e-01 -1.374117697179665143e+00 2.701621113258043105e-01 6.636290937087939434e-02 -1.496364728424825596e+00 -1.138631749683800820e-02 -7.566568820607830759e-01 2.599054711523265948e-01 -1.146543024025006741e+00 1.377584392589477347e-01 1.028690756636857939e+00 -9.200000000000000400e-01
-8.196223161274991675e-02 1.348117299422461370e-02 3.889562820399520837e-01 -1.353507089765978000e+00 2.925414405011547703e-01 -3.475586939203649528e-02 -1.337634840880288056e+00 -1.154430809732341634e-02 -7.484887299383321535e-01 2.683684744838652492e-01 -1.119169435645426258e+00 1.566526250465817560e-01 1.056373826300560426e+00 -9.200000000000000400e-01
-3.642104374999542704e-02 4.600091139474304924e-02 3.958604422377249854e-01 -1.333990676717817347e+00 3.012696589130135494e-01 -1.253892519337516942e-01 -1.170101995040568221e+00 -1.166415649475831609e-02 -7.379006619354081531e-01 2.823519636658626264e-01 -1.105836032934643054e+00 1.621016900722731802e-01 1.065301802833312106e+00 -9.200000000000000400e-01
-5.894147618409710347e-03 6.760249058049791482e-02 4.134209803804323458e-01 -1.325200760621933149e+00 3.026011357207198937e-01 -2.069084905762356430e-01 -1.019108060405581551e+00 -1.385061914654401802e-02 -7.291888590471570231e-01 3.011763863682333509e-01 -1.107824322850776699e+00 1.876719988809058270e-01 1.077640415407800312e+00 -9.200000000000000400e-01
1.654859056541882131e-02 8.381276862662136173e-02 4.356822859546791715e-01 -1.320525114346988049e+00 3.027349431512320055e-01 -2.494454758978828235e-01 -9.301223924700109391e-01 -2.768840592144277465e-03 -7.133658345951630064e-01 3.218743781774173196e-01 -1.082029631411520976e+00 2.165100021524608009e-01 1.115484475373713202e+00 -9.200000000000000400e-01
3.723573387176626337e-02 9.891551055306274653e-02 4.575057638582442632e-01 -1.314765082981703914e+00 3.051136182845369249e-01 -2.429679201859281379e-01 -9.200000000000000400e-01 -7.449948240320120214e-03 -7.083890396449690208e-01 3.439332055486485906e-01 -1.097517215295320536e+00 2.311613715631173904e-01 1.120044130314472586e+00 -9.200000000000000400e-01
4.378678420228383772e-02 1.030520376873747118e-01 4.886164515996392343e-01 -1.317772597590497474e+00 3.053377491515441577e-01 -2.125714230585152298e-01 -9.445693980293093928e-01 -4.535983281184484926e-03 -7.001847091655238886e-01 3.656499970844442338e-01 -1.093214056277136192e+00 2.324630935493255668e-01 1.137627928014238510e+00 -9.200000000000000400e-01
4.505427653414870171e-02 1.034986654926253191e-01 5.209177768574227985e-01 -1.321239838726913973e+00 3.070106717659145668e-01 -1.696451687690116450e-01 -9.986635117181740240e-01 -9.939480605171158514e-03 -6.995006361439753961e-01 3.876267321171563696e-01 -1.107888007255694029e+00 2.535533457389148593e-01 1.141017733019551672e+00 -9.200000000000000400e-01
4.598928637218658438e-02 1.035594183197383888e-01 5.508888970880904123e-01 -1.322963888013863887e+00 3.076307496737314406e-01 -1.340184405972025261e-01 -1.036492847064215628e+00 -1.016444060249377043e-02 -6.959961236448390931e-01 4.092231275135506663e-01 -1.110269669903435341e+00 2.462509492477462092e-01 1.148316773938807378e+00 -9.200000000000000400e-01
4.685816953589345274e-02 1.030733221260470844e-01 5.786934822800319234e-01 -1.324984919759713664e+00 3.073257181606046107e-01 -1.033554198165224230e-01 -1.061778346471281331e+00 -7.719859418124246087e-03 -6.893247662009822641e-01 4.305029212950029494e-01 -1.109345709552432835e+00 2.468786821420363986e-01 1.165581856834621455e+00 -9.200000000000000400e-01
5.133468613777537881e-02 1.072174191526973075e-01 5.997169316532883210e-01 -1.322741843020449615e+00 3.083805866440061383e-01 -7.446551818449897997e-02 -1.083958285448688663e+00 -9.380800559960853630e-03 -6.856812476939828649e-01 4.512356915834155879e-01 -1.117806054672755511e+00 2.400560205358385768e-01 1.166827060361706137e+00 -9.200000000000000400e-01
5.100672498984423070e-02 1.067600699190997399e-01 6.227573770028099753e-01 -1.324152349277245566e+00 3.077629292923008131e-01 -4.770896928511234730e-02 -1.103290119807613490e+00 -1.033119305556037988e-02 -6.818991613168005061e-01 4.710207704998004563e-01 -1.123175516716743649e+00 2.571626981175709203e-01 1.160711103016360157e+00 -9.200000000000000400e-01
5.438163705257284541e-02 1.078281763908874730e-01 6.431440077801607869e-01 -1.325001105555743797e+00 3.093100603913420121e-01 -1.979439429536183903e-02 -1.126801972819609032e+00 -5.938168796538235289e-03 -6.740274202662243086e-01 4.907463477348423253e-01 -1.118420299630477066e+00 2.466233056923116396e-01 1.171225806078765919e+00 -9.200000000000000400e-01
5.541334994646943818e-02 1.047483294028268841e-01 6.684456349382349449e-01 -1.330830498752113344e+00 3.106238761847632257e-01 8.360118738841022801e-03 -1.153634916108989161e+00 -1.074215882026661496e-02 -6.711001817517039392e-01 5.119112750337245776e-01 -1.137165750940225761e+00 2.213118236366997116e-01 1.147670991904542914e+00 -9.200000000000000400e-01
5.463693915102440374e-02 9.906748729388713259e-02 6.964713954667666185e-01 -1.341485209732189210e+00 3.115572690001267575e-01 3.635384639292816439e-02 -1.181829086875785029e+00 -4.738435702266073461e-03 -6.659258630181165151e-01 5.313072811186038136e-01 -1.126303982266396941e+00 2.044322775611545351e-01 1.187636309473435237e+00 -1.038874405576829529e+00
5.562505719720411967e-02 9.325438264096995444e-02 7.224693618671726991e-01 -1.355007920294571733e+00 3.136516939959551054e-01 6.556284915554308479e-02 -1.212028134527896039e+00 -9.590423030907030454e-04 -6.642393496027637623e-01 5.509999055358515418e-01 -1.118272056371697687e+00 1.775419642872242687e-01 1.220921255517573023e+00 -1.158095576018281614e+00
5.801059952177138601e-02 8.472898291123556747e-02 7.436433630131661365e-01 -1.370920018297261400e+00 3.159059696604211154e-01 9.179971190031396833e-02 -1.236331851486965450e+00 7.103637028929719183e-03 -6.576659259272145119e-01 5.694580217813329792e-01 -1.103256410769112961e+00 1.447066755094278401e-01 1.237590997888657007e+00 -1.249811911292389555e+00
6.010683537797195664e-02 7.335211528601802422e-02 7.622262099306467142e-01 -1.389091362548964925e+00 3.185290671609198321e-01 1.168865435904444111e-01 -1.260001177089349778e+00 1.110129963649228967e-02 -6.499559125411105143e-01 5.884155262837909017e-01 -1.102364668393056801e+00 1.110775142194364296e-01 1.244454705215920498e+00 -1.337682282701300629e+00
6.482156991665387336e-02 6.288131825293893917e-02 7.745303838438358790e-01 -1.406913779263315512e+00 3.218611450665540552e-01 1.389461596204021321e-01 -1.277200541916560184e+00 -3.640047631045570495e-04 -6.469404286587543407e-01 6.100570022878096799e-01 -1.141359919211673457e+00 7.839461898469400614e-02 1.245301271485116823e+00 -1.441270539531644523e+00
6.894082550239302720e-02 4.977818269290575082e-02 7.826117307440416671e-01 -1.427265442400601714e+00 3.247458190364680419e-01 1.584576649272347593e-01 -1.290732553184748888e+00 9.839810508063618136e-03 -6.325811997849247748e-01 6.267014608825827171e-01 -1.127901078820667369e+00 4.656956123956142862e-02 1.231728691448474855e+00 -1.496705019106674417e+00
7.843397823447582906e-02 4.130446358085533565e-02 7.809800167464743259e-01 -1.446659319949815004e+00 3.303766102780851255e-01 1.763256814181865528e-01 -1.300675163008121249e+00 4.927607025871002903e-03 -6.223968984404095739e-01 6.458955243434549853e-01 -1.153175656655278880e+00 1.840994268355420835e-02 1.214310447442963348e+00 -1.571345681463107491e+00
8.544694025881838240e-02 2.454762663596690708e-02 7.714509219601480838e-01 -1.476520628714575345e+00 3.346584857870761320e-01 1.915506420211806893e-01 -1.308029075143542608e+00 2.145656701542995697e-03 -6.090367122269607636e-01 6.642212668386453522e-01 -1.175032284715468833e+00 -2.894772299466361401e-02 1.189165957557888564e+00 -1.606197068321395971e+00
9.598929284971260967e-02 1.265448938645763466e-02 7.512635766382074198e-01 -1.510020519113763227e+00 3.410365906155220506e-01 2.055562486580445047e-01 -1.314011896393284307e+00 -5.820191926954887147e-04 -5.934253228515903311e-01 6.823831914875384541e-01 -1.198208953743638450e+00 -9.653716617775551234e-02 1.158181741484064275e+00 -1.612891514080846189e+00
1.057555357423011211e-01 -3.491100287809193597e-03 7.153691480696202643e-01 -1.546924825244026636e+00 3.470412274046757450e-01 2.177185806769218468e-01 -1.318417012858570603e+00 6.984306810884449886e-03 -5.685781226777012476e-01 6.989094071270032238e-01 -1.203509080498288197e+00 -1.657801067871343959e-01 1.122650284860480907e+00 -1.571900618837948294e+00
1.078018211323424763e-01 -2.760481883988559829e-02 6.689041177742933719e-01 -1.583949514299733741e+00 3.485189710929404439e-01 2.273167013081165144e-01 -1.321505810105738199e+00 3.479667042043430893e-03 -5.337062301982409274e-01 7.174109711763199115e-01 -1.250361442116600497e+00 -2.322700070172860620e-01 1.081676154347800400e+00 -1.520407176642932567e+00
9.973414003487834911e-02 -6.023005583219999404e-02 6.108823599689423567e-01 -1.609237864883236835e+00 3.441300769409259552e-01 2.353144882392259052e-01 -1.325463825213854863e+00 4.585975147436321996e-04 -4.964105131464037202e-01 7.351596569388311186e-01 -1.293184559960960378e+00 -2.837142643663116415e-01 1.034107495988305647e+00 -1.449336018922696034e+00
7.913020865565593975e-02 -1.005130063637067056e-01 5.443596610397019031e-01 -1.615515072261636487e+00 3.319415280762658682e-01 2.414355842123766527e-01 -1.328264581841421155e+00 -8.667977730477779280e-03 -4.583630128946473148e-01 7.521035114613621175e-01 -1.343191528757743392e+00 -3.128715660746964611e-01 9.807897939439740309e-01 -1.372062780288479278e+00
5.467205597512225790e-02 -1.344237310345824943e-01 4.603336415641766655e-01 -1.599808555224354167e+00 3.169308956102719899e-01 2.462303286867375263e-01 -1.328809407914746776e+00 -1.877038782299776751e-03 -4.133236599342079987e-01 7.665089022850161138e-01 -1.349730799024929428e+00 -3.224714674847592999e-01 9.165007063769358142e-01 -1.245410850353933618e+00
2.224988803987554969e-02 -1.683192843478603096e-01 3.597046898771367740e-01 -1.560854880302756209e+00 2.964141489299518817e-01 2.488731877662837544e-01 -1.325619588185549924e+00 6.989276221788102636e-03 -3.661759338638979067e-01 7.803728270991381333e-01 -1.345096600411306742e+00 -3.713421358138470629e-01 7.997990593981959551e-01 -1.076318685126533614e+00
-2.011959299375161089e-02 -2.014769898172317497e-01 2.554883716061270849e-01 -1.498947613235480647e+00 2.687882092503013909e-01 2.472214465113271031e-01 -1.314439622734132396e+00 -6.777626055578453435e-04 -3.223615773838937604e-01 7.951154336884399543e-01 -1.371304963835684676e+00 -4.033914448386597407e-01 7.687299573464119185e-01 -1.126709282767042630e+00
-6.495003237911745053e-02 -2.226302711124551748e-01 1.486399730808457831e-01 -1.416775030605451846e+00 2.390914214597781307e-01 2.429279204523936975e-01 -1.298040063188989679e+00 8.933555735872342153e-05 -2.753124642374560893e-01 8.086976181369206484e-01 -1.372199438911450020e+00 -4.124863071782788881e-01 7.266953633868276086e-01 -1.112179900310967806e+00
-1.212377593437356793e-01 -2.347926855257264633e-01 4.480460963020332227e-02 -1.315627909370696846e+00 2.025513404033438825e-01 2.353194384587833365e-01 -1.281786712585711197e+00 8.575902842366121132e-03 -2.257977217936115444e-01 8.207171049808598129e-01 -1.347267270280758211e+00 -4.182517394942711353e-01 6.676421883165241100e-01 -1.051443093405301621e+00
-1.858703033202568911e-01 -2.368645139879508865e-01 -4.697583283523220493e-02 -1.214406012972589766e+00 1.608960656591331695e-01 2.247221311487632711e-01 -1.265668705133196958e+00 3.074560498871308357e-04 -1.769216166859991224e-01 8.341195567184180870e-01 -1.351036434461902358e+00 -4.252175043225857598e-01 6.021363256504412842e-01 -1.026131916785682829e+00
-2.462546733220948858e-01 -2.300829499424303093e-01 -1.236594087989301705e-01 -1.127731768715909633e+00 1.215150657052965488e-01 2.145448000583991266e-01 -1.251607859725606842e+00 -1.604269051128646636e-03 -1.250045617449677959e-01 8.463091846858222800e-01 -1.330885007539063025e+00 -4.294139374021664346e-01 5.258817218269203897e-01 -9.825146068101990871e-01
-2.962703897278687881e-01 -2.232780959425085254e-01 -1.869568122035725477e-01 -1.065449532298661461e+00 8.758386628746805957e-02 2.069978434944220735e-01 -1.238047429710492864e+00 -7.179238152772623657e-03 -7.269876642541089895e-02 8.587472585235809142e-01 -1.311428299148836851e+00 -4.256564431954423244e-01 4.471739094613177423e-01 -9.450901262213625698e-01
-3.347836421138242757e-01 -2.172497332480327614e-01 -2.298027645668765384e-01 -1.009370366964174259e+00 5.945113970412678472e-02 2.040450226021872648e-01 -1.225620234257351449e+00 -1.314170623556954083e-02 -2.120735575616148130e-02 8.712396174149157346e-01 -1.288115554093165471e+00 -4.020579883709639590e-01 3.804827822330545395e-01 -9.200000000000000400e-01
-3.369008536915121255e-01 -2.195463334306423375e-01 -2.445134671984987851e-01 -9.704627110236636600e-01 5.234840020666053223e-02 2.217379469365389211e-01 -1.232261303292341958e+00 -1.721941440748783747e-02 2.512630543706057332e-02 8.828220491533405045e-01 -1.262486382938275753e+00 -3.715970943868387444e-01 3.339628750477822705e-01 -9.200000000000000400e-01
-3.303302061178576277e-01 -2.226362427963617663e-01 -2.184337171651344056e-01 -9.940262513490613072e-01 4.987596386832599676e-02 2.478591252265557321e-01 -1.247007655094377609e+00 -1.384129449046267966e-02 6.449364295069678898e-02 8.913976809956988268e-01 -1.220530084653525416e+00 -3.142012568098355163e-01 3.173749124932686017e-01 -9.200000000000000400e-01
-3.123224282264666640e-01 -2.190786647343964666e-01 -1.723989846836742612e-01 -1.040586400632408370e+00 5.466095082580121195e-02 2.849982033257277836e-01 -1.275109479289211922e+00 6.421480946585677273e-03 9.388582535415716801e-02 9.007062674631897137e-01 -1.154276407096536339e+00 -2.509781469184291236e-01 3.263413516065257203e-01 -9.464172348908367338e-01
-2.894625909419649146e-01 -2.126515065063907250e-01 -1.113878591303603394e-01 -1.110623751717621399e+00 6.320115310294477373e-02 3.296792663646334054e-01 -1.312414435077164043e+00 3.911936720666946664e-03 1.034125338316928822e-01 9.674996621610760794e-01 -1.255065952315599143e+00 -1.870518603066526064e-01 3.738346294381372226e-01 -1.074508820836315159e+00
-2.674862854768482734e-01 -2.095246415016819297e-01 -4.736682943550815650e-02 -1.172255045474516200e+00 7.198831570988235840e-02 3.768128870530026431e-01 -1.350565879761163712e+00 8.238670016783668226e-03 9.431012629374428691e-02 1.027618229126630034e+00 -1.342382957539441035e+00 -1.263225640469865796e-01 4.052336372113027330e-01 -1.157801500515496684e+00
-2.489137466002938892e-01 -2.143821394303309369e-01 1.281673591085930736e-02 -1.225640647029084818e+00 7.919753291521565430e-02 4.252897866256348802e-01 -1.388939272096137323e+00 6.452934407685895907e-03 5.707737812792070681e-02 1.091493693274757204e+00 -1.473511673568507430e+00 -7.528595943987032024e-02 4.334557089528380258e-01 -1.230919648045972314e+00
-2.286976141328846968e-01 -2.237697112755223650e-01 6.709850137717913998e-02 -1.273802949239683846e+00 8.904833757268308669e-02 4.767247962319861032e-01 -1.429664219388922630e+00 -1.919694633541379949e-03 -7.668396095424613590e-03 1.129075102148607401e+00 -1.612247545365615098e+00 -3.325742238778609666e-02 4.648157401623125851e-01 -1.309107682081486868e+00
-2.027080067173275546e-01 -2.286478259604004803e-01 1.160419209141828056e-01 -1.313715158300601038e+00 8.347158327923651089e-02 5.231479168565819071e-01 -1.459939431929079490e+00 8.720080354787352554e-04 -9.185954595977316450e-02 1.129480003806018873e+00 -1.712035131867458926e+00 -2.008185535087767069e-03 4.973485680536136044e-01 -1.342381046435452419e+00
-1.844284617625257250e-01 -2.347991722586772190e-01 1.648412309707649737e-01 -1.353152900859799557e+00 7.207890655273417602e-02 5.678364164485618648e-01 -1.483791236794560264e+00 2.116905517299411295e-03 -1.860334726080415113e-01 1.095967180593220958e+00 -1.790060251726541596e+00 2.212631631656700529e-02 5.326646600599173054e-01 -1.373499316196535869e+00
-1.656594903790544748e-01 -2.378143156191637186e-01 2.107737710212451709e-01 -1.387642744174828247e+00 6.734736470359048432e-02 6.124594540138234011e-01 -1.509683352796508338e+00 4.876080363963863906e-03 -1.663787237997833290e-01 1.042386200217584991e+00 -1.804900930496760036e+00 3.983109477273664989e-02 5.698808590143683572e-01 -1.391519357301357118e+00
-1.558242310613097148e-01 -2.433171100492516337e-01 2.566442820698120464e-01 -1.419169588338013321e+00 6.675798486823149303e-02 6.446648001906660763e-01 -1.542411471736306883e+00 5.363209709625759054e-03 -1.480383522905942828e-01 9.759390574670397944e-01 -1.812006140982062030e+00 5.097918508094999301e-02 6.053141660250591638e-01 -1.403477333815709827e+00
-1.634572468331709494e-01 -2.578566816735003986e-01 3.047886010702800519e-01 -1.449226796908013037e+00 6.709514876956902685e-02 6.613598863976974940e-01 -1.588601731138544304e+00 5.515136713670224823e-03 -1.306443605395263829e-01 8.950501835931624628e-01 -1.808983675158135629e+00 5.769775524257476224e-02 6.410086395190833786e-01 -1.413133164887738102e+00
-1.623481627804500282e-01 -2.647889666900639649e-01 3.480424335728213858e-01 -1.472602615601519949e+00 8.872413538742557337e-02 6.772384631931739341e-01 -1.654978788523235211e+00 -2.337054184047338001e-03 -1.130774175357250888e-01 8.073531744524327092e-01 -1.816163403926249309e+00 6.589030847016187631e-02 6.741980550001593908e-01 -1.438097592692852755e+00
-1.603156986101505754e-01 -2.683797780541366529e-01 3.891869265151360335e-01 -1.493730013269097823e+00 1.200965856256031444e-01 6.719584715216706527e-01 -1.717351908670402771e+00 -9.252442168631786965e-03 -9.418303875645010759e-02 7.109539971219360766e-01 -1.818994488518754782e+00 7.469364356274270367e-02 7.064257945480677536e-01 -1.455337710579374555e+00
-1.513353382491536003e-01 -2.640547501062514013e-01 4.272841265732267302e-01 -1.512523045467360605e+00 1.597709971617803648e-01 6.328320257943215177e-01 -1.761086468456112275e+00 -7.914904890436131463e-03 -7.294944703542079190e-02 6.122267789990113451e-01 -1.779416375201592126e+00 8.292075687770016079e-02 7.382025589309495484e-01 -1.451063700327115624e+00
-1.218412496473524759e-01 -2.398543801455867985e-01 4.584028055800722368e-01 -1.523562898186038295e+00 2.135861701574968685e-01 5.584861729141288311e-01 -1.776347094194339782e+00 -8.583267046733891389e-03 -5.405759996888925140e-02 5.220445558731698910e-01 -1.723360498056706991e+00 9.039218186112209230e-02 7.684810212780290861e-01 -1.448460311031997350e+00
-8.620570114360148750e-02 -2.071351340347922232e-01 4.851400109201264299e-01 -1.526398814198411724e+00 2.668039919129831516e-01 4.554933580524367365e-01 -1.761938582781185758e+00 3.977330227153486942e-04 -3.831765178992768001e-02 4.581499216341878844e-01 -1.639030739890178889e+00 9.884158649788928053e-02 7.962161800456896144e-01 -1.415590535809718054e+00
-4.331314819215328210e-02 -1.682578778523819707e-01 5.075509436986813672e-01 -1.523911701583709810e+00 3.121452834306667201e-01 3.340491002573831025e-01 -1.716611421790342318e+00 -2.074634897520244003e-03 -2.397717476573633585e-02 4.146109313418585018e-01 -1.578846409843974063e+00 1.100550269726720404e-01 8.227524930370752054e-01 -1.410166317685060955e+00
1.133849885336910522e-02 -1.204971830403530758e-01 5.227314307886775646e-01 -1.513445278683792417e+00 3.568845308981318243e-01 1.968512498644514885e-01 -1.644654235287255739e+00 2.831581496988467422e-03 -8.266561020821424841e-03 3.950743319186778013e-01 -1.492792104619111049e+00 1.247072368274832754e-01 8.466577659299590053e-01 -1.386718733595139419e+00
6.366241144852302636e-02 -7.502819955340299385e-02 5.354697508918947468e-01 -1.497182755800634535e+00 3.820905441237090194e-01 5.925572815476422284e-02 -1.528441594011444638e+00 9.292458444944728599e-03 6.759549872404783076e-03 3.940905308607035029e-01 -1.406799070825708320e+00 1.416718336225844810e-01 8.674004285135914483e-01 -1.355095616883555953e+00
1.171373524392950727e-01 -2.744645023083126800e-02 5.441950397591305277e-01 -1.472916156863862458e+00 3.920445385119158965e-01 -6.654730766126677743e-02 -1.386778114794051886e+00 2.366333633472239052e-03 2.052543984277254568e-02 4.085172203020007720e-01 -1.384499563227228336e+00 1.607692041760498125e-01 8.894693181212245392e-01 -1.351408729447414414e+00
1.673099620011628819e-01 1.875490975924833104e-02 5.514600824873636675e-01 -1.442664125996726998e+00 3.895785303616834394e-01 -1.843253509942815449e-01 -1.230859428249230891e+00 -1.078844717131955191e-02 3.241653869341389743e-02 4.416568209495130848e-01 -1.409566874757708810e+00 1.795935634673050951e-01 9.113760329964907259e-01 -1.355888192927106051e+00
2.151127597888677356e-01 6.506971631509038401e-02 5.555397973947399093e-01 -1.405418679889962608e+00 3.618458202091685005e-01 -2.750914532186514716e-01 -1.094992902245072175e+00 -1.052307880043848801e-02 4.005683951990995917e-02 4.859630199012267560e-01 -1.410932425848664629e+00 1.942909750041758588e-01 9.308707692097513142e-01 -1.327648455864368637e+00
2.533934985071827906e-01 1.054251640865590672e-01 5.616749002742266184e-01 -1.366704354025972235e+00 3.198172852873686356e-01 -3.365867091010259493e-01 -9.744028226472041254e-01 -7.617544897012676341e-03 4.500996721728382777e-02 5.318504636000794816e-01 -1.403363048425782633e+00 2.054168217404569730e-01 9.499544015570787758e-01 -1.292982503749854128e+00
2.792923434637813451e-01 1.384989902971291431e-01 5.723866708521136992e-01 -1.329986449552246874e+00 2.862521751188269459e-01 -3.570551299519099109e-01 -9.200000000000000400e-01 -7.330003955988427175e-03 4.797458513355977450e-02 5.779730326635278415e-01 -1.400408259021701518e+00 2.198695373673744402e-01 9.644637571983782909e-01 -1.234765749347194852e+00
2.870849208106080463e-01 1.582650728714526667e-01 5.946494287084066466e-01 -1.305777825449191853e+00 2.691960583568029919e-01 -3.469825584283797171e-01 -9.200000000000000400e-01 -8.186275318597598409e-04 4.981047285612310443e-02 6.249533223630762135e-01 -1.379463806274552562e+00 2.268472616979424761e-01 9.804280962633361574e-01 -1.193650321204324349e+00
2.687086018698389700e-01 1.566445733036452848e-01 6.374279372291834500e-01 -1.305602490109372127e+00 2.601824462564328311e-01 -3.281014173516488830e-01 -9.200000000000000400e-01 -4.501414348155886522e-03 5.038283636060202769e-02 6.698109800267719738e-01 -1.376592077495562894e+00 2.369753608744682161e-01 1.000778159143095314e+00 -1.166595487172078727e+00
2.417066436932173157e-01 1.489656967845447988e-01 6.838151261964915406e-01 -1.311423036717456414e+00 2.655053278523072935e-01 -3.100826794621005522e-01 -9.200000000000000400e-01 -5.734769813925596864e-03 4.754081559309616262e-02 7.128092553580135382e-01 -1.364208528938303022e+00 2.460205403505549282e-01 1.016909996401568650e+00 -1.134066510832234087e+00
2.287963652167087358e-01 1.569279348756444370e-01 7.164823248048892701e-01 -1.304538273102951562e+00 2.780492741649263633e-01 -2.874898790372476531e-01 -9.200000000000000400e-01 -1.040269576821624886e-03 4.374773700209790006e-02 7.535098514349178878e-01 -1.333510400208583579e+00 2.556860317105231206e-01 1.029138604135039881e+00 -1.098950385770198324e+00
1.924422280642927030e-01 1.349926765313009813e-01 7.744870825112336599e-01 -1.330058938529448564e+00 2.830599852539588124e-01 -2.475980215809679696e-01 -9.613871041473296408e-01 -4.108169533216462360e-03 4.042184638427309684e-02 7.925133204640367746e-01 -1.313827743951665905e+00 2.707711085704649356e-01 1.053011435815311980e+00 -1.109400090477606016e+00
1.671984791826755801e-01 1.146714653133166228e-01 8.176334799256723684e-01 -1.365594571403444979e+00 2.941576062035771710e-01 -1.953592680138990512e-01 -1.022063691548148245e+00 -5.269700344579760550e-04 3.692975606757809004e-02 8.282630041590944847e-01 -1.274399600963054047e+00 2.947194052885024340e-01 1.117599539216046267e+00 -1.201647345605284745e+00
1.539546220267478394e-01 9.188934397889539363e-02 8.479109173011368794e-01 -1.417050509818573722e+00 3.042581612340634067e-01 -1.400870265200519771e-01 -1.083108000225857737e+00 -1.892465311125842613e-03 3.445250243966180986e-02 8.625326470773599929e-01 -1.240674942657085777e+00 3.220526426208643600e-01 1.196175651819488595e+00 -1.388243513241339544e+00
1.609974634262489046e-01 7.301411737563570648e-02 8.594188882725924961e-01 -1.484648950611921370e+00 3.150155219428991127e-01 -8.309419206188348173e-02 -1.144000013604781651e+00 5.104975628889633389e-03 3.239423210679802378e-02 8.916738188158661593e-01 -1.181620434638819050e+00 3.555805185667576529e-01 1.224017464963961022e+00 -1.541894626306433702e+00
1.915356616832183390e-01 6.520275233936873027e-02 8.496362988212710077e-01 -1.565740990229749441e+00 3.309774857834205108e-01 -2.238600602172581902e-02 -1.205216399901581026e+00 4.339096381787415670e-03 3.022676092639899406e-02 9.189212916546227738e-01 -1.131803387121565363e+00 4.057190715834431693e-01 1.196258078835489069e+00 -1.663580485331725534e+00
2.397307371822980926e-01 6.366046033467126497e-02 8.123369883260920243e-01 -1.648861406498743021e+00 3.524248016557583463e-01 3.822147116048205118e-02 -1.260981956280266436e+00 1.429405063018225749e-03 2.697704566705580453e-02 9.411394952301284089e-01 -1.076417670193947629e+00 4.712446648915705194e-01 1.111154453521260299e+00 -1.723079121114930112e+00
2.574284544665050301e-01 1.326549698358213056e-02 7.827794804367226300e-01 -1.737686843334845577e+00 3.582066322031516314e-01 9.169148278200800473e-02 -1.305832241995667387e+00 7.922775236648665897e-03 2.119522377046539549e-02 9.511570345747563104e-01 -9.855316163954854769e-01 5.442118566515190548e-01 1.005351234454959775e+00 -1.728523020344159500e+00
2.621754397013186799e-01 -3.644010028271976731e-02 7.153407153829184351e-01 -1.793432178303931535e+00 3.565057108022909316e-01 1.419667288916187098e-01 -1.343877585964597277e+00 1.840369427200060385e-03 1.143805702942176511e-02 9.599712822857929817e-01 -9.204311163984757460e-01 6.225959840063994832e-01 8.792404535899639439e-01 -1.717476165317170844e+00
2.585337401640235844e-01 -6.793486101323370496e-02 6.214817731016882840e-01 -1.810869307657745120e+00 3.485660196121048160e-01 1.892243441178454999e-01 -1.373264194341848876e+00 -1.428195944397487802e-02 -6.363640028030120160e-03 9.862416111411774766e-01 -9.200000000000000400e-01 7.093174241188824336e-01 7.449015434988159878e-01 -1.680776053036222573e+00
2.351341614707591621e-01 -1.204536679909247177e-01 5.206058966005938649e-01 -1.813041692314169895e+00 3.278270389115297001e-01 2.315574417776582739e-01 -1.393645416677034232e+00 -9.673605764761209272e-03 -2.972217807448788301e-02 1.021698449951920162e+00 -9.200000000000000400e-01 7.749181872828712070e-01 6.187464739030199556e-01 -1.575362818401223608e+00
1.982717645033150733e-01 -1.807637411678127415e-01 4.128799377179587227e-01 -1.789739744012557310e+00 2.968922310467652648e-01 2.694324438196150640e-01 -1.404420517710951000e+00 3.971328641066269286e-04 -5.091700635749523557e-02 1.051006034140293588e+00 -9.200000000000000400e-01 7.850000000000000311e-01 4.866478083138980892e-01 -1.400247975560879654e+00
1.598552493051660361e-01 -2.327933179069190117e-01 3.002611797110590897e-01 -1.733854565564906469e+00 2.636569674909735594e-01 3.046135658296421633e-01 -1.407728478435545494e+00 -9.698625238722649773e-05 -7.984733548455791308e-02 1.077874515240546227e+00 -9.200000000000000400e-01 7.850000000000000311e-01 3.797858897506152798e-01 -1.245056921539178241e+00
1.062904183006145031e-01 -2.834202722407712094e-01 1.945690347316308133e-01 -1.655774511366022272e+00 2.191165481584395336e-01 3.330594342590030843e-01 -1.401440197287423084e+00 2.479875347750488436e-03 -1.085240140357445898e-01 1.095629040923407072e+00 -9.200000000000000400e-01 7.850000000000000311e-01 2.493078868541458715e-01 -9.834557241981455311e-01
5.817474795874955779e-02 -3.160154753344878720e-01 9.337566093446961202e-02 -1.553243173244482245e+00 1.771668400333845095e-01 3.593274799711273504e-01 -1.388571656634467466e+00 -6.341560212263898724e-03 -1.298466231096266632e-01 1.097922344201440081e+00 -9.200000000000000400e-01 7.850000000000000311e-01 2.089459424864623660e-01 -9.200000000000000400e-01
9.174431504531191384e-03 -3.357010032809614741e-01 -3.744541046685043520e-03 -1.426791247768215865e+00 1.334497124930636991e-01 3.807566726530623447e-01 -1.368096374308513941e+00 -1.329626328931211333e-02 -1.600120357020801409e-01 1.116371760217507392e+00 -9.200000000000000400e-01 7.850000000000000311e-01 2.115285933737864887e-01 -9.200000000000000400e-01
-3.936865449250467885e-02 -3.444924019077749699e-01 -9.193796486958497050e-02 -1.288857663416397958e+00 8.885418229053407280e-02 3.975453071683529016e-01 -1.341246666108642627e+00 -2.082420172565608435e-02 -2.000199908476313349e-01 1.138505060532612578e+00 -9.200000000000000400e-01 7.850000000000000311e-01 2.243337828772789533e-01 -9.200000000000000400e-01
-7.833467725292797557e-02 -3.466987702536931670e-01 -1.639073427064276223e-01 -1.170436301150599823e+00 5.084000187202518395e-02 4.157033139276534728e-01 -1.316135124174745874e+00 -2.282953974349256204e-02 -2.289890187689903045e-01 1.139321105159320613e+00 -9.200000000000000400e-01 7.721415396379940344e-01 2.521514766236405691e-01 -9.200000000000000400e-01
-1.041214808828732769e-01 -3.474731763931878659e-01 -2.104123826422718557e-01 -1.096657325446897868e+00 2.295600657421846200e-02 4.406929872692377792e-01 -1.297842098409306644e+00 -2.710906593440319534e-02 -2.350154150259723129e-01 1.142890087728671844e+00 -9.200000000000000400e-01 7.511086344560660155e-01 2.773045806019160953e-01 -9.200000000000000400e-01
-1.236704161001752483e-01 -3.466390499402269287e-01 -2.278094125998555708e-01 -1.051604478604037274e+00 3.250466938257816091e-04 4.713107713685236733e-01 -1.285352740568414642e+00 -2.509784434729384409e-02 -2.449172830861877093e-01 1.154589188196332383e+00 -9.200000000000000400e-01 7.244398898547333987e-01 3.108417834257573564e-01 -9.200000000000000400e-01
-1.334153421285047825e-01 -3.431265122943120693e-01 -2.241950718373427465e-01 -1.021409682012864639e+00 -1.355570917682186530e-02 5.110272621533392678e-01 -1.285180425258988235e+00 -2.233140059654728157e-02 -2.569701904810348103e-01 1.165570393450968467e+00 -9.200000000000000400e-01 6.975426737247346631e-01 3.426553953688420417e-01 -9.200000000000000400e-01
-1.338355166804554852e-01 -3.389032406876847925e-01 -2.034916169794869500e-01 -1.010694936138385014e+00 -1.886170923012884734e-02 5.580849826812624981e-01 -1.295839896258828672e+00 -2.286095894296354472e-02 -2.535151354074984820e-01 1.177387692440774902e+00 -9.200000000000000400e-01 6.775175650811009476e-01 3.710969361468148264e-01 -9.200000000000000400e-01
-1.286795878115872260e-01 -3.358940152399190748e-01 -1.619849282489901898e-01 -1.028936033058782895e+00 -1.770354992770004077e-02 6.081810979854185284e-01 -1.312825311727834565e+00 -1.056041777207100858e-02 -2.305304063088709776e-01 1.198056715751187440e+00 -9.200000000000000400e-01 6.509026917436609994e-01 4.163976518580751462e-01 -9.297888597151128254e-01
-1.185049996032676439e-01 -3.335092019907958671e-01 -1.127330253584779007e-01 -1.065374722186821277e+00 -8.880604397244619419e-03 6.600023643220418457e-01 -1.335334606009424885e+00 -9.640562275225746797e-03 -1.828407484037596897e-01 1.194805030859950712e+00 -9.200000000000000400e-01 6.288041612345763864e-01 4.659527394958115631e-01 -9.732966391993029820e-01
-1.131867974377266939e-01 -3.332904816628580180e-01 -6.051783479297735691e-02 -1.106650542591572473e+00 -2.902539121895609912e-03 7.046403387610840063e-01 -1.355868852241046252e+00 -7.479619448635419464e-03 -1.158604959213430791e-01 1.182922479728082177e+00 -9.200000000000000400e-01 6.058657067416476361e-01 5.139539673119437602e-01 -1.011039943835080779e+00
-1.080195427307006073e-01 -3.328237455087688645e-01 -9.904616627626020367e-03 -1.143463023190178340e+00 6.279653577046223796e-03 7.452538711811427241e-01 -1.377878956211722405e+00 2.707204564221305475e-03 -4.386502843798160273e-02 1.184960395458495741e+00 -9.865510532877020955e-01 5.786740782048307441e-01 5.585640676408568650e-01 -1.025677410122291633e+00
-1.121299235384537879e-01 -3.366781821257033291e-01 3.979204847248179328e-02 -1.179387614462763079e+00 1.072910084435933949e-02 7.761719255388070948e-01 -1.397764625802588423e+00 1.208924858664403145e-03 3.616529963868560932e-02 1.181917615277330968e+00 -1.091929470835625526e+00 5.538339665863613037e-01 6.058700903628826406e-01 -1.071783148154902943e+00
-1.135537094331649094e-01 -3.411629989495331139e-01 8.987420414032468163e-02 -1.222589710043198830e+00 2.366258181496927807e-02 8.066864226720270592e-01 -1.422633307670885250e+00 5.290246574955710830e-03 1.162066922684279191e-01 1.149956636757633266e+00 -1.160127948051358437e+00 5.241105093214495358e-01 6.505194145563203412e-01 -1.101424576864164839e+00
-1.157672487971782849e-01 -3.468846700803566163e-01 1.406608737656446229e-01 -1.266782621559670030e+00 3.893510715293704155e-02 8.307109396943793689e-01 -1.453679261727292227e+00 1.687117867959447935e-03 1.924747344589284315e-01 1.093408183859713168e+00 -1.219009856650514312e+00 4.948706473579627674e-01 6.964743140145117639e-01 -1.149082839239501386e+00
-1.202338355490676081e-01 -3.544321921561968680e-01 1.919393942475154657e-01 -1.309460838104249847e+00 5.375435747922634871e-02 8.409242037356430277e-01 -1.494469233151471954e+00 -4.436183169562243379e-03 2.591808928528994138e-01 1.012629715073066095e+00 -1.259800012546492765e+00 4.632899348532378836e-01 7.410382723220090284e-01 -1.198399535423602780e+00
-1.221943411820384101e-01 -3.612213133108340690e-01 2.429954231048633562e-01 -1.350566673367002979e+00 7.715818097804769127e-02 8.382748880163115590e-01 -1.550378589521503647e+00 -7.517892933617886103e-03 3.146120717390982757e-01 9.126517855437900062e-01 -1.285607546305553406e+00 4.269439661982495360e-01 7.828854890109787634e-01 -1.234680264011407624e+00
-1.190027149246759425e-01 -3.649192547136035913e-01 2.915474258743031566e-01 -1.388104232836149476e+00 1.011608800325041052e-01 8.130028983097790096e-01 -1.607209295367071800e+00 -6.907242219319859001e-04 3.522696227045825079e-01 7.977154498559047013e-01 -1.270209961973395307e+00 3.878595863475559624e-01 8.191701232920212128e-01 -1.237326917890312572e+00
-1.079877575613209517e-01 -3.630761961474656130e-01 3.366892607794160774e-01 -1.422503440485008763e+00 1.231311962725765013e-01 7.630717378121061323e-01 -1.654534820328423805e+00 -4.272974200955531100e-04 3.762611607360705768e-01 6.968913702560132206e-01 -1.267159508421676462e+00 3.524874432843934646e-01 8.535323860020216369e-01 -1.245081389138513073e+00
-8.991826341187557359e-02 -3.553501399385230464e-01 3.793329194021171080e-01 -1.453891383770126611e+00 1.440757943089136239e-01 6.942062123430589038e-01 -1.687432259309785687e+00 -6.947134703012698177e-03 3.856062551636944002e-01 6.005451681964337762e-01 -1.253221598960177152e+00 3.202638578279113357e-01 8.870088308047718861e-01 -1.258290103574307484e+00
-5.259570048104968837e-02 -3.317074036886472621e-01 4.188738520525420728e-01 -1.481782658077126502e+00 1.741554137645096867e-01 6.119366447023527611e-01 -1.693689440043591121e+00 8.144206153328050260e-05 3.820487981045082582e-01 5.101228940877111651e-01 -1.187632015878927527e+00 2.892519133367463802e-01 9.150208956850034436e-01 -1.229050695565806706e+00
1.522228397693223875e-03 -2.919410389118671234e-01 4.533391364913339494e-01 -1.504207832468516193e+00 1.987330486395683937e-01 5.064455870268445015e-01 -1.659387443462892131e+00 1.617619339880440243e-03 3.665069859986931911e-01 4.486138997134545559e-01 -1.139905871802623372e+00 2.610414978321941581e-01 9.415990834291408929e-01 -1.203944800267639170e+00
5.606923768221358517e-02 -2.474643911214928771e-01 4.828711201834417488e-01 -1.517282815602307933e+00 2.188287200918648256e-01 3.872542661452734181e-01 -1.604872637958260961e+00 -3.038114529727469534e-03 3.359040284379420926e-01 4.090607332841972310e-01 -1.094766715477644814e+00 2.345206795951415846e-01 9.659422439203744215e-01 -1.185019686008855766e+00
1.158881801391600797e-01 -1.944354252469009392e-01 5.049115556335476152e-01 -1.519215585805673063e+00 2.319725951435916422e-01 2.665676801459717637e-01 -1.536160482779622249e+00 -8.786174119723837508e-03 3.057368974277390183e-01 3.980289148315751535e-01 -1.089283698149957402e+00 2.102449422257127998e-01 9.872358248899094635e-01 -1.162241419643798457e+00
1.818743452637810454e-01 -1.323567501950294045e-01 5.141662810529237237e-01 -1.504368413180136477e+00 2.339808372129927039e-01 1.565560645291479702e-01 -1.450622311193543013e+00 -8.582002055494223833e-03 2.757249131084435478e-01 4.075374668616384422e-01 -1.098963621910288735e+00 1.872160341438466047e-01 1.000607182734667644e+00 -1.116222602332989533e+00
2.446455391563230053e-01 -7.015630951281402738e-02 5.158235179958048366e-01 -1.476704045779164476e+00 2.191544046738018170e-01 6.261955066549007576e-02 -1.360933622676068655e+00 -9.425196657486079738e-03 2.461667790020583835e-01 4.320658040080188056e-01 -1.129046833040812325e+00 1.641823766740719559e-01 1.010089795535958235e+00 -1.064361621424550597e+00
2.991567574992030076e-01 -1.300051475411275088e-02 5.140101458211507879e-01 -1.439320160853174269e+00 1.885741510083389083e-01 -1.214848213518306130e-02 -1.280551591809781620e+00 -4.290730090555645968e-04 2.129930315087220916e-01 4.664576886582120774e-01 -1.146172895040903805e+00 1.421661219468232651e-01 1.010785030425296327e+00 -9.804182070640066193e-01
3.410034462912432396e-01 3.458240360422375204e-02 5.144323586513870339e-01 -1.400205542791742364e+00 1.580898593879073999e-01 -5.445984961223100662e-02 -1.206103591538881803e+00 -3.918927693735869966e-03 1.837882325845132392e-01 5.064021433160572627e-01 -1.190554667352923035e+00 1.273713115623960890e-01 1.015392782852994280e+00 -9.274445423618814521e-01
3.557660558071270018e-01 5.909375225788484481e-02 5.311934769784307786e-01 -1.377986882278916525e+00 1.324487102718759635e-01 -8.147169622906560993e-02 -1.147037022293946329e+00 -1.010269847125620790e-02 1.549752181896487946e-01 5.456791080025591434e-01 -1.233713591128869469e+00 1.240599197343642407e-01 1.035946341990902742e+00 -9.200000000000000400e-01
3.663284137167451271e-01 7.959098378683156227e-02 5.486818767118554208e-01 -1.360294629075113892e+00 1.186822971452082681e-01 -8.256504039387287108e-02 -1.134359645736154665e+00 -1.182913215410630672e-02 1.288150598591403795e-01 5.807834029902221307e-01 -1.254669088775503871e+00 1.275741149930873508e-01 1.051079995675225032e+00 -9.200000000000000400e-01
3.651671563929337339e-01 8.848249561344684322e-02 5.741460143147670836e-01 -1.357990829337848870e+00 1.146918826782022810e-01 -5.707253552873474411e-02 -1.155903824505856825e+00 -1.574736370781586398e-03 1.027746748371691499e-01 6.144907929884692033e-01 -1.247494741984109590e+00 1.323281812998086671e-01 1.058240403191703205e+00 -9.200000000000000400e-01
3.510908319026920243e-01 8.384646723226504839e-02 6.117787454575761563e-01 -1.379160174196629063e+00 1.215446538640648361e-01 -1.253584531246895555e-02 -1.187000210209627982e+00 -2.593902176677036642e-03 7.958920058317422996e-02 6.495895363571985159e-01 -1.267329657880624127e+00 1.577495026610903628e-01 1.123015942637125120e+00 -1.061371669152524788e+00
3.311608085629924036e-01 7.159121530247748721e-02 6.577978658129614020e-01 -1.421852999229519687e+00 1.398483223560338384e-01 3.778099905323076269e-02 -1.228135188761379615e+00 9.394355007916398506e-03 5.738755040722810091e-02 6.859483610937242570e-01 -1.261447434870302864e+00 1.930520045000804208e-01 1.179732427755576740e+00 -1.198760849763971903e+00
3.026983448163463319e-01 7.697221403269691176e-02 6.978205842437210649e-01 -1.468391514038654755e+00 1.575055020331642963e-01 8.753230458259622648e-02 -1.271107944378822907e+00 4.183327111342430640e-03 3.735385998241213396e-02 7.264573047780407133e-01 -1.299662285598006006e+00 2.433367664029513489e-01 1.225439993305179609e+00 -1.368278952423911843e+00
2.832783758309309063e-01 8.784036500128120095e-02 7.343166688538657061e-01 -1.526221067620789684e+00 1.803227381679990970e-01 1.396534540148950676e-01 -1.319780421146798499e+00 9.512797435237118834e-03 1.972265119928030136e-02 7.662419533263655769e-01 -1.311640921058639497e+00 2.975278551669826577e-01 1.228095239527938309e+00 -1.501780942790396756e+00
2.788213892925546222e-01 9.035185530655834296e-02 7.739400249084066319e-01 -1.605286740520119659e+00 2.067193613549884457e-01 1.906016929359816148e-01 -1.373324386097142247e+00 4.818286258994108895e-03 1.063297100906193497e-02 8.070085937073125937e-01 -1.336031683768127643e+00 3.495638895818509173e-01 1.179730625256486753e+00 -1.609545072093322204e+00
2.867532866968600658e-01 7.649872309058516895e-02 8.223401045031483170e-01 -1.711436418205002585e+00 2.360797732089235101e-01 2.408712424280924913e-01 -1.421465194738983584e+00 1.153954474907952985e-02 7.791292649065239065e-03 8.447782340783298594e-01 -1.323321523180612802e+00 4.009161045636133736e-01 1.087458779702107803e+00 -1.650547595719594085e+00
2.924933981312431985e-01 4.779347806103746016e-02 8.807946442938506815e-01 -1.837413905063602915e+00 2.563252398831389889e-01 2.855674776689667849e-01 -1.458216357125735829e+00 -8.464235234605380770e-03 1.026681143418829191e-02 8.831816184476880549e-01 -1.354439479233119581e+00 4.782641808588738441e-01 9.999217033202925098e-01 -1.747086084547143869e+00
3.096678948875200010e-01 7.077658145893864217e-02 8.980523686798165262e-01 -1.939585737277234934e+00 2.777263217809882723e-01 3.307427165478245001e-01 -1.489535694359367168e+00 -9.712004568147614451e-04 1.411751273324459224e-02 9.121002528083460570e-01 -1.312540319168957526e+00 5.510774242361325959e-01 9.003307599341170420e-01 -1.763264436355806764e+00
3.296470516712752818e-01 9.153324140218174754e-02 8.793457216983890934e-01 -2.030358028089079614e+00 2.967918677095118252e-01 3.748994385356334558e-01 -1.514448360121004367e+00 -8.571510146812906517e-03 1.658380948843218503e-02 9.388824990829731654e-01 -1.294220840721758359e+00 6.325595035041190473e-01 7.796286482122727346e-01 -1.757388396510229711e+00
3.180952623641510879e-01 5.842494460736481071e-02 8.543619081129093518e-01 -2.128286605027332357e+00 2.873110294692043931e-01 4.110557713927504020e-01 -1.529922692956077857e+00 -6.420323458187572434e-03 1.606492250048039902e-02 9.581524308943840662e-01 -1.248059341833304803e+00 6.989010308821014261e-01 6.484496528637128110e-01 -1.674861541447965063e+00
3.243737926205852440e-01 4.167588029893597862e-02 7.768311175699365023e-01 -2.191263814106530372e+00 2.889534788604858351e-01 4.497278164162516467e-01 -1.540246396096739190e+00 -4.275744441291268877e-03 1.131463191016496804e-02 9.715354450291393551e-01 -1.198385009953276237e+00 7.427665755513389589e-01 5.123187365529590087e-01 -1.542933278067794234e+00
3.249104076435584409e-01 8.179914949994697426e-03 6.751204135874026013e-01 -2.223395476187155495e+00 2.870999295749621094e-01 4.867796525968993149e-01 -1.546598528830999575e+00 5.940607230618853100e-04 3.067394945246080824e-03 9.801680003655915963e-01 -1.142760314936918764e+00 7.720263900379977784e-01 3.762914308903751448e-01 -1.375413334373688290e+00
3.056211197272784563e-01 -5.979662464306609998e-02 5.648290009818817126e-01 -2.225214803564353083e+00 2.710887158288858290e-01 5.196396267502707556e-01 -1.549879662226363308e+00 5.040163344357423067e-03 -8.171784126433052908e-03 9.869558700567612197e-01 -1.090272438860869109e+00 7.844119598750803890e-01 2.891192658451112729e-01 -1.212709746948158474e+00
2.826389203935398275e-01 -1.308296646295688814e-01 4.447856261417483803e-01 -2.184243787717512042e+00 2.529471426959270519e-01 5.502986829577735106e-01 -1.548563999650341749e+00 1.503823079918652043e-03 -2.098706351188577707e-02 9.941769620526552664e-01 -1.054537327126687574e+00 7.768590236597554544e-01 2.353331828187407437e-01 -1.083100285588218359e+00
2.262132665621315042e-01 -2.278021105629437770e-01 3.451920888404689247e-01 -2.122246447072484887e+00 2.056595070018185367e-01 5.691900316584512787e-01 -1.538870989238225517e+00 -5.841800729026179126e-03 -3.444144457380816926e-02 1.001765967659884460e+00 -1.025650499562086537e+00 7.631414140795481638e-01 2.159680529543673011e-01 -1.011178036799181612e+00
1.842599379637906154e-01 -2.877532885337315549e-01 2.412821920561558919e-01 -2.018905524729253109e+00 1.712456789621403797e-01 5.914646757072710148e-01 -1.528242899954165068e+00 -6.685623929018618891e-03 -5.099501202461888955e-02 1.007366600630765552e+00 -9.867064560539687834e-01 7.432777278182948200e-01 2.254854181492798038e-01 -9.841173995615881687e-01
1.144411097341009320e-01 -3.388740524036568669e-01 1.620887346219449243e-01 -1.872946547722964095e+00 1.091606257873175972e-01 5.987833698670065319e-01 -1.503280462687330843e+00 -8.565251641564118959e-03 -6.905393896902299600e-02 1.013263044248619016e+00 -9.541417353200657425e-01 7.259347207535870039e-01 2.545248576483854497e-01 -1.002164751595604919e+00
4.427937207999833175e-02 -3.646528684632822093e-01 8.159149905859641727e-02 -1.702084123161164309e+00 4.419326268217291936e-02 5.980055226928085998e-01 -1.467103714448242391e+00 -8.174919501479135236e-03 -8.776960197638718209e-02 1.018511992177047798e+00 -9.200000000000000400e-01 7.076321153594581359e-01 2.950086009633408057e-01 -1.038842001517418012e+00
-1.370775568048404787e-02 -3.707027623828963447e-01 -3.030148698195427124e-03 -1.526427481585369783e+00 -1.189739337576569550e-02 5.965712620801834065e-01 -1.427354168589762162e+00 -1.773032724724210585e-02 -1.069548638027658233e-01 1.031232103730443050e+00 -9.200000000000000400e-01 6.954895166170843579e-01 3.409726838220449308e-01 -1.110994312028564579e+00
-4.990294800953289089e-02 -3.656730764118824584e-01 -8.850256513666665548e-02 -1.366496898536647020e+00 -4.926473651520814345e-02 6.050971779841171072e-01 -1.396736627231951466e+00 -1.126719130603414699e-02 -1.258906150580260952e-01 1.053247329812286859e+00 -9.200000000000000400e-01 6.729720379713395317e-01 3.853572452004658810e-01 -1.141254517697710025e+00
-8.507310561434124063e-02 -3.612816237277013398e-01 -1.623729816594920161e-01 -1.229866195984229638e+00 -8.703711225453852895e-02 6.106004629959700392e-01 -1.363149355445287814e+00 -1.034805983400973600e-02 -1.450681716310249225e-01 1.066869187824746268e+00 -9.200000000000000400e-01 6.531940121755486217e-01 4.281782390196589017e-01 -1.175611105523211908e+00
-9.917832438456204713e-02 -3.525730906903481454e-01 -2.177442246051511654e-01 -1.121621358795754642e+00 -1.060610228445106745e-01 6.311830508986899790e-01 -1.343263707800562479e+00 -1.003623799478887968e-02 -1.512433614731163722e-01 1.079488144798450788e+00 -9.200000000000000400e-01 6.356555853164619352e-01 4.692506236325470481e-01 -1.205399471899814889e+00
-9.719953744040175925e-02 -3.437221433759072298e-01 -2.390214356188018197e-01 -1.060475251773773220e+00 -1.119137668536614727e-01 6.649035647777641334e-01 -1.334535682685054736e+00 -9.219163440557689992e-03 -1.482211236183335334e-01 1.089042171167429629e+00 -9.200000000000000400e-01 6.198540419458421491e-01 5.090456694365224077e-01 -1.229404113567228674e+00
-9.878749002218312203e-02 -3.385524462560450254e-01 -2.259644269851447673e-01 -1.043112437746456456e+00 -1.228062706334554638e-01 6.940349474822649078e-01 -1.322212909729742814e+00 1.042800617067548424e-02 -1.351046583226371556e-01 1.109065809124563318e+00 -9.400414198517365039e-01 5.948055544501634762e-01 5.481994826837144341e-01 -1.208288974495161039e+00
-8.975254148046546421e-02 -3.323733261412485929e-01 -1.995975802932043464e-01 -1.045734142260437816e+00 -1.241487314343419773e-01 7.301057492556021211e-01 -1.318873884839680377e+00 -7.197028062987911173e-03 -1.129476546916180352e-01 1.157969104864524867e+00 -1.094061453306516718e+00 5.875677263056208188e-01 5.881463687042933763e-01 -1.271754337521243006e+00
-8.685494012353427162e-02 -3.310920716866708746e-01 -1.662927689761536376e-01 -1.072392302505629003e+00 -1.327641293235446440e-01 7.573306500468126590e-01 -1.313665781551407674e+00 -1.036189601829240112e-04 -7.646972914026123336e-02 1.193310963422105075e+00 -1.211171792804965008e+00 5.685677275278361309e-01 6.272245526710865660e-01 -1.276643914221648579e+00
-8.150608256322881828e-02 -3.308848709073233807e-01 -1.288935423982089379e-01 -1.112361733007631193e+00 -1.380534525160656556e-01 7.848839460710232974e-01 -1.316565141658631033e+00 1.466042539185237557e-03 -2.277028656217693764e-02 1.213355476804730770e+00 -1.344312683055182589e+00 5.499484996505581424e-01 6.667710297599128699e-01 -1.295072401964229236e+00
-7.715576940466054023e-02 -3.316801823887712830e-01 -8.975767488619677825e-02 -1.157090919027655040e+00 -1.438965787929856743e-01 8.105644632155235563e-01 -1.322061245610956837e+00 -1.612012533642850085e-03 4.268520276449307149e-02 1.195353640859570188e+00 -1.456226285337165027e+00 5.294897968006407885e-01 7.062411821376498589e-01 -1.323514224627361680e+00
-7.273432171851962336e-02 -3.316144384947654067e-01 -4.981842579389710035e-02 -1.196958270082755904e+00 -1.443165525241129066e-01 8.371815465510482612e-01 -1.330755906246843923e+00 3.612127581735932128e-03 1.047226518009673063e-01 1.140313201787453323e+00 -1.514018223572436206e+00 5.010689505382898146e-01 7.430875226088251573e-01 -1.328335406385223738e+00
-7.488409078016419751e-02 -3.338490816367193914e-01 -8.104389088681855299e-03 -1.234889100226217673e+00 -1.435003707363981529e-01 8.600889101894454436e-01 -1.343152999448984808e+00 4.581795806721201611e-03 1.589179478106223786e-01 1.061370677116379557e+00 -1.551360783349901684e+00 4.700446341616720813e-01 7.783838005731359422e-01 -1.338612943558404877e+00
-8.080232887107416384e-02 -3.384108147423725010e-01 3.278720999804934227e-02 -1.272740368597676808e+00 -1.359726547449981171e-01 8.799839127918174242e-01 -1.364285382081930509e+00 2.191016592853072681e-03 2.074042649619035616e-01 9.684308080809553854e-01 -1.576286013391145824e+00 4.386967622625494445e-01 8.112821933438061350e-01 -1.350045278041637431e+00
-9.539704109732080606e-02 -3.474535423978960536e-01 7.317259863981612211e-02 -1.307788438882126369e+00 -1.284510233491610032e-01 8.869836430550394057e-01 -1.391477013319543765e+00 2.280696547666057929e-03 2.488901465181109218e-01 8.534997502211826292e-01 -1.568331358684208476e+00 4.054836254240766769e-01 8.418124017409224225e-01 -1.350467208263966379e+00
-1.041249842254347857e-01 -3.541357434183115549e-01 1.105258773751783691e-01 -1.337778085766479164e+00 -1.031531455817303183e-01 8.836193999453711978e-01 -1.436589911025543120e+00 2.860070557071784682e-03 2.761263560487696722e-01 7.380428884233021236e-01 -1.545395028476064914e+00 3.705142833522773183e-01 8.705776737671683252e-01 -1.344926674811397938e+00
-1.152728967419710121e-01 -3.625135569688711645e-01 1.470779802213003362e-01 -1.364945827291227820e+00 -7.357937087965336909e-02 8.702074249466758005e-01 -1.487548172384497436e+00 -4.095512398254654018e-03 2.951545954268982586e-01 6.307677405091726142e-01 -1.541706056622147214e+00 3.356615588224665103e-01 8.992628554743596903e-01 -1.350612264181865863e+00
-1.192812499670636572e-01 -3.676324265009874859e-01 1.819356169333404272e-01 -1.390503657830009177e+00 -2.969594409135801680e-02 8.546002999159613145e-01 -1.546799066792755362e+00 -3.128438084007484441e-03 2.918465509936946090e-01 5.172708776041921030e-01 -1.473111931806612818e+00 2.985910862043267833e-01 9.251174053245170281e-01 -1.332696943913205478e+00
-1.294283485053016602e-01 -3.767624668739560367e-01 2.172847365231668770e-01 -1.415254317211581681e+00 1.176883740570840511e-02 8.219956574198947763e-01 -1.602234071306310348e+00 -7.237027980169398814e-03 2.684748216458222037e-01 4.312422716563383274e-01 -1.420013798976170749e+00 2.622731733080312932e-01 9.505437375192408167e-01 -1.320141461950245398e+00
-1.261097765779982394e-01 -3.784465553244791280e-01 2.517020209438457501e-01 -1.439892312292709864e+00 7.242666764418886904e-02 7.832086295685062316e-01 -1.657732275531442756e+00 -5.114788846452589764e-03 2.259769306638229336e-01 3.775327851786764999e-01 -1.361514278749110574e+00 2.256403504058011877e-01 9.728797083228398757e-01 -1.287132688606438702e+00
-1.164370832925685773e-01 -3.761716470085417763e-01 2.862056199614534946e-01 -1.464749202772070547e+00 1.367967280177472267e-01 7.234247814641369123e-01 -1.697630704704361282e+00 -7.853282995905838323e-03 1.782802209281423023e-01 3.450496122241647479e-01 -1.330105608780912663e+00 1.906413177446081852e-01 9.942200312086191261e-01 -1.258064148931056003e+00
-9.734155943594081928e-02 -3.673570411208059716e-01 3.209696784704816341e-01 -1.490145982639001110e+00 2.063409744514685951e-01 6.364118705211438964e-01 -1.723574012934760535e+00 -7.585232985245783308e-03 1.290941674137257855e-01 3.366015949189816170e-01 -1.324370709843770255e+00 1.563311658162757078e-01 1.012069136648115375e+00 -1.215078681279703643e+00
-6.604174093780010302e-02 -3.488862000474198810e-01 3.545380741722380935e-01 -1.514154894994593992e+00 2.667931605245066340e-01 5.295777638428441625e-01 -1.720997205081551407e+00 -2.985846390664973794e-03 8.449773588771984645e-02 3.528473256187034668e-01 -1.344255824574600355e+00 1.258290438940962153e-01 1.025636831629417989e+00 -1.156615756741335099e+00
-2.502775922006312756e-02 -3.211561785258644219e-01 3.864239226589331055e-01 -1.534542730805227295e+00 3.093836380033888056e-01 4.079159806300451940e-01 -1.686141997529397862e+00 -2.963537905173795756e-03 4.259924422103059105e-02 3.851792489027579536e-01 -1.389984583251432593e+00 9.893867301800642056e-02 1.038346802867059715e+00 -1.107404838337919806e+00
2.004621785169847722e-02 -2.874684695789688216e-01 4.162740038589149982e-01 -1.549991348297776739e+00 3.452210103743499348e-01 2.818631271297233343e-01 -1.625032082246662180e+00 -2.919840437611050631e-03 2.343126068241915654e-03 4.243984604712319197e-01 -1.437032532359349801e+00 7.492606597238131438e-02 1.047745128346917909e+00 -1.054254025451790033e+00
7.050261347334282891e-02 -2.466036297251870679e-01 4.416270199272891439e-01 -1.559767329471604569e+00 3.728880804439159147e-01 1.566122390330121072e-01 -1.537797629536914235e+00 -1.112259987040647557e-03 -3.412621500658141738e-02 4.642036053033057885e-01 -1.474006831414351515e+00 5.577597290834418464e-02 1.054308404878732341e+00 -9.955024326835512083e-01
1.266896514900532622e-01 -1.978768186209307611e-01 4.592811335820906615e-01 -1.559567669345766516e+00 3.901265982300637369e-01 2.958759581397052071e-02 -1.421011855128271106e+00 -2.502679433511387219e-03 -6.842433558490618184e-02 4.981451360092362113e-01 -1.506152053168127170e+00 4.059789248949260271e-02 1.059224945133380835e+00 -9.427984652254199904e-01
1.845348083466639144e-01 -1.451279083713909734e-01 4.688684154376286384e-01 -1.549766630461119954e+00 3.969476636404393188e-01 -9.375658125174300694e-02 -1.290342193877683785e+00 -1.489628852665897223e-02 -1.012659254374455031e-01 5.250503584729725448e-01 -1.553602760266568739e+00 2.684677583447603322e-02 1.067809917366457917e+00 -9.200000000000000400e-01
2.381925111249963145e-01 -9.413294057306824392e-02 4.725161158567927622e-01 -1.533178840512404051e+00 3.942655344479003010e-01 -2.048313660873968822e-01 -1.158975737759307290e+00 -1.054392624153624100e-02 -1.270297173643852306e-01 5.574047369661572215e-01 -1.561358885142910768e+00 1.982780521781392358e-02 1.089902641790396753e+00 -9.200000000000000400e-01
2.916773652070719369e-01 -4.227410016998106590e-02 4.688700083971844013e-01 -1.508665381838351305e+00 3.779843206468856964e-01 -2.944337322198889995e-01 -1.037460563283918225e+00 -1.081741330088069157e-02 -1.463442346846186848e-01 5.877995687616587306e-01 -1.573707516816684304e+00 1.833575345193361184e-02 1.100346504192641017e+00 -9.200000000000000400e-01
3.357169045484625358e-01 5.391304182605511849e-03 4.627894223525588768e-01 -1.480092110169718200e+00 3.516358481010595782e-01 -3.529495587017044689e-01 -9.420394682363844030e-01 -1.289903763712923167e-02 -1.628922097373709243e-01 6.166065708017673952e-01 -1.586676168280584331e+00 1.992150783990545571e-02 1.105847650952780370e+00 -9.200000000000000400e-01
3.307766352691827727e-01 2.766717992113696539e-02 4.774409932491713859e-01 -1.469725680119529532e+00 3.325373322172974211e-01 -3.698515873894990813e-01 -9.200000000000000400e-01 -2.255164059467387760e-04 -1.756569464474723452e-01 6.478758550968241048e-01 -1.567393006607265216e+00 2.060065190925822881e-02 1.125601150645360704e+00 -9.534504654020344860e-01
3.391788474693389621e-01 6.138319562812825925e-02 4.792808779067405101e-01 -1.444984573805269790e+00 3.310816699925280826e-01 -3.687358926360986278e-01 -9.200000000000000400e-01 1.747458806327751928e-05 -1.876103318023737976e-01 6.747130999020324316e-01 -1.571073740380237282e+00 2.446861100616428211e-02 1.160664545945517823e+00 -1.073783686679185001e+00
3.240555867311176175e-01 7.634819448629147354e-02 4.967992773993802902e-01 -1.433054584316563629e+00 3.320960156018494258e-01 -3.595175085722582820e-01 -9.200000000000000400e-01 -2.628410911060447431e-03 -1.961113781775322973e-01 6.999486592454523537e-01 -1.576746237281941188e+00 3.345206300191892052e-02 1.183345482881301702e+00 -1.204453184108297048e+00
2.896038384049429149e-01 7.302085723004156370e-02 5.319435049884021494e-01 -1.438562506321932943e+00 3.375495025413777772e-01 -3.420129530103037108e-01 -9.200000000000000400e-01 -9.707166634190890486e-03 -2.029577896362257938e-01 7.242848337071742248e-01 -1.590122347636601541e+00 4.609112642477860428e-02 1.193620649231434960e+00 -1.344126045242109990e+00
2.729440124694151315e-01 8.260977445104461525e-02 5.538521185478824105e-01 -1.432638428801701558e+00 3.389621445412031031e-01 -3.265271355017988486e-01 -9.200000000000000400e-01 -2.480279602260960668e-04 -2.039374210057193770e-01 7.512277165649311472e-01 -1.568781161983874739e+00 6.099540105826072728e-02 1.183700507355826881e+00 -1.446066106078220503e+00
2.510492586697202211e-01 8.171620423728645499e-02 5.848755894188709670e-01 -1.439983596830318735e+00 3.460254634103723248e-01 -3.150372499124927672e-01 -9.200000000000000400e-01 2.447801399650345686e-04 -2.030952533222156742e-01 7.764766972591815586e-01 -1.565902184435944866e+00 7.848463747597483886e-02 1.159251126535307819e+00 -1.550401884304760891e+00
2.329977156357722345e-01 7.685586185764008149e-02 6.184134455007609388e-01 -1.451024033986404893e+00 3.545990748993086972e-01 -2.948493826624034031e-01 -9.372848087665642813e-01 -1.232685014916116159e-03 -1.975216375924238599e-01 8.013746208895172751e-01 -1.565089822613147108e+00 9.972254533716939928e-02 1.115902399533975409e+00 -1.640971675022832255e+00
2.191042241199094576e-01 6.899731437551116786e-02 6.525054036973541027e-01 -1.462034733617247229e+00 3.581923475591628492e-01 -2.677570343678864484e-01 -9.665190923942723611e-01 -8.998809408146725159e-04 -1.870053487641863410e-01 8.256203023449889544e-01 -1.556202600557002658e+00 1.264568147445045698e-01 1.051464440362274377e+00 -1.704206492664027461e+00
2.170164726855239590e-01 6.410006778025741092e-02 6.809073992892368254e-01 -1.469467414932269067e+00 3.606610225680833004e-01 -2.375890224095675018e-01 -9.965834178937172938e-01 2.142281568637886564e-03 -1.707189173431505891e-01 8.491397683168883104e-01 -1.536018172955057270e+00 1.606809927474892041e-01 9.681602246988748606e-01 -1.737422434861678466e+00
2.194552786498787933e-01 5.398818766262567653e-02 7.092598266267144957e-01 -1.479400520894539106e+00 3.639843435281850392e-01 -2.080248476526350698e-01 -1.023625853209402248e+00 -6.220715852575531800e-03 -1.506386162295175746e-01 8.714736401904709107e-01 -1.532199081629527448e+00 2.009515984103792952e-01 8.684014063498475267e-01 -1.763506196992212116e+00
2.185024646613428490e-01 3.309375761430250612e-02 7.389159032920089576e-01 -1.495787662378554428e+00 3.665361010682630649e-01 -1.804627503672318334e-01 -1.049092678600833883e+00 -1.055437241275921333e-03 -1.269497697363099475e-01 8.916232262622849625e-01 -1.493762611280994079e+00 2.239342949507399372e-01 7.386194429323754695e-01 -1.748646664330518963e+00
2.169036747779138352e-01 8.851103024849000384e-03 7.625006956654857282e-01 -1.514126505721861360e+00 3.683736501338600866e-01 -1.545810006543180126e-01 -1.069964301343806490e+00 1.049277523161025423e-04 -1.057640778262047138e-01 9.085068647769479755e-01 -1.459172061913653007e+00 2.739797512851416816e-01 6.753907945141635061e-01 -1.753596739696252849e+00
2.195326606577302497e-01 -1.147824112534397145e-02 7.721832992546177055e-01 -1.534326013504822894e+00 3.709570979918572209e-01 -1.290875342712431428e-01 -1.086354895329694648e+00 -9.434473929973317616e-03 -8.922019423131219429e-02 9.234997570733364247e-01 -1.445872110333050520e+00 3.115043446700529461e-01 6.156453593305305505e-01 -1.726275483288621793e+00
2.229968190539422801e-01 -3.163509298119557972e-02 7.656163060704000989e-01 -1.561087073039091111e+00 3.730672636713497359e-01 -1.046536221439508391e-01 -1.096017510638207959e+00 -5.369951898818676149e-03 -7.709502844263425858e-02 9.347395663113675646e-01 -1.406773720452167753e+00 3.285245667891874000e-01 5.709788654067491365e-01 -1.635077885024196043e+00
2.242664986341088296e-01 -4.978351695970953394e-02 7.396878627667075046e-01 -1.595023590157137905e+00 3.731451974790050419e-01 -8.138938118052473081e-02 -1.095128473370291511e+00 -5.381187501170575259e-04 -6.894195060639769779e-02 9.440570364141244175e-01 -1.368820603606584863e+00 3.314983271327595071e-01 5.425985871784235748e-01 -1.553642002292756397e+00
2.223997996399054988e-01 -6.918468736406618858e-02 6.959540581644517721e-01 -1.632729022410563724e+00 3.711329095551023638e-01 -6.059556566018200335e-02 -1.085507674342630180e+00 -2.952117252773329807e-03 -6.265009763896804695e-02 9.528067569837714856e-01 -1.347421779843252176e+00 3.359409341475958488e-01 5.250871228919182787e-01 -1.493576165113122745e+00
2.164928040875713500e-01 -9.259670589221717651e-02 6.354336437038970997e-01 -1.661391621247301442e+00 3.690148274831887010e-01 -4.025279415667353672e-02 -1.084926670782848435e+00 -4.816771260884241367e-03 -5.810914786182622832e-02 9.603757880856804707e-01 -1.326596823086115151e+00 3.453280178771168663e-01 5.248862585577173112e-01 -1.450927894438819088e+00
2.028951900311655177e-01 -1.183421574050358138e-01 5.587123423067198447e-01 -1.680908415838964665e+00 3.662940951452478555e-01 -1.836722077853120139e-02 -1.103320998505947781e+00 -1.687046101730926622e-03 -5.467687922215308527e-02 9.664980638526901036e-01 -1.296807945882799462e+00 3.560239019730135346e-01 5.376789427421936329e-01 -1.425086823469753350e+00
1.788765651561389780e-01 -1.478422927798331565e-01 4.659363180359530343e-01 -1.680365042241028783e+00 3.615510689962349589e-01 5.008089868209991170e-03 -1.141184085694037620e+00 -3.725254467340926266e-03 -5.211797769052415458e-02 9.744336248960611124e-01 -1.280154152187994443e+00 3.690120556881852920e-01 5.600206145859395468e-01 -1.436138189591509517e+00
1.434816851405403271e-01 -1.792485379203666851e-01 3.666873020663068972e-01 -1.654214945601387932e+00 3.492645650929414591e-01 2.607440602035038593e-02 -1.165057537425281398e+00 -6.088395864266504635e-03 -5.010005939578251327e-02 9.811541944100503621e-01 -1.262772093660336825e+00 3.798182524065394361e-01 5.820073479732545962e-01 -1.437849486407227761e+00
9.975834282201720415e-02 -2.115092995504988527e-01 2.599997658967772574e-01 -1.598061268185128947e+00 3.294167486406008871e-01 4.370271353899404798e-02 -1.168651896254666367e+00 -6.380766590100193925e-03 -4.921678051880575694e-02 9.864860224822126211e-01 -1.240833608706620739e+00 3.880494550075223592e-01 6.032204527170390573e-01 -1.432318078379696269e+00
4.955250407685139052e-02 -2.355378643507398118e-01 1.513579425271031620e-01 -1.517264585356223883e+00 3.025423096653654387e-01 5.693628921865637182e-02 -1.149377337627758511e+00 -8.474301739415414370e-03 -4.952638221449149475e-02 9.924351750031357167e-01 -1.224592497306095540e+00 3.948889429133857210e-01 6.218569832539092568e-01 -1.429356688460375668e+00
-3.520909243967285628e-03 -2.468542663833144801e-01 4.473728298521483654e-02 -1.414708094014732298e+00 2.739590558594153791e-01 6.872979082999744471e-02 -1.134480602289895224e+00 -5.667975857845618769e-03 -5.110965937210722176e-02 9.975815833900512075e-01 -1.200517054475818579e+00 3.970995687897128645e-01 6.405707964470360727e-01 -1.414707234555049986e+00
-7.550435462697296929e-02 -2.555972607166295263e-01 -4.703879884967569758e-02 -1.302982807537774512e+00 2.382029725489137051e-01 7.688522727556004743e-02 -1.142289231907188674e+00 -5.624246833708809734e-03 -4.663408123011357487e-02 1.002441536563813518e+00 -1.177230499095439198e+00 3.986322149040262830e-01 6.581888629451690953e-01 -1.404465792035269889e+00
-1.537536004448093463e-01 -2.667222753502809240e-01 -1.328814142927211561e-01 -1.189651062708392493e+00 1.992479018846227690e-01 8.062268429106246581e-02 -1.158466158999219342e+00 -3.931080964135818048e-03 -4.340135863918020281e-02 1.007244422315487942e+00 -1.151399001981294301e+00 3.987376833667160003e-01 6.750544009996505279e-01 -1.388715594338960635e+00
-2.109772746920650643e-01 -2.706094978155094144e-01 -2.000597235058228507e-01 -1.105125167622698079e+00 1.675860019128488365e-01 8.604013643723044946e-02 -1.164065883976857840e+00 -5.056010912980943121e-03 -4.065258276465155696e-02 1.012260609707278158e+00 -1.133763522097227749e+00 3.993897115267729392e-01 6.912157391154464259e-01 -1.377771990492583143e+00
-2.417263714315544543e-01 -2.743372644881625355e-01 -2.321410760292948183e-01 -1.042916191006858950e+00 1.462131322208473361e-01 9.779485315940479595e-02 -1.160631601584594330e+00 -5.178019684124789655e-03 -3.769431975787256722e-02 1.014565416406941534e+00 -1.117521595737716922e+00 3.987692195600645584e-01 7.067584819786347783e-01 -1.363496163241044279e+00
-2.483078994280790985e-01 -2.743347998941772503e-01 -2.361294024411602910e-01 -9.901959100684141202e-01 1.355480321667841270e-01 1.153456534798227573e-01 -1.149959417706188924e+00 -6.042664054550912940e-03 -3.514629228204231570e-02 1.016866124399653293e+00 -1.115395525703533508e+00 3.958700283445457102e-01 7.215466449784103675e-01 -1.350539205917461905e+00
-2.278468957928959371e-01 -2.685156680234769833e-01 -2.212562091322463065e-01 -9.709262828647877708e-01 1.387442944921638277e-01 1.425924189966495392e-01 -1.140623772084246701e+00 -4.876390058624474610e-03 -3.410500988803785022e-02 1.033372152263016153e+00 -1.147271038603249638e+00 3.913375017528967215e-01 7.357321653680322093e-01 -1.333242106964265705e+00
-2.142393534562540558e-01 -2.693610412589000358e-01 -1.991105747423310979e-01 -9.727705580659473661e-01 1.400809664906418339e-01 1.682241822776332496e-01 -1.139180459467497020e+00 -2.756095472918971960e-04 -2.796083657326421321e-02 1.067555705221647777e+00 -1.229117204373507688e+00 3.845919528991145753e-01 7.495634865493114862e-01 -1.309250139580368621e+00
-2.063351031591500739e-01 -2.799652632274237107e-01 -1.787972822446717291e-01 -9.907482946068625340e-01 1.385257730399189480e-01 1.936962093107278682e-01 -1.148587389641443357e+00 -1.748539994943927936e-02 -1.205584630551783873e-02 1.089456447867744648e+00 -1.342699388651215742e+00 3.829206335744170242e-01 7.758501716325463260e-01 -1.363235400788329388e+00
-2.026319948481539457e-01 -2.903050432882986476e-01 -1.664359382868973170e-01 -9.893953636667685014e-01 1.388610900236494916e-01 2.217606572592369374e-01 -1.175711998198897046e+00 4.040252644934194302e-04 1.187647325202273625e-02 1.086880787210581678e+00 -1.378567099835188436e+00 3.664996821882468003e-01 7.771804895580658457e-01 -1.282025164162531539e+00
-1.976866851278594739e-01 -2.981164483281256716e-01 -1.514832067165981788e-01 -9.957682282661295403e-01 1.388832365685931103e-01 2.506500702138616532e-01 -1.203817596999239736e+00 -8.583983647832955574e-03 4.507410143552781356e-02 1.072722742527234985e+00 -1.465426725698320665e+00 3.541912028404637369e-01 7.925436826252707512e-01 -1.291031805385161269e+00
-1.812998076397870362e-01 -3.001560289594967790e-01 -1.381237584492821524e-01 -1.004282535497478479e+00 1.465132285866824757e-01 2.837144913048577077e-01 -1.233550210753411536e+00 -8.433786772882378296e-03 8.212334872013479781e-02 1.030242842276626547e+00 -1.515374397794835071e+00 3.369005770401429789e-01 8.065264631503445969e-01 -1.278228834090372912e+00
-1.649702440045884011e-01 -3.010839805311382178e-01 -1.238045133482308102e-01 -1.015723384828938425e+00 1.542382336928185549e-01 3.148133437175620886e-01 -1.254239219415460793e+00 -7.029971103408689040e-03 1.196125358485615880e-01 9.673414926448902218e-01 -1.541331697836601844e+00 3.181813650100325241e-01 8.197339386218820412e-01 -1.260515847209306539e+00
-1.687375847006637730e-01 -3.079232010459589941e-01 -1.050741883884074579e-01 -1.030529485456008087e+00 1.480605527664244359e-01 3.362552646736943762e-01 -1.260893291469356914e+00 -8.718844593951173680e-05 1.534418348581573777e-01 8.899078782888615313e-01 -1.533125084643405023e+00 2.978404593634037534e-01 8.304318786218397586e-01 -1.226341971158830146e+00
-1.535543248480272793e-01 -3.073548367984290652e-01 -9.095668991785749169e-02 -1.036971027814771906e+00 1.548790182886156941e-01 3.627681357221688718e-01 -1.264881133674795599e+00 -1.106628631566801559e-04 1.859136453680653167e-01 8.012227988658801037e-01 -1.517108468798113785e+00 2.786528673724846805e-01 8.408190310268546241e-01 -1.204763741752693074e+00
-1.413118785066011518e-01 -3.081449937384126425e-01 -7.559717198204667088e-02 -1.043619250723815783e+00 1.607854558063107620e-01 3.898439471248594246e-01 -1.275229088386544918e+00 -8.736155942188347312e-04 2.134948890429747004e-01 7.125437251644791692e-01 -1.482715470840259009e+00 2.604541436087648432e-01 8.502924559048956610e-01 -1.182136533621288343e+00
-1.437902065264107798e-01 -3.154920715864751313e-01 -5.618267908122224347e-02 -1.056125242671367204e+00 1.566532900996360778e-01 4.164642105780042014e-01 -1.293930333633080298e+00 -6.772905578384454985e-03 2.313239338522496413e-01 6.152359680351964233e-01 -1.414667003671524981e+00 2.431539529846155345e-01 8.618246006673123683e-01 -1.172249913083795114e+00
-1.166525370778904169e-01 -3.127248516845141935e-01 -4.027625381377001462e-02 -1.068560234916023255e+00 1.785076853293694754e-01 4.450254948852080950e-01 -1.331144925408938917e+00 1.117354703200294742e-03 2.327123881596532551e-01 5.569353124522501419e-01 -1.344977836987733211e+00 2.236391572270184092e-01 8.701629174854527138e-01 -1.129280340377260217e+00
-1.301001365559759371e-01 -3.276020509746268572e-01 -1.629225397431951355e-02 -1.088461225115472164e+00 1.724809685190594188e-01 4.387130986249750952e-01 -1.363880016064378253e+00 -5.281883533798176038e-03 2.233272327397037849e-01 5.155651977778215045e-01 -1.296888741113980226e+00 2.056113934111251373e-01 8.838886078052462514e-01 -1.122413409048064414e+00
-1.177276559122393540e-01 -3.309148720567376967e-01 5.145806903950305398e-03 -1.108143843056879962e+00 1.833517525751334754e-01 4.270703882028172860e-01 -1.416932625483475761e+00 1.894800546644472179e-03 2.042917843223023833e-01 4.908343076355576318e-01 -1.227661441608356441e+00 1.861384996716511642e-01 8.929965418907370722e-01 -1.081420152218631081e+00
-1.124490241985446753e-01 -3.307134396696773115e-01 2.970174915101767010e-02 -1.132660375922778018e+00 1.906076204773734795e-01 4.048654286610545716e-01 -1.480393994779618083e+00 5.427965142537935321e-03 1.835510521729339928e-01 4.789371716657572220e-01 -1.186099961503128020e+00 1.659417675963893724e-01 9.037998795065350643e-01 -1.047827658096774472e+00
-1.088191309608096818e-01 -3.312937468840847499e-01 5.480755269953329484e-02 -1.157883942255708121e+00 2.115539428920244769e-01 3.645482532921928143e-01 -1.536787977478976552e+00 2.994903907851250921e-03 1.628314574055473862e-01 4.819387984898592658e-01 -1.185007846875535398e+00 1.455929128427440322e-01 9.173026599808130621e-01 -1.028496643851321224e+00
-9.751401409511599450e-02 -3.280260875041351998e-01 7.862095699243533409e-02 -1.181404065059293629e+00 2.396455100855430786e-01 2.875376580040341357e-01 -1.577893445006487205e+00 1.548183081301506827e-03 1.406594865320240084e-01 4.966299394189190308e-01 -1.199745798741841618e+00 1.250729051015591897e-01 9.298615673943039228e-01 -1.006042703485354739e+00
-6.649306555473118163e-02 -3.145276746381944766e-01 9.974613222831972548e-02 -1.202723317980057827e+00 2.641971513973618291e-01 1.874768687817204571e-01 -1.559409946177259698e+00 -7.706978412105870008e-03 1.186888558553709505e-01 5.209842763478673699e-01 -1.247123076329902602e+00 1.048568567087211911e-01 9.464053006028844139e-01 -1.005687274324273073e+00
-1.390678249365991451e-02 -2.887536930911452915e-01 1.164170231036726066e-01 -1.219524937959379329e+00 2.764864201895796958e-01 8.965203046376468698e-02 -1.460715387674318411e+00 -1.838209754806686383e-04 9.623299307648168488e-02 5.492019027244307017e-01 -1.258270460011036151e+00 8.521905591842422745e-02 9.545782375761452387e-01 -9.653817137274341986e-01
5.985747739214021534e-02 -2.499078036709029282e-01 1.252549407431594874e-01 -1.227384464462679237e+00 2.839466623768078790e-01 -1.307671368713670193e-02 -1.306094215940644787e+00 -9.865535825751276314e-03 7.672720773569330355e-02 5.769996016418941220e-01 -1.305573491609148595e+00 6.812014699083610014e-02 9.730298516715911727e-01 -9.797042510704454532e-01
1.414474716610344962e-01 -2.047002409104032306e-01 1.254747135834544669e-01 -1.223653746480319882e+00 2.893955073655791743e-01 -1.245235938869958120e-01 -1.160043483275760678e+00 -3.502573248532428723e-03 5.783451735170407754e-02 6.023968562681754069e-01 -1.311706823078446549e+00 5.338310308929433701e-02 9.836087008255987030e-01 -9.633156416056997129e-01
2.276970141258244373e-01 -1.553582434154605063e-01 1.157536448245678889e-01 -1.206062856631452629e+00 2.840114260917328548e-01 -2.344527278020778760e-01 -1.023950497093221612e+00 4.917150387513453957e-03 4.009988241629411365e-02 6.242860271280801232e-01 -1.310443980774565143e+00 4.100954461251615779e-02 9.932967140003453599e-01 -9.534658487933466153e-01
3.174740070155391836e-01 -1.033583976816036254e-01 9.534675700783340480e-02 -1.173337595622213847e+00 2.726851106320487550e-01 -3.222418387781153526e-01 -9.200000000000000400e-01 4.310270739904470752e-03 2.439982437708353158e-02 6.444770325518724974e-01 -1.325091458283245593e+00 3.372342210614864139e-02 1.008896536387698717e+00 -9.816129202001933063e-01
3.548725035503797476e-01 -7.815642552879700777e-02 9.617564223004676505e-02 -1.164775797749369568e+00 2.574093612680717347e-01 -3.565738899643008941e-01 -9.200000000000000400e-01 7.759624696331671482e-04 1.061998753856947982e-02 6.638951858653356908e-01 -1.343983799086906128e+00 3.473922009767146935e-02 1.030097775422638362e+00 -1.035388093360547046e+00
4.160296466181113151e-01 -3.703551581593825942e-02 7.830512487994906179e-02 -1.132276341285957555e+00 2.391141703562793541e-01 -3.731843285086355877e-01 -9.200000000000000400e-01 -2.338014353645565761e-03 -6.480311898294536729e-04 6.840927158831962007e-01 -1.360199085690849463e+00 4.853039722462643840e-02 1.084602082533168810e+00 -1.146966613139084545e+00
4.057357586362711488e-01 -2.336007215096623860e-02 9.569125413034150485e-02 -1.141002274284820706e+00 2.286287527975506828e-01 -3.767733192739597392e-01 -9.200000000000000400e-01 -8.064986503696823517e-03 -8.954507689512997484e-03 7.049408751584700372e-01 -1.380679828548710297e+00 6.757018045820911700e-02 1.146274637055735290e+00 -1.298864419279839755e+00
3.843194410751917811e-01 -1.457397953964206967e-02 1.192354017766249497e-01 -1.156848647885387438e+00 2.407068473598942548e-01 -3.763668608802038240e-01 -9.200000000000000400e-01 2.868371569655543424e-03 -1.426591002784522062e-02 7.256044274844549724e-01 -1.363130138511581491e+00 8.695592530292052535e-02 1.181609188742380523e+00 -1.406018830986331958e+00
