0.000000000000000000e+00 0.000000000000000000e+00 1.722364590350039748e+00
0.000000000000000000e+00 0.000000000000000000e+00 1.722364590350039748e+00
0.000000000000000000e+00 0.000000000000000000e+00 6.938750224503166919e+00
0.000000000000000000e+00 0.000000000000000000e+00 6.587980301926663174e+00
0.000000000000000000e+00 0.000000000000000000e+00 6.295880765391714817e+00
0.000000000000000000e+00 0.000000000000000000e+00 6.037569243930761331e+00
0.000000000000000000e+00 0.000000000000000000e+00 5.824301876677807854e+00
0.000000000000000000e+00 0.000000000000000000e+00 5.677224040473134892e+00
0.000000000000000000e+00 0.000000000000000000e+00 5.615716957354848660e+00
0.000000000000000000e+00 0.000000000000000000e+00 5.661323171020285372e+00
0.000000000000000000e+00 0.000000000000000000e+00 5.841645834051561792e+00
0.000000000000000000e+00 0.000000000000000000e+00 6.137376844481806870e+00
0.000000000000000000e+00 0.000000000000000000e+00 6.534937541786433712e+00
0.000000000000000000e+00 0.000000000000000000e+00 6.978951964736779701e+00
0.000000000000000000e+00 0.000000000000000000e+00 7.447950852484609641e+00
0.000000000000000000e+00 0.000000000000000000e+00 7.931391501989494941e+00
0.000000000000000000e+00 0.000000000000000000e+00 8.406253151109496002e+00
0.000000000000000000e+00 0.000000000000000000e+00 8.830821799809015715e+00
0.000000000000000000e+00 0.000000000000000000e+00 9.176423535396779130e+00
0.000000000000000000e+00 0.000000000000000000e+00 9.443577811333355498e+00
0.000000000000000000e+00 0.000000000000000000e+00 9.624579233733129513e+00
0.000000000000000000e+00 0.000000000000000000e+00 9.651724625672656543e+00
0.000000000000000000e+00 0.000000000000000000e+00 9.504604752727956907e+00
0.000000000000000000e+00 0.000000000000000000e+00 9.240442219946302771e+00
0.000000000000000000e+00 0.000000000000000000e+00 8.876923881437562613e+00
0.000000000000000000e+00 0.000000000000000000e+00 8.452470284642302545e+00
0.000000000000000000e+00 0.000000000000000000e+00 7.990384394762600095e+00
0.000000000000000000e+00 0.000000000000000000e+00 7.516730548166663084e+00
0.000000000000000000e+00 0.000000000000000000e+00 7.012034739575582876e+00
0.000000000000000000e+00 0.000000000000000000e+00 6.465016820013488541e+00
0.000000000000000000e+00 0.000000000000000000e+00 5.900950229449094309e+00
0.000000000000000000e+00 0.000000000000000000e+00 5.312074169052877437e+00
0.000000000000000000e+00 0.000000000000000000e+00 4.711140813936921745e+00
0.000000000000000000e+00 0.000000000000000000e+00 4.111865715591250137e+00
0.000000000000000000e+00 0.000000000000000000e+00 3.519461245577431896e+00
0.000000000000000000e+00 0.000000000000000000e+00 2.940525496006003436e+00
0.000000000000000000e+00 0.000000000000000000e+00 2.467911873476879236e+00
0.000000000000000000e+00 0.000000000000000000e+00 2.050748852155024338e+00
0.000000000000000000e+00 0.000000000000000000e+00 1.675933772449809567e+00
0.000000000000000000e+00 0.000000000000000000e+00 1.355732499551010051e+00
0.000000000000000000e+00 0.000000000000000000e+00 1.095383556365206346e+00
0.000000000000000000e+00 0.000000000000000000e+00 9.325026666585927160e-01
0.000000000000000000e+00 0.000000000000000000e+00 8.952158048636107424e-01
0.000000000000000000e+00 0.000000000000000000e+00 1.016942954610215111e+00
0.000000000000000000e+00 0.000000000000000000e+00 1.295249286363855390e+00
0.000000000000000000e+00 0.000000000000000000e+00 1.681289170538363464e+00
0.000000000000000000e+00 0.000000000000000000e+00 2.127985767909592596e+00
0.000000000000000000e+00 0.000000000000000000e+00 2.586829076875432065e+00
0.000000000000000000e+00 0.000000000000000000e+00 3.113543820716756727e+00
0.000000000000000000e+00 0.000000000000000000e+00 3.687131435639926735e+00
0.000000000000000000e+00 0.000000000000000000e+00 4.181392685876645032e+00
0.000000000000000000e+00 0.000000000000000000e+00 4.575007417512608754e+00
0.000000000000000000e+00 0.000000000000000000e+00 4.931761544916895446e+00
0.000000000000000000e+00 0.000000000000000000e+00 5.224393426815993280e+00
0.000000000000000000e+00 0.000000000000000000e+00 5.435135197586163258e+00
0.000000000000000000e+00 0.000000000000000000e+00 5.532054993296810608e+00
0.000000000000000000e+00 0.000000000000000000e+00 5.512591702691267415e+00
0.000000000000000000e+00 0.000000000000000000e+00 5.390154898678332529e+00
0.000000000000000000e+00 0.000000000000000000e+00 5.177556145084906802e+00
0.000000000000000000e+00 0.000000000000000000e+00 4.885543599801295045e+00
0.000000000000000000e+00 0.000000000000000000e+00 4.531564124142846595e+00
0.000000000000000000e+00 0.000000000000000000e+00 4.130537637797999651e+00
0.000000000000000000e+00 0.000000000000000000e+00 3.628590386094657561e+00
0.000000000000000000e+00 0.000000000000000000e+00 3.025884857891185220e+00
0.000000000000000000e+00 0.000000000000000000e+00 2.399304689986777817e+00
0.000000000000000000e+00 0.000000000000000000e+00 1.695654810972939686e+00
0.000000000000000000e+00 0.000000000000000000e+00 9.757727721783311381e-01
0.000000000000000000e+00 0.000000000000000000e+00 3.042548397842068653e-01
0.000000000000000000e+00 0.000000000000000000e+00 -2.465693371950834489e-01
0.000000000000000000e+00 0.000000000000000000e+00 -6.978690069701940502e-01
0.000000000000000000e+00 0.000000000000000000e+00 -1.070417013819664476e+00
0.000000000000000000e+00 0.000000000000000000e+00 -1.324805567711493381e+00
0.000000000000000000e+00 0.000000000000000000e+00 -1.448350563478626896e+00
0.000000000000000000e+00 0.000000000000000000e+00 -1.464256304476180048e+00
0.000000000000000000e+00 0.000000000000000000e+00 -1.378450867327970286e+00
0.000000000000000000e+00 0.000000000000000000e+00 -1.081840827684715123e+00
0.000000000000000000e+00 0.000000000000000000e+00 -5.027248139350461997e-01
0.000000000000000000e+00 0.000000000000000000e+00 1.853926825721714522e-01
0.000000000000000000e+00 0.000000000000000000e+00 9.068953984527041712e-01
0.000000000000000000e+00 0.000000000000000000e+00 1.724556250176462413e+00
0.000000000000000000e+00 0.000000000000000000e+00 2.588682717341782791e+00
0.000000000000000000e+00 0.000000000000000000e+00 3.501709318506925683e+00
0.000000000000000000e+00 0.000000000000000000e+00 4.454411009427431622e+00
0.000000000000000000e+00 0.000000000000000000e+00 5.501962029211739491e+00
0.000000000000000000e+00 0.000000000000000000e+00 6.564428362099974379e+00
0.000000000000000000e+00 0.000000000000000000e+00 7.518521864712838010e+00
0.000000000000000000e+00 0.000000000000000000e+00 8.126160331679713522e+00
0.000000000000000000e+00 0.000000000000000000e+00 8.448918536607848750e+00
0.000000000000000000e+00 0.000000000000000000e+00 8.706892638116684680e+00
0.000000000000000000e+00 0.000000000000000000e+00 8.772828969233245289e+00
0.000000000000000000e+00 0.000000000000000000e+00 8.493679135584272899e+00
0.000000000000000000e+00 0.000000000000000000e+00 8.001131710490113846e+00
0.000000000000000000e+00 0.000000000000000000e+00 7.313141376526417048e+00
0.000000000000000000e+00 0.000000000000000000e+00 6.296619437957389209e+00
0.000000000000000000e+00 0.000000000000000000e+00 5.011812221626684050e+00
0.000000000000000000e+00 0.000000000000000000e+00 3.459212374555619363e+00
0.000000000000000000e+00 0.000000000000000000e+00 1.425261899545873234e+00
0.000000000000000000e+00 0.000000000000000000e+00 -9.390177485764326093e-01
0.000000000000000000e+00 0.000000000000000000e+00 -3.447035658585946294e+00
0.000000000000000000e+00 0.000000000000000000e+00 -6.005109642323276375e+00
0.000000000000000000e+00 0.000000000000000000e+00 -8.565900733398891020e+00
0.000000000000000000e+00 0.000000000000000000e+00 -1.067940155569915817e+01
0.000000000000000000e+00 0.000000000000000000e+00 -1.238088419695553455e+01
0.000000000000000000e+00 0.000000000000000000e+00 -1.370465278470975079e+01
0.000000000000000000e+00 0.000000000000000000e+00 -1.433739819733037280e+01
0.000000000000000000e+00 0.000000000000000000e+00 -1.493212598136119595e+01
0.000000000000000000e+00 0.000000000000000000e+00 -1.553592948409395547e+01
0.000000000000000000e+00 0.000000000000000000e+00 -1.604604292690703460e+01
0.000000000000000000e+00 0.000000000000000000e+00 -1.644265372221425991e+01
0.000000000000000000e+00 0.000000000000000000e+00 -1.668289340801325693e+01
0.000000000000000000e+00 0.000000000000000000e+00 -1.684409916215311398e+01
0.000000000000000000e+00 0.000000000000000000e+00 -1.692165140944227630e+01
0.000000000000000000e+00 0.000000000000000000e+00 -1.677186572605953074e+01
0.000000000000000000e+00 0.000000000000000000e+00 -1.650965424151969785e+01
0.000000000000000000e+00 0.000000000000000000e+00 -1.618735106023245862e+01
0.000000000000000000e+00 0.000000000000000000e+00 -1.579026108650434423e+01
0.000000000000000000e+00 0.000000000000000000e+00 -1.538534160829119912e+01
0.000000000000000000e+00 0.000000000000000000e+00 -1.499652980534835933e+01
0.000000000000000000e+00 0.000000000000000000e+00 -1.479614895194168867e+01
0.000000000000000000e+00 0.000000000000000000e+00 -1.474918960989813854e+01
0.000000000000000000e+00 0.000000000000000000e+00 -1.484047312245782280e+01
0.000000000000000000e+00 0.000000000000000000e+00 -1.507808233831160294e+01
0.000000000000000000e+00 0.000000000000000000e+00 -1.539741092281481372e+01
0.000000000000000000e+00 0.000000000000000000e+00 -1.564185462334447152e+01
0.000000000000000000e+00 0.000000000000000000e+00 -1.570662086290836612e+01
0.000000000000000000e+00 0.000000000000000000e+00 -1.550883288196541798e+01
0.000000000000000000e+00 0.000000000000000000e+00 -1.492270175065914373e+01
0.000000000000000000e+00 0.000000000000000000e+00 -1.399146479219629668e+01
0.000000000000000000e+00 0.000000000000000000e+00 -1.283198810906553433e+01
0.000000000000000000e+00 0.000000000000000000e+00 -1.158544355263376247e+01
0.000000000000000000e+00 0.000000000000000000e+00 -1.029566473211728805e+01
0.000000000000000000e+00 0.000000000000000000e+00 -9.086461211537042004e+00
0.000000000000000000e+00 0.000000000000000000e+00 -8.043113492650832086e+00
0.000000000000000000e+00 0.000000000000000000e+00 -7.198705841900348901e+00
0.000000000000000000e+00 0.000000000000000000e+00 -6.470308882229417691e+00
0.000000000000000000e+00 0.000000000000000000e+00 -5.897214503768267946e+00
0.000000000000000000e+00 0.000000000000000000e+00 -5.432166308862164783e+00
0.000000000000000000e+00 0.000000000000000000e+00 -4.997858166912408251e+00
0.000000000000000000e+00 0.000000000000000000e+00 -4.578554079675498656e+00
0.000000000000000000e+00 0.000000000000000000e+00 -4.265532549821571706e+00
0.000000000000000000e+00 0.000000000000000000e+00 -4.113167328334938588e+00
0.000000000000000000e+00 0.000000000000000000e+00 -3.990267792593172658e+00
0.000000000000000000e+00 0.000000000000000000e+00 -3.871981315281985303e+00
0.000000000000000000e+00 0.000000000000000000e+00 -3.872260792320346923e+00
0.000000000000000000e+00 0.000000000000000000e+00 -3.930552813950995983e+00
0.000000000000000000e+00 0.000000000000000000e+00 -4.052131499037884055e+00
0.000000000000000000e+00 0.000000000000000000e+00 -4.307720963961742200e+00
0.000000000000000000e+00 0.000000000000000000e+00 -4.767981156779129037e+00
0.000000000000000000e+00 0.000000000000000000e+00 -5.346847489095921446e+00
0.000000000000000000e+00 0.000000000000000000e+00 -6.180025363943329353e+00
0.000000000000000000e+00 0.000000000000000000e+00 -7.484489910426219694e+00
0.000000000000000000e+00 0.000000000000000000e+00 -9.216111424424170195e+00
0.000000000000000000e+00 0.000000000000000000e+00 -1.127636352113893281e+01
0.000000000000000000e+00 0.000000000000000000e+00 -1.337968904047211538e+01
0.000000000000000000e+00 0.000000000000000000e+00 -1.538743631838585202e+01
0.000000000000000000e+00 0.000000000000000000e+00 -1.724780052665968810e+01
0.000000000000000000e+00 0.000000000000000000e+00 -1.899385596253446806e+01
0.000000000000000000e+00 0.000000000000000000e+00 -2.064691219257231580e+01
0.000000000000000000e+00 0.000000000000000000e+00 -2.208573403665603507e+01
0.000000000000000000e+00 0.000000000000000000e+00 -2.309531791124162226e+01
0.000000000000000000e+00 0.000000000000000000e+00 -2.356989102744749687e+01
0.000000000000000000e+00 0.000000000000000000e+00 -2.376612080530968285e+01
0.000000000000000000e+00 0.000000000000000000e+00 -2.373762877350334577e+01
0.000000000000000000e+00 0.000000000000000000e+00 -2.333609310819447558e+01
0.000000000000000000e+00 0.000000000000000000e+00 -2.259572562932156359e+01
0.000000000000000000e+00 0.000000000000000000e+00 -2.160652929508400177e+01
0.000000000000000000e+00 0.000000000000000000e+00 -2.034749926526474439e+01
0.000000000000000000e+00 0.000000000000000000e+00 -1.889034724014744882e+01
0.000000000000000000e+00 0.000000000000000000e+00 -1.731272413754111028e+01
0.000000000000000000e+00 0.000000000000000000e+00 -1.569939362661146731e+01
0.000000000000000000e+00 0.000000000000000000e+00 -1.396371536732937102e+01
0.000000000000000000e+00 0.000000000000000000e+00 -1.202308102618364671e+01
0.000000000000000000e+00 0.000000000000000000e+00 -9.727470744478083020e+00
0.000000000000000000e+00 0.000000000000000000e+00 -7.178942052799513363e+00
0.000000000000000000e+00 0.000000000000000000e+00 -4.529165074266870761e+00
0.000000000000000000e+00 0.000000000000000000e+00 -1.964139658018765999e+00
0.000000000000000000e+00 0.000000000000000000e+00 3.392237513268412386e-01
0.000000000000000000e+00 0.000000000000000000e+00 2.235736835119951138e+00
0.000000000000000000e+00 0.000000000000000000e+00 3.630438440796467603e+00
0.000000000000000000e+00 0.000000000000000000e+00 4.526147562255331991e+00
0.000000000000000000e+00 0.000000000000000000e+00 4.978400334585487030e+00
0.000000000000000000e+00 0.000000000000000000e+00 5.067762731973530776e+00
0.000000000000000000e+00 0.000000000000000000e+00 5.101132646660445857e+00
0.000000000000000000e+00 0.000000000000000000e+00 4.972972771139296810e+00
0.000000000000000000e+00 0.000000000000000000e+00 4.590697457158896100e+00
0.000000000000000000e+00 0.000000000000000000e+00 4.112663942298254938e+00
0.000000000000000000e+00 0.000000000000000000e+00 3.506260899907132966e+00
0.000000000000000000e+00 0.000000000000000000e+00 2.831978256289133355e+00
0.000000000000000000e+00 0.000000000000000000e+00 2.251036190616204635e+00
0.000000000000000000e+00 0.000000000000000000e+00 1.761256358340389738e+00
0.000000000000000000e+00 0.000000000000000000e+00 1.181932008518856492e+00
0.000000000000000000e+00 0.000000000000000000e+00 4.635670304961223565e-01
0.000000000000000000e+00 0.000000000000000000e+00 -3.948246013961238532e-01
0.000000000000000000e+00 0.000000000000000000e+00 -1.314345593796801381e+00
0.000000000000000000e+00 0.000000000000000000e+00 -2.267984558740778311e+00
0.000000000000000000e+00 0.000000000000000000e+00 -3.337878598584509859e+00
0.000000000000000000e+00 0.000000000000000000e+00 -4.439634592232053478e+00
0.000000000000000000e+00 0.000000000000000000e+00 -5.316749741731655376e+00
0.000000000000000000e+00 0.000000000000000000e+00 -5.902992010290049052e+00
0.000000000000000000e+00 0.000000000000000000e+00 -6.035867868528114855e+00
0.000000000000000000e+00 0.000000000000000000e+00 -5.828256577571181651e+00
0.000000000000000000e+00 0.000000000000000000e+00 -5.362190773479881045e+00
0.000000000000000000e+00 0.000000000000000000e+00 -4.671191663529896232e+00
0.000000000000000000e+00 0.000000000000000000e+00 -3.866904694221986460e+00
0.000000000000000000e+00 0.000000000000000000e+00 -3.150814989569056479e+00
0.000000000000000000e+00 0.000000000000000000e+00 -2.586399993529084895e+00
0.000000000000000000e+00 0.000000000000000000e+00 -2.096184273313568269e+00
0.000000000000000000e+00 0.000000000000000000e+00 -1.546825015050870888e+00
0.000000000000000000e+00 0.000000000000000000e+00 -9.262381925671974159e-01
0.000000000000000000e+00 0.000000000000000000e+00 -2.692567913006485014e-01
0.000000000000000000e+00 0.000000000000000000e+00 3.463220763482866005e-01
0.000000000000000000e+00 0.000000000000000000e+00 9.921094426843239944e-01
0.000000000000000000e+00 0.000000000000000000e+00 1.679852806492036166e+00
0.000000000000000000e+00 0.000000000000000000e+00 2.418408062325497099e+00
0.000000000000000000e+00 0.000000000000000000e+00 3.249882949952606737e+00
0.000000000000000000e+00 0.000000000000000000e+00 4.367218248105231737e+00
0.000000000000000000e+00 0.000000000000000000e+00 5.815546420956763995e+00
0.000000000000000000e+00 0.000000000000000000e+00 7.613122065319686271e+00
0.000000000000000000e+00 0.000000000000000000e+00 9.665794604371001242e+00
0.000000000000000000e+00 0.000000000000000000e+00 1.203014636226657785e+01
0.000000000000000000e+00 0.000000000000000000e+00 1.454571271811728650e+01
0.000000000000000000e+00 0.000000000000000000e+00 1.712705833124543631e+01
0.000000000000000000e+00 0.000000000000000000e+00 1.977634809827800666e+01
0.000000000000000000e+00 0.000000000000000000e+00 2.248227054621499121e+01
0.000000000000000000e+00 0.000000000000000000e+00 2.509447862320367051e+01
0.000000000000000000e+00 0.000000000000000000e+00 2.769533604902656521e+01
0.000000000000000000e+00 0.000000000000000000e+00 3.027833980141171821e+01
0.000000000000000000e+00 0.000000000000000000e+00 3.283698662472990293e+01
0.000000000000000000e+00 0.000000000000000000e+00 3.541683525903685847e+01
0.000000000000000000e+00 0.000000000000000000e+00 3.798771610415994360e+01
0.000000000000000000e+00 0.000000000000000000e+00 4.044933120060437659e+01
0.000000000000000000e+00 0.000000000000000000e+00 4.279020004660878840e+01
0.000000000000000000e+00 0.000000000000000000e+00 4.500652240602633469e+01
0.000000000000000000e+00 0.000000000000000000e+00 4.705049233319130053e+01
0.000000000000000000e+00 0.000000000000000000e+00 4.892738480994199790e+01
0.000000000000000000e+00 0.000000000000000000e+00 5.065267592767611404e+01
0.000000000000000000e+00 0.000000000000000000e+00 5.232527040794772688e+01
0.000000000000000000e+00 0.000000000000000000e+00 5.400358477666230783e+01
0.000000000000000000e+00 0.000000000000000000e+00 5.543444919687547667e+01
0.000000000000000000e+00 0.000000000000000000e+00 5.642144852028593505e+01
0.000000000000000000e+00 0.000000000000000000e+00 5.691948180353611519e+01
0.000000000000000000e+00 0.000000000000000000e+00 5.703884695484987333e+01
0.000000000000000000e+00 0.000000000000000000e+00 5.694285193050686189e+01
0.000000000000000000e+00 0.000000000000000000e+00 5.675931422095038670e+01
0.000000000000000000e+00 0.000000000000000000e+00 5.659672792701067578e+01
0.000000000000000000e+00 0.000000000000000000e+00 5.667617809156550379e+01
0.000000000000000000e+00 0.000000000000000000e+00 5.703295527011752597e+01
0.000000000000000000e+00 0.000000000000000000e+00 5.774933696361810576e+01
0.000000000000000000e+00 0.000000000000000000e+00 5.878991831983680072e+01
0.000000000000000000e+00 0.000000000000000000e+00 6.002091241919021058e+01
0.000000000000000000e+00 0.000000000000000000e+00 6.139744688286535279e+01
0.000000000000000000e+00 0.000000000000000000e+00 6.287599137084870904e+01
0.000000000000000000e+00 0.000000000000000000e+00 6.433748236962156852e+01
0.000000000000000000e+00 0.000000000000000000e+00 6.576900623121412082e+01
0.000000000000000000e+00 0.000000000000000000e+00 6.718616932449498336e+01
0.000000000000000000e+00 0.000000000000000000e+00 6.852761531844814158e+01
0.000000000000000000e+00 0.000000000000000000e+00 6.972404090175396618e+01
0.000000000000000000e+00 0.000000000000000000e+00 7.073958171112008131e+01
0.000000000000000000e+00 0.000000000000000000e+00 7.154321690219788366e+01
0.000000000000000000e+00 0.000000000000000000e+00 7.238869960173661866e+01
0.000000000000000000e+00 0.000000000000000000e+00 7.332159971134848320e+01
0.000000000000000000e+00 0.000000000000000000e+00 7.438585667038216798e+01
0.000000000000000000e+00 0.000000000000000000e+00 7.561602291036174961e+01
0.000000000000000000e+00 0.000000000000000000e+00 7.696264957873617618e+01
0.000000000000000000e+00 0.000000000000000000e+00 7.832596937156907302e+01
0.000000000000000000e+00 0.000000000000000000e+00 7.961831629769167762e+01
0.000000000000000000e+00 0.000000000000000000e+00 8.076499933825721200e+01
0.000000000000000000e+00 0.000000000000000000e+00 8.176118686156141280e+01
0.000000000000000000e+00 0.000000000000000000e+00 9.000000000000000000e+01
0.000000000000000000e+00 0.000000000000000000e+00 9.000000000000000000e+01
0.000000000000000000e+00 0.000000000000000000e+00 9.000000000000000000e+01
0.000000000000000000e+00 0.000000000000000000e+00 9.000000000000000000e+01
0.000000000000000000e+00 0.000000000000000000e+00 9.000000000000000000e+01
0.000000000000000000e+00 0.000000000000000000e+00 9.000000000000000000e+01
0.000000000000000000e+00 0.000000000000000000e+00 8.205078236151194915e+01
0.000000000000000000e+00 0.000000000000000000e+00 8.122005689018047292e+01
0.000000000000000000e+00 0.000000000000000000e+00 8.011616362151650605e+01
0.000000000000000000e+00 0.000000000000000000e+00 7.889727861857306834e+01
0.000000000000000000e+00 0.000000000000000000e+00 7.787245268472290149e+01
0.000000000000000000e+00 0.000000000000000000e+00 7.691150665496914485e+01
0.000000000000000000e+00 0.000000000000000000e+00 7.540765883019597027e+01
0.000000000000000000e+00 0.000000000000000000e+00 7.288478275031687303e+01
0.000000000000000000e+00 0.000000000000000000e+00 6.969103214824477277e+01
0.000000000000000000e+00 0.000000000000000000e+00 6.657920697458683890e+01
0.000000000000000000e+00 0.000000000000000000e+00 6.357725860090147307e+01
0.000000000000000000e+00 0.000000000000000000e+00 6.073434079570120048e+01
0.000000000000000000e+00 0.000000000000000000e+00 5.813214796114013438e+01
0.000000000000000000e+00 0.000000000000000000e+00 5.573580611732319312e+01
0.000000000000000000e+00 0.000000000000000000e+00 5.337367697164873448e+01
0.000000000000000000e+00 0.000000000000000000e+00 5.098719764104035335e+01
0.000000000000000000e+00 0.000000000000000000e+00 4.841909352724573523e+01
0.000000000000000000e+00 0.000000000000000000e+00 4.552294312118999642e+01
0.000000000000000000e+00 0.000000000000000000e+00 4.240494494560419980e+01
0.000000000000000000e+00 0.000000000000000000e+00 3.914791629983022858e+01
0.000000000000000000e+00 0.000000000000000000e+00 3.576985516975724977e+01
0.000000000000000000e+00 0.000000000000000000e+00 3.240554685928594836e+01
0.000000000000000000e+00 0.000000000000000000e+00 2.915282456787637955e+01
0.000000000000000000e+00 0.000000000000000000e+00 2.607853773040675094e+01
0.000000000000000000e+00 0.000000000000000000e+00 2.321575837776327944e+01
0.000000000000000000e+00 0.000000000000000000e+00 2.058987093772547894e+01
0.000000000000000000e+00 0.000000000000000000e+00 1.828600883364966023e+01
0.000000000000000000e+00 0.000000000000000000e+00 1.633765521496577833e+01
0.000000000000000000e+00 0.000000000000000000e+00 1.474329932097622020e+01
0.000000000000000000e+00 0.000000000000000000e+00 1.364843238558239591e+01
0.000000000000000000e+00 0.000000000000000000e+00 1.319601652635363109e+01
0.000000000000000000e+00 0.000000000000000000e+00 1.320908004897788146e+01
0.000000000000000000e+00 0.000000000000000000e+00 1.364093951841837793e+01
0.000000000000000000e+00 0.000000000000000000e+00 1.443787180001847048e+01
0.000000000000000000e+00 0.000000000000000000e+00 1.561633793032486039e+01
0.000000000000000000e+00 0.000000000000000000e+00 1.690844996482265117e+01
0.000000000000000000e+00 0.000000000000000000e+00 1.822222249034591357e+01
0.000000000000000000e+00 0.000000000000000000e+00 1.944784081856973046e+01
0.000000000000000000e+00 0.000000000000000000e+00 2.053770575170906909e+01
0.000000000000000000e+00 0.000000000000000000e+00 2.135767207465509898e+01
0.000000000000000000e+00 0.000000000000000000e+00 2.176502258189147199e+01
0.000000000000000000e+00 0.000000000000000000e+00 2.174110407897194364e+01
0.000000000000000000e+00 0.000000000000000000e+00 2.130936341164961334e+01
0.000000000000000000e+00 0.000000000000000000e+00 2.057076257711618439e+01
0.000000000000000000e+00 0.000000000000000000e+00 1.952921554554015415e+01
0.000000000000000000e+00 0.000000000000000000e+00 1.818498067682243402e+01
0.000000000000000000e+00 0.000000000000000000e+00 1.662274435096540515e+01
0.000000000000000000e+00 0.000000000000000000e+00 1.480655780932879395e+01
0.000000000000000000e+00 0.000000000000000000e+00 1.278656167582944647e+01
0.000000000000000000e+00 0.000000000000000000e+00 1.056385933751332118e+01
0.000000000000000000e+00 0.000000000000000000e+00 8.179353569863437201e+00
0.000000000000000000e+00 0.000000000000000000e+00 5.508322522241769548e+00
0.000000000000000000e+00 0.000000000000000000e+00 2.564779143565672825e+00
0.000000000000000000e+00 0.000000000000000000e+00 -5.898207783357491962e-01
0.000000000000000000e+00 0.000000000000000000e+00 -3.913616772050602322e+00
0.000000000000000000e+00 0.000000000000000000e+00 -7.435045006737141193e+00
0.000000000000000000e+00 0.000000000000000000e+00 -1.096917278101514626e+01
0.000000000000000000e+00 0.000000000000000000e+00 -1.432558564817979629e+01
0.000000000000000000e+00 0.000000000000000000e+00 -1.759352207590293915e+01
0.000000000000000000e+00 0.000000000000000000e+00 -2.073820780819090714e+01
0.000000000000000000e+00 0.000000000000000000e+00 -2.354368932624248600e+01
0.000000000000000000e+00 0.000000000000000000e+00 -2.591985685899130942e+01
0.000000000000000000e+00 0.000000000000000000e+00 -2.778741528882429890e+01
0.000000000000000000e+00 0.000000000000000000e+00 -2.940097728720707693e+01
0.000000000000000000e+00 0.000000000000000000e+00 -3.079913571618209289e+01
0.000000000000000000e+00 0.000000000000000000e+00 -3.208518881713764870e+01
0.000000000000000000e+00 0.000000000000000000e+00 -3.339580904690911467e+01
0.000000000000000000e+00 0.000000000000000000e+00 -3.479032295157769283e+01
0.000000000000000000e+00 0.000000000000000000e+00 -3.636258767301467998e+01
0.000000000000000000e+00 0.000000000000000000e+00 -3.803567292584027371e+01
0.000000000000000000e+00 0.000000000000000000e+00 -3.974395902252296509e+01
0.000000000000000000e+00 0.000000000000000000e+00 -4.148237811416924359e+01
0.000000000000000000e+00 0.000000000000000000e+00 -4.334877747689652949e+01
0.000000000000000000e+00 0.000000000000000000e+00 -4.537971841651535243e+01
0.000000000000000000e+00 0.000000000000000000e+00 -4.746948292672823300e+01
0.000000000000000000e+00 0.000000000000000000e+00 -4.950952847396600731e+01
0.000000000000000000e+00 0.000000000000000000e+00 -5.144357564473697408e+01
0.000000000000000000e+00 0.000000000000000000e+00 -5.322145931257777818e+01
0.000000000000000000e+00 0.000000000000000000e+00 -5.480822168671664940e+01
0.000000000000000000e+00 0.000000000000000000e+00 -5.622041923378844785e+01
0.000000000000000000e+00 0.000000000000000000e+00 -5.747428823470828974e+01
0.000000000000000000e+00 0.000000000000000000e+00 -5.848976338669140773e+01
0.000000000000000000e+00 0.000000000000000000e+00 -5.920690864518228125e+01
0.000000000000000000e+00 0.000000000000000000e+00 -5.969555052444832199e+01
0.000000000000000000e+00 0.000000000000000000e+00 -6.003876343215630129e+01
0.000000000000000000e+00 0.000000000000000000e+00 -6.045061999067846159e+01
0.000000000000000000e+00 0.000000000000000000e+00 -6.102831484586893396e+01
0.000000000000000000e+00 0.000000000000000000e+00 -6.179484980822739715e+01
0.000000000000000000e+00 0.000000000000000000e+00 -6.280693503729460758e+01
0.000000000000000000e+00 0.000000000000000000e+00 -6.404885555476128900e+01
0.000000000000000000e+00 0.000000000000000000e+00 -6.543353489451280325e+01
0.000000000000000000e+00 0.000000000000000000e+00 -6.680740830341552794e+01
0.000000000000000000e+00 0.000000000000000000e+00 -6.812438617369278404e+01
0.000000000000000000e+00 0.000000000000000000e+00 -6.933144676426286424e+01
0.000000000000000000e+00 0.000000000000000000e+00 -7.036261268118543910e+01
0.000000000000000000e+00 0.000000000000000000e+00 -7.121534900754049602e+01
0.000000000000000000e+00 0.000000000000000000e+00 -7.176070510671762293e+01
0.000000000000000000e+00 0.000000000000000000e+00 -7.210657842646492099e+01
0.000000000000000000e+00 0.000000000000000000e+00 -7.234513629439771876e+01
0.000000000000000000e+00 0.000000000000000000e+00 -7.248425653150013659e+01
0.000000000000000000e+00 0.000000000000000000e+00 -7.269354942443015943e+01
0.000000000000000000e+00 0.000000000000000000e+00 -7.316445744594433620e+01
0.000000000000000000e+00 0.000000000000000000e+00 -7.387667238672929670e+01
0.000000000000000000e+00 0.000000000000000000e+00 -7.484913482170898646e+01
0.000000000000000000e+00 0.000000000000000000e+00 -7.593121206972986670e+01
0.000000000000000000e+00 0.000000000000000000e+00 -7.700069678280858909e+01
0.000000000000000000e+00 0.000000000000000000e+00 -7.788101167192115781e+01
0.000000000000000000e+00 0.000000000000000000e+00 -7.862527723875649599e+01
0.000000000000000000e+00 0.000000000000000000e+00 -7.922754055900102799e+01
0.000000000000000000e+00 0.000000000000000000e+00 -7.972760342524891541e+01
0.000000000000000000e+00 0.000000000000000000e+00 -8.010741205888942318e+01
0.000000000000000000e+00 0.000000000000000000e+00 -8.032006033874017703e+01
0.000000000000000000e+00 0.000000000000000000e+00 -8.041137976910690099e+01
0.000000000000000000e+00 0.000000000000000000e+00 -8.044669986491109626e+01
0.000000000000000000e+00 0.000000000000000000e+00 -8.046722091990653780e+01
0.000000000000000000e+00 0.000000000000000000e+00 -8.050730496007406600e+01
0.000000000000000000e+00 0.000000000000000000e+00 -8.055713965505358942e+01
0.000000000000000000e+00 0.000000000000000000e+00 -8.050111514987915484e+01
0.000000000000000000e+00 0.000000000000000000e+00 -8.050143816505566008e+01
0.000000000000000000e+00 0.000000000000000000e+00 -8.052920644111027570e+01
0.000000000000000000e+00 0.000000000000000000e+00 -8.052685718890096211e+01
0.000000000000000000e+00 0.000000000000000000e+00 -8.040190238394190203e+01
0.000000000000000000e+00 0.000000000000000000e+00 -8.006275376056886728e+01
0.000000000000000000e+00 0.000000000000000000e+00 -7.942183503984392701e+01
0.000000000000000000e+00 0.000000000000000000e+00 -7.852651308236451655e+01
0.000000000000000000e+00 0.000000000000000000e+00 -7.721189281151927730e+01
0.000000000000000000e+00 0.000000000000000000e+00 -7.552276521060973380e+01
0.000000000000000000e+00 0.000000000000000000e+00 -7.352725984509176271e+01
0.000000000000000000e+00 0.000000000000000000e+00 -7.128800714712510000e+01
0.000000000000000000e+00 0.000000000000000000e+00 -6.892708721301534069e+01
0.000000000000000000e+00 0.000000000000000000e+00 -6.665381238903520966e+01
0.000000000000000000e+00 0.000000000000000000e+00 -6.452220471254742051e+01
0.000000000000000000e+00 0.000000000000000000e+00 -6.258391805710378719e+01
0.000000000000000000e+00 0.000000000000000000e+00 -6.070892896151881502e+01
0.000000000000000000e+00 0.000000000000000000e+00 -5.889700199552140703e+01
0.000000000000000000e+00 0.000000000000000000e+00 -5.705361397917816646e+01
0.000000000000000000e+00 0.000000000000000000e+00 -5.514145275396973034e+01
0.000000000000000000e+00 0.000000000000000000e+00 -5.312873342496180840e+01
0.000000000000000000e+00 0.000000000000000000e+00 -5.098403765093846118e+01
0.000000000000000000e+00 0.000000000000000000e+00 -4.874258610059121111e+01
0.000000000000000000e+00 0.000000000000000000e+00 -4.649395939077720641e+01
0.000000000000000000e+00 0.000000000000000000e+00 -4.426800149297856990e+01
0.000000000000000000e+00 0.000000000000000000e+00 -4.216941865116448440e+01
0.000000000000000000e+00 0.000000000000000000e+00 -4.012791386537142557e+01
0.000000000000000000e+00 0.000000000000000000e+00 -3.807585548149281607e+01
0.000000000000000000e+00 0.000000000000000000e+00 -3.595583514509240075e+01
0.000000000000000000e+00 0.000000000000000000e+00 -3.377418713529556982e+01
0.000000000000000000e+00 0.000000000000000000e+00 -3.152237427192121544e+01
0.000000000000000000e+00 0.000000000000000000e+00 -2.923531397404669718e+01
0.000000000000000000e+00 0.000000000000000000e+00 -2.697450777019142976e+01
0.000000000000000000e+00 0.000000000000000000e+00 -2.476348098334264591e+01
0.000000000000000000e+00 0.000000000000000000e+00 -2.266842627673948130e+01
0.000000000000000000e+00 0.000000000000000000e+00 -2.078106696762667127e+01
0.000000000000000000e+00 0.000000000000000000e+00 -1.928166410867130764e+01
0.000000000000000000e+00 0.000000000000000000e+00 -1.804202366141990410e+01
0.000000000000000000e+00 0.000000000000000000e+00 -1.694650760343094476e+01
0.000000000000000000e+00 0.000000000000000000e+00 -1.583310393539395022e+01
0.000000000000000000e+00 0.000000000000000000e+00 -1.467468697169786651e+01
0.000000000000000000e+00 0.000000000000000000e+00 -1.332937712723904156e+01
0.000000000000000000e+00 0.000000000000000000e+00 -1.183137369909411518e+01
0.000000000000000000e+00 0.000000000000000000e+00 -1.022248410393825679e+01
0.000000000000000000e+00 0.000000000000000000e+00 -8.540731287947934902e+00
0.000000000000000000e+00 0.000000000000000000e+00 -6.811617129228295653e+00
0.000000000000000000e+00 0.000000000000000000e+00 -5.046753021851685617e+00
0.000000000000000000e+00 0.000000000000000000e+00 -3.183060615999437459e+00
0.000000000000000000e+00 0.000000000000000000e+00 -1.148063584106338908e+00
0.000000000000000000e+00 0.000000000000000000e+00 1.021783472119381031e+00
0.000000000000000000e+00 0.000000000000000000e+00 3.255743065111133205e+00
0.000000000000000000e+00 0.000000000000000000e+00 5.505399810004220740e+00
0.000000000000000000e+00 0.000000000000000000e+00 7.762425369083615578e+00
0.000000000000000000e+00 0.000000000000000000e+00 9.934515846420026719e+00
0.000000000000000000e+00 0.000000000000000000e+00 1.202725479682601417e+01
0.000000000000000000e+00 0.000000000000000000e+00 1.399712908730711547e+01
0.000000000000000000e+00 0.000000000000000000e+00 1.585010578688182648e+01
0.000000000000000000e+00 0.000000000000000000e+00 1.754420468776690711e+01
0.000000000000000000e+00 0.000000000000000000e+00 1.906328060300018024e+01
0.000000000000000000e+00 0.000000000000000000e+00 2.036702983788146071e+01
0.000000000000000000e+00 0.000000000000000000e+00 2.144777268315922925e+01
0.000000000000000000e+00 0.000000000000000000e+00 2.233068655916892453e+01
0.000000000000000000e+00 0.000000000000000000e+00 2.309236315349812685e+01
0.000000000000000000e+00 0.000000000000000000e+00 2.382148025489283327e+01
0.000000000000000000e+00 0.000000000000000000e+00 2.466025131176407115e+01
0.000000000000000000e+00 0.000000000000000000e+00 2.574585295790669193e+01
0.000000000000000000e+00 0.000000000000000000e+00 2.719300982381744802e+01
0.000000000000000000e+00 0.000000000000000000e+00 2.892910476355395133e+01
0.000000000000000000e+00 0.000000000000000000e+00 3.103993660344691818e+01
0.000000000000000000e+00 0.000000000000000000e+00 3.358931865977565678e+01
0.000000000000000000e+00 0.000000000000000000e+00 3.648230287547681883e+01
0.000000000000000000e+00 0.000000000000000000e+00 3.976960388793057177e+01
0.000000000000000000e+00 0.000000000000000000e+00 4.328335636636776940e+01
0.000000000000000000e+00 0.000000000000000000e+00 4.662905466711305280e+01
0.000000000000000000e+00 0.000000000000000000e+00 4.974541454444482724e+01
0.000000000000000000e+00 0.000000000000000000e+00 5.239238587847427198e+01
0.000000000000000000e+00 0.000000000000000000e+00 5.438450819289988658e+01
0.000000000000000000e+00 0.000000000000000000e+00 5.615758163912278178e+01
0.000000000000000000e+00 0.000000000000000000e+00 5.778737127033696197e+01
0.000000000000000000e+00 0.000000000000000000e+00 5.926466333954223842e+01
0.000000000000000000e+00 0.000000000000000000e+00 6.059514193372146451e+01
0.000000000000000000e+00 0.000000000000000000e+00 6.190296019168343378e+01
0.000000000000000000e+00 0.000000000000000000e+00 6.321340377644497721e+01
0.000000000000000000e+00 0.000000000000000000e+00 6.452075169553069145e+01
0.000000000000000000e+00 0.000000000000000000e+00 6.589064735689132135e+01
0.000000000000000000e+00 0.000000000000000000e+00 6.729434963092040789e+01
0.000000000000000000e+00 0.000000000000000000e+00 6.867565104948013754e+01
0.000000000000000000e+00 0.000000000000000000e+00 6.997863994668978194e+01
0.000000000000000000e+00 0.000000000000000000e+00 7.115646627007444636e+01
0.000000000000000000e+00 0.000000000000000000e+00 7.215049975171666574e+01
0.000000000000000000e+00 0.000000000000000000e+00 7.292270928446609446e+01
0.000000000000000000e+00 0.000000000000000000e+00 7.349485816091328161e+01
0.000000000000000000e+00 0.000000000000000000e+00 7.387936008534049392e+01
0.000000000000000000e+00 0.000000000000000000e+00 7.407492697213899646e+01
0.000000000000000000e+00 0.000000000000000000e+00 7.417020274788660572e+01
0.000000000000000000e+00 0.000000000000000000e+00 7.423292323838930429e+01
0.000000000000000000e+00 0.000000000000000000e+00 7.424590188389504419e+01
0.000000000000000000e+00 0.000000000000000000e+00 7.426692280670297919e+01
0.000000000000000000e+00 0.000000000000000000e+00 7.434157234209433796e+01
0.000000000000000000e+00 0.000000000000000000e+00 7.444830034493281801e+01
0.000000000000000000e+00 0.000000000000000000e+00 7.462743353476841435e+01
0.000000000000000000e+00 0.000000000000000000e+00 7.480235613872633849e+01
0.000000000000000000e+00 0.000000000000000000e+00 7.500272934924612400e+01
0.000000000000000000e+00 0.000000000000000000e+00 7.533843565558356659e+01
0.000000000000000000e+00 0.000000000000000000e+00 7.579849951534603747e+01
0.000000000000000000e+00 0.000000000000000000e+00 7.646530233044612146e+01
0.000000000000000000e+00 0.000000000000000000e+00 7.723997679975025221e+01
0.000000000000000000e+00 0.000000000000000000e+00 7.809591764110959389e+01
0.000000000000000000e+00 0.000000000000000000e+00 7.896824271203226431e+01
0.000000000000000000e+00 0.000000000000000000e+00 7.996213383364320748e+01
0.000000000000000000e+00 0.000000000000000000e+00 8.109195944996474736e+01
0.000000000000000000e+00 0.000000000000000000e+00 8.222519214478097638e+01
0.000000000000000000e+00 0.000000000000000000e+00 8.327243383200777771e+01
0.000000000000000000e+00 0.000000000000000000e+00 8.417534258926107782e+01
0.000000000000000000e+00 0.000000000000000000e+00 8.489996542482313657e+01
0.000000000000000000e+00 0.000000000000000000e+00 8.540240596632759207e+01
0.000000000000000000e+00 0.000000000000000000e+00 8.572603712567510570e+01
0.000000000000000000e+00 0.000000000000000000e+00 8.591597007651685658e+01
0.000000000000000000e+00 0.000000000000000000e+00 9.000000000000000000e+01
0.000000000000000000e+00 0.000000000000000000e+00 9.000000000000000000e+01
0.000000000000000000e+00 0.000000000000000000e+00 9.000000000000000000e+01
0.000000000000000000e+00 0.000000000000000000e+00 9.000000000000000000e+01
0.000000000000000000e+00 0.000000000000000000e+00 9.000000000000000000e+01
0.000000000000000000e+00 0.000000000000000000e+00 9.000000000000000000e+01
0.000000000000000000e+00 0.000000000000000000e+00 9.000000000000000000e+01
0.000000000000000000e+00 0.000000000000000000e+00 9.000000000000000000e+01
0.000000000000000000e+00 0.000000000000000000e+00 8.150068537043978267e+01
0.000000000000000000e+00 0.000000000000000000e+00 8.054958718166034259e+01
0.000000000000000000e+00 0.000000000000000000e+00 7.948830355209784670e+01
0.000000000000000000e+00 0.000000000000000000e+00 7.828323163985419342e+01
0.000000000000000000e+00 0.000000000000000000e+00 7.691207805228430061e+01
0.000000000000000000e+00 0.000000000000000000e+00 7.538726735031153225e+01
0.000000000000000000e+00 0.000000000000000000e+00 7.377149646725257526e+01
0.000000000000000000e+00 0.000000000000000000e+00 7.208342135362605063e+01
0.000000000000000000e+00 0.000000000000000000e+00 7.034759814895207342e+01
0.000000000000000000e+00 0.000000000000000000e+00 6.857699999129178536e+01
0.000000000000000000e+00 0.000000000000000000e+00 6.675652026035487552e+01
0.000000000000000000e+00 0.000000000000000000e+00 6.488643221363358293e+01
0.000000000000000000e+00 0.000000000000000000e+00 6.310986199502536920e+01
0.000000000000000000e+00 0.000000000000000000e+00 6.157266554141190795e+01
0.000000000000000000e+00 0.000000000000000000e+00 6.025927045332073817e+01
0.000000000000000000e+00 0.000000000000000000e+00 5.904187320039886799e+01
0.000000000000000000e+00 0.000000000000000000e+00 5.775953546415064466e+01
0.000000000000000000e+00 0.000000000000000000e+00 5.632448543470920299e+01
0.000000000000000000e+00 0.000000000000000000e+00 5.471945943777038224e+01
0.000000000000000000e+00 0.000000000000000000e+00 5.290768456082025750e+01
0.000000000000000000e+00 0.000000000000000000e+00 5.082918698018107762e+01
0.000000000000000000e+00 0.000000000000000000e+00 4.847712174575852373e+01
0.000000000000000000e+00 0.000000000000000000e+00 4.583072917106019872e+01
0.000000000000000000e+00 0.000000000000000000e+00 4.304685412992299121e+01
0.000000000000000000e+00 0.000000000000000000e+00 4.051076078223809418e+01
0.000000000000000000e+00 0.000000000000000000e+00 3.831606881846670376e+01
0.000000000000000000e+00 0.000000000000000000e+00 3.645355299100997115e+01
0.000000000000000000e+00 0.000000000000000000e+00 3.483026562903610568e+01
0.000000000000000000e+00 0.000000000000000000e+00 3.348913837302973207e+01
0.000000000000000000e+00 0.000000000000000000e+00 3.223823303469026769e+01
0.000000000000000000e+00 0.000000000000000000e+00 3.097990133044308436e+01
0.000000000000000000e+00 0.000000000000000000e+00 2.966805849606757306e+01
0.000000000000000000e+00 0.000000000000000000e+00 2.832809613372407398e+01
0.000000000000000000e+00 0.000000000000000000e+00 2.693196189536008944e+01
0.000000000000000000e+00 0.000000000000000000e+00 2.552160426481171385e+01
0.000000000000000000e+00 0.000000000000000000e+00 2.411985950829443937e+01
0.000000000000000000e+00 0.000000000000000000e+00 2.272516427882477785e+01
0.000000000000000000e+00 0.000000000000000000e+00 2.149288860695264702e+01
0.000000000000000000e+00 0.000000000000000000e+00 2.033215539416080730e+01
0.000000000000000000e+00 0.000000000000000000e+00 1.918413956105750628e+01
0.000000000000000000e+00 0.000000000000000000e+00 1.806944372400661791e+01
0.000000000000000000e+00 0.000000000000000000e+00 1.695632194325357034e+01
0.000000000000000000e+00 0.000000000000000000e+00 1.580618787503428280e+01
0.000000000000000000e+00 0.000000000000000000e+00 1.461088097815749620e+01
0.000000000000000000e+00 0.000000000000000000e+00 1.342152529324465604e+01
0.000000000000000000e+00 0.000000000000000000e+00 1.215149779664234586e+01
0.000000000000000000e+00 0.000000000000000000e+00 1.074680870193031978e+01
0.000000000000000000e+00 0.000000000000000000e+00 9.115213949280800421e+00
0.000000000000000000e+00 0.000000000000000000e+00 7.206066913926974848e+00
0.000000000000000000e+00 0.000000000000000000e+00 5.015184489656903111e+00
0.000000000000000000e+00 0.000000000000000000e+00 2.692008194212121452e+00
0.000000000000000000e+00 0.000000000000000000e+00 1.502480478352623550e-01
0.000000000000000000e+00 0.000000000000000000e+00 -2.484795324165787633e+00
0.000000000000000000e+00 0.000000000000000000e+00 -5.264528657404682122e+00
0.000000000000000000e+00 0.000000000000000000e+00 -8.123249501425533481e+00
0.000000000000000000e+00 0.000000000000000000e+00 -1.101164879522610818e+01
0.000000000000000000e+00 0.000000000000000000e+00 -1.369452024098448817e+01
0.000000000000000000e+00 0.000000000000000000e+00 -1.610072674213259347e+01
0.000000000000000000e+00 0.000000000000000000e+00 -1.838590861379665853e+01
0.000000000000000000e+00 0.000000000000000000e+00 -2.063969077190368751e+01
0.000000000000000000e+00 0.000000000000000000e+00 -2.289951398658958226e+01
0.000000000000000000e+00 0.000000000000000000e+00 -2.515475646137339538e+01
0.000000000000000000e+00 0.000000000000000000e+00 -2.739515048854651269e+01
0.000000000000000000e+00 0.000000000000000000e+00 -2.942875271962934391e+01
0.000000000000000000e+00 0.000000000000000000e+00 -3.125452029444710433e+01
0.000000000000000000e+00 0.000000000000000000e+00 -3.285551160916980251e+01
0.000000000000000000e+00 0.000000000000000000e+00 -3.410528645891265853e+01
0.000000000000000000e+00 0.000000000000000000e+00 -3.507728714126724157e+01
0.000000000000000000e+00 0.000000000000000000e+00 -3.564852300517888750e+01
0.000000000000000000e+00 0.000000000000000000e+00 -3.596122223701524945e+01
0.000000000000000000e+00 0.000000000000000000e+00 -3.627163989604452610e+01
0.000000000000000000e+00 0.000000000000000000e+00 -3.669563090827207930e+01
0.000000000000000000e+00 0.000000000000000000e+00 -3.730693272432608865e+01
0.000000000000000000e+00 0.000000000000000000e+00 -3.805766055385910107e+01
0.000000000000000000e+00 0.000000000000000000e+00 -3.900121548932823856e+01
0.000000000000000000e+00 0.000000000000000000e+00 -4.013719189781161845e+01
0.000000000000000000e+00 0.000000000000000000e+00 -4.144624377562305995e+01
0.000000000000000000e+00 0.000000000000000000e+00 -4.261623606525020591e+01
0.000000000000000000e+00 0.000000000000000000e+00 -4.350285891443338926e+01
0.000000000000000000e+00 0.000000000000000000e+00 -4.429470943760411927e+01
0.000000000000000000e+00 0.000000000000000000e+00 -4.524227127644655155e+01
0.000000000000000000e+00 0.000000000000000000e+00 -4.650789948302212196e+01
0.000000000000000000e+00 0.000000000000000000e+00 -4.793646362589290533e+01
0.000000000000000000e+00 0.000000000000000000e+00 -4.949977711310168615e+01
0.000000000000000000e+00 0.000000000000000000e+00 -5.115211320701357067e+01
0.000000000000000000e+00 0.000000000000000000e+00 -5.284468014945036174e+01
0.000000000000000000e+00 0.000000000000000000e+00 -5.454057785427723815e+01
0.000000000000000000e+00 0.000000000000000000e+00 -5.620466271747243781e+01
0.000000000000000000e+00 0.000000000000000000e+00 -5.782324752169373028e+01
0.000000000000000000e+00 0.000000000000000000e+00 -5.940967697985490759e+01
0.000000000000000000e+00 0.000000000000000000e+00 -6.091374885099547498e+01
0.000000000000000000e+00 0.000000000000000000e+00 -6.224330900473323425e+01
0.000000000000000000e+00 0.000000000000000000e+00 -6.343636233945299807e+01
0.000000000000000000e+00 0.000000000000000000e+00 -6.451912562281052033e+01
0.000000000000000000e+00 0.000000000000000000e+00 -6.550253455827197513e+01
0.000000000000000000e+00 0.000000000000000000e+00 -6.643477713389879113e+01
0.000000000000000000e+00 0.000000000000000000e+00 -6.734767950093848299e+01
0.000000000000000000e+00 0.000000000000000000e+00 -6.827507856356253058e+01
0.000000000000000000e+00 0.000000000000000000e+00 -6.920501224099342608e+01
0.000000000000000000e+00 0.000000000000000000e+00 -7.016389971378805512e+01
0.000000000000000000e+00 0.000000000000000000e+00 -7.114850347466676794e+01
0.000000000000000000e+00 0.000000000000000000e+00 -7.205225298066868334e+01
0.000000000000000000e+00 0.000000000000000000e+00 -7.285356232407472987e+01
0.000000000000000000e+00 0.000000000000000000e+00 -7.332501679804957462e+01
0.000000000000000000e+00 0.000000000000000000e+00 -7.354954500713267862e+01
0.000000000000000000e+00 0.000000000000000000e+00 -7.351482884902016224e+01
0.000000000000000000e+00 0.000000000000000000e+00 -7.326722669810308730e+01
0.000000000000000000e+00 0.000000000000000000e+00 -7.283979182878530878e+01
0.000000000000000000e+00 0.000000000000000000e+00 -7.233222962912135756e+01
0.000000000000000000e+00 0.000000000000000000e+00 -7.195052844853709928e+01
0.000000000000000000e+00 0.000000000000000000e+00 -7.174423978808124502e+01
0.000000000000000000e+00 0.000000000000000000e+00 -7.169829949551144921e+01
0.000000000000000000e+00 0.000000000000000000e+00 -7.178710270603590970e+01
0.000000000000000000e+00 0.000000000000000000e+00 -7.192705951403017650e+01
0.000000000000000000e+00 0.000000000000000000e+00 -7.203968846977635110e+01
0.000000000000000000e+00 0.000000000000000000e+00 -7.210353050031814348e+01
0.000000000000000000e+00 0.000000000000000000e+00 -7.199911082882033497e+01
0.000000000000000000e+00 0.000000000000000000e+00 -7.163718868378222737e+01
0.000000000000000000e+00 0.000000000000000000e+00 -7.099956434848485287e+01
0.000000000000000000e+00 0.000000000000000000e+00 -7.007522651967597938e+01
0.000000000000000000e+00 0.000000000000000000e+00 -6.887539597735185737e+01
0.000000000000000000e+00 0.000000000000000000e+00 -6.756552040085351507e+01
0.000000000000000000e+00 0.000000000000000000e+00 -6.622516596151552903e+01
0.000000000000000000e+00 0.000000000000000000e+00 -6.483625131175334388e+01
0.000000000000000000e+00 0.000000000000000000e+00 -6.340250240285548955e+01
0.000000000000000000e+00 0.000000000000000000e+00 -6.197117131506588095e+01
0.000000000000000000e+00 0.000000000000000000e+00 -6.045095061010667337e+01
0.000000000000000000e+00 0.000000000000000000e+00 -5.891987373463148003e+01
0.000000000000000000e+00 0.000000000000000000e+00 -5.738383737519179562e+01
0.000000000000000000e+00 0.000000000000000000e+00 -5.590570686199514938e+01
0.000000000000000000e+00 0.000000000000000000e+00 -5.439840601223264116e+01
0.000000000000000000e+00 0.000000000000000000e+00 -5.284216277154477126e+01
0.000000000000000000e+00 0.000000000000000000e+00 -5.119433735490974868e+01
0.000000000000000000e+00 0.000000000000000000e+00 -4.947461625505736293e+01
0.000000000000000000e+00 0.000000000000000000e+00 -4.774996766587810271e+01
0.000000000000000000e+00 0.000000000000000000e+00 -4.608229697499658783e+01
0.000000000000000000e+00 0.000000000000000000e+00 -4.447508497163440921e+01
0.000000000000000000e+00 0.000000000000000000e+00 -4.287539144157776150e+01
0.000000000000000000e+00 0.000000000000000000e+00 -4.107967390726851420e+01
0.000000000000000000e+00 0.000000000000000000e+00 -3.904907639792360641e+01
0.000000000000000000e+00 0.000000000000000000e+00 -3.683345607138554101e+01
0.000000000000000000e+00 0.000000000000000000e+00 -3.441801426626064142e+01
0.000000000000000000e+00 0.000000000000000000e+00 -3.193530523125456710e+01
0.000000000000000000e+00 0.000000000000000000e+00 -2.942249338838794159e+01
0.000000000000000000e+00 0.000000000000000000e+00 -2.688959554876955593e+01
0.000000000000000000e+00 0.000000000000000000e+00 -2.441199966622190232e+01
0.000000000000000000e+00 0.000000000000000000e+00 -2.205852811173839712e+01
0.000000000000000000e+00 0.000000000000000000e+00 -1.982542546813392903e+01
0.000000000000000000e+00 0.000000000000000000e+00 -1.762381803643413036e+01
0.000000000000000000e+00 0.000000000000000000e+00 -1.540400378457381692e+01
0.000000000000000000e+00 0.000000000000000000e+00 -1.316631511937839605e+01
0.000000000000000000e+00 0.000000000000000000e+00 -1.092994226583319062e+01
0.000000000000000000e+00 0.000000000000000000e+00 -8.473976137667449393e+00
0.000000000000000000e+00 0.000000000000000000e+00 -5.580443609810501471e+00
0.000000000000000000e+00 0.000000000000000000e+00 -2.256641399702928652e+00
0.000000000000000000e+00 0.000000000000000000e+00 1.412176126184206737e+00
0.000000000000000000e+00 0.000000000000000000e+00 5.316483353481274321e+00
0.000000000000000000e+00 0.000000000000000000e+00 9.266451791837312157e+00
0.000000000000000000e+00 0.000000000000000000e+00 1.299407873423196236e+01
0.000000000000000000e+00 0.000000000000000000e+00 1.638120685349487360e+01
0.000000000000000000e+00 0.000000000000000000e+00 1.948769545038462070e+01
0.000000000000000000e+00 0.000000000000000000e+00 2.233712486445742229e+01
0.000000000000000000e+00 0.000000000000000000e+00 2.499858396857771936e+01
0.000000000000000000e+00 0.000000000000000000e+00 2.765031016905486183e+01
0.000000000000000000e+00 0.000000000000000000e+00 3.037846280706261837e+01
0.000000000000000000e+00 0.000000000000000000e+00 3.320787098960521178e+01
0.000000000000000000e+00 0.000000000000000000e+00 3.601923074444816564e+01
0.000000000000000000e+00 0.000000000000000000e+00 3.875885362878906903e+01
0.000000000000000000e+00 0.000000000000000000e+00 4.141678075289405569e+01
0.000000000000000000e+00 0.000000000000000000e+00 4.397336240493700643e+01
0.000000000000000000e+00 0.000000000000000000e+00 4.653589532860431177e+01
0.000000000000000000e+00 0.000000000000000000e+00 4.919732821932893785e+01
0.000000000000000000e+00 0.000000000000000000e+00 5.190600958674860976e+01
0.000000000000000000e+00 0.000000000000000000e+00 5.467700864620829293e+01
0.000000000000000000e+00 0.000000000000000000e+00 5.744434871747884586e+01
0.000000000000000000e+00 0.000000000000000000e+00 5.999709280776522746e+01
0.000000000000000000e+00 0.000000000000000000e+00 6.202872397336986410e+01
0.000000000000000000e+00 0.000000000000000000e+00 6.340840520407562053e+01
0.000000000000000000e+00 0.000000000000000000e+00 6.415942341978450258e+01
0.000000000000000000e+00 0.000000000000000000e+00 6.465400060375617386e+01
0.000000000000000000e+00 0.000000000000000000e+00 6.506231635180094486e+01
0.000000000000000000e+00 0.000000000000000000e+00 6.565427389614629305e+01
0.000000000000000000e+00 0.000000000000000000e+00 6.647676331763670987e+01
0.000000000000000000e+00 0.000000000000000000e+00 6.734898387274432707e+01
0.000000000000000000e+00 0.000000000000000000e+00 6.830732211808972920e+01
0.000000000000000000e+00 0.000000000000000000e+00 6.932597738070288074e+01
0.000000000000000000e+00 0.000000000000000000e+00 7.038482789755951785e+01
0.000000000000000000e+00 0.000000000000000000e+00 7.144708368547506439e+01
0.000000000000000000e+00 0.000000000000000000e+00 7.248102414308246466e+01
0.000000000000000000e+00 0.000000000000000000e+00 7.343272814715271579e+01
0.000000000000000000e+00 0.000000000000000000e+00 7.425933932765218515e+01
0.000000000000000000e+00 0.000000000000000000e+00 7.502308542173744854e+01
0.000000000000000000e+00 0.000000000000000000e+00 7.567742722630521257e+01
0.000000000000000000e+00 0.000000000000000000e+00 7.610026538865724888e+01
0.000000000000000000e+00 0.000000000000000000e+00 7.638552692035463565e+01
0.000000000000000000e+00 0.000000000000000000e+00 7.653223876738340437e+01
0.000000000000000000e+00 0.000000000000000000e+00 7.660296120979899115e+01
0.000000000000000000e+00 0.000000000000000000e+00 7.673247454665602163e+01
0.000000000000000000e+00 0.000000000000000000e+00 7.699866562528839609e+01
0.000000000000000000e+00 0.000000000000000000e+00 7.738982131486383764e+01
0.000000000000000000e+00 0.000000000000000000e+00 7.787083197950647673e+01
0.000000000000000000e+00 0.000000000000000000e+00 7.843466906104396230e+01
0.000000000000000000e+00 0.000000000000000000e+00 7.926490204312787569e+01
0.000000000000000000e+00 0.000000000000000000e+00 8.029510601004616888e+01
0.000000000000000000e+00 0.000000000000000000e+00 8.144953593927940005e+01
0.000000000000000000e+00 0.000000000000000000e+00 8.265472282646354074e+01
0.000000000000000000e+00 0.000000000000000000e+00 8.384117011262057417e+01
0.000000000000000000e+00 0.000000000000000000e+00 8.481902614514694960e+01
0.000000000000000000e+00 0.000000000000000000e+00 8.560954637210278406e+01
0.000000000000000000e+00 0.000000000000000000e+00 8.611466671631822578e+01
0.000000000000000000e+00 0.000000000000000000e+00 9.000000000000000000e+01
0.000000000000000000e+00 0.000000000000000000e+00 9.000000000000000000e+01
0.000000000000000000e+00 0.000000000000000000e+00 9.000000000000000000e+01
0.000000000000000000e+00 0.000000000000000000e+00 9.000000000000000000e+01
0.000000000000000000e+00 0.000000000000000000e+00 9.000000000000000000e+01
0.000000000000000000e+00 0.000000000000000000e+00 9.000000000000000000e+01
0.000000000000000000e+00 0.000000000000000000e+00 9.000000000000000000e+01
0.000000000000000000e+00 0.000000000000000000e+00 8.203815999672488601e+01
0.000000000000000000e+00 0.000000000000000000e+00 8.084898325936393348e+01
0.000000000000000000e+00 0.000000000000000000e+00 7.955709502537962408e+01
0.000000000000000000e+00 0.000000000000000000e+00 7.818811583322141701e+01
0.000000000000000000e+00 0.000000000000000000e+00 7.684071928588127776e+01
0.000000000000000000e+00 0.000000000000000000e+00 7.533305497528658634e+01
0.000000000000000000e+00 0.000000000000000000e+00 7.348351665385226283e+01
0.000000000000000000e+00 0.000000000000000000e+00 7.113150290674190046e+01
0.000000000000000000e+00 0.000000000000000000e+00 6.828465015094215573e+01
0.000000000000000000e+00 0.000000000000000000e+00 6.517157319004874694e+01
0.000000000000000000e+00 0.000000000000000000e+00 6.198393048277389994e+01
0.000000000000000000e+00 0.000000000000000000e+00 5.889466059029192024e+01
0.000000000000000000e+00 0.000000000000000000e+00 5.598221933684106943e+01
0.000000000000000000e+00 0.000000000000000000e+00 5.329891811894029274e+01
0.000000000000000000e+00 0.000000000000000000e+00 5.094002834837110072e+01
0.000000000000000000e+00 0.000000000000000000e+00 4.890648235415042677e+01
0.000000000000000000e+00 0.000000000000000000e+00 4.707518793096588183e+01
0.000000000000000000e+00 0.000000000000000000e+00 4.535202644590461318e+01
0.000000000000000000e+00 0.000000000000000000e+00 4.362720234651135343e+01
0.000000000000000000e+00 0.000000000000000000e+00 4.179617261267014783e+01
0.000000000000000000e+00 0.000000000000000000e+00 3.988986387831917568e+01
0.000000000000000000e+00 0.000000000000000000e+00 3.793168898161120239e+01
0.000000000000000000e+00 0.000000000000000000e+00 3.580087570376137762e+01
0.000000000000000000e+00 0.000000000000000000e+00 3.341384028183179566e+01
0.000000000000000000e+00 0.000000000000000000e+00 3.080569035545858014e+01
0.000000000000000000e+00 0.000000000000000000e+00 2.812432477611102399e+01
0.000000000000000000e+00 0.000000000000000000e+00 2.535110398388790998e+01
0.000000000000000000e+00 0.000000000000000000e+00 2.242775098200179684e+01
0.000000000000000000e+00 0.000000000000000000e+00 1.961115724113012959e+01
0.000000000000000000e+00 0.000000000000000000e+00 1.704047017862747282e+01
0.000000000000000000e+00 0.000000000000000000e+00 1.502276272727145567e+01
0.000000000000000000e+00 0.000000000000000000e+00 1.379794421206443644e+01
0.000000000000000000e+00 0.000000000000000000e+00 1.340997863420471958e+01
0.000000000000000000e+00 0.000000000000000000e+00 1.336036201621155328e+01
0.000000000000000000e+00 0.000000000000000000e+00 1.334032947043880313e+01
0.000000000000000000e+00 0.000000000000000000e+00 1.326153704047031567e+01
0.000000000000000000e+00 0.000000000000000000e+00 1.313532787436430738e+01
0.000000000000000000e+00 0.000000000000000000e+00 1.278182022594342016e+01
0.000000000000000000e+00 0.000000000000000000e+00 1.208260097306856551e+01
0.000000000000000000e+00 0.000000000000000000e+00 1.105028745120148415e+01
0.000000000000000000e+00 0.000000000000000000e+00 9.823393025651071753e+00
0.000000000000000000e+00 0.000000000000000000e+00 8.455706065744124089e+00
0.000000000000000000e+00 0.000000000000000000e+00 7.056080546833854328e+00
0.000000000000000000e+00 0.000000000000000000e+00 5.653825322937763076e+00
0.000000000000000000e+00 0.000000000000000000e+00 4.207357499134957379e+00
0.000000000000000000e+00 0.000000000000000000e+00 2.663779005209846673e+00
0.000000000000000000e+00 0.000000000000000000e+00 1.021640108067103370e+00
0.000000000000000000e+00 0.000000000000000000e+00 -7.776945800123655772e-01
0.000000000000000000e+00 0.000000000000000000e+00 -2.656593249421405289e+00
0.000000000000000000e+00 0.000000000000000000e+00 -4.737539586636543731e+00
0.000000000000000000e+00 0.000000000000000000e+00 -7.036672257948765719e+00
0.000000000000000000e+00 0.000000000000000000e+00 -9.623696895387311656e+00
0.000000000000000000e+00 0.000000000000000000e+00 -1.260485947751605806e+01
0.000000000000000000e+00 0.000000000000000000e+00 -1.589390162493666026e+01
0.000000000000000000e+00 0.000000000000000000e+00 -1.926587882729346290e+01
0.000000000000000000e+00 0.000000000000000000e+00 -2.271269466982984397e+01
0.000000000000000000e+00 0.000000000000000000e+00 -2.605750005426599358e+01
0.000000000000000000e+00 0.000000000000000000e+00 -2.934681879860054465e+01
0.000000000000000000e+00 0.000000000000000000e+00 -3.255446704950163195e+01
0.000000000000000000e+00 0.000000000000000000e+00 -3.563227300466670044e+01
0.000000000000000000e+00 0.000000000000000000e+00 -3.855777813012926458e+01
0.000000000000000000e+00 0.000000000000000000e+00 -4.130288988767249947e+01
0.000000000000000000e+00 0.000000000000000000e+00 -4.383429153541693069e+01
0.000000000000000000e+00 0.000000000000000000e+00 -4.606861509437531765e+01
0.000000000000000000e+00 0.000000000000000000e+00 -4.807655645361926844e+01
0.000000000000000000e+00 0.000000000000000000e+00 -4.999399276459078578e+01
0.000000000000000000e+00 0.000000000000000000e+00 -5.187292665647344592e+01
0.000000000000000000e+00 0.000000000000000000e+00 -5.381455327163605062e+01
0.000000000000000000e+00 0.000000000000000000e+00 -5.578436391725820442e+01
0.000000000000000000e+00 0.000000000000000000e+00 -5.768133006370027260e+01
0.000000000000000000e+00 0.000000000000000000e+00 -5.959444138542562541e+01
0.000000000000000000e+00 0.000000000000000000e+00 -6.137975423164766653e+01
0.000000000000000000e+00 0.000000000000000000e+00 -6.293613088479963835e+01
0.000000000000000000e+00 0.000000000000000000e+00 -6.423957409161819498e+01
0.000000000000000000e+00 0.000000000000000000e+00 -6.522581313409826009e+01
0.000000000000000000e+00 0.000000000000000000e+00 -6.577424046263126911e+01
0.000000000000000000e+00 0.000000000000000000e+00 -6.594701365287794204e+01
0.000000000000000000e+00 0.000000000000000000e+00 -6.586955299448038659e+01
0.000000000000000000e+00 0.000000000000000000e+00 -6.572818214446130014e+01
0.000000000000000000e+00 0.000000000000000000e+00 -6.551394868710096375e+01
0.000000000000000000e+00 0.000000000000000000e+00 -6.537060326217867612e+01
0.000000000000000000e+00 0.000000000000000000e+00 -6.533104942279206284e+01
0.000000000000000000e+00 0.000000000000000000e+00 -6.536814143309673852e+01
0.000000000000000000e+00 0.000000000000000000e+00 -6.540154863426489840e+01
0.000000000000000000e+00 0.000000000000000000e+00 -6.545418111258939575e+01
0.000000000000000000e+00 0.000000000000000000e+00 -6.555132357457127057e+01
0.000000000000000000e+00 0.000000000000000000e+00 -6.565042569492257485e+01
0.000000000000000000e+00 0.000000000000000000e+00 -6.572207572258736263e+01
0.000000000000000000e+00 0.000000000000000000e+00 -6.573826491822018170e+01
0.000000000000000000e+00 0.000000000000000000e+00 -6.575569418845662994e+01
0.000000000000000000e+00 0.000000000000000000e+00 -6.576820297637911494e+01
0.000000000000000000e+00 0.000000000000000000e+00 -6.581517292393156993e+01
0.000000000000000000e+00 0.000000000000000000e+00 -6.593498871163788522e+01
0.000000000000000000e+00 0.000000000000000000e+00 -6.615817731829491777e+01
0.000000000000000000e+00 0.000000000000000000e+00 -6.648249594541709939e+01
0.000000000000000000e+00 0.000000000000000000e+00 -6.686162090041383976e+01
0.000000000000000000e+00 0.000000000000000000e+00 -6.742532301127594963e+01
0.000000000000000000e+00 0.000000000000000000e+00 -6.839631754136844677e+01
0.000000000000000000e+00 0.000000000000000000e+00 -6.964824894234406827e+01
0.000000000000000000e+00 0.000000000000000000e+00 -7.113199885636643671e+01
0.000000000000000000e+00 0.000000000000000000e+00 -7.280509695596873598e+01
0.000000000000000000e+00 0.000000000000000000e+00 -7.463994926015628550e+01
0.000000000000000000e+00 0.000000000000000000e+00 -7.663378452575209110e+01
0.000000000000000000e+00 0.000000000000000000e+00 -7.870870479888716886e+01
0.000000000000000000e+00 0.000000000000000000e+00 -8.086466832272122929e+01
0.000000000000000000e+00 0.000000000000000000e+00 -9.000000000000000000e+01
0.000000000000000000e+00 0.000000000000000000e+00 -9.000000000000000000e+01
0.000000000000000000e+00 0.000000000000000000e+00 -9.000000000000000000e+01
0.000000000000000000e+00 0.000000000000000000e+00 -9.000000000000000000e+01
0.000000000000000000e+00 0.000000000000000000e+00 -9.000000000000000000e+01
0.000000000000000000e+00 0.000000000000000000e+00 -9.000000000000000000e+01
0.000000000000000000e+00 0.000000000000000000e+00 -9.000000000000000000e+01
0.000000000000000000e+00 0.000000000000000000e+00 -9.858446920795203994e+01
0.000000000000000000e+00 0.000000000000000000e+00 -1.006787722598775900e+02
0.000000000000000000e+00 0.000000000000000000e+00 -1.028114625618432569e+02
0.000000000000000000e+00 0.000000000000000000e+00 -1.049646546572437558e+02
0.000000000000000000e+00 0.000000000000000000e+00 -1.071003516692802719e+02
0.000000000000000000e+00 0.000000000000000000e+00 -1.092924994880817167e+02
0.000000000000000000e+00 0.000000000000000000e+00 -1.115164958012829004e+02
0.000000000000000000e+00 0.000000000000000000e+00 -1.136192424072363707e+02
0.000000000000000000e+00 0.000000000000000000e+00 -1.155171935518364705e+02
0.000000000000000000e+00 0.000000000000000000e+00 -1.171828721961942108e+02
0.000000000000000000e+00 0.000000000000000000e+00 -1.185910823352621009e+02
0.000000000000000000e+00 0.000000000000000000e+00 -1.196870939174344102e+02
0.000000000000000000e+00 0.000000000000000000e+00 -1.205247889727975519e+02
0.000000000000000000e+00 0.000000000000000000e+00 -1.210594092585821073e+02
0.000000000000000000e+00 0.000000000000000000e+00 -1.211860595253550059e+02
0.000000000000000000e+00 0.000000000000000000e+00 -1.209432661713444759e+02
0.000000000000000000e+00 0.000000000000000000e+00 -1.204524580863209593e+02
0.000000000000000000e+00 0.000000000000000000e+00 -1.198994291474153044e+02
0.000000000000000000e+00 0.000000000000000000e+00 -1.193200190232959272e+02
0.000000000000000000e+00 0.000000000000000000e+00 -1.187855994663306376e+02
0.000000000000000000e+00 0.000000000000000000e+00 -1.182854090155991571e+02
0.000000000000000000e+00 0.000000000000000000e+00 -1.178711032208818210e+02
0.000000000000000000e+00 0.000000000000000000e+00 -1.174904160722076227e+02
0.000000000000000000e+00 0.000000000000000000e+00 -1.171502771909782155e+02
0.000000000000000000e+00 0.000000000000000000e+00 -1.168311789051646485e+02
0.000000000000000000e+00 0.000000000000000000e+00 -1.165151084728152568e+02
0.000000000000000000e+00 0.000000000000000000e+00 -1.162391888038898458e+02
0.000000000000000000e+00 0.000000000000000000e+00 -1.160551158389590682e+02
0.000000000000000000e+00 0.000000000000000000e+00 -1.159822460806495030e+02
0.000000000000000000e+00 0.000000000000000000e+00 -1.160584250924881786e+02
0.000000000000000000e+00 0.000000000000000000e+00 -1.162706295901944316e+02
0.000000000000000000e+00 0.000000000000000000e+00 -1.166543503954138714e+02
0.000000000000000000e+00 0.000000000000000000e+00 -1.172396988949567742e+02
0.000000000000000000e+00 0.000000000000000000e+00 -1.180311308752898043e+02
0.000000000000000000e+00 0.000000000000000000e+00 -1.189609646061342971e+02
0.000000000000000000e+00 0.000000000000000000e+00 -1.199733564223513440e+02
0.000000000000000000e+00 0.000000000000000000e+00 -1.212319209730170400e+02
0.000000000000000000e+00 0.000000000000000000e+00 -1.227863013443732001e+02
0.000000000000000000e+00 0.000000000000000000e+00 -1.247391141922950624e+02
0.000000000000000000e+00 0.000000000000000000e+00 -1.269301769759932483e+02
0.000000000000000000e+00 0.000000000000000000e+00 -1.293453673568110105e+02
0.000000000000000000e+00 0.000000000000000000e+00 -1.319543163959361891e+02
0.000000000000000000e+00 0.000000000000000000e+00 -1.347812756418306037e+02
0.000000000000000000e+00 0.000000000000000000e+00 -1.375321457083992698e+02
0.000000000000000000e+00 0.000000000000000000e+00 -1.400412352557613360e+02
0.000000000000000000e+00 0.000000000000000000e+00 -1.423228821163123996e+02
0.000000000000000000e+00 0.000000000000000000e+00 -1.442598599928399210e+02
0.000000000000000000e+00 0.000000000000000000e+00 -1.459974226774808699e+02
0.000000000000000000e+00 0.000000000000000000e+00 -1.475895155032796140e+02
0.000000000000000000e+00 0.000000000000000000e+00 -1.490819297322742045e+02
0.000000000000000000e+00 0.000000000000000000e+00 -1.504911571070078367e+02
0.000000000000000000e+00 0.000000000000000000e+00 -1.517623157696469889e+02
0.000000000000000000e+00 0.000000000000000000e+00 -1.529595579943272696e+02
0.000000000000000000e+00 0.000000000000000000e+00 -1.540765563027353551e+02
0.000000000000000000e+00 0.000000000000000000e+00 -1.552099759609119189e+02
0.000000000000000000e+00 0.000000000000000000e+00 -1.563914918658061310e+02
0.000000000000000000e+00 0.000000000000000000e+00 -1.576765251340085570e+02
0.000000000000000000e+00 0.000000000000000000e+00 -1.590983274001376913e+02
0.000000000000000000e+00 0.000000000000000000e+00 -1.606227607533505193e+02
0.000000000000000000e+00 0.000000000000000000e+00 -1.623189959366312110e+02
0.000000000000000000e+00 0.000000000000000000e+00 -1.641596081509470650e+02
0.000000000000000000e+00 0.000000000000000000e+00 -1.660492933379356373e+02
0.000000000000000000e+00 0.000000000000000000e+00 -1.679337612963889228e+02
0.000000000000000000e+00 0.000000000000000000e+00 -1.696616283094304265e+02
0.000000000000000000e+00 0.000000000000000000e+00 -1.712808467112607502e+02
0.000000000000000000e+00 0.000000000000000000e+00 -1.726751339039948903e+02
0.000000000000000000e+00 0.000000000000000000e+00 -1.737864759309493365e+02
0.000000000000000000e+00 0.000000000000000000e+00 -1.745872950853079715e+02
0.000000000000000000e+00 0.000000000000000000e+00 -1.750971035287347206e+02
0.000000000000000000e+00 0.000000000000000000e+00 -1.754983213048164430e+02
0.000000000000000000e+00 0.000000000000000000e+00 -1.759967976233775744e+02
0.000000000000000000e+00 0.000000000000000000e+00 -1.765545305571892811e+02
0.000000000000000000e+00 0.000000000000000000e+00 -1.770682339042452327e+02
0.000000000000000000e+00 0.000000000000000000e+00 -1.774824768330131235e+02
0.000000000000000000e+00 0.000000000000000000e+00 -1.778548994296576495e+02
0.000000000000000000e+00 0.000000000000000000e+00 -1.782149181729154179e+02
0.000000000000000000e+00 0.000000000000000000e+00 -1.784951651807805320e+02
0.000000000000000000e+00 0.000000000000000000e+00 -1.786597288063734936e+02
0.000000000000000000e+00 0.000000000000000000e+00 -1.787043478703148764e+02
0.000000000000000000e+00 0.000000000000000000e+00 -1.787378449126191526e+02
0.000000000000000000e+00 0.000000000000000000e+00 -1.787532921874415877e+02
0.000000000000000000e+00 0.000000000000000000e+00 -1.787504343896788725e+02
0.000000000000000000e+00 0.000000000000000000e+00 -1.787881748211400748e+02
0.000000000000000000e+00 0.000000000000000000e+00 -1.788771709271832151e+02
0.000000000000000000e+00 0.000000000000000000e+00 -1.789905857508687177e+02
0.000000000000000000e+00 0.000000000000000000e+00 -1.790565889572847311e+02
0.000000000000000000e+00 0.000000000000000000e+00 -1.791418605603024616e+02
0.000000000000000000e+00 0.000000000000000000e+00 -1.792924551590067779e+02
0.000000000000000000e+00 0.000000000000000000e+00 -1.795424205472295398e+02
0.000000000000000000e+00 0.000000000000000000e+00 -1.798807408794343132e+02
0.000000000000000000e+00 0.000000000000000000e+00 -1.804974068791120487e+02
0.000000000000000000e+00 0.000000000000000000e+00 -1.812931203508416331e+02
0.000000000000000000e+00 0.000000000000000000e+00 -1.822172876851702199e+02
0.000000000000000000e+00 0.000000000000000000e+00 -1.833288598329233707e+02
0.000000000000000000e+00 0.000000000000000000e+00 -1.846209930781292599e+02
0.000000000000000000e+00 0.000000000000000000e+00 -1.860482203001049015e+02
0.000000000000000000e+00 0.000000000000000000e+00 -1.875411136888653800e+02
0.000000000000000000e+00 0.000000000000000000e+00 -1.890763801133954303e+02
0.000000000000000000e+00 0.000000000000000000e+00 -1.906267300807654692e+02
0.000000000000000000e+00 0.000000000000000000e+00 -1.922663729466291898e+02
0.000000000000000000e+00 0.000000000000000000e+00 -1.939224727148179284e+02
0.000000000000000000e+00 0.000000000000000000e+00 -1.955888405439556550e+02
0.000000000000000000e+00 0.000000000000000000e+00 -1.972631725391026691e+02
0.000000000000000000e+00 0.000000000000000000e+00 -1.989387782712932164e+02
0.000000000000000000e+00 0.000000000000000000e+00 -2.006178711268964321e+02
0.000000000000000000e+00 0.000000000000000000e+00 -2.023262807251343816e+02
0.000000000000000000e+00 0.000000000000000000e+00 -2.040585734503493427e+02
0.000000000000000000e+00 0.000000000000000000e+00 -2.058255836648559693e+02
0.000000000000000000e+00 0.000000000000000000e+00 -2.076001689185042665e+02
0.000000000000000000e+00 0.000000000000000000e+00 -2.093503638675274203e+02
0.000000000000000000e+00 0.000000000000000000e+00 -2.110764547260242523e+02
0.000000000000000000e+00 0.000000000000000000e+00 -2.128163076622223571e+02
0.000000000000000000e+00 0.000000000000000000e+00 -2.146122149630383831e+02
0.000000000000000000e+00 0.000000000000000000e+00 -2.164969048009930930e+02
0.000000000000000000e+00 0.000000000000000000e+00 -2.185231053753184938e+02
0.000000000000000000e+00 0.000000000000000000e+00 -2.207444938812180339e+02
0.000000000000000000e+00 0.000000000000000000e+00 -2.230616336168238831e+02
0.000000000000000000e+00 0.000000000000000000e+00 -2.254136075472098639e+02
0.000000000000000000e+00 0.000000000000000000e+00 -2.277825958977975063e+02
0.000000000000000000e+00 0.000000000000000000e+00 -2.301806932293724515e+02
0.000000000000000000e+00 0.000000000000000000e+00 -2.325909733459808706e+02
0.000000000000000000e+00 0.000000000000000000e+00 -2.349869618132451308e+02
0.000000000000000000e+00 0.000000000000000000e+00 -2.373207429777350228e+02
0.000000000000000000e+00 0.000000000000000000e+00 -2.396810504839895657e+02
0.000000000000000000e+00 0.000000000000000000e+00 -2.419035633915456742e+02
0.000000000000000000e+00 0.000000000000000000e+00 -2.435305857835881227e+02
0.000000000000000000e+00 0.000000000000000000e+00 -2.446767391134058585e+02
0.000000000000000000e+00 0.000000000000000000e+00 -2.453776758272323661e+02
0.000000000000000000e+00 0.000000000000000000e+00 -2.458295531060180394e+02
0.000000000000000000e+00 0.000000000000000000e+00 -2.460429902614584137e+02
0.000000000000000000e+00 0.000000000000000000e+00 -2.459982535767053093e+02
0.000000000000000000e+00 0.000000000000000000e+00 -2.457452035914626833e+02
0.000000000000000000e+00 0.000000000000000000e+00 -2.453521232615341603e+02
0.000000000000000000e+00 0.000000000000000000e+00 -2.449743837366235084e+02
0.000000000000000000e+00 0.000000000000000000e+00 -2.447208483445661500e+02
0.000000000000000000e+00 0.000000000000000000e+00 -2.446363579636904433e+02
0.000000000000000000e+00 0.000000000000000000e+00 -2.446752863202118533e+02
0.000000000000000000e+00 0.000000000000000000e+00 -2.448094732659598662e+02
0.000000000000000000e+00 0.000000000000000000e+00 -2.449450137177377655e+02
0.000000000000000000e+00 0.000000000000000000e+00 -2.450512478692796208e+02
0.000000000000000000e+00 0.000000000000000000e+00 -2.451930204867329337e+02
0.000000000000000000e+00 0.000000000000000000e+00 -2.452212314293017243e+02
0.000000000000000000e+00 0.000000000000000000e+00 -2.451824531417554738e+02
0.000000000000000000e+00 0.000000000000000000e+00 -2.451188160934700875e+02
0.000000000000000000e+00 0.000000000000000000e+00 -2.450659698297458533e+02
0.000000000000000000e+00 0.000000000000000000e+00 -2.450336044005725569e+02
0.000000000000000000e+00 0.000000000000000000e+00 -2.450607158530300183e+02
0.000000000000000000e+00 0.000000000000000000e+00 -2.451574393535136380e+02
0.000000000000000000e+00 0.000000000000000000e+00 -2.454194510463983931e+02
0.000000000000000000e+00 0.000000000000000000e+00 -2.458329889593646271e+02
0.000000000000000000e+00 0.000000000000000000e+00 -2.463524028369540702e+02
0.000000000000000000e+00 0.000000000000000000e+00 -2.470683426781056653e+02
0.000000000000000000e+00 0.000000000000000000e+00 -2.478667125467403025e+02
0.000000000000000000e+00 0.000000000000000000e+00 -2.486991427600374891e+02
0.000000000000000000e+00 0.000000000000000000e+00 -2.495208116702588939e+02
0.000000000000000000e+00 0.000000000000000000e+00 -2.503207646184483792e+02
0.000000000000000000e+00 0.000000000000000000e+00 -2.509905432943048424e+02
0.000000000000000000e+00 0.000000000000000000e+00 -2.514793454877122088e+02
0.000000000000000000e+00 0.000000000000000000e+00 -2.517625636383832557e+02
0.000000000000000000e+00 0.000000000000000000e+00 -2.517969899952919093e+02
0.000000000000000000e+00 0.000000000000000000e+00 -2.516377643874031946e+02
0.000000000000000000e+00 0.000000000000000000e+00 -2.513065074881638168e+02
0.000000000000000000e+00 0.000000000000000000e+00 -2.507714184438775931e+02
0.000000000000000000e+00 0.000000000000000000e+00 -2.498679323914634267e+02
0.000000000000000000e+00 0.000000000000000000e+00 -2.487195203838697921e+02
0.000000000000000000e+00 0.000000000000000000e+00 -2.474149922466864382e+02
0.000000000000000000e+00 0.000000000000000000e+00 -2.459946017141332959e+02
0.000000000000000000e+00 0.000000000000000000e+00 -2.444694631459570928e+02
0.000000000000000000e+00 0.000000000000000000e+00 -2.429795873751948250e+02
0.000000000000000000e+00 0.000000000000000000e+00 -2.416170894517446186e+02
0.000000000000000000e+00 0.000000000000000000e+00 -2.403885486465210306e+02
0.000000000000000000e+00 0.000000000000000000e+00 -2.393195676470544697e+02
0.000000000000000000e+00 0.000000000000000000e+00 -2.382665405470843609e+02
0.000000000000000000e+00 0.000000000000000000e+00 -2.369954555132858616e+02
0.000000000000000000e+00 0.000000000000000000e+00 -2.354697276657440170e+02
0.000000000000000000e+00 0.000000000000000000e+00 -2.336598219621170074e+02
0.000000000000000000e+00 0.000000000000000000e+00 -2.316191785604203233e+02
0.000000000000000000e+00 0.000000000000000000e+00 -2.294563919217314663e+02
0.000000000000000000e+00 0.000000000000000000e+00 -2.272640623400344282e+02
0.000000000000000000e+00 0.000000000000000000e+00 -2.249795737506618991e+02
0.000000000000000000e+00 0.000000000000000000e+00 -2.227387274134999302e+02
0.000000000000000000e+00 0.000000000000000000e+00 -2.205976903536828218e+02
0.000000000000000000e+00 0.000000000000000000e+00 -2.186060517094015268e+02
0.000000000000000000e+00 0.000000000000000000e+00 -2.167590412790636947e+02
0.000000000000000000e+00 0.000000000000000000e+00 -2.149733897291557696e+02
0.000000000000000000e+00 0.000000000000000000e+00 -2.131997494103687245e+02
0.000000000000000000e+00 0.000000000000000000e+00 -2.114561954848533389e+02
0.000000000000000000e+00 0.000000000000000000e+00 -2.096512594243907586e+02
0.000000000000000000e+00 0.000000000000000000e+00 -2.076999839861909152e+02
0.000000000000000000e+00 0.000000000000000000e+00 -2.056568731084168462e+02
0.000000000000000000e+00 0.000000000000000000e+00 -2.034338604366705852e+02
0.000000000000000000e+00 0.000000000000000000e+00 -2.010480562411621861e+02
0.000000000000000000e+00 0.000000000000000000e+00 -1.985197840061773604e+02
0.000000000000000000e+00 0.000000000000000000e+00 -1.959684483918612443e+02
0.000000000000000000e+00 0.000000000000000000e+00 -1.933381088684141673e+02
0.000000000000000000e+00 0.000000000000000000e+00 -1.907166189138517893e+02
0.000000000000000000e+00 0.000000000000000000e+00 -1.885096993581572065e+02
0.000000000000000000e+00 0.000000000000000000e+00 -1.870794460152305021e+02
0.000000000000000000e+00 0.000000000000000000e+00 -1.862912599987657245e+02
0.000000000000000000e+00 0.000000000000000000e+00 -1.859757172912892145e+02
0.000000000000000000e+00 0.000000000000000000e+00 -1.860101476319370590e+02
0.000000000000000000e+00 0.000000000000000000e+00 -1.861705802647055634e+02
0.000000000000000000e+00 0.000000000000000000e+00 -1.862217769633203943e+02
0.000000000000000000e+00 0.000000000000000000e+00 -1.861882571152808623e+02
0.000000000000000000e+00 0.000000000000000000e+00 -1.860006128054436942e+02
0.000000000000000000e+00 0.000000000000000000e+00 -1.855960770079870201e+02
0.000000000000000000e+00 0.000000000000000000e+00 -1.849929331477589187e+02
0.000000000000000000e+00 0.000000000000000000e+00 -1.842655621463825071e+02
0.000000000000000000e+00 0.000000000000000000e+00 -1.835678035507570485e+02
0.000000000000000000e+00 0.000000000000000000e+00 -1.829086441838193764e+02
0.000000000000000000e+00 0.000000000000000000e+00 -1.822019348647197035e+02
0.000000000000000000e+00 0.000000000000000000e+00 -1.814351937898545657e+02
0.000000000000000000e+00 0.000000000000000000e+00 -1.805977286739673673e+02
0.000000000000000000e+00 0.000000000000000000e+00 -1.795946374890244499e+02
0.000000000000000000e+00 0.000000000000000000e+00 -1.784342203690657982e+02
0.000000000000000000e+00 0.000000000000000000e+00 -1.771737657679995550e+02
0.000000000000000000e+00 0.000000000000000000e+00 -1.758496021821996180e+02
0.000000000000000000e+00 0.000000000000000000e+00 -1.744158157080270826e+02
0.000000000000000000e+00 0.000000000000000000e+00 -1.731286671833493642e+02
0.000000000000000000e+00 0.000000000000000000e+00 -1.719398675038731312e+02
0.000000000000000000e+00 0.000000000000000000e+00 -1.708723294531961869e+02
0.000000000000000000e+00 0.000000000000000000e+00 -1.698785544581243130e+02
0.000000000000000000e+00 0.000000000000000000e+00 -1.689858133406204956e+02
0.000000000000000000e+00 0.000000000000000000e+00 -1.681174373104966548e+02
0.000000000000000000e+00 0.000000000000000000e+00 -1.670037450137057817e+02
0.000000000000000000e+00 0.000000000000000000e+00 -1.655725031793617745e+02
0.000000000000000000e+00 0.000000000000000000e+00 -1.639317730358275753e+02
0.000000000000000000e+00 0.000000000000000000e+00 -1.622834151753038725e+02
0.000000000000000000e+00 0.000000000000000000e+00 -1.606788955752664094e+02
0.000000000000000000e+00 0.000000000000000000e+00 -1.592484999973183335e+02
0.000000000000000000e+00 0.000000000000000000e+00 -1.579974964105197728e+02
0.000000000000000000e+00 0.000000000000000000e+00 -1.569112812906411705e+02
0.000000000000000000e+00 0.000000000000000000e+00 -1.559667515882214275e+02
0.000000000000000000e+00 0.000000000000000000e+00 -1.550167731395243038e+02
0.000000000000000000e+00 0.000000000000000000e+00 -1.539468987926459533e+02
0.000000000000000000e+00 0.000000000000000000e+00 -1.527399584115373727e+02
0.000000000000000000e+00 0.000000000000000000e+00 -1.513857464238790556e+02
0.000000000000000000e+00 0.000000000000000000e+00 -1.497664447341021230e+02
0.000000000000000000e+00 0.000000000000000000e+00 -1.477276860051517815e+02
0.000000000000000000e+00 0.000000000000000000e+00 -1.450453645375301051e+02
0.000000000000000000e+00 0.000000000000000000e+00 -1.418962400756669240e+02
0.000000000000000000e+00 0.000000000000000000e+00 -1.385562529433978511e+02
0.000000000000000000e+00 0.000000000000000000e+00 -1.352976633807915050e+02
0.000000000000000000e+00 0.000000000000000000e+00 -1.324409588609373429e+02
0.000000000000000000e+00 0.000000000000000000e+00 -1.299584143068175592e+02
0.000000000000000000e+00 0.000000000000000000e+00 -1.278093098186311067e+02
0.000000000000000000e+00 0.000000000000000000e+00 -1.259858609533874869e+02
0.000000000000000000e+00 0.000000000000000000e+00 -1.243586222057213888e+02
0.000000000000000000e+00 0.000000000000000000e+00 -1.227745782051105152e+02
0.000000000000000000e+00 0.000000000000000000e+00 -1.211774711329987468e+02
0.000000000000000000e+00 0.000000000000000000e+00 -1.194767101380963368e+02
0.000000000000000000e+00 0.000000000000000000e+00 -1.177151179590809988e+02
0.000000000000000000e+00 0.000000000000000000e+00 -1.160572591913023075e+02
0.000000000000000000e+00 0.000000000000000000e+00 -1.144779540218791993e+02
0.000000000000000000e+00 0.000000000000000000e+00 -1.129569164053301051e+02
0.000000000000000000e+00 0.000000000000000000e+00 -1.114945120892568298e+02
0.000000000000000000e+00 0.000000000000000000e+00 -1.101613581384076639e+02
0.000000000000000000e+00 0.000000000000000000e+00 -1.089790417518736376e+02
0.000000000000000000e+00 0.000000000000000000e+00 -1.079833796814476443e+02
0.000000000000000000e+00 0.000000000000000000e+00 -1.070402887519970250e+02
0.000000000000000000e+00 0.000000000000000000e+00 -1.061517525814204248e+02
0.000000000000000000e+00 0.000000000000000000e+00 -1.053355090813081461e+02
0.000000000000000000e+00 0.000000000000000000e+00 -1.046082493848260668e+02
0.000000000000000000e+00 0.000000000000000000e+00 -1.039648345325333878e+02
0.000000000000000000e+00 0.000000000000000000e+00 -1.034512279178523073e+02
0.000000000000000000e+00 0.000000000000000000e+00 -1.030849150368054552e+02
0.000000000000000000e+00 0.000000000000000000e+00 -1.028473132658202189e+02
0.000000000000000000e+00 0.000000000000000000e+00 -1.027660615140979559e+02
0.000000000000000000e+00 0.000000000000000000e+00 -1.028143905682331649e+02
0.000000000000000000e+00 0.000000000000000000e+00 -1.030431391138904331e+02
0.000000000000000000e+00 0.000000000000000000e+00 -1.033622590468414160e+02
0.000000000000000000e+00 0.000000000000000000e+00 -1.036882373672873427e+02
0.000000000000000000e+00 0.000000000000000000e+00 -1.040031746556883974e+02
0.000000000000000000e+00 0.000000000000000000e+00 -1.042869647447325576e+02
0.000000000000000000e+00 0.000000000000000000e+00 -1.045607967864790595e+02
0.000000000000000000e+00 0.000000000000000000e+00 -1.047696547674470224e+02
0.000000000000000000e+00 0.000000000000000000e+00 -1.049038835924028774e+02
0.000000000000000000e+00 0.000000000000000000e+00 -1.049324375346734399e+02
0.000000000000000000e+00 0.000000000000000000e+00 -1.048582032209070718e+02
0.000000000000000000e+00 0.000000000000000000e+00 -1.046871420308289231e+02
0.000000000000000000e+00 0.000000000000000000e+00 -1.043119244954948499e+02
0.000000000000000000e+00 0.000000000000000000e+00 -1.037779486149959922e+02
0.000000000000000000e+00 0.000000000000000000e+00 -1.031300937366030581e+02
0.000000000000000000e+00 0.000000000000000000e+00 -1.025666311059782458e+02
0.000000000000000000e+00 0.000000000000000000e+00 -1.021922391446144900e+02
0.000000000000000000e+00 0.000000000000000000e+00 -1.019569108274720719e+02
0.000000000000000000e+00 0.000000000000000000e+00 -1.018704733454908933e+02
0.000000000000000000e+00 0.000000000000000000e+00 -1.019346029646269756e+02
0.000000000000000000e+00 0.000000000000000000e+00 -1.020886808273518369e+02
0.000000000000000000e+00 0.000000000000000000e+00 -1.022681294665348304e+02
0.000000000000000000e+00 0.000000000000000000e+00 -1.023590804075902554e+02
0.000000000000000000e+00 0.000000000000000000e+00 -1.022589782855574470e+02
0.000000000000000000e+00 0.000000000000000000e+00 -1.019276586438864456e+02
0.000000000000000000e+00 0.000000000000000000e+00 -1.013816456706137359e+02
0.000000000000000000e+00 0.000000000000000000e+00 -1.007084980850170268e+02
0.000000000000000000e+00 0.000000000000000000e+00 -9.983883645538575990e+01
0.000000000000000000e+00 0.000000000000000000e+00 -9.903758164914547990e+01
0.000000000000000000e+00 0.000000000000000000e+00 -9.845756154378102565e+01
0.000000000000000000e+00 0.000000000000000000e+00 -9.824649837662009588e+01
0.000000000000000000e+00 0.000000000000000000e+00 -9.868634209461762907e+01
0.000000000000000000e+00 0.000000000000000000e+00 -9.994688127827741653e+01
0.000000000000000000e+00 0.000000000000000000e+00 -1.018857489554186913e+02
0.000000000000000000e+00 0.000000000000000000e+00 -1.044975372700843934e+02
0.000000000000000000e+00 0.000000000000000000e+00 -1.074836427631585281e+02
0.000000000000000000e+00 0.000000000000000000e+00 -1.104994196871643339e+02
0.000000000000000000e+00 0.000000000000000000e+00 -1.132158055034706479e+02
0.000000000000000000e+00 0.000000000000000000e+00 -1.154277360919552109e+02
0.000000000000000000e+00 0.000000000000000000e+00 -1.171671564752603274e+02
0.000000000000000000e+00 0.000000000000000000e+00 -1.185168152861778310e+02
0.000000000000000000e+00 0.000000000000000000e+00 -1.197149688033765500e+02
0.000000000000000000e+00 0.000000000000000000e+00 -1.209327685908768615e+02
0.000000000000000000e+00 0.000000000000000000e+00 -1.222475182284252071e+02
0.000000000000000000e+00 0.000000000000000000e+00 -1.236795442963678937e+02
0.000000000000000000e+00 0.000000000000000000e+00 -1.252119276717399856e+02
0.000000000000000000e+00 0.000000000000000000e+00 -1.268061679466016329e+02
0.000000000000000000e+00 0.000000000000000000e+00 -1.284274073093005484e+02
0.000000000000000000e+00 0.000000000000000000e+00 -1.300849897840592462e+02
0.000000000000000000e+00 0.000000000000000000e+00 -1.318208524971585121e+02
0.000000000000000000e+00 0.000000000000000000e+00 -1.336641798199776190e+02
0.000000000000000000e+00 0.000000000000000000e+00 -1.355118726280798569e+02
0.000000000000000000e+00 0.000000000000000000e+00 -1.372704121175776493e+02
0.000000000000000000e+00 0.000000000000000000e+00 -1.388036334871594022e+02
0.000000000000000000e+00 0.000000000000000000e+00 -1.400346437525549845e+02
0.000000000000000000e+00 0.000000000000000000e+00 -1.410422352705337801e+02
0.000000000000000000e+00 0.000000000000000000e+00 -1.417966365124871118e+02
0.000000000000000000e+00 0.000000000000000000e+00 -1.423442207626292202e+02
0.000000000000000000e+00 0.000000000000000000e+00 -1.427005262651025532e+02
0.000000000000000000e+00 0.000000000000000000e+00 -1.427385901827153702e+02
0.000000000000000000e+00 0.000000000000000000e+00 -1.425363068016391992e+02
0.000000000000000000e+00 0.000000000000000000e+00 -1.423320012159784937e+02
0.000000000000000000e+00 0.000000000000000000e+00 -1.421994808805618788e+02
0.000000000000000000e+00 0.000000000000000000e+00 -1.421455312642217450e+02
0.000000000000000000e+00 0.000000000000000000e+00 -1.422031206078701189e+02
0.000000000000000000e+00 0.000000000000000000e+00 -1.422923887788577133e+02
0.000000000000000000e+00 0.000000000000000000e+00 -1.425021931793327781e+02
0.000000000000000000e+00 0.000000000000000000e+00 -1.428213919172673059e+02
0.000000000000000000e+00 0.000000000000000000e+00 -1.431935727046002569e+02
0.000000000000000000e+00 0.000000000000000000e+00 -1.435621257885051136e+02
0.000000000000000000e+00 0.000000000000000000e+00 -1.440591375137638295e+02
0.000000000000000000e+00 0.000000000000000000e+00 -1.446771892799608281e+02
0.000000000000000000e+00 0.000000000000000000e+00 -1.454041992894234454e+02
0.000000000000000000e+00 0.000000000000000000e+00 -1.462206041898033959e+02
0.000000000000000000e+00 0.000000000000000000e+00 -1.470845239119417442e+02
0.000000000000000000e+00 0.000000000000000000e+00 -1.479708007298813186e+02
0.000000000000000000e+00 0.000000000000000000e+00 -1.488841766250592968e+02
0.000000000000000000e+00 0.000000000000000000e+00 -1.498287267673381393e+02
0.000000000000000000e+00 0.000000000000000000e+00 -1.507900333128318380e+02
0.000000000000000000e+00 0.000000000000000000e+00 -1.518206383642929893e+02
0.000000000000000000e+00 0.000000000000000000e+00 -1.529678058644687439e+02
0.000000000000000000e+00 0.000000000000000000e+00 -1.541406189806169209e+02
0.000000000000000000e+00 0.000000000000000000e+00 -1.553694205452009101e+02
0.000000000000000000e+00 0.000000000000000000e+00 -1.568592818865827780e+02
0.000000000000000000e+00 0.000000000000000000e+00 -1.586348573629225598e+02
0.000000000000000000e+00 0.000000000000000000e+00 -1.606571024064194830e+02
0.000000000000000000e+00 0.000000000000000000e+00 -1.628842447108744125e+02
0.000000000000000000e+00 0.000000000000000000e+00 -1.653116515117454526e+02
0.000000000000000000e+00 0.000000000000000000e+00 -1.678657775401707966e+02
0.000000000000000000e+00 0.000000000000000000e+00 -1.705299670954110525e+02
0.000000000000000000e+00 0.000000000000000000e+00 -1.732659277093486594e+02
0.000000000000000000e+00 0.000000000000000000e+00 -1.759778378917335999e+02
0.000000000000000000e+00 0.000000000000000000e+00 -1.785967427560344447e+02
0.000000000000000000e+00 0.000000000000000000e+00 -1.810410776787898328e+02
0.000000000000000000e+00 0.000000000000000000e+00 -1.833430722136801592e+02
0.000000000000000000e+00 0.000000000000000000e+00 -1.855603505259298345e+02
0.000000000000000000e+00 0.000000000000000000e+00 -1.877182431533639431e+02
0.000000000000000000e+00 0.000000000000000000e+00 -1.898671779143390950e+02
0.000000000000000000e+00 0.000000000000000000e+00 -1.920283348550470350e+02
0.000000000000000000e+00 0.000000000000000000e+00 -1.941307485831338795e+02
0.000000000000000000e+00 0.000000000000000000e+00 -1.962328611164380732e+02
0.000000000000000000e+00 0.000000000000000000e+00 -1.983386402348619697e+02
0.000000000000000000e+00 0.000000000000000000e+00 -2.005415754795746466e+02
0.000000000000000000e+00 0.000000000000000000e+00 -2.028381975344393311e+02
0.000000000000000000e+00 0.000000000000000000e+00 -2.051960411094419214e+02
0.000000000000000000e+00 0.000000000000000000e+00 -2.076399418865260884e+02
0.000000000000000000e+00 0.000000000000000000e+00 -2.101789891929759051e+02
0.000000000000000000e+00 0.000000000000000000e+00 -2.127677716185165195e+02
0.000000000000000000e+00 0.000000000000000000e+00 -2.153203541735574902e+02
0.000000000000000000e+00 0.000000000000000000e+00 -2.178181543146279751e+02
0.000000000000000000e+00 0.000000000000000000e+00 -2.202634462361005774e+02
0.000000000000000000e+00 0.000000000000000000e+00 -2.226238647374876791e+02
0.000000000000000000e+00 0.000000000000000000e+00 -2.249110736665158470e+02
0.000000000000000000e+00 0.000000000000000000e+00 -2.270232602846116094e+02
0.000000000000000000e+00 0.000000000000000000e+00 -2.289452937483376331e+02
0.000000000000000000e+00 0.000000000000000000e+00 -2.305426096680545243e+02
0.000000000000000000e+00 0.000000000000000000e+00 -2.318104580594084609e+02
0.000000000000000000e+00 0.000000000000000000e+00 -2.328414907581619389e+02
0.000000000000000000e+00 0.000000000000000000e+00 -2.337083225818016388e+02
0.000000000000000000e+00 0.000000000000000000e+00 -2.344217189058015833e+02
0.000000000000000000e+00 0.000000000000000000e+00 -2.350595469475276786e+02
0.000000000000000000e+00 0.000000000000000000e+00 -2.356979697357967609e+02
0.000000000000000000e+00 0.000000000000000000e+00 -2.362086824266087319e+02
0.000000000000000000e+00 0.000000000000000000e+00 -2.365789463529369527e+02
0.000000000000000000e+00 0.000000000000000000e+00 -2.368418787957753295e+02
0.000000000000000000e+00 0.000000000000000000e+00 -2.369893995717064286e+02
0.000000000000000000e+00 0.000000000000000000e+00 -2.370759702795121484e+02
0.000000000000000000e+00 0.000000000000000000e+00 -2.371209666496891657e+02
0.000000000000000000e+00 0.000000000000000000e+00 -2.371048453299634104e+02
0.000000000000000000e+00 0.000000000000000000e+00 -2.370415778681181678e+02
0.000000000000000000e+00 0.000000000000000000e+00 -2.369672658125961107e+02
0.000000000000000000e+00 0.000000000000000000e+00 -2.369052767317445500e+02
0.000000000000000000e+00 0.000000000000000000e+00 -2.368858852208074666e+02
0.000000000000000000e+00 0.000000000000000000e+00 -2.369234629682093782e+02
0.000000000000000000e+00 0.000000000000000000e+00 -2.369556252265568332e+02
0.000000000000000000e+00 0.000000000000000000e+00 -2.370272481304982932e+02
0.000000000000000000e+00 0.000000000000000000e+00 -2.371255181584093918e+02
0.000000000000000000e+00 0.000000000000000000e+00 -2.372628656424303699e+02
0.000000000000000000e+00 0.000000000000000000e+00 -2.374382286716824240e+02
0.000000000000000000e+00 0.000000000000000000e+00 -2.376881004821685508e+02
0.000000000000000000e+00 0.000000000000000000e+00 -2.379972232690405747e+02
0.000000000000000000e+00 0.000000000000000000e+00 -2.383764627297321113e+02
0.000000000000000000e+00 0.000000000000000000e+00 -2.388685545626596536e+02
0.000000000000000000e+00 0.000000000000000000e+00 -2.395422806849351787e+02
0.000000000000000000e+00 0.000000000000000000e+00 -2.403962229838843143e+02
0.000000000000000000e+00 0.000000000000000000e+00 -2.413968309512093242e+02
0.000000000000000000e+00 0.000000000000000000e+00 -2.425452658492432079e+02
0.000000000000000000e+00 0.000000000000000000e+00 -2.438102550308156538e+02
0.000000000000000000e+00 0.000000000000000000e+00 -2.452008687720192199e+02
0.000000000000000000e+00 0.000000000000000000e+00 -2.466982714637547645e+02
0.000000000000000000e+00 0.000000000000000000e+00 -2.483287823520561233e+02
0.000000000000000000e+00 0.000000000000000000e+00 -2.499640095540578386e+02
0.000000000000000000e+00 0.000000000000000000e+00 -2.514519763671697774e+02
0.000000000000000000e+00 0.000000000000000000e+00 -2.528401271960461258e+02
0.000000000000000000e+00 0.000000000000000000e+00 -2.542012251109424597e+02
0.000000000000000000e+00 0.000000000000000000e+00 -2.555531679356815857e+02
0.000000000000000000e+00 0.000000000000000000e+00 -2.568062807928139364e+02
0.000000000000000000e+00 0.000000000000000000e+00 -2.578302537646613359e+02
0.000000000000000000e+00 0.000000000000000000e+00 -2.585589676816005635e+02
0.000000000000000000e+00 0.000000000000000000e+00 -2.589537873250112625e+02
0.000000000000000000e+00 0.000000000000000000e+00 -2.592273616209834017e+02
0.000000000000000000e+00 0.000000000000000000e+00 -2.595275275889239310e+02
0.000000000000000000e+00 0.000000000000000000e+00 -2.598865758783237538e+02
0.000000000000000000e+00 0.000000000000000000e+00 -2.603237085634258960e+02
0.000000000000000000e+00 0.000000000000000000e+00 -2.608143887269994821e+02
0.000000000000000000e+00 0.000000000000000000e+00 -2.613840252731556006e+02
0.000000000000000000e+00 0.000000000000000000e+00 -2.620337409498974921e+02
0.000000000000000000e+00 0.000000000000000000e+00 9.000000000000000000e+01
0.000000000000000000e+00 0.000000000000000000e+00 9.000000000000000000e+01
0.000000000000000000e+00 0.000000000000000000e+00 9.000000000000000000e+01
0.000000000000000000e+00 0.000000000000000000e+00 9.000000000000000000e+01
0.000000000000000000e+00 0.000000000000000000e+00 9.000000000000000000e+01
0.000000000000000000e+00 0.000000000000000000e+00 9.000000000000000000e+01
0.000000000000000000e+00 0.000000000000000000e+00 9.000000000000000000e+01
0.000000000000000000e+00 0.000000000000000000e+00 9.000000000000000000e+01
0.000000000000000000e+00 0.000000000000000000e+00 -2.610669227198898170e+02
0.000000000000000000e+00 0.000000000000000000e+00 -2.587688295650854684e+02
0.000000000000000000e+00 0.000000000000000000e+00 -2.559764351013178043e+02
0.000000000000000000e+00 0.000000000000000000e+00 -2.531851603462270930e+02
0.000000000000000000e+00 0.000000000000000000e+00 -2.506593616544251972e+02
0.000000000000000000e+00 0.000000000000000000e+00 -2.484572081301395770e+02
0.000000000000000000e+00 0.000000000000000000e+00 -2.465469594102280553e+02
0.000000000000000000e+00 0.000000000000000000e+00 -2.448292917724537858e+02
0.000000000000000000e+00 0.000000000000000000e+00 -2.432637883237995879e+02
0.000000000000000000e+00 0.000000000000000000e+00 -2.417340660063329096e+02
0.000000000000000000e+00 0.000000000000000000e+00 -2.402780138302383648e+02
0.000000000000000000e+00 0.000000000000000000e+00 -2.388261648307791631e+02
0.000000000000000000e+00 0.000000000000000000e+00 -2.373225955059810701e+02
0.000000000000000000e+00 0.000000000000000000e+00 -2.358389369161463947e+02
0.000000000000000000e+00 0.000000000000000000e+00 -2.344148069571059239e+02
0.000000000000000000e+00 0.000000000000000000e+00 -2.330117242205655543e+02
0.000000000000000000e+00 0.000000000000000000e+00 -2.315463295697533965e+02
0.000000000000000000e+00 0.000000000000000000e+00 -2.300142024146263111e+02
0.000000000000000000e+00 0.000000000000000000e+00 -2.284379428082743004e+02
0.000000000000000000e+00 0.000000000000000000e+00 -2.267675895168763134e+02
0.000000000000000000e+00 0.000000000000000000e+00 -2.248908012048270848e+02
0.000000000000000000e+00 0.000000000000000000e+00 -2.227556278119894273e+02
0.000000000000000000e+00 0.000000000000000000e+00 -2.204281653423538216e+02
0.000000000000000000e+00 0.000000000000000000e+00 -2.179568808972518070e+02
0.000000000000000000e+00 0.000000000000000000e+00 -2.152476149207249136e+02
0.000000000000000000e+00 0.000000000000000000e+00 -2.122241069533841937e+02
0.000000000000000000e+00 0.000000000000000000e+00 -2.090813535221687403e+02
0.000000000000000000e+00 0.000000000000000000e+00 -2.060714017833297476e+02
0.000000000000000000e+00 0.000000000000000000e+00 -2.035020022896357261e+02
0.000000000000000000e+00 0.000000000000000000e+00 -2.016993603927460015e+02
0.000000000000000000e+00 0.000000000000000000e+00 -2.005705990645881798e+02
0.000000000000000000e+00 0.000000000000000000e+00 -1.998312451556894018e+02
0.000000000000000000e+00 0.000000000000000000e+00 -1.993618636605218057e+02
0.000000000000000000e+00 0.000000000000000000e+00 -1.991108409232128906e+02
0.000000000000000000e+00 0.000000000000000000e+00 -1.987939509785424832e+02
0.000000000000000000e+00 0.000000000000000000e+00 -1.982108682247391869e+02
0.000000000000000000e+00 0.000000000000000000e+00 -1.974107953859683846e+02
0.000000000000000000e+00 0.000000000000000000e+00 -1.964486614127280291e+02
0.000000000000000000e+00 0.000000000000000000e+00 -1.953769380064479719e+02
0.000000000000000000e+00 0.000000000000000000e+00 -1.941638529145104144e+02
0.000000000000000000e+00 0.000000000000000000e+00 -1.928382846248817373e+02
0.000000000000000000e+00 0.000000000000000000e+00 -1.914657638956944652e+02
0.000000000000000000e+00 0.000000000000000000e+00 -1.900659630532118172e+02
0.000000000000000000e+00 0.000000000000000000e+00 -1.887552283406718061e+02
0.000000000000000000e+00 0.000000000000000000e+00 -1.874792453069854332e+02
0.000000000000000000e+00 0.000000000000000000e+00 -1.861357112446554538e+02
0.000000000000000000e+00 0.000000000000000000e+00 -1.846280698392084219e+02
0.000000000000000000e+00 0.000000000000000000e+00 -1.828623738803283629e+02
0.000000000000000000e+00 0.000000000000000000e+00 -1.808405428817045504e+02
0.000000000000000000e+00 0.000000000000000000e+00 -1.786230440467818710e+02
0.000000000000000000e+00 0.000000000000000000e+00 -1.762146347113568368e+02
0.000000000000000000e+00 0.000000000000000000e+00 -1.736948618762301919e+02
0.000000000000000000e+00 0.000000000000000000e+00 -1.711296576630707023e+02
0.000000000000000000e+00 0.000000000000000000e+00 -1.686451726174101680e+02
0.000000000000000000e+00 0.000000000000000000e+00 -1.663364752848716819e+02
0.000000000000000000e+00 0.000000000000000000e+00 -1.642975173610009278e+02
0.000000000000000000e+00 0.000000000000000000e+00 -1.625811318761757320e+02
0.000000000000000000e+00 0.000000000000000000e+00 -1.611880080525365315e+02
0.000000000000000000e+00 0.000000000000000000e+00 -1.598246966463237868e+02
0.000000000000000000e+00 0.000000000000000000e+00 -1.584416199557583695e+02
0.000000000000000000e+00 0.000000000000000000e+00 -1.569340438234923454e+02
0.000000000000000000e+00 0.000000000000000000e+00 -1.553189400804399156e+02
0.000000000000000000e+00 0.000000000000000000e+00 -1.536009715663570034e+02
0.000000000000000000e+00 0.000000000000000000e+00 -1.517738814208104259e+02
0.000000000000000000e+00 0.000000000000000000e+00 -1.498115164337581291e+02
0.000000000000000000e+00 0.000000000000000000e+00 -1.477181113533978021e+02
0.000000000000000000e+00 0.000000000000000000e+00 -1.455021301207102624e+02
0.000000000000000000e+00 0.000000000000000000e+00 -1.431211966681374577e+02
0.000000000000000000e+00 0.000000000000000000e+00 -1.406050934606485896e+02
0.000000000000000000e+00 0.000000000000000000e+00 -1.381184214289038437e+02
0.000000000000000000e+00 0.000000000000000000e+00 -1.357782931988428459e+02
0.000000000000000000e+00 0.000000000000000000e+00 -1.336324322066007255e+02
0.000000000000000000e+00 0.000000000000000000e+00 -1.317480374637077034e+02
0.000000000000000000e+00 0.000000000000000000e+00 -1.301248393562204342e+02
0.000000000000000000e+00 0.000000000000000000e+00 -1.287888513230121816e+02
0.000000000000000000e+00 0.000000000000000000e+00 -1.276690715117136392e+02
0.000000000000000000e+00 0.000000000000000000e+00 -1.267521706363256158e+02
0.000000000000000000e+00 0.000000000000000000e+00 -1.260608308849106720e+02
0.000000000000000000e+00 0.000000000000000000e+00 -1.253878169808384087e+02
0.000000000000000000e+00 0.000000000000000000e+00 -1.247012590992909509e+02
0.000000000000000000e+00 0.000000000000000000e+00 -1.240051233013466288e+02
0.000000000000000000e+00 0.000000000000000000e+00 -1.233102795936984251e+02
0.000000000000000000e+00 0.000000000000000000e+00 -1.226507950961090501e+02
0.000000000000000000e+00 0.000000000000000000e+00 -1.220276424386966028e+02
0.000000000000000000e+00 0.000000000000000000e+00 -1.214325270774278778e+02
0.000000000000000000e+00 0.000000000000000000e+00 -1.208195927221562727e+02
0.000000000000000000e+00 0.000000000000000000e+00 -1.202218889717248231e+02
0.000000000000000000e+00 0.000000000000000000e+00 -1.196951795131933665e+02
0.000000000000000000e+00 0.000000000000000000e+00 -1.192715815718037220e+02
0.000000000000000000e+00 0.000000000000000000e+00 -1.188596574691961223e+02
0.000000000000000000e+00 0.000000000000000000e+00 -1.184064221135757577e+02
0.000000000000000000e+00 0.000000000000000000e+00 -1.179570628055816712e+02
0.000000000000000000e+00 0.000000000000000000e+00 -1.175305674520925265e+02
0.000000000000000000e+00 0.000000000000000000e+00 -1.171407949783978495e+02
0.000000000000000000e+00 0.000000000000000000e+00 -1.168124066062901250e+02
0.000000000000000000e+00 0.000000000000000000e+00 -1.165427601259644774e+02
0.000000000000000000e+00 0.000000000000000000e+00 -1.163278786134870160e+02
0.000000000000000000e+00 0.000000000000000000e+00 -1.161771872028271986e+02
0.000000000000000000e+00 0.000000000000000000e+00 -1.161122045430809351e+02
0.000000000000000000e+00 0.000000000000000000e+00 -1.161138333191860568e+02
0.000000000000000000e+00 0.000000000000000000e+00 -1.160509461528356780e+02
0.000000000000000000e+00 0.000000000000000000e+00 -1.159309892717808452e+02
0.000000000000000000e+00 0.000000000000000000e+00 -1.157768722439020337e+02
0.000000000000000000e+00 0.000000000000000000e+00 -1.155996692323421371e+02
0.000000000000000000e+00 0.000000000000000000e+00 -1.154203632444316270e+02
0.000000000000000000e+00 0.000000000000000000e+00 -1.152350516071074225e+02
0.000000000000000000e+00 0.000000000000000000e+00 -1.150290811319072759e+02
0.000000000000000000e+00 0.000000000000000000e+00 -1.148075341894578827e+02
0.000000000000000000e+00 0.000000000000000000e+00 -1.145664418175246624e+02
0.000000000000000000e+00 0.000000000000000000e+00 -1.143273253237959182e+02
0.000000000000000000e+00 0.000000000000000000e+00 -1.140954809868709390e+02
0.000000000000000000e+00 0.000000000000000000e+00 -1.138153523050277727e+02
0.000000000000000000e+00 0.000000000000000000e+00 -1.135383356875601919e+02
0.000000000000000000e+00 0.000000000000000000e+00 -1.132779192427796886e+02
0.000000000000000000e+00 0.000000000000000000e+00 -1.129940163579698975e+02
0.000000000000000000e+00 0.000000000000000000e+00 -1.126525267810383468e+02
0.000000000000000000e+00 0.000000000000000000e+00 -1.122766895846126829e+02
0.000000000000000000e+00 0.000000000000000000e+00 -1.118778330163175099e+02
0.000000000000000000e+00 0.000000000000000000e+00 -1.114737206586249272e+02
0.000000000000000000e+00 0.000000000000000000e+00 -1.110799266536871102e+02
0.000000000000000000e+00 0.000000000000000000e+00 -1.107073865006652369e+02
0.000000000000000000e+00 0.000000000000000000e+00 -1.103644616840263808e+02
0.000000000000000000e+00 0.000000000000000000e+00 -1.100541928313368061e+02
0.000000000000000000e+00 0.000000000000000000e+00 -1.097775713780083038e+02
0.000000000000000000e+00 0.000000000000000000e+00 -1.095453855889179806e+02
0.000000000000000000e+00 0.000000000000000000e+00 -1.093650086348289676e+02
0.000000000000000000e+00 0.000000000000000000e+00 -1.092018164253282890e+02
0.000000000000000000e+00 0.000000000000000000e+00 -1.090487175012285945e+02
0.000000000000000000e+00 0.000000000000000000e+00 -1.088992504319854504e+02
0.000000000000000000e+00 0.000000000000000000e+00 -1.087297879618891869e+02
0.000000000000000000e+00 0.000000000000000000e+00 -1.085239750684812492e+02
0.000000000000000000e+00 0.000000000000000000e+00 -1.082678366007283870e+02
0.000000000000000000e+00 0.000000000000000000e+00 -1.079432848486060834e+02
0.000000000000000000e+00 0.000000000000000000e+00 -1.075533382374578792e+02
0.000000000000000000e+00 0.000000000000000000e+00 -1.071011104584167413e+02
0.000000000000000000e+00 0.000000000000000000e+00 -1.065755293985554033e+02
0.000000000000000000e+00 0.000000000000000000e+00 -1.059914773287694061e+02
0.000000000000000000e+00 0.000000000000000000e+00 -1.053787395364256554e+02
0.000000000000000000e+00 0.000000000000000000e+00 -1.047404777602579031e+02
0.000000000000000000e+00 0.000000000000000000e+00 -1.040706782469972609e+02
0.000000000000000000e+00 0.000000000000000000e+00 -1.034012609811961454e+02
0.000000000000000000e+00 0.000000000000000000e+00 -1.027636529735819977e+02
0.000000000000000000e+00 0.000000000000000000e+00 -1.022065112584857332e+02
0.000000000000000000e+00 0.000000000000000000e+00 -1.017500307068594623e+02
0.000000000000000000e+00 0.000000000000000000e+00 -1.014258303473046539e+02
0.000000000000000000e+00 0.000000000000000000e+00 -1.012206557926941457e+02
0.000000000000000000e+00 0.000000000000000000e+00 -1.010472735000829516e+02
0.000000000000000000e+00 0.000000000000000000e+00 -1.008373484894432437e+02
0.000000000000000000e+00 0.000000000000000000e+00 -1.005537136722462606e+02
0.000000000000000000e+00 0.000000000000000000e+00 -1.002213613696723371e+02
0.000000000000000000e+00 0.000000000000000000e+00 -9.987037644288211879e+01
0.000000000000000000e+00 0.000000000000000000e+00 -9.946008264732468263e+01
0.000000000000000000e+00 0.000000000000000000e+00 -9.888165346628372276e+01
0.000000000000000000e+00 0.000000000000000000e+00 -9.832216839383866613e+01
0.000000000000000000e+00 0.000000000000000000e+00 -9.000000000000000000e+01
0.000000000000000000e+00 0.000000000000000000e+00 -9.000000000000000000e+01
0.000000000000000000e+00 0.000000000000000000e+00 -9.000000000000000000e+01
0.000000000000000000e+00 0.000000000000000000e+00 -9.000000000000000000e+01
0.000000000000000000e+00 0.000000000000000000e+00 -9.000000000000000000e+01
0.000000000000000000e+00 0.000000000000000000e+00 -9.000000000000000000e+01
0.000000000000000000e+00 0.000000000000000000e+00 -9.000000000000000000e+01
0.000000000000000000e+00 0.000000000000000000e+00 -9.000000000000000000e+01
0.000000000000000000e+00 0.000000000000000000e+00 -9.773081103224485844e+01
0.000000000000000000e+00 0.000000000000000000e+00 -9.795367144761078748e+01
0.000000000000000000e+00 0.000000000000000000e+00 -9.825577006277718795e+01
0.000000000000000000e+00 0.000000000000000000e+00 -9.864716076949437706e+01
0.000000000000000000e+00 0.000000000000000000e+00 -9.911819242129533336e+01
0.000000000000000000e+00 0.000000000000000000e+00 -9.961967252381830917e+01
0.000000000000000000e+00 0.000000000000000000e+00 -1.001398347532753661e+02
0.000000000000000000e+00 0.000000000000000000e+00 -1.006483913236897791e+02
0.000000000000000000e+00 0.000000000000000000e+00 -1.011203154788734224e+02
0.000000000000000000e+00 0.000000000000000000e+00 -1.015352144459327235e+02
0.000000000000000000e+00 0.000000000000000000e+00 -1.018565801310964929e+02
0.000000000000000000e+00 0.000000000000000000e+00 -1.021170130784345105e+02
0.000000000000000000e+00 0.000000000000000000e+00 -1.023411494460902134e+02
0.000000000000000000e+00 0.000000000000000000e+00 -1.025545145169325849e+02
0.000000000000000000e+00 0.000000000000000000e+00 -1.027470370645147426e+02
0.000000000000000000e+00 0.000000000000000000e+00 -1.029830341590841272e+02
0.000000000000000000e+00 0.000000000000000000e+00 -1.032417868444026965e+02
0.000000000000000000e+00 0.000000000000000000e+00 -1.034913693182043488e+02
0.000000000000000000e+00 0.000000000000000000e+00 -1.037301344113622577e+02
0.000000000000000000e+00 0.000000000000000000e+00 -1.039658381846348050e+02
0.000000000000000000e+00 0.000000000000000000e+00 -1.041969657096078947e+02
0.000000000000000000e+00 0.000000000000000000e+00 -1.044251592093997658e+02
0.000000000000000000e+00 0.000000000000000000e+00 -1.046445733519360886e+02
0.000000000000000000e+00 0.000000000000000000e+00 -1.048586858909489052e+02
0.000000000000000000e+00 0.000000000000000000e+00 -1.050835997278948923e+02
0.000000000000000000e+00 0.000000000000000000e+00 -1.052899427658251028e+02
0.000000000000000000e+00 0.000000000000000000e+00 -1.054731463945956165e+02
0.000000000000000000e+00 0.000000000000000000e+00 -1.056279767293233505e+02
0.000000000000000000e+00 0.000000000000000000e+00 -1.057409230157324487e+02
0.000000000000000000e+00 0.000000000000000000e+00 -1.058051260823431221e+02
0.000000000000000000e+00 0.000000000000000000e+00 -1.058271271466229848e+02
0.000000000000000000e+00 0.000000000000000000e+00 -1.058008353641181287e+02
0.000000000000000000e+00 0.000000000000000000e+00 -1.057040188920403097e+02
0.000000000000000000e+00 0.000000000000000000e+00 -1.055734510724750805e+02
0.000000000000000000e+00 0.000000000000000000e+00 -1.054542096678160163e+02
0.000000000000000000e+00 0.000000000000000000e+00 -1.053267500878427398e+02
0.000000000000000000e+00 0.000000000000000000e+00 -1.052272154095382461e+02
0.000000000000000000e+00 0.000000000000000000e+00 -1.051607791231620581e+02
0.000000000000000000e+00 0.000000000000000000e+00 -1.051278402696304681e+02
0.000000000000000000e+00 0.000000000000000000e+00 -1.051288365250374568e+02
0.000000000000000000e+00 0.000000000000000000e+00 -1.051731511554567930e+02
0.000000000000000000e+00 0.000000000000000000e+00 -1.052548779198298803e+02
0.000000000000000000e+00 0.000000000000000000e+00 -1.053368732146868183e+02
0.000000000000000000e+00 0.000000000000000000e+00 -1.054132215708122544e+02
0.000000000000000000e+00 0.000000000000000000e+00 -1.055041628511600322e+02
0.000000000000000000e+00 0.000000000000000000e+00 -1.056012155088770754e+02
0.000000000000000000e+00 0.000000000000000000e+00 -1.057061217479708546e+02
0.000000000000000000e+00 0.000000000000000000e+00 -1.058123387304184178e+02
0.000000000000000000e+00 0.000000000000000000e+00 -1.059259705064470580e+02
0.000000000000000000e+00 0.000000000000000000e+00 -1.060419900867388350e+02
0.000000000000000000e+00 0.000000000000000000e+00 -1.061692460967236684e+02
0.000000000000000000e+00 0.000000000000000000e+00 -1.062945939970367419e+02
0.000000000000000000e+00 0.000000000000000000e+00 -1.063938559546667477e+02
0.000000000000000000e+00 0.000000000000000000e+00 -1.064775924376666012e+02
0.000000000000000000e+00 0.000000000000000000e+00 -1.065713448286441718e+02
0.000000000000000000e+00 0.000000000000000000e+00 -1.067345219541262793e+02
0.000000000000000000e+00 0.000000000000000000e+00 -1.069698280433350561e+02
0.000000000000000000e+00 0.000000000000000000e+00 -1.073334557206756870e+02
0.000000000000000000e+00 0.000000000000000000e+00 -1.078087453722800433e+02
0.000000000000000000e+00 0.000000000000000000e+00 -1.083319696642453920e+02
0.000000000000000000e+00 0.000000000000000000e+00 -1.088916714763245039e+02
0.000000000000000000e+00 0.000000000000000000e+00 -1.094745602460827314e+02
0.000000000000000000e+00 0.000000000000000000e+00 -1.100434916973567141e+02
0.000000000000000000e+00 0.000000000000000000e+00 -1.105948694299696768e+02
0.000000000000000000e+00 0.000000000000000000e+00 -1.110979624434588828e+02
0.000000000000000000e+00 0.000000000000000000e+00 -1.115063552112284952e+02
0.000000000000000000e+00 0.000000000000000000e+00 -1.118305478226633056e+02
0.000000000000000000e+00 0.000000000000000000e+00 -1.121222846591215898e+02
0.000000000000000000e+00 0.000000000000000000e+00 -1.124114482616074611e+02
0.000000000000000000e+00 0.000000000000000000e+00 -1.127108854691252304e+02
0.000000000000000000e+00 0.000000000000000000e+00 -1.129784451439416273e+02
0.000000000000000000e+00 0.000000000000000000e+00 -1.133200525932081746e+02
0.000000000000000000e+00 0.000000000000000000e+00 -1.138071418290097085e+02
0.000000000000000000e+00 0.000000000000000000e+00 -1.144708094647965595e+02
0.000000000000000000e+00 0.000000000000000000e+00 -1.153396307715356812e+02
0.000000000000000000e+00 0.000000000000000000e+00 -1.164112274760691292e+02
0.000000000000000000e+00 0.000000000000000000e+00 -1.176603308280004541e+02
0.000000000000000000e+00 0.000000000000000000e+00 -1.189854240398518499e+02
0.000000000000000000e+00 0.000000000000000000e+00 -1.201916734260776423e+02
0.000000000000000000e+00 0.000000000000000000e+00 -1.212360307041196563e+02
0.000000000000000000e+00 0.000000000000000000e+00 -1.220873731354342056e+02
0.000000000000000000e+00 0.000000000000000000e+00 -1.224943302957727269e+02
0.000000000000000000e+00 0.000000000000000000e+00 -1.225500563305068908e+02
0.000000000000000000e+00 0.000000000000000000e+00 -1.223317846298996869e+02
0.000000000000000000e+00 0.000000000000000000e+00 -1.219994471420990010e+02
0.000000000000000000e+00 0.000000000000000000e+00 -1.215854932822205541e+02
0.000000000000000000e+00 0.000000000000000000e+00 -1.212200298507928267e+02
0.000000000000000000e+00 0.000000000000000000e+00 -1.210064559690918600e+02
0.000000000000000000e+00 0.000000000000000000e+00 -1.209790759487102605e+02
0.000000000000000000e+00 0.000000000000000000e+00 -1.209436391607843291e+02
0.000000000000000000e+00 0.000000000000000000e+00 -1.209064963618964441e+02
0.000000000000000000e+00 0.000000000000000000e+00 -1.208748651879697178e+02
0.000000000000000000e+00 0.000000000000000000e+00 -1.208694783888867761e+02
0.000000000000000000e+00 0.000000000000000000e+00 -1.209295729381312867e+02
0.000000000000000000e+00 0.000000000000000000e+00 -1.210361899748187398e+02
0.000000000000000000e+00 0.000000000000000000e+00 -1.211617186712786065e+02
0.000000000000000000e+00 0.000000000000000000e+00 -1.212108798928043143e+02
0.000000000000000000e+00 0.000000000000000000e+00 -1.211536087380761018e+02
0.000000000000000000e+00 0.000000000000000000e+00 -1.210491801092101127e+02
0.000000000000000000e+00 0.000000000000000000e+00 -1.209004312035140032e+02
0.000000000000000000e+00 0.000000000000000000e+00 -1.205948247798447142e+02
0.000000000000000000e+00 0.000000000000000000e+00 -1.203021668278523464e+02
0.000000000000000000e+00 0.000000000000000000e+00 -1.201781327743016448e+02
0.000000000000000000e+00 0.000000000000000000e+00 -1.203642532767322990e+02
0.000000000000000000e+00 0.000000000000000000e+00 -1.209857479761969046e+02
0.000000000000000000e+00 0.000000000000000000e+00 -1.219308298870536191e+02
0.000000000000000000e+00 0.000000000000000000e+00 -1.231250978081557719e+02
0.000000000000000000e+00 0.000000000000000000e+00 -1.245089241465701946e+02
0.000000000000000000e+00 0.000000000000000000e+00 -1.260040253837069599e+02
0.000000000000000000e+00 0.000000000000000000e+00 -1.275707180620190115e+02
0.000000000000000000e+00 0.000000000000000000e+00 -1.292313795475877214e+02
0.000000000000000000e+00 0.000000000000000000e+00 -1.309126975214756499e+02
0.000000000000000000e+00 0.000000000000000000e+00 -1.325839228772713909e+02
0.000000000000000000e+00 0.000000000000000000e+00 -1.342275822333498354e+02
0.000000000000000000e+00 0.000000000000000000e+00 -1.357975786580016972e+02
0.000000000000000000e+00 0.000000000000000000e+00 -1.372904683579753851e+02
0.000000000000000000e+00 0.000000000000000000e+00 -1.387375024690826422e+02
0.000000000000000000e+00 0.000000000000000000e+00 -1.401393207382512571e+02
0.000000000000000000e+00 0.000000000000000000e+00 -1.414961760624920544e+02
0.000000000000000000e+00 0.000000000000000000e+00 -1.428450664049155421e+02
0.000000000000000000e+00 0.000000000000000000e+00 -1.442330848478937924e+02
0.000000000000000000e+00 0.000000000000000000e+00 -1.456638847390494789e+02
0.000000000000000000e+00 0.000000000000000000e+00 -1.471542711825103709e+02
0.000000000000000000e+00 0.000000000000000000e+00 -1.486982757517675395e+02
0.000000000000000000e+00 0.000000000000000000e+00 -1.503023329890754098e+02
0.000000000000000000e+00 0.000000000000000000e+00 -1.518576263667758894e+02
0.000000000000000000e+00 0.000000000000000000e+00 -1.531100962201561515e+02
0.000000000000000000e+00 0.000000000000000000e+00 -1.539383093029805991e+02
0.000000000000000000e+00 0.000000000000000000e+00 -1.542427867746852996e+02
0.000000000000000000e+00 0.000000000000000000e+00 -1.540304143222103050e+02
0.000000000000000000e+00 0.000000000000000000e+00 -1.533614937061188073e+02
0.000000000000000000e+00 0.000000000000000000e+00 -1.523849529459424161e+02
0.000000000000000000e+00 0.000000000000000000e+00 -1.514164527109722655e+02
0.000000000000000000e+00 0.000000000000000000e+00 -1.506090514516929488e+02
0.000000000000000000e+00 0.000000000000000000e+00 -1.500702248078086143e+02
0.000000000000000000e+00 0.000000000000000000e+00 -1.498391592100361720e+02
0.000000000000000000e+00 0.000000000000000000e+00 -1.499123842896381973e+02
0.000000000000000000e+00 0.000000000000000000e+00 -1.503692598842102370e+02
0.000000000000000000e+00 0.000000000000000000e+00 -1.512274029971737548e+02
0.000000000000000000e+00 0.000000000000000000e+00 -1.522982863692371893e+02
0.000000000000000000e+00 0.000000000000000000e+00 -1.534396821705703076e+02
0.000000000000000000e+00 0.000000000000000000e+00 -1.545762673250760031e+02
0.000000000000000000e+00 0.000000000000000000e+00 -1.557150829006358208e+02
0.000000000000000000e+00 0.000000000000000000e+00 -1.567976429894180228e+02
0.000000000000000000e+00 0.000000000000000000e+00 -1.577792412804396349e+02
0.000000000000000000e+00 0.000000000000000000e+00 -1.587247390522393857e+02
0.000000000000000000e+00 0.000000000000000000e+00 -1.596661713020733373e+02
0.000000000000000000e+00 0.000000000000000000e+00 -1.604997294622711763e+02
0.000000000000000000e+00 0.000000000000000000e+00 -1.613152809116074877e+02
0.000000000000000000e+00 0.000000000000000000e+00 -1.622561396354382737e+02
0.000000000000000000e+00 0.000000000000000000e+00 -1.633176747407992764e+02
0.000000000000000000e+00 0.000000000000000000e+00 -1.644064351565502307e+02
0.000000000000000000e+00 0.000000000000000000e+00 -1.655456471654916868e+02
0.000000000000000000e+00 0.000000000000000000e+00 -1.667967141148929500e+02
0.000000000000000000e+00 0.000000000000000000e+00 -1.681452333829108170e+02
0.000000000000000000e+00 0.000000000000000000e+00 -1.695794208104945824e+02
0.000000000000000000e+00 0.000000000000000000e+00 -1.711206043685814393e+02
0.000000000000000000e+00 0.000000000000000000e+00 -1.728121113919098661e+02
0.000000000000000000e+00 0.000000000000000000e+00 -1.747550111358303866e+02
0.000000000000000000e+00 0.000000000000000000e+00 -1.769399544857246838e+02
0.000000000000000000e+00 0.000000000000000000e+00 -1.792867924118601763e+02
0.000000000000000000e+00 0.000000000000000000e+00 -1.817018782515322641e+02
0.000000000000000000e+00 0.000000000000000000e+00 -1.841747917018387284e+02
0.000000000000000000e+00 0.000000000000000000e+00 -1.866900962100387744e+02
0.000000000000000000e+00 0.000000000000000000e+00 -1.891961560929779580e+02
0.000000000000000000e+00 0.000000000000000000e+00 -1.917091248865974649e+02
0.000000000000000000e+00 0.000000000000000000e+00 -1.942389069165280944e+02
0.000000000000000000e+00 0.000000000000000000e+00 -1.967563642434060682e+02
0.000000000000000000e+00 0.000000000000000000e+00 -1.993258025971031770e+02
0.000000000000000000e+00 0.000000000000000000e+00 -2.020532573548730397e+02
0.000000000000000000e+00 0.000000000000000000e+00 -2.049131223645460409e+02
0.000000000000000000e+00 0.000000000000000000e+00 -2.078793004949939132e+02
0.000000000000000000e+00 0.000000000000000000e+00 -2.109797516628274821e+02
0.000000000000000000e+00 0.000000000000000000e+00 -2.142400276029459008e+02
0.000000000000000000e+00 0.000000000000000000e+00 -2.176745403425163659e+02
0.000000000000000000e+00 0.000000000000000000e+00 -2.211607568158634933e+02
0.000000000000000000e+00 0.000000000000000000e+00 -2.245677543297589978e+02
0.000000000000000000e+00 0.000000000000000000e+00 -2.278194184474774602e+02
0.000000000000000000e+00 0.000000000000000000e+00 -2.307454015195916668e+02
0.000000000000000000e+00 0.000000000000000000e+00 -2.332515480588764660e+02
0.000000000000000000e+00 0.000000000000000000e+00 -2.351559792592998122e+02
0.000000000000000000e+00 0.000000000000000000e+00 -2.366339026503763421e+02
0.000000000000000000e+00 0.000000000000000000e+00 -2.377693021461895171e+02
0.000000000000000000e+00 0.000000000000000000e+00 -2.385673340811225671e+02
0.000000000000000000e+00 0.000000000000000000e+00 -2.391059553520682641e+02
0.000000000000000000e+00 0.000000000000000000e+00 -2.395682354133124647e+02
0.000000000000000000e+00 0.000000000000000000e+00 -2.399161679112040133e+02
0.000000000000000000e+00 0.000000000000000000e+00 -2.401584669034481578e+02
0.000000000000000000e+00 0.000000000000000000e+00 -2.402974615766930242e+02
0.000000000000000000e+00 0.000000000000000000e+00 -2.404168233471318956e+02
0.000000000000000000e+00 0.000000000000000000e+00 -2.407129498900349347e+02
0.000000000000000000e+00 0.000000000000000000e+00 -2.412610754629490089e+02
0.000000000000000000e+00 0.000000000000000000e+00 -2.419784920779011088e+02
0.000000000000000000e+00 0.000000000000000000e+00 -2.427476210759449202e+02
0.000000000000000000e+00 0.000000000000000000e+00 -2.435148232759021596e+02
0.000000000000000000e+00 0.000000000000000000e+00 -2.441904253396121760e+02
0.000000000000000000e+00 0.000000000000000000e+00 -2.447396871589760394e+02
0.000000000000000000e+00 0.000000000000000000e+00 -2.451020657912859235e+02
0.000000000000000000e+00 0.000000000000000000e+00 -2.453147565761684064e+02
0.000000000000000000e+00 0.000000000000000000e+00 -2.453422666767688725e+02
0.000000000000000000e+00 0.000000000000000000e+00 -2.451220957474229465e+02
0.000000000000000000e+00 0.000000000000000000e+00 -2.448452345598187492e+02
0.000000000000000000e+00 0.000000000000000000e+00 -2.446221281598164126e+02
0.000000000000000000e+00 0.000000000000000000e+00 -2.444264757710085405e+02
0.000000000000000000e+00 0.000000000000000000e+00 -2.444258856145106336e+02
0.000000000000000000e+00 0.000000000000000000e+00 -2.447423447148403568e+02
0.000000000000000000e+00 0.000000000000000000e+00 -2.453812700712095989e+02
0.000000000000000000e+00 0.000000000000000000e+00 -2.463038199360132126e+02
0.000000000000000000e+00 0.000000000000000000e+00 -2.474459034509655169e+02
0.000000000000000000e+00 0.000000000000000000e+00 -2.485457006741135331e+02
0.000000000000000000e+00 0.000000000000000000e+00 -2.494879951461261385e+02
0.000000000000000000e+00 0.000000000000000000e+00 -2.502057552108235541e+02
0.000000000000000000e+00 0.000000000000000000e+00 -2.506239356872641793e+02
0.000000000000000000e+00 0.000000000000000000e+00 -2.507507641079752432e+02
0.000000000000000000e+00 0.000000000000000000e+00 -2.506670089129374048e+02
0.000000000000000000e+00 0.000000000000000000e+00 -2.503399056961264932e+02
0.000000000000000000e+00 0.000000000000000000e+00 -2.498362280777054423e+02
0.000000000000000000e+00 0.000000000000000000e+00 -2.492116103335763171e+02
0.000000000000000000e+00 0.000000000000000000e+00 -2.484762524472621124e+02
0.000000000000000000e+00 0.000000000000000000e+00 -2.476493986108646652e+02
0.000000000000000000e+00 0.000000000000000000e+00 -2.467672680071895570e+02
0.000000000000000000e+00 0.000000000000000000e+00 -2.458857154612117029e+02
0.000000000000000000e+00 0.000000000000000000e+00 -2.450054456230807887e+02
0.000000000000000000e+00 0.000000000000000000e+00 -2.440582986429045604e+02
0.000000000000000000e+00 0.000000000000000000e+00 -2.430043462318888601e+02
0.000000000000000000e+00 0.000000000000000000e+00 -2.418520896312045068e+02
0.000000000000000000e+00 0.000000000000000000e+00 -2.405450660695863974e+02
0.000000000000000000e+00 0.000000000000000000e+00 -2.389970810363350893e+02
0.000000000000000000e+00 0.000000000000000000e+00 -2.371442926916702731e+02
0.000000000000000000e+00 0.000000000000000000e+00 -2.350224714497932439e+02
0.000000000000000000e+00 0.000000000000000000e+00 -2.325821550538500730e+02
0.000000000000000000e+00 0.000000000000000000e+00 -2.297108567355228104e+02
0.000000000000000000e+00 0.000000000000000000e+00 -2.266855103730916881e+02
0.000000000000000000e+00 0.000000000000000000e+00 -2.237854421355909551e+02
0.000000000000000000e+00 0.000000000000000000e+00 -2.210323204388292311e+02
0.000000000000000000e+00 0.000000000000000000e+00 -2.185375368212741307e+02
0.000000000000000000e+00 0.000000000000000000e+00 -2.162894374454708100e+02
0.000000000000000000e+00 0.000000000000000000e+00 -2.141593509619371787e+02
0.000000000000000000e+00 0.000000000000000000e+00 -2.121122123863634670e+02
0.000000000000000000e+00 0.000000000000000000e+00 -2.101117551312204910e+02
0.000000000000000000e+00 0.000000000000000000e+00 -2.081525058031037361e+02
0.000000000000000000e+00 0.000000000000000000e+00 -2.061353701762447486e+02
0.000000000000000000e+00 0.000000000000000000e+00 -2.041258426441660276e+02
0.000000000000000000e+00 0.000000000000000000e+00 -2.020998909392182554e+02
0.000000000000000000e+00 0.000000000000000000e+00 -2.001194974963472077e+02
0.000000000000000000e+00 0.000000000000000000e+00 -1.980659708641022121e+02
0.000000000000000000e+00 0.000000000000000000e+00 -1.960139226408351760e+02
0.000000000000000000e+00 0.000000000000000000e+00 -1.939257826346542970e+02
0.000000000000000000e+00 0.000000000000000000e+00 -1.917246689434296627e+02
0.000000000000000000e+00 0.000000000000000000e+00 -1.896099983570174459e+02
0.000000000000000000e+00 0.000000000000000000e+00 -1.880298555380900325e+02
0.000000000000000000e+00 0.000000000000000000e+00 -1.870493883868456635e+02
0.000000000000000000e+00 0.000000000000000000e+00 -1.867630924327498292e+02
0.000000000000000000e+00 0.000000000000000000e+00 -1.869790511946667095e+02
0.000000000000000000e+00 0.000000000000000000e+00 -1.874543800694194147e+02
0.000000000000000000e+00 0.000000000000000000e+00 -1.880923027603061541e+02
0.000000000000000000e+00 0.000000000000000000e+00 -1.886284881670515006e+02
0.000000000000000000e+00 0.000000000000000000e+00 -1.889787684155624561e+02
0.000000000000000000e+00 0.000000000000000000e+00 -1.890842260698525479e+02
0.000000000000000000e+00 0.000000000000000000e+00 -1.889787033297159269e+02
0.000000000000000000e+00 0.000000000000000000e+00 -1.887042932742831454e+02
0.000000000000000000e+00 0.000000000000000000e+00 -1.882003985017467471e+02
0.000000000000000000e+00 0.000000000000000000e+00 -1.875716215735376977e+02
0.000000000000000000e+00 0.000000000000000000e+00 -1.868788799036940418e+02
0.000000000000000000e+00 0.000000000000000000e+00 -1.861597062620602401e+02
0.000000000000000000e+00 0.000000000000000000e+00 -1.854425047148804140e+02
0.000000000000000000e+00 0.000000000000000000e+00 -1.847626376791944267e+02
0.000000000000000000e+00 0.000000000000000000e+00 -1.841521466014940529e+02
0.000000000000000000e+00 0.000000000000000000e+00 -1.836472415531865749e+02
0.000000000000000000e+00 0.000000000000000000e+00 -1.831779501194381510e+02
0.000000000000000000e+00 0.000000000000000000e+00 -1.827752157593144489e+02
0.000000000000000000e+00 0.000000000000000000e+00 -1.823981759250368100e+02
0.000000000000000000e+00 0.000000000000000000e+00 -1.819478401858663688e+02
0.000000000000000000e+00 0.000000000000000000e+00 -1.813573125045194274e+02
0.000000000000000000e+00 0.000000000000000000e+00 -1.805421274284590822e+02
0.000000000000000000e+00 0.000000000000000000e+00 -1.794501727892838971e+02
0.000000000000000000e+00 0.000000000000000000e+00 -1.781324402789563237e+02
0.000000000000000000e+00 0.000000000000000000e+00 -1.765923701013566642e+02
0.000000000000000000e+00 0.000000000000000000e+00 -1.748028766406929435e+02
0.000000000000000000e+00 0.000000000000000000e+00 -1.727602692615529065e+02
0.000000000000000000e+00 0.000000000000000000e+00 -1.705227551761834093e+02
0.000000000000000000e+00 0.000000000000000000e+00 -1.681218602229155294e+02
0.000000000000000000e+00 0.000000000000000000e+00 -1.655905075250349228e+02
0.000000000000000000e+00 0.000000000000000000e+00 -1.629974892093793244e+02
0.000000000000000000e+00 0.000000000000000000e+00 -1.604244647649244371e+02
0.000000000000000000e+00 0.000000000000000000e+00 -1.580189135205242792e+02
0.000000000000000000e+00 0.000000000000000000e+00 -1.557970809910870571e+02
0.000000000000000000e+00 0.000000000000000000e+00 -1.537790950948849797e+02
0.000000000000000000e+00 0.000000000000000000e+00 -1.518956401478550902e+02
0.000000000000000000e+00 0.000000000000000000e+00 -1.500687144736305072e+02
0.000000000000000000e+00 0.000000000000000000e+00 -1.483040894409842849e+02
0.000000000000000000e+00 0.000000000000000000e+00 -1.466875135887969748e+02
0.000000000000000000e+00 0.000000000000000000e+00 -1.452368558922615875e+02
0.000000000000000000e+00 0.000000000000000000e+00 -1.438899652972142462e+02
0.000000000000000000e+00 0.000000000000000000e+00 -1.426275728431268703e+02
0.000000000000000000e+00 0.000000000000000000e+00 -1.415371403116016324e+02
0.000000000000000000e+00 0.000000000000000000e+00 -1.406101381909087991e+02
0.000000000000000000e+00 0.000000000000000000e+00 -1.398462703431166574e+02
0.000000000000000000e+00 0.000000000000000000e+00 -1.392235044361584357e+02
0.000000000000000000e+00 0.000000000000000000e+00 -1.388513425648206976e+02
0.000000000000000000e+00 0.000000000000000000e+00 -1.388539705231388268e+02
0.000000000000000000e+00 0.000000000000000000e+00 -1.392046680124271916e+02
0.000000000000000000e+00 0.000000000000000000e+00 -1.399833081119907661e+02
0.000000000000000000e+00 0.000000000000000000e+00 -1.412134430268376946e+02
0.000000000000000000e+00 0.000000000000000000e+00 -1.427171866813212660e+02
0.000000000000000000e+00 0.000000000000000000e+00 -1.442516957394356325e+02
0.000000000000000000e+00 0.000000000000000000e+00 -1.456159479670196220e+02
0.000000000000000000e+00 0.000000000000000000e+00 -1.466871859365188016e+02
0.000000000000000000e+00 0.000000000000000000e+00 -1.474534315687247954e+02
0.000000000000000000e+00 0.000000000000000000e+00 -1.480960860748913603e+02
0.000000000000000000e+00 0.000000000000000000e+00 -1.486421801274860286e+02
0.000000000000000000e+00 0.000000000000000000e+00 -1.491054670401161388e+02
0.000000000000000000e+00 0.000000000000000000e+00 -1.495005865642339984e+02
0.000000000000000000e+00 0.000000000000000000e+00 -1.498012509896954612e+02
0.000000000000000000e+00 0.000000000000000000e+00 -1.500049134945171545e+02
0.000000000000000000e+00 0.000000000000000000e+00 -1.500981561085299631e+02
0.000000000000000000e+00 0.000000000000000000e+00 -1.500858220055128527e+02
0.000000000000000000e+00 0.000000000000000000e+00 -1.500341511266828434e+02
0.000000000000000000e+00 0.000000000000000000e+00 -1.499874898312025664e+02
0.000000000000000000e+00 0.000000000000000000e+00 -1.499920613121515487e+02
0.000000000000000000e+00 0.000000000000000000e+00 -1.500337619895930175e+02
0.000000000000000000e+00 0.000000000000000000e+00 -1.500042862171113143e+02
0.000000000000000000e+00 0.000000000000000000e+00 -1.499874278518259416e+02
0.000000000000000000e+00 0.000000000000000000e+00 -1.499666354055755164e+02
0.000000000000000000e+00 0.000000000000000000e+00 -1.499051673817628796e+02
0.000000000000000000e+00 0.000000000000000000e+00 -1.496773416056198585e+02
0.000000000000000000e+00 0.000000000000000000e+00 -1.492071279468960654e+02
0.000000000000000000e+00 0.000000000000000000e+00 -1.485227753178184003e+02
0.000000000000000000e+00 0.000000000000000000e+00 -1.477114988499392041e+02
0.000000000000000000e+00 0.000000000000000000e+00 -1.468086331739517050e+02
0.000000000000000000e+00 0.000000000000000000e+00 -1.458619331460261606e+02
0.000000000000000000e+00 0.000000000000000000e+00 -1.449684856106258906e+02
0.000000000000000000e+00 0.000000000000000000e+00 -1.440968832659890779e+02
0.000000000000000000e+00 0.000000000000000000e+00 -1.431932312021924361e+02
0.000000000000000000e+00 0.000000000000000000e+00 -1.423065465008655792e+02
0.000000000000000000e+00 0.000000000000000000e+00 -1.413604781171651439e+02
0.000000000000000000e+00 0.000000000000000000e+00 -1.402906663785139472e+02
0.000000000000000000e+00 0.000000000000000000e+00 -1.391387883322879020e+02
0.000000000000000000e+00 0.000000000000000000e+00 -1.379158201669990547e+02
0.000000000000000000e+00 0.000000000000000000e+00 -1.366446890590412409e+02
0.000000000000000000e+00 0.000000000000000000e+00 -1.353618392480550483e+02
0.000000000000000000e+00 0.000000000000000000e+00 -1.340578614151784791e+02
0.000000000000000000e+00 0.000000000000000000e+00 -1.327440007882555051e+02
0.000000000000000000e+00 0.000000000000000000e+00 -1.314075167333932654e+02
0.000000000000000000e+00 0.000000000000000000e+00 -1.300962623523907951e+02
0.000000000000000000e+00 0.000000000000000000e+00 -1.288286934180466403e+02
0.000000000000000000e+00 0.000000000000000000e+00 -1.276443355777618081e+02
0.000000000000000000e+00 0.000000000000000000e+00 -1.264947007395210790e+02
0.000000000000000000e+00 0.000000000000000000e+00 -1.254103620637484084e+02
