0.000000000000000000e+00 0.000000000000000000e+00 3.388022918701172337e-01
0.000000000000000000e+00 0.000000000000000000e+00 3.388022918701172337e-01
1.005035400390674738e-02 5.520326018333435864e-02 3.468339462280274343e-01
1.020385742187546185e-02 5.486226916313172164e-02 3.468447036743164125e-01
1.033843994140681843e-02 5.449723124504089744e-02 3.468683547973633319e-01
1.047607421874996447e-02 5.410105109214783520e-02 3.468981094360352735e-01
1.060394287109378553e-02 5.368256449699402438e-02 3.469399566650391842e-01
1.073028564453171185e-02 5.323941469192505771e-02 3.469880599975586621e-01
1.083984375000035527e-02 5.276847958564758606e-02 3.470564956665039835e-01
1.090789794921942502e-02 5.226856350898743259e-02 3.471243209838867916e-01
1.097900390625028422e-02 5.173344731330872109e-02 3.472087783813476713e-01
1.104492187500039080e-02 5.116499900817871732e-02 3.472865600585938184e-01
1.110961914062524869e-02 5.056200146675110529e-02 3.473667068481445241e-01
1.119873046875063949e-02 4.993493556976318776e-02 3.474368972778321130e-01
1.130676269531250000e-02 4.929401159286499190e-02 3.474985046386719345e-01
1.145935058593750000e-02 4.863129377365112832e-02 3.475422210693360769e-01
1.162750244140653422e-02 4.797516107559204879e-02 3.475766296386718635e-01
1.184204101562524869e-02 4.732810139656067755e-02 3.475979156494141131e-01
1.210388183593735789e-02 4.668982267379761381e-02 3.476056976318360192e-01
1.238861083984410527e-02 4.604168891906738892e-02 3.476008529663086044e-01
1.266510009765653422e-02 4.537235975265503651e-02 3.475493545532226669e-01
1.294555664062535527e-02 4.471062898635864979e-02 3.475627822875977380e-01
1.320800781250053291e-02 4.405651092529297430e-02 3.475921554565429838e-01
1.346954345703199607e-02 4.340589523315430132e-02 3.476591415405273500e-01
1.372283935546914080e-02 4.275914430618286965e-02 3.477216644287108860e-01
1.397064208984399869e-02 4.211748123168945757e-02 3.477773590087891442e-01
1.420898437500017764e-02 4.147563219070435347e-02 3.478364868164063317e-01
1.443878173828139211e-02 4.083287239074707975e-02 3.479040451049805194e-01
1.467468261718796185e-02 4.018975257873536044e-02 3.479757995605469167e-01
1.489501953125049738e-02 3.955087184906006664e-02 3.480407257080078143e-01
1.513061523437553291e-02 3.890976428985596508e-02 3.480960769653320686e-01
1.536560058593750000e-02 3.825876474380493497e-02 3.481436462402344167e-01
1.562652587890678291e-02 3.759316682815552757e-02 3.481782073974609704e-01
1.588226318359442502e-02 3.691426277160644864e-02 3.482035369873047737e-01
1.613891601562489342e-02 3.622416257858276922e-02 3.482232208251953010e-01
1.639587402343689604e-02 3.552299499511719916e-02 3.482328720092773278e-01
1.664215087890674738e-02 3.481767416000366988e-02 3.482366104125976802e-01
1.685333251953125000e-02 3.411332845687867210e-02 3.482386703491211488e-01
1.703277587890639211e-02 3.342085123062134289e-02 3.482291336059570863e-01
1.720184326171914080e-02 3.274139881134034008e-02 3.482213516235352913e-01
1.733215332031257105e-02 3.206594944000244751e-02 3.482044525146485991e-01
1.741241455078146316e-02 3.139508724212647373e-02 3.481901092529297026e-01
1.745422363281257105e-02 3.072872638702393161e-02 3.482000274658203498e-01
1.743927001953160527e-02 3.006642103195190929e-02 3.482032318115233505e-01
1.740234375000060396e-02 2.941388845443726474e-02 3.481429595947266309e-01
1.735687255859375000e-02 2.877339363098144892e-02 3.480431671142578676e-01
1.731262207031214473e-02 2.814733505249024381e-02 3.479207534790039746e-01
1.725006103515625000e-02 2.754688501358033142e-02 3.477668304443360947e-01
1.719696044921903422e-02 2.697148323059082864e-02 3.475981063842773500e-01
1.715606689453164080e-02 2.641088724136353427e-02 3.474096984863281889e-01
1.715087890625000000e-02 2.586464405059814980e-02 3.472079391479492294e-01
1.716491699218813949e-02 2.532166481018067322e-02 3.469998092651367383e-01
1.715881347656189604e-02 2.476817131042480941e-02 3.467791671752930016e-01
1.715759277343753553e-02 2.421669721603394304e-02 3.465574569702150054e-01
1.714172363281196709e-02 2.367204189300537581e-02 3.463288040161133230e-01
1.712280273437549738e-02 2.313683032989503202e-02 3.461112518310547337e-01
1.712097167968806843e-02 2.261769294738770475e-02 3.458978576660156623e-01
1.713623046875056843e-02 2.211377382278442716e-02 3.456889648437500018e-01
1.717681884765642764e-02 2.161849498748780185e-02 3.454786987304688806e-01
1.722930908203146316e-02 2.111130237579345731e-02 3.452497787475585778e-01
1.730834960937510658e-02 2.057433605194092241e-02 3.449844665527344034e-01
1.739654541015678291e-02 2.000143527984619279e-02 3.446890563964843945e-01
1.752868652343764211e-02 1.939836978912353599e-02 3.443430633544922737e-01
1.774658203125056843e-02 1.878415107727050837e-02 3.439673538208007919e-01
1.805847167968810396e-02 1.816613674163818776e-02 3.435767669677735059e-01
1.846405029296871447e-02 1.754996299743652455e-02 3.431972808837890909e-01
1.890380859375007105e-02 1.692407131195068637e-02 3.428414840698242871e-01
1.941925048828174738e-02 1.630958557128906611e-02 3.425467605590820641e-01
2.002624511718753553e-02 1.572394847869873491e-02 3.423176498413086355e-01
2.075164794921935396e-02 1.517693519592284296e-02 3.421654052734375284e-01
2.154327392578192502e-02 1.466562271118164451e-02 3.420893783569336488e-01
2.237884521484367895e-02 1.420030593872070174e-02 3.421325988769531312e-01
2.334106445312489342e-02 1.379449367523193776e-02 3.422762222290038903e-01
2.444885253906292633e-02 1.348227500915527566e-02 3.425314254760742916e-01
2.573852539062571054e-02 1.326515674591064592e-02 3.427595062255859304e-01
2.719543457031203815e-02 1.304942607879638894e-02 3.427218933105469212e-01
2.886077880859438949e-02 1.293595314025879073e-02 3.422803421020508274e-01
3.074218750000046185e-02 1.299408435821533536e-02 3.415474624633789702e-01
3.290618896484431843e-02 1.310964107513427901e-02 3.405359191894531401e-01
3.548645019531182498e-02 1.331289291381836104e-02 3.392139358520508408e-01
3.842559814453139211e-02 1.367246627807616743e-02 3.374533767700195197e-01
4.180053710937503553e-02 1.416227817535400252e-02 3.351928634643555061e-01
4.565612792968742895e-02 1.477196693420410045e-02 3.324700088500976980e-01
5.010498046874989342e-02 1.559046268463135793e-02 3.293703765869141487e-01
5.528717041015696054e-02 1.668314933776856440e-02 3.258289642333983549e-01
6.125793457031214473e-02 1.794133663177491234e-02 3.221625061035157112e-01
6.817382812500039080e-02 1.929565906524659258e-02 3.187323303222656667e-01
7.615997314453171185e-02 2.073430538177491178e-02 3.158137054443360681e-01
8.543334960937531974e-02 2.221355676651001754e-02 3.135869140625000551e-01
9.575927734374989342e-02 2.340559959411622065e-02 3.120891113281250018e-01
1.071023559570312145e-01 2.410873174667359925e-02 3.115731735229492205e-01
1.194125366210938566e-01 2.439364910125733227e-02 3.113894195556641264e-01
1.326077270507814987e-01 2.409922122955323459e-02 3.120560760498046760e-01
1.466787719726569961e-01 2.261963129043580156e-02 3.135124893188476758e-01
1.618453979492189276e-01 2.011437892913819220e-02 3.153295822143554750e-01
1.779577636718752132e-01 1.691194057464600470e-02 3.170992584228516931e-01
1.949447631835941053e-01 1.307710647583009561e-02 3.181330032348632653e-01
2.127920532226568184e-01 8.521075248718271156e-03 3.184558029174805460e-01
2.314059448242193895e-01 3.379797935485859273e-03 3.181634063720703010e-01
2.506378173828123224e-01 -2.143802642822247029e-03 3.168120498657226447e-01
2.706671142578125355e-01 -8.267512321472152148e-03 3.145842666625976447e-01
2.911614990234374645e-01 -1.478563785552976934e-02 3.117676467895508230e-01
3.116860961914067474e-01 -2.173353672027585753e-02 3.084823913574219478e-01
3.320391845703118960e-01 -2.887412548065183132e-02 3.049813766479492205e-01
3.526116943359376421e-01 -3.602263927459712495e-02 3.016770858764648011e-01
3.730322265625005684e-01 -4.309619426727292341e-02 2.992822570800781623e-01
3.930197143554687855e-01 -4.975318431854245521e-02 2.979997177124024121e-01
4.126589965820315342e-01 -5.606939792633052616e-02 2.976828689575196085e-01
4.319583129882813566e-01 -6.209239482879635313e-02 2.982983703613281135e-01
4.510223388671876776e-01 -6.775220394134517932e-02 2.996441574096679883e-01
4.700289916992188566e-01 -7.333455562591548182e-02 3.014485473632813051e-01
4.889382934570312145e-01 -7.879065990447997603e-02 3.035874862670897567e-01
5.077609252929686789e-01 -8.419212818145749289e-02 3.062093276977538858e-01
5.265527343750004974e-01 -8.951842784881589021e-02 3.089203186035156534e-01
5.454254150390625000e-01 -9.478995800018308326e-02 3.116837234497070730e-01
5.643414306640623934e-01 -9.978078365325923627e-02 3.143878097534179572e-01
5.830310058593752842e-01 -1.043167066574096358e-01 3.168092651367188095e-01
6.013964843749999289e-01 -1.083056592941283869e-01 3.188603897094727246e-01
6.190548706054688211e-01 -1.117661428451537653e-01 3.205537719726563317e-01
6.360034179687499289e-01 -1.144918775558471380e-01 3.219599075317383097e-01
6.522698974609371092e-01 -1.167909765243529963e-01 3.230697937011719478e-01
6.681277465820318895e-01 -1.185193014144897139e-01 3.240600891113281090e-01
6.835833740234376066e-01 -1.198102140426635098e-01 3.249349517822266442e-01
6.988040161132813566e-01 -1.207585668563841974e-01 3.254378433227539391e-01
7.138522338867190342e-01 -1.215776777267455477e-01 3.257664794921875107e-01
7.287493896484376066e-01 -1.224461507797240389e-01 3.260502548217772967e-01
7.437811279296875355e-01 -1.231486463546751786e-01 3.262975616455078276e-01
7.587329101562501066e-01 -1.238759756088256281e-01 3.263096160888672159e-01
7.733062744140628553e-01 -1.246552228927611528e-01 3.262140197753906623e-01
7.875231933593749289e-01 -1.254683637619017633e-01 3.261428756713867783e-01
8.013473510742192829e-01 -1.262711095809936068e-01 3.261270065307617649e-01
8.148291015625002132e-01 -1.270634984970092085e-01 3.262237854003906534e-01
8.280749511718754619e-01 -1.276282453536986550e-01 3.263769073486328942e-01
8.414700317382814987e-01 -1.278769063949583840e-01 3.265293426513672381e-01
8.553707885742189987e-01 -1.278011846542357610e-01 3.265924758911132875e-01
8.697598266601564987e-01 -1.276052618026732588e-01 3.264861984252930283e-01
8.846826171874999645e-01 -1.272802305221557295e-01 3.263938827514648588e-01
9.000811767578120737e-01 -1.269378805160521761e-01 3.264025802612304794e-01
9.159503173828120737e-01 -1.267197561264037653e-01 3.265462799072266220e-01
9.322848510742192119e-01 -1.266340017318725031e-01 3.265744323730469523e-01
9.489865112304691763e-01 -1.265948057174682007e-01 3.263759918212890687e-01
9.659878540039068540e-01 -1.268027639389037731e-01 3.257806701660156401e-01
9.832525634765625355e-01 -1.274340963363646828e-01 3.248569793701172603e-01
1.000662536621094389e+00 -1.289395856857298850e-01 3.234913558959960911e-01
1.018253479003906392e+00 -1.311714696884154485e-01 3.217883987426758408e-01
1.035970764160156321e+00 -1.346985197067259998e-01 3.200662918090820819e-01
1.053679504394531730e+00 -1.388444471359251975e-01 3.183874435424804972e-01
1.071670532226562056e+00 -1.437799024581908613e-01 3.170598144531250329e-01
1.089654541015625533e+00 -1.487130308151244362e-01 3.157459564208984215e-01
1.107770080566406801e+00 -1.538442564010619185e-01 3.146381301879883630e-01
1.125952148437500355e+00 -1.592190885543822432e-01 3.137970275878906312e-01
1.144123229980468892e+00 -1.645779371261595903e-01 3.133753890991211044e-01
1.162314758300781570e+00 -1.699969244003295132e-01 3.135158462524414436e-01
1.180495605468750320e+00 -1.754375410079955511e-01 3.141818923950195908e-01
1.198796691894531641e+00 -1.811028051376342152e-01 3.150786514282226669e-01
1.217312927246094301e+00 -1.868409872055053489e-01 3.160689086914063584e-01
1.236115112304688068e+00 -1.926343679428099975e-01 3.169509811401367561e-01
1.255415954589844230e+00 -1.985724210739134576e-01 3.176631088256836044e-01
1.275056457519531783e+00 -2.047081136703490511e-01 3.183065338134766220e-01
1.294969482421875373e+00 -2.108293104171751475e-01 3.188547439575195597e-01
1.315454406738281623e+00 -2.167040205001830311e-01 3.191832275390625862e-01
1.336152343750000249e+00 -2.222542142868041137e-01 3.193646545410157023e-01
1.356756896972656445e+00 -2.274767255783080311e-01 3.195119018554688495e-01
1.377001037597656463e+00 -2.322990942001341985e-01 3.196045989990233815e-01
1.396679077148437198e+00 -2.366204977035521184e-01 3.197505874633789213e-01
1.416118164062500462e+00 -2.404236555099486250e-01 3.197537918090820330e-01
1.435328369140625338e+00 -2.437059354782103726e-01 3.196968765258789702e-01
1.454397277832031765e+00 -2.464183568954466386e-01 3.196729202270508496e-01
1.473437194824219088e+00 -2.487134313583373169e-01 3.197278900146485192e-01
1.492369079589844105e+00 -2.507015943527221569e-01 3.199011917114258363e-01
1.511307678222656659e+00 -2.523653745651244229e-01 3.201139373779297026e-01
1.530352783203125178e+00 -2.537830114364623135e-01 3.202757949829101447e-01
1.549564208984375302e+00 -2.548839902877806929e-01 3.203385086059570286e-01
1.568951110839844176e+00 -2.555620145797729004e-01 3.203342742919922381e-01
1.588332824707031410e+00 -2.557301282882689653e-01 3.200953216552734348e-01
1.607577819824219212e+00 -2.554071569442748491e-01 3.198401947021485281e-01
1.626595153808594318e+00 -2.547240400314330078e-01 3.196489639282227291e-01
1.645576782226562784e+00 -2.536515378952025612e-01 3.196681137084961266e-01
1.664846191406250231e+00 -2.522547101974486616e-01 3.199200744628906135e-01
1.684552001953125266e+00 -2.505794858932494651e-01 3.203256149291993093e-01
1.704442138671875551e+00 -2.487134695053099531e-01 3.207907791137695197e-01
1.724305114746094159e+00 -2.468099355697630226e-01 3.213072891235352335e-01
1.743742065429688459e+00 -2.448902463912962235e-01 3.214589996337890998e-01
1.762572631835937820e+00 -2.432312917709349154e-01 3.214302749633789480e-01
1.781072082519531641e+00 -2.421497488021848998e-01 3.214461441040039613e-01
1.799193725585937820e+00 -2.416283369064330111e-01 3.214653701782227424e-01
1.816870422363281445e+00 -2.415450429916380648e-01 3.214567871093750862e-01
1.834073486328125391e+00 -2.419466161727904241e-01 3.214692611694336399e-01
1.850909118652344088e+00 -2.429689359664915782e-01 3.215201110839843723e-01
1.867411499023437838e+00 -2.447092962265013105e-01 3.216330642700195863e-01
1.883846435546875142e+00 -2.467101240158079689e-01 3.218032760620117561e-01
1.900271911621094212e+00 -2.488827848434446988e-01 3.221689147949219345e-01
1.916712036132812713e+00 -2.511545324325560324e-01 3.229012222290039702e-01
1.933173828125000160e+00 -2.530999708175658003e-01 3.236392517089844434e-01
1.949705810546875195e+00 -2.545781850814818337e-01 3.247507019042968901e-01
1.966382141113281801e+00 -2.557344961166380659e-01 3.260420532226563362e-01
1.982970581054688264e+00 -2.563142919540404296e-01 3.273752517700195819e-01
1.999559020996094283e+00 -2.562878370285033292e-01 3.287785263061523411e-01
2.016234741210937820e+00 -2.557725477218626975e-01 3.302923126220703720e-01
2.033108520507812766e+00 -2.548067235946654407e-01 3.316858215332031401e-01
2.050184326171875515e+00 -2.532860898971556751e-01 3.328826828002929838e-01
2.067406311035156818e+00 -2.512400197982787020e-01 3.337391204833983771e-01
2.084749145507812873e+00 -2.486792898178099287e-01 3.344623870849610103e-01
2.101976013183594283e+00 -2.457331418991087479e-01 3.352475280761718635e-01
2.118679199218750586e+00 -2.425259923934935669e-01 3.359476013183594345e-01
2.134615173339843963e+00 -2.391861677169797862e-01 3.364527435302734348e-01
2.149681701660156818e+00 -2.356711530685423328e-01 3.368647308349609348e-01
2.163771362304688584e+00 -2.315835905075071810e-01 3.371478576660156268e-01
2.177001342773437820e+00 -2.268538808822630204e-01 3.373591537475586488e-01
2.189602661132812766e+00 -2.216341352462767589e-01 3.374934310913085822e-01
2.201727294921875355e+00 -2.158946752548216164e-01 3.375864334106445375e-01
2.213501586914063068e+00 -2.096081113815305985e-01 3.376634140014648233e-01
2.225054626464844088e+00 -2.028175878524779152e-01 3.377364273071289391e-01
2.236511535644531534e+00 -1.955844831466673484e-01 3.379326934814453898e-01
2.248015441894531730e+00 -1.878856039047239745e-01 3.381407089233399166e-01
2.259590148925781694e+00 -1.797001028060911665e-01 3.383516998291016264e-01
2.271168823242188495e+00 -1.708072042465209051e-01 3.385076828002929750e-01
2.282125854492188299e+00 -1.610030508041380426e-01 3.384373016357422603e-01
2.292498474121094088e+00 -1.507983541488646106e-01 3.380380935668945153e-01
2.302509765625000426e+00 -1.402331876754759343e-01 3.372491760253906179e-01
2.312143554687500213e+00 -1.292875051498411643e-01 3.361856384277344123e-01
2.321371459960937855e+00 -1.179546308517454567e-01 3.351119918823242116e-01
2.330155029296875568e+00 -1.061164426803587468e-01 3.342701644897461133e-01
2.338479614257813033e+00 -9.376513957977278269e-02 3.337695236206055238e-01
2.346435546875000444e+00 -8.091683864593490760e-02 3.336333007812500862e-01
2.354136352539062838e+00 -6.761746883392319440e-02 3.338336868286133630e-01
2.361618652343750568e+00 -5.384328365325912608e-02 3.345008392333983505e-01
2.369003295898437944e+00 -3.972695827484116343e-02 3.354178161621094167e-01
2.376317443847656641e+00 -2.578145503997786997e-02 3.362285919189453853e-01
2.383670043945312678e+00 -1.228270053863509542e-02 3.367589874267578054e-01
2.391265258789062820e+00 5.560255050660739551e-04 3.367596740722657023e-01
2.399207458496094070e+00 1.257019519805923496e-02 3.362473220825196174e-01
2.407463989257812909e+00 2.369746208190933595e-02 3.353008575439453409e-01
2.416088562011719176e+00 3.403776645660416128e-02 3.340601272583008097e-01
2.425335083007813086e+00 4.375018596649185576e-02 3.326232452392579031e-01
2.435269470214844301e+00 5.295502185821548968e-02 3.310290069580078542e-01
2.445580749511718999e+00 6.194384098052994198e-02 3.292451782226563095e-01
2.455964050292969159e+00 7.128576755523696740e-02 3.273484344482422426e-01
2.466108703613281605e+00 8.111211776733413814e-02 3.258289260864257741e-01
2.475860290527343910e+00 9.166514396667496678e-02 3.249526901245117783e-01
2.485182189941406605e+00 1.032294416427613770e-01 3.246779174804688139e-01
2.493801574707032120e+00 1.156824159622193982e-01 3.250262756347657156e-01
2.501750640869140785e+00 1.285985279083253496e-01 3.258327407836913991e-01
2.509126434326172106e+00 1.419629812240602029e-01 3.268929977416992205e-01
2.515701293945312944e+00 1.557750368118287765e-01 3.281133956909180194e-01
2.521727142333984428e+00 1.700528192520143200e-01 3.294217224121094301e-01
2.527435150146484677e+00 1.848740434646607977e-01 3.306400604248047603e-01
2.532907409667969567e+00 2.004327917099000544e-01 3.315573425292969167e-01
2.538177032470703587e+00 2.166910791397096414e-01 3.322131652832032156e-01
2.543143310546875480e+00 2.332073831558229282e-01 3.325197525024414791e-01
2.547737884521484641e+00 2.497890138626100431e-01 3.324610443115234570e-01
2.552113189697265749e+00 2.663003396987916882e-01 3.321492691040039968e-01
2.556535644531250373e+00 2.827491617202760321e-01 3.314709777832031135e-01
2.560996093750000480e+00 2.991570520401002908e-01 3.304122467041016309e-01
2.565218811035156588e+00 3.156436395645143000e-01 3.290468521118163903e-01
2.569114685058594194e+00 3.321846818923951949e-01 3.273932571411133363e-01
2.572692260742188264e+00 3.487800455093385543e-01 3.255859298706055283e-01
2.575948638916016442e+00 3.654526185989381837e-01 3.237391586303711710e-01
2.579046936035156445e+00 3.821986627578736750e-01 3.220637054443360459e-01
2.581738891601562891e+00 3.993160867691041838e-01 3.203041763305664036e-01
2.584015655517578391e+00 4.168502664566041682e-01 3.185441131591797426e-01
2.586023101806640856e+00 4.345137643814088735e-01 3.168679733276367205e-01
2.587774505615235032e+00 4.519881296157838291e-01 3.154370803833008718e-01
2.589689788818359872e+00 4.690871286392213624e-01 3.142841262817382963e-01
2.591929016113281303e+00 4.857523965835572888e-01 3.133134002685546982e-01
2.594347229003906463e+00 5.019999551773073332e-01 3.126641387939453898e-01
2.596877441406250320e+00 5.180057382583620473e-01 3.123830337524414746e-01
2.599683074951172124e+00 5.337856912612917171e-01 3.124446411132812962e-01
2.602870483398437962e+00 5.493748712539674450e-01 3.129571838378906179e-01
2.606651153564453427e+00 5.647337198257448287e-01 3.139375991821289347e-01
2.610928344726562766e+00 5.797982645034792659e-01 3.153236694335938006e-01
2.615366210937500213e+00 5.945602273941041904e-01 3.171049804687500195e-01
2.620210266113281339e+00 6.086201333999635699e-01 3.191876907348633052e-01
2.625792541503906730e+00 6.215731668472290750e-01 3.217878265380860192e-01
2.632206420898437926e+00 6.333760690689088646e-01 3.249412841796874840e-01
2.639213714599609517e+00 6.442157602310182307e-01 3.284601516723633097e-01
2.646978454589844709e+00 6.540432214736939809e-01 3.321317977905273722e-01
2.655325927734375480e+00 6.629490137100221281e-01 3.357171936035157067e-01
2.664152221679688015e+00 6.711752939224244763e-01 3.386833877563476536e-01
2.673406524658203498e+00 6.786693429946900613e-01 3.411327667236327965e-01
2.683006591796875284e+00 6.856862115859987394e-01 3.430757827758789125e-01
2.692946929931641087e+00 6.923311090469361773e-01 3.444553680419921715e-01
2.703402404785156588e+00 6.978696298599245118e-01 3.451742095947265554e-01
2.714590911865235157e+00 7.024740457534791593e-01 3.452404327392578631e-01
2.725979461669922443e+00 7.060631418228151546e-01 3.446370239257813273e-01
2.737467346191406747e+00 7.088717508316041416e-01 3.436944885253906401e-01
2.749197692871093945e+00 7.112764596939088468e-01 3.425247116088867561e-01
2.761432189941406712e+00 7.133564615249635699e-01 3.410030670166016575e-01
2.774395599365234943e+00 7.150250101089479227e-01 3.395259780883789213e-01
2.788084716796875195e+00 7.165659952163697666e-01 3.382508392333983815e-01
2.802231750488281214e+00 7.179107522964479626e-01 3.372452850341797204e-01
2.816595611572265678e+00 7.190509653091432529e-01 3.364429779052734437e-01
2.830457305908203658e+00 7.204012155532838468e-01 3.358702774047852557e-01
2.843775634765625338e+00 7.220173501968385477e-01 3.355861206054688850e-01
2.856648406982422284e+00 7.237608194351198287e-01 3.351633377075196041e-01
2.869048614501953587e+00 7.257270669937135876e-01 3.348074645996094167e-01
2.880998992919922230e+00 7.280004739761354315e-01 3.344772644042969256e-01
2.892480468750000533e+00 7.306567239761354582e-01 3.341632385253906490e-01
2.903489532470703516e+00 7.337196969985964046e-01 3.338977355957031268e-01
2.913947448730469514e+00 7.372074747085572977e-01 3.337184829711914436e-01
2.923962707519531801e+00 7.410495615005494585e-01 3.336675186157227468e-01
2.933583374023438051e+00 7.451090097427369718e-01 3.336761398315429838e-01
2.943006744384765838e+00 7.495243692398072533e-01 3.337152404785156401e-01
2.952425689697265820e+00 7.543100595474244718e-01 3.337963409423828631e-01
2.962043304443359837e+00 7.593403482437135477e-01 3.338817901611328409e-01
2.971988983154297159e+00 7.646196603775026190e-01 3.339027709960937784e-01
2.982197265625000426e+00 7.698553323745729315e-01 3.338515396118164613e-01
2.992469940185547461e+00 7.748593759536744896e-01 3.336850662231445330e-01
3.002797698974609464e+00 7.794431161880495118e-01 3.334603042602539702e-01
3.013307037353516460e+00 7.836057901382448287e-01 3.332263870239258186e-01
3.023971099853516087e+00 7.874163675308228916e-01 3.329783554077149210e-01
3.034813232421875284e+00 7.907545328140260787e-01 3.327731628417969212e-01
3.045895843505859624e+00 7.935825967788697755e-01 3.326145858764648633e-01
3.057223358154297355e+00 7.958311319351197843e-01 3.326628799438476891e-01
3.068806152343750426e+00 7.974429941177370029e-01 3.329461975097656179e-01
3.080719604492188068e+00 7.984011697769166638e-01 3.334695358276367205e-01
3.092936401367188282e+00 7.986438608169557085e-01 3.342564697265625329e-01
3.105348358154297550e+00 7.982425546646120251e-01 3.352658004760742383e-01
3.117957458496094070e+00 7.972701883316041238e-01 3.363846511840821174e-01
3.130707550048828836e+00 7.957430124282838246e-01 3.375628204345703098e-01
3.143560791015625355e+00 7.936651468276979537e-01 3.386978836059570952e-01
3.156381530761718679e+00 7.911183023452760255e-01 3.397524566650391709e-01
3.169215087890625338e+00 7.881887674331666815e-01 3.406489105224609348e-01
3.182059936523438104e+00 7.848579263687135432e-01 3.413627548217773588e-01
3.194747619628906854e+00 7.810394144058229182e-01 3.414501113891601491e-01
3.207221527099609393e+00 7.767299509048463113e-01 3.408394546508789480e-01
3.219213409423828498e+00 7.719714212417604360e-01 3.396015853881836355e-01
3.230597229003906889e+00 7.666454935073854227e-01 3.379954833984375462e-01
3.241262817382812855e+00 7.608540201187135033e-01 3.358422775268554705e-01
3.251007080078125444e+00 7.546457529067994718e-01 3.339530105590821085e-01
3.259784851074218892e+00 7.480174875259401057e-01 3.322236938476562651e-01
3.267635650634765909e+00 7.409647989273072666e-01 3.308657379150391487e-01
3.274642639160156854e+00 7.334593057632448065e-01 3.298131866455078498e-01
3.280953216552735086e+00 7.254648447036744496e-01 3.291622085571289658e-01
3.286605224609375320e+00 7.171381998062135166e-01 3.289174194335937607e-01
3.291864013671875533e+00 7.085173654556276013e-01 3.291232223510742738e-01
3.296846160888672550e+00 6.993834924697878153e-01 3.301544876098633230e-01
3.301243286132812926e+00 6.894777917861940608e-01 3.315155715942382786e-01
3.305151977539062980e+00 6.790274286270143733e-01 3.331297607421875862e-01
3.308702850341797230e+00 6.681051111221315564e-01 3.351036376953124840e-01
3.311853027343750533e+00 6.568945932388308151e-01 3.370930023193360325e-01
3.314536743164063104e+00 6.453753519058229582e-01 3.389631195068359970e-01
3.316913146972656712e+00 6.333936166763307618e-01 3.405196304321289613e-01
3.319102783203125462e+00 6.208284235000612883e-01 3.417209167480469434e-01
3.321160736083984766e+00 6.077399301528932929e-01 3.425076217651367161e-01
3.323387451171875284e+00 5.944149637222291283e-01 3.426962585449219167e-01
3.326088409423828551e+00 5.808583688735964312e-01 3.422304840087890820e-01
3.329311218261719052e+00 5.676675271987917659e-01 3.411255950927735148e-01
3.333088226318359659e+00 5.550449609756472613e-01 3.394654769897461621e-01
3.337352142333984695e+00 5.429610681533816319e-01 3.371021194458008186e-01
3.342127380371094247e+00 5.313164377212526990e-01 3.346072311401367960e-01
3.347591857910156676e+00 5.199962472915652389e-01 3.317912216186523766e-01
3.353544006347656925e+00 5.089240121841432929e-01 3.285431213378906534e-01
3.359884643554687855e+00 4.982946634292604871e-01 3.258065719604492649e-01
3.366453399658203338e+00 4.876279306411745451e-01 3.239824600219727291e-01
3.372644805908203480e+00 4.763993310928347213e-01 3.226824493408203542e-01
3.378413238525391105e+00 4.645786905288699087e-01 3.219086380004883008e-01
3.384075012207031552e+00 4.522453165054324264e-01 3.219666213989258452e-01
3.389474334716797266e+00 4.397242593765260943e-01 3.227048416137695552e-01
3.394587707519531428e+00 4.270299386978151923e-01 3.242518157958984570e-01
3.399518280029297124e+00 4.140654993057253375e-01 3.260897369384766487e-01
3.404133453369141193e+00 4.006881952285769044e-01 3.280055160522461488e-01
3.408936157226563068e+00 3.869470071792605048e-01 3.296530838012695641e-01
3.413681640625000568e+00 3.728157663345338935e-01 3.312279815673828676e-01
3.418348846435547372e+00 3.583842897415163153e-01 3.327198333740234437e-01
3.422843933105469194e+00 3.438256692886354493e-01 3.340227432250977291e-01
3.427021179199218892e+00 3.293947076797487661e-01 3.349472351074218590e-01
3.430422515869141264e+00 3.150198602676393400e-01 3.354156417846679838e-01
3.433097381591797337e+00 3.006956338882448287e-01 3.355523605346679705e-01
3.435179595947265963e+00 2.865028619766237239e-01 3.353152008056641264e-01
3.436830749511718963e+00 2.723354959487916949e-01 3.348925323486328098e-01
3.438206481933594461e+00 2.580451631546022417e-01 3.344219894409180549e-01
3.439564056396484659e+00 2.436247873306276457e-01 3.339247817993163947e-01
3.440804748535156499e+00 2.291932725906374313e-01 3.337254638671874885e-01
3.442044372558593857e+00 2.146649217605592908e-01 3.339434738159180460e-01
3.443349456787109908e+00 2.000451517105104604e-01 3.347367019653321174e-01
3.444939880371093999e+00 1.854904794692995573e-01 3.360646362304688939e-01
3.446805267333984624e+00 1.712980127334596814e-01 3.376991958618164036e-01
3.449067840576172550e+00 1.574419355392458197e-01 3.394972152709960778e-01
3.451900787353515909e+00 1.437820577621462259e-01 3.413613433837890954e-01
3.455670013427734943e+00 1.302319860458376333e-01 3.432508010864258052e-01
3.459817047119140732e+00 1.165279150009157494e-01 3.451774902343750506e-01
3.464173736572266016e+00 1.026636266708376155e-01 3.473000259399414702e-01
3.468781433105469159e+00 8.880243778228781582e-02 3.493852157592772789e-01
3.473632812500000444e+00 7.508788585662863613e-02 3.513832778930664480e-01
3.478742218017578658e+00 6.147065639495871009e-02 3.530749053955078987e-01
3.484133758544922355e+00 4.810915470123312832e-02 3.544160385131835955e-01
3.489862823486328480e+00 3.523201465606711630e-02 3.553605575561523677e-01
3.495865325927734801e+00 2.292636394500754266e-02 3.559249420166016309e-01
3.502089080810547372e+00 1.134635448455832002e-02 3.562762374877930238e-01
3.508336791992188175e+00 6.412649154665245321e-04 3.565091629028320774e-01
3.514752502441406357e+00 -9.018483161926056646e-03 3.566801757812499973e-01
3.521361083984375639e+00 -1.810819149017312696e-02 3.568647308349609526e-01
3.528097839355469389e+00 -2.713016033172584857e-02 3.571501846313477335e-01
3.535064392089844354e+00 -3.608689785003641598e-02 3.576879043579102024e-01
3.542302246093750107e+00 -4.498305797576879900e-02 3.583263702392578409e-01
3.549752197265625409e+00 -5.372123241424536094e-02 3.589146347045898411e-01
3.557371978759765963e+00 -6.217685222625708025e-02 3.593640823364258052e-01
3.565057830810546946e+00 -7.025197505950905863e-02 3.596386260986328409e-01
3.572799987792969034e+00 -7.786785602569556985e-02 3.596393508911133186e-01
3.580506591796875249e+00 -8.497771739959691928e-02 3.593526763916016220e-01
3.588123626708984659e+00 -9.145936489105199740e-02 3.588306732177735103e-01
3.595706176757812678e+00 -9.717904567718482767e-02 3.580703277587891087e-01
3.603278808593750604e+00 -1.019448995590207518e-01 3.570481033325195730e-01
3.610830535888672088e+00 -1.058728170394895030e-01 3.559612579345703409e-01
3.618214874267578374e+00 -1.091809225082394919e-01 3.548409194946289258e-01
3.625575408935547195e+00 -1.119160795211789627e-01 3.537282104492188717e-01
3.633018951416016051e+00 -1.142531919479367608e-01 3.528179092407226491e-01
3.640428771972656463e+00 -1.163497304916379371e-01 3.522984237670898633e-01
3.647724914550781961e+00 -1.183277845382688098e-01 3.522784729003907156e-01
3.654972839355469461e+00 -1.202802038192746503e-01 3.527020950317383274e-01
3.662100830078125480e+00 -1.225004148483273825e-01 3.535302658081055371e-01
3.669010162353516069e+00 -1.251121854782102083e-01 3.544459838867188850e-01
3.675655517578125142e+00 -1.281548833847043767e-01 3.552283401489257919e-01
3.682005157470703338e+00 -1.316222143173215453e-01 3.559207458496094212e-01
3.688078155517578338e+00 -1.354975271224972688e-01 3.564914245605469434e-01
3.693844909667968857e+00 -1.397653722763058937e-01 3.568549270629882697e-01
3.699260406494141229e+00 -1.443242597579953712e-01 3.570077056884766176e-01
3.704352264404297213e+00 -1.490983343124387683e-01 3.569430465698242294e-01
3.709136962890625444e+00 -1.540910673141477061e-01 3.567175598144531889e-01
3.713598785400391122e+00 -1.592553853988644963e-01 3.563301010131836311e-01
3.717728271484375568e+00 -1.644550085067746636e-01 3.557909698486328987e-01
3.721740722656250444e+00 -1.697072935104368130e-01 3.550405426025391442e-01
3.725839843750000213e+00 -1.749101209640500920e-01 3.540395660400391664e-01
3.730137786865234784e+00 -1.797801733016964887e-01 3.533212203979492205e-01
3.734556121826172248e+00 -1.843203687667844259e-01 3.529051895141601669e-01
3.739069824218750338e+00 -1.884608411788938065e-01 3.526375885009765954e-01
3.743729553222656659e+00 -1.921506261825559336e-01 3.524522705078125817e-01
3.748560028076171946e+00 -1.952919530868527931e-01 3.523489685058593945e-01
3.753285217285156961e+00 -1.979526472091672484e-01 3.523141784667969123e-01
3.757982025146485050e+00 -2.001987600326536054e-01 3.522835464477539480e-01
3.762403869628906605e+00 -2.019346570968625632e-01 3.522085494995117472e-01
3.766613159179687642e+00 -2.031306982040402553e-01 3.523459548950195197e-01
3.770661773681641016e+00 -2.034671545028683692e-01 3.528182907104492338e-01
3.774615478515625178e+00 -2.033735609054563021e-01 3.536100311279297692e-01
3.778492202758789276e+00 -2.033344602584836458e-01 3.546198959350586044e-01
3.782376174926758150e+00 -2.032850790023801035e-01 3.557243652343750062e-01
3.786248703002930149e+00 -2.029984617233273891e-01 3.568967742919921804e-01
3.790092086791992720e+00 -2.019881200790402953e-01 3.581424255371093990e-01
3.793916320800781783e+00 -1.999119138717649069e-01 3.592226715087890598e-01
3.797654647827148899e+00 -1.971458196640012150e-01 3.600902481079102380e-01
3.801173171997070277e+00 -1.938359975814817060e-01 3.608345718383789702e-01
3.804529953002930398e+00 -1.901746892929074562e-01 3.614048309326172159e-01
3.807572784423828516e+00 -1.861817312240598155e-01 3.618230361938477024e-01
3.810405120849609695e+00 -1.819216489791868063e-01 3.619414825439453143e-01
3.813142395019531783e+00 -1.775918149948117197e-01 3.616469497680664391e-01
3.815978851318359677e+00 -1.733067274093625376e-01 3.608735961914063539e-01
3.819036941528320739e+00 -1.691693830490109962e-01 3.595734710693360148e-01
3.822371826171875320e+00 -1.653544187545774036e-01 3.576201934814453587e-01
3.825926208496094105e+00 -1.617975187301632922e-01 3.551402587890625240e-01
3.829750595092773935e+00 -1.584469747543332530e-01 3.522768707275392153e-01
3.833896331787109979e+00 -1.554691457748410555e-01 3.493492813110352646e-01
3.838343887329101811e+00 -1.523990392684934359e-01 3.464154739379883274e-01
3.843159255981445810e+00 -1.491714429855344193e-01 3.437517852783203987e-01
3.848456878662109837e+00 -1.458120679855344215e-01 3.415869064331055194e-01
3.854230346679687891e+00 -1.422679471969602039e-01 3.397531814575195375e-01
3.860400772094727095e+00 -1.383880186080930219e-01 3.382393569946289258e-01
3.866839141845703320e+00 -1.340486097335812921e-01 3.369118423461914258e-01
3.873617630004883239e+00 -1.291438055038449384e-01 3.357281417846680327e-01
3.880486755371093999e+00 -1.236053228378293511e-01 3.346219940185547470e-01
3.887310485839844176e+00 -1.174709463119504305e-01 3.335181732177734393e-01
3.893923568725586648e+00 -1.106310606002805230e-01 3.324940795898437829e-01
3.900390090942383203e+00 -1.030344152450559103e-01 3.315412826538086666e-01
3.906632995605469283e+00 -9.463664531707738359e-02 3.305810089111328454e-01
3.912677993774414276e+00 -8.547306537628149292e-02 3.297989578247070286e-01
3.918193588256836613e+00 -7.586781978607154420e-02 3.293128509521485725e-01
3.923057174682617720e+00 -6.579882144927953758e-02 3.293178100585938406e-01
3.927529678344726882e+00 -5.500895023345923202e-02 3.296575088500977024e-01
3.931600875854492472e+00 -4.355214595794653504e-02 3.302575225830078898e-01
3.935084152221680398e+00 -3.179058551788307291e-02 3.309155960083007830e-01
3.938293762207031534e+00 -2.004663944244360757e-02 3.314552612304688672e-01
3.941470718383789595e+00 -8.514914512634037813e-03 3.317415924072265598e-01
3.944708099365234588e+00 2.743115425110104200e-03 3.318487472534179528e-01
3.948014373779297426e+00 1.383760929107689941e-02 3.315292282104492783e-01
3.951271972656250409e+00 2.480123996734643482e-02 3.306724472045897700e-01
3.954485702514649148e+00 3.565212726593042225e-02 3.294644088745117827e-01
3.957631683349609908e+00 4.646051883697534246e-02 3.280272979736328365e-01
3.960744628906250675e+00 5.727221965789819347e-02 3.265406723022461488e-01
3.963883209228516336e+00 6.802770137786889881e-02 3.251887435913086710e-01
3.967101058959961346e+00 7.870289325714135975e-02 3.241307754516602468e-01
3.970445327758789666e+00 8.932353496551538596e-02 3.234892578125000417e-01
3.973940734863281588e+00 1.000544691085817894e-01 3.233424682617188628e-01
3.977555160522461275e+00 1.109647226333620729e-01 3.237008209228516842e-01
3.981171417236328836e+00 1.221651887893679261e-01 3.243132705688477335e-01
3.984850234985351847e+00 1.337327146530153943e-01 3.248767776489258630e-01
3.988618850708008257e+00 1.457115221023561891e-01 3.253072280883789746e-01
3.992732849121094052e+00 1.580719137191775037e-01 3.255565948486328631e-01
3.997181930541992667e+00 1.708975076675417482e-01 3.256281204223633319e-01
4.001955184936523580e+00 1.842332410812380639e-01 3.254880447387695774e-01
4.006881103515625320e+00 1.980874872207644133e-01 3.252190704345703232e-01
4.011747360229492188e+00 2.124505472183230159e-01 3.249054641723633230e-01
4.016278152465821094e+00 2.266873407363894088e-01 3.245460052490234393e-01
4.020478744506836399e+00 2.405876779556276879e-01 3.240504760742188850e-01
4.024616775512695810e+00 2.539131784439088713e-01 3.235050888061523633e-01
4.028555755615235157e+00 2.665786790847780585e-01 3.232936019897461044e-01
4.032265777587890732e+00 2.785991525650026723e-01 3.234890670776368049e-01
4.035493469238281783e+00 2.897263956069948687e-01 3.243535537719727246e-01
4.038460617065430469e+00 2.999076128005984110e-01 3.256327743530273988e-01
4.041492462158203125e+00 3.091377878189088824e-01 3.267722244262695197e-01
4.044806365966797657e+00 3.173553323745729737e-01 3.274354858398438317e-01
4.048236541748047479e+00 3.246573305130007192e-01 3.278212280273438139e-01
4.051647796630859943e+00 3.314116907119753486e-01 3.281151123046874840e-01
4.054936904907227024e+00 3.378948450088503641e-01 3.283660049438477113e-01
4.058146667480468928e+00 3.441026926040652301e-01 3.286823577880859659e-01
4.061791152954102202e+00 3.500734567642214135e-01 3.289913482666017019e-01
4.065289840698242507e+00 3.560954523086550250e-01 3.294770736694336843e-01
4.068823928833007919e+00 3.622498178482058129e-01 3.300873107910156090e-01
4.072474670410156428e+00 3.686513757705690564e-01 3.309052200317382786e-01
4.076180572509765732e+00 3.753465127944948798e-01 3.319900054931641531e-01
4.080042266845703480e+00 3.823757410049440919e-01 3.333539886474610192e-01
4.084119415283203658e+00 3.898600625991824331e-01 3.346661300659180549e-01
4.088449554443359446e+00 3.977657938003542060e-01 3.358140106201171760e-01
4.092975463867187358e+00 4.059729242324831566e-01 3.368818588256836666e-01
4.097756347656250853e+00 4.144528436660768755e-01 3.378234024047852557e-01
4.103016967773437607e+00 4.232575845718385965e-01 3.385893554687500195e-01
4.108762207031250391e+00 4.324342966079714468e-01 3.391844863891602113e-01
4.115047454833984375e+00 4.418852472305300205e-01 3.395383377075196218e-01
4.121989135742187393e+00 4.515815210342409292e-01 3.397367401123047026e-01
4.129549484252930114e+00 4.614078378677370917e-01 3.399384613037108593e-01
4.137788391113281783e+00 4.713357400894167548e-01 3.401094360351563095e-01
4.146883773803711648e+00 4.812182092666628108e-01 3.401648635864258363e-01
4.156516265869140803e+00 4.905990457534792903e-01 3.401356048583984437e-01
4.166442337036133203e+00 4.990123987197878086e-01 3.400556106567382830e-01
4.176302108764648580e+00 5.062514734268190875e-01 3.398406906127929838e-01
4.185923843383789311e+00 5.123158121109011587e-01 3.396613616943360281e-01
4.195412063598633168e+00 5.170828104019167260e-01 3.396194381713867338e-01
4.204839782714843821e+00 5.206619501113893822e-01 3.398110122680664258e-01
4.214166793823242330e+00 5.234406518936161046e-01 3.401470489501953187e-01
4.223409652709960938e+00 5.258312082290651501e-01 3.405422134399413991e-01
4.232567291259766051e+00 5.279927682876589534e-01 3.409559936523437473e-01
4.241466445922851491e+00 5.301907968521121228e-01 3.413837738037108771e-01
4.250119552612305007e+00 5.326431894302371406e-01 3.419026107788086799e-01
4.258663482666015909e+00 5.352172708511354626e-01 3.424879760742188806e-01
4.267186508178711257e+00 5.377318429946902345e-01 3.433785171508789702e-01
4.275699996948242543e+00 5.401568460464479804e-01 3.441586990356445552e-01
4.284269104003906925e+00 5.424939584732058062e-01 3.448060531616211621e-01
4.292912597656250107e+00 5.446694803237918103e-01 3.452418823242188184e-01
4.301577072143555114e+00 5.467849969863893822e-01 3.455456466674805549e-01
4.310472488403320312e+00 5.489026498794558062e-01 3.453413314819335778e-01
4.319790420532227060e+00 5.508699655532839357e-01 3.442987747192383097e-01
4.329434967041016158e+00 5.526975107192996228e-01 3.426205749511719301e-01
4.339473342895508345e+00 5.546393442153932929e-01 3.405828399658203942e-01
4.349891510009766371e+00 5.568547677993777034e-01 3.383560485839843812e-01
4.360596237182617685e+00 5.593873834609988105e-01 3.363017959594727380e-01
4.371380462646484943e+00 5.621493768692018556e-01 3.344090194702149521e-01
4.381913909912110050e+00 5.651817178726198376e-01 3.327727432250976447e-01
4.392173461914063104e+00 5.681727838516237306e-01 3.312395782470703987e-01
4.402193756103516264e+00 5.709092569351198465e-01 3.297300262451172692e-01
4.411965827941894958e+00 5.732998895645143866e-01 3.284593887329101403e-01
4.421394805908203551e+00 5.751581048965457299e-01 3.275363464355469656e-01
4.430562362670898757e+00 5.760821771621706944e-01 3.270089645385743093e-01
4.439505424499512465e+00 5.763648080825808373e-01 3.268945236206055593e-01
4.448333206176758203e+00 5.761849069595339490e-01 3.270716781616210822e-01
4.456957015991211080e+00 5.753354120254519088e-01 3.273867721557617294e-01
4.465161972045899041e+00 5.739768838882448598e-01 3.279921646118164613e-01
4.473384513854981037e+00 5.724069833755497383e-01 3.287985916137695641e-01
4.481583976745605824e+00 5.705922174453738061e-01 3.297522277832031223e-01
4.489817695617675852e+00 5.686191034317019666e-01 3.309919662475586666e-01
4.498205947875977273e+00 5.664203882217410113e-01 3.324122924804688850e-01
4.506811981201172657e+00 5.639053201675416904e-01 3.337407989501953720e-01
4.515673866271972869e+00 5.613052225112918903e-01 3.349121017456054838e-01
4.524810867309570384e+00 5.587197351455691630e-01 3.361582489013672514e-01
4.534269638061523722e+00 5.560499048233036312e-01 3.374962158203125284e-01
4.544086914062500426e+00 5.532996225357058595e-01 3.388788909912109348e-01
4.554402999877930291e+00 5.503512811660770110e-01 3.401554412841797381e-01
4.565063629150390767e+00 5.470037317276004174e-01 3.411069412231445552e-01
4.575841255187988565e+00 5.430615854263308728e-01 3.415275878906249840e-01
4.586359405517578480e+00 5.385116815567020376e-01 3.414477462768554794e-01
4.596427497863770029e+00 5.333894586563113771e-01 3.409685821533203764e-01
4.605752143859863423e+00 5.279455804824831899e-01 3.402757186889647789e-01
4.614375686645508345e+00 5.222488260269168014e-01 3.396681900024414169e-01
4.622260932922364063e+00 5.163595438003543148e-01 3.393492813110352557e-01
4.629502868652344283e+00 5.103298807144168725e-01 3.393012161254883585e-01
4.636065216064453764e+00 5.042217493057253863e-01 3.392388839721680593e-01
4.641937026977539738e+00 4.980669641494753774e-01 3.389205856323243005e-01
4.647481002807617223e+00 4.919841623306277500e-01 3.384757156372070197e-01
4.652933235168457138e+00 4.860988092422488527e-01 3.379983825683594567e-01
4.658546180725098296e+00 4.802936792373661001e-01 3.375662155151367694e-01
4.664180908203125142e+00 4.746246957778933462e-01 3.373361892700195153e-01
4.669884605407715661e+00 4.690796518325808795e-01 3.373647613525391220e-01
4.675588531494141442e+00 4.636949777603152634e-01 3.376447219848632830e-01
4.681328506469727202e+00 4.582940912246706855e-01 3.380921096801757786e-01
4.687055816650390838e+00 4.527997446060183506e-01 3.386958999633788991e-01
4.692661399841308700e+00 4.470662164688113394e-01 3.393713302612304528e-01
4.697840919494629119e+00 4.407832956314090000e-01 3.399892349243164302e-01
4.702535400390625675e+00 4.340641641616824753e-01 3.405210800170898056e-01
4.706557350158691477e+00 4.270413064956668503e-01 3.410068435668945908e-01
4.709912414550781357e+00 4.199626016616824775e-01 3.414452667236328454e-01
4.712550010681153090e+00 4.127158594131472569e-01 3.418279190063476802e-01
4.714478111267090377e+00 4.053259134292605537e-01 3.420974655151367561e-01
4.716081199645996591e+00 3.977746057510379019e-01 3.424579544067383186e-01
4.717436866760253977e+00 3.899403238296511587e-01 3.428510971069336222e-01
4.718620605468750284e+00 3.816800928115847702e-01 3.431848068237305371e-01
4.719712753295898899e+00 3.730208826065065653e-01 3.434447402954101669e-01
4.720567855834961080e+00 3.639614343643191030e-01 3.436902923583984304e-01
4.721088218688965554e+00 3.544220209121706766e-01 3.438076705932617827e-01
4.721501884460449716e+00 3.441979074478152545e-01 3.436455078125000284e-01
4.721797218322754119e+00 3.333302736282351408e-01 3.433457107543945730e-01
4.721843032836914311e+00 3.220007371902468551e-01 3.429578704833984304e-01
4.721846237182617756e+00 3.106201982498171810e-01 3.426707382202149876e-01
4.721775283813476776e+00 2.994579553604128641e-01 3.424681015014647834e-01
4.721604003906250568e+00 2.886433649063113172e-01 3.423596115112305105e-01
4.721295204162598402e+00 2.783687067031863083e-01 3.423734588623047470e-01
4.720885925292969354e+00 2.686382150650027389e-01 3.425179595947266398e-01
4.720387001037598118e+00 2.593959665298464223e-01 3.427947540283203809e-01
4.719830245971680327e+00 2.505155611038210606e-01 3.431637878417969079e-01
4.719183197021484588e+00 2.418730592727663942e-01 3.435911102294921804e-01
4.718618164062500675e+00 2.335821008682253952e-01 3.440829391479492960e-01
4.718369216918945952e+00 2.257600641250613327e-01 3.446035308837891442e-01
4.718420982360839844e+00 2.182783746719363649e-01 3.449550933837890465e-01
4.718782653808593963e+00 2.110203504562381260e-01 3.451952667236328764e-01
4.719595832824707848e+00 2.039592790603640682e-01 3.453074569702149210e-01
4.720978622436524219e+00 1.970462846755984543e-01 3.453421325683594389e-01
4.723048515319824503e+00 1.902701234817507914e-01 3.453728027343749840e-01
4.725777435302735086e+00 1.836224508285525525e-01 3.454753036499024210e-01
4.729115715026855682e+00 1.770275831222536955e-01 3.456087799072266042e-01
4.733136157989502379e+00 1.704327917099001943e-01 3.459490509033203987e-01
4.737884407043457813e+00 1.637322759628298818e-01 3.465206451416016353e-01
4.743338088989258239e+00 1.568775320053103495e-01 3.472690887451171937e-01
4.749138774871826563e+00 1.497915410995486474e-01 3.481793518066406135e-01
4.755137653350830718e+00 1.423704385757449398e-01 3.492840499877930549e-01
4.761341686248779403e+00 1.345121526718142668e-01 3.505425567626953010e-01
4.767895412445068537e+00 1.260382413864138684e-01 3.518047256469727380e-01
4.774714641571045526e+00 1.169389295578005805e-01 3.529215545654297292e-01
4.781790962219238494e+00 1.075393819808962981e-01 3.537180252075196041e-01
4.789047603607178516e+00 9.814508914947539520e-02 3.540842361450196041e-01
4.796488647460938282e+00 8.882029056549102519e-02 3.538581008911133585e-01
4.804264984130860228e+00 7.962618350982696158e-02 3.528034515380860103e-01
4.812310485839843999e+00 7.057048320770294147e-02 3.516103668212890998e-01
4.820493812561035263e+00 6.162618160247832627e-02 3.507034606933594478e-01
4.828820514678955789e+00 5.276680469512969734e-02 3.500219268798828720e-01
4.837220191955566406e+00 4.404191493988067474e-02 3.495477600097656179e-01
4.845662040710450036e+00 3.547524929046660946e-02 3.493133087158203365e-01
4.854219493865967294e+00 2.707583904266387675e-02 3.492928237915039480e-01
4.862782478332519531e+00 1.870775699615508797e-02 3.494256515502930371e-01
4.871271877288818608e+00 1.031887054443389462e-02 3.496920318603516931e-01
4.879504642486573118e+00 1.830840110779115293e-03 3.500667877197265465e-01
4.887344970703125568e+00 -6.812324523925473996e-03 3.505982131958008674e-01
4.894934024810791762e+00 -1.570175170898407274e-02 3.513210601806641131e-01
4.902373733520508203e+00 -2.482525348663298242e-02 3.521172256469727868e-01
4.909719629287720544e+00 -3.412538051605191330e-02 3.528936309814453276e-01
4.917160606384277877e+00 -4.356215953826871740e-02 3.537414855957031756e-01
4.924659833908081374e+00 -5.317824840545624238e-02 3.545281524658203676e-01
4.932468347549439081e+00 -6.312123775482147980e-02 3.551844711303711044e-01
4.940564661026001225e+00 -7.343506336212127228e-02 3.555387039184570996e-01
4.948933763504029137e+00 -8.416005611419646870e-02 3.554785461425781223e-01
4.957496862411499450e+00 -9.516774654388396315e-02 3.549719543457031667e-01
4.966321487426758274e+00 -1.061164808273312166e-01 3.538674850463867649e-01
4.975501480102539453e+00 -1.168329000473019297e-01 3.524058456420897656e-01
4.985121746063232884e+00 -1.269206762313839498e-01 3.506427307128906490e-01
4.995213260650634979e+00 -1.362068319320675625e-01 3.489464874267578232e-01
5.005804157257080611e+00 -1.446386098861691116e-01 3.480101318359375417e-01
5.016965370178223083e+00 -1.520885229110714720e-01 3.474894256591797292e-01
5.028624572753906286e+00 -1.587963247299191138e-01 3.475540847778321174e-01
5.040820283889771325e+00 -1.650232076644894408e-01 3.481212158203125240e-01
5.053216381072998864e+00 -1.707245206832883055e-01 3.490317459106445641e-01
5.065809850692749805e+00 -1.758898687362668023e-01 3.502779312133789125e-01
5.078036031723023314e+00 -1.803839635848995815e-01 3.518278808593749973e-01
5.089832382202148509e+00 -1.841497564315792701e-01 3.535056228637695197e-01
5.101056528091430842e+00 -1.872145795822139913e-01 3.553882904052734215e-01
5.111633672714233967e+00 -1.895365858078000010e-01 3.573303146362305505e-01
5.121508378982544407e+00 -1.908192586898800613e-01 3.591633148193360547e-01
5.130753364562989027e+00 -1.910922956466671596e-01 3.606934661865234260e-01
5.139550476074218999e+00 -1.908371686935421419e-01 3.618618316650391575e-01
5.147928400039673669e+00 -1.900418615341183115e-01 3.625995941162108993e-01
5.156159420013428196e+00 -1.889453268051144164e-01 3.629428405761718768e-01
5.164290285110474166e+00 -1.873296308517452824e-01 3.629354782104492472e-01
5.172222385406494816e+00 -1.852299070358273125e-01 3.624718399047852646e-01
5.179660205841065235e+00 -1.829422712326046752e-01 3.614388961791992205e-01
5.186185388565063725e+00 -1.802324628829952979e-01 3.597859115600586799e-01
5.191522731781006428e+00 -1.772802686691281049e-01 3.575548477172852957e-01
5.196048145294190235e+00 -1.745858335494991920e-01 3.549597091674805416e-01
5.200204658508301492e+00 -1.720884656906124799e-01 3.522170181274414391e-01
5.204494752883911168e+00 -1.695773649215694956e-01 3.494696731567382697e-01
5.209300880432129688e+00 -1.667911481857296263e-01 3.467172927856445597e-01
5.214582424163818786e+00 -1.633721303939816294e-01 3.444635696411133541e-01
5.220401306152344212e+00 -1.589058065414425680e-01 3.426253814697266531e-01
5.226472415924072301e+00 -1.532659864425655882e-01 3.411883468627929794e-01
5.232549819946289205e+00 -1.471785306930539217e-01 3.402719421386719567e-01
5.238550186157227451e+00 -1.406591939926144230e-01 3.399711532592772922e-01
5.244383869171143076e+00 -1.336708021163937332e-01 3.400981063842772878e-01
5.249671287536621378e+00 -1.261871862411495793e-01 3.404170913696289436e-01
5.254460182189942152e+00 -1.182385015487667779e-01 3.406243438720703010e-01
5.259036865234375746e+00 -1.099963712692257622e-01 3.404872817993164213e-01
5.263541126251221058e+00 -1.017296934127804309e-01 3.402850646972657156e-01
5.268320770263672514e+00 -9.357691287994349127e-02 3.400475616455078676e-01
5.273641510009766442e+00 -8.557323932647670217e-02 3.393908996582031268e-01
5.279587707519532103e+00 -7.784055233001674345e-02 3.381326599121093901e-01
5.286090164184570561e+00 -7.030518054962126007e-02 3.354153747558593635e-01
5.293050689697266442e+00 -6.277087688446011948e-02 3.319365234375000195e-01
5.300217666625977486e+00 -5.512407779693571236e-02 3.286228485107421937e-01
5.307979907989502699e+00 -4.716316699981656230e-02 3.257623596191406845e-01
5.316033210754395277e+00 -3.910925388336148473e-02 3.234282608032227335e-01
5.323938922882080149e+00 -3.081939220428433351e-02 3.218147583007813228e-01
5.331498050689697621e+00 -2.194682598113980448e-02 3.211364288330078587e-01
5.338336200714111968e+00 -1.222510814666715601e-02 3.216647644042969212e-01
5.344432029724121236e+00 -1.691641807555828436e-03 3.228307647705078720e-01
5.349967746734619389e+00 9.570822715759610966e-03 3.247505111694336533e-01
5.355186500549316442e+00 2.119473934173617125e-02 3.266415710449218635e-01
5.360161476135254510e+00 3.307700634002718604e-02 3.284532470703125373e-01
5.364896240234375391e+00 4.520737171173129509e-02 3.304961318969728001e-01
5.369587402343750426e+00 5.769649982452425968e-02 3.319462890625000107e-01
5.374321403503418360e+00 7.054403781890902780e-02 3.327432556152344345e-01
5.379151191711426527e+00 8.367218494415316898e-02 3.330626220703125639e-01
5.384051208496094532e+00 9.711445331573520523e-02 3.331542892456055283e-01
5.389031105041504510e+00 1.108071660995486735e-01 3.329592437744141042e-01
5.394003601074219389e+00 1.246396303176883213e-01 3.325241775512696174e-01
5.398836212158203196e+00 1.384981679916385267e-01 3.316403121948242605e-01
5.403441848754883203e+00 1.521842050552371373e-01 3.305133743286132741e-01
5.407848739624023793e+00 1.656416940689090234e-01 3.293121643066406756e-01
5.412037162780761967e+00 1.789270639419558995e-01 3.281732101440429927e-01
5.415983314514160263e+00 1.919973516464236751e-01 3.272883148193360681e-01
5.419705734252930007e+00 2.049852609634402745e-01 3.266642303466796848e-01
5.423371315002441406e+00 2.181742906570437734e-01 3.261481399536133585e-01
5.426844100952148864e+00 2.317939043045047498e-01 3.257267303466797603e-01
5.430150947570801634e+00 2.459422540664676360e-01 3.255765075683594301e-01
5.433375663757324503e+00 2.606605386734012209e-01 3.254723663330078010e-01
5.436591758728027912e+00 2.756616067886356047e-01 3.253735275268555549e-01
5.440545387268066690e+00 2.903520822525028078e-01 3.252834625244140909e-01
5.444208374023437713e+00 3.048104906082156895e-01 3.254220886230468901e-01
5.447950668334961222e+00 3.190237283706668925e-01 3.256569595336914480e-01
5.451810379028320774e+00 3.330243730545047187e-01 3.259714813232422737e-01
5.455949783325195312e+00 3.467511224746707699e-01 3.264142150878907023e-01
5.460477409362793466e+00 3.602386140823367056e-01 3.269407577514648056e-01
5.465490417480468821e+00 3.735197305679324731e-01 3.275574035644531756e-01
5.471001777648925923e+00 3.867364358901980714e-01 3.282948226928711355e-01
5.476897163391114098e+00 4.000419855117801071e-01 3.291435165405274255e-01
5.483055191040039134e+00 4.136413431167605403e-01 3.299007720947265687e-01
5.489439620971680256e+00 4.277689218521121273e-01 3.301208038330079031e-01
5.496063728332519993e+00 4.425865793228152545e-01 3.298149414062500062e-01
5.503040542602539276e+00 4.578362131118777212e-01 3.292640991210937784e-01
5.510499610900879475e+00 4.732967615127566252e-01 3.283777160644532067e-01
5.518510284423828516e+00 4.887691736221316252e-01 3.270472259521485237e-01
5.527105293273926634e+00 5.039501810073855337e-01 3.253419418334961843e-01
5.536271934509278125e+00 5.184072732925417704e-01 3.236726684570312429e-01
5.545709686279296946e+00 5.320954751968387519e-01 3.222893066406250506e-01
5.555538635253906676e+00 5.448518610000613327e-01 3.212139434814453853e-01
5.565799407958984979e+00 5.567284250259402212e-01 3.205755157470703276e-01
5.576403503417969532e+00 5.678702020645144399e-01 3.203185577392578809e-01
5.587124366760254368e+00 5.780964136123660779e-01 3.203317184448242205e-01
5.597907600402832529e+00 5.874917459487918325e-01 3.205428237915038947e-01
5.608631477355957351e+00 5.960796213150026945e-01 3.210425491333007697e-01
5.619293823242188068e+00 6.038195657730105470e-01 3.218563003540039213e-01
5.629794502258301137e+00 6.109418344497684616e-01 3.230568237304688450e-01
5.640057754516601740e+00 6.174002313613895510e-01 3.246335525512695774e-01
5.650182685852051634e+00 6.232270669937137741e-01 3.264093322753907067e-01
5.660475883483886861e+00 6.284705209732059927e-01 3.281522674560547470e-01
5.671048316955566548e+00 6.331336832046512431e-01 3.296939010620117960e-01
5.681859436035156641e+00 6.374626398086551404e-01 3.310756607055664880e-01
5.692939529418945988e+00 6.414556360244755284e-01 3.320824737548828676e-01
5.704254379272461151e+00 6.451277017593387564e-01 3.327399368286133585e-01
5.715825195312500107e+00 6.483926630020145909e-01 3.332182998657227113e-01
5.727713470458985157e+00 6.511881875991826218e-01 3.336314697265625462e-01
5.740058135986328303e+00 6.536393976211551937e-01 3.338808364868164347e-01
5.752639617919922621e+00 6.559452295303348501e-01 3.340121383666992960e-01
5.765143737792969070e+00 6.583044290542606758e-01 3.340363616943360370e-01
5.777477188110352380e+00 6.605928277969363993e-01 3.338996047973633585e-01
5.789513702392578232e+00 6.626576471328738949e-01 3.335740585327149343e-01
5.801200256347656570e+00 6.645199441909794835e-01 3.329550094604492028e-01
5.812524108886718999e+00 6.664819955825809217e-01 3.318728561401367294e-01
5.823587875366211364e+00 6.686916589736942029e-01 3.303258819580078276e-01
5.834517364501953907e+00 6.713157129287723457e-01 3.284846420288086710e-01
5.845374526977539453e+00 6.743453836441043459e-01 3.264214248657226758e-01
5.856180191040039062e+00 6.777221155166629485e-01 3.243974227905274121e-01
5.867409973144531499e+00 6.812126016616826263e-01 3.225131530761718990e-01
5.879186782836914205e+00 6.844690561294559661e-01 3.209857864379883630e-01
5.891444015502930398e+00 6.870602655410770199e-01 3.199482269287109437e-01
5.904074935913086186e+00 6.890020227432255284e-01 3.189939804077149832e-01
5.917025146484375497e+00 6.897767877578738771e-01 3.180046768188476980e-01
5.929717178344726669e+00 6.895350122451785468e-01 3.175774688720703898e-01
5.942781677246093963e+00 6.886863565444950597e-01 3.177623672485352380e-01
5.956103515625000178e+00 6.868048715591434927e-01 3.185558624267578187e-01
5.969676437377930078e+00 6.838838434219364215e-01 3.196161575317383319e-01
5.983582229614258452e+00 6.801254510879520820e-01 3.207796401977539569e-01
5.997875213623047763e+00 6.756718683242801671e-01 3.220973892211914658e-01
6.012531127929687358e+00 6.705957269668583187e-01 3.233803100585938006e-01
6.027435073852539738e+00 6.648936319351199664e-01 3.244836349487305593e-01
6.042798385620117507e+00 6.585481882095340911e-01 3.253012008666992250e-01
6.058474349975586648e+00 6.517251062393192296e-01 3.255775375366211088e-01
6.074596633911133026e+00 6.444762659072880151e-01 3.251552505493164880e-01
6.091100387573242791e+00 6.367717981338504307e-01 3.238284606933594656e-01
6.107949066162110086e+00 6.286532449722292970e-01 3.217675704956055593e-01
6.124804992675781712e+00 6.202610254287723723e-01 3.192264480590820686e-01
6.140994796752930363e+00 6.116119241714481625e-01 3.162297744750977024e-01
6.156154861450195526e+00 6.026462793350223501e-01 3.127604980468750018e-01
6.170213241577148899e+00 5.934806299209598457e-01 3.090881271362304616e-01
6.183130722045898864e+00 5.839855051040653278e-01 3.055609054565430194e-01
6.195041275024414595e+00 5.742668771743778544e-01 3.026269073486328454e-01
6.206084594726562820e+00 5.644859933853153544e-01 3.004690856933593945e-01
6.216274871826172443e+00 5.546584558486942207e-01 2.991646881103516842e-01
6.225541076660157103e+00 5.446160745620731714e-01 2.988774414062500551e-01
6.233956985473633416e+00 5.343085718154910735e-01 2.995803756713867338e-01
6.241718368530273509e+00 5.238140726089481891e-01 3.010218734741211266e-01
6.249048538208008097e+00 5.132081079483037378e-01 3.030026168823242161e-01
6.255972442626953622e+00 5.025530481338504885e-01 3.052602691650391220e-01
6.262543106079101918e+00 4.917742013931278300e-01 3.078163070678711088e-01
6.268711929321289844e+00 4.808209085464481003e-01 3.104706497192383230e-01
6.274406585693359517e+00 4.696105051040653233e-01 3.129280776977539924e-01
6.280034332275390874e+00 4.580887460708621961e-01 3.150848312377929616e-01
6.285617752075196130e+00 4.462097024917606181e-01 3.168081207275391664e-01
6.291206054687500604e+00 4.339364480972293103e-01 3.181884307861329031e-01
6.296819381713867791e+00 4.211643075942996806e-01 3.192621154785156845e-01
6.302605972290039382e+00 4.081937265396121672e-01 3.200514144897461666e-01
6.308849487304687642e+00 3.951880884170536068e-01 3.205401535034180238e-01
6.315473861694336222e+00 3.823302316665653233e-01 3.205659408569336843e-01
6.322434310913086719e+00 3.696613550186161334e-01 3.203117294311523811e-01
6.329509124755859695e+00 3.571012926101688190e-01 3.195436401367188761e-01
6.336508331298828622e+00 3.445356225967410868e-01 3.184969253540039791e-01
6.343229064941406925e+00 3.321109247207645332e-01 3.171613998413086444e-01
6.349532928466797621e+00 3.200014352798465356e-01 3.156289215087890732e-01
6.355262756347656250e+00 3.082268762588505351e-01 3.141986770629883186e-01
6.360358123779297657e+00 2.967751741409305755e-01 3.131248016357421893e-01
6.364779663085937678e+00 2.856147241592411068e-01 3.125873489379883408e-01
6.368831329345703729e+00 2.748006677627566896e-01 3.124867553710938273e-01
6.372492523193360014e+00 2.640007066726688389e-01 3.127625961303711621e-01
6.375765075683593963e+00 2.529437112808231580e-01 3.133903427124024033e-01
6.378097534179687500e+00 2.415929460525516603e-01 3.141529388427735103e-01
6.380158691406250249e+00 2.303277826309207965e-01 3.151772613525392064e-01
6.381956176757812571e+00 2.189386606216434661e-01 3.163202972412109126e-01
6.383504638671875675e+00 2.074550676345829348e-01 3.177772445678711533e-01
6.384832763671875355e+00 1.957927370071415318e-01 3.190755386352539524e-01
6.385956726074219603e+00 1.837807226181034370e-01 3.199101943969727690e-01
6.386932220458985121e+00 1.712912893295292227e-01 3.205774993896485237e-01
6.387780456542968999e+00 1.583313131332401424e-01 3.210758132934570241e-01
6.388495025634766122e+00 1.448600149154667116e-01 3.214287109375000284e-01
6.389166564941406889e+00 1.307785367965702272e-01 3.216582794189453143e-01
6.389978027343750533e+00 1.158357667922977619e-01 3.218297119140625107e-01
6.390836639404296804e+00 1.001002168655399371e-01 3.219047088623047115e-01
6.391667327880860228e+00 8.378630161285441358e-02 3.219549865722656223e-01
6.392667999267578338e+00 6.694074153900185509e-02 3.219351882934570197e-01
6.393533630371093679e+00 4.974383831024209446e-02 3.216912002563476758e-01
6.394011840820312820e+00 3.288526058197061008e-02 3.215039367675781579e-01
6.394074401855469603e+00 1.631337642669716814e-02 3.211247558593750551e-01
6.393756561279297479e+00 1.839590072635760576e-04 3.204546279907226625e-01
6.393032226562500142e+00 -1.527127742767294544e-02 3.196758956909180327e-01
6.391795043945313282e+00 -3.001011371612507389e-02 3.188815612792968990e-01
6.389903106689454049e+00 -4.413501262664754760e-02 3.179100723266602424e-01
6.387391510009766016e+00 -5.772507190704306151e-02 3.168889160156250773e-01
6.384132995605469318e+00 -7.079305171966512877e-02 3.158425064086914924e-01
6.380021820068360050e+00 -8.329155445098837540e-02 3.148000259399414968e-01
6.375195922851562891e+00 -9.527893543243368124e-02 3.138824768066406090e-01
6.369875946044922799e+00 -1.068005895614620171e-01 3.132874984741211843e-01
6.364291076660157032e+00 -1.180517721176143620e-01 3.131972427368164835e-01
6.358369750976562429e+00 -1.289326047897335070e-01 3.138285369873047292e-01
6.352180328369141371e+00 -1.397131490707393675e-01 3.150724716186523722e-01
6.345708160400390874e+00 -1.504796361923213810e-01 3.167288131713867916e-01
6.338937835693359446e+00 -1.613034963607784256e-01 3.185314102172852602e-01
6.331896514892578764e+00 -1.722036123275753061e-01 3.202988739013672426e-01
6.324585647583008452e+00 -1.832856893539424881e-01 3.219041748046875817e-01
6.316934127807617649e+00 -1.946642827987667135e-01 3.231846160888671715e-01
6.308964080810547159e+00 -2.064227819442745193e-01 3.241200561523437385e-01
6.300642089843750071e+00 -2.186954450607295486e-01 3.247467346191406090e-01
6.291901779174804865e+00 -2.312854528427120415e-01 3.250144882202149477e-01
6.283254089355469141e+00 -2.443877935409542179e-01 3.248432464599609881e-01
6.274904632568359730e+00 -2.580369901657100784e-01 3.242350311279297292e-01
6.266802139282226847e+00 -2.719587850570674981e-01 3.234144515991210778e-01
6.258996276855468999e+00 -2.859988927841182749e-01 3.224708862304688228e-01
6.251438827514649077e+00 -3.000861120223995426e-01 3.212996978759765643e-01
6.244100189208984908e+00 -3.137839269638058037e-01 3.198034973144531223e-01
6.236982421875000071e+00 -3.272404623031612836e-01 3.180266494750977335e-01
6.230144195556641229e+00 -3.403471136093136340e-01 3.161585922241211266e-01
6.223719024658203480e+00 -3.529384756088253527e-01 3.144167633056641487e-01
6.217741012573242188e+00 -3.650779104232784733e-01 3.129640884399413903e-01
6.211800155639648935e+00 -3.765504598617550047e-01 3.119290466308594079e-01
6.205927963256836932e+00 -3.875397253036495515e-01 3.115823669433593901e-01
6.200062866210937607e+00 -3.978085088729854668e-01 3.117510528564453320e-01
6.194187393188476776e+00 -4.075808477401730023e-01 3.123683471679689072e-01
6.188092269897461861e+00 -4.170375585556026499e-01 3.131764144897460911e-01
6.181647109985352273e+00 -4.258215475082394175e-01 3.141330261230469434e-01
6.175128097534180682e+00 -4.345715475082393975e-01 3.152949447631836488e-01
6.168313369750976882e+00 -4.432576513290401587e-01 3.165171356201171848e-01
6.161229782104492791e+00 -4.518657064437863191e-01 3.177397460937499973e-01
6.153835754394531676e+00 -4.604504156112667612e-01 3.188898773193360459e-01
6.146098022460938282e+00 -4.691552877426143908e-01 3.198847122192383097e-01
6.138011779785156996e+00 -4.780235815048213821e-01 3.206846160888672248e-01
6.129493560791016371e+00 -4.869723272323605023e-01 3.213665695190429661e-01
6.120427017211914844e+00 -4.960582494735714665e-01 3.219326705932618049e-01
6.110755538940430220e+00 -5.053299093246456097e-01 3.222965164184570241e-01
6.100552749633789240e+00 -5.147507238388058237e-01 3.224806518554688139e-01
6.089882354736328551e+00 -5.243169546127315339e-01 3.225466842651367738e-01
6.078834609985351634e+00 -5.339904546737667124e-01 3.224571151733398588e-01
6.067441635131836541e+00 -5.438763570785518642e-01 3.222119445800781801e-01
6.055703964233399184e+00 -5.536342382431026499e-01 3.217954559326172692e-01
6.043868942260743005e+00 -5.629814672470089265e-01 3.212051696777343812e-01
6.032342987060547834e+00 -5.716634130477902254e-01 3.203958816528320597e-01
6.021459197998047408e+00 -5.795673513412472611e-01 3.192750091552735148e-01
6.011156692504883381e+00 -5.866317129135129038e-01 3.178515930175781490e-01
6.001314926147461648e+00 -5.926236104965206808e-01 3.162890548706055460e-01
5.991777954101562997e+00 -5.975110006332394752e-01 3.150292510986328898e-01
5.982426528930664844e+00 -6.014086294174191272e-01 3.139537353515625684e-01
5.973303985595703303e+00 -6.047042226791379260e-01 3.130713195800781667e-01
5.964400482177734553e+00 -6.075607442855832652e-01 3.124209899902343768e-01
5.955520706176757884e+00 -6.101080465316769397e-01 3.120426483154297159e-01
5.946728973388672124e+00 -6.123375844955442071e-01 3.120476455688476758e-01
5.938059997558593928e+00 -6.142058706283566316e-01 3.125610275268555505e-01
5.929608001708984943e+00 -6.156161642074582385e-01 3.135058898925782156e-01
5.921422042846680611e+00 -6.164801168441769175e-01 3.147869796752930105e-01
5.913510131835938211e+00 -6.167951345443722921e-01 3.161703796386718945e-01
5.905812072753906961e+00 -6.166904592514035333e-01 3.174804992675781534e-01
5.898116226196289169e+00 -6.159224081039426091e-01 3.186377639770507919e-01
5.890402908325195419e+00 -6.146175527572629305e-01 3.195910186767578764e-01
5.882633285522461009e+00 -6.129213094711301046e-01 3.203525466918946130e-01
5.874832229614257884e+00 -6.108700704574582252e-01 3.209473724365233815e-01
5.867081298828125568e+00 -6.084089803695675869e-01 3.213334960937500595e-01
5.859453506469726847e+00 -6.058200216293332385e-01 3.215443725585938051e-01
5.852017593383789240e+00 -6.034578084945675380e-01 3.215401382446289036e-01
5.844811553955078232e+00 -6.015009450912472966e-01 3.215158386230468901e-01
5.837868881225586115e+00 -5.998637533187863857e-01 3.216232986450195952e-01
5.831363296508789595e+00 -5.986898183822628727e-01 3.218358154296875329e-01
5.824994583129883274e+00 -5.978675222396847566e-01 3.220108337402344256e-01
5.818744201660156712e+00 -5.973098897933957208e-01 3.221143646240234304e-01
5.812477188110351634e+00 -5.972168874740597655e-01 3.221026535034180460e-01
5.806111297607422728e+00 -5.972960805892941760e-01 3.218643875122070286e-01
5.799380340576172799e+00 -5.974900960922238102e-01 3.215021820068360014e-01
5.792662200927734872e+00 -5.974425649642941538e-01 3.210700912475585866e-01
5.785846481323242863e+00 -5.973639059066769841e-01 3.206965942382813406e-01
5.779102020263672479e+00 -5.972179555892941361e-01 3.202895660400392197e-01
5.772289505004883026e+00 -5.969339132308957296e-01 3.198174209594727424e-01
5.765469512939453978e+00 -5.964437246322629171e-01 3.193322296142578898e-01
5.758681259155274290e+00 -5.957254934310910466e-01 3.188597793579102113e-01
5.751899185180664453e+00 -5.947133016586301224e-01 3.183494873046874840e-01
5.745283432006836222e+00 -5.932925558090207385e-01 3.178892822265625417e-01
5.738900527954101882e+00 -5.916964864730832607e-01 3.177173919677734881e-01
5.732599411010742330e+00 -5.899426412582394752e-01 3.179056472778321041e-01
5.726329650878906996e+00 -5.880699300765988013e-01 3.183740539550781179e-01
5.719997024536133345e+00 -5.859856557846067071e-01 3.190707702636719212e-01
5.713587646484375782e+00 -5.836789083480832252e-01 3.199289627075195819e-01
5.706900253295899006e+00 -5.812227773666378550e-01 3.209047241210938317e-01
5.699991607666015980e+00 -5.785556554794307749e-01 3.218669433593750462e-01
5.692789611816406747e+00 -5.757206869125363058e-01 3.227865524291992916e-01
5.685183792114258061e+00 -5.725835943222042923e-01 3.236101837158203987e-01
5.677179450988770526e+00 -5.692313909530636318e-01 3.243222351074218635e-01
5.668868942260743005e+00 -5.656189870834347211e-01 3.249301834106446130e-01
5.660301322937012714e+00 -5.617473745346065472e-01 3.254619140625000240e-01
5.651542816162109517e+00 -5.576250600814816050e-01 3.260043640136719434e-01
5.642627868652343892e+00 -5.532472753524776410e-01 3.265931243896484926e-01
5.633646850585938282e+00 -5.486478185653682615e-01 3.272451324462890554e-01
5.624569854736328978e+00 -5.438864278793331675e-01 3.279948730468750240e-01
5.615356864929199610e+00 -5.389342641830441316e-01 3.288488311767578942e-01
5.606121139526367259e+00 -5.337869787216183992e-01 3.298644561767578587e-01
5.597271804809571094e+00 -5.283984518051144663e-01 3.310248107910156445e-01
5.589007377624512607e+00 -5.226818990707394752e-01 3.320826263427735237e-01
5.581286735534668253e+00 -5.165712881088253550e-01 3.329923934936523944e-01
5.574188232421875000e+00 -5.101508474349972788e-01 3.336617202758789258e-01
5.567885017395020064e+00 -5.034942770004269263e-01 3.338677520751953676e-01
5.562094116210937855e+00 -4.964408254623410288e-01 3.338616867065430371e-01
5.556908950805664382e+00 -4.892703390121456719e-01 3.333215255737305149e-01
5.552236518859864134e+00 -4.818652105331419078e-01 3.324281616210937873e-01
5.548057479858399255e+00 -4.743224096298215287e-01 3.314132995605468812e-01
5.544207458496094532e+00 -4.666025686264034800e-01 3.305031890869141176e-01
5.540741882324219603e+00 -4.586792516708371181e-01 3.298443908691406357e-01
5.537653427124023864e+00 -4.504889822006222788e-01 3.293644638061523633e-01
5.534831237792968928e+00 -4.421263265609738369e-01 3.291604537963868093e-01
5.532228240966797550e+00 -4.335123205184933659e-01 3.294133300781250107e-01
5.529953613281250568e+00 -4.245572042465207696e-01 3.295848770141601713e-01
5.527921447753906925e+00 -4.150924444198605401e-01 3.298086090087890554e-01
5.526065216064453445e+00 -4.051239538192746292e-01 3.298519439697266131e-01
5.524399299621582493e+00 -3.946523427963253838e-01 3.297608108520507786e-01
5.522967720031738637e+00 -3.836672735214230467e-01 3.296589202880859659e-01
5.521831016540527770e+00 -3.721742391586300713e-01 3.296092529296875684e-01
5.520761451721192259e+00 -3.602168416976925247e-01 3.296733016967773322e-01
5.519549484252929794e+00 -3.479092931747433948e-01 3.298415679931641087e-01
5.517997589111328871e+00 -3.356271123886105379e-01 3.300742263793945419e-01
5.516033630371094176e+00 -3.235643148422238102e-01 3.303409881591796715e-01
5.513647117614746129e+00 -3.118429708480832119e-01 3.306077499389648011e-01
5.510692596435546875e+00 -3.005501317977902209e-01 3.308651657104492161e-01
5.507281112670899148e+00 -2.896675252914425736e-01 3.310385818481446085e-01
5.503461303710937891e+00 -2.790971136093136629e-01 3.309822387695312562e-01
5.499176025390625000e+00 -2.688419485092160000e-01 3.306488342285156534e-01
5.494348869323730788e+00 -2.588450002670285022e-01 3.299848098754882830e-01
5.488919601440430007e+00 -2.491133642196651510e-01 3.289015884399414391e-01
5.483179855346680398e+00 -2.396951818466182826e-01 3.275442047119141442e-01
5.477268218994140625e+00 -2.305800390243526732e-01 3.261188049316406934e-01
5.471546173095703125e+00 -2.216212224960323607e-01 3.248072357177734792e-01
5.466605682373047337e+00 -2.128023290634152020e-01 3.237030715942382786e-01
5.461818733215332067e+00 -2.040949392318721911e-01 3.229825897216797026e-01
5.456885681152344070e+00 -1.952013540267940883e-01 3.227901382446289880e-01
5.451725959777832031e+00 -1.860539770126339310e-01 3.230646057128906401e-01
5.446271171569824432e+00 -1.766089773178096956e-01 3.237612457275391709e-01
5.440698318481445916e+00 -1.669104146957393897e-01 3.248330230712891398e-01
5.435030670166016264e+00 -1.571464681625362736e-01 3.260050125122070375e-01
5.429129714965820419e+00 -1.473116064071651743e-01 3.271040649414063139e-01
5.423011970520019709e+00 -1.373792791366573729e-01 3.281799621582031090e-01
5.416626281738281534e+00 -1.272654485702510996e-01 3.292903442382812962e-01
5.409929504394531463e+00 -1.170440053939815761e-01 3.304276580810546760e-01
5.403049316406250746e+00 -1.067606496810909467e-01 3.315911788940429927e-01
5.396160087585450071e+00 -9.637107372283901241e-02 3.326997299194336399e-01
5.389392967224121200e+00 -8.597496509551968980e-02 3.338660354614257919e-01
5.382733764648437891e+00 -7.555103778839078466e-02 3.353465576171875684e-01
5.376187820434570774e+00 -6.512108325958218535e-02 3.368204421997070819e-01
5.369918403625488779e+00 -5.455173015594450697e-02 3.380247421264648278e-01
5.364164962768555256e+00 -4.374100208282438035e-02 3.390843124389648633e-01
5.358938674926758239e+00 -3.259068965911832844e-02 3.400217361450195153e-01
5.354182853698731037e+00 -2.105128765106168559e-02 3.408459396362305549e-01
5.349713039398193537e+00 -9.099669456481600249e-03 3.416309280395508630e-01
5.345296001434326705e+00 3.302912712097497150e-03 3.423401947021484926e-01
5.340745925903320312e+00 1.616104602813753927e-02 3.431840057373046760e-01
5.336086730957031676e+00 2.949854373931917739e-02 3.440161056518554750e-01
5.331266365051270384e+00 4.312872409820589503e-02 3.447443313598632653e-01
5.326206817626953693e+00 5.694979190826449100e-02 3.453988571166992649e-01
5.320861835479736790e+00 7.062332630157502900e-02 3.459607620239257830e-01
5.315151157379150781e+00 8.401869297027621253e-02 3.464435119628906934e-01
5.308748226165771911e+00 9.689029216766389951e-02 3.469746704101562829e-01
5.301651344299316726e+00 1.090960454940799185e-01 3.476280899047852202e-01
5.294118499755859908e+00 1.205439710617068755e-01 3.485958786010742161e-01
5.286041908264160760e+00 1.313580083847049329e-01 3.495812911987304927e-01
5.277546386718750426e+00 1.416310358047488671e-01 3.504162139892578187e-01
5.268865814208984588e+00 1.515763425827029998e-01 3.513613433837891042e-01
5.260118408203125817e+00 1.614567327499392968e-01 3.524954910278320641e-01
5.251187820434570774e+00 1.711199331283572711e-01 3.535544891357422781e-01
5.242414627075195455e+00 1.804162549972537222e-01 3.546113510131836399e-01
5.233885726928711790e+00 1.891795206069949720e-01 3.556655426025391309e-01
5.225538101196289809e+00 1.974152994155886909e-01 3.566813964843750240e-01
5.217151718139648509e+00 2.049829530715945869e-01 3.577403564453125462e-01
5.208710517883301527e+00 2.118685960769656762e-01 3.588450164794921848e-01
5.200400094985962340e+00 2.182003545761111718e-01 3.599805755615234082e-01
5.192160491943360157e+00 2.239775514602664330e-01 3.610414047241211621e-01
5.183898220062256534e+00 2.292791604995730870e-01 3.620221633911133718e-01
5.175583324432373900e+00 2.343446207046512020e-01 3.629743118286132830e-01
5.167244167327881499e+00 2.391908502578738716e-01 3.638514251708984126e-01
5.159028024673462554e+00 2.436044740676883424e-01 3.645632858276367516e-01
5.151201591491699538e+00 2.476040315628054989e-01 3.650651473999024788e-01
5.143828897476196538e+00 2.510899972915652811e-01 3.652667541503906712e-01
5.136918544769287109e+00 2.541512155532840156e-01 3.650733108520508585e-01
5.130360145568848118e+00 2.568609476089480648e-01 3.645103759765625506e-01
5.124020891189575266e+00 2.592326211929324997e-01 3.635276336669922559e-01
5.117769317626953196e+00 2.615291070938113305e-01 3.621701736450195774e-01
5.111338415145874059e+00 2.638883447647097924e-01 3.605775756835938317e-01
5.104643201828003463e+00 2.662687540054324842e-01 3.588247985839844167e-01
5.097665967941284570e+00 2.685572290420535357e-01 3.567854232788085778e-01
5.090369472503662784e+00 2.705827188491825019e-01 3.549290390014647745e-01
5.082917327880859482e+00 2.725103616714480426e-01 3.531948013305664658e-01
5.075695457458496485e+00 2.745590829849245962e-01 3.516963500976563184e-01
5.068822193145752664e+00 2.767330789566043170e-01 3.503176040649413903e-01
5.062407817840576918e+00 2.791062593460086338e-01 3.490070266723632741e-01
5.056566324234009535e+00 2.816694116592410313e-01 3.477266235351562651e-01
5.051297388076783079e+00 2.843958139419558995e-01 3.464189453125000595e-01
5.046569252014160512e+00 2.872952318191531185e-01 3.449693603515625595e-01
5.042481422424316406e+00 2.902077913284304977e-01 3.434015197753906845e-01
5.038807373046875426e+00 2.931543207168582077e-01 3.418403549194336533e-01
5.035413942337036985e+00 2.961010408401492655e-01 3.404549713134765732e-01
5.032027893066406854e+00 2.991338396072391048e-01 3.394237442016602158e-01
5.028519783020019673e+00 3.022756242752078215e-01 3.388686294555663947e-01
5.024795856475830824e+00 3.054769563674930022e-01 3.388540191650392108e-01
5.021007957458496485e+00 3.085213708877566074e-01 3.392895050048828631e-01
5.017253160476684570e+00 3.113726854324344040e-01 3.401506347656250151e-01
5.013478612899780806e+00 3.139419221878054778e-01 3.414164657592773100e-01
5.009723262786865305e+00 3.161923456192019533e-01 3.430916900634766176e-01
5.006131935119629617e+00 3.176417398452761609e-01 3.449384231567382830e-01
5.002731885910034926e+00 3.183107042312625090e-01 3.469308776855468679e-01
4.999461650848388672e+00 3.184833383560183862e-01 3.486854476928711311e-01
4.996438083648682138e+00 3.182622766494753730e-01 3.502390975952149876e-01
4.993655614852905877e+00 3.180001306533816741e-01 3.517586822509766176e-01
4.991072444915771733e+00 3.179002046585086005e-01 3.533946914672853046e-01
4.988379964828491886e+00 3.177788019180300405e-01 3.548570938110352513e-01
4.985470504760742827e+00 3.174029588699343596e-01 3.562230224609375107e-01
4.982455377578736133e+00 3.168213891983034936e-01 3.576005859374999929e-01
4.979268007278442987e+00 3.160870409011843907e-01 3.587450714111328764e-01
4.975822620391846307e+00 3.151703882217410380e-01 3.596466751098633674e-01
4.972144441604614329e+00 3.141378259658816896e-01 3.602318115234375284e-01
4.968355875015259215e+00 3.129492044448855537e-01 3.604827423095703365e-01
4.964388027191162678e+00 3.116295099258425405e-01 3.602231903076171804e-01
4.960213594436646112e+00 3.104154443740848035e-01 3.597815628051758141e-01
4.955749807357788583e+00 3.092751741409304755e-01 3.593395156860352824e-01
4.951224718093872212e+00 3.081046724319461139e-01 3.588667221069336000e-01
4.946796331405639791e+00 3.067791604995730448e-01 3.583810348510743093e-01
4.942396697998047372e+00 3.050972604751589490e-01 3.579666824340820286e-01
4.938244428634644301e+00 3.029282808303836450e-01 3.575685806274414569e-01
4.934382457733154759e+00 3.003898859024051182e-01 3.568100280761719034e-01
4.931045351028442880e+00 2.972854852676394821e-01 3.560392684936524166e-01
4.928336658477783239e+00 2.937150812149051382e-01 3.552017898559570730e-01
4.926142654418946165e+00 2.900800752639773883e-01 3.543326873779297781e-01
4.924305601119995934e+00 2.864777803421023616e-01 3.535250396728516487e-01
4.922432355880737909e+00 2.829644250869753908e-01 3.528092117309570286e-01
4.920535793304443573e+00 2.795419168472292881e-01 3.521925277709960778e-01
4.918526592254639063e+00 2.761119699478152834e-01 3.515151138305664391e-01
4.916352186203003072e+00 2.726407670974734243e-01 3.507989425659180371e-01
4.913881950378418573e+00 2.691044092178347946e-01 3.501805038452149299e-01
4.911059131622314666e+00 2.654374933242800716e-01 3.496907348632812829e-01
4.907934837341309198e+00 2.616702127456668747e-01 3.492623825073242205e-01
4.904572219848633452e+00 2.578158617019656873e-01 3.488923568725585955e-01
4.900696039199829102e+00 2.539101076126101808e-01 3.485685272216797470e-01
4.896545333862305505e+00 2.499054956436160824e-01 3.483015365600585778e-01
4.892227287292480575e+00 2.457710886001589767e-01 3.481340713500976625e-01
4.887907962799072692e+00 2.412453126907351808e-01 3.480860824584961488e-01
4.883570213317871556e+00 2.362083292007449431e-01 3.481712646484375062e-01
4.879232311248779652e+00 2.306749200820926160e-01 3.482931823730469612e-01
4.874935626983642578e+00 2.247529840469363605e-01 3.485027999877929883e-01
4.870681629180908523e+00 2.185185194015505927e-01 3.488200302124024876e-01
4.866385154724121698e+00 2.118296861648562845e-01 3.492105789184570819e-01
4.862269439697265661e+00 2.046718835830691474e-01 3.495304031372070686e-01
4.858679180145264453e+00 1.970665216445925960e-01 3.496367187500000195e-01
4.855731735229492863e+00 1.890162515640261831e-01 3.494896621704102202e-01
4.853401985168457777e+00 1.805841016769412222e-01 3.490796966552734970e-01
4.851669921875000568e+00 1.719270944595339967e-01 3.484135742187500773e-01
4.850467929840088566e+00 1.629376173019412288e-01 3.475157852172852113e-01
4.849680080413818928e+00 1.535786199569705024e-01 3.464274520874024432e-01
4.849289855957032103e+00 1.439361143112185548e-01 3.452381439208983549e-01
4.849158630371094070e+00 1.342342424392703182e-01 3.440546722412108904e-01
4.849196319580078907e+00 1.245191812515261953e-01 3.429114837646485281e-01
4.849224300384522124e+00 1.147877550125125101e-01 3.416948623657226625e-01
4.849381828308105824e+00 1.050399923324588092e-01 3.403605194091797737e-01
4.849437103271484695e+00 9.530404567718536724e-02 3.389541168212890643e-01
4.849298171997070916e+00 8.561435222625762842e-02 3.375294799804688939e-01
4.848833923339844532e+00 7.599534511566193029e-02 3.361149902343750773e-01
4.848064727783203409e+00 6.641361713409453527e-02 3.347509307861328276e-01
4.846989326477051385e+00 5.682448863983184661e-02 3.333606643676758630e-01
4.845689926147461080e+00 4.718481540679961284e-02 3.325112838745117871e-01
4.844074630737305043e+00 3.744574069976836644e-02 3.319812316894531490e-01
4.842021999359131357e+00 2.770441532135040075e-02 3.317491836547852291e-01
4.839945030212402521e+00 1.792442798614532484e-02 3.317754287719727468e-01
4.837874488830566477e+00 8.013701438904112517e-03 3.320968551635742338e-01
4.835664615631103835e+00 -2.129969596862492376e-03 3.328712768554689116e-01
4.832996654510498757e+00 -1.262442111968963693e-02 3.338196105957031978e-01
4.829962539672852273e+00 -2.367082118988007161e-02 3.347607727050782023e-01
4.826504039764405007e+00 -3.530202388763398896e-02 3.356741638183594612e-01
4.822621974945068501e+00 -4.753547191619843931e-02 3.364959640502930283e-01
4.818267917633057174e+00 -6.045557498931853485e-02 3.370979614257813006e-01
4.813588619232177734e+00 -7.413004398345918178e-02 3.375484771728516353e-01
4.808735332489014525e+00 -8.863362789154022314e-02 3.377582092285156268e-01
4.803834476470947301e+00 -1.036915349960323973e-01 3.375751800537108993e-01
4.799087791442871342e+00 -1.190352392196652176e-01 3.368290252685547381e-01
4.794593200683594070e+00 -1.340374708175655905e-01 3.352740783691406934e-01
4.790369491577148864e+00 -1.483076810836788939e-01 3.334230728149414347e-01
4.786354694366455220e+00 -1.617909383773800669e-01 3.311542816162108549e-01
4.782591133117676030e+00 -1.744675970077511351e-01 3.286017532348632919e-01
4.778995342254638956e+00 -1.865272092819210692e-01 3.259561843872070819e-01
4.775567588806152841e+00 -1.981852865219112803e-01 3.234137649536132919e-01
4.772309513092041655e+00 -2.096663999557491775e-01 3.211207122802735014e-01
4.769093036651611328e+00 -2.208818578720089520e-01 3.191866989135742072e-01
4.765833015441894638e+00 -2.318586874008175813e-01 3.177375717163086755e-01
4.762036323547364169e+00 -2.426668691635128494e-01 3.170230026245117738e-01
4.758505611419677983e+00 -2.537354421615597988e-01 3.175098724365233993e-01
4.755029926300049503e+00 -2.653310918807980645e-01 3.185436553955078853e-01
4.751598701477051101e+00 -2.776113653182980534e-01 3.200384826660156445e-01
4.748213386535645064e+00 -2.905180120468136562e-01 3.217922134399414658e-01
4.744924583435059517e+00 -3.041587972640988347e-01 3.234166259765625107e-01
4.741495189666748544e+00 -3.185226202011105512e-01 3.248565216064454031e-01
4.737815551757813104e+00 -3.335396718978879682e-01 3.259702224731445552e-01
4.733766212463379475e+00 -3.491231298446652587e-01 3.267837829589843590e-01
4.729175701141357990e+00 -3.650441884994504171e-01 3.273725814819336000e-01
4.723917694091797514e+00 -3.813376760482785066e-01 3.277191085815429616e-01
4.717836532592773580e+00 -3.977165365219113569e-01 3.279431457519531579e-01
4.711189651489258168e+00 -4.138963460922238102e-01 3.280054779052734570e-01
4.703979072570801279e+00 -4.293965291976925003e-01 3.278611297607422204e-01
4.696396522521973260e+00 -4.434394979476925513e-01 3.274518890380859748e-01
4.688595848083496165e+00 -4.556869268417355068e-01 3.269101638793945330e-01
4.680679473876953267e+00 -4.663842916488644130e-01 3.262399978637695597e-01
4.672472991943359411e+00 -4.756234121322628905e-01 3.254921264648438228e-01
4.664258422851562891e+00 -4.837333822250363680e-01 3.248142929077149077e-01
4.656027984619140803e+00 -4.911756277084348143e-01 3.244198913574218857e-01
4.647719764709473012e+00 -4.981495809555052112e-01 3.245676345825195819e-01
4.639208717346192223e+00 -5.046193075180052112e-01 3.253962249755859570e-01
4.630401916503906534e+00 -5.108217000961300380e-01 3.265798492431640776e-01
4.621289062500000711e+00 -5.167707204818722255e-01 3.278564758300781534e-01
4.611934738159179759e+00 -5.221994161605831852e-01 3.287267608642578942e-01
4.602309112548828907e+00 -5.270251226425167745e-01 3.290379257202149521e-01
4.592576065063476598e+00 -5.312573003768917834e-01 3.287558288574219389e-01
4.582331085205078480e+00 -5.348966360092159977e-01 3.281101150512695241e-01
4.571610984802246591e+00 -5.376822805404660732e-01 3.273410339355469212e-01
4.560476112365723367e+00 -5.400563573837277032e-01 3.265380020141601669e-01
4.549722442626953800e+00 -5.424288320541379438e-01 3.257337493896484970e-01
4.539596977233887110e+00 -5.447870016098019796e-01 3.251148529052734215e-01
4.530010604858398793e+00 -5.470265722274777476e-01 3.245985717773437473e-01
4.520852394104004190e+00 -5.489655065536496181e-01 3.241484756469728001e-01
4.512262878417969247e+00 -5.507854986190793278e-01 3.238474960327148988e-01
4.504371719360351634e+00 -5.527472066879269841e-01 3.237238998413086710e-01
4.497152023315430291e+00 -5.552652883529660688e-01 3.237605972290039658e-01
4.490534553527832706e+00 -5.584156179428098055e-01 3.239527053833007875e-01
4.484232177734375213e+00 -5.620176076889035199e-01 3.242723770141602291e-01
4.477969627380371520e+00 -5.660404348373410111e-01 3.251142044067383274e-01
4.471666717529297230e+00 -5.703600454330441938e-01 3.263284225463867205e-01
4.465283508300781357e+00 -5.748706960678098277e-01 3.277945251464844389e-01
4.459020118713379333e+00 -5.796347188949582119e-01 3.294312591552734926e-01
4.452859191894531499e+00 -5.847366476058957208e-01 3.311496276855468990e-01
4.446720809936524077e+00 -5.900079488754269574e-01 3.328441925048828409e-01
4.440600547790527486e+00 -5.952565908432003727e-01 3.344171829223633319e-01
4.434470901489258488e+00 -6.001745748519894397e-01 3.357287902832031268e-01
4.428631095886230717e+00 -6.041291189193722655e-01 3.365692825317383452e-01
4.423056297302246698e+00 -6.077137899398801224e-01 3.372272033691406934e-01
4.417807846069336186e+00 -6.106491231918331763e-01 3.375476379394531934e-01
4.412899818420410902e+00 -6.128585958480832208e-01 3.375537414550782156e-01
4.408218154907227238e+00 -6.144173574447628905e-01 3.373734970092773233e-01
4.403510818481445988e+00 -6.155583333969113502e-01 3.371193618774414036e-01
4.398630905151367898e+00 -6.163947439193723232e-01 3.368920440673828232e-01
4.393557815551758061e+00 -6.170414113998410333e-01 3.368412704467773633e-01
4.388189926147461506e+00 -6.175960683822628861e-01 3.369364089965820597e-01
4.382445678710937820e+00 -6.181796407699582385e-01 3.371872634887695952e-01
4.376410369873047657e+00 -6.187590169906613813e-01 3.375910491943360237e-01
4.370081787109375782e+00 -6.193338918685910022e-01 3.381194610595703587e-01
4.363476409912109943e+00 -6.199414205551144752e-01 3.387035675048828409e-01
4.356528549194336186e+00 -6.204864645004269930e-01 3.393237991333007963e-01
4.349204711914063104e+00 -6.208107137680051180e-01 3.399713821411133319e-01
4.341479873657227095e+00 -6.206795644760129127e-01 3.406288833618164036e-01
4.333424911499023757e+00 -6.196187734603878505e-01 3.412720794677734926e-01
4.325213012695312997e+00 -6.179639577865597699e-01 3.418345184326172514e-01
4.316693115234375711e+00 -6.159382772445676224e-01 3.422676773071289258e-01
4.307970199584961080e+00 -6.134821462631222522e-01 3.425030059814453409e-01
4.299280853271485014e+00 -6.105090475082394219e-01 3.425041503906249840e-01
4.290970764160157103e+00 -6.071029043197628816e-01 3.422648162841797070e-01
4.282915649414062997e+00 -6.033640432357785244e-01 3.417490692138672737e-01
4.275154113769531250e+00 -5.992865133285519841e-01 3.409966964721680149e-01
4.267734222412109979e+00 -5.949089956283566405e-01 3.400333709716797381e-01
4.260693817138672124e+00 -5.901912069320676135e-01 3.388190002441406889e-01
4.254086303710938211e+00 -5.850338125228878861e-01 3.373623580932617605e-01
4.248022918701172657e+00 -5.794786214828487880e-01 3.357523651123047737e-01
4.242639465332031179e+00 -5.736039495468137073e-01 3.340880126953125195e-01
4.237731170654297053e+00 -5.674270009994504260e-01 3.325152130126953764e-01
4.233238067626953871e+00 -5.608968496322629393e-01 3.310887451171875551e-01
4.229057693481445668e+00 -5.539834737777709073e-01 3.300835723876953676e-01
4.225109558105469176e+00 -5.467749929428098454e-01 3.297091598510742960e-01
4.221357650756836222e+00 -5.393632268905637073e-01 3.297599334716797559e-01
4.217732238769531961e+00 -5.317395162582395640e-01 3.301699371337890598e-01
4.214246063232422124e+00 -5.239557027816770240e-01 3.308570404052735281e-01
4.210893478393555434e+00 -5.159601736068722966e-01 3.317715377807617383e-01
4.207670135498046804e+00 -5.077895498275755148e-01 3.328103561401367649e-01
4.204628829956055469e+00 -4.994941091537473676e-01 3.337551040649414658e-01
4.201768951416015696e+00 -4.910836553573606489e-01 3.344300765991211621e-01
4.199175415039062997e+00 -4.824820089340208229e-01 3.348060150146485725e-01
4.196832885742187713e+00 -4.736552572250364301e-01 3.347635192871094567e-01
4.194717559814453267e+00 -4.644668722152708318e-01 3.345880813598632875e-01
4.192841415405274219e+00 -4.548853063583372380e-01 3.343010635375976980e-01
4.191058425903320561e+00 -4.451689291000363591e-01 3.338909835815430105e-01
4.189071960449219034e+00 -4.354675054550168900e-01 3.333886642456055371e-01
4.186768341064453836e+00 -4.259202337265012295e-01 3.327780838012696085e-01
4.184283218383789915e+00 -4.166078329086301824e-01 3.320872802734375906e-01
4.181380310058593786e+00 -4.075450277328488968e-01 3.311451263427734881e-01
4.177943115234375782e+00 -3.987709951400755237e-01 3.300278778076172204e-01
4.174046020507812926e+00 -3.901855230331419677e-01 3.288815612792969079e-01
4.170050506591797657e+00 -3.817614889144895218e-01 3.276976318359375862e-01
4.165681762695312429e+00 -3.734647512435910754e-01 3.265341491699219612e-01
4.160902786254883523e+00 -3.652222585678098210e-01 3.254698867797852779e-01
4.155858230590820490e+00 -3.567624807357785977e-01 3.243606109619141531e-01
4.150657272338867720e+00 -3.483705282211301824e-01 3.230882186889647567e-01
4.145489501953125711e+00 -3.400993871688841597e-01 3.217066497802735237e-01
4.140425567626953018e+00 -3.318901968002317404e-01 3.202986450195313139e-01
4.135496978759766407e+00 -3.237013006210325283e-01 3.189301223754883452e-01
4.130721740722656854e+00 -3.154367208480832740e-01 3.176808090209961577e-01
4.126117935180664276e+00 -3.070573568344114324e-01 3.167795867919922514e-01
4.121651535034180469e+00 -2.985069036483762317e-01 3.163835067749024565e-01
4.117172088623047621e+00 -2.896160650253293833e-01 3.163738555908203187e-01
4.112572326660156818e+00 -2.804475164413450239e-01 3.164980621337890598e-01
4.107545547485352166e+00 -2.710789251327512250e-01 3.166627807617188317e-01
4.102113342285156783e+00 -2.615717458724973188e-01 3.168685455322266531e-01
4.096435623168945384e+00 -2.517254400253293722e-01 3.171531982421875728e-01
4.090555191040039062e+00 -2.415551519393918378e-01 3.174675292968750506e-01
4.084541244506835866e+00 -2.311593770980832352e-01 3.178031463623047781e-01
4.078523178100586399e+00 -2.204554700851437954e-01 3.181785125732422559e-01
4.072452316284180363e+00 -2.096371603012082419e-01 3.184699554443360947e-01
4.066536483764648935e+00 -1.986702489852902598e-01 3.187274093627929794e-01
4.060873413085937855e+00 -1.876614522933957585e-01 3.188692016601563095e-01
4.055457916259766371e+00 -1.765265035629270118e-01 3.190271682739258541e-01
4.050401229858398899e+00 -1.651831388473508355e-01 3.192029876708983860e-01
4.046240310668945739e+00 -1.535049200057981011e-01 3.194176406860352868e-01
4.042632293701172053e+00 -1.416422414779660577e-01 3.196481246948242871e-01
4.039343032836914205e+00 -1.297051763534543822e-01 3.198857421874999885e-01
4.036311111450196165e+00 -1.177219915390012306e-01 3.201891250610352513e-01
4.033473052978516549e+00 -1.055324697494504360e-01 3.206366271972657112e-01
4.030705261230469461e+00 -9.339130878448462236e-02 3.213092727661133186e-01
4.027998199462890838e+00 -8.143368244171117487e-02 3.220169754028320286e-01
4.025322570800781818e+00 -6.973491191863989691e-02 3.228025360107422692e-01
4.022794036865234624e+00 -5.832579135894751937e-02 3.235687561035156534e-01
4.020471878051758097e+00 -4.717433452606176886e-02 3.242044754028320375e-01
4.018456268310547586e+00 -3.627021312713598483e-02 3.246874160766601847e-01
4.016932678222656428e+00 -2.553952693939184199e-02 3.252677078247070419e-01
4.014668350219727344e+00 -1.575773715972875882e-02 3.259513397216797781e-01
4.010203552246093928e+00 -7.795548439025627718e-03 3.266073150634766220e-01
4.004670486450195632e+00 -4.474592208859803910e-04 3.264692230224609526e-01
4.000042648315430327e+00 7.710614204406988914e-03 3.261069412231445419e-01
3.997622146606445881e+00 1.780924320220972357e-02 3.267798156738281889e-01
3.996564941406250515e+00 2.879359722137476985e-02 3.276766510009766487e-01
3.995183486938477024e+00 4.005932331085229614e-02 3.287827987670898233e-01
3.993311691284180398e+00 5.159241199493433405e-02 3.301172943115233682e-01
3.991285476684570455e+00 6.320673465728784968e-02 3.314828033447265732e-01
3.989247512817382990e+00 7.486423015594506625e-02 3.327155227661132697e-01
3.987084503173828676e+00 8.635819911956811590e-02 3.339083023071289791e-01
3.984910964965820312e+00 9.782704830169702825e-02 3.350316925048828498e-01
3.982582778930664702e+00 1.090941762924196867e-01 3.356925888061523811e-01
3.979998703002930238e+00 1.197098779678347213e-01 3.359668655395507963e-01
3.977179641723632919e+00 1.299025964736940930e-01 3.358708114624024965e-01
3.974103927612304688e+00 1.398087644577028776e-01 3.353968734741211710e-01
3.970772705078125409e+00 1.495228433609011309e-01 3.347585983276367694e-01
3.967229309082031641e+00 1.590442895889284669e-01 3.341759414672852424e-01
3.963490219116211577e+00 1.685281038284303923e-01 3.338640518188477069e-01
3.959600524902343821e+00 1.780428743362429400e-01 3.340630264282227202e-01
3.955634689331055220e+00 1.875867891311648050e-01 3.341500778198243093e-01
3.951591644287109517e+00 1.967762899398806109e-01 3.342221374511719079e-01
3.947398605346680078e+00 2.053987550735476286e-01 3.345983810424805194e-01
3.942411727905273722e+00 2.141278791427614903e-01 3.358447570800782156e-01
3.936305770874024113e+00 2.234064531326296343e-01 3.383745117187499929e-01
3.929120635986328658e+00 2.331726312637331655e-01 3.427495880126953942e-01
3.921478042602539738e+00 2.430064249038698387e-01 3.471989364624024077e-01
3.914492340087891264e+00 2.515434122085573598e-01 3.500550384521485814e-01
3.908527145385742863e+00 2.584208154678346858e-01 3.505641098022461710e-01
3.902866287231446130e+00 2.645194673538210361e-01 3.497636718750000151e-01
3.897065963745117489e+00 2.703227090835573776e-01 3.488379211425781667e-01
3.891155242919921875e+00 2.755833673477175449e-01 3.476139755249024743e-01
3.885196380615234979e+00 2.803043794631960295e-01 3.461106796264648011e-01
3.879106140136719283e+00 2.848820734024050672e-01 3.445582122802735014e-01
3.872965240478515980e+00 2.891885995864870718e-01 3.429074401855468635e-01
3.866556015014648739e+00 2.932583284378054156e-01 3.413295288085937962e-01
3.859820709228515945e+00 2.971050691604616989e-01 3.402187652587891353e-01
3.852809906005859819e+00 3.008394289016725898e-01 3.395638198852539702e-01
3.845736389160156588e+00 3.047509050369265338e-01 3.393516464233399255e-01
3.838585052490234517e+00 3.089961481094362639e-01 3.395901412963867605e-01
3.831369323730469123e+00 3.137284326553346769e-01 3.404330749511719212e-01
3.824179763793945863e+00 3.187294244766237794e-01 3.417669219970703720e-01
3.816935882568359695e+00 3.236743783950807862e-01 3.430472488403321085e-01
3.809162139892578569e+00 3.278372049331667593e-01 3.439468688964844034e-01
3.801164169311523899e+00 3.316624689102175005e-01 3.446649856567383097e-01
3.793364791870117436e+00 3.355768823623659913e-01 3.450099105834961710e-01
3.785824813842773917e+00 3.396959543228151857e-01 3.449415130615234304e-01
3.778747406005859677e+00 3.440353631973269155e-01 3.445068283081055283e-01
3.772334442138672195e+00 3.486840677261354715e-01 3.436831207275391487e-01
3.766529541015625426e+00 3.534485101699831322e-01 3.423268432617188051e-01
3.761045074462891158e+00 3.582167673110963624e-01 3.405396194458008008e-01
3.755358123779297230e+00 3.631390237808229671e-01 3.388485260009765909e-01
3.749386596679688211e+00 3.679476785659792082e-01 3.375107498168945508e-01
3.743311157226562713e+00 3.724585199356080789e-01 3.366503829956054572e-01
3.737322692871094088e+00 3.765802812576296010e-01 3.366834945678711666e-01
3.731282043457031961e+00 3.803759241104128219e-01 3.374932022094727646e-01
3.725069122314453196e+00 3.838143396377565741e-01 3.387100143432617561e-01
3.718759155273438033e+00 3.867025613784792482e-01 3.403062362670897789e-01
3.712438201904297408e+00 3.889991235733034625e-01 3.422677917480468901e-01
3.706139831542968999e+00 3.910268259048464423e-01 3.444479675292969612e-01
3.699912261962890803e+00 3.928315591812135965e-01 3.465028305053711177e-01
3.693749694824218999e+00 3.942794275283815764e-01 3.483508987426757741e-01
3.687711791992187571e+00 3.952937936782839334e-01 3.498543853759765732e-01
3.681831970214844318e+00 3.956202554702761276e-01 3.510290832519531445e-01
3.676101531982422177e+00 3.952980661392214157e-01 3.518490142822265909e-01
3.670557861328125338e+00 3.948547601699831655e-01 3.526169128417968590e-01
3.665035705566406676e+00 3.946457147598269044e-01 3.533441085815429705e-01
3.659527587890625711e+00 3.946376657485964334e-01 3.540021438598632830e-01
3.654062042236328800e+00 3.947202539443971925e-01 3.545904083251953942e-01
3.648594818115234784e+00 3.948186731338503286e-01 3.551014251708983771e-01
3.643127899169922301e+00 3.945957803726198310e-01 3.554475708007812651e-01
3.637728271484375497e+00 3.939590692520144044e-01 3.555797882080078409e-01
3.632477416992188068e+00 3.931779718399049939e-01 3.555174179077149610e-01
3.627574920654297319e+00 3.923834466934206233e-01 3.552758712768555593e-01
3.623118743896484695e+00 3.916879892349245385e-01 3.548452301025392108e-01
3.619088287353515732e+00 3.911080789566042104e-01 3.541486663818360636e-01
3.615446166992187571e+00 3.907319116592409269e-01 3.532364196777344478e-01
3.612159881591797017e+00 3.904783105850221925e-01 3.521449966430664213e-01
3.609143218994141034e+00 3.904105234146120207e-01 3.508724899291992827e-01
3.606096191406250373e+00 3.905796670913698754e-01 3.495184631347656445e-01
3.603082275390625533e+00 3.908570337295534380e-01 3.480103607177734704e-01
3.600023956298828764e+00 3.911733102798464201e-01 3.464659805297852779e-01
3.596917724609375533e+00 3.914438867568971747e-01 3.451916046142577965e-01
3.593819274902344318e+00 3.915177774429324242e-01 3.443439025878907156e-01
3.590867309570312749e+00 3.914953088760378397e-01 3.437013168334961399e-01
3.588005523681641051e+00 3.913743066787722102e-01 3.431987686157227380e-01
3.585138092041016300e+00 3.911469888687136298e-01 3.428110046386718679e-01
3.582216796875000497e+00 3.907929849624636187e-01 3.425022811889648633e-01
3.579213714599609908e+00 3.902908182144167459e-01 3.422206420898438184e-01
3.576203155517578836e+00 3.896954584121706255e-01 3.420172042846679750e-01
3.573190460205078800e+00 3.890762948989870407e-01 3.420773620605469523e-01
3.570162200927734730e+00 3.883853769302370584e-01 3.423004837036133230e-01
3.567113800048828498e+00 3.877141427993776590e-01 3.425266189575195686e-01
3.563971557617187980e+00 3.871896600723269133e-01 3.425846786499024965e-01
3.560673828125000107e+00 3.867172861099245629e-01 3.425709838867188051e-01
3.557319030761719070e+00 3.862668085098268644e-01 3.425823516845702965e-01
3.553783416748047319e+00 3.857641458511354982e-01 3.426835556030274343e-01
3.550011291503906818e+00 3.851093149185182973e-01 3.427952880859375107e-01
3.546079864501953338e+00 3.842116403579713957e-01 3.428488845825196085e-01
3.542139587402344247e+00 3.831344842910768822e-01 3.427077407836914835e-01
3.538208007812500444e+00 3.818148279190065608e-01 3.424993438720703720e-01
3.534267578125000142e+00 3.801165628433229582e-01 3.423702163696289436e-01
3.530713958740234748e+00 3.780769777297975365e-01 3.423925704956054528e-01
3.527444152832031499e+00 3.758195734024050161e-01 3.425330276489257919e-01
3.524441528320313211e+00 3.732997751235963557e-01 3.425126190185546760e-01
3.521560211181641087e+00 3.703821039199831078e-01 3.425903625488281312e-01
3.518715667724610086e+00 3.671396875381471858e-01 3.426377792358399343e-01
3.515947113037110050e+00 3.636516618728639627e-01 3.425883407592773544e-01
3.513272247314453534e+00 3.599552011489869918e-01 3.425035781860352735e-01
3.510890655517578729e+00 3.559620141983034225e-01 3.423632354736328987e-01
3.508730621337891264e+00 3.517953729629518800e-01 3.421725006103516487e-01
3.506760101318359801e+00 3.475372171401979737e-01 3.419358749389648233e-01
3.504962615966797479e+00 3.433046197891237439e-01 3.416817398071289036e-01
3.503310852050781854e+00 3.391005182266237372e-01 3.414788360595703010e-01
3.501796112060547195e+00 3.349239397048952016e-01 3.412710113525391220e-01
3.500392150878906428e+00 3.307984399795534380e-01 3.409848327636718635e-01
3.499120178222656641e+00 3.267832422256471414e-01 3.406761474609375506e-01
3.497954254150390963e+00 3.228899812698365901e-01 3.403624267578125862e-01
3.496882934570312962e+00 3.191768693923952016e-01 3.400454254150391264e-01
3.495913391113281588e+00 3.155948305130006903e-01 3.397167892456055549e-01
3.495021820068359819e+00 3.120938539505006548e-01 3.394049377441407112e-01
3.494214324951172124e+00 3.086602830886842619e-01 3.391409988403321085e-01
3.493542175292969176e+00 3.053496599197390027e-01 3.389362640380859659e-01
3.493043823242187873e+00 3.022158288955690275e-01 3.387807006835937829e-01
3.492618560791016069e+00 2.991934442520143844e-01 3.386636657714844345e-01
3.492275543212890909e+00 2.963443613052370029e-01 3.385655517578125551e-01
3.492040252685547408e+00 2.936453104019167704e-01 3.384887237548828143e-01
3.491900024414062997e+00 2.910543107986452438e-01 3.384535140991211666e-01
3.491836700439453267e+00 2.885457849502565120e-01 3.384185333251953365e-01
3.491910705566406925e+00 2.860932207107546033e-01 3.383565063476562385e-01
3.492106628417968928e+00 2.837179040908816008e-01 3.382750244140625417e-01
3.492391510009765998e+00 2.814132547378542237e-01 3.381457061767578764e-01
3.492749328613281357e+00 2.791844415664674894e-01 3.379569168090820197e-01
3.493180389404296982e+00 2.770209932327272750e-01 3.377191467285156623e-01
3.493728179931641087e+00 2.748932504653932574e-01 3.374180908203124885e-01
3.494293518066406534e+00 2.727778291702272484e-01 3.370498199462891309e-01
3.494662933349609979e+00 2.707015466690065320e-01 3.366312713623047514e-01
3.494787445068359588e+00 2.686658525466921188e-01 3.361812133789063850e-01
3.494775848388671946e+00 2.666609048843385787e-01 3.356864852905273588e-01
3.494654235839844247e+00 2.646550989151003619e-01 3.351519317626953098e-01
3.494441070556641105e+00 2.626731538772584806e-01 3.345869369506836444e-01
3.494149475097656499e+00 2.607044458389284891e-01 3.339911193847656667e-01
3.493790740966796982e+00 2.587642717361452460e-01 3.333745498657226802e-01
3.493368072509765998e+00 2.568335580825807929e-01 3.327603454589843635e-01
3.492860260009766016e+00 2.549218606948854826e-01 3.321525115966796893e-01
3.492287139892578551e+00 2.530348062515260787e-01 3.315540618896485325e-01
3.491651611328125071e+00 2.511709833145143733e-01 3.309525985717772789e-01
3.490953674316406463e+00 2.493158578872682885e-01 3.303447265625000240e-01
3.490135345458984517e+00 2.474620676040651945e-01 3.297119064331055505e-01
3.489106597900391016e+00 2.457174348831178967e-01 3.291021652221679528e-01
3.488195495605468821e+00 2.439204645156862472e-01 3.285591430664063228e-01
3.487294769287109908e+00 2.420809793472292193e-01 3.280446166992188051e-01
3.486407775878906712e+00 2.401744699478151612e-01 3.275865097045898011e-01
3.485588073730469194e+00 2.381426477432253275e-01 3.272132034301757919e-01
3.484893646240234677e+00 2.359629678726198332e-01 3.269351501464844434e-01
3.484322509765625409e+00 2.336182641983034491e-01 3.267637939453125195e-01
3.483881072998046946e+00 2.311011171340944526e-01 3.267045135498046760e-01
3.483547973632813211e+00 2.284082651138307773e-01 3.267475433349609215e-01
3.483264312744140945e+00 2.255560731887819581e-01 3.268748779296875018e-01
3.483018341064453516e+00 2.224958276748659480e-01 3.270933074951172248e-01
3.482814331054687962e+00 2.192925405502321734e-01 3.273928756713867516e-01
3.482575683593750249e+00 2.159678316116335206e-01 3.277285308837890598e-01
3.482246093750000604e+00 2.125332975387575485e-01 3.281041259765625773e-01
3.481775817871094247e+00 2.090329885482790362e-01 3.285997314453125151e-01
3.481240844726563033e+00 2.054725122451784569e-01 3.289836044311523766e-01
3.480638427734375373e+00 2.018346071243288520e-01 3.291590042114258541e-01
3.479922180175781588e+00 1.981651163101198765e-01 3.292575378417968990e-01
3.479114074707031712e+00 1.943954324722292348e-01 3.293297119140625728e-01
3.478274383544922355e+00 1.904859972000124413e-01 3.293714065551758274e-01
3.477449035644531783e+00 1.864018011093142024e-01 3.293427200317383674e-01
3.476634979248047319e+00 1.821044874191286300e-01 3.292285842895508186e-01
3.475760955810547337e+00 1.774672937393190764e-01 3.290233917236328187e-01
3.474945983886719159e+00 1.723924779891969905e-01 3.287327499389648411e-01
3.474237213134766300e+00 1.667602682113649704e-01 3.283829421997070952e-01
3.473638763427734588e+00 1.604490137100222091e-01 3.279832382202149121e-01
3.473205261230469354e+00 1.535206079483034391e-01 3.275954742431641531e-01
3.472914733886719230e+00 1.460474157333376266e-01 3.272363586425781623e-01
3.472666473388672514e+00 1.384624242782594994e-01 3.270212097167969345e-01
3.472433776855469389e+00 1.309061765670778421e-01 3.268266601562500595e-01
3.472172088623047159e+00 1.234621858596803845e-01 3.266975708007813228e-01
3.471840820312500409e+00 1.163666009902956378e-01 3.266389007568359926e-01
3.471342773437500639e+00 1.095777654647829280e-01 3.266343612670897789e-01
3.470624542236328658e+00 1.030776071548464012e-01 3.266545028686523855e-01
3.469618988037109553e+00 9.685037136077902231e-02 3.266329116821289347e-01
3.468334350585937642e+00 9.088491916656515901e-02 3.265234680175781445e-01
3.466807098388672514e+00 8.512334346771262272e-02 3.263187332153321130e-01
3.465068511962891229e+00 7.957258701324484984e-02 3.259270782470703454e-01
3.463162689208984624e+00 7.429875850677511440e-02 3.253850097656250107e-01
3.461125030517578693e+00 6.926761150360129238e-02 3.248534317016601447e-01
3.458956756591797355e+00 6.448131084442160210e-02 3.244451828002929972e-01
3.456743774414062997e+00 5.994311809539816516e-02 3.240983123779297426e-01
3.454560699462891016e+00 5.571243762969992075e-02 3.238190002441406756e-01
3.452378997802735050e+00 5.175400257110617658e-02 3.236023635864258008e-01
3.450235900878906747e+00 4.804176807403585936e-02 3.234521789550781623e-01
3.448114929199219247e+00 4.460987567901633644e-02 3.233042831420898100e-01
3.446008148193359766e+00 4.147694110870382700e-02 3.231612701416016753e-01
3.443946838378906694e+00 3.864377498626730273e-02 3.231337280273437473e-01
3.441930084228515874e+00 3.609494686126729635e-02 3.232892150878906579e-01
3.439994201660156570e+00 3.379586696624777009e-02 3.236387557983398944e-01
3.438062591552734748e+00 3.179005146026632478e-02 3.240856475830078409e-01
3.436213226318360014e+00 3.005553722381613252e-02 3.243493194580078232e-01
3.434270324707031641e+00 2.844982624053976616e-02 3.245316238403320730e-01
3.432271575927734908e+00 2.686599254608176141e-02 3.246494216918945908e-01
3.430271911621094461e+00 2.525140285491965508e-02 3.247584457397461044e-01
3.428262481689453800e+00 2.361304759979269280e-02 3.250304336547852335e-01
3.426090087890625302e+00 2.212761402130148519e-02 3.249015350341797337e-01
3.423713989257812784e+00 2.082328319549581891e-02 3.244337387084961222e-01
3.421175079345703196e+00 1.970929622650167967e-02 3.237842483520507741e-01
3.418628845214843892e+00 1.872780323028586102e-02 3.231624908447265909e-01
3.416153259277344034e+00 1.787465572357199023e-02 3.226672668457031268e-01
3.413847961425781730e+00 1.725555896759054658e-02 3.222100372314453676e-01
3.411788177490234553e+00 1.681125164032003932e-02 3.218017883300781090e-01
3.409934082031250480e+00 1.649547100067159933e-02 3.214542694091797603e-01
3.408304138183594123e+00 1.633413791656515568e-02 3.211752624511718945e-01
3.406919403076172248e+00 1.633795261383078068e-02 3.209770507812500506e-01
3.405753784179688104e+00 1.645674228668234096e-02 3.208607025146485991e-01
3.404756011962891016e+00 1.667145252227805047e-02 3.207902832031250817e-01
3.403916015625000568e+00 1.692804813385031387e-02 3.207331390380859792e-01
3.403310089111328374e+00 1.722388744354269585e-02 3.206640930175781445e-01
3.402733306884766051e+00 1.755082607269308620e-02 3.205852432250977380e-01
3.402077789306640732e+00 1.791656970977804908e-02 3.205135269165039213e-01
3.401397705078125444e+00 1.828854084014914366e-02 3.204488677978516442e-01
3.400713653564453764e+00 1.862102985382101811e-02 3.204116363525392197e-01
3.400006561279297124e+00 1.892213344573995953e-02 3.203998107910156490e-01
3.399259796142578338e+00 1.918184757232687526e-02 3.204136962890625773e-01
3.398442230224609784e+00 1.941236972808859512e-02 3.204568405151367871e-01
3.397519836425781925e+00 1.961497783660910016e-02 3.205219192504883408e-01
3.396500244140625568e+00 1.980801105499289255e-02 3.205951614379882741e-01
3.395385284423828587e+00 1.997436046600363502e-02 3.206580657958983949e-01
3.394165649414063068e+00 2.008550167083762023e-02 3.207202835083008408e-01
3.392839660644531463e+00 2.014113903045675752e-02 3.207359237670898144e-01
3.391364440917969070e+00 2.012738704681418106e-02 3.206896514892578764e-01
3.389746704101562980e+00 2.002440929412863113e-02 3.207751388549805460e-01
3.387962188720703427e+00 1.982625484466574162e-02 3.208899993896485725e-01
3.385993041992187980e+00 1.943399906158468915e-02 3.210348434448242472e-01
3.383904418945312909e+00 1.880411624908468610e-02 3.212893600463867516e-01
3.381701354980469088e+00 1.799843311309835825e-02 3.216094894409180505e-01
3.379378967285156854e+00 1.706641674041769335e-02 3.220279617309570463e-01
3.376905975341797372e+00 1.598166942596455919e-02 3.225413055419922292e-01
3.374294738769531676e+00 1.477573871612569700e-02 3.231339187622070952e-01
3.371571502685547284e+00 1.347314357757588982e-02 3.237847824096680149e-01
3.368787536621094425e+00 1.208985805511494926e-02 3.244787902832031445e-01
3.365968627929687873e+00 1.065003871917745426e-02 3.251954574584960955e-01
3.363134307861328498e+00 9.253144264221399573e-03 3.259062881469727557e-01
3.360206451416015927e+00 7.937626838684284925e-03 3.266162414550781712e-01
3.357328186035156925e+00 6.643443107605187525e-03 3.273176116943360414e-01
3.354459533691406925e+00 5.346102714538780720e-03 3.280056686401368049e-01
3.351561431884765963e+00 4.052987098694053880e-03 3.286876602172852380e-01
3.348638763427734588e+00 2.683119773864948987e-03 3.293581695556641042e-01
3.345674743652343963e+00 1.165318489074911035e-03 3.300784606933594434e-01
3.342569274902344123e+00 -5.884790420530167099e-04 3.308595581054688539e-01
3.339358520507812678e+00 -2.781567573547159833e-03 3.317540283203125329e-01
3.336047973632812802e+00 -5.384621620178019208e-03 3.327832336425781135e-01
3.332644500732422355e+00 -8.369975090026647579e-03 3.337750167846680327e-01
3.329127655029297195e+00 -1.178094387054422904e-02 3.348002166748047514e-01
3.325534210205078445e+00 -1.571445941925028039e-02 3.358141250610352513e-01
3.321844940185547213e+00 -2.026993274688700802e-02 3.367823333740234126e-01
3.318074340820312607e+00 -2.557979106903055661e-02 3.375979537963867960e-01
3.314350738525391193e+00 -3.183152675628642819e-02 3.382628555297853001e-01
3.310543212890625142e+00 -3.871091365814188084e-02 3.387644500732421848e-01
3.306645050048828693e+00 -4.628082752227762747e-02 3.391046447753907067e-01
3.302653198242187838e+00 -5.452626705169657390e-02 3.392579193115233815e-01
3.298617095947266264e+00 -6.349933147430400493e-02 3.392147369384765909e-01
3.294604949951172479e+00 -7.309072017669657195e-02 3.388969726562500728e-01
3.290620422363281783e+00 -8.314219951629617245e-02 3.381570739746093679e-01
3.286608886718750178e+00 -9.367812633514380205e-02 3.369518203735352158e-01
3.282442016601562873e+00 -1.047010183334348421e-01 3.356431121826172204e-01
3.278138885498047550e+00 -1.162489080429074950e-01 3.342835540771484926e-01
3.273881072998046982e+00 -1.280367231369016201e-01 3.329532165527344656e-01
3.269569702148437784e+00 -1.398697423934934791e-01 3.317391891479493093e-01
3.265061798095703516e+00 -1.517182874679563198e-01 3.306102676391602380e-01
3.260277099609375284e+00 -1.638130331039426568e-01 3.295045394897461177e-01
3.255142059326172177e+00 -1.762854909896848232e-01 3.282355422973632919e-01
3.249575958251953445e+00 -1.891262578964231500e-01 3.270629425048828809e-01
3.243624877929688122e+00 -2.022941732406614290e-01 3.260965270996094567e-01
3.237500915527344425e+00 -2.157889509201047773e-01 3.254533691406250595e-01
3.231219329833984411e+00 -2.291524267196653197e-01 3.251307220458984348e-01
3.224881439208984624e+00 -2.420180082321164716e-01 3.251309127807617827e-01
3.218598937988281339e+00 -2.542987012863157648e-01 3.253468627929688717e-01
3.212314300537109535e+00 -2.659275960922239945e-01 3.258214874267578720e-01
3.205981445312500178e+00 -2.768681478500364945e-01 3.266509552001953809e-01
3.199430389404297248e+00 -2.868979406356810258e-01 3.274368591308594034e-01
3.192653045654297195e+00 -2.962199926376341552e-01 3.281258316040039924e-01
3.185652160644531605e+00 -3.049434423446653608e-01 3.287445373535156090e-01
3.178427886962890803e+00 -3.132150793075559880e-01 3.293316955566406579e-01
3.170899047851563068e+00 -3.210247945785520973e-01 3.297047729492188495e-01
3.163042144775390696e+00 -3.284853887557981911e-01 3.299490661621093945e-01
3.154732055664062784e+00 -3.359054708480833651e-01 3.302387924194336577e-01
3.146187286376953551e+00 -3.432536840438842329e-01 3.306511993408203232e-01
3.137624511718750675e+00 -3.507451391220091086e-01 3.313496704101562829e-01
3.128900299072265412e+00 -3.578942251205443070e-01 3.323974914550781312e-01
3.119986114501953622e+00 -3.647229146957395862e-01 3.336208267211914213e-01
3.110936431884765874e+00 -3.712201833724974032e-01 3.348422546386718990e-01
3.101742858886718857e+00 -3.772826910018919344e-01 3.358204193115233993e-01
3.092579193115235103e+00 -3.829673910140989901e-01 3.365066452026367338e-01
3.083386230468750711e+00 -3.881254720687865034e-01 3.367575378417969612e-01
3.074071197509765874e+00 -3.927419424057005393e-01 3.367439193725586533e-01
3.064685668945312802e+00 -3.968771886825560036e-01 3.367054290771485103e-01
3.055317993164062607e+00 -4.005869817733763161e-01 3.365514678955078276e-01
3.046125793457032049e+00 -4.039510869979857088e-01 3.364712448120117383e-01
3.037193603515625284e+00 -4.069308996200560191e-01 3.363762588500976980e-01
3.028555297851562855e+00 -4.095097494125364834e-01 3.362869949340820952e-01
3.020213623046875462e+00 -4.117537832260130259e-01 3.362353439331055016e-01
3.012155303955078356e+00 -4.137513494491575905e-01 3.362604446411132653e-01
3.004336700439453445e+00 -4.155879735946653719e-01 3.363290328979492427e-01
2.996739807128906641e+00 -4.171951055526731955e-01 3.364177246093750240e-01
2.989405517578125338e+00 -4.187402105331420321e-01 3.364945907592773455e-01
2.982340850830078605e+00 -4.205323934555053045e-01 3.366707534790039924e-01
2.975610656738281179e+00 -4.226048040390013028e-01 3.367687530517577965e-01
2.968977050781250515e+00 -4.247928762435911887e-01 3.365377731323242472e-01
2.962023773193359855e+00 -4.273040533065794455e-01 3.360392303466797070e-01
2.954781799316406499e+00 -4.303823614120482199e-01 3.352271575927734393e-01
2.947170867919922443e+00 -4.340355443954465597e-01 3.341754837036132741e-01
2.939195709228516140e+00 -4.380038976669309858e-01 3.328531570434570819e-01
2.930908813476563068e+00 -4.420390844345091219e-01 3.316100234985353001e-01
2.922072601318359553e+00 -4.462250661849974653e-01 3.304382247924805283e-01
2.912995452880859926e+00 -4.503733968734739967e-01 3.293523330688477024e-01
2.903819732666016229e+00 -4.543457937240599209e-01 3.284335250854492072e-01
2.894500579833984677e+00 -4.580785894393919477e-01 3.276412887573242338e-01
2.884675445556641016e+00 -4.613382482528685102e-01 3.268756408691406712e-01
2.874334564208984588e+00 -4.637431097030638716e-01 3.260065765380859570e-01
2.863689270019531996e+00 -4.653339147567747691e-01 3.251027603149414524e-01
2.852825775146484499e+00 -4.665077352523802068e-01 3.247542114257813139e-01
2.841692962646484411e+00 -4.672313451766966219e-01 3.245510025024413991e-01
2.830171661376953640e+00 -4.674675130844114790e-01 3.244903488159179838e-01
2.818169708251953676e+00 -4.673055028915403808e-01 3.244823379516601491e-01
2.805839385986328427e+00 -4.667795705795286798e-01 3.245020599365233682e-01
2.793528137207031747e+00 -4.659349203109739435e-01 3.246239776611328232e-01
2.781462097167969549e+00 -4.648096990585325328e-01 3.248814315795898189e-01
2.769747161865235174e+00 -4.635038900375364479e-01 3.253599472045898278e-01
2.758319854736328569e+00 -4.620314550399778897e-01 3.261667175292969345e-01
2.747318115234375302e+00 -4.602867269515990012e-01 3.270942230224609393e-01
2.736949157714844816e+00 -4.581885290145872869e-01 3.279297943115233593e-01
2.727199707031250586e+00 -4.558830404281615234e-01 3.285806198120118093e-01
2.717884521484375426e+00 -4.534250020980833407e-01 3.291760177612305105e-01
2.708822937011718945e+00 -4.506752920150756125e-01 3.295344085693360237e-01
2.699952239990234926e+00 -4.477303075790404208e-01 3.296449203491211843e-01
2.691251525878906481e+00 -4.446418905258178178e-01 3.295101852416992827e-01
2.682667541503906516e+00 -4.413145971298216841e-01 3.291312332153321085e-01
2.674837951660156588e+00 -4.376699209213255615e-01 3.289547653198242605e-01
2.667770080566406410e+00 -4.336316061019895862e-01 3.288719863891601536e-01
2.661320037841797159e+00 -4.291798925399779030e-01 3.289290924072265643e-01
2.655452270507812962e+00 -4.243297719955442804e-01 3.291267318725585866e-01
2.650273284912109339e+00 -4.189561605453489546e-01 3.294301910400391220e-01
2.645910949707031889e+00 -4.130447912216185236e-01 3.297355957031250506e-01
2.642265014648437660e+00 -4.066332387924193048e-01 3.299812622070312784e-01
2.639367828369140856e+00 -3.998233556747435302e-01 3.301815338134765909e-01
2.637226562500000426e+00 -3.926355886459348965e-01 3.303752441406250240e-01
2.635720977783203356e+00 -3.851667165756224032e-01 3.304225082397461710e-01
2.634565277099609304e+00 -3.773586797714231778e-01 3.306070632934570153e-01
2.633709716796875266e+00 -3.691463613510130304e-01 3.309609909057618093e-01
2.633055877685547053e+00 -3.604277181625364923e-01 3.314559097290039613e-01
2.632727050781250355e+00 -3.513927602767942804e-01 3.322268600463867960e-01
2.632653350830078676e+00 -3.417656469345091153e-01 3.329500885009766264e-01
2.632655334472656428e+00 -3.316062307357786620e-01 3.336931915283203320e-01
2.632641754150391034e+00 -3.208651494979857244e-01 3.343456954956055549e-01
2.632751464843750444e+00 -3.094876623153685058e-01 3.347713775634766353e-01
2.632980194091797177e+00 -2.976526403427122713e-01 3.348163146972656934e-01
2.633255004882812944e+00 -2.853711080551146195e-01 3.344587631225586222e-01
2.633845825195312962e+00 -2.723980093002317804e-01 3.336423034667969079e-01
2.633991851806641193e+00 -2.588765096664427112e-01 3.325277633666992028e-01
2.633472595214844780e+00 -2.449180364608763150e-01 3.308888549804688273e-01
2.631598052978516122e+00 -2.310063886642454156e-01 3.286605377197265865e-01
2.628511505126953640e+00 -2.171805715560911343e-01 3.262797851562500018e-01
2.624114990234375444e+00 -2.036619901657102660e-01 3.239365692138672648e-01
2.618712005615234872e+00 -1.905029439926145540e-01 3.216388244628907156e-01
2.612578887939453587e+00 -1.776194143295286298e-01 3.197517318725586755e-01
2.606129150390625426e+00 -1.647519445419309558e-01 3.181974334716797248e-01
2.599668273925781481e+00 -1.519870710372923095e-01 3.169182891845703232e-01
2.593229827880859872e+00 -1.394521856307981700e-01 3.158495254516602291e-01
2.586911926269531925e+00 -1.271189069747923062e-01 3.149313659667969389e-01
2.581356201171875586e+00 -1.149152135848997280e-01 3.141783828735352779e-01
2.576556854248047035e+00 -1.027864980697630048e-01 3.135464401245117161e-01
2.572285156250000426e+00 -9.070502758026108281e-02 3.130391998291016664e-01
2.568331451416016264e+00 -7.856393337249739650e-02 3.127102203369140909e-01
2.564523315429688033e+00 -6.623090267181377944e-02 3.126515502929688717e-01
2.560845336914062909e+00 -5.360865116119368362e-02 3.127897949218750862e-01
2.557483520507812802e+00 -4.063004970550521816e-02 3.130786437988282156e-01
2.554315338134765856e+00 -2.727635860443099886e-02 3.135872955322266398e-01
2.551017150878906570e+00 -1.351994037628157647e-02 3.142259140014648233e-01
2.547416229248047337e+00 5.575037002565064181e-04 3.148926086425781756e-01
2.543381195068359801e+00 1.498746395111100194e-02 3.154739685058594034e-01
2.538977966308594070e+00 2.984567165374771985e-02 3.160036392211914569e-01
2.534422149658203338e+00 4.526593685150162583e-02 3.164540405273438273e-01
2.529707489013672372e+00 6.121322154998795617e-02 3.168793792724610148e-01
2.524791412353516229e+00 7.753530979156510183e-02 3.171505661010742827e-01
2.519651947021484428e+00 9.415088653564468446e-02 3.173542327880859437e-01
2.514421539306641140e+00 1.109740686416627597e-01 3.174578781127930238e-01
2.509127655029297355e+00 1.277836465835572866e-01 3.174431533813476536e-01
2.503888244628906801e+00 1.443902254104615923e-01 3.171820755004882697e-01
2.498585510253906516e+00 1.606211137771607900e-01 3.165687103271485059e-01
2.492908782958984659e+00 1.762550973892213491e-01 3.156766052246093857e-01
2.486790771484375551e+00 1.914342260360719361e-01 3.147091598510742827e-01
2.480415344238281694e+00 2.062066888809205856e-01 3.139143676757812917e-01
2.473865966796875426e+00 2.207171201705934171e-01 3.135855407714843723e-01
2.467134399414062873e+00 2.349033021926881792e-01 3.136663360595703942e-01
2.460051269531250195e+00 2.486142396926881992e-01 3.144292755126953942e-01
2.452537536621094194e+00 2.618416070938112128e-01 3.157892532348632875e-01
2.444548339843750195e+00 2.747039270401003264e-01 3.177890701293946130e-01
2.435963439941406516e+00 2.873595285415651013e-01 3.201355285644531534e-01
2.426752014160156623e+00 3.000459146499634966e-01 3.227390213012695241e-01
2.416986694335937713e+00 3.127563714981079768e-01 3.256639404296874929e-01
2.406784362792969034e+00 3.254615640640259877e-01 3.287299652099610059e-01
2.396176757812500391e+00 3.381835794448853627e-01 3.317737503051758630e-01
2.385155029296875284e+00 3.509109735488892823e-01 3.345511550903320641e-01
2.373796386718750373e+00 3.636230134963990834e-01 3.368994445800781445e-01
2.362060241699218910e+00 3.762012529373170433e-01 3.386580963134766531e-01
2.350209045410156516e+00 3.885158395767213668e-01 3.396225280761718812e-01
2.338188781738281818e+00 4.003355646133424650e-01 3.399715347290039880e-01
2.325891113281250533e+00 4.113400506973268200e-01 3.398978729248047781e-01
2.313467712402343945e+00 4.216882181167604382e-01 3.394544906616211444e-01
2.300931701660156481e+00 4.313481760025025813e-01 3.386747283935547248e-01
2.288405456542969230e+00 4.402858591079713557e-01 3.376186294555664213e-01
2.275913391113281836e+00 4.484750986099244607e-01 3.363380737304688672e-01
2.263530273437500462e+00 4.558511972427370385e-01 3.348958892822265776e-01
2.251334838867188548e+00 4.625070428848268023e-01 3.330639953613281357e-01
2.239374694824219247e+00 4.683301782608034758e-01 3.310672302246093768e-01
2.227745666503906818e+00 4.734163522720338246e-01 3.289720458984375373e-01
2.216481018066406516e+00 4.780437326431276057e-01 3.269826049804688273e-01
2.205395812988281801e+00 4.822147989273072866e-01 3.251064605712891131e-01
2.194237976074218999e+00 4.859812784194947888e-01 3.233689041137696174e-01
2.182511901855469283e+00 4.896640634536744696e-01 3.217878646850586000e-01
2.170009155273437962e+00 4.928825998306275991e-01 3.203628845214844256e-01
2.157037353515625533e+00 4.955377817153931996e-01 3.192074508666992161e-01
2.143630676269531410e+00 4.977255487442017734e-01 3.183016891479492072e-01
2.129866638183594230e+00 4.993763208389283004e-01 3.180962295532226980e-01
2.115526428222656463e+00 5.005401468276978738e-01 3.184139938354492161e-01
2.100317687988281445e+00 5.012342691421509677e-01 3.191890640258789880e-01
2.084664306640625409e+00 5.019071817398071955e-01 3.202265472412109126e-01
2.068678588867188584e+00 5.026755380630495429e-01 3.212160415649414347e-01
2.052809143066406605e+00 5.037231302261353516e-01 3.219878692626954031e-01
2.037353820800781534e+00 5.051685190200806419e-01 3.222502059936523944e-01
2.022328186035156516e+00 5.071493005752564232e-01 3.218796463012695286e-01
2.007702636718750266e+00 5.097119760513306730e-01 3.205113906860352913e-01
1.993386535644531499e+00 5.128985452651978472e-01 3.181408615112305549e-01
1.979369506835937820e+00 5.161426782608034003e-01 3.154020233154297692e-01
1.965708618164062838e+00 5.193863534927369852e-01 3.125838394165039169e-01
1.952159118652343928e+00 5.224334573745729182e-01 3.100261993408203187e-01
1.938659667968750444e+00 5.251138544082643023e-01 3.080404586791992694e-01
1.925241394042969123e+00 5.273181009292603472e-01 3.068572158813477335e-01
1.911880493164062944e+00 5.288824701309204901e-01 3.064068145751953631e-01
1.898696289062500320e+00 5.295184183120729138e-01 3.066908950805664613e-01
1.885694274902343981e+00 5.293789911270142534e-01 3.076994247436524166e-01
1.872784423828125266e+00 5.287609720230104227e-01 3.089537734985352557e-01
1.859901733398437784e+00 5.277575922012330834e-01 3.102225418090820419e-01
1.847062072753906659e+00 5.263895273208619718e-01 3.117273254394531401e-01
1.834340515136719141e+00 5.248716592788698065e-01 3.131598205566407112e-01
1.821315002441406428e+00 5.226111078262331011e-01 3.143133468627929972e-01
1.808024291992188282e+00 5.197543191909791416e-01 3.153314895629882875e-01
1.794490051269531428e+00 5.164390420913698154e-01 3.162270660400391398e-01
1.780799865722656694e+00 5.126386117935182174e-01 3.169767684936524166e-01
1.767095642089844265e+00 5.084421014785768245e-01 3.175284881591797781e-01
1.753484497070312731e+00 5.039678812026978649e-01 3.178515930175781490e-01
1.740067749023437749e+00 4.992961740493775391e-01 3.179712982177734792e-01
1.726881713867188584e+00 4.945258188247681486e-01 3.178678054809570552e-01
1.713858947753906570e+00 4.894983148574830190e-01 3.175432510375977291e-01
1.701003112792969230e+00 4.841005945205689165e-01 3.171216125488282023e-01
1.688302917480469123e+00 4.782060098648072133e-01 3.164521331787109037e-01
1.675784912109375302e+00 4.714837121963502131e-01 3.155155487060546937e-01
1.663457641601562731e+00 4.637773370742798718e-01 3.145252532958984215e-01
1.651265563964844141e+00 4.553920602798463002e-01 3.139484710693360991e-01
1.639356384277343981e+00 4.466665506362915705e-01 3.135702056884765998e-01
1.627933654785156392e+00 4.382546091079712602e-01 3.133623809814453098e-01
1.616956176757812891e+00 4.300909662246705234e-01 3.131950302124024699e-01
1.606484680175781499e+00 4.220229578018189209e-01 3.129550476074218768e-01
1.596438903808594212e+00 4.138793802261353516e-01 3.125974578857422248e-01
1.586788635253906676e+00 4.055871820449830079e-01 3.121077651977539613e-01
1.577400512695312784e+00 3.970942163467408026e-01 3.114362640380859970e-01
1.568174438476563015e+00 3.882411432266236195e-01 3.105974502563476625e-01
1.559084777832031588e+00 3.788733530044556264e-01 3.096051330566406135e-01
1.550112915039062678e+00 3.686115694046021574e-01 3.084713287353516575e-01
1.541240234375000462e+00 3.580107545852662110e-01 3.073453063964843857e-01
1.532291870117188370e+00 3.472598314285278986e-01 3.062931365966796715e-01
1.523335571289063051e+00 3.361634492874146507e-01 3.054793853759766309e-01
1.514451599121094283e+00 3.254534006118775524e-01 3.047716445922852291e-01
1.505845031738281659e+00 3.151163911819458985e-01 3.044047088623047514e-01
1.497492980957031428e+00 3.052547693252564143e-01 3.042681045532227291e-01
1.489300842285156801e+00 2.961276865005494363e-01 3.042592163085937607e-01
1.481127624511719088e+00 2.879322481155396352e-01 3.043662567138671893e-01
1.472983398437500480e+00 2.803916597366334362e-01 3.045711059570312962e-01
1.464921264648437749e+00 2.734090280532837647e-01 3.048258895874024210e-01
1.456640014648437731e+00 2.672032403945923673e-01 3.051961441040039746e-01
1.447926025390625426e+00 2.617719507217408093e-01 3.059091110229492649e-01
1.438930358886719052e+00 2.567402315139771241e-01 3.065848464965820197e-01
1.429877929687500160e+00 2.520315027236939565e-01 3.071159667968750284e-01
1.420836791992187820e+00 2.476922845840455190e-01 3.072599716186523722e-01
1.411785278320312198e+00 2.436650514602662354e-01 3.073039932250977158e-01
1.402762451171875480e+00 2.398036813735963113e-01 3.076148147583007697e-01
1.393645019531250195e+00 2.360967111587525535e-01 3.082326049804688939e-01
1.384372863769531392e+00 2.325239992141724665e-01 3.091717453002930105e-01
1.375089721679688015e+00 2.291046380996705212e-01 3.104481048583983549e-01
1.365891113281250568e+00 2.259036874771119252e-01 3.119708557128906268e-01
1.356732482910156801e+00 2.230364274978638706e-01 3.135520477294921893e-01
1.347902526855468963e+00 2.203420305252076217e-01 3.150533981323242472e-01
1.339296569824218963e+00 2.177443742752076250e-01 3.164218826293945241e-01
1.330881958007812393e+00 2.154762887954712880e-01 3.177218170166016264e-01
1.322634887695312234e+00 2.134047555923462847e-01 3.188549728393554883e-01
1.314541625976562322e+00 2.114512681961060736e-01 3.196923751831055593e-01
1.306541748046875284e+00 2.095505857467652167e-01 3.201230545043945996e-01
1.298523254394531534e+00 2.076302480697632680e-01 3.206277770996094345e-01
1.290557556152343910e+00 2.054457712173462791e-01 3.212190170288086177e-01
1.282676086425781570e+00 2.028694009780884489e-01 3.218410797119141131e-01
1.274955444335937216e+00 1.997402238845826239e-01 3.224537582397460911e-01
1.267431030273437287e+00 1.963245630264283115e-01 3.231140060424805283e-01
1.260084533691406605e+00 1.926031351089478594e-01 3.238357849121094034e-01
1.252893066406250533e+00 1.884977388381958996e-01 3.246049804687500817e-01
1.245933532714844194e+00 1.839167451858521318e-01 3.254313201904297514e-01
1.239384765625000551e+00 1.788440370559693238e-01 3.263409347534179661e-01
1.233193664550781499e+00 1.733507204055786954e-01 3.272247619628906312e-01
1.227332458496094070e+00 1.674465036392212836e-01 3.279731674194336088e-01
1.221894531250000249e+00 1.611280012130738293e-01 3.286631317138671848e-01
1.216873168945312500e+00 1.543781137466431475e-01 3.293080062866211577e-01
1.212287597656250160e+00 1.472460031509400247e-01 3.299079055786132697e-01
1.208005371093750391e+00 1.398250341415405995e-01 3.304552001953124929e-01
1.203848876953125480e+00 1.322620010375977484e-01 3.310244674682617516e-01
1.199801025390625497e+00 1.245748996734619973e-01 3.317273635864258496e-01
1.195862731933594159e+00 1.167979669570923529e-01 3.326589889526367916e-01
1.191969909667969230e+00 1.088134908676148260e-01 3.336728210449219079e-01
1.188155822753906410e+00 1.005536222457886486e-01 3.344376296997070286e-01
1.184618835449219088e+00 9.170863151550301406e-02 3.347322769165039791e-01
1.181356201171875231e+00 8.226550102233894102e-02 3.346840591430664258e-01
1.178435363769531730e+00 7.238479614257820050e-02 3.342343826293945330e-01
1.175852355957031747e+00 6.227632999420173315e-02 3.333894653320312873e-01
1.173507995605469034e+00 5.206837654113777303e-02 3.322700042724610059e-01
1.171383056640625142e+00 4.186067581176765307e-02 3.310888595581055194e-01
1.169373474121094159e+00 3.160403251647957157e-02 3.299143524169921848e-01
1.167373046875000320e+00 2.135640621185309895e-02 3.288314743041992338e-01
1.165325317382812198e+00 1.141367912292487463e-02 3.278691024780273633e-01
1.163129272460937447e+00 2.102141380310132424e-03 3.270530624389648144e-01
1.160694580078125426e+00 -6.503458023071222172e-03 3.263809127807617561e-01
1.158015441894531428e+00 -1.456634521484367201e-02 3.257983322143555016e-01
1.154886169433594123e+00 -2.206144809722892369e-02 3.252078170776367960e-01
1.151070251464843874e+00 -2.913912296295158993e-02 3.245345230102539835e-01
1.146628112792968945e+00 -3.574586391448966033e-02 3.237333984375000417e-01
1.141656188964843999e+00 -4.190458774566644534e-02 3.228005905151367649e-01
