0.000000000000000000e+00 0.000000000000000000e+00 1.502990058262966208e-02 9.998870446647842858e-01
0.000000000000000000e+00 0.000000000000000000e+00 1.502990058262966208e-02 9.998870446647842858e-01
0.000000000000000000e+00 0.000000000000000000e+00 6.051502267514485833e-02 9.981672865961029872e-01
0.000000000000000000e+00 0.000000000000000000e+00 5.745930891945118940e-02 9.983478491079644801e-01
0.000000000000000000e+00 0.000000000000000000e+00 5.491428708623199290e-02 9.984910721052095983e-01
0.000000000000000000e+00 0.000000000000000000e+00 5.266335761454522119e-02 9.986123225580397778e-01
0.000000000000000000e+00 0.000000000000000000e+00 5.080474122773682988e-02 9.987086052842354400e-01
0.000000000000000000e+00 0.000000000000000000e+00 4.952286098380263846e-02 9.987729903436410872e-01
0.000000000000000000e+00 0.000000000000000000e+00 4.898676191700777199e-02 9.987994278917496915e-01
0.000000000000000000e+00 0.000000000000000000e+00 4.938426950594232423e-02 9.987798525828224250e-01
0.000000000000000000e+00 0.000000000000000000e+00 5.095589976747988414e-02 9.987009043146434228e-01
0.000000000000000000e+00 0.000000000000000000e+00 5.353311450590638593e-02 9.985660747548443794e-01
0.000000000000000000e+00 0.000000000000000000e+00 5.699718213239232667e-02 9.983743392280106654e-01
0.000000000000000000e+00 0.000000000000000000e+00 6.086520234576358462e-02 9.981459949042571500e-01
0.000000000000000000e+00 0.000000000000000000e+00 6.494988050864919371e-02 9.978885273525857080e-01
0.000000000000000000e+00 0.000000000000000000e+00 6.915919764143232951e-02 9.976056362017975410e-01
0.000000000000000000e+00 0.000000000000000000e+00 7.329261950991007579e-02 9.973104792016252995e-01
0.000000000000000000e+00 0.000000000000000000e+00 7.698720356846502910e-02 9.970320809716745059e-01
0.000000000000000000e+00 0.000000000000000000e+00 7.999384189094041475e-02 9.967953577638326568e-01
0.000000000000000000e+00 0.000000000000000000e+00 8.231751207833312711e-02 9.966061545090083573e-01
0.000000000000000000e+00 0.000000000000000000e+00 8.389158342226658849e-02 9.964748879078212385e-01
0.000000000000000000e+00 0.000000000000000000e+00 8.412763424169709958e-02 9.964549870199331805e-01
0.000000000000000000e+00 0.000000000000000000e+00 8.284825348149442437e-02 9.965621741241567078e-01
0.000000000000000000e+00 0.000000000000000000e+00 8.055070746021456007e-02 9.967505121782777033e-01
0.000000000000000000e+00 0.000000000000000000e+00 7.738831984237536099e-02 9.970010270566295185e-01
0.000000000000000000e+00 0.000000000000000000e+00 7.369484937425643811e-02 9.972808376659533236e-01
0.000000000000000000e+00 0.000000000000000000e+00 6.967276591853506507e-02 9.975699001519948705e-01
0.000000000000000000e+00 0.000000000000000000e+00 6.554881750754915082e-02 9.978493636433116709e-01
0.000000000000000000e+00 0.000000000000000000e+00 6.115336622418718338e-02 9.981283814216738159e-01
0.000000000000000000e+00 0.000000000000000000e+00 5.638799008965241638e-02 9.984089315373982920e-01
0.000000000000000000e+00 0.000000000000000000e+00 5.147274908178264829e-02 9.986743994425629767e-01
0.000000000000000000e+00 0.000000000000000000e+00 4.633999109050564169e-02 9.989257255801012869e-01
0.000000000000000000e+00 0.000000000000000000e+00 4.110087872795351732e-02 9.991550018729776772e-01
0.000000000000000000e+00 0.000000000000000000e+00 3.587509776437914494e-02 9.993562814934402461e-01
0.000000000000000000e+00 0.000000000000000000e+00 3.070826496360870572e-02 9.995283900234773755e-01
0.000000000000000000e+00 0.000000000000000000e+00 2.565810970040132560e-02 9.996707765092476272e-01
0.000000000000000000e+00 0.000000000000000000e+00 2.153492909121967544e-02 9.997680965249071683e-01
0.000000000000000000e+00 0.000000000000000000e+00 1.789520454135089603e-02 9.998398680060838206e-01
0.000000000000000000e+00 0.000000000000000000e+00 1.462475980441481707e-02 9.998930524814457765e-01
0.000000000000000000e+00 0.000000000000000000e+00 1.183072194624263697e-02 9.999300145601344170e-01
0.000000000000000000e+00 0.000000000000000000e+00 9.558879240142906589e-03 9.999543128701792183e-01
0.000000000000000000e+00 0.000000000000000000e+00 8.137531095312299650e-03 9.999668897456919225e-01
0.000000000000000000e+00 0.000000000000000000e+00 7.812152190952273249e-03 9.999694846734801246e-01
0.000000000000000000e+00 0.000000000000000000e+00 8.874384944059409558e-03 9.999606218706137417e-01
0.000000000000000000e+00 0.000000000000000000e+00 1.130294165604851450e-02 9.999361197146146019e-01
0.000000000000000000e+00 0.000000000000000000e+00 1.467148945497034548e-02 9.998923679062525771e-01
0.000000000000000000e+00 0.000000000000000000e+00 1.856911173536764104e-02 9.998275791802101464e-01
0.000000000000000000e+00 0.000000000000000000e+00 2.257242502011706786e-02 9.997452103554741454e-01
0.000000000000000000e+00 0.000000000000000000e+00 2.716745251210375342e-02 9.996308966433573584e-01
0.000000000000000000e+00 0.000000000000000000e+00 3.217073994736741743e-02 9.994823877844165594e-01
0.000000000000000000e+00 0.000000000000000000e+00 3.648143783102041765e-02 9.993343307891415783e-01
0.000000000000000000e+00 0.000000000000000000e+00 3.991386585687233673e-02 9.992031241506201811e-01
0.000000000000000000e+00 0.000000000000000000e+00 4.302445358493799110e-02 9.990740194768941151e-01
0.000000000000000000e+00 0.000000000000000000e+00 4.557564076903317107e-02 9.989608906100838626e-01
0.000000000000000000e+00 0.000000000000000000e+00 4.741272055303849542e-02 9.988753845849638324e-01
0.000000000000000000e+00 0.000000000000000000e+00 4.825753708408682396e-02 9.988349263589945126e-01
0.000000000000000000e+00 0.000000000000000000e+00 4.808788502353431027e-02 9.988431084579616481e-01
0.000000000000000000e+00 0.000000000000000000e+00 4.702063119534420632e-02 9.988939184127568760e-01
0.000000000000000000e+00 0.000000000000000000e+00 4.516732930163738780e-02 9.989794354058333381e-01
0.000000000000000000e+00 0.000000000000000000e+00 4.262149591206923493e-02 9.990912911672373831e-01
0.000000000000000000e+00 0.000000000000000000e+00 3.953505085097102495e-02 9.992181842591792984e-01
0.000000000000000000e+00 0.000000000000000000e+00 3.603793565790754105e-02 9.993504226213728581e-01
0.000000000000000000e+00 0.000000000000000000e+00 3.166013317148196754e-02 9.994986923290916092e-01
0.000000000000000000e+00 0.000000000000000000e+00 2.640275823023901028e-02 9.996513864132012817e-01
0.000000000000000000e+00 0.000000000000000000e+00 2.093635348919732977e-02 9.997808105292756986e-01
0.000000000000000000e+00 0.000000000000000000e+00 1.479683970854822790e-02 9.998905207744693824e-01
0.000000000000000000e+00 0.000000000000000000e+00 8.515120908172779321e-03 9.999637457007725105e-01
0.000000000000000000e+00 0.000000000000000000e+00 2.655121240050331479e-03 9.999964751593880541e-01
0.000000000000000000e+00 0.000000000000000000e+00 -2.151721723875348220e-03 9.999976850441320009e-01
0.000000000000000000e+00 0.000000000000000000e+00 -6.090018314237153653e-03 9.999814556665199694e-01
0.000000000000000000e+00 0.000000000000000000e+00 -9.341014783907265404e-03 9.999563717696922094e-01
0.000000000000000000e+00 0.000000000000000000e+00 -1.156085201283371666e-02 9.999331711173189419e-01
0.000000000000000000e+00 0.000000000000000000e+00 -1.263890650977282128e-02 9.999201258311771756e-01
0.000000000000000000e+00 0.000000000000000000e+00 -1.277769907592567894e-02 9.999183618707704335e-01
0.000000000000000000e+00 0.000000000000000000e+00 -1.202896299665903550e-02 9.999276494073083832e-01
0.000000000000000000e+00 0.000000000000000000e+00 -9.440701970497450760e-03 9.999554355801583139e-01
0.000000000000000000e+00 0.000000000000000000e+00 -4.387087544492113307e-03 9.999903766851343523e-01
0.000000000000000000e+00 0.000000000000000000e+00 1.617855654215807253e-03 9.999986912706846365e-01
0.000000000000000000e+00 0.000000000000000000e+00 7.914072721675605854e-03 9.999686832361082134e-01
0.000000000000000000e+00 0.000000000000000000e+00 1.504902425954125419e-02 9.998867570224319046e-01
0.000000000000000000e+00 0.000000000000000000e+00 2.258859696031240150e-02 9.997448450916686102e-01
0.000000000000000000e+00 0.000000000000000000e+00 3.055342286713287614e-02 9.995331351941776354e-01
0.000000000000000000e+00 0.000000000000000000e+00 3.886228038798510143e-02 9.992445762490009820e-01
0.000000000000000000e+00 0.000000000000000000e+00 4.799523073134142476e-02 9.988475648601469192e-01
0.000000000000000000e+00 0.000000000000000000e+00 5.725411782534412658e-02 9.983596376016218299e-01
0.000000000000000000e+00 0.000000000000000000e+00 6.556441606623050755e-02 9.978483388500950513e-01
0.000000000000000000e+00 0.000000000000000000e+00 7.085470595785779702e-02 9.974866468497839422e-01
0.000000000000000000e+00 0.000000000000000000e+00 7.366393877018667657e-02 9.972831213476252010e-01
0.000000000000000000e+00 0.000000000000000000e+00 7.590888256345192098e-02 9.971147584646252726e-01
0.000000000000000000e+00 0.000000000000000000e+00 7.648261282609905565e-02 9.970709151987601215e-01
0.000000000000000000e+00 0.000000000000000000e+00 7.405348181451827660e-02 9.972542714028086452e-01
0.000000000000000000e+00 0.000000000000000000e+00 6.976632572030913582e-02 9.975633612936511962e-01
0.000000000000000000e+00 0.000000000000000000e+00 6.377588523449975733e-02 9.979642460842752527e-01
0.000000000000000000e+00 0.000000000000000000e+00 5.492072349252193758e-02 9.984907180996015486e-01
0.000000000000000000e+00 0.000000000000000000e+00 4.372237010274367119e-02 9.990437199405232116e-01
0.000000000000000000e+00 0.000000000000000000e+00 3.018273811708900231e-02 9.995443973730007148e-01
0.000000000000000000e+00 0.000000000000000000e+00 1.243743574540451431e-02 9.999226521046910010e-01
0.000000000000000000e+00 0.000000000000000000e+00 -8.194384014903842786e-03 9.999664254716836842e-01
0.000000000000000000e+00 0.000000000000000000e+00 -3.007652446720539968e-02 9.995475990046565062e-01
0.000000000000000000e+00 0.000000000000000000e+00 -5.238048512286865716e-02 9.986272000993628994e-01
0.000000000000000000e+00 0.000000000000000000e+00 -7.468198889981492172e-02 9.972074009622912127e-01
0.000000000000000000e+00 0.000000000000000000e+00 -9.306051210945417984e-02 9.956604547163285801e-01
0.000000000000000000e+00 0.000000000000000000e+00 -1.078335130707244738e-01 9.941689662521285831e-01
0.000000000000000000e+00 0.000000000000000000e+00 -1.193107622596681627e-01 9.928569594906493379e-01
0.000000000000000000e+00 0.000000000000000000e+00 -1.247912188699488584e-01 9.921830232839868868e-01
0.000000000000000000e+00 0.000000000000000000e+00 -1.299389241229459424e-01 9.915219997548069264e-01
0.000000000000000000e+00 0.000000000000000000e+00 -1.351616035959034567e-01 9.908235669953474600e-01
0.000000000000000000e+00 0.000000000000000000e+00 -1.395709797577054379e-01 9.902120690081868126e-01
0.000000000000000000e+00 0.000000000000000000e+00 -1.429973422301036856e-01 9.897230724375009059e-01
0.000000000000000000e+00 0.000000000000000000e+00 -1.450719677682732189e-01 9.894211055803494581e-01
0.000000000000000000e+00 0.000000000000000000e+00 -1.464637271123706563e-01 9.892160414390543943e-01
0.000000000000000000e+00 0.000000000000000000e+00 -1.471331662777089488e-01 9.891166924994725385e-01
0.000000000000000000e+00 0.000000000000000000e+00 -1.458401401393371599e-01 9.893081691384836285e-01
0.000000000000000000e+00 0.000000000000000000e+00 -1.435759987706109742e-01 9.896392941759242223e-01
0.000000000000000000e+00 0.000000000000000000e+00 -1.407919494733169685e-01 9.900392047608533863e-01
0.000000000000000000e+00 0.000000000000000000e+00 -1.373603640700777062e-01 9.905211408054528377e-01
0.000000000000000000e+00 0.000000000000000000e+00 -1.338594191396973165e-01 9.910003309321258058e-01
0.000000000000000000e+00 0.000000000000000000e+00 -1.304961680756692166e-01 9.914488136649146632e-01
0.000000000000000000e+00 0.000000000000000000e+00 -1.287622696757337870e-01 9.916754902224585999e-01
0.000000000000000000e+00 0.000000000000000000e+00 -1.283558726725588794e-01 9.917281734177293417e-01
0.000000000000000000e+00 0.000000000000000000e+00 -1.291458414589506665e-01 9.916256106181705610e-01
0.000000000000000000e+00 0.000000000000000000e+00 -1.312017293662698092e-01 9.913556910671871281e-01
0.000000000000000000e+00 0.000000000000000000e+00 -1.339637951485915801e-01 9.909862267405062930e-01
0.000000000000000000e+00 0.000000000000000000e+00 -1.360774345099413363e-01 9.906982042061006632e-01
0.000000000000000000e+00 0.000000000000000000e+00 -1.366373475068174970e-01 9.906211360890202489e-01
0.000000000000000000e+00 0.000000000000000000e+00 -1.349273072396546536e-01 9.908554999398528906e-01
0.000000000000000000e+00 0.000000000000000000e+00 -1.298573790030749242e-01 9.915326828291903816e-01
0.000000000000000000e+00 0.000000000000000000e+00 -1.217954145184001608e-01 9.925552261724740477e-01
0.000000000000000000e+00 0.000000000000000000e+00 -1.117463370934161093e-01 9.937367640105726485e-01
0.000000000000000000e+00 0.000000000000000000e+00 -1.009299176992479452e-01 9.948935378789144357e-01
0.000000000000000000e+00 0.000000000000000000e+00 -8.972579302300635884e-02 9.959665064982821114e-01
0.000000000000000000e+00 0.000000000000000000e+00 -7.921126380930311461e-02 9.968578512936200342e-01
0.000000000000000000e+00 0.000000000000000000e+00 -7.013178850505154271e-02 9.975377347454494892e-01
0.000000000000000000e+00 0.000000000000000000e+00 -6.277924815082722154e-02 9.980274374993990394e-01
0.000000000000000000e+00 0.000000000000000000e+00 -5.643409850579676756e-02 9.984063263650917452e-01
0.000000000000000000e+00 0.000000000000000000e+00 -5.144019191294615934e-02 9.986760769418476791e-01
0.000000000000000000e+00 0.000000000000000000e+00 -4.738684123248190078e-02 9.988766126394228451e-01
0.000000000000000000e+00 0.000000000000000000e+00 -4.360071412772362903e-02 9.990490366981755743e-01
0.000000000000000000e+00 0.000000000000000000e+00 -3.994479164017024353e-02 9.992018883192842482e-01
0.000000000000000000e+00 0.000000000000000000e+00 -3.721519798637271809e-02 9.993072745851673266e-01
0.000000000000000000e+00 0.000000000000000000e+00 -3.588644916423183034e-02 9.993558739339970520e-01
0.000000000000000000e+00 0.000000000000000000e+00 -3.481461878214526379e-02 9.993937874126764820e-01
0.000000000000000000e+00 0.000000000000000000e+00 -3.378298193199280597e-02 9.994291921550934044e-01
0.000000000000000000e+00 0.000000000000000000e+00 -3.378541943700221623e-02 9.994291097588992034e-01
0.000000000000000000e+00 0.000000000000000000e+00 -3.429381848795195337e-02 9.994117940136164613e-01
0.000000000000000000e+00 0.000000000000000000e+00 -3.535414909346729084e-02 9.993748466625907989e-01
0.000000000000000000e+00 0.000000000000000000e+00 -3.758310378625780851e-02 9.992935055877183448e-01
0.000000000000000000e+00 0.000000000000000000e+00 -4.159648007597809005e-02 9.991344918704831990e-01
0.000000000000000000e+00 0.000000000000000000e+00 -4.664311742218628376e-02 9.989116175103481821e-01
0.000000000000000000e+00 0.000000000000000000e+00 -5.390475565635083344e-02 9.985460817196315508e-01
0.000000000000000000e+00 0.000000000000000000e+00 -6.526806736331511316e-02 9.978677664814400439e-01
0.000000000000000000e+00 0.000000000000000000e+00 -8.033906935189817633e-02 9.967675927394865631e-01
0.000000000000000000e+00 0.000000000000000000e+00 -9.824609503021473900e-02 9.951621500093912331e-01
0.000000000000000000e+00 0.000000000000000000e+00 -1.164946991874400428e-01 9.931913134241699970e-01
0.000000000000000000e+00 0.000000000000000000e+00 -1.338775343992481826e-01 9.909978838439454929e-01
0.000000000000000000e+00 0.000000000000000000e+00 -1.499477785650957240e-01 9.886939181078201466e-01
0.000000000000000000e+00 0.000000000000000000e+00 -1.649947241046262891e-01 9.862944494508920634e-01
0.000000000000000000e+00 0.000000000000000000e+00 -1.792049889899698933e-01 9.838117563442230207e-01
0.000000000000000000e+00 0.000000000000000000e+00 -1.915433665134423369e-01 9.814841510410124981e-01
0.000000000000000000e+00 0.000000000000000000e+00 -2.001829723004447947e-01 9.797585302516939043e-01
0.000000000000000000e+00 0.000000000000000000e+00 -2.042388470341161555e-01 9.789210863814176156e-01
0.000000000000000000e+00 0.000000000000000000e+00 -2.059148784971729373e-01 9.785699069629590907e-01
0.000000000000000000e+00 0.000000000000000000e+00 -2.056715606276860175e-01 9.786210753652161420e-01
0.000000000000000000e+00 0.000000000000000000e+00 -2.022411583005938041e-01 9.793357513586615770e-01
0.000000000000000000e+00 0.000000000000000000e+00 -1.959095662764038237e-01 9.806219668360439679e-01
0.000000000000000000e+00 0.000000000000000000e+00 -1.874372838779866102e-01 9.822765723626126766e-01
0.000000000000000000e+00 0.000000000000000000e+00 -1.766338072759437161e-01 9.842766369914530689e-01
0.000000000000000000e+00 0.000000000000000000e+00 -1.641037529138689999e-01 9.864430841561938612e-01
0.000000000000000000e+00 0.000000000000000000e+00 -1.505079142202142839e-01 9.886088042077516569e-01
0.000000000000000000e+00 0.000000000000000000e+00 -1.365748692210848603e-01 9.906297517727011837e-01
0.000000000000000000e+00 0.000000000000000000e+00 -1.215550543569773184e-01 9.925846909761767423e-01
0.000000000000000000e+00 0.000000000000000000e+00 -1.047287776971956019e-01 9.945008210766099754e-01
0.000000000000000000e+00 0.000000000000000000e+00 -8.478628211145834703e-02 9.963991601590781455e-01
0.000000000000000000e+00 0.000000000000000000e+00 -6.260711583271415248e-02 9.980382502925972954e-01
0.000000000000000000e+00 0.000000000000000000e+00 -3.951413155050897963e-02 9.992190117325675525e-01
0.000000000000000000e+00 0.000000000000000000e+00 -1.713951273094303090e-02 9.998531077630082864e-01
0.000000000000000000e+00 0.000000000000000000e+00 2.960281357170861400e-03 9.999956183575438029e-01
0.000000000000000000e+00 0.000000000000000000e+00 1.950924670710356759e-02 9.998096765349500092e-01
0.000000000000000000e+00 0.000000000000000000e+00 3.167625240226673577e-02 9.994981816060236612e-01
0.000000000000000000e+00 0.000000000000000000e+00 3.948781934247881653e-02 9.992200519022702565e-01
0.000000000000000000e+00 0.000000000000000000e+00 4.343107335538411162e-02 9.990564257674334758e-01
0.000000000000000000e+00 0.000000000000000000e+00 4.421015826995832593e-02 9.990222529582337696e-01
0.000000000000000000e+00 0.000000000000000000e+00 4.450107910528059568e-02 9.990093362719216774e-01
0.000000000000000000e+00 0.000000000000000000e+00 4.338375357228910212e-02 9.990584817346674917e-01
0.000000000000000000e+00 0.000000000000000000e+00 4.005067779872333034e-02 9.991976497209462682e-01
0.000000000000000000e+00 0.000000000000000000e+00 3.588205912157452215e-02 9.993560315689278273e-01
0.000000000000000000e+00 0.000000000000000000e+00 3.059312433993459368e-02 9.995319208225024177e-01
0.000000000000000000e+00 0.000000000000000000e+00 2.471115682520005907e-02 9.996946327395983545e-01
0.000000000000000000e+00 0.000000000000000000e+00 1.964273318576905542e-02 9.998070629041349022e-01
0.000000000000000000e+00 0.000000000000000000e+00 1.536925607571120768e-02 9.998818860083821258e-01
0.000000000000000000e+00 0.000000000000000000e+00 1.031411966175566595e-02 9.999468080531098702e-01
0.000000000000000000e+00 0.000000000000000000e+00 4.045374459048301126e-03 9.999918174392659065e-01
0.000000000000000000e+00 0.000000000000000000e+00 -3.445487813962404538e-03 9.999940642892455323e-01
0.000000000000000000e+00 0.000000000000000000e+00 -1.146957757272847392e-02 9.999342222317941786e-01
0.000000000000000000e+00 0.000000000000000000e+00 -1.979060684783115823e-02 9.998041467610516708e-01
0.000000000000000000e+00 0.000000000000000000e+00 -2.912436686198419458e-02 9.995757956527802079e-01
0.000000000000000000e+00 0.000000000000000000e+00 -3.873342891020185169e-02 9.992495791767231905e-01
0.000000000000000000e+00 0.000000000000000000e+00 -4.638074928813238490e-02 9.989238339810855294e-01
0.000000000000000000e+00 0.000000000000000000e+00 -5.149054335333334148e-02 9.986734821477831758e-01
0.000000000000000000e+00 0.000000000000000000e+00 -5.264853091071191454e-02 9.986131043567092469e-01
0.000000000000000000e+00 0.000000000000000000e+00 -5.083920790555636338e-02 9.987068513530562575e-01
0.000000000000000000e+00 0.000000000000000000e+00 -4.677686668953767030e-02 9.989053632565545460e-01
0.000000000000000000e+00 0.000000000000000000e+00 -4.075254871839936038e-02 9.991692698301697373e-01
0.000000000000000000e+00 0.000000000000000000e+00 -3.373870531052702848e-02 9.994306878238077285e-01
0.000000000000000000e+00 0.000000000000000000e+00 -2.749258332391322363e-02 9.996220074919207610e-01
0.000000000000000000e+00 0.000000000000000000e+00 -2.256868151542848130e-02 9.997452948699759867e-01
0.000000000000000000e+00 0.000000000000000000e+00 -1.829163848027135289e-02 9.998326939852022477e-01
0.000000000000000000e+00 0.000000000000000000e+00 -1.349818480170068141e-02 9.999088953535012481e-01
0.000000000000000000e+00 0.000000000000000000e+00 -8.082865043845753258e-03 9.999673331127787446e-01
0.000000000000000000e+00 0.000000000000000000e+00 -2.349706608601257948e-03 9.999972394356163585e-01
0.000000000000000000e+00 0.000000000000000000e+00 3.022225651533249572e-03 9.999954330656272150e-01
0.000000000000000000e+00 0.000000000000000000e+00 8.657679997157793558e-03 9.999625215862176786e-01
0.000000000000000000e+00 0.000000000000000000e+00 1.465895616201490920e-02 9.998925517295546017e-01
0.000000000000000000e+00 0.000000000000000000e+00 2.110302502954961718e-02 9.997773063710748698e-01
0.000000000000000000e+00 0.000000000000000000e+00 2.835677720179669362e-02 9.995978657373812970e-01
0.000000000000000000e+00 0.000000000000000000e+00 3.810194362905130333e-02 9.992738573042370120e-01
0.000000000000000000e+00 0.000000000000000000e+00 5.072843398459476322e-02 9.987124841441957779e-01
0.000000000000000000e+00 0.000000000000000000e+00 6.638815983004123233e-02 9.977938726181780904e-01
0.000000000000000000e+00 0.000000000000000000e+00 8.424998206432202097e-02 9.964446500042847266e-01
0.000000000000000000e+00 0.000000000000000000e+00 1.047900951256316021e-01 9.944943619566483095e-01
0.000000000000000000e+00 0.000000000000000000e+00 1.265946884292718233e-01 9.919545276178215465e-01
0.000000000000000000e+00 0.000000000000000000e+00 1.489059340209615279e-01 9.888513653797242897e-01
0.000000000000000000e+00 0.000000000000000000e+00 1.717257683004969060e-01 9.851447916431391727e-01
0.000000000000000000e+00 0.000000000000000000e+00 1.949385738860367479e-01 9.808154527796134614e-01
0.000000000000000000e+00 0.000000000000000000e+00 2.172444783020139325e-01 9.761172248491908343e-01
0.000000000000000000e+00 0.000000000000000000e+00 2.393413236696682322e-01 9.709354925967281780e-01
0.000000000000000000e+00 0.000000000000000000e+00 2.611644870308141297e-01 9.652943130019630003e-01
0.000000000000000000e+00 0.000000000000000000e+00 2.826510791252119792e-01 9.592227934475666684e-01
0.000000000000000000e+00 0.000000000000000000e+00 3.041730182390886550e-01 9.526168038489154499e-01
0.000000000000000000e+00 0.000000000000000000e+00 3.254667956299626685e-01 9.455534701656824748e-01
0.000000000000000000e+00 0.000000000000000000e+00 3.457021844229983820e-01 9.383442863284068292e-01
0.000000000000000000e+00 0.000000000000000000e+00 3.647971584335134021e-01 9.310870169854341682e-01
0.000000000000000000e+00 0.000000000000000000e+00 3.827360177949710174e-01 9.238577491597110836e-01
0.000000000000000000e+00 0.000000000000000000e+00 3.991531132193331666e-01 9.168842850694487456e-01
0.000000000000000000e+00 0.000000000000000000e+00 4.141165287351818436e-01 9.102238739059327344e-01
0.000000000000000000e+00 0.000000000000000000e+00 4.277734106722008711e-01 9.038860044949653672e-01
0.000000000000000000e+00 0.000000000000000000e+00 4.409206220301211676e-01 8.975461019182084943e-01
0.000000000000000000e+00 0.000000000000000000e+00 4.540183729438613813e-01 8.909923215322390622e-01
0.000000000000000000e+00 0.000000000000000000e+00 4.651081970196936921e-01 8.852538421634157384e-01
0.000000000000000000e+00 0.000000000000000000e+00 4.727157133737197037e-01 8.812149875765704632e-01
0.000000000000000000e+00 0.000000000000000000e+00 4.765411383188815075e-01 8.791521731132470041e-01
0.000000000000000000e+00 0.000000000000000000e+00 4.774566550296900913e-01 8.786553036133449845e-01
0.000000000000000000e+00 0.000000000000000000e+00 4.767204251905013401e-01 8.790549676818780744e-01
0.000000000000000000e+00 0.000000000000000000e+00 4.753118595190130025e-01 8.798173879849033874e-01
0.000000000000000000e+00 0.000000000000000000e+00 4.740630675066955790e-01 8.804908903709011136e-01
0.000000000000000000e+00 0.000000000000000000e+00 4.746734273283816363e-01 8.801619949692940370e-01
0.000000000000000000e+00 0.000000000000000000e+00 4.774114786450214254e-01 8.786798507180952900e-01
0.000000000000000000e+00 0.000000000000000000e+00 4.828952770610553946e-01 8.756781094626761019e-01
0.000000000000000000e+00 0.000000000000000000e+00 4.908271029720098211e-01 8.712569970956354215e-01
0.000000000000000000e+00 0.000000000000000000e+00 5.001580372256230200e-01 8.659341417213045622e-01
0.000000000000000000e+00 0.000000000000000000e+00 5.105237601472191189e-01 8.598636463562956411e-01
0.000000000000000000e+00 0.000000000000000000e+00 5.215755492884189826e-01 8.532051021791208223e-01
0.000000000000000000e+00 0.000000000000000000e+00 5.324145398223978365e-01 8.464837610880107110e-01
0.000000000000000000e+00 0.000000000000000000e+00 5.429473367099432179e-01 8.397667471146851303e-01
0.000000000000000000e+00 0.000000000000000000e+00 5.532910154399868219e-01 8.329880264645994625e-01
0.000000000000000000e+00 0.000000000000000000e+00 5.630041104829653920e-01 8.264540952643920635e-01
0.000000000000000000e+00 0.000000000000000000e+00 5.716020952047452530e-01 8.205309529551857439e-01
0.000000000000000000e+00 0.000000000000000000e+00 5.788513165015140016e-01 8.154331078540189015e-01
0.000000000000000000e+00 0.000000000000000000e+00 5.845556999701393419e-01 8.113535811422911692e-01
0.000000000000000000e+00 0.000000000000000000e+00 5.905260866974434419e-01 8.070185505487488253e-01
0.000000000000000000e+00 0.000000000000000000e+00 5.970764550329865639e-01 8.021843347044630423e-01
0.000000000000000000e+00 0.000000000000000000e+00 6.045007994807745089e-01 7.966045338981597723e-01
0.000000000000000000e+00 0.000000000000000000e+00 6.130175320897457425e-01 7.900693041440083331e-01
0.000000000000000000e+00 0.000000000000000000e+00 6.222595172085383375e-01 7.828110201341041963e-01
0.000000000000000000e+00 0.000000000000000000e+00 6.315285263605030508e-01 7.753526426039517583e-01
0.000000000000000000e+00 0.000000000000000000e+00 6.402324936311651893e-01 7.681811987407787257e-01
0.000000000000000000e+00 0.000000000000000000e+00 6.478872677968054994e-01 7.617362327123414767e-01
0.000000000000000000e+00 0.000000000000000000e+00 6.544847621481886257e-01 7.560751921044818191e-01
0.000000000000000000e+00 0.000000000000000000e+00 7.071067811865474617e-01 7.071067811865475727e-01
0.000000000000000000e+00 0.000000000000000000e+00 7.071067811865474617e-01 7.071067811865475727e-01
0.000000000000000000e+00 0.000000000000000000e+00 7.071067811865474617e-01 7.071067811865475727e-01
0.000000000000000000e+00 0.000000000000000000e+00 7.071067811865474617e-01 7.071067811865475727e-01
0.000000000000000000e+00 0.000000000000000000e+00 7.071067811865474617e-01 7.071067811865475727e-01
0.000000000000000000e+00 0.000000000000000000e+00 7.071067811865474617e-01 7.071067811865475727e-01
0.000000000000000000e+00 0.000000000000000000e+00 6.563934214327262762e-01 7.544187671975290943e-01
0.000000000000000000e+00 0.000000000000000000e+00 6.509071020873327118e-01 7.591573910937511327e-01
0.000000000000000000e+00 0.000000000000000000e+00 6.435638329600749108e-01 7.653924437213479592e-01
0.000000000000000000e+00 0.000000000000000000e+00 6.353862703776124166e-01 7.721944621762240057e-01
0.000000000000000000e+00 0.000000000000000000e+00 6.284549910765271363e-01 7.778459514524725948e-01
0.000000000000000000e+00 0.000000000000000000e+00 6.219100818312707224e-01 7.830886604444110555e-01
0.000000000000000000e+00 0.000000000000000000e+00 6.115799209583534513e-01 7.911826592390496238e-01
0.000000000000000000e+00 0.000000000000000000e+00 5.940142401548494933e-01 8.044545248137130455e-01
0.000000000000000000e+00 0.000000000000000000e+00 5.713657128627329662e-01 8.206955721611156607e-01
0.000000000000000000e+00 0.000000000000000000e+00 5.488711488919635340e-01 8.359069696527335891e-01
0.000000000000000000e+00 0.000000000000000000e+00 5.267871186929043992e-01 8.499972538656980214e-01
0.000000000000000000e+00 0.000000000000000000e+00 5.055394739873302346e-01 8.628034771838911654e-01
0.000000000000000000e+00 0.000000000000000000e+00 4.858179165411399825e-01 8.740600391092284704e-01
0.000000000000000000e+00 0.000000000000000000e+00 4.674346577380982248e-01 8.840276244242976089e-01
0.000000000000000000e+00 0.000000000000000000e+00 4.491137688517949922e-01 8.934745786130328105e-01
0.000000000000000000e+00 0.000000000000000000e+00 4.304102557973490950e-01 9.026333761303425574e-01
0.000000000000000000e+00 0.000000000000000000e+00 4.100750078463792359e-01 9.120518011274315606e-01
0.000000000000000000e+00 0.000000000000000000e+00 3.868955937379712218e-01 9.221235272706920227e-01
0.000000000000000000e+00 0.000000000000000000e+00 3.616648021195743579e-01 9.323081952379315140e-01
0.000000000000000000e+00 0.000000000000000000e+00 3.350233549044756010e-01 9.422098235894963425e-01
0.000000000000000000e+00 0.000000000000000000e+00 3.071062776321153986e-01 9.516752251892165448e-01
0.000000000000000000e+00 0.000000000000000000e+00 2.790375891880448322e-01 9.602801798538402878e-01
0.000000000000000000e+00 0.000000000000000000e+00 2.516709471808331045e-01 9.678128612211672754e-01
0.000000000000000000e+00 0.000000000000000000e+00 2.256188064352891154e-01 9.742156610231204050e-01
0.000000000000000000e+00 0.000000000000000000e+00 2.012126282661015342e-01 9.795475885459815624e-01
0.000000000000000000e+00 0.000000000000000000e+00 1.787152461202393683e-01 9.839008389081606021e-01
0.000000000000000000e+00 0.000000000000000000e+00 1.588991444996738500e-01 9.872948201410112201e-01
0.000000000000000000e+00 0.000000000000000000e+00 1.420904140905501212e-01 9.898536832398897589e-01
0.000000000000000000e+00 0.000000000000000000e+00 1.283048952275183674e-01 9.917347699161583874e-01
0.000000000000000000e+00 0.000000000000000000e+00 1.188236368708125296e-01 9.929153757097295419e-01
0.000000000000000000e+00 0.000000000000000000e+00 1.149026184363732550e-01 9.933767604874120805e-01
0.000000000000000000e+00 0.000000000000000000e+00 1.150158633761207555e-01 9.933636550487668915e-01
0.000000000000000000e+00 0.000000000000000000e+00 1.187587122622157515e-01 9.929231431796824436e-01
0.000000000000000000e+00 0.000000000000000000e+00 1.256611144731490104e-01 9.920732252759199010e-01
0.000000000000000000e+00 0.000000000000000000e+00 1.358568272632190987e-01 9.907284807079949074e-01
0.000000000000000000e+00 0.000000000000000000e+00 1.470192147684947215e-01 9.891336363145554200e-01
0.000000000000000000e+00 0.000000000000000000e+00 1.583495512786222137e-01 9.873831169358017190e-01
0.000000000000000000e+00 0.000000000000000000e+00 1.689008861125614602e-01 9.856330405736161149e-01
0.000000000000000000e+00 0.000000000000000000e+00 1.782673292673493393e-01 9.839820929853787534e-01
0.000000000000000000e+00 0.000000000000000000e+00 1.853036443957156443e-01 9.826813111958861979e-01
0.000000000000000000e+00 0.000000000000000000e+00 1.887957054730744766e-01 9.820163856040916572e-01
0.000000000000000000e+00 0.000000000000000000e+00 1.885907267373500285e-01 9.820557712211044343e-01
0.000000000000000000e+00 0.000000000000000000e+00 1.848893564131413592e-01 9.827593428124377084e-01
0.000000000000000000e+00 0.000000000000000000e+00 1.785511762984178796e-01 9.839306263362530558e-01
0.000000000000000000e+00 0.000000000000000000e+00 1.696007695369090018e-01 9.855128507393945414e-01
0.000000000000000000e+00 0.000000000000000000e+00 1.580286472271379417e-01 9.874345277817465627e-01
0.000000000000000000e+00 0.000000000000000000e+00 1.445526011201683503e-01 9.894971174841256101e-01
0.000000000000000000e+00 0.000000000000000000e+00 1.288523474088085763e-01 9.916637900857526722e-01
0.000000000000000000e+00 0.000000000000000000e+00 1.113523907842118993e-01 9.937809844561528161e-01
0.000000000000000000e+00 0.000000000000000000e+00 9.205654445430964949e-02 9.957537811241952141e-01
0.000000000000000000e+00 0.000000000000000000e+00 7.131773018543756393e-02 9.974536487281988606e-01
0.000000000000000000e+00 0.000000000000000000e+00 4.805067246328808411e-02 9.988448993091098016e-01
0.000000000000000000e+00 0.000000000000000000e+00 2.238005166249309313e-02 9.997495352775034316e-01
0.000000000000000000e+00 0.000000000000000000e+00 -5.147134561878595992e-03 9.999867534151649640e-01
0.000000000000000000e+00 0.000000000000000000e+00 -3.414611020104912215e-02 9.994168515480104098e-01
0.000000000000000000e+00 0.000000000000000000e+00 -6.483749315052002304e-02 9.978958359878832285e-01
0.000000000000000000e+00 0.000000000000000000e+00 -9.557796932656774380e-02 9.954219466032531161e-01
0.000000000000000000e+00 0.000000000000000000e+00 -1.246889400739721043e-01 9.921958819825998921e-01
0.000000000000000000e+00 0.000000000000000000e+00 -1.529299709436210131e-01 9.882370282412935580e-01
0.000000000000000000e+00 0.000000000000000000e+00 -1.799887393282672277e-01 9.836686706991439877e-01
0.000000000000000000e+00 0.000000000000000000e+00 -2.040150084755826820e-01 9.789677606115064767e-01
0.000000000000000000e+00 0.000000000000000000e+00 -2.242695436277843679e-01 9.745271529316078540e-01
0.000000000000000000e+00 0.000000000000000000e+00 -2.401214346900857888e-01 9.707428581258658040e-01
0.000000000000000000e+00 0.000000000000000000e+00 -2.537661938603292811e-01 9.672655885813584709e-01
0.000000000000000000e+00 0.000000000000000000e+00 -2.655488459833105774e-01 9.640974071103666221e-01
0.000000000000000000e+00 0.000000000000000000e+00 -2.763518937102941719e-01 9.610565180272876429e-01
0.000000000000000000e+00 0.000000000000000000e+00 -2.873254892488441015e-01 9.578330038309978978e-01
0.000000000000000000e+00 0.000000000000000000e+00 -2.989602073323583409e-01 9.542655785638467503e-01
0.000000000000000000e+00 0.000000000000000000e+00 -3.120247510600959728e-01 9.500739732914933455e-01
0.000000000000000000e+00 0.000000000000000000e+00 -3.258624833416445821e-01 9.454171787895629953e-01
0.000000000000000000e+00 0.000000000000000000e+00 -3.399196618193771058e-01 9.404544771059364372e-01
0.000000000000000000e+00 0.000000000000000000e+00 -3.541472287501420402e-01 9.351896814917252110e-01
0.000000000000000000e+00 0.000000000000000000e+00 -3.693313973085192714e-01 9.292977558146455763e-01
0.000000000000000000e+00 0.000000000000000000e+00 -3.857427560755529727e-01 9.226063765958028018e-01
0.000000000000000000e+00 0.000000000000000000e+00 -4.025029174207496729e-01 9.154187028173420559e-01
0.000000000000000000e+00 0.000000000000000000e+00 -4.187352496676322589e-01 9.081083584494670236e-01
0.000000000000000000e+00 0.000000000000000000e+00 -4.340017050962465261e-01 9.009120489667959975e-01
0.000000000000000000e+00 0.000000000000000000e+00 -4.479265263099882488e-01 8.940703702885289816e-01
0.000000000000000000e+00 0.000000000000000000e+00 -4.602634823570543876e-01 8.877823645514465456e-01
0.000000000000000000e+00 0.000000000000000000e+00 -4.711690611885981927e-01 8.820429217326416493e-01
0.000000000000000000e+00 0.000000000000000000e+00 -4.807920390728249171e-01 8.768346566851672463e-01
0.000000000000000000e+00 0.000000000000000000e+00 -4.885432983420527342e-01 8.725396527637400146e-01
0.000000000000000000e+00 0.000000000000000000e+00 -4.939942869294594030e-01 8.694651485143352065e-01
0.000000000000000000e+00 0.000000000000000000e+00 -4.976973619259678627e-01 8.673507571518758175e-01
0.000000000000000000e+00 0.000000000000000000e+00 -5.002929259227957282e-01 8.658562168579769791e-01
0.000000000000000000e+00 0.000000000000000000e+00 -5.034016846687909830e-01 8.640525122193807306e-01
0.000000000000000000e+00 0.000000000000000000e+00 -5.077512505534532705e-01 8.615037246358279166e-01
0.000000000000000000e+00 0.000000000000000000e+00 -5.135026867546825802e-01 8.580879854045984079e-01
0.000000000000000000e+00 0.000000000000000000e+00 -5.210612874539849448e-01 8.535192644087159497e-01
0.000000000000000000e+00 0.000000000000000000e+00 -5.302807772483668636e-01 8.478220905832001275e-01
0.000000000000000000e+00 0.000000000000000000e+00 -5.404865630823542100e-01 8.413526461166116466e-01
0.000000000000000000e+00 0.000000000000000000e+00 -5.505347115511344258e-01 8.348122731352894954e-01
0.000000000000000000e+00 0.000000000000000000e+00 -5.600924727023759431e-01 8.284300948312647295e-01
0.000000000000000000e+00 0.000000000000000000e+00 -5.687875822720750429e-01 8.224844595815092863e-01
0.000000000000000000e+00 0.000000000000000000e+00 -5.761656789735647433e-01 8.173329250513104993e-01
0.000000000000000000e+00 0.000000000000000000e+00 -5.822318760084680411e-01 8.130227810828304369e-01
0.000000000000000000e+00 0.000000000000000000e+00 -5.860945487535733633e-01 8.102426673048915839e-01
0.000000000000000000e+00 0.000000000000000000e+00 -5.885374421941933498e-01 8.084699618016222278e-01
0.000000000000000000e+00 0.000000000000000000e+00 -5.902192465909196217e-01 8.072429875530955368e-01
0.000000000000000000e+00 0.000000000000000000e+00 -5.911988472297006192e-01 8.065258353173028194e-01
0.000000000000000000e+00 0.000000000000000000e+00 -5.926709193241347373e-01 8.054447103231139327e-01
0.000000000000000000e+00 0.000000000000000000e+00 -5.959758385642751621e-01 8.030023660286493836e-01
0.000000000000000000e+00 0.000000000000000000e+00 -6.009551541311307643e-01 7.992827426657157508e-01
0.000000000000000000e+00 0.000000000000000000e+00 -6.077164147336966415e-01 7.941541155614706415e-01
0.000000000000000000e+00 0.000000000000000000e+00 -6.151883310810319916e-01 7.883801857617520614e-01
0.000000000000000000e+00 0.000000000000000000e+00 -6.225193953353407306e-01 7.826043715897079700e-01
0.000000000000000000e+00 0.000000000000000000e+00 -6.285130876127053012e-01 7.777990091916702209e-01
0.000000000000000000e+00 0.000000000000000000e+00 -6.335515551625287012e-01 7.737004762510756306e-01
0.000000000000000000e+00 0.000000000000000000e+00 -6.376091539601087543e-01 7.703600241356466372e-01
0.000000000000000000e+00 0.000000000000000000e+00 -6.409648245243886322e-01 7.675702532813656331e-01
0.000000000000000000e+00 0.000000000000000000e+00 -6.435053766913397810e-01 7.654415916118857410e-01
0.000000000000000000e+00 0.000000000000000000e+00 -6.449247026701967478e-01 7.642461173507905103e-01
0.000000000000000000e+00 0.000000000000000000e+00 -6.455335350009796525e-01 7.637319262602152437e-01
0.000000000000000000e+00 0.000000000000000000e+00 -6.457689063562780385e-01 7.635329197771478782e-01
0.000000000000000000e+00 0.000000000000000000e+00 -6.459056294667374631e-01 7.634172632467631781e-01
0.000000000000000000e+00 0.000000000000000000e+00 -6.461726327228298761e-01 7.631912792479005336e-01
0.000000000000000000e+00 0.000000000000000000e+00 -6.465044756754593225e-01 7.629101932282720266e-01
0.000000000000000000e+00 0.000000000000000000e+00 -6.461314070232855311e-01 7.632261819789133428e-01
0.000000000000000000e+00 0.000000000000000000e+00 -6.461335584325850201e-01 7.632243606353542598e-01
0.000000000000000000e+00 0.000000000000000000e+00 -6.463184869807317989e-01 7.630677646100231248e-01
0.000000000000000000e+00 0.000000000000000000e+00 -6.463028431216982783e-01 7.630810146850787179e-01
0.000000000000000000e+00 0.000000000000000000e+00 -6.454703677426144592e-01 7.637853130076631691e-01
0.000000000000000000e+00 0.000000000000000000e+00 -6.432070220988361786e-01 7.656923185736861370e-01
0.000000000000000000e+00 0.000000000000000000e+00 -6.389144124406920255e-01 7.692778260001813528e-01
0.000000000000000000e+00 0.000000000000000000e+00 -6.328844830773131536e-01 7.742462341399938275e-01
0.000000000000000000e+00 0.000000000000000000e+00 -6.239607029506812896e-01 7.814557192658402318e-01
0.000000000000000000e+00 0.000000000000000000e+00 -6.123743494581724844e-01 7.905679326444250421e-01
0.000000000000000000e+00 0.000000000000000000e+00 -5.985151915251412102e-01 8.011114563614875062e-01
0.000000000000000000e+00 0.000000000000000000e+00 -5.827472656900211101e-01 8.126534466368822152e-01
0.000000000000000000e+00 0.000000000000000000e+00 -5.658817439132407534e-01 8.244864170534947911e-01
0.000000000000000000e+00 0.000000000000000000e+00 -5.494152539908671029e-01 8.355494471796094391e-01
0.000000000000000000e+00 0.000000000000000000e+00 -5.337783848360949657e-01 8.456244059165805016e-01
0.000000000000000000e+00 0.000000000000000000e+00 -5.193991907923656282e-01 8.545317317714046235e-01
0.000000000000000000e+00 0.000000000000000000e+00 -5.053481261835144345e-01 8.629155644457983110e-01
0.000000000000000000e+00 0.000000000000000000e+00 -4.916410619665581017e-01 8.707979479697887104e-01
0.000000000000000000e+00 0.000000000000000000e+00 -4.775698803843730356e-01 8.785937681031295021e-01
0.000000000000000000e+00 0.000000000000000000e+00 -4.628431945575873230e-01 8.864401712759453211e-01
0.000000000000000000e+00 0.000000000000000000e+00 -4.472029104969704183e-01 8.944325334216318701e-01
0.000000000000000000e+00 0.000000000000000000e+00 -4.303853645111923032e-01 9.026452448301980347e-01
0.000000000000000000e+00 0.000000000000000000e+00 -4.126480974379366229e-01 9.108905245312693966e-01
0.000000000000000000e+00 0.000000000000000000e+00 -3.946954224372047348e-01 9.188120175025555891e-01
0.000000000000000000e+00 0.000000000000000000e+00 -3.767740220918397998e-01 9.263052068712221976e-01
0.000000000000000000e+00 0.000000000000000000e+00 -3.597478155552845669e-01 9.330495748904239495e-01
0.000000000000000000e+00 0.000000000000000000e+00 -3.430688704201643180e-01 9.393102523387214520e-01
0.000000000000000000e+00 0.000000000000000000e+00 -3.261939822948307643e-01 9.453028540709266236e-01
0.000000000000000000e+00 0.000000000000000000e+00 -3.086504237273910434e-01 9.511755442256186743e-01
0.000000000000000000e+00 0.000000000000000000e+00 -2.904866546462386290e-01 9.568790432820842851e-01
0.000000000000000000e+00 0.000000000000000000e+00 -2.716283663425812511e-01 9.624022187204580581e-01
0.000000000000000000e+00 0.000000000000000000e+00 -2.523675676807958790e-01 9.676314436720619971e-01
0.000000000000000000e+00 0.000000000000000000e+00 -2.332290430429642680e-01 9.724218289822905703e-01
0.000000000000000000e+00 0.000000000000000000e+00 -2.144240620052474122e-01 9.767406624243559765e-01
0.000000000000000000e+00 0.000000000000000000e+00 -1.965316655797887113e-01 9.804974780306342508e-01
0.000000000000000000e+00 0.000000000000000000e+00 -1.803566352636332693e-01 9.836012831002106660e-01
0.000000000000000000e+00 0.000000000000000000e+00 -1.674713781190262929e-01 9.858769383198463521e-01
0.000000000000000000e+00 0.000000000000000000e+00 -1.567966651395938660e-01 9.876309056530694352e-01
0.000000000000000000e+00 0.000000000000000000e+00 -1.473477133155683405e-01 9.890847543970502365e-01
0.000000000000000000e+00 0.000000000000000000e+00 -1.377306849455509630e-01 9.904697160561898306e-01
0.000000000000000000e+00 0.000000000000000000e+00 -1.277110654162258718e-01 9.918114154264673354e-01
0.000000000000000000e+00 0.000000000000000000e+00 -1.160586230866501589e-01 9.932423651894993766e-01
0.000000000000000000e+00 0.000000000000000000e+00 -1.030648698043403894e-01 9.946746365582136429e-01
0.000000000000000000e+00 0.000000000000000000e+00 -8.908972918976411359e-02 9.960236042147266877e-01
0.000000000000000000e+00 0.000000000000000000e+00 -7.446295563308066856e-02 9.972237804216191881e-01
0.000000000000000000e+00 0.000000000000000000e+00 -5.940757340461498559e-02 9.982338103982330013e-01
0.000000000000000000e+00 0.000000000000000000e+00 -4.402699248401642507e-02 9.990303418479402620e-01
0.000000000000000000e+00 0.000000000000000000e+00 -2.777387204136030907e-02 9.996142316072886835e-01
0.000000000000000000e+00 0.000000000000000000e+00 -1.001857717762867812e-02 9.999498127962902494e-01
0.000000000000000000e+00 0.000000000000000000e+00 8.916624756756440229e-03 9.999602461112877538e-01
0.000000000000000000e+00 0.000000000000000000e+00 2.840789575192087524e-02 9.995964142887608928e-01
0.000000000000000000e+00 0.000000000000000000e+00 4.802519643323761162e-02 9.988461245394852916e-01
0.000000000000000000e+00 0.000000000000000000e+00 6.768814582845113226e-02 9.977065274489820279e-01
0.000000000000000000e+00 0.000000000000000000e+00 8.658644607036958263e-02 9.962443411919100766e-01
0.000000000000000000e+00 0.000000000000000000e+00 1.047650003509815742e-01 9.944970058785792544e-01
0.000000000000000000e+00 0.000000000000000000e+00 1.218444766719278538e-01 9.925492045760472282e-01
0.000000000000000000e+00 0.000000000000000000e+00 1.378776385726826759e-01 9.904492701706739677e-01
0.000000000000000000e+00 0.000000000000000000e+00 1.525046438866335119e-01 9.883027540146850365e-01
0.000000000000000000e+00 0.000000000000000000e+00 1.655922346373179810e-01 9.861943073389844994e-01
0.000000000000000000e+00 0.000000000000000000e+00 1.768015612747697307e-01 9.842465178657244795e-01
0.000000000000000000e+00 0.000000000000000000e+00 1.860762459024254412e-01 9.825353076153854337e-01
0.000000000000000000e+00 0.000000000000000000e+00 1.936409615735282808e-01 9.810724631753147129e-01
0.000000000000000000e+00 0.000000000000000000e+00 2.001577090371280954e-01 9.797636916690719566e-01
0.000000000000000000e+00 0.000000000000000000e+00 2.063876038554696424e-01 9.784703148153232055e-01
0.000000000000000000e+00 0.000000000000000000e+00 2.135440794382146845e-01 9.769334297365841469e-01
0.000000000000000000e+00 0.000000000000000000e+00 2.227894949154758941e-01 9.748665759760702931e-01
0.000000000000000000e+00 0.000000000000000000e+00 2.350828222715447280e-01 9.719753426259564177e-01
0.000000000000000000e+00 0.000000000000000000e+00 2.497809848676891264e-01 9.683023595956622431e-01
0.000000000000000000e+00 0.000000000000000000e+00 2.675741972073219510e-01 9.635372587444956949e-01
0.000000000000000000e+00 0.000000000000000000e+00 2.889425617580993477e-01 9.573464346853060025e-01
0.000000000000000000e+00 0.000000000000000000e+00 3.130171344974070347e-01 9.497474788126747391e-01
0.000000000000000000e+00 0.000000000000000000e+00 3.401301210631869076e-01 9.403783816876809531e-01
0.000000000000000000e+00 0.000000000000000000e+00 3.688007946571774109e-01 9.295084581972530291e-01
0.000000000000000000e+00 0.000000000000000000e+00 3.957783617443798585e-01 9.183460613379549331e-01
0.000000000000000000e+00 0.000000000000000000e+00 4.206036970485035886e-01 9.072444709278367769e-01
0.000000000000000000e+00 0.000000000000000000e+00 4.414462328162047644e-01 8.972877038789628390e-01
0.000000000000000000e+00 0.000000000000000000e+00 4.569776813300744367e-01 8.894781609270622225e-01
0.000000000000000000e+00 0.000000000000000000e+00 4.706853120277405544e-01 8.823011600589384384e-01
0.000000000000000000e+00 0.000000000000000000e+00 4.831858984770570076e-01 8.755177825223877663e-01
0.000000000000000000e+00 0.000000000000000000e+00 4.944324387659332354e-01 8.692160626081248953e-01
0.000000000000000000e+00 0.000000000000000000e+00 5.044910200302461512e-01 8.634169390907511232e-01
0.000000000000000000e+00 0.000000000000000000e+00 5.143120135551622063e-01 8.576031440665516925e-01
0.000000000000000000e+00 0.000000000000000000e+00 5.240855288980276194e-01 8.516656376769433656e-01
0.000000000000000000e+00 0.000000000000000000e+00 5.337676623048790425e-01 8.456311741401121296e-01
0.000000000000000000e+00 0.000000000000000000e+00 5.438384590600049417e-01 8.391899251344949739e-01
0.000000000000000000e+00 0.000000000000000000e+00 5.540771521689862311e-01 8.324653202652384509e-01
0.000000000000000000e+00 0.000000000000000000e+00 5.640712996241604715e-01 8.257260859027711897e-01
0.000000000000000000e+00 0.000000000000000000e+00 5.734237351115845094e-01 8.192589456397039172e-01
0.000000000000000000e+00 0.000000000000000000e+00 5.818140283631749732e-01 8.133218528970033168e-01
0.000000000000000000e+00 0.000000000000000000e+00 5.888472740678208917e-01 8.082443243369523689e-01
0.000000000000000000e+00 0.000000000000000000e+00 5.942804590936400233e-01 8.042578790036517544e-01
0.000000000000000000e+00 0.000000000000000000e+00 5.982886468998241947e-01 8.012806593140616718e-01
0.000000000000000000e+00 0.000000000000000000e+00 6.009739008188772491e-01 7.992686472860938141e-01
0.000000000000000000e+00 0.000000000000000000e+00 6.023370912244555564e-01 7.982418358713491147e-01
0.000000000000000000e+00 0.000000000000000000e+00 6.030005715426797197e-01 7.977407540794200225e-01
0.000000000000000000e+00 0.000000000000000000e+00 6.034371162497407237e-01 7.974105885503383062e-01
0.000000000000000000e+00 0.000000000000000000e+00 6.035274271408946900e-01 7.973422381190475861e-01
0.000000000000000000e+00 0.000000000000000000e+00 6.036736831657650848e-01 7.972315123306901175e-01
0.000000000000000000e+00 0.000000000000000000e+00 6.041929036044838552e-01 7.968380859584855980e-01
0.000000000000000000e+00 0.000000000000000000e+00 6.049347985251415372e-01 7.962750087333813065e-01
0.000000000000000000e+00 0.000000000000000000e+00 6.061788214398999841e-01 7.953283827688621965e-01
0.000000000000000000e+00 0.000000000000000000e+00 6.073921737042170532e-01 7.944021319979360785e-01
0.000000000000000000e+00 0.000000000000000000e+00 6.087803249777807846e-01 7.933388405466781368e-01
0.000000000000000000e+00 0.000000000000000000e+00 6.111018669057614039e-01 7.915519618220228093e-01
0.000000000000000000e+00 0.000000000000000000e+00 6.142748676224096815e-01 7.890921283395690988e-01
0.000000000000000000e+00 0.000000000000000000e+00 6.188561314517144751e-01 7.855043529889685905e-01
0.000000000000000000e+00 0.000000000000000000e+00 6.241522026203984996e-01 7.813027761144235583e-01
0.000000000000000000e+00 0.000000000000000000e+00 6.299706722422665495e-01 7.766189233559962490e-01
0.000000000000000000e+00 0.000000000000000000e+00 6.358643519695886814e-01 7.718008330484588120e-01
0.000000000000000000e+00 0.000000000000000000e+00 6.425344393175033142e-01 7.662568070111622776e-01
0.000000000000000000e+00 0.000000000000000000e+00 6.500580630965469009e-01 7.598845403106749830e-01
0.000000000000000000e+00 0.000000000000000000e+00 6.575408954956383223e-01 7.534188547884862475e-01
0.000000000000000000e+00 0.000000000000000000e+00 6.643987664680555127e-01 7.473782704332031512e-01
0.000000000000000000e+00 0.000000000000000000e+00 6.702669476739042675e-01 7.421200838516012199e-01
0.000000000000000000e+00 0.000000000000000000e+00 6.749463319671871187e-01 7.378668233252120290e-01
0.000000000000000000e+00 0.000000000000000000e+00 6.781750999979651029e-01 7.349003563359796098e-01
0.000000000000000000e+00 0.000000000000000000e+00 6.802479089644311028e-01 7.329821159820472110e-01
0.000000000000000000e+00 0.000000000000000000e+00 6.814618755023751362e-01 7.318536139398270635e-01
0.000000000000000000e+00 0.000000000000000000e+00 7.071067811865474617e-01 7.071067811865475727e-01
0.000000000000000000e+00 0.000000000000000000e+00 7.071067811865474617e-01 7.071067811865475727e-01
0.000000000000000000e+00 0.000000000000000000e+00 7.071067811865474617e-01 7.071067811865475727e-01
0.000000000000000000e+00 0.000000000000000000e+00 7.071067811865474617e-01 7.071067811865475727e-01
0.000000000000000000e+00 0.000000000000000000e+00 7.071067811865474617e-01 7.071067811865475727e-01
0.000000000000000000e+00 0.000000000000000000e+00 7.071067811865474617e-01 7.071067811865475727e-01
0.000000000000000000e+00 0.000000000000000000e+00 7.071067811865474617e-01 7.071067811865475727e-01
0.000000000000000000e+00 0.000000000000000000e+00 7.071067811865474617e-01 7.071067811865475727e-01
0.000000000000000000e+00 0.000000000000000000e+00 6.527642834361468971e-01 7.575610802239604036e-01
0.000000000000000000e+00 0.000000000000000000e+00 6.464541925666091871e-01 7.629528012354717115e-01
0.000000000000000000e+00 0.000000000000000000e+00 6.393605223770546520e-01 7.689070960953213740e-01
0.000000000000000000e+00 0.000000000000000000e+00 6.312393091981653992e-01 7.755881217005732298e-01
0.000000000000000000e+00 0.000000000000000000e+00 6.219139866029304020e-01 7.830855593532868308e-01
0.000000000000000000e+00 0.000000000000000000e+00 6.114391209296520246e-01 7.912914768887469030e-01
0.000000000000000000e+00 0.000000000000000000e+00 6.002212929935910601e-01 7.998339824220409566e-01
0.000000000000000000e+00 0.000000000000000000e+00 5.883740516713312774e-01 8.085888790478518162e-01
0.000000000000000000e+00 0.000000000000000000e+00 5.760585817461282288e-01 8.174084110141266457e-01
0.000000000000000000e+00 0.000000000000000000e+00 5.633602289702737131e-01 8.262113848250705050e-01
0.000000000000000000e+00 0.000000000000000000e+00 5.501639322154986411e-01 8.350566733397082331e-01
0.000000000000000000e+00 0.000000000000000000e+00 5.364634881119841880e-01 8.439235308502323063e-01
0.000000000000000000e+00 0.000000000000000000e+00 5.233157734106683723e-01 8.521388392155317959e-01
0.000000000000000000e+00 0.000000000000000000e+00 5.118379555993496366e-01 8.590820142500238399e-01
0.000000000000000000e+00 0.000000000000000000e+00 5.019581542967472831e-01 8.648919073127016022e-01
0.000000000000000000e+00 0.000000000000000000e+00 4.927415661650632051e-01 8.701757000590171209e-01
0.000000000000000000e+00 0.000000000000000000e+00 4.829732093675798699e-01 8.756351289396627768e-01
0.000000000000000000e+00 0.000000000000000000e+00 4.719698931132830788e-01 8.816146663903885461e-01
0.000000000000000000e+00 0.000000000000000000e+00 4.595756710144259238e-01 8.881386167776065266e-01
0.000000000000000000e+00 0.000000000000000000e+00 4.454767055326627201e-01 8.952935299820753423e-01
0.000000000000000000e+00 0.000000000000000000e+00 4.291652030074450952e-01 9.032260118749783073e-01
0.000000000000000000e+00 0.000000000000000000e+00 4.105368107432902369e-01 9.118440256012690925e-01
0.000000000000000000e+00 0.000000000000000000e+00 3.893709636247573713e-01 9.210810239527942311e-01
0.000000000000000000e+00 0.000000000000000000e+00 3.668816246707982121e-01 9.302676354033367900e-01
0.000000000000000000e+00 0.000000000000000000e+00 3.462051569153811181e-01 9.381588294767556624e-01
0.000000000000000000e+00 0.000000000000000000e+00 3.281748617014787484e-01 9.446169912441843008e-01
0.000000000000000000e+00 0.000000000000000000e+00 3.127788424352350161e-01 9.498259818118656161e-01
0.000000000000000000e+00 0.000000000000000000e+00 2.992928133341273278e-01 9.541613133461989138e-01
0.000000000000000000e+00 0.000000000000000000e+00 2.881055028862473666e-01 9.575986733526016259e-01
0.000000000000000000e+00 0.000000000000000000e+00 2.776351981453488715e-01 9.606865757107220238e-01
0.000000000000000000e+00 0.000000000000000000e+00 2.670693569886157248e-01 9.636773103885383218e-01
0.000000000000000000e+00 0.000000000000000000e+00 2.560199309354087016e-01 9.666715031301111871e-01
0.000000000000000000e+00 0.000000000000000000e+00 2.446990304402896499e-01 9.695990844166377798e-01
0.000000000000000000e+00 0.000000000000000000e+00 2.328679834769064871e-01 9.725083558877009038e-01
0.000000000000000000e+00 0.000000000000000000e+00 2.208813150940464598e-01 9.753006944744397888e-01
0.000000000000000000e+00 0.000000000000000000e+00 2.089346914399398680e-01 9.779295959898631763e-01
0.000000000000000000e+00 0.000000000000000000e+00 1.970171176112280043e-01 9.804000486373730672e-01
0.000000000000000000e+00 0.000000000000000000e+00 1.864630661420067781e-01 9.824619712563543716e-01
0.000000000000000000e+00 0.000000000000000000e+00 1.765020105242147419e-01 9.843002795290215490e-01
0.000000000000000000e+00 0.000000000000000000e+00 1.666322749456385366e-01 9.860191098282229394e-01
0.000000000000000000e+00 0.000000000000000000e+00 1.570329860940253286e-01 9.875933582595589622e-01
0.000000000000000000e+00 0.000000000000000000e+00 1.474324241968604787e-01 9.890721309871373101e-01
0.000000000000000000e+00 0.000000000000000000e+00 1.374980327499982224e-01 9.905020398716402052e-01
0.000000000000000000e+00 0.000000000000000000e+00 1.271587928169982951e-01 9.918823727687289260e-01
0.000000000000000000e+00 0.000000000000000000e+00 1.168572958097361669e-01 9.931487161629096727e-01
0.000000000000000000e+00 0.000000000000000000e+00 1.058431967893093267e-01 9.943828325616947961e-01
0.000000000000000000e+00 0.000000000000000000e+00 9.364618160880132380e-02 9.956055406987706080e-01
0.000000000000000000e+00 0.000000000000000000e+00 7.946138787231743494e-02 9.968379446215944739e-01
0.000000000000000000e+00 0.000000000000000000e+00 6.284335878049811253e-02 9.980234026600707242e-01
0.000000000000000000e+00 0.000000000000000000e+00 4.375177053202625871e-02 9.990424328202045512e-01
0.000000000000000000e+00 0.000000000000000000e+00 2.349004247245924104e-02 9.997240708838824874e-01
0.000000000000000000e+00 0.000000000000000000e+00 1.311161189030267708e-03 9.999991404277986939e-01
0.000000000000000000e+00 0.000000000000000000e+00 -2.168223059105018474e-02 9.997649128053036627e-01
0.000000000000000000e+00 0.000000000000000000e+00 -4.592551998249107953e-02 9.989448666539799682e-01
0.000000000000000000e+00 0.000000000000000000e+00 -7.082936799270871109e-02 9.974884463640435461e-01
0.000000000000000000e+00 0.000000000000000000e+00 -9.594693894105613130e-02 9.953864500322682218e-01
0.000000000000000000e+00 0.000000000000000000e+00 -1.192229702785164713e-01 9.928675054396572941e-01
0.000000000000000000e+00 0.000000000000000000e+00 -1.400434992969821213e-01 9.901453521098082522e-01
0.000000000000000000e+00 0.000000000000000000e+00 -1.597597978010548148e-01 9.871559182857417847e-01
0.000000000000000000e+00 0.000000000000000000e+00 -1.791429900139219211e-01 9.838230476711103956e-01
0.000000000000000000e+00 0.000000000000000000e+00 -1.985085561256704212e-01 9.800991547516514357e-01
0.000000000000000000e+00 0.000000000000000000e+00 -2.177579086956269727e-01 9.760028141355469034e-01
0.000000000000000000e+00 0.000000000000000000e+00 -2.367970299229728015e-01 9.715591421111010595e-01
0.000000000000000000e+00 0.000000000000000000e+00 -2.540006384017007846e-01 9.672040507005377208e-01
0.000000000000000000e+00 0.000000000000000000e+00 -2.693780429954062416e-01 9.630345112985125855e-01
0.000000000000000000e+00 0.000000000000000000e+00 -2.828061443338497072e-01 9.591770872612740417e-01
0.000000000000000000e+00 0.000000000000000000e+00 -2.932502317845268047e-01 9.560357219049512301e-01
0.000000000000000000e+00 0.000000000000000000e+00 -3.013489726516658807e-01 9.535139205495563042e-01
0.000000000000000000e+00 0.000000000000000000e+00 -3.060984501681038861e-01 9.519998628175766475e-01
0.000000000000000000e+00 0.000000000000000000e+00 -3.086951393334070315e-01 9.511610331336793900e-01
0.000000000000000000e+00 0.000000000000000000e+00 -3.112706085312388349e-01 9.503213184310832506e-01
0.000000000000000000e+00 0.000000000000000000e+00 -3.147846773274577403e-01 9.491631087014751333e-01
0.000000000000000000e+00 0.000000000000000000e+00 -3.198435937119052941e-01 9.474703560330811625e-01
0.000000000000000000e+00 0.000000000000000000e+00 -3.260438823373520978e-01 9.453546354624738912e-01
0.000000000000000000e+00 0.000000000000000000e+00 -3.338168579503485445e-01 9.426379503012579653e-01
0.000000000000000000e+00 0.000000000000000000e+00 -3.431449215900710392e-01 9.392824723090195116e-01
0.000000000000000000e+00 0.000000000000000000e+00 -3.538523162983639447e-01 9.353013088038969469e-01
0.000000000000000000e+00 0.000000000000000000e+00 -3.633832348005669455e-01 9.316397504754055925e-01
0.000000000000000000e+00 0.000000000000000000e+00 -3.705806100178605234e-01 9.288003076435700223e-01
0.000000000000000000e+00 0.000000000000000000e+00 -3.769899065381151493e-01 9.262173666955199058e-01
0.000000000000000000e+00 0.000000000000000000e+00 -3.846358562692239191e-01 9.230683929547370825e-01
0.000000000000000000e+00 0.000000000000000000e+00 -3.948071932315950217e-01 9.187639959056895789e-01
0.000000000000000000e+00 0.000000000000000000e+00 -4.062300566587123685e-01 9.137708361876403229e-01
0.000000000000000000e+00 0.000000000000000000e+00 -4.186579711481084320e-01 9.081439881396284886e-01
0.000000000000000000e+00 0.000000000000000000e+00 -4.317088432956362465e-01 9.020130124451331000e-01
0.000000000000000000e+00 0.000000000000000000e+00 -4.449843904323514399e-01 8.955383254063159493e-01
0.000000000000000000e+00 0.000000000000000000e+00 -4.581886950011156978e-01 8.888549486688896994e-01
0.000000000000000000e+00 0.000000000000000000e+00 -4.710477744710895864e-01 8.821076998676712355e-01
0.000000000000000000e+00 0.000000000000000000e+00 -4.834599813343584684e-01 8.753664640870026936e-01
0.000000000000000000e+00 0.000000000000000000e+00 -4.955320204950218743e-01 8.685896710553960842e-01
0.000000000000000000e+00 0.000000000000000000e+00 -5.068896854022404419e-01 8.620109319682771609e-01
0.000000000000000000e+00 0.000000000000000000e+00 -5.168569115743384401e-01 8.560718036227080718e-01
0.000000000000000000e+00 0.000000000000000000e+00 -5.257416050769617710e-01 8.506443232580230829e-01
0.000000000000000000e+00 0.000000000000000000e+00 -5.337556626082750055e-01 8.456387483042633324e-01
0.000000000000000000e+00 0.000000000000000000e+00 -5.409930734992663970e-01 8.410270473806519265e-01
0.000000000000000000e+00 0.000000000000000000e+00 -5.478171459870302407e-01 8.365980961983029429e-01
0.000000000000000000e+00 0.000000000000000000e+00 -5.544645139451332971e-01 8.322073676527906860e-01
0.000000000000000000e+00 0.000000000000000000e+00 -5.611814061296190870e-01 8.276928351836708719e-01
0.000000000000000000e+00 0.000000000000000000e+00 -5.678797485391999800e-01 8.231115302309007786e-01
0.000000000000000000e+00 0.000000000000000000e+00 -5.747474781858926685e-01 8.183308232731777432e-01
0.000000000000000000e+00 0.000000000000000000e+00 -5.817575104439626221e-01 8.133622803167372961e-01
0.000000000000000000e+00 0.000000000000000000e+00 -5.881540974821196643e-01 8.087488841506943471e-01
0.000000000000000000e+00 0.000000000000000000e+00 -5.937950447847859525e-01 8.046163339064364983e-01
0.000000000000000000e+00 0.000000000000000000e+00 -5.971003756692430109e-01 8.021665297029344499e-01
0.000000000000000000e+00 0.000000000000000000e+00 -5.986709761370645477e-01 8.009950451351708356e-01
0.000000000000000000e+00 0.000000000000000000e+00 -5.984282827075231292e-01 8.011763791174355553e-01
0.000000000000000000e+00 0.000000000000000000e+00 -5.966957561370276331e-01 8.024675536170050583e-01
0.000000000000000000e+00 0.000000000000000000e+00 -5.936983495586236614e-01 8.046876845903423447e-01
0.000000000000000000e+00 0.000000000000000000e+00 -5.901283215340910049e-01 8.073094599491302814e-01
0.000000000000000000e+00 0.000000000000000000e+00 -5.874359281197676363e-01 8.092706780515819265e-01
0.000000000000000000e+00 0.000000000000000000e+00 -5.859781213564417834e-01 8.103268731145322201e-01
0.000000000000000000e+00 0.000000000000000000e+00 -5.856532104369510661e-01 8.105617293611216967e-01
0.000000000000000000e+00 0.000000000000000000e+00 -5.862811827364700079e-01 8.101076315954107709e-01
0.000000000000000000e+00 0.000000000000000000e+00 -5.872701730472089654e-01 8.093909709461190038e-01
0.000000000000000000e+00 0.000000000000000000e+00 -5.880654178327197057e-01 8.088133680579400187e-01
0.000000000000000000e+00 0.000000000000000000e+00 -5.885159381618522145e-01 8.084856155365257591e-01
0.000000000000000000e+00 0.000000000000000000e+00 -5.877789747216898286e-01 8.090215552598825077e-01
0.000000000000000000e+00 0.000000000000000000e+00 -5.852208607376326865e-01 8.108739385117172960e-01
0.000000000000000000e+00 0.000000000000000000e+00 -5.806998606213625846e-01 8.141177260533822846e-01
0.000000000000000000e+00 0.000000000000000000e+00 -5.741140657421334170e-01 8.187753290842594289e-01
0.000000000000000000e+00 0.000000000000000000e+00 -5.655097678439398035e-01 8.247415973946586876e-01
0.000000000000000000e+00 0.000000000000000000e+00 -5.560455543537091705e-01 8.311518161464103160e-01
0.000000000000000000e+00 0.000000000000000000e+00 -5.462859229736909406e-01 8.375987645411032689e-01
0.000000000000000000e+00 0.000000000000000000e+00 -5.360938733058615568e-01 8.441583731764548126e-01
0.000000000000000000e+00 0.000000000000000000e+00 -5.254902306064852535e-01 8.507996341895917025e-01
0.000000000000000000e+00 0.000000000000000000e+00 -5.148224144050929096e-01 8.572968456877179122e-01
0.000000000000000000e+00 0.000000000000000000e+00 -5.034041776299643667e-01 8.640510598018494859e-01
0.000000000000000000e+00 0.000000000000000000e+00 -4.918148578494050405e-01 8.706998022272484095e-01
0.000000000000000000e+00 0.000000000000000000e+00 -4.800997751394353030e-01 8.772138883482543115e-01
0.000000000000000000e+00 0.000000000000000000e+00 -4.687448591459335567e-01 8.833336046048847479e-01
0.000000000000000000e+00 0.000000000000000000e+00 -4.570855550838414660e-01 8.894227315139278112e-01
0.000000000000000000e+00 0.000000000000000000e+00 -4.449647169003974057e-01 8.955481007258901949e-01
0.000000000000000000e+00 0.000000000000000000e+00 -4.320411834079573299e-01 9.018538772104114365e-01
0.000000000000000000e+00 0.000000000000000000e+00 -4.184585599660628485e-01 9.082358909397540980e-01
0.000000000000000000e+00 0.000000000000000000e+00 -4.047423716594573118e-01 9.144307587693437656e-01
0.000000000000000000e+00 0.000000000000000000e+00 -3.913921127031313452e-01 9.202240021395765579e-01
0.000000000000000000e+00 0.000000000000000000e+00 -3.784473730939389435e-01 9.256228096791354609e-01
0.000000000000000000e+00 0.000000000000000000e+00 -3.654892603919804306e-01 9.308155566695923699e-01
0.000000000000000000e+00 0.000000000000000000e+00 -3.508585516222592626e-01 9.364284685727631841e-01
0.000000000000000000e+00 0.000000000000000000e+00 -3.342105359086324223e-01 9.424984443953553503e-01
0.000000000000000000e+00 0.000000000000000000e+00 -3.159260566665328396e-01 9.487838145326545902e-01
0.000000000000000000e+00 0.000000000000000000e+00 -2.958582200926378469e-01 9.552318637920409472e-01
0.000000000000000000e+00 0.000000000000000000e+00 -2.750946139770056864e-01 9.614171588654126799e-01
0.000000000000000000e+00 0.000000000000000000e+00 -2.539478064653729605e-01 9.672179235267641673e-01
0.000000000000000000e+00 0.000000000000000000e+00 -2.325084155537056885e-01 9.725943844669808769e-01
0.000000000000000000e+00 0.000000000000000000e+00 -2.114271472026666432e-01 9.773937596617556789e-01
0.000000000000000000e+00 0.000000000000000000e+00 -1.913103406021153252e-01 9.815295989315363512e-01
0.000000000000000000e+00 0.000000000000000000e+00 -1.721476711831419759e-01 9.850711544382064755e-01
0.000000000000000000e+00 0.000000000000000000e+00 -1.531912378069598957e-01 9.881965617523527090e-01
0.000000000000000000e+00 0.000000000000000000e+00 -1.340208099046777401e-01 9.909785176846641619e-01
0.000000000000000000e+00 0.000000000000000000e+00 -1.146451376092732927e-01 9.934065091504841183e-01
0.000000000000000000e+00 0.000000000000000000e+00 -9.523718020394454642e-02 9.954546094658467403e-01
0.000000000000000000e+00 0.000000000000000000e+00 -7.388201173120945153e-02 9.972669894980729088e-01
0.000000000000000000e+00 0.000000000000000000e+00 -4.867931113238009588e-02 9.988144595807957327e-01
0.000000000000000000e+00 0.000000000000000000e+00 -1.969163840170781027e-02 9.998061008900958058e-01
0.000000000000000000e+00 0.000000000000000000e+00 1.232324958212855162e-02 9.999240658768727696e-01
0.000000000000000000e+00 0.000000000000000000e+00 4.637842711371551602e-02 9.989239417986024439e-01
0.000000000000000000e+00 0.000000000000000000e+00 8.077694415979137788e-02 9.967322033987895402e-01
0.000000000000000000e+00 0.000000000000000000e+00 1.131518729851930527e-01 9.935777038762205748e-01
0.000000000000000000e+00 0.000000000000000000e+00 1.424666073562798618e-01 9.897996089049497792e-01
0.000000000000000000e+00 0.000000000000000000e+00 1.692436763746268946e-01 9.855742376945536565e-01
0.000000000000000000e+00 0.000000000000000000e+00 1.936960826405166869e-01 9.810615819456586228e-01
0.000000000000000000e+00 0.000000000000000000e+00 2.164275496313695368e-01 9.762986816341406859e-01
0.000000000000000000e+00 0.000000000000000000e+00 2.389598004459263236e-01 9.710294608150893403e-01
0.000000000000000000e+00 0.000000000000000000e+00 2.620078016080699124e-01 9.650657552190452515e-01
0.000000000000000000e+00 0.000000000000000000e+00 2.857541913614091156e-01 9.583029490298916597e-01
0.000000000000000000e+00 0.000000000000000000e+00 3.091765962360677467e-01 9.510046437004814335e-01
0.000000000000000000e+00 0.000000000000000000e+00 3.318224276819417562e-01 9.433418661796276750e-01
0.000000000000000000e+00 0.000000000000000000e+00 3.536118261267871543e-01 9.353922580518180263e-01
0.000000000000000000e+00 0.000000000000000000e+00 3.743910530405685222e-01 9.272709093911952749e-01
0.000000000000000000e+00 0.000000000000000000e+00 3.950316445327637926e-01 9.186675132047176229e-01
0.000000000000000000e+00 0.000000000000000000e+00 4.162595926847256766e-01 9.092458146716685397e-01
0.000000000000000000e+00 0.000000000000000000e+00 4.376337895810940015e-01 8.991533051804295740e-01
0.000000000000000000e+00 0.000000000000000000e+00 4.592466258351270980e-01 8.883088070367481937e-01
0.000000000000000000e+00 0.000000000000000000e+00 4.805629306926249011e-01 8.769602440499314477e-01
0.000000000000000000e+00 0.000000000000000000e+00 4.999780287414796187e-01 8.660380885248547544e-01
0.000000000000000000e+00 0.000000000000000000e+00 5.152529196727622107e-01 8.570381722937981950e-01
0.000000000000000000e+00 0.000000000000000000e+00 5.255340560092300883e-01 8.507725641876843214e-01
0.000000000000000000e+00 0.000000000000000000e+00 5.310985824872939132e-01 8.473100351583162659e-01
0.000000000000000000e+00 0.000000000000000000e+00 5.347506147513158004e-01 8.450099289494117372e-01
0.000000000000000000e+00 0.000000000000000000e+00 5.377581759043312815e-01 8.430991307361467291e-01
0.000000000000000000e+00 0.000000000000000000e+00 5.421062663065077114e-01 8.403099404572206277e-01
0.000000000000000000e+00 0.000000000000000000e+00 5.481236375573790287e-01 8.363973206263078941e-01
0.000000000000000000e+00 0.000000000000000000e+00 5.544739867520310783e-01 8.322010562450088411e-01
0.000000000000000000e+00 0.000000000000000000e+00 5.614142785439755201e-01 8.275348982652922514e-01
0.000000000000000000e+00 0.000000000000000000e+00 5.687483249545276509e-01 8.225116065207950244e-01
0.000000000000000000e+00 0.000000000000000000e+00 5.763241198493402884e-01 8.172212117168050627e-01
0.000000000000000000e+00 0.000000000000000000e+00 5.838748331346541587e-01 8.118436913790608722e-01
0.000000000000000000e+00 0.000000000000000000e+00 5.911760965860852757e-01 8.065425114804796181e-01
0.000000000000000000e+00 0.000000000000000000e+00 5.978541153045835443e-01 8.016049256419111035e-01
0.000000000000000000e+00 0.000000000000000000e+00 6.036209223865263152e-01 7.972714607066022641e-01
0.000000000000000000e+00 0.000000000000000000e+00 6.089212442767959477e-01 7.932306841445296852e-01
0.000000000000000000e+00 0.000000000000000000e+00 6.134408056534982334e-01 7.897407029900301856e-01
0.000000000000000000e+00 0.000000000000000000e+00 6.163507336706426365e-01 7.874717601943961309e-01
0.000000000000000000e+00 0.000000000000000000e+00 6.183091355631374908e-01 7.859349927819512249e-01
0.000000000000000000e+00 0.000000000000000000e+00 6.193148629806731753e-01 7.851427261913785927e-01
0.000000000000000000e+00 0.000000000000000000e+00 6.197993113321722536e-01 7.847603542943316635e-01
0.000000000000000000e+00 0.000000000000000000e+00 6.206858648340051188e-01 7.840593454549618091e-01
0.000000000000000000e+00 0.000000000000000000e+00 6.225055234238815460e-01 7.826154057433059030e-01
0.000000000000000000e+00 0.000000000000000000e+00 6.251733315259698776e-01 7.804859419289496003e-01
0.000000000000000000e+00 0.000000000000000000e+00 6.284439896886017118e-01 7.778548398154200294e-01
0.000000000000000000e+00 0.000000000000000000e+00 6.322637290304997659e-01 7.747532361677792467e-01
0.000000000000000000e+00 0.000000000000000000e+00 6.378602885993137628e-01 7.701520968146486901e-01
0.000000000000000000e+00 0.000000000000000000e+00 6.447582593373194504e-01 7.643865429325074068e-01
0.000000000000000000e+00 0.000000000000000000e+00 6.524260711885305764e-01 7.578523745647950394e-01
0.000000000000000000e+00 0.000000000000000000e+00 6.603603564348303756e-01 7.509488662014636162e-01
0.000000000000000000e+00 0.000000000000000000e+00 6.680999263897257068e-01 7.440715613152024677e-01
0.000000000000000000e+00 0.000000000000000000e+00 6.744249873065222278e-01 7.383433730295121400e-01
0.000000000000000000e+00 0.000000000000000000e+00 6.795024273336288667e-01 7.336732591881118815e-01
0.000000000000000000e+00 0.000000000000000000e+00 6.827298518691421458e-01 7.306708899133310675e-01
0.000000000000000000e+00 0.000000000000000000e+00 7.071067811865474617e-01 7.071067811865475727e-01
0.000000000000000000e+00 0.000000000000000000e+00 7.071067811865474617e-01 7.071067811865475727e-01
0.000000000000000000e+00 0.000000000000000000e+00 7.071067811865474617e-01 7.071067811865475727e-01
0.000000000000000000e+00 0.000000000000000000e+00 7.071067811865474617e-01 7.071067811865475727e-01
0.000000000000000000e+00 0.000000000000000000e+00 7.071067811865474617e-01 7.071067811865475727e-01
0.000000000000000000e+00 0.000000000000000000e+00 7.071067811865474617e-01 7.071067811865475727e-01
0.000000000000000000e+00 0.000000000000000000e+00 7.071067811865474617e-01 7.071067811865475727e-01
0.000000000000000000e+00 0.000000000000000000e+00 6.563103175352256180e-01 7.544910649549213533e-01
0.000000000000000000e+00 0.000000000000000000e+00 6.484453686833440145e-01 7.612611929115538079e-01
0.000000000000000000e+00 0.000000000000000000e+00 6.398219965681058996e-01 7.685231373924943377e-01
0.000000000000000000e+00 0.000000000000000000e+00 6.305953211053870744e-01 7.761118095996180077e-01
0.000000000000000000e+00 0.000000000000000000e+00 6.214262208872292081e-01 7.834726874587375489e-01
0.000000000000000000e+00 0.000000000000000000e+00 6.110646986773375922e-01 7.915806554169793063e-01
0.000000000000000000e+00 0.000000000000000000e+00 5.982093385623746817e-01 8.013398700032128286e-01
0.000000000000000000e+00 0.000000000000000000e+00 5.816368352877269166e-01 8.134485797126194129e-01
0.000000000000000000e+00 0.000000000000000000e+00 5.612505395808343733e-01 8.276459580159998275e-01
0.000000000000000000e+00 0.000000000000000000e+00 5.385617806630139670e-01 8.425860243376241954e-01
0.000000000000000000e+00 0.000000000000000000e+00 5.149178667106956153e-01 8.572395176040977782e-01
0.000000000000000000e+00 0.000000000000000000e+00 4.916232691845531244e-01 8.708079933006428464e-01
0.000000000000000000e+00 0.000000000000000000e+00 4.693345540792329129e-01 8.830204280464000188e-01
0.000000000000000000e+00 0.000000000000000000e+00 4.485307758077103912e-01 8.937673876089535785e-01
0.000000000000000000e+00 0.000000000000000000e+00 4.300386686094715416e-01 9.028104693126863811e-01
0.000000000000000000e+00 0.000000000000000000e+00 4.139504894229584231e-01 9.102993970702678572e-01
0.000000000000000000e+00 0.000000000000000000e+00 3.993507014479277251e-01 9.167982423919932566e-01
0.000000000000000000e+00 0.000000000000000000e+00 3.855197895732451197e-01 9.226995674906327549e-01
0.000000000000000000e+00 0.000000000000000000e+00 3.715882339297411074e-01 9.283976434723302251e-01
0.000000000000000000e+00 0.000000000000000000e+00 3.567067964526762780e-01 9.342163889402010923e-01
0.000000000000000000e+00 0.000000000000000000e+00 3.411168290863322849e-01 9.400209087643135453e-01
0.000000000000000000e+00 0.000000000000000000e+00 3.250044483481027147e-01 9.457124872570655816e-01
0.000000000000000000e+00 0.000000000000000000e+00 3.073638898343044046e-01 9.515920550456090643e-01
0.000000000000000000e+00 0.000000000000000000e+00 2.874762028299882033e-01 9.577877806729691024e-01
0.000000000000000000e+00 0.000000000000000000e+00 2.656039919382197634e-01 9.640822161343305385e-01
0.000000000000000000e+00 0.000000000000000000e+00 2.429744640480634710e-01 9.700326849238413152e-01
0.000000000000000000e+00 0.000000000000000000e+00 2.194299254824302603e-01 9.756282631221663282e-01
0.000000000000000000e+00 0.000000000000000000e+00 1.944719063780149249e-01 9.809080882680601965e-01
0.000000000000000000e+00 0.000000000000000000e+00 1.703054428913758356e-01 9.853913213143153937e-01
0.000000000000000000e+00 0.000000000000000000e+00 1.481586915814855909e-01 9.889635999918613418e-01
0.000000000000000000e+00 0.000000000000000000e+00 1.307231325002196631e-01 9.914189137944312558e-01
0.000000000000000000e+00 0.000000000000000000e+00 1.201190286154729808e-01 9.927594970406856678e-01
0.000000000000000000e+00 0.000000000000000000e+00 1.167572219678208040e-01 9.931604860838740834e-01
0.000000000000000000e+00 0.000000000000000000e+00 1.163271857811227217e-01 9.932109473058803317e-01
0.000000000000000000e+00 0.000000000000000000e+00 1.161535539052480914e-01 9.932312680917675385e-01
0.000000000000000000e+00 0.000000000000000000e+00 1.154705869741082247e-01 9.933108997407885665e-01
0.000000000000000000e+00 0.000000000000000000e+00 1.143765016720957733e-01 9.934374745625680347e-01
0.000000000000000000e+00 0.000000000000000000e+00 1.113112710569203190e-01 9.937855910284133509e-01
0.000000000000000000e+00 0.000000000000000000e+00 1.052453167427589431e-01 9.944462898033841203e-01
0.000000000000000000e+00 0.000000000000000000e+00 9.628256373912512378e-02 9.953540414946941972e-01
0.000000000000000000e+00 0.000000000000000000e+00 8.562031793496363563e-02 9.963278381921865101e-01
0.000000000000000000e+00 0.000000000000000000e+00 7.372301007952965224e-02 9.972787563087933682e-01
0.000000000000000000e+00 0.000000000000000000e+00 6.153701447834711985e-02 9.981048020368861184e-01
0.000000000000000000e+00 0.000000000000000000e+00 4.931891816789774063e-02 9.987830817103121595e-01
0.000000000000000000e+00 0.000000000000000000e+00 3.670787180194475668e-02 9.993260389621456685e-01
0.000000000000000000e+00 0.000000000000000000e+00 2.324376358963262459e-02 9.997298272304319111e-01
0.000000000000000000e+00 0.000000000000000000e+00 8.915373719114426734e-03 9.999602572659818112e-01
0.000000000000000000e+00 0.000000000000000000e+00 -6.786613400541304485e-03 9.999769706741008513e-01
0.000000000000000000e+00 0.000000000000000000e+00 -2.318107293696960308e-02 9.997312828242851390e-01
0.000000000000000000e+00 0.000000000000000000e+00 -4.133105572177659531e-02 9.991455068371790649e-01
0.000000000000000000e+00 0.000000000000000000e+00 -6.136796531321854486e-02 9.981152102003634230e-01
0.000000000000000000e+00 0.000000000000000000e+00 -8.388391070800486904e-02 9.964755338312785149e-01
0.000000000000000000e+00 0.000000000000000000e+00 -1.097764618362458144e-01 9.939563010649488106e-01
0.000000000000000000e+00 0.000000000000000000e+00 -1.382561690790075626e-01 9.903965022714876776e-01
0.000000000000000000e+00 0.000000000000000000e+00 -1.673355694518041670e-01 9.858999985780709796e-01
0.000000000000000000e+00 0.000000000000000000e+00 -1.969104314031621394e-01 9.804214818151530952e-01
0.000000000000000000e+00 0.000000000000000000e+00 -2.254399479807262796e-01 9.742570655912367039e-01
0.000000000000000000e+00 0.000000000000000000e+00 -2.533090145653120739e-01 9.673854160260793034e-01
0.000000000000000000e+00 0.000000000000000000e+00 -2.802853081871529151e-01 9.599167391052375597e-01
0.000000000000000000e+00 0.000000000000000000e+00 -3.059634458883681019e-01 9.520432604562230061e-01
0.000000000000000000e+00 0.000000000000000000e+00 -3.301666218016149901e-01 9.439226673028406900e-01
0.000000000000000000e+00 0.000000000000000000e+00 -3.526819790210743433e-01 9.357432455934578952e-01
0.000000000000000000e+00 0.000000000000000000e+00 -3.732654209621296681e-01 9.277245957254578457e-01
0.000000000000000000e+00 0.000000000000000000e+00 -3.912822379906892856e-01 9.202707265978841145e-01
0.000000000000000000e+00 0.000000000000000000e+00 -4.073468747053328731e-01 9.132735207306723613e-01
0.000000000000000000e+00 0.000000000000000000e+00 -4.225707497701962634e-01 9.063299407162129784e-01
0.000000000000000000e+00 0.000000000000000000e+00 -4.373741830630152871e-01 8.992796139076877360e-01
0.000000000000000000e+00 0.000000000000000000e+00 -4.525479650668683962e-01 8.917400626381190021e-01
0.000000000000000000e+00 0.000000000000000000e+00 -4.678092195870446335e-01 8.838294711477775456e-01
0.000000000000000000e+00 0.000000000000000000e+00 -4.823755014734296132e-01 8.759645401374744900e-01
0.000000000000000000e+00 0.000000000000000000e+00 -4.969318668215180756e-01 8.677895595922325844e-01
0.000000000000000000e+00 0.000000000000000000e+00 -5.103909932579491215e-01 8.599424597036502416e-01
0.000000000000000000e+00 0.000000000000000000e+00 -5.220232533531127261e-01 8.529312533602176893e-01
0.000000000000000000e+00 0.000000000000000000e+00 -5.316911006153399732e-01 8.469383528489239366e-01
0.000000000000000000e+00 0.000000000000000000e+00 -5.389605439236232476e-01 8.423310110007539153e-01
0.000000000000000000e+00 0.000000000000000000e+00 -5.429856944094216820e-01 8.397419458778501156e-01
0.000000000000000000e+00 0.000000000000000000e+00 -5.442511813144708110e-01 8.389223156155777295e-01
0.000000000000000000e+00 0.000000000000000000e+00 -5.436839692148861536e-01 8.392900223514793145e-01
0.000000000000000000e+00 0.000000000000000000e+00 -5.426481291733378232e-01 8.399601228062415492e-01
0.000000000000000000e+00 0.000000000000000000e+00 -5.410768430508643423e-01 8.409731564765371425e-01
0.000000000000000000e+00 0.000000000000000000e+00 -5.400244257920074897e-01 8.416493447677676487e-01
0.000000000000000000e+00 0.000000000000000000e+00 -5.397338795329960082e-01 8.418356961333139932e-01
0.000000000000000000e+00 0.000000000000000000e+00 -5.400063440839671935e-01 8.416609461945279147e-01
0.000000000000000000e+00 0.000000000000000000e+00 -5.402516929276760527e-01 8.415034808536325794e-01
0.000000000000000000e+00 0.000000000000000000e+00 -5.406381427012488805e-01 8.412552517854162693e-01
0.000000000000000000e+00 0.000000000000000000e+00 -5.413511039031392302e-01 8.407966355206545339e-01
0.000000000000000000e+00 0.000000000000000000e+00 -5.420780468041621614e-01 8.403281449368363853e-01
0.000000000000000000e+00 0.000000000000000000e+00 -5.426033681176558598e-01 8.399890385638228985e-01
0.000000000000000000e+00 0.000000000000000000e+00 -5.427220341558243177e-01 8.399123725971443521e-01
0.000000000000000000e+00 0.000000000000000000e+00 -5.428497777733594098e-01 8.398298153622639761e-01
0.000000000000000000e+00 0.000000000000000000e+00 -5.429414501661683490e-01 8.397705530032939514e-01
0.000000000000000000e+00 0.000000000000000000e+00 -5.432856181970998621e-01 8.395479361300312027e-01
0.000000000000000000e+00 0.000000000000000000e+00 -5.441631439842908868e-01 8.389794233049651107e-01
0.000000000000000000e+00 0.000000000000000000e+00 -5.457961809845538470e-01 8.379179726098946457e-01
0.000000000000000000e+00 0.000000000000000000e+00 -5.481654789980390241e-01 8.363698988096417430e-01
0.000000000000000000e+00 0.000000000000000000e+00 -5.509295947350689726e-01 8.345517249667947501e-01
0.000000000000000000e+00 0.000000000000000000e+00 -5.550282632485360468e-01 8.318314895429926858e-01
0.000000000000000000e+00 0.000000000000000000e+00 -5.620567989026606925e-01 8.270986366856700744e-01
0.000000000000000000e+00 0.000000000000000000e+00 -5.710592631519548767e-01 8.209088365758686612e-01
0.000000000000000000e+00 0.000000000000000000e+00 -5.816403558689711151e-01 8.134460623941925927e-01
0.000000000000000000e+00 0.000000000000000000e+00 -5.934546871549059022e-01 8.048674016841983470e-01
0.000000000000000000e+00 0.000000000000000000e+00 -6.062656838351947464e-01 7.952621709875578038e-01
0.000000000000000000e+00 0.000000000000000000e+00 -6.200103770239964174e-01 7.845936097003096688e-01
0.000000000000000000e+00 0.000000000000000000e+00 -6.341146742723559049e-01 7.732390185915762881e-01
0.000000000000000000e+00 0.000000000000000000e+00 -6.485495625176873613e-01 7.611724278756532014e-01
0.000000000000000000e+00 0.000000000000000000e+00 -7.071067811865474617e-01 7.071067811865475727e-01
0.000000000000000000e+00 0.000000000000000000e+00 -7.071067811865474617e-01 7.071067811865475727e-01
0.000000000000000000e+00 0.000000000000000000e+00 -7.071067811865474617e-01 7.071067811865475727e-01
0.000000000000000000e+00 0.000000000000000000e+00 -7.071067811865474617e-01 7.071067811865475727e-01
0.000000000000000000e+00 0.000000000000000000e+00 -7.071067811865474617e-01 7.071067811865475727e-01
0.000000000000000000e+00 0.000000000000000000e+00 -7.071067811865474617e-01 7.071067811865475727e-01
0.000000000000000000e+00 0.000000000000000000e+00 -7.071067811865474617e-01 7.071067811865475727e-01
0.000000000000000000e+00 0.000000000000000000e+00 -7.580459492111764064e-01 6.522011490978274484e-01
0.000000000000000000e+00 0.000000000000000000e+00 -7.698384734952529174e-01 6.382387678028490496e-01
0.000000000000000000e+00 0.000000000000000000e+00 -7.815828750116834422e-01 6.238014183123273826e-01
0.000000000000000000e+00 0.000000000000000000e+00 -7.931655323424519066e-01 6.090061069512481273e-01
0.000000000000000000e+00 0.000000000000000000e+00 -8.043774585605109051e-01 5.941185943561549943e-01
0.000000000000000000e+00 0.000000000000000000e+00 -8.155951318495431313e-01 5.786230041255933099e-01
0.000000000000000000e+00 0.000000000000000000e+00 -8.266707580328763738e-01 5.626859317713119868e-01
0.000000000000000000e+00 0.000000000000000000e+00 -8.368562493981390737e-01 5.474227049029656289e-01
0.000000000000000000e+00 0.000000000000000000e+00 -8.458078767970189649e-01 5.334876151778209508e-01
0.000000000000000000e+00 0.000000000000000000e+00 -8.534729133249755462e-01 5.211372047940725505e-01
0.000000000000000000e+00 0.000000000000000000e+00 -8.598125378767603744e-01 5.106098311920014288e-01
0.000000000000000000e+00 0.000000000000000000e+00 -8.646568664675532423e-01 5.023629198801519147e-01
0.000000000000000000e+00 0.000000000000000000e+00 8.683061380091048331e-01 -4.960286793076720824e-01
0.000000000000000000e+00 0.000000000000000000e+00 8.706108727951830106e-01 -4.919722636194135412e-01
0.000000000000000000e+00 0.000000000000000000e+00 8.711540844691055829e-01 -4.910097362708753521e-01
0.000000000000000000e+00 0.000000000000000000e+00 8.701117923176913127e-01 -4.928544094047397905e-01
0.000000000000000000e+00 0.000000000000000000e+00 8.679928687458735581e-01 -4.965766605533416533e-01
0.000000000000000000e+00 0.000000000000000000e+00 -8.655862471798693170e-01 5.007598712886947023e-01
0.000000000000000000e+00 0.000000000000000000e+00 -8.630431973594671069e-01 5.051301213465180240e-01
0.000000000000000000e+00 0.000000000000000000e+00 -8.606780498058989037e-01 5.091495797723050165e-01
0.000000000000000000e+00 0.000000000000000000e+00 -8.584474272431931174e-01 5.129015642982019951e-01
0.000000000000000000e+00 0.000000000000000000e+00 -8.565874248810262381e-01 5.160019220271302443e-01
0.000000000000000000e+00 0.000000000000000000e+00 -8.548684797974440697e-01 5.188447573685283087e-01
0.000000000000000000e+00 0.000000000000000000e+00 -8.533246438860556671e-01 5.213799498798704635e-01
0.000000000000000000e+00 0.000000000000000000e+00 -8.518694725118772793e-01 5.237541425156806429e-01
0.000000000000000000e+00 0.000000000000000000e+00 -8.504215969620132487e-01 5.261018032858080229e-01
0.000000000000000000e+00 0.000000000000000000e+00 -8.491523569302410479e-01 5.281479666909799642e-01
0.000000000000000000e+00 0.000000000000000000e+00 -8.483028767294423789e-01 5.295113118079277648e-01
0.000000000000000000e+00 0.000000000000000000e+00 -8.479659844348912401e-01 5.300506478077030570e-01
0.000000000000000000e+00 0.000000000000000000e+00 -8.483181679660495300e-01 5.294868137156256704e-01
0.000000000000000000e+00 0.000000000000000000e+00 -8.492972343076687913e-01 5.279149626571922882e-01
0.000000000000000000e+00 0.000000000000000000e+00 -8.510602431734484163e-01 5.250680551029081045e-01
0.000000000000000000e+00 0.000000000000000000e+00 -8.537312436962894990e-01 5.207138979677675694e-01
0.000000000000000000e+00 0.000000000000000000e+00 -8.573071885033799466e-01 5.148051908639131868e-01
0.000000000000000000e+00 0.000000000000000000e+00 -8.614562184869024586e-01 5.078318458212776054e-01
0.000000000000000000e+00 0.000000000000000000e+00 -8.659091258379957301e-01 5.002013452505682523e-01
0.000000000000000000e+00 0.000000000000000000e+00 8.713505249583253232e-01 -4.906610466043242469e-01
0.000000000000000000e+00 0.000000000000000000e+00 8.779257447398015612e-01 -4.787968115214060183e-01
0.000000000000000000e+00 0.000000000000000000e+00 8.859572915750160149e-01 -4.637668352793913873e-01
0.000000000000000000e+00 0.000000000000000000e+00 8.946623178644621532e-01 -4.467430323948971549e-01
0.000000000000000000e+00 0.000000000000000000e+00 9.038786998908909798e-01 -4.277888449732561438e-01
0.000000000000000000e+00 0.000000000000000000e+00 9.133832335279168380e-01 -4.071008090265688661e-01
0.000000000000000000e+00 0.000000000000000000e+00 9.231474106060324480e-01 -3.844461708632007646e-01
0.000000000000000000e+00 0.000000000000000000e+00 9.321095052599795983e-01 -3.621765732401754367e-01
0.000000000000000000e+00 0.000000000000000000e+00 9.398156343496539833e-01 -3.416819770370650988e-01
0.000000000000000000e+00 0.000000000000000000e+00 9.464321672361604154e-01 -3.229026986890394801e-01
0.000000000000000000e+00 0.000000000000000000e+00 9.517548300602874933e-01 -3.068594848736360681e-01
0.000000000000000000e+00 0.000000000000000000e+00 9.562981798774826681e-01 -2.923932132642854675e-01
0.000000000000000000e+00 0.000000000000000000e+00 9.602681555074497055e-01 -2.790789664563069206e-01
0.000000000000000000e+00 0.000000000000000000e+00 9.638212747963647020e-01 -2.665493392411814044e-01
0.000000000000000000e+00 0.000000000000000000e+00 9.670262887079913439e-01 -2.546765732211124789e-01
0.000000000000000000e+00 0.000000000000000000e+00 9.697918483526378752e-01 -2.439339477579415549e-01
0.000000000000000000e+00 0.000000000000000000e+00 9.722874715865146289e-01 -2.337885210952466430e-01
0.000000000000000000e+00 0.000000000000000000e+00 9.745201325777935741e-01 -2.243000472593791039e-01
0.000000000000000000e+00 0.000000000000000000e+00 9.766909687781976102e-01 -2.146503005055103164e-01
0.000000000000000000e+00 0.000000000000000000e+00 9.788522027476075360e-01 -2.045687297124282322e-01
0.000000000000000000e+00 0.000000000000000000e+00 9.810846478124526371e-01 -1.935792184784199677e-01
0.000000000000000000e+00 0.000000000000000000e+00 9.834109161214439343e-01 -1.813917585040245306e-01
0.000000000000000000e+00 0.000000000000000000e+00 9.857369158549704746e-01 -1.682935908486442866e-01
0.000000000000000000e+00 0.000000000000000000e+00 9.881199898071021392e-01 -1.536843705248270020e-01
0.000000000000000000e+00 0.000000000000000000e+00 9.904609545130932391e-01 -1.377936775944822168e-01
0.000000000000000000e+00 0.000000000000000000e+00 9.925984837980172948e-01 -1.214423730082597741e-01
0.000000000000000000e+00 0.000000000000000000e+00 9.944613074064466707e-01 -1.051033209345012265e-01
0.000000000000000000e+00 0.000000000000000000e+00 9.959329975578699035e-01 -9.009697206563589689e-02
0.000000000000000000e+00 0.000000000000000000e+00 9.971066309348824985e-01 -7.601556778507997936e-02
0.000000000000000000e+00 0.000000000000000000e+00 9.979577154726864130e-01 -6.387799408666959555e-02
0.000000000000000000e+00 0.000000000000000000e+00 9.985302810031985166e-01 -5.419665967265296924e-02
0.000000000000000000e+00 0.000000000000000000e+00 9.988846460693282525e-01 -4.721719863516757321e-02
0.000000000000000000e+00 0.000000000000000000e+00 9.990848254376241133e-01 -4.277279018572603675e-02
0.000000000000000000e+00 0.000000000000000000e+00 9.992284610015812474e-01 -3.927445383976031074e-02
0.000000000000000000e+00 0.000000000000000000e+00 9.993898513272309048e-01 -3.492742567289164324e-02
0.000000000000000000e+00 0.000000000000000000e+00 9.995480099915472483e-01 -3.006286283669079920e-02
0.000000000000000000e+00 0.000000000000000000e+00 9.996727348993713624e-01 -2.558169460397749506e-02
0.000000000000000000e+00 0.000000000000000000e+00 9.997586794916205610e-01 -2.196776686809680940e-02
0.000000000000000000e+00 0.000000000000000000e+00 9.998247946422473831e-01 -1.871844060246143429e-02
0.000000000000000000e+00 0.000000000000000000e+00 9.998786688753621421e-01 -1.557714762188089699e-02
0.000000000000000000e+00 0.000000000000000000e+00 9.999137744109749537e-01 -1.313178370207018428e-02
0.000000000000000000e+00 0.000000000000000000e+00 9.999316017226119735e-01 -1.169580593425310899e-02
0.000000000000000000e+00 0.000000000000000000e+00 9.999360799732702754e-01 -1.130645690257221087e-02
0.000000000000000000e+00 0.000000000000000000e+00 9.999393423191287322e-01 -1.101415826962707373e-02
0.000000000000000000e+00 0.000000000000000000e+00 9.999408179742734770e-01 -1.087936344373700501e-02
0.000000000000000000e+00 0.000000000000000000e+00 9.999405463429774654e-01 -1.090430095456910997e-02
0.000000000000000000e+00 0.000000000000000000e+00 9.999440834143984436e-01 -1.057497255497618499e-02
0.000000000000000000e+00 0.000000000000000000e+00 9.999519947681482224e-01 -9.798375334780083656e-03
0.000000000000000000e+00 0.000000000000000000e+00 9.999612027626229027e-01 -8.808687162600144227e-03
0.000000000000000000e+00 0.000000000000000000e+00 9.999661105745535350e-01 -8.232721445533342994e-03
0.000000000000000000e+00 0.000000000000000000e+00 9.999719599719729679e-01 -7.488609337580383156e-03
0.000000000000000000e+00 0.000000000000000000e+00 9.999809378753207190e-01 -6.174454307377407608e-03
0.000000000000000000e+00 0.000000000000000000e+00 9.999920274509421780e-01 -3.993123408334570482e-03
0.000000000000000000e+00 0.000000000000000000e+00 9.999994584383360419e-01 -1.040731970578526004e-03
0.000000000000000000e+00 0.000000000000000000e+00 9.999905792031064111e-01 4.340680250346894663e-03
0.000000000000000000e+00 0.000000000000000000e+00 9.999363295333768553e-01 1.128436437368394996e-02
0.000000000000000000e+00 0.000000000000000000e+00 9.998128045502490124e-01 1.934827789147004762e-02
0.000000000000000000e+00 0.000000000000000000e+00 9.995780847488332510e-01 2.904569658063690940e-02
0.000000000000000000e+00 0.000000000000000000e+00 9.991870262360867949e-01 4.031484343868366182e-02
0.000000000000000000e+00 0.000000000000000000e+00 9.986074232906372306e-01 5.275617640460816132e-02
0.000000000000000000e+00 0.000000000000000000e+00 9.978353933768993045e-01 6.576114144666753147e-02
0.000000000000000000e+00 0.000000000000000000e+00 9.968648159818161991e-01 7.912356575344395293e-02
0.000000000000000000e+00 0.000000000000000000e+00 9.957031243660998676e-01 9.260285161692945188e-02
0.000000000000000000e+00 0.000000000000000000e+00 9.942762277868297804e-01 1.068399871676899843e-01
0.000000000000000000e+00 0.000000000000000000e+00 9.926283755722762336e-01 1.211978052967304237e-01
0.000000000000000000e+00 0.000000000000000000e+00 9.907610523835888028e-01 1.356190881836461803e-01
0.000000000000000000e+00 0.000000000000000000e+00 9.886737943000865059e-01 1.500804066634624512e-01
0.000000000000000000e+00 0.000000000000000000e+00 9.863736391681969806e-01 1.645206490203815763e-01
0.000000000000000000e+00 0.000000000000000000e+00 9.838571408687071251e-01 1.789556547350569793e-01
0.000000000000000000e+00 0.000000000000000000e+00 9.810799075878967601e-01 1.936032410041835794e-01
0.000000000000000000e+00 0.000000000000000000e+00 9.780411989408024365e-01 2.084116435673343815e-01
0.000000000000000000e+00 0.000000000000000000e+00 9.747113271681356883e-01 2.234677352329226818e-01
0.000000000000000000e+00 0.000000000000000000e+00 9.711339282883114654e-01 2.385348891196270860e-01
0.000000000000000000e+00 0.000000000000000000e+00 9.673775790529934859e-01 2.533389420234667400e-01
0.000000000000000000e+00 0.000000000000000000e+00 9.634519390761787649e-01 2.678812443795778320e-01
0.000000000000000000e+00 0.000000000000000000e+00 9.592737844745471421e-01 2.824779751058124622e-01
0.000000000000000000e+00 0.000000000000000000e+00 9.547290952071381120e-01 2.974766457471232917e-01
0.000000000000000000e+00 0.000000000000000000e+00 9.497075846312050817e-01 3.131381543248322741e-01
0.000000000000000000e+00 0.000000000000000000e+00 9.440225248736671126e-01 3.298809975296343455e-01
0.000000000000000000e+00 0.000000000000000000e+00 9.374507216472509619e-01 3.481180036755472940e-01
0.000000000000000000e+00 0.000000000000000000e+00 9.302203089786831303e-01 3.670016032166660835e-01
0.000000000000000000e+00 0.000000000000000000e+00 9.224922572843681223e-01 3.860155893877748601e-01
0.000000000000000000e+00 0.000000000000000000e+00 9.143154773680078895e-01 4.050027257257806101e-01
0.000000000000000000e+00 0.000000000000000000e+00 9.056402567008469129e-01 4.240468434534375164e-01
0.000000000000000000e+00 0.000000000000000000e+00 8.965213293904120695e-01 4.430005710470904523e-01
0.000000000000000000e+00 0.000000000000000000e+00 8.870633650292568673e-01 4.616476864698570437e-01
0.000000000000000000e+00 0.000000000000000000e+00 8.774780994959444635e-01 4.796167062404992909e-01
0.000000000000000000e+00 0.000000000000000000e+00 8.674137272015374212e-01 4.975876062185802806e-01
-0.000000000000000000e+00 -0.000000000000000000e+00 8.576004367615818191e-01 5.143165278953653052e-01
-0.000000000000000000e+00 -0.000000000000000000e+00 8.502117422571984218e-01 5.264408735347011481e-01
-0.000000000000000000e+00 -0.000000000000000000e+00 8.449038012521395968e-01 5.349182803285797982e-01
-0.000000000000000000e+00 -0.000000000000000000e+00 8.416160129795523526e-01 5.400763711702281089e-01
-0.000000000000000000e+00 -0.000000000000000000e+00 8.394797521933065054e-01 5.433909694294382087e-01
-0.000000000000000000e+00 -0.000000000000000000e+00 8.384661817121411564e-01 5.449536330047379806e-01
-0.000000000000000000e+00 -0.000000000000000000e+00 8.386788683747480322e-01 5.446262532614933871e-01
-0.000000000000000000e+00 -0.000000000000000000e+00 8.398795085072484623e-01 5.427728909862969964e-01
-0.000000000000000000e+00 -0.000000000000000000e+00 8.417364227132940746e-01 5.398886873030651623e-01
-0.000000000000000000e+00 -0.000000000000000000e+00 8.435115348796434764e-01 5.371110597678918630e-01
-0.000000000000000000e+00 -0.000000000000000000e+00 8.446978348929033986e-01 5.352434658426400427e-01
-0.000000000000000000e+00 -0.000000000000000000e+00 8.450922497156370117e-01 5.346205097735808875e-01
-0.000000000000000000e+00 -0.000000000000000000e+00 8.449105828847714994e-01 5.349075685848122541e-01
-0.000000000000000000e+00 -0.000000000000000000e+00 8.442836259009471878e-01 5.358965936032339394e-01
-0.000000000000000000e+00 -0.000000000000000000e+00 8.436491696856182054e-01 5.368948486331072134e-01
-0.000000000000000000e+00 -0.000000000000000000e+00 8.431510692587390610e-01 5.376767378340305825e-01
-0.000000000000000000e+00 -0.000000000000000000e+00 8.424852107571788595e-01 5.387194721331612923e-01
-0.000000000000000000e+00 -0.000000000000000000e+00 8.423525595421675893e-01 5.389268646419097530e-01
-0.000000000000000000e+00 -0.000000000000000000e+00 8.425348865278032839e-01 5.386417779782604054e-01
-0.000000000000000000e+00 -0.000000000000000000e+00 8.428338848461938149e-01 5.381738032969208829e-01
-0.000000000000000000e+00 -0.000000000000000000e+00 8.430819851736391923e-01 5.377850558314871687e-01
-0.000000000000000000e+00 -0.000000000000000000e+00 8.432338444432019298e-01 5.375469129160148629e-01
-0.000000000000000000e+00 -0.000000000000000000e+00 8.431066415151561300e-01 5.377464002976070079e-01
-0.000000000000000000e+00 -0.000000000000000000e+00 8.426524446724640294e-01 5.384578511708411064e-01
-0.000000000000000000e+00 -0.000000000000000000e+00 8.414190681334594579e-01 5.403831527549880498e-01
-0.000000000000000000e+00 -0.000000000000000000e+00 8.394634590654572737e-01 5.434161397068156818e-01
-0.000000000000000000e+00 -0.000000000000000000e+00 8.369916791046457805e-01 5.472156148261722031e-01
-0.000000000000000000e+00 -0.000000000000000000e+00 8.335564972522460092e-01 5.524342186075787975e-01
-0.000000000000000000e+00 -0.000000000000000000e+00 8.296874381949437272e-01 5.582282283273677370e-01
-0.000000000000000000e+00 -0.000000000000000000e+00 8.256104317653485403e-01 5.642405647950479164e-01
-0.000000000000000000e+00 -0.000000000000000000e+00 8.215434038118067939e-01 5.701459774946330272e-01
-0.000000000000000000e+00 -0.000000000000000000e+00 8.175432823555602857e-01 5.758671561005161976e-01
-0.000000000000000000e+00 -0.000000000000000000e+00 8.141634382843994100e-01 5.806357685855434436e-01
-0.000000000000000000e+00 -0.000000000000000000e+00 8.116792766415587002e-01 5.841033743017035595e-01
-0.000000000000000000e+00 -0.000000000000000000e+00 8.102331614782956049e-01 5.861076897984586198e-01
-0.000000000000000000e+00 -0.000000000000000000e+00 8.100570425534772134e-01 5.863510789701968928e-01
-0.000000000000000000e+00 -0.000000000000000000e+00 8.108709983742055094e-01 5.852249345299799232e-01
-0.000000000000000000e+00 -0.000000000000000000e+00 8.125593538710793595e-01 5.828784576878904833e-01
-0.000000000000000000e+00 -0.000000000000000000e+00 8.152722553366400504e-01 5.790778442302108031e-01
-0.000000000000000000e+00 -0.000000000000000000e+00 8.198125511451108682e-01 5.726319769144445626e-01
-0.000000000000000000e+00 -0.000000000000000000e+00 8.255100807629940363e-01 5.643873727845749588e-01
-0.000000000000000000e+00 -0.000000000000000000e+00 8.318815235856964474e-01 5.549532689486028625e-01
-0.000000000000000000e+00 -0.000000000000000000e+00 8.386962243776164838e-01 5.445995255366375964e-01
-0.000000000000000000e+00 -0.000000000000000000e+00 8.458699915761607180e-01 5.333891237651418038e-01
-0.000000000000000000e+00 -0.000000000000000000e+00 8.527332254575583637e-01 5.223466724319673071e-01
-0.000000000000000000e+00 -0.000000000000000000e+00 8.588835245830863663e-01 5.121709589577828625e-01
-0.000000000000000000e+00 -0.000000000000000000e+00 8.643250653826723973e-01 5.029335754861067320e-01
0.000000000000000000e+00 0.000000000000000000e+00 8.689790651992862491e-01 4.948488498980013750e-01
0.000000000000000000e+00 0.000000000000000000e+00 8.734896725461093192e-01 4.868426768015419737e-01
0.000000000000000000e+00 0.000000000000000000e+00 8.788360351940577297e-01 4.771239076428563930e-01
0.000000000000000000e+00 0.000000000000000000e+00 8.851106107398515332e-01 4.653807116283688594e-01
0.000000000000000000e+00 0.000000000000000000e+00 8.923503184224208518e-01 4.513434492838065970e-01
0.000000000000000000e+00 0.000000000000000000e+00 9.002459165523739593e-01 4.353817746883488216e-01
0.000000000000000000e+00 0.000000000000000000e+00 9.083024299773609922e-01 4.183141112814881546e-01
0.000000000000000000e+00 0.000000000000000000e+00 9.161387714971735985e-01 4.008612619843048841e-01
0.000000000000000000e+00 0.000000000000000000e+00 9.239477321700930723e-01 3.825187423091083172e-01
0.000000000000000000e+00 0.000000000000000000e+00 9.312507838994403819e-01 3.643788927568086256e-01
0.000000000000000000e+00 0.000000000000000000e+00 9.378959270712586838e-01 3.469167479138825505e-01
0.000000000000000000e+00 0.000000000000000000e+00 9.437834954294599399e-01 3.305642354444149333e-01
0.000000000000000000e+00 0.000000000000000000e+00 9.489887741803695320e-01 3.153098578852864819e-01
0.000000000000000000e+00 0.000000000000000000e+00 9.537867544586258184e-01 3.004843207544794503e-01
0.000000000000000000e+00 0.000000000000000000e+00 9.583231992081830963e-01 2.856862717377106065e-01
0.000000000000000000e+00 0.000000000000000000e+00 9.625589287234184166e-01 2.710725156389431900e-01
0.000000000000000000e+00 0.000000000000000000e+00 9.667090251506076370e-01 2.558782145716234080e-01
0.000000000000000000e+00 0.000000000000000000e+00 9.709257838977194410e-01 2.393807054935694345e-01
0.000000000000000000e+00 0.000000000000000000e+00 9.750392771412734749e-01 2.220324481507667536e-01
0.000000000000000000e+00 0.000000000000000000e+00 9.791628466500200689e-01 2.030766351410945025e-01
0.000000000000000000e+00 0.000000000000000000e+00 9.831783970241485537e-01 1.826478568859371820e-01
0.000000000000000000e+00 0.000000000000000000e+00 9.869685999642554552e-01 1.609129661792283172e-01
0.000000000000000000e+00 0.000000000000000000e+00 9.903063510870928621e-01 1.389004355521159806e-01
0.000000000000000000e+00 0.000000000000000000e+00 9.932335187762761919e-01 1.161343066423379949e-01
0.000000000000000000e+00 0.000000000000000000e+00 9.956301777576438417e-01 9.338388050559090492e-02
0.000000000000000000e+00 0.000000000000000000e+00 9.972439087720134099e-01 7.419290004519460413e-02
0.000000000000000000e+00 0.000000000000000000e+00 9.980922337570791170e-01 6.174052894010712694e-02
0.000000000000000000e+00 0.000000000000000000e+00 9.984932856459302064e-01 5.487402409150270860e-02
0.000000000000000000e+00 0.000000000000000000e+00 9.986406026680796355e-01 5.212433887096002555e-02
0.000000000000000000e+00 0.000000000000000000e+00 9.986248962391385264e-01 5.242438947064340105e-02
0.000000000000000000e+00 0.000000000000000000e+00 9.985505213754372056e-01 5.382245127121703526e-02
0.000000000000000000e+00 0.000000000000000000e+00 9.985263751653185027e-01 5.426857377165454632e-02
0.000000000000000000e+00 0.000000000000000000e+00 9.985422068637144211e-01 5.397648665616213565e-02
0.000000000000000000e+00 0.000000000000000000e+00 9.986292548613996400e-01 5.234129664964199541e-02
0.000000000000000000e+00 0.000000000000000000e+00 9.988078091066804332e-01 4.881557607478295702e-02
0.000000000000000000e+00 0.000000000000000000e+00 9.990509096861917016e-01 4.355777605884799536e-02
0.000000000000000000e+00 0.000000000000000000e+00 9.993072649732404056e-01 3.721545608617298634e-02
0.000000000000000000e+00 0.000000000000000000e+00 9.995153463013382034e-01 3.112992945889666782e-02
0.000000000000000000e+00 0.000000000000000000e+00 9.996778763401732437e-01 2.537998337275431879e-02
0.000000000000000000e+00 0.000000000000000000e+00 9.998153878326102584e-01 1.921432416524340367e-02
0.000000000000000000e+00 0.000000000000000000e+00 9.999215703703642211e-01 1.252410108809336002e-02
0.000000000000000000e+00 0.000000000000000000e+00 9.999863958333393699e-01 5.216143043266537396e-03
0.000000000000000000e+00 0.000000000000000000e+00 9.999937432117358416e-01 -3.537447862631723419e-03
0.000000000000000000e+00 0.000000000000000000e+00 9.999066489366630339e-01 -1.366357977445476803e-02
0.000000000000000000e+00 0.000000000000000000e+00 9.996958701567993932e-01 -2.466104603296019951e-02
0.000000000000000000e+00 0.000000000000000000e+00 9.993441617782092834e-01 -3.621113530128720892e-02
0.000000000000000000e+00 0.000000000000000000e+00 9.988128699801771537e-01 -4.871191601612125111e-02
0.000000000000000000e+00 0.000000000000000000e+00 9.982027165207900676e-01 -5.992776260227988122e-02
0.000000000000000000e+00 0.000000000000000000e+00 9.975273078530375592e-01 -7.027994086132392793e-02
0.000000000000000000e+00 0.000000000000000000e+00 9.968293009358296652e-01 -7.956974799372695806e-02
0.000000000000000000e+00 0.000000000000000000e+00 9.961017699183447593e-01 -8.821147298135860459e-02
0.000000000000000000e+00 0.000000000000000000e+00 9.953843248471982985e-01 -9.596898378375814942e-02
0.000000000000000000e+00 0.000000000000000000e+00 9.946284973932866258e-01 -1.035091888344837757e-01
0.000000000000000000e+00 0.000000000000000000e+00 9.935755547866078619e-01 -1.131707423784278355e-01
0.000000000000000000e+00 0.000000000000000000e+00 9.920845984131286821e-01 -1.255712928637000014e-01
0.000000000000000000e+00 0.000000000000000000e+00 9.901850305933682650e-01 -1.397626745193808473e-01
0.000000000000000000e+00 0.000000000000000000e+00 9.880722230678443685e-01 -1.539911750775607713e-01
0.000000000000000000e+00 0.000000000000000000e+00 9.858192393455966762e-01 -1.678106889803780422e-01
0.000000000000000000e+00 0.000000000000000000e+00 9.836477860574074361e-01 -1.801028400230289539e-01
0.000000000000000000e+00 0.000000000000000000e+00 9.816230144299437077e-01 -1.908304418625880183e-01
0.000000000000000000e+00 0.000000000000000000e+00 9.797700569442714391e-01 -2.001265487520809683e-01
0.000000000000000000e+00 0.000000000000000000e+00 9.780872345817700486e-01 -2.081954887796215181e-01
0.000000000000000000e+00 0.000000000000000000e+00 9.763276776320534145e-01 -2.162967079952934635e-01
0.000000000000000000e+00 0.000000000000000000e+00 9.742657188774909161e-01 -2.254025488323631865e-01
0.000000000000000000e+00 0.000000000000000000e+00 9.718376617029864661e-01 -2.356513511433183938e-01
0.000000000000000000e+00 0.000000000000000000e+00 9.689850007120794917e-01 -2.471195427217588725e-01
0.000000000000000000e+00 0.000000000000000000e+00 9.653963072714137894e-01 -2.607872119309497250e-01
0.000000000000000000e+00 0.000000000000000000e+00 9.606039610497784098e-01 -2.779209060424850386e-01
0.000000000000000000e+00 0.000000000000000000e+00 9.538359195049221917e-01 -3.003282182249938925e-01
0.000000000000000000e+00 0.000000000000000000e+00 9.452233938295108162e-01 -3.264241654005130555e-01
0.000000000000000000e+00 0.000000000000000000e+00 9.353090183103968114e-01 -3.538319378846993546e-01
0.000000000000000000e+00 0.000000000000000000e+00 9.248704740803396218e-01 -3.802822717066993707e-01
0.000000000000000000e+00 0.000000000000000000e+00 9.151038500036202672e-01 -4.032182333532942642e-01
0.000000000000000000e+00 0.000000000000000000e+00 9.061543576571516878e-01 -4.229471362935973699e-01
0.000000000000000000e+00 0.000000000000000000e+00 8.980633149921377623e-01 -4.398662095061773303e-01
0.000000000000000000e+00 0.000000000000000000e+00 8.909505011262334184e-01 -4.541004344227315692e-01
0.000000000000000000e+00 0.000000000000000000e+00 8.844125102906056357e-01 -4.667060227182304732e-01
0.000000000000000000e+00 0.000000000000000000e+00 8.778767574653894012e-01 -4.788866240584025991e-01
0.000000000000000000e+00 0.000000000000000000e+00 8.711172818924527439e-01 -4.910750260279024837e-01
0.000000000000000000e+00 0.000000000000000000e+00 -8.637330991384331025e-01 5.039495346289324385e-01
0.000000000000000000e+00 0.000000000000000000e+00 -8.558842351262703207e-01 5.171674545660421840e-01
0.000000000000000000e+00 0.000000000000000000e+00 -8.483127807076791260e-01 5.294954448227153776e-01
0.000000000000000000e+00 0.000000000000000000e+00 -8.409349206999525705e-01 5.411362667086402345e-01
0.000000000000000000e+00 0.000000000000000000e+00 -8.336782484658084025e-01 5.522504667585006466e-01
0.000000000000000000e+00 0.000000000000000000e+00 -8.265627948571098171e-01 5.628445133054096328e-01
0.000000000000000000e+00 0.000000000000000000e+00 -8.199588937296693469e-01 5.724224074873526247e-01
0.000000000000000000e+00 0.000000000000000000e+00 -8.140092969470984485e-01 5.808518438325647182e-01
0.000000000000000000e+00 0.000000000000000000e+00 -8.089317337039828582e-01 5.879025856438024888e-01
0.000000000000000000e+00 0.000000000000000000e+00 -8.040659421076168378e-01 5.945401254268634084e-01
0.000000000000000000e+00 0.000000000000000000e+00 -7.994317877894240310e-01 6.007568698498630955e-01
0.000000000000000000e+00 0.000000000000000000e+00 -7.951323110279289175e-01 6.064359883445118449e-01
0.000000000000000000e+00 0.000000000000000000e+00 -7.912675544205800549e-01 6.114700788438255374e-01
0.000000000000000000e+00 0.000000000000000000e+00 -7.878217844076113030e-01 6.159032683894501981e-01
0.000000000000000000e+00 0.000000000000000000e+00 -7.850533630299720844e-01 6.194281372325046719e-01
0.000000000000000000e+00 0.000000000000000000e+00 -7.830692399065424247e-01 6.219345347479828812e-01
0.000000000000000000e+00 0.000000000000000000e+00 -7.817779970315675842e-01 6.235568645739619775e-01
0.000000000000000000e+00 0.000000000000000000e+00 -7.813356642487643278e-01 6.241110316065099362e-01
0.000000000000000000e+00 0.000000000000000000e+00 -7.815988139282751268e-01 6.237814473562947049e-01
0.000000000000000000e+00 0.000000000000000000e+00 -7.828424531179385415e-01 6.222199720326310191e-01
0.000000000000000000e+00 0.000000000000000000e+00 -7.845722025420822643e-01 6.200374658020804119e-01
0.000000000000000000e+00 0.000000000000000000e+00 -7.863328446902797531e-01 6.178030894721169286e-01
0.000000000000000000e+00 0.000000000000000000e+00 -7.880278096496624585e-01 6.156396439628911699e-01
0.000000000000000000e+00 0.000000000000000000e+00 -7.895500450832296790e-01 6.136861790109582326e-01
0.000000000000000000e+00 0.000000000000000000e+00 -7.910142755773588163e-01 6.117976919152492421e-01
0.000000000000000000e+00 0.000000000000000000e+00 -7.921280417488834047e-01 6.103549503977823143e-01
0.000000000000000000e+00 0.000000000000000000e+00 -7.928424480813612840e-01 6.094266588526907613e-01
0.000000000000000000e+00 0.000000000000000000e+00 -7.929942804941131351e-01 6.092290793319240505e-01
0.000000000000000000e+00 0.000000000000000000e+00 -7.925994454165020686e-01 6.097426663154329463e-01
0.000000000000000000e+00 0.000000000000000000e+00 -7.916883445746840664e-01 6.109251714118485443e-01
0.000000000000000000e+00 0.000000000000000000e+00 -7.896836963560386335e-01 6.135141886781949605e-01
0.000000000000000000e+00 0.000000000000000000e+00 -7.868162683172164051e-01 6.171872972699372628e-01
0.000000000000000000e+00 0.000000000000000000e+00 -7.833143820365647825e-01 6.216257546906133191e-01
0.000000000000000000e+00 0.000000000000000000e+00 -7.802483045069327217e-01 6.254698900139452622e-01
0.000000000000000000e+00 0.000000000000000000e+00 -7.782006171646962400e-01 6.280157636910763674e-01
0.000000000000000000e+00 0.000000000000000000e+00 -7.769092669711437082e-01 6.296125720586908114e-01
0.000000000000000000e+00 0.000000000000000000e+00 -7.764341233556114608e-01 6.301984227915864434e-01
0.000000000000000000e+00 0.000000000000000000e+00 -7.767866837905925692e-01 6.297638032513570572e-01
0.000000000000000000e+00 0.000000000000000000e+00 -7.776327510645832941e-01 6.287187801169358270e-01
0.000000000000000000e+00 0.000000000000000000e+00 -7.786163612153247371e-01 6.275002486436215277e-01
0.000000000000000000e+00 0.000000000000000000e+00 -7.791141607867047014e-01 6.268820658318666750e-01
0.000000000000000000e+00 0.000000000000000000e+00 -7.785662471153869113e-01 6.275624262594614589e-01
0.000000000000000000e+00 0.000000000000000000e+00 -7.767485182806485033e-01 6.298108758578382371e-01
0.000000000000000000e+00 0.000000000000000000e+00 -7.737387500841265142e-01 6.335048118351223057e-01
0.000000000000000000e+00 0.000000000000000000e+00 -7.700040110428201245e-01 6.380390450262182211e-01
0.000000000000000000e+00 0.000000000000000000e+00 -7.651396582171556826e-01 6.438643517258384463e-01
0.000000000000000000e+00 0.000000000000000000e+00 -7.606189188256262668e-01 6.491986293304502498e-01
0.000000000000000000e+00 0.000000000000000000e+00 -7.573231858688698193e-01 6.530402683950088383e-01
0.000000000000000000e+00 0.000000000000000000e+00 -7.561190843114973248e-01 6.544340534690586964e-01
0.000000000000000000e+00 0.000000000000000000e+00 -7.586254620392751669e-01 6.515269820549999258e-01
0.000000000000000000e+00 0.000000000000000000e+00 -7.657463977269379773e-01 6.431426392086113664e-01
0.000000000000000000e+00 0.000000000000000000e+00 -7.765181249592688628e-01 6.300949147626421221e-01
0.000000000000000000e+00 0.000000000000000000e+00 -7.906764161714383565e-01 6.122342728974671244e-01
0.000000000000000000e+00 0.000000000000000000e+00 -8.063601902539565547e-01 5.914247573221830256e-01
0.000000000000000000e+00 0.000000000000000000e+00 -8.216440513626651621e-01 5.700009235609585501e-01
0.000000000000000000e+00 0.000000000000000000e+00 -8.349237826006971064e-01 5.503655850866256971e-01
0.000000000000000000e+00 0.000000000000000000e+00 -8.453911447402623347e-01 5.341477439760919932e-01
0.000000000000000000e+00 0.000000000000000000e+00 -8.534014336567927739e-01 5.212542498939752855e-01
0.000000000000000000e+00 0.000000000000000000e+00 -8.594814299348848552e-01 5.111669703698444867e-01
0.000000000000000000e+00 0.000000000000000000e+00 -8.647790428092591020e-01 5.021525735450348416e-01
0.000000000000000000e+00 0.000000000000000000e+00 8.700666389290978575e-01 -4.929341171217741513e-01
0.000000000000000000e+00 0.000000000000000000e+00 8.756648567352506296e-01 -4.829193086622577402e-01
0.000000000000000000e+00 0.000000000000000000e+00 8.816312631562833735e-01 -4.719388899269229554e-01
0.000000000000000000e+00 0.000000000000000000e+00 8.878632818652512082e-01 -4.601073708553966024e-01
0.000000000000000000e+00 0.000000000000000000e+00 8.941783363955655428e-01 -4.477109589019001024e-01
0.000000000000000000e+00 0.000000000000000000e+00 9.004228415666957197e-01 -4.350157541801872862e-01
0.000000000000000000e+00 0.000000000000000000e+00 9.066209834651118848e-01 -4.219459590288232032e-01
0.000000000000000000e+00 0.000000000000000000e+00 9.129084669789877537e-01 -4.081643430262795746e-01
0.000000000000000000e+00 0.000000000000000000e+00 9.193558319368005938e-01 -3.934270634867324534e-01
0.000000000000000000e+00 0.000000000000000000e+00 9.255797301611178307e-01 -3.785527217110877252e-01
0.000000000000000000e+00 0.000000000000000000e+00 9.312798428704806009e-01 -3.643046174057268938e-01
0.000000000000000000e+00 0.000000000000000000e+00 9.360706915186834953e-01 -3.518119675049922179e-01
0.000000000000000000e+00 0.000000000000000000e+00 9.397959786609383359e-01 -3.417360362805319518e-01
0.000000000000000000e+00 0.000000000000000000e+00 9.427644590129788948e-01 -3.334594050584946401e-01
0.000000000000000000e+00 0.000000000000000000e+00 9.449393072619222123e-01 -3.272456349462259939e-01
0.000000000000000000e+00 0.000000000000000000e+00 9.464922800938835312e-01 -3.227264533977368677e-01
0.000000000000000000e+00 0.000000000000000000e+00 9.474911732729798253e-01 -3.197819203297648794e-01
0.000000000000000000e+00 0.000000000000000000e+00 9.475973430698640954e-01 -3.194671742244175050e-01
0.000000000000000000e+00 0.000000000000000000e+00 9.470319257564323578e-01 -3.211394270376392579e-01
0.000000000000000000e+00 0.000000000000000000e+00 9.464578605638837017e-01 -3.228273813926509916e-01
0.000000000000000000e+00 0.000000000000000000e+00 9.460838914163152147e-01 -3.239217041239471073e-01
0.000000000000000000e+00 0.000000000000000000e+00 9.459312844864181669e-01 -3.243670837644828664e-01
0.000000000000000000e+00 0.000000000000000000e+00 9.460941795387124431e-01 -3.238916538643292764e-01
0.000000000000000000e+00 0.000000000000000000e+00 9.463462078444215830e-01 -3.231545371776214925e-01
0.000000000000000000e+00 0.000000000000000000e+00 9.469362813838142490e-01 -3.214213418536386313e-01
0.000000000000000000e+00 0.000000000000000000e+00 9.478279367212210094e-01 -3.187823746238065969e-01
0.000000000000000000e+00 0.000000000000000000e+00 9.488583057972802548e-01 -3.157022577041777578e-01
0.000000000000000000e+00 0.000000000000000000e+00 9.498687683115079050e-01 -3.126488813131736433e-01
0.000000000000000000e+00 0.000000000000000000e+00 9.512158647091962793e-01 -3.085261394526173651e-01
0.000000000000000000e+00 0.000000000000000000e+00 9.528660628534778576e-01 -3.033912758503646279e-01
0.000000000000000000e+00 0.000000000000000000e+00 9.547716963761073705e-01 -2.973398859875517330e-01
0.000000000000000000e+00 0.000000000000000000e+00 9.568658384366913738e-01 -2.905301485781600634e-01
0.000000000000000000e+00 0.000000000000000000e+00 9.590289666551354841e-01 -2.833080322129660211e-01
0.000000000000000000e+00 0.000000000000000000e+00 9.611914291085988937e-01 -2.758822875941280839e-01
0.000000000000000000e+00 0.000000000000000000e+00 9.633598499375546353e-01 -2.682122285211697155e-01
0.000000000000000000e+00 0.000000000000000000e+00 9.655379059831383781e-01 -2.602624677315120150e-01
0.000000000000000000e+00 0.000000000000000000e+00 9.676872428994274244e-01 -2.521535245236610212e-01
0.000000000000000000e+00 0.000000000000000000e+00 9.699158755205846694e-01 -2.434403302929439017e-01
0.000000000000000000e+00 0.000000000000000000e+00 9.723042962878948314e-01 -2.337185388883422088e-01
0.000000000000000000e+00 0.000000000000000000e+00 9.746453757469122348e-01 -2.237552044873151735e-01
0.000000000000000000e+00 0.000000000000000000e+00 9.769886911923343353e-01 -2.132911092434222333e-01
0.000000000000000000e+00 0.000000000000000000e+00 9.796791425655696495e-01 -2.005711285853230552e-01
0.000000000000000000e+00 0.000000000000000000e+00 9.826692286153714262e-01 -1.853677079010009054e-01
0.000000000000000000e+00 0.000000000000000000e+00 9.857873070669238569e-01 -1.679981703047456476e-01
0.000000000000000000e+00 0.000000000000000000e+00 9.888660483006810331e-01 -1.488083953216189637e-01
0.000000000000000000e+00 0.000000000000000000e+00 9.917961827641785799e-01 -1.278293074940326790e-01
0.000000000000000000e+00 0.000000000000000000e+00 9.943987777326904753e-01 -1.056932866540310906e-01
0.000000000000000000e+00 0.000000000000000000e+00 9.965871237805562499e-01 -8.254759060565168560e-02
0.000000000000000000e+00 0.000000000000000000e+00 9.982737833174897268e-01 -5.873204867008790381e-02
0.000000000000000000e+00 0.000000000000000000e+00 9.993840587352340599e-01 -3.509277911323334387e-02
0.000000000000000000e+00 0.000000000000000000e+00 9.999250219904978199e-01 -1.224542352482411826e-02
0.000000000000000000e+00 0.000000000000000000e+00 9.999587306117554419e-01 9.084991652538789222e-03
0.000000000000000000e+00 0.000000000000000000e+00 9.995744746270659453e-01 2.916967044765918574e-02
0.000000000000000000e+00 0.000000000000000000e+00 9.988229799112661178e-01 4.850417302849700796e-02
0.000000000000000000e+00 0.000000000000000000e+00 9.977325513048611594e-01 6.730346251637137067e-02
0.000000000000000000e+00 0.000000000000000000e+00 9.962950503471491581e-01 8.600100379513875293e-02
0.000000000000000000e+00 0.000000000000000000e+00 9.944960183943108989e-01 1.047743737650692480e-01
0.000000000000000000e+00 0.000000000000000000e+00 9.924064530762740644e-01 1.230017556483201796e-01
0.000000000000000000e+00 0.000000000000000000e+00 9.899832111382378397e-01 1.411851325898839105e-01
0.000000000000000000e+00 0.000000000000000000e+00 9.872217343262627010e-01 1.593525879107267340e-01
0.000000000000000000e+00 0.000000000000000000e+00 9.839760723818492538e-01 1.783005579912460004e-01
0.000000000000000000e+00 0.000000000000000000e+00 9.802052337818858430e-01 1.979840894279098762e-01
0.000000000000000000e+00 0.000000000000000000e+00 9.759242977335933489e-01 2.181095254526787264e-01
0.000000000000000000e+00 0.000000000000000000e+00 9.710510780028462907e-01 2.388719403980092970e-01
0.000000000000000000e+00 0.000000000000000000e+00 9.655203791625731613e-01 2.603274811113130416e-01
0.000000000000000000e+00 0.000000000000000000e+00 9.593933439149177067e-01 2.820716427643028545e-01
0.000000000000000000e+00 0.000000000000000000e+00 9.528725665583547277e-01 3.033708487981233159e-01
0.000000000000000000e+00 0.000000000000000000e+00 9.460340299227236738e-01 3.240672989182513120e-01
0.000000000000000000e+00 0.000000000000000000e+00 9.389038331174399676e-01 3.441795928833932261e-01
0.000000000000000000e+00 0.000000000000000000e+00 9.316155569991289020e-01 3.634452557912991044e-01
0.000000000000000000e+00 0.000000000000000000e+00 9.241762276014136024e-01 3.819663602156871951e-01
0.000000000000000000e+00 0.000000000000000000e+00 9.169791157020962258e-01 3.989352094841988050e-01
0.000000000000000000e+00 0.000000000000000000e+00 9.101591426007089591e-01 4.142587779882790366e-01
0.000000000000000000e+00 0.000000000000000000e+00 9.042964678238361032e-01 4.269050225534173348e-01
0.000000000000000000e+00 0.000000000000000000e+00 8.995179110244806431e-01 4.368838835962646217e-01
0.000000000000000000e+00 0.000000000000000000e+00 8.955507101718434004e-01 4.449594650198003820e-01
0.000000000000000000e+00 0.000000000000000000e+00 8.921592084008975743e-01 4.517210941117137946e-01
0.000000000000000000e+00 0.000000000000000000e+00 8.893297220801126279e-01 4.572664927861099238e-01
0.000000000000000000e+00 0.000000000000000000e+00 8.867707680028056316e-01 4.622094817457927940e-01
0.000000000000000000e+00 0.000000000000000000e+00 8.841819160126264121e-01 4.671427398517939977e-01
0.000000000000000000e+00 0.000000000000000000e+00 8.820911756380552804e-01 4.710787172665238942e-01
0.000000000000000000e+00 0.000000000000000000e+00 8.805644417986869810e-01 4.739264329405639686e-01
0.000000000000000000e+00 0.000000000000000000e+00 8.794746918199553010e-01 4.759456549315211338e-01
0.000000000000000000e+00 0.000000000000000000e+00 8.788612490396552346e-01 4.770774621971333174e-01
0.000000000000000000e+00 0.000000000000000000e+00 8.785005796366940345e-01 4.777412810067731552e-01
0.000000000000000000e+00 0.000000000000000000e+00 8.783129184852059845e-01 4.780862027103480183e-01
0.000000000000000000e+00 0.000000000000000000e+00 8.783801693765539431e-01 4.779626324787497604e-01
0.000000000000000000e+00 0.000000000000000000e+00 8.786439247533515129e-01 4.774775947560543354e-01
0.000000000000000000e+00 0.000000000000000000e+00 8.789533818196776371e-01 4.769076981846193664e-01
0.000000000000000000e+00 0.000000000000000000e+00 8.792112396542115516e-01 4.764321526363481385e-01
0.000000000000000000e+00 0.000000000000000000e+00 8.792918502748625631e-01 4.762833631780650778e-01
0.000000000000000000e+00 0.000000000000000000e+00 8.791356164876046320e-01 4.765716817258023319e-01
0.000000000000000000e+00 0.000000000000000000e+00 8.790018231311915731e-01 4.768184087596046283e-01
0.000000000000000000e+00 0.000000000000000000e+00 8.787036267196501882e-01 4.773677161159241011e-01
0.000000000000000000e+00 0.000000000000000000e+00 8.782939284921323919e-01 4.781210884011048434e-01
0.000000000000000000e+00 0.000000000000000000e+00 8.777202299860658030e-01 4.791734528051483921e-01
0.000000000000000000e+00 0.000000000000000000e+00 8.769859084518085712e-01 4.805160937751783989e-01
0.000000000000000000e+00 0.000000000000000000e+00 8.759360383941522388e-01 4.824272552855592422e-01
0.000000000000000000e+00 0.000000000000000000e+00 8.746314545706124211e-01 4.847884267138549141e-01
0.000000000000000000e+00 0.000000000000000000e+00 8.730222659273081387e-01 4.876803494043496778e-01
0.000000000000000000e+00 0.000000000000000000e+00 8.709199713653058561e-01 4.914248706334008454e-01
0.000000000000000000e+00 0.000000000000000000e+00 8.680156670966940879e-01 4.965368079756839470e-01
-0.000000000000000000e+00 -0.000000000000000000e+00 8.642913813655096478e-01 5.029914592687422248e-01
-0.000000000000000000e+00 -0.000000000000000000e+00 8.598663904181126361e-01 5.105191383575408137e-01
-0.000000000000000000e+00 -0.000000000000000000e+00 8.547068786563497556e-01 5.191109241554449083e-01
-0.000000000000000000e+00 -0.000000000000000000e+00 8.489243932122170211e-01 5.285143088027697278e-01
-0.000000000000000000e+00 -0.000000000000000000e+00 8.424483123104977711e-01 5.387771720156614430e-01
-0.000000000000000000e+00 -0.000000000000000000e+00 8.353362229273925132e-01 5.497393879515980464e-01
-0.000000000000000000e+00 -0.000000000000000000e+00 8.274297444064359075e-01 5.615692460164642963e-01
-0.000000000000000000e+00 -0.000000000000000000e+00 8.193321504139534639e-01 5.733191321576899258e-01
-0.000000000000000000e+00 -0.000000000000000000e+00 8.118187611090730282e-01 5.839094956509355283e-01
-0.000000000000000000e+00 -0.000000000000000000e+00 8.046859470506331213e-01 5.937007045803682770e-01
-0.000000000000000000e+00 -0.000000000000000000e+00 7.975774798168029367e-01 6.032165147681860518e-01
-0.000000000000000000e+00 -0.000000000000000000e+00 7.904054334394924330e-01 6.125840765065055926e-01
-0.000000000000000000e+00 -0.000000000000000000e+00 7.836594108791387070e-01 6.211907337851725330e-01
-0.000000000000000000e+00 -0.000000000000000000e+00 7.780773304275662161e-01 6.281685027719170478e-01
-0.000000000000000000e+00 -0.000000000000000000e+00 7.740669576687287945e-01 6.331037395604911522e-01
-0.000000000000000000e+00 -0.000000000000000000e+00 7.718810393190008723e-01 6.357669865129983444e-01
-0.000000000000000000e+00 -0.000000000000000000e+00 7.703610197797533532e-01 6.376079510199809119e-01
-0.000000000000000000e+00 -0.000000000000000000e+00 7.686882015961572501e-01 6.396236774282715309e-01
-0.000000000000000000e+00 -0.000000000000000000e+00 7.666803067673194638e-01 6.420290548060647584e-01
-0.000000000000000000e+00 -0.000000000000000000e+00 7.642255846464359736e-01 6.449490334683920523e-01
-0.000000000000000000e+00 -0.000000000000000000e+00 7.614569201438141643e-01 6.482155187629319304e-01
-0.000000000000000000e+00 -0.000000000000000000e+00 7.582252351238965016e-01 6.519927091780335360e-01
-0.000000000000000000e+00 -0.000000000000000000e+00 7.545163739895709432e-01 6.562812212623715391e-01
0.000000000000000000e+00 0.000000000000000000e+00 7.071067811865474617e-01 7.071067811865475727e-01
0.000000000000000000e+00 0.000000000000000000e+00 7.071067811865474617e-01 7.071067811865475727e-01
0.000000000000000000e+00 0.000000000000000000e+00 7.071067811865474617e-01 7.071067811865475727e-01
0.000000000000000000e+00 0.000000000000000000e+00 7.071067811865474617e-01 7.071067811865475727e-01
0.000000000000000000e+00 0.000000000000000000e+00 7.071067811865474617e-01 7.071067811865475727e-01
0.000000000000000000e+00 0.000000000000000000e+00 7.071067811865474617e-01 7.071067811865475727e-01
0.000000000000000000e+00 0.000000000000000000e+00 7.071067811865474617e-01 7.071067811865475727e-01
0.000000000000000000e+00 0.000000000000000000e+00 7.071067811865474617e-01 7.071067811865475727e-01
-0.000000000000000000e+00 -0.000000000000000000e+00 7.600265512049358962e-01 6.498920229265250370e-01
-0.000000000000000000e+00 -0.000000000000000000e+00 7.729062000865800641e-01 6.345202958674557303e-01
-0.000000000000000000e+00 -0.000000000000000000e+00 7.881373431302526322e-01 6.154994137800510190e-01
-0.000000000000000000e+00 -0.000000000000000000e+00 8.028946798243529193e-01 5.961209047749876921e-01
-0.000000000000000000e+00 -0.000000000000000000e+00 8.158381340653386715e-01 5.782803290833835597e-01
-0.000000000000000000e+00 -0.000000000000000000e+00 8.267998594574794691e-01 5.624962154549061344e-01
-0.000000000000000000e+00 -0.000000000000000000e+00 8.360613960758914720e-01 5.486358920009073437e-01
-0.000000000000000000e+00 -0.000000000000000000e+00 8.441909304433764527e-01 5.360426036773070502e-01
-0.000000000000000000e+00 -0.000000000000000000e+00 8.514351211781370221e-01 5.244599454909507630e-01
-0.000000000000000000e+00 -0.000000000000000000e+00 8.583602463906055968e-01 5.130474514275059628e-01
-0.000000000000000000e+00 -0.000000000000000000e+00 8.648097920442532338e-01 5.020996152003859292e-01
0.000000000000000000e+00 0.000000000000000000e+00 8.711016997564612341e-01 4.911026661314353281e-01
0.000000000000000000e+00 0.000000000000000000e+00 8.774703457255730310e-01 4.796308918035235291e-01
0.000000000000000000e+00 0.000000000000000000e+00 8.836065818132596839e-01 4.682300808110122503e-01
0.000000000000000000e+00 0.000000000000000000e+00 8.893573019226027609e-01 4.572128492474249462e-01
0.000000000000000000e+00 0.000000000000000000e+00 8.948887050251564945e-01 4.462893743059523355e-01
0.000000000000000000e+00 0.000000000000000000e+00 9.005225187282778210e-01 4.348093757766482437e-01
0.000000000000000000e+00 0.000000000000000000e+00 9.062554010016147243e-01 4.227305857817748036e-01
0.000000000000000000e+00 0.000000000000000000e+00 9.119843351375994667e-01 4.102250266178682492e-01
0.000000000000000000e+00 0.000000000000000000e+00 9.178669162270384208e-01 3.968883017876273511e-01
0.000000000000000000e+00 0.000000000000000000e+00 9.242437870376432052e-01 3.818028576665130069e-01
0.000000000000000000e+00 0.000000000000000000e+00 9.311970337881202431e-01 3.645162331971052438e-01
0.000000000000000000e+00 0.000000000000000000e+00 9.384081239202265445e-01 3.455288598084403362e-01
0.000000000000000000e+00 0.000000000000000000e+00 9.456410151222200966e-01 3.252123468114595517e-01
0.000000000000000000e+00 0.000000000000000000e+00 9.530649452050969916e-01 3.027659330591957465e-01
0.000000000000000000e+00 0.000000000000000000e+00 9.607207934223142010e-01 2.775167690176561508e-01
0.000000000000000000e+00 0.000000000000000000e+00 9.679696407764684096e-01 2.510672709356494003e-01
0.000000000000000000e+00 0.000000000000000000e+00 9.742297090683333938e-01 2.255581387771908586e-01
0.000000000000000000e+00 0.000000000000000000e+00 9.790419140471399162e-01 2.036588582382626855e-01
0.000000000000000000e+00 0.000000000000000000e+00 9.821244063387732925e-01 1.882329686152562354e-01
0.000000000000000000e+00 0.000000000000000000e+00 9.839308811127800425e-01 1.785497723118913138e-01
0.000000000000000000e+00 0.000000000000000000e+00 9.850624104151567417e-01 1.721976991341092056e-01
0.000000000000000000e+00 0.000000000000000000e+00 9.857594881613470639e-01 1.681613258150611578e-01
0.000000000000000000e+00 0.000000000000000000e+00 9.861254946528387189e-01 1.660015325100771821e-01
0.000000000000000000e+00 0.000000000000000000e+00 9.865807818294803910e-01 1.632738831679189095e-01
0.000000000000000000e+00 0.000000000000000000e+00 9.873988021001950388e-01 1.582517159815332308e-01
0.000000000000000000e+00 0.000000000000000000e+00 9.884796325163056618e-01 1.513539431281170633e-01
0.000000000000000000e+00 0.000000000000000000e+00 9.897155741571087573e-01 1.430492302351343836e-01
0.000000000000000000e+00 0.000000000000000000e+00 9.910101448826729165e-01 1.337867435122911952e-01
0.000000000000000000e+00 0.000000000000000000e+00 9.923708777136727166e-01 1.232884466030573223e-01
0.000000000000000000e+00 0.000000000000000000e+00 9.937306223323385534e-01 1.118009402419455067e-01
0.000000000000000000e+00 0.000000000000000000e+00 9.949984066679976591e-01 9.989079401099007494e-02
0.000000000000000000e+00 0.000000000000000000e+00 9.961443630431239260e-01 8.772917403811016090e-02
0.000000000000000000e+00 0.000000000000000000e+00 9.970826507432065666e-01 7.632946735632842317e-02
0.000000000000000000e+00 0.000000000000000000e+00 9.978707526121147753e-01 6.522239708360637322e-02
0.000000000000000000e+00 0.000000000000000000e+00 9.985668527585604970e-01 5.351860024200416621e-02
0.000000000000000000e+00 0.000000000000000000e+00 9.991845346314942589e-01 4.037654954604595614e-02
0.000000000000000000e+00 0.000000000000000000e+00 9.996880428908616611e-01 2.497632681237800523e-02
0.000000000000000000e+00 0.000000000000000000e+00 9.999730981250150030e-01 7.335054618690765860e-03
0.000000000000000000e+00 0.000000000000000000e+00 9.999278062470996487e-01 -1.201591835286615513e-02
0.000000000000000000e+00 0.000000000000000000e+00 9.994544421035139736e-01 -3.302753638335292202e-02
0.000000000000000000e+00 0.000000000000000000e+00 9.984866325582986146e-01 -5.499495069903344302e-02
0.000000000000000000e+00 0.000000000000000000e+00 9.970054701957006271e-01 -7.733105714943988573e-02
0.000000000000000000e+00 0.000000000000000000e+00 9.950946450323381320e-01 -9.892748570526276042e-02
0.000000000000000000e+00 0.000000000000000000e+00 9.928997173809208654e-01 -1.189544081776182510e-01
0.000000000000000000e+00 0.000000000000000000e+00 9.906260698024837996e-01 -1.366015732987160836e-01
0.000000000000000000e+00 0.000000000000000000e+00 9.884689674918163416e-01 -1.514235790940846316e-01
0.000000000000000000e+00 0.000000000000000000e+00 9.865550642271831983e-01 -1.634292056142302163e-01
0.000000000000000000e+00 0.000000000000000000e+00 9.845409519530987641e-01 -1.751545429821505240e-01
0.000000000000000000e+00 0.000000000000000000e+00 9.823552433239225445e-01 -1.870245329201410678e-01
0.000000000000000000e+00 0.000000000000000000e+00 9.798097908662400934e-01 -1.999319227203470717e-01
0.000000000000000000e+00 0.000000000000000000e+00 9.768946362971676622e-01 -2.137214766321449966e-01
0.000000000000000000e+00 0.000000000000000000e+00 9.735808389146538566e-01 -2.283426155982251904e-01
0.000000000000000000e+00 0.000000000000000000e+00 9.698164635070197770e-01 -2.438360660581970207e-01
0.000000000000000000e+00 0.000000000000000000e+00 9.654988066658101165e-01 -2.604074774788479041e-01
0.000000000000000000e+00 0.000000000000000000e+00 9.605807361268033917e-01 -2.780011679509431510e-01
0.000000000000000000e+00 0.000000000000000000e+00 9.550254566471590989e-01 -2.965238222401113677e-01
0.000000000000000000e+00 0.000000000000000000e+00 9.486587189845033796e-01 -3.163014936649541919e-01
0.000000000000000000e+00 0.000000000000000000e+00 9.414855273716079553e-01 -3.370534108265412221e-01
0.000000000000000000e+00 0.000000000000000000e+00 9.339502732120057438e-01 -3.574029758790767675e-01
0.000000000000000000e+00 0.000000000000000000e+00 9.264573469991668198e-01 -3.763997664601631543e-01
0.000000000000000000e+00 0.000000000000000000e+00 9.192467976114898631e-01 -3.936817560937012628e-01
0.000000000000000000e+00 0.000000000000000000e+00 9.126489224000244871e-01 -4.087443509604433145e-01
0.000000000000000000e+00 0.000000000000000000e+00 9.067676616659706701e-01 -4.216306532462124612e-01
0.000000000000000000e+00 0.000000000000000000e+00 9.017904842724377978e-01 -4.321734865487263932e-01
0.000000000000000000e+00 0.000000000000000000e+00 8.975243298985413620e-01 -4.409649387878523119e-01
0.000000000000000000e+00 0.000000000000000000e+00 8.939672688197972672e-01 -4.481322598060445972e-01
0.000000000000000000e+00 0.000000000000000000e+00 8.912473993153285923e-01 -4.535174453245025550e-01
0.000000000000000000e+00 0.000000000000000000e+00 8.885684654347169031e-01 -4.587440269202340826e-01
0.000000000000000000e+00 0.000000000000000000e+00 8.858040387864458687e-01 -4.640594841931589554e-01
0.000000000000000000e+00 0.000000000000000000e+00 8.829685816925370023e-01 -4.694320864021435114e-01
0.000000000000000000e+00 0.000000000000000000e+00 8.801058923967960412e-01 -4.747774406692457094e-01
0.000000000000000000e+00 0.000000000000000000e+00 8.773589465947492227e-01 -4.798346369637689901e-01
0.000000000000000000e+00 0.000000000000000000e+00 8.747366302721190090e-01 -4.845986253180855075e-01
0.000000000000000000e+00 0.000000000000000000e+00 8.722081496318325744e-01 -4.891348931693737523e-01
0.000000000000000000e+00 0.000000000000000000e+00 8.695793703611670589e-01 -4.937931942040882372e-01
0.000000000000000000e+00 0.000000000000000000e+00 8.669919529082562581e-01 -4.983221383726875731e-01
0.000000000000000000e+00 0.000000000000000000e+00 -8.646923111100142112e-01 5.023019083252844297e-01
0.000000000000000000e+00 0.000000000000000000e+00 -8.628296035280382803e-01 5.054948815523736538e-01
0.000000000000000000e+00 0.000000000000000000e+00 -8.610069222099633324e-01 5.085932361981685412e-01
0.000000000000000000e+00 0.000000000000000000e+00 -8.589885922628737180e-01 5.119947249359569907e-01
0.000000000000000000e+00 0.000000000000000000e+00 -8.569742569484521955e-01 5.153592173694463430e-01
0.000000000000000000e+00 0.000000000000000000e+00 -8.550502237176708098e-01 5.185451908178895231e-01
0.000000000000000000e+00 0.000000000000000000e+00 -8.532814978609055689e-01 5.214505589298465971e-01
0.000000000000000000e+00 0.000000000000000000e+00 -8.517836600907784383e-01 5.238936880726443590e-01
0.000000000000000000e+00 0.000000000000000000e+00 -8.505485238259338221e-01 5.258965759705277465e-01
0.000000000000000000e+00 0.000000000000000000e+00 -8.495608703865695777e-01 5.274905947104785442e-01
0.000000000000000000e+00 0.000000000000000000e+00 -8.488664697195813513e-01 5.286073368633990022e-01
0.000000000000000000e+00 0.000000000000000000e+00 -8.485665702357051421e-01 5.290886276215089890e-01
0.000000000000000000e+00 0.000000000000000000e+00 -8.485740904850053168e-01 5.290765662525095392e-01
0.000000000000000000e+00 0.000000000000000000e+00 -8.482836086407522513e-01 5.295421789729529705e-01
0.000000000000000000e+00 0.000000000000000000e+00 -8.477288079377613972e-01 5.304298899877555318e-01
0.000000000000000000e+00 0.000000000000000000e+00 -8.470146531516804522e-01 5.315695414020055187e-01
0.000000000000000000e+00 0.000000000000000000e+00 -8.461916279807474295e-01 5.328787185986060271e-01
0.000000000000000000e+00 0.000000000000000000e+00 -8.453567758005555710e-01 5.342021355330669463e-01
0.000000000000000000e+00 0.000000000000000000e+00 -8.444917862946496045e-01 5.355685043772379084e-01
0.000000000000000000e+00 0.000000000000000000e+00 -8.435277749503636846e-01 5.370855545323189872e-01
0.000000000000000000e+00 0.000000000000000000e+00 -8.424878183989307212e-01 5.387153941084386055e-01
0.000000000000000000e+00 0.000000000000000000e+00 -8.413525362757742210e-01 5.404867340669169407e-01
0.000000000000000000e+00 0.000000000000000000e+00 -8.402228797725899145e-01 5.422411938488773675e-01
0.000000000000000000e+00 0.000000000000000000e+00 -8.391240856888582123e-01 5.439400415641761910e-01
0.000000000000000000e+00 0.000000000000000000e+00 -8.377918726400708227e-01 5.459897234731099225e-01
0.000000000000000000e+00 0.000000000000000000e+00 -8.364695361515350758e-01 5.480134260129363444e-01
0.000000000000000000e+00 0.000000000000000000e+00 -8.352219826410111070e-01 5.499129383031630125e-01
0.000000000000000000e+00 0.000000000000000000e+00 -8.338570003664858010e-01 5.519805276817352224e-01
0.000000000000000000e+00 0.000000000000000000e+00 -8.322083657706491611e-01 5.544630158462737768e-01
0.000000000000000000e+00 0.000000000000000000e+00 -8.303853661332786240e-01 5.571895043086334542e-01
0.000000000000000000e+00 0.000000000000000000e+00 -8.284409414750228962e-01 5.600764291487168034e-01
0.000000000000000000e+00 0.000000000000000000e+00 -8.264606590475691572e-01 5.629944751475433051e-01
0.000000000000000000e+00 0.000000000000000000e+00 -8.245210517349302881e-01 5.658312780731765690e-01
0.000000000000000000e+00 0.000000000000000000e+00 -8.226771654552769153e-01 5.685088226566681335e-01
0.000000000000000000e+00 0.000000000000000000e+00 -8.209721740702338177e-01 5.709682034950752660e-01
0.000000000000000000e+00 0.000000000000000000e+00 -8.194232094007182221e-01 5.731889774720260178e-01
0.000000000000000000e+00 0.000000000000000000e+00 -8.180371579026839424e-01 5.751653747319107612e-01
0.000000000000000000e+00 0.000000000000000000e+00 -8.168700775246617862e-01 5.768217024738693244e-01
0.000000000000000000e+00 0.000000000000000000e+00 -8.159610990089999349e-01 5.781068109822137258e-01
0.000000000000000000e+00 0.000000000000000000e+00 -8.151369779865466070e-01 5.792682514336170430e-01
0.000000000000000000e+00 0.000000000000000000e+00 -8.143623250622985532e-01 5.803567898449428775e-01
0.000000000000000000e+00 0.000000000000000000e+00 -8.136046463347903490e-01 5.814185062951133798e-01
0.000000000000000000e+00 0.000000000000000000e+00 -8.127439326055800883e-01 5.826210603924446563e-01
0.000000000000000000e+00 0.000000000000000000e+00 -8.116962020507524356e-01 5.840798537669178447e-01
0.000000000000000000e+00 0.000000000000000000e+00 -8.103886227235634898e-01 5.858927206922831532e-01
0.000000000000000000e+00 0.000000000000000000e+00 -8.087259809431647239e-01 5.881855895442491544e-01
0.000000000000000000e+00 0.000000000000000000e+00 -8.067197502097698258e-01 5.909342134463755336e-01
0.000000000000000000e+00 0.000000000000000000e+00 -8.043813926086923471e-01 5.941132680094770580e-01
0.000000000000000000e+00 0.000000000000000000e+00 -8.016480053349211987e-01 5.977963495560525420e-01
0.000000000000000000e+00 0.000000000000000000e+00 -7.985907482451358730e-01 6.018744194740909270e-01
0.000000000000000000e+00 0.000000000000000000e+00 -7.953610365944143723e-01 6.061359760544318132e-01
0.000000000000000000e+00 0.000000000000000000e+00 -7.919726090705603294e-01 6.105566202097636452e-01
0.000000000000000000e+00 0.000000000000000000e+00 -7.883903338783360137e-01 6.151753257789245311e-01
0.000000000000000000e+00 0.000000000000000000e+00 -7.847831906188440509e-01 6.197703959710459953e-01
0.000000000000000000e+00 0.000000000000000000e+00 -7.813225462102644236e-01 6.241274539575304425e-01
0.000000000000000000e+00 0.000000000000000000e+00 -7.782788290408295673e-01 6.279188357318444824e-01
0.000000000000000000e+00 0.000000000000000000e+00 -7.757713180588939883e-01 6.310141536266571372e-01
0.000000000000000000e+00 0.000000000000000000e+00 -7.739829619072317035e-01 6.332064234333925068e-01
0.000000000000000000e+00 0.000000000000000000e+00 -7.728479747967845759e-01 6.345912131857078808e-01
0.000000000000000000e+00 0.000000000000000000e+00 -7.718869248640528591e-01 6.357598408392244327e-01
0.000000000000000000e+00 0.000000000000000000e+00 -7.707209555711207472e-01 6.371728247842486370e-01
0.000000000000000000e+00 0.000000000000000000e+00 -7.691414783750819550e-01 6.390785446586306762e-01
0.000000000000000000e+00 0.000000000000000000e+00 -7.672847131102347173e-01 6.413066107778281344e-01
0.000000000000000000e+00 0.000000000000000000e+00 -7.653168453714741526e-01 6.436537315907173706e-01
0.000000000000000000e+00 0.000000000000000000e+00 -7.630073496703951852e-01 6.463898083578972775e-01
0.000000000000000000e+00 0.000000000000000000e+00 -7.597348308107466641e-01 6.502330250402282852e-01
0.000000000000000000e+00 0.000000000000000000e+00 -7.565510719893336899e-01 6.539346110061693418e-01
0.000000000000000000e+00 0.000000000000000000e+00 -7.071067811865474617e-01 7.071067811865475727e-01
0.000000000000000000e+00 0.000000000000000000e+00 -7.071067811865474617e-01 7.071067811865475727e-01
0.000000000000000000e+00 0.000000000000000000e+00 -7.071067811865474617e-01 7.071067811865475727e-01
0.000000000000000000e+00 0.000000000000000000e+00 -7.071067811865474617e-01 7.071067811865475727e-01
0.000000000000000000e+00 0.000000000000000000e+00 -7.071067811865474617e-01 7.071067811865475727e-01
0.000000000000000000e+00 0.000000000000000000e+00 -7.071067811865474617e-01 7.071067811865475727e-01
0.000000000000000000e+00 0.000000000000000000e+00 -7.071067811865474617e-01 7.071067811865475727e-01
0.000000000000000000e+00 0.000000000000000000e+00 -7.071067811865474617e-01 7.071067811865475727e-01
0.000000000000000000e+00 0.000000000000000000e+00 -7.531663399137519255e-01 6.578301182075221298e-01
0.000000000000000000e+00 0.000000000000000000e+00 -7.544442785505084403e-01 6.563640990809924691e-01
0.000000000000000000e+00 0.000000000000000000e+00 -7.561720325704001100e-01 6.543728731834393963e-01
0.000000000000000000e+00 0.000000000000000000e+00 -7.584026465731109612e-01 6.517863343695546874e-01
0.000000000000000000e+00 0.000000000000000000e+00 -7.610754169557285564e-01 6.486634024713154867e-01
0.000000000000000000e+00 0.000000000000000000e+00 -7.639068264281541065e-01 6.453265534103381773e-01
0.000000000000000000e+00 0.000000000000000000e+00 -7.668282588454308213e-01 6.418523361615854350e-01
0.000000000000000000e+00 0.000000000000000000e+00 -7.696692342281895582e-01 6.384428477809052094e-01
0.000000000000000000e+00 0.000000000000000000e+00 -7.722920086711257959e-01 6.352677021088968257e-01
0.000000000000000000e+00 0.000000000000000000e+00 -7.745870404003959431e-01 6.324673247241753282e-01
0.000000000000000000e+00 0.000000000000000000e+00 -7.763577116567386138e-01 6.302925539391309728e-01
0.000000000000000000e+00 0.000000000000000000e+00 -7.777881752043809271e-01 6.285264946780201312e-01
0.000000000000000000e+00 0.000000000000000000e+00 -7.790160585246278524e-01 6.270039717264584977e-01
0.000000000000000000e+00 0.000000000000000000e+00 -7.801821647189330911e-01 6.255523877777781072e-01
0.000000000000000000e+00 0.000000000000000000e+00 -7.812320387915371311e-01 6.242407400719839350e-01
0.000000000000000000e+00 0.000000000000000000e+00 -7.825159819378617598e-01 6.226304987806363656e-01
0.000000000000000000e+00 0.000000000000000000e+00 -7.839199123487955445e-01 6.208619581058714143e-01
0.000000000000000000e+00 0.000000000000000000e+00 -7.852703004119677699e-01 6.191530951960895202e-01
0.000000000000000000e+00 0.000000000000000000e+00 -7.865586737148766439e-01 6.175155486333071542e-01
0.000000000000000000e+00 0.000000000000000000e+00 -7.878271787765522838e-01 6.158963682154476871e-01
0.000000000000000000e+00 0.000000000000000000e+00 -7.890678187903503726e-01 6.143060941822396925e-01
0.000000000000000000e+00 0.000000000000000000e+00 -7.902895604572973687e-01 6.127335559867859160e-01
0.000000000000000000e+00 0.000000000000000000e+00 -7.914613423700720407e-01 6.112192270648589831e-01
0.000000000000000000e+00 0.000000000000000000e+00 -7.926020137008944477e-01 6.097393278092589908e-01
0.000000000000000000e+00 0.000000000000000000e+00 -7.937972481367367994e-01 6.081824798944341914e-01
0.000000000000000000e+00 0.000000000000000000e+00 -7.948911042881908751e-01 6.067521176918133641e-01
0.000000000000000000e+00 0.000000000000000000e+00 -7.958601349268461522e-01 6.054805080547367435e-01
0.000000000000000000e+00 0.000000000000000000e+00 -7.966775029378055928e-01 6.044046296255372042e-01
0.000000000000000000e+00 0.000000000000000000e+00 -7.972728426209225727e-01 6.036190971292688667e-01
0.000000000000000000e+00 0.000000000000000000e+00 -7.976109116361301821e-01 6.031723084152498249e-01
0.000000000000000000e+00 0.000000000000000000e+00 -7.977267033066879343e-01 6.030191595890163070e-01
0.000000000000000000e+00 0.000000000000000000e+00 -7.975883261463267981e-01 6.032021734005115210e-01
0.000000000000000000e+00 0.000000000000000000e+00 -7.970784062121725189e-01 6.038758269298938330e-01
0.000000000000000000e+00 0.000000000000000000e+00 -7.963898212511187902e-01 6.047836411540999935e-01
0.000000000000000000e+00 0.000000000000000000e+00 -7.957600659141903510e-01 6.056120189496270179e-01
0.000000000000000000e+00 0.000000000000000000e+00 -7.950859547773220237e-01 6.064967638131585348e-01
0.000000000000000000e+00 0.000000000000000000e+00 -7.945588494367608057e-01 6.071871497172274257e-01
0.000000000000000000e+00 0.000000000000000000e+00 -7.942066894726705906e-01 6.076477058270368659e-01
0.000000000000000000e+00 0.000000000000000000e+00 -7.940319909302767654e-01 6.078759720364845798e-01
0.000000000000000000e+00 0.000000000000000000e+00 -7.940372757548339600e-01 6.078690687243774038e-01
0.000000000000000000e+00 0.000000000000000000e+00 -7.942722903481065355e-01 6.075619546887158773e-01
0.000000000000000000e+00 0.000000000000000000e+00 -7.947054018340099502e-01 6.069953247726416201e-01
0.000000000000000000e+00 0.000000000000000000e+00 -7.951395301732536725e-01 6.064265228004604991e-01
0.000000000000000000e+00 0.000000000000000000e+00 -7.955433944841950877e-01 6.058966145247589585e-01
0.000000000000000000e+00 0.000000000000000000e+00 -7.960239909656431356e-01 6.052650706980616802e-01
0.000000000000000000e+00 0.000000000000000000e+00 -7.965363311532476231e-01 6.045906657838209242e-01
0.000000000000000000e+00 0.000000000000000000e+00 -7.970894877307008741e-01 6.038611997381589935e-01
0.000000000000000000e+00 0.000000000000000000e+00 -7.976488750653192294e-01 6.031221038123465439e-01
0.000000000000000000e+00 0.000000000000000000e+00 -7.982465533378022560e-01 6.023308393933679561e-01
0.000000000000000000e+00 0.000000000000000000e+00 -7.988559810885659251e-01 6.015223366418115392e-01
0.000000000000000000e+00 0.000000000000000000e+00 -7.995234898491689890e-01 6.006348218172217202e-01
0.000000000000000000e+00 0.000000000000000000e+00 -8.001800258672352451e-01 5.997598904587657653e-01
0.000000000000000000e+00 0.000000000000000000e+00 -8.006992520032820693e-01 5.990665303965700961e-01
0.000000000000000000e+00 0.000000000000000000e+00 -8.011367992634235158e-01 5.984812686007451310e-01
0.000000000000000000e+00 0.000000000000000000e+00 -8.016261749148830829e-01 5.978256231471961168e-01
0.000000000000000000e+00 0.000000000000000000e+00 -8.024766590229044372e-01 5.966835105174578269e-01
0.000000000000000000e+00 0.000000000000000000e+00 -8.037002159191198869e-01 5.950344216358917082e-01
0.000000000000000000e+00 0.000000000000000000e+00 -8.055843593616537346e-01 5.924810882651647681e-01
0.000000000000000000e+00 0.000000000000000000e+00 -8.080348476972197824e-01 5.891346916511799314e-01
0.000000000000000000e+00 0.000000000000000000e+00 -8.107164003516525996e-01 5.854390815455173813e-01
0.000000000000000000e+00 0.000000000000000000e+00 -8.135661901951842800e-01 5.814723159113368567e-01
0.000000000000000000e+00 0.000000000000000000e+00 -8.165134066514847522e-01 5.773264732873307770e-01
0.000000000000000000e+00 0.000000000000000000e+00 -8.193696785689335016e-01 5.732654968178728661e-01
0.000000000000000000e+00 0.000000000000000000e+00 -8.221185520426067539e-01 5.693163324438950124e-01
0.000000000000000000e+00 0.000000000000000000e+00 -8.246100988143406640e-01 5.657014980830465944e-01
0.000000000000000000e+00 0.000000000000000000e+00 -8.266209608373304984e-01 5.627590844263364867e-01
0.000000000000000000e+00 0.000000000000000000e+00 -8.282097603646433326e-01 5.604182302858645714e-01
0.000000000000000000e+00 0.000000000000000000e+00 -8.296338346958097576e-01 5.583078902612123029e-01
0.000000000000000000e+00 0.000000000000000000e+00 -8.310400418013685897e-01 5.562125932795656258e-01
0.000000000000000000e+00 0.000000000000000000e+00 -8.324906323370876438e-01 5.540391205239897365e-01
0.000000000000000000e+00 0.000000000000000000e+00 -8.337819870831701952e-01 5.520938308074457845e-01
0.000000000000000000e+00 0.000000000000000000e+00 -8.354241197329673740e-01 5.496058043438011298e-01
0.000000000000000000e+00 0.000000000000000000e+00 -8.377527503696958755e-01 5.460497497920954180e-01
0.000000000000000000e+00 0.000000000000000000e+00 -8.409011802894531540e-01 5.411886962860593675e-01
0.000000000000000000e+00 0.000000000000000000e+00 -8.449802079512028774e-01 5.347975768183155232e-01
0.000000000000000000e+00 0.000000000000000000e+00 -8.499443190940821902e-01 5.268725220010028742e-01
0.000000000000000000e+00 0.000000000000000000e+00 -8.556368754614764871e-01 5.175766004665605102e-01
0.000000000000000000e+00 0.000000000000000000e+00 -8.615645949731143283e-01 5.076479574358724323e-01
0.000000000000000000e+00 0.000000000000000000e+00 8.668605249999373763e-01 -4.985507298127574427e-01
0.000000000000000000e+00 0.000000000000000000e+00 8.713681215489091914e-01 -4.906297960258073076e-01
0.000000000000000000e+00 0.000000000000000000e+00 8.749891078123493982e-01 -4.841426042084592818e-01
0.000000000000000000e+00 0.000000000000000000e+00 8.767029565110450173e-01 -4.810321465814865194e-01
0.000000000000000000e+00 0.000000000000000000e+00 8.769367794392706195e-01 -4.806057478502311908e-01
0.000000000000000000e+00 0.000000000000000000e+00 8.760197409703829319e-01 -4.822752465451478621e-01
0.000000000000000000e+00 0.000000000000000000e+00 8.746173681189849392e-01 -4.848138399268527299e-01
0.000000000000000000e+00 0.000000000000000000e+00 8.728603096842790787e-01 -4.879701627946779197e-01
0.000000000000000000e+00 0.000000000000000000e+00 8.712996045579847193e-01 -4.907514636729059521e-01
0.000000000000000000e+00 0.000000000000000000e+00 8.703834371891283617e-01 -4.923745243885377376e-01
0.000000000000000000e+00 0.000000000000000000e+00 8.702657664675473859e-01 -4.925824760531502533e-01
0.000000000000000000e+00 0.000000000000000000e+00 8.701133965280142268e-01 -4.928515772344475021e-01
0.000000000000000000e+00 0.000000000000000000e+00 8.699536018226072809e-01 -4.931335829933634618e-01
0.000000000000000000e+00 0.000000000000000000e+00 8.698174470135431324e-01 -4.933737010328398398e-01
0.000000000000000000e+00 0.000000000000000000e+00 8.697942532010822791e-01 -4.934145894664764831e-01
0.000000000000000000e+00 0.000000000000000000e+00 8.700528919738478306e-01 -4.929583807665144923e-01
0.000000000000000000e+00 0.000000000000000000e+00 8.705111683173423209e-01 -4.921486623315923792e-01
0.000000000000000000e+00 0.000000000000000000e+00 8.710497674632700082e-01 -4.911947705362742500e-01
0.000000000000000000e+00 0.000000000000000000e+00 8.712604160383513596e-01 -4.908210340283705730e-01
0.000000000000000000e+00 0.000000000000000000e+00 8.710150021910018081e-01 -4.912564156916518487e-01
0.000000000000000000e+00 0.000000000000000000e+00 8.705669528477426589e-01 -4.920499777557116317e-01
0.000000000000000000e+00 0.000000000000000000e+00 8.699274997873031046e-01 -4.931796276346092633e-01
0.000000000000000000e+00 0.000000000000000000e+00 8.686091374915966279e-01 -4.954978973377229812e-01
0.000000000000000000e+00 0.000000000000000000e+00 8.673408429185153201e-01 -4.977146393320164841e-01
0.000000000000000000e+00 0.000000000000000000e+00 8.668016079613215519e-01 -4.986531584535160988e-01
0.000000000000000000e+00 0.000000000000000000e+00 8.676103806147705821e-01 -4.972446354154995141e-01
0.000000000000000000e+00 0.000000000000000000e+00 8.702944453231935551e-01 -4.925318044955014352e-01
0.000000000000000000e+00 0.000000000000000000e+00 8.743269055290868730e-01 -4.853374725569120085e-01
0.000000000000000000e+00 0.000000000000000000e+00 8.793374956191400971e-01 -4.761990852555879616e-01
0.000000000000000000e+00 0.000000000000000000e+00 8.850238958465158623e-01 -4.655455979607749373e-01
0.000000000000000000e+00 0.000000000000000000e+00 8.910224714621456377e-01 -4.539592000934554172e-01
0.000000000000000000e+00 0.000000000000000000e+00 8.971455210156757953e-01 -4.417351176004820079e-01
0.000000000000000000e+00 0.000000000000000000e+00 9.034527178222876431e-01 -4.286877496028104750e-01
0.000000000000000000e+00 0.000000000000000000e+00 9.096450695225947181e-01 -4.153863833748451251e-01
0.000000000000000000e+00 0.000000000000000000e+00 9.156061913108392014e-01 -4.020762395780916876e-01
0.000000000000000000e+00 0.000000000000000000e+00 9.212790411675256808e-01 -3.889022091804628101e-01
0.000000000000000000e+00 0.000000000000000000e+00 9.265206809729181758e-01 -3.762438407861050105e-01
0.000000000000000000e+00 0.000000000000000000e+00 9.313435905536904258e-01 -3.641416157685905541e-01
0.000000000000000000e+00 0.000000000000000000e+00 9.358675042616981798e-01 -3.523521171597813750e-01
0.000000000000000000e+00 0.000000000000000000e+00 9.401077552155048256e-01 -3.408774099051803952e-01
0.000000000000000000e+00 0.000000000000000000e+00 9.440780180408628874e-01 -3.297221494713936663e-01
0.000000000000000000e+00 0.000000000000000000e+00 9.478937765739083865e-01 -3.185865476325912549e-01
0.000000000000000000e+00 0.000000000000000000e+00 9.516831041463741370e-01 -3.070818608812990735e-01
0.000000000000000000e+00 0.000000000000000000e+00 9.554430707565133574e-01 -2.951754368902742010e-01
0.000000000000000000e+00 0.000000000000000000e+00 9.592012271986292138e-01 -2.827242574322968993e-01
0.000000000000000000e+00 0.000000000000000000e+00 9.629234641021802155e-01 -2.697747250604795033e-01
0.000000000000000000e+00 0.000000000000000000e+00 9.666053196555977056e-01 -2.562696939037071853e-01
0.000000000000000000e+00 0.000000000000000000e+00 9.699944029577971527e-01 -2.431272469933112301e-01
0.000000000000000000e+00 0.000000000000000000e+00 9.725937590568503044e-01 -2.325110316601461391e-01
0.000000000000000000e+00 0.000000000000000000e+00 9.742488205429451487e-01 -2.254755766611543921e-01
0.000000000000000000e+00 0.000000000000000000e+00 9.748444844955633792e-01 -2.228861392024621135e-01
0.000000000000000000e+00 0.000000000000000000e+00 9.744297358558167144e-01 -2.246924339624349343e-01
0.000000000000000000e+00 0.000000000000000000e+00 9.731015140359804416e-01 -2.303767422742203363e-01
0.000000000000000000e+00 0.000000000000000000e+00 9.711029496332114208e-01 -2.386609754729003552e-01
0.000000000000000000e+00 0.000000000000000000e+00 9.690511847933840350e-01 -2.468598818166669595e-01
0.000000000000000000e+00 0.000000000000000000e+00 9.672877937982146124e-01 -2.536815404576821531e-01
0.000000000000000000e+00 0.000000000000000000e+00 9.660842562125984134e-01 -2.582270510580765288e-01
0.000000000000000000e+00 0.000000000000000000e+00 9.655615963385180134e-01 -2.601745638532190763e-01
0.000000000000000000e+00 0.000000000000000000e+00 9.657276531752616577e-01 -2.595575078717655138e-01
0.000000000000000000e+00 0.000000000000000000e+00 9.667548284199188879e-01 -2.557051069626362638e-01
0.000000000000000000e+00 0.000000000000000000e+00 9.686426042035047868e-01 -2.484582566988919050e-01
0.000000000000000000e+00 0.000000000000000000e+00 9.709221705756259091e-01 -2.393953606165231673e-01
0.000000000000000000e+00 0.000000000000000000e+00 9.732584788691468480e-01 -2.297127190847611244e-01
0.000000000000000000e+00 0.000000000000000000e+00 9.754889914114509564e-01 -2.200482393364468492e-01
0.000000000000000000e+00 0.000000000000000000e+00 9.776276322499991567e-01 -2.103430832265716366e-01
0.000000000000000000e+00 0.000000000000000000e+00 9.795711134610693982e-01 -2.010980697884510171e-01
0.000000000000000000e+00 0.000000000000000000e+00 9.812577717662182009e-01 -1.926997284595813320e-01
0.000000000000000000e+00 0.000000000000000000e+00 9.828143223903305081e-01 -1.845968789130395526e-01
0.000000000000000000e+00 0.000000000000000000e+00 9.842977020834692281e-01 -1.765163835829467176e-01
0.000000000000000000e+00 0.000000000000000000e+00 9.855556592402788807e-01 -1.693518306350989266e-01
0.000000000000000000e+00 0.000000000000000000e+00 9.867359708285390330e-01 -1.623333726411810007e-01
0.000000000000000000e+00 0.000000000000000000e+00 9.880355414847656892e-01 -1.542263556040468220e-01
0.000000000000000000e+00 0.000000000000000000e+00 9.894218248398950477e-01 -1.450670621832953200e-01
0.000000000000000000e+00 0.000000000000000000e+00 9.907554603340498200e-01 -1.356599344621134406e-01
0.000000000000000000e+00 0.000000000000000000e+00 9.920551419112908498e-01 -1.258037972692736539e-01
0.000000000000000000e+00 0.000000000000000000e+00 9.933694693971422129e-01 -1.149656351682539907e-01
0.000000000000000000e+00 0.000000000000000000e+00 9.946535759925754228e-01 -1.032679222468525781e-01
0.000000000000000000e+00 0.000000000000000000e+00 9.958681060956088293e-01 -9.081142693265693844e-02
0.000000000000000000e+00 0.000000000000000000e+00 9.969993575518449891e-01 -7.740982522398831556e-02
0.000000000000000000e+00 0.000000000000000000e+00 9.980333592989975022e-01 -6.268503590457671915e-02
0.000000000000000000e+00 0.000000000000000000e+00 9.989526832069057782e-01 -4.575518237012475564e-02
0.000000000000000000e+00 0.000000000000000000e+00 9.996434711221221514e-01 -2.670076109242647613e-02
0.000000000000000000e+00 0.000000000000000000e+00 9.999806315326151829e-01 -6.223870149037149212e-03
0.000000000000000000e+00 0.000000000000000000e+00 9.998897156869792635e-01 1.485114350518981427e-02
0.000000000000000000e+00 0.000000000000000000e+00 9.993364306243670558e-01 3.642387166336850252e-02
0.000000000000000000e+00 0.000000000000000000e+00 9.982962490350341112e-01 5.834894311451685467e-02
0.000000000000000000e+00 0.000000000000000000e+00 9.967815681215925760e-01 8.016548791755039038e-02
0.000000000000000000e+00 0.000000000000000000e+00 9.947840223982994390e-01 1.020036704293513508e-01
0.000000000000000000e+00 0.000000000000000000e+00 9.922899146630824729e-01 1.239383929939887330e-01
0.000000000000000000e+00 0.000000000000000000e+00 9.893278887507848118e-01 1.457063091973535562e-01
0.000000000000000000e+00 0.000000000000000000e+00 9.858123583982226767e-01 1.678511067265693602e-01
0.000000000000000000e+00 0.000000000000000000e+00 9.815383974095510666e-01 1.912651939342078222e-01
0.000000000000000000e+00 0.000000000000000000e+00 9.764598202989127618e-01 2.156993726041294412e-01
0.000000000000000000e+00 0.000000000000000000e+00 9.705500047725281743e-01 2.408997472726894518e-01
0.000000000000000000e+00 0.000000000000000000e+00 9.636776592060255497e-01 2.670680983329818958e-01
0.000000000000000000e+00 0.000000000000000000e+00 9.556902462248361152e-01 2.943741722208524925e-01
0.000000000000000000e+00 0.000000000000000000e+00 9.464394301407874632e-01 3.228814102341313053e-01
0.000000000000000000e+00 0.000000000000000000e+00 9.361799730247719609e-01 3.515210635329514832e-01
0.000000000000000000e+00 0.000000000000000000e+00 9.253164594105145468e-01 3.791957936791883754e-01
0.000000000000000000e+00 0.000000000000000000e+00 9.141852876563065777e-01 4.052965085375840326e-01
0.000000000000000000e+00 0.000000000000000000e+00 9.035395614505512540e-01 4.285046801305039121e-01
0.000000000000000000e+00 0.000000000000000000e+00 8.939527256785795295e-01 4.481612703612822268e-01
0.000000000000000000e+00 0.000000000000000000e+00 8.863814905986092674e-01 4.629555627964605513e-01
0.000000000000000000e+00 0.000000000000000000e+00 8.803370529282585899e-01 4.743486831873663934e-01
0.000000000000000000e+00 0.000000000000000000e+00 8.755939617694906696e-01 4.830478383274348642e-01
0.000000000000000000e+00 0.000000000000000000e+00 8.722087422769175813e-01 4.891338363839876635e-01
0.000000000000000000e+00 0.000000000000000000e+00 8.699000119517985574e-01 4.932281107218653982e-01
0.000000000000000000e+00 0.000000000000000000e+00 8.679031803710054449e-01 4.967333988186156679e-01
0.000000000000000000e+00 0.000000000000000000e+00 8.663909584959209598e-01 4.993663054677591195e-01
-0.000000000000000000e+00 -0.000000000000000000e+00 8.653331336193664791e-01 5.011971347289284617e-01
-0.000000000000000000e+00 -0.000000000000000000e+00 8.647245664550365918e-01 5.022463779552311935e-01
-0.000000000000000000e+00 -0.000000000000000000e+00 8.642009435776040194e-01 5.031468266019164526e-01
-0.000000000000000000e+00 -0.000000000000000000e+00 8.628978316425892636e-01 5.053784049071722295e-01
-0.000000000000000000e+00 -0.000000000000000000e+00 8.604705938507458685e-01 5.095001051208377651e-01
-0.000000000000000000e+00 -0.000000000000000000e+00 8.572639541440205679e-01 5.148771823700855066e-01
-0.000000000000000000e+00 -0.000000000000000000e+00 8.537888576120669093e-01 5.206194258933118935e-01
-0.000000000000000000e+00 -0.000000000000000000e+00 8.502841481712810623e-01 5.263239186742694198e-01
-0.000000000000000000e+00 -0.000000000000000000e+00 8.471663192602597592e-01 5.313277966670137964e-01
-0.000000000000000000e+00 -0.000000000000000000e+00 8.446098296295834196e-01 5.353823266536597014e-01
-0.000000000000000000e+00 -0.000000000000000000e+00 8.429125428385941809e-01 5.380505971796473164e-01
-0.000000000000000000e+00 -0.000000000000000000e+00 8.419124280172807229e-01 5.396141802714665703e-01
-0.000000000000000000e+00 -0.000000000000000000e+00 8.417828580862930510e-01 5.398162834076717376e-01
-0.000000000000000000e+00 -0.000000000000000000e+00 8.428184817622988989e-01 5.381979253024797849e-01
-0.000000000000000000e+00 -0.000000000000000000e+00 8.441163442388365246e-01 5.361600482960867664e-01
-0.000000000000000000e+00 -0.000000000000000000e+00 8.451586315538136551e-01 5.345155633937006545e-01
-0.000000000000000000e+00 -0.000000000000000000e+00 8.460700253100916779e-01 5.330717702821829995e-01
-0.000000000000000000e+00 -0.000000000000000000e+00 8.460727706648631941e-01 5.330674129408792261e-01
-0.000000000000000000e+00 -0.000000000000000000e+00 8.445974130564809501e-01 5.354019143207279230e-01
-0.000000000000000000e+00 -0.000000000000000000e+00 8.415990726944152511e-01 5.401027687763695351e-01
-0.000000000000000000e+00 -0.000000000000000000e+00 8.372236045752030620e-01 5.468607098175037873e-01
-0.000000000000000000e+00 -0.000000000000000000e+00 8.317317940414608035e-01 5.551776497487745932e-01
-0.000000000000000000e+00 -0.000000000000000000e+00 8.263652291288543505e-01 5.631345381761058144e-01
-0.000000000000000000e+00 -0.000000000000000000e+00 8.217066474985695868e-01 5.699106819990843453e-01
-0.000000000000000000e+00 -0.000000000000000000e+00 8.181208375082205109e-01 5.750463418150295603e-01
-0.000000000000000000e+00 -0.000000000000000000e+00 8.160168703727351813e-01 5.780280851888485172e-01
-0.000000000000000000e+00 -0.000000000000000000e+00 8.153766168689985383e-01 5.789308876396787040e-01
-0.000000000000000000e+00 -0.000000000000000000e+00 8.157995407572415925e-01 5.783347726881669093e-01
-0.000000000000000000e+00 -0.000000000000000000e+00 8.174470795901439546e-01 5.760037083817646231e-01
-0.000000000000000000e+00 -0.000000000000000000e+00 8.199709511896613456e-01 5.724051355509679473e-01
-0.000000000000000000e+00 -0.000000000000000000e+00 8.230788307935077430e-01 5.679271417176611214e-01
-0.000000000000000000e+00 -0.000000000000000000e+00 8.267063650956495424e-01 5.626336160507465767e-01
-0.000000000000000000e+00 -0.000000000000000000e+00 8.307445818174421515e-01 5.566537880774397040e-01
-0.000000000000000000e+00 -0.000000000000000000e+00 8.350050688097392371e-01 5.502422512512489261e-01
-0.000000000000000000e+00 -0.000000000000000000e+00 8.392133305711951818e-01 5.438023407375164320e-01
-0.000000000000000000e+00 -0.000000000000000000e+00 8.433659112944474900e-01 5.373396874105671461e-01
-0.000000000000000000e+00 -0.000000000000000000e+00 8.477783891270654903e-01 5.303506414902482424e-01
-0.000000000000000000e+00 -0.000000000000000000e+00 8.526203464004932231e-01 5.225309033003723291e-01
-0.000000000000000000e+00 -0.000000000000000000e+00 8.578313777702809562e-01 5.139312476516108008e-01
-0.000000000000000000e+00 -0.000000000000000000e+00 8.636373163695565403e-01 5.041136635462190041e-01
0.000000000000000000e+00 0.000000000000000000e+00 8.703682390463423069e-01 4.924013895790396722e-01
0.000000000000000000e+00 0.000000000000000000e+00 8.782155819618375769e-01 4.782649805279819422e-01
0.000000000000000000e+00 0.000000000000000000e+00 8.869202670389813026e-01 4.619225475288060712e-01
0.000000000000000000e+00 0.000000000000000000e+00 8.965554174531586984e-01 4.429315787290314943e-01
0.000000000000000000e+00 0.000000000000000000e+00 9.073712727147202894e-01 4.203300767873608956e-01
0.000000000000000000e+00 0.000000000000000000e+00 9.181509621741396066e-01 3.962307543070094917e-01
0.000000000000000000e+00 0.000000000000000000e+00 9.278836312764763283e-01 3.728699060117081077e-01
0.000000000000000000e+00 0.000000000000000000e+00 9.365733763382892985e-01 3.504715548147909754e-01
0.000000000000000000e+00 0.000000000000000000e+00 9.439809727935534189e-01 3.299998833389740649e-01
0.000000000000000000e+00 0.000000000000000000e+00 9.502729626228619830e-01 3.114182019535285950e-01
0.000000000000000000e+00 0.000000000000000000e+00 9.558972595195892596e-01 2.937012584973701101e-01
0.000000000000000000e+00 0.000000000000000000e+00 9.609913205829666571e-01 2.765785273013900980e-01
0.000000000000000000e+00 0.000000000000000000e+00 9.656729543532351911e-01 2.597609386160564249e-01
0.000000000000000000e+00 0.000000000000000000e+00 9.699729018883608278e-01 2.432130128144303072e-01
0.000000000000000000e+00 0.000000000000000000e+00 9.741036440647123928e-01 2.261019474039267507e-01
0.000000000000000000e+00 0.000000000000000000e+00 9.779186856103575520e-01 2.089857515097875984e-01
0.000000000000000000e+00 0.000000000000000000e+00 9.814604798466554092e-01 1.916646198419858782e-01
0.000000000000000000e+00 0.000000000000000000e+00 9.846261351073480883e-01 1.746750527796293306e-01
0.000000000000000000e+00 0.000000000000000000e+00 9.875981169136304194e-01 1.570030556029120838e-01
0.000000000000000000e+00 0.000000000000000000e+00 9.902511521844923337e-01 1.392934154843130656e-01
0.000000000000000000e+00 0.000000000000000000e+00 9.926248744202407215e-01 1.212264768200462389e-01
0.000000000000000000e+00 0.000000000000000000e+00 9.947701767048120480e-01 1.021386094416653068e-01
0.000000000000000000e+00 0.000000000000000000e+00 9.964855543867613408e-01 8.376478913307763841e-02
0.000000000000000000e+00 0.000000000000000000e+00 9.975458421401265374e-01 7.001637543422126186e-02
0.000000000000000000e+00 0.000000000000000000e+00 9.981083941034244456e-01 6.147872494028497337e-02
0.000000000000000000e+00 0.000000000000000000e+00 9.982588775015194260e-01 5.898485813669818861e-02
0.000000000000000000e+00 0.000000000000000000e+00 9.981459421979957947e-01 6.086606668477222842e-02
0.000000000000000000e+00 0.000000000000000000e+00 9.978848817363517032e-01 6.500586744308019249e-02
0.000000000000000000e+00 0.000000000000000000e+00 9.975075382574087879e-01 7.055998242377931051e-02
0.000000000000000000e+00 0.000000000000000000e+00 9.971664625366918333e-01 7.522663087006135896e-02
0.000000000000000000e+00 0.000000000000000000e+00 9.969318535641187307e-01 7.827438501330064025e-02
0.000000000000000000e+00 0.000000000000000000e+00 9.968593961427263395e-01 7.919181979193895549e-02
0.000000000000000000e+00 0.000000000000000000e+00 9.969318980223338400e-01 7.827381877477816718e-02
0.000000000000000000e+00 0.000000000000000000e+00 9.971164801045878656e-01 7.588626426328415331e-02
0.000000000000000000e+00 0.000000000000000000e+00 9.974405342865600987e-01 7.150091301613957506e-02
0.000000000000000000e+00 0.000000000000000000e+00 9.978178503257172371e-01 6.602679434414898685e-02
0.000000000000000000e+00 0.000000000000000000e+00 9.981987674679456690e-01 5.999350486072700661e-02
0.000000000000000000e+00 0.000000000000000000e+00 9.985556242843507402e-01 5.372769500072141491e-02
0.000000000000000000e+00 0.000000000000000000e+00 9.988723333517713909e-01 4.747695930014637911e-02
0.000000000000000000e+00 0.000000000000000000e+00 9.991364304546480613e-01 4.154988975128797585e-02
0.000000000000000000e+00 0.000000000000000000e+00 9.993436090430966035e-01 3.622638630499183665e-02
0.000000000000000000e+00 0.000000000000000000e+00 9.994935260190478399e-01 3.182281329503997003e-02
0.000000000000000000e+00 0.000000000000000000e+00 9.996154692583425483e-01 2.772929172235600800e-02
0.000000000000000000e+00 0.000000000000000000e+00 9.997067506710392015e-01 2.421595884437966265e-02
0.000000000000000000e+00 0.000000000000000000e+00 9.997810167108134305e-01 2.092650531484185200e-02
0.000000000000000000e+00 0.000000000000000000e+00 9.998555355680397438e-01 1.699729372425153734e-02
0.000000000000000000e+00 0.000000000000000000e+00 9.999298513413814593e-01 1.184450912459659132e-02
0.000000000000000000e+00 0.000000000000000000e+00 9.999888090565975940e-01 4.730936648030092950e-03
0.000000000000000000e+00 0.000000000000000000e+00 9.999884889120227438e-01 -4.798129161379224156e-03
0.000000000000000000e+00 0.000000000000000000e+00 9.998671981476546788e-01 -1.629681160100598242e-02
0.000000000000000000e+00 0.000000000000000000e+00 9.995578826235034242e-01 -2.973279813973966901e-02
0.000000000000000000e+00 0.000000000000000000e+00 9.989717082423520411e-01 -4.533791053144353017e-02
0.000000000000000000e+00 0.000000000000000000e+00 9.980048979572339052e-01 -6.313654768334348022e-02
0.000000000000000000e+00 0.000000000000000000e+00 9.965819266025945922e-01 -8.261031151775598269e-02
0.000000000000000000e+00 0.000000000000000000e+00 9.946324918164625162e-01 -1.034707988901919090e-01
0.000000000000000000e+00 0.000000000000000000e+00 9.921043156224013115e-01 -1.254154174071385186e-01
0.000000000000000000e+00 0.000000000000000000e+00 9.890126245047898834e-01 -1.478310812046892964e-01
0.000000000000000000e+00 0.000000000000000000e+00 9.854442149621215341e-01 -1.699991152850156562e-01
0.000000000000000000e+00 0.000000000000000000e+00 9.816586634073430906e-01 -1.906469736379483582e-01
0.000000000000000000e+00 0.000000000000000000e+00 9.777778967945566224e-01 -2.096434700628982684e-01
0.000000000000000000e+00 0.000000000000000000e+00 9.739346031392802638e-01 -2.268289858195654818e-01
0.000000000000000000e+00 0.000000000000000000e+00 9.700750028713753803e-01 -2.428054546423968341e-01
0.000000000000000000e+00 0.000000000000000000e+00 9.660808526568751553e-01 -2.582397841730919574e-01
0.000000000000000000e+00 0.000000000000000000e+00 9.619897640777479442e-01 -2.730855064071304183e-01
0.000000000000000000e+00 0.000000000000000000e+00 9.580416727718570336e-01 -2.866289469549474500e-01
0.000000000000000000e+00 0.000000000000000000e+00 9.543364591509457817e-01 -2.987338660668306667e-01
0.000000000000000000e+00 0.000000000000000000e+00 9.507593492781561961e-01 -3.099300885041286202e-01
0.000000000000000000e+00 0.000000000000000000e+00 9.472873957251708443e-01 -3.203850650392799926e-01
0.000000000000000000e+00 0.000000000000000000e+00 9.441958269579697749e-01 -3.293846389180217771e-01
0.000000000000000000e+00 0.000000000000000000e+00 9.415003647558701783e-01 -3.370119629398389272e-01
0.000000000000000000e+00 0.000000000000000000e+00 9.392329401360689500e-01 -3.432804744860324386e-01
0.000000000000000000e+00 0.000000000000000000e+00 9.373534670952615722e-01 -3.483797894891325631e-01
0.000000000000000000e+00 0.000000000000000000e+00 9.362170838660234251e-01 -3.514222131246107494e-01
0.000000000000000000e+00 0.000000000000000000e+00 9.362251428777352835e-01 -3.514007425199386914e-01
0.000000000000000000e+00 0.000000000000000000e+00 9.372961881776138426e-01 -3.485338658261419864e-01
0.000000000000000000e+00 0.000000000000000000e+00 9.396427907255888723e-01 -3.421570192724784909e-01
0.000000000000000000e+00 0.000000000000000000e+00 9.432616181231163743e-01 -3.320504777526455120e-01
0.000000000000000000e+00 0.000000000000000000e+00 9.475376562110592316e-01 -3.196441616267260977e-01
0.000000000000000000e+00 0.000000000000000000e+00 9.517329649646456557e-01 -3.069272933442128704e-01
0.000000000000000000e+00 0.000000000000000000e+00 9.553195072304754287e-01 -2.955750989256733519e-01
0.000000000000000000e+00 0.000000000000000000e+00 9.580408532082081985e-01 -2.866316862876266414e-01
0.000000000000000000e+00 0.000000000000000000e+00 9.599360564559448195e-01 -2.802191419510969839e-01
0.000000000000000000e+00 0.000000000000000000e+00 9.614924824357136135e-01 -2.748312322491912041e-01
0.000000000000000000e+00 0.000000000000000000e+00 9.627912868089547604e-01 -2.702460694344269165e-01
0.000000000000000000e+00 0.000000000000000000e+00 9.638760041674865331e-01 -2.663513630340935134e-01
0.000000000000000000e+00 0.000000000000000000e+00 9.647886702041984508e-01 -2.630262759604339862e-01
0.000000000000000000e+00 0.000000000000000000e+00 9.654754747349677535e-01 -2.604939686159520318e-01
0.000000000000000000e+00 0.000000000000000000e+00 9.659369231291642377e-01 -2.587776275796713765e-01
0.000000000000000000e+00 0.000000000000000000e+00 9.661471694740961791e-01 -2.579915636550779712e-01
0.000000000000000000e+00 0.000000000000000000e+00 9.661193948642899931e-01 -2.580955537529812105e-01
0.000000000000000000e+00 0.000000000000000000e+00 9.660029178864039112e-01 -2.585311637597167977e-01
0.000000000000000000e+00 0.000000000000000000e+00 9.658975647873162540e-01 -2.589244954382111663e-01
0.000000000000000000e+00 0.000000000000000000e+00 9.659078934740965572e-01 -2.588859620072769263e-01
0.000000000000000000e+00 0.000000000000000000e+00 9.660020399447490913e-01 -2.585344441705656471e-01
0.000000000000000000e+00 0.000000000000000000e+00 9.659355065587057476e-01 -2.587829151415844686e-01
0.000000000000000000e+00 0.000000000000000000e+00 9.658974247421405757e-01 -2.589250178652130474e-01
0.000000000000000000e+00 0.000000000000000000e+00 9.658504273316854682e-01 -2.591002740700991125e-01
0.000000000000000000e+00 0.000000000000000000e+00 9.657113044833777193e-01 -2.596183283071767933e-01
0.000000000000000000e+00 0.000000000000000000e+00 9.651932347450464800e-01 -2.615377976553170392e-01
0.000000000000000000e+00 0.000000000000000000e+00 9.641119207750127318e-01 -2.654961472781020015e-01
0.000000000000000000e+00 0.000000000000000000e+00 9.625091668144918344e-01 -2.712491544651755571e-01
0.000000000000000000e+00 0.000000000000000000e+00 9.605646924760696814e-01 -2.780565977788579390e-01
0.000000000000000000e+00 0.000000000000000000e+00 9.583440951228352489e-01 -2.856161678602844867e-01
0.000000000000000000e+00 0.000000000000000000e+00 9.559517947737055099e-01 -2.935237061447189544e-01
0.000000000000000000e+00 0.000000000000000000e+00 9.536342160990820549e-01 -3.009680745279959546e-01
0.000000000000000000e+00 0.000000000000000000e+00 9.513174397097126089e-01 -3.082127980862529038e-01
0.000000000000000000e+00 0.000000000000000000e+00 9.488573649464451254e-01 -3.157050854625066960e-01
0.000000000000000000e+00 0.000000000000000000e+00 9.463861261810421199e-01 -3.230376141752544505e-01
0.000000000000000000e+00 0.000000000000000000e+00 9.436869031894731252e-01 -3.308398838542022102e-01
0.000000000000000000e+00 0.000000000000000000e+00 9.405571455290033800e-01 -3.396354751705615849e-01
0.000000000000000000e+00 0.000000000000000000e+00 9.370956581518371520e-01 -3.490726678973522512e-01
0.000000000000000000e+00 0.000000000000000000e+00 9.333169147900887141e-01 -3.590536680869729769e-01
0.000000000000000000e+00 0.000000000000000000e+00 9.292766967897443386e-01 -3.693843808332202827e-01
0.000000000000000000e+00 0.000000000000000000e+00 9.250833023472007088e-01 -3.797642475515534688e-01
0.000000000000000000e+00 0.000000000000000000e+00 9.207020303509768633e-01 -3.902662825656206258e-01
0.000000000000000000e+00 0.000000000000000000e+00 9.161669754584331749e-01 -4.007967977408835036e-01
0.000000000000000000e+00 0.000000000000000000e+00 9.114302683183745923e-01 -4.114545734259077436e-01
0.000000000000000000e+00 0.000000000000000000e+00 9.066624866265249327e-01 -4.218567711252320662e-01
0.000000000000000000e+00 0.000000000000000000e+00 9.019406912409484445e-01 -4.318599188206752038e-01
0.000000000000000000e+00 0.000000000000000000e+00 8.974291215272328648e-01 -4.411586696811692909e-01
0.000000000000000000e+00 0.000000000000000000e+00 8.929581277566706055e-01 -4.501397361634512650e-01
0.000000000000000000e+00 0.000000000000000000e+00 8.886587028961968615e-01 -4.585691984497530238e-01
